seed,n_samples,cor,model,r2_mean,r2_std,imp_V0,imp_std_V0,tr_V0,imp_V1,imp_std_V1,tr_V1,imp_V2,imp_std_V2,tr_V2,imp_V3,imp_std_V3,tr_V3,imp_V4,imp_std_V4,tr_V4,imp_V5,imp_std_V5,tr_V5,imp_V6,imp_std_V6,tr_V6,imp_V7,imp_std_V7,tr_V7,imp_V8,imp_std_V8,tr_V8,imp_V9,imp_std_V9,tr_V9,imp_V10,imp_std_V10,tr_V10,imp_V11,imp_std_V11,tr_V11,imp_V12,imp_std_V12,tr_V12,imp_V13,imp_std_V13,tr_V13,imp_V14,imp_std_V14,tr_V14,imp_V15,imp_std_V15,tr_V15,imp_V16,imp_std_V16,tr_V16,imp_V17,imp_std_V17,tr_V17,imp_V18,imp_std_V18,tr_V18,imp_V19,imp_std_V19,tr_V19,imp_V20,imp_std_V20,tr_V20,imp_V21,imp_std_V21,tr_V21,imp_V22,imp_std_V22,tr_V22,imp_V23,imp_std_V23,tr_V23,imp_V24,imp_std_V24,tr_V24,imp_V25,imp_std_V25,tr_V25,imp_V26,imp_std_V26,tr_V26,imp_V27,imp_std_V27,tr_V27,imp_V28,imp_std_V28,tr_V28,imp_V29,imp_std_V29,tr_V29,imp_V30,imp_std_V30,tr_V30,imp_V31,imp_std_V31,tr_V31,imp_V32,imp_std_V32,tr_V32,imp_V33,imp_std_V33,tr_V33,imp_V34,imp_std_V34,tr_V34,imp_V35,imp_std_V35,tr_V35,imp_V36,imp_std_V36,tr_V36,imp_V37,imp_std_V37,tr_V37,imp_V38,imp_std_V38,tr_V38,imp_V39,imp_std_V39,tr_V39,imp_V40,imp_std_V40,tr_V40,imp_V41,imp_std_V41,tr_V41,imp_V42,imp_std_V42,tr_V42,imp_V43,imp_std_V43,tr_V43,imp_V44,imp_std_V44,tr_V44,imp_V45,imp_std_V45,tr_V45,imp_V46,imp_std_V46,tr_V46,imp_V47,imp_std_V47,tr_V47,imp_V48,imp_std_V48,tr_V48,imp_V49,imp_std_V49,tr_V49,imp_V50,imp_std_V50,tr_V50,imp_V51,imp_std_V51,tr_V51,imp_V52,imp_std_V52,tr_V52,imp_V53,imp_std_V53,tr_V53,imp_V54,imp_std_V54,tr_V54,imp_V55,imp_std_V55,tr_V55,imp_V56,imp_std_V56,tr_V56,imp_V57,imp_std_V57,tr_V57,imp_V58,imp_std_V58,tr_V58,imp_V59,imp_std_V59,tr_V59,imp_V60,imp_std_V60,tr_V60,imp_V61,imp_std_V61,tr_V61,imp_V62,imp_std_V62,tr_V62,imp_V63,imp_std_V63,tr_V63,imp_V64,imp_std_V64,tr_V64,imp_V65,imp_std_V65,tr_V65,imp_V66,imp_std_V66,tr_V66,imp_V67,imp_std_V67,tr_V67,imp_V68,imp_std_V68,tr_V68,imp_V69,imp_std_V69,tr_V69,imp_V70,imp_std_V70,tr_V70,imp_V71,imp_std_V71,tr_V71,imp_V72,imp_std_V72,tr_V72,imp_V73,imp_std_V73,tr_V73,imp_V74,imp_std_V74,tr_V74,imp_V75,imp_std_V75,tr_V75,imp_V76,imp_std_V76,tr_V76,imp_V77,imp_std_V77,tr_V77,imp_V78,imp_std_V78,tr_V78,imp_V79,imp_std_V79,tr_V79,imp_V80,imp_std_V80,tr_V80,imp_V81,imp_std_V81,tr_V81,imp_V82,imp_std_V82,tr_V82,imp_V83,imp_std_V83,tr_V83,imp_V84,imp_std_V84,tr_V84,imp_V85,imp_std_V85,tr_V85,imp_V86,imp_std_V86,tr_V86,imp_V87,imp_std_V87,tr_V87,imp_V88,imp_std_V88,tr_V88,imp_V89,imp_std_V89,tr_V89,imp_V90,imp_std_V90,tr_V90,imp_V91,imp_std_V91,tr_V91,imp_V92,imp_std_V92,tr_V92,imp_V93,imp_std_V93,tr_V93,imp_V94,imp_std_V94,tr_V94,imp_V95,imp_std_V95,tr_V95,imp_V96,imp_std_V96,tr_V96,imp_V97,imp_std_V97,tr_V97,imp_V98,imp_std_V98,tr_V98,imp_V99,imp_std_V99,tr_V99
143,100,0.6,lr,0.8998844889682089,0.03775566643482287,0.07248224209576577,0.17852339640252882,0,1.532904539651232,0.9678022433929602,1,0.3265502006433899,0.19868904924255634,0,0.12579522955511063,0.34984111021113506,0,1.2034501953695487,1.389670296421588,1,0.05817269758055943,0.4542478863226521,0,0.0739613294019362,0.3099316698342986,0,0.8402738634744257,0.48803251179423207,1,0.1265602718388754,0.2468008146371189,0,-0.039029241262874804,0.12993235188436872,0,1.8802906614184747,1.428050789229465,1,-0.03684463878372547,0.13361784691068648,0,-0.09558194647387615,0.12040726282770199,0,2.303949729364309,1.4214097896326598,1,0.030357411061444593,0.14239851937227052,0,0.06365495096903369,0.2488616787886838,0,2.6162905271908765,0.6461555577015189,1,-0.014364461139240841,0.25377894364626463,0,0.3887209058896284,0.23601661243270455,0,2.9821421176008025,0.9348823193754875,1,0.20066103274469405,0.20454463604875797,0,-0.019497173019856588,0.049127646550809624,0,0.8697495425542379,0.7295739490697158,1,0.07756569432417024,0.2786106560019601,0,0.04425234364053622,0.19112457463695837,0,2.996556068118358,1.9306981829907368,1,0.3954949805346241,0.22088352796477406,0,-0.06664371610674762,0.41741643285331403,0,0.8591626456723329,0.7085411724245098,1,-0.16777534681744258,0.5769091349789658,0,0.12959479492553835,0.41441885479170293,0,3.6554324396079516,3.010024049788457,1,0.6276967987885296,0.28084266629143473,0,0.35530647480676636,0.624309092639853,0,0.7471653755076282,1.2445094748810284,1,0.13197947847718017,0.4356103137682019,0,-0.19728786345484334,0.38184459762197825,0,2.8052327283659504,2.179815195716412,1,-0.13297774719237737,0.5296648566098575,0,0.23451569927671678,0.37761454017477114,0,2.199524086096614,1.832751056939232,1,0.15013873703411723,0.5166158906586822,0,0.027495879150191926,0.3233735758526171,0,0.7680295847753298,0.5686431924456573,1,-0.0617138502505075,0.24544866316131045,0,0.06716266641850359,0.14121311827391356,0,1.3878342112233732,0.8131224419361404,1,0.15249694452090368,0.141667054594361,0,0.07061487063539136,0.19465086981079213,0,1.8046390548561955,0.8263404696764605,1,-0.11820265626428665,0.36713533619382144,0,0.3249385738755051,0.33157134901677865,0,1.5936458441880006,0.21131471226984444,1,0.19707483571039272,0.27164164684525505,0,0.063563298792041,0.1462226322365316,0,1.8699688316404064,1.9351024543863764,1,0.0044195258958199726,0.047629774919364584,0,0.11762919587304162,0.09132983987394015,0,1.1162382920212846,0.28276750782355425,1,0.42760362670478147,0.8404616108344284,0,0.10012486022567338,0.17140139312747654,0,2.597978629463484,1.2321256708994344,1,0.18498941746507272,0.2930492768712312,0,0.030818108602301768,0.11482962627206506,0,1.9059248362775179,0.7772550532693411,1,0.03727005068290477,0.10904251653312964,0,0.4722372539813221,0.7195374584319544,0,0.543569449723378,0.30246663274486457,1,0.07235740661400628,0.11304459169726094,0,-0.10370335819602554,0.24891000894826482,0,1.437982763616794,1.1453351053826795,1,0.017071694093638255,0.15490755117526245,0,0.061433359710688584,0.1985393529814772,0,2.817137907360441,0.5725019886654802,1,0.25266346405384116,0.19375999835927304,0,0.07357154547607195,0.19136312713436296,0,2.602751892657944,1.461594741248213,1,0.05306661555216523,0.08042036513926004,0,0.10111785770822805,0.08713042227042676,0,2.6637666986700825,1.360283055123887,1,-0.09998005225569082,0.2857363770847219,0,-0.048161630991518475,0.05628609907319798,0,2.9907799992486943,1.563504813134467,1,0.1872498711612647,0.45322205955508976,0,0.13612862067170908,0.20519357964297552,0,0.6379492305493424,0.4423946160704807,1,0.08686137696324137,0.2677082548795454,0,0.06520611328882105,0.20148266219476788,0,2.357967772841021,1.444268461206755,1,0.1240978229425447,0.1546273566943755,0,0.10824274029487302,0.10053432829764669,0,1.6743570348880301,1.0983399547631498,1,0.39221723809548453,0.27341169666608645,0,0.32546591811956693,0.23171425963416756,0,1.1247823852621393,0.5338512817463243,1,-0.1501041598129456,0.3602436220791192,0,0.6286171867267581,0.7864687819147467,0,0.14250698291991434,0.5332709040835026,1,-0.07279613441728398,0.27593662111041584,0,0.028714492604705377,0.1930010541896126,0
143,100,0.6,lasso,0.34225156141578045,0.0815365356697918,0.0,0.0,0,0.1635979343069586,0.1827650998958076,1,0.15581207537103156,0.24499135046448475,0,0.17885453645853153,0.266690057445102,0,0.4847867252484083,0.40180610184410753,1,0.0,0.0,0,0.0,0.0,0,0.0,0.0,1,0.0,0.0,0,0.0,0.0,0,0.01980151706110959,0.024322884337247646,1,0.0,0.0,0,0.0,0.0,0,0.0,0.0,1,-0.4342369958015702,0.8964097081574713,0,0.0,0.0,0,0.7346616735688332,0.8182261778655745,1,0.0,0.0,0,0.13943727436457612,0.8252660389686818,0,1.0923729428440911,1.627909174035965,1,0.0,0.0,0,0.0110584000040175,0.035352042899590194,0,0.08166900838662088,0.16333801677324175,1,0.0,0.0,0,1.3140868144398945,1.331090506077198,0,1.6345066461932685,2.5625784301451193,1,-0.11613940214804752,0.19775987191030994,0,0.8023860079744365,0.8859250283837791,0,0.0,0.0,1,0.04741706746948907,0.09483413493897816,0,0.0,0.0,0,0.6977271468572775,1.3972838002884183,1,0.0,0.0,0,0.0,0.0,0,-0.006083869808152201,0.0121677396163044,1,0.0,0.0,0,0.0,0.0,0,0.0671933111645312,0.09883399655657378,1,0.0,0.0,0,-0.30935401418492864,0.6187080283698573,0,3.2579061276315655,1.6556584278119628,1,0.0,0.0,0,0.0,0.0,0,0.0,0.0,1,0.0,0.0,0,0.0,0.0,0,0.0,0.0,1,0.0,0.0,0,0.6664437489497917,0.593375845920554,0,0.042168795062886635,0.09823309687434535,1,0.0,0.0,0,0.0,0.0,0,1.5718450296045279,0.6049296134445646,1,0.0,0.0,0,0.05634214293541319,0.4139781320318874,0,0.0,0.0,1,0.07028739939822769,0.2953680972879883,0,0.0,0.0,0,0.12775759307054974,0.15872467884388142,1,0.010438215735998497,0.014779138519673113,0,0.0,0.0,0,-0.39272603728082295,0.7981309310480472,1,0.0,0.0,0,-0.01383427927003612,0.02766855854007224,0,0.0,0.0,1,0.0,0.0,0,-0.023993750391837976,0.033295420788585765,0,0.0021770104164056366,0.004354020832811273,1,0.0,0.0,0,0.1229863051883406,0.1501202670162568,0,2.960912811932298,1.755759866839289,1,0.0,0.0,0,0.0,0.0,0,0.08247473176247294,0.16494946352494588,1,-0.00775996563407082,0.2631158576870517,0,0.0,0.0,0,0.40676879714771885,0.7043364910057448,1,0.0,0.0,0,0.0,0.0,0,0.8996930859667686,0.5257402639776908,1,0.14021228819139203,0.25245453091222075,0,0.0,0.0,0,0.26087602854506786,0.31950793745848116,1,0.0,0.0,0,0.03238454711010617,0.03506343453978718,0,0.0,0.0,1,0.19553949740923304,0.26306314685676885,0,0.0,0.0,0,0.28082636571483327,0.44711826087075857,1,0.0,0.0,0,-0.03247877841261257,0.06495755682522514,0,0.5380263075347804,0.5591010380523826,1,0.005949430071961892,0.24652592831500478,0,0.0,0.0,0,5.283474573545211,1.9426369473294944,1,0.0,0.0,0,0.0,0.0,0,0.0,0.0,1,0.0,0.0,0,0.0,0.0,0
143,100,0.6,dt,-0.6790388584443839,0.4278448497685829,-1.6707823413135983,3.3415646826271965,0,0.0,0.0,1,-0.24575472168858115,0.49150944337716224,0,-0.07032606157839405,0.14065212315678807,0,-0.7184020888441893,1.4368041776883786,1,0.1003811034859956,0.2007622069719912,0,-0.30310777015657747,0.6645924187957272,0,-0.14831194051054855,0.2966238810210971,1,0.0,0.0,0,0.0,0.0,0,-0.09773859094796811,0.5757810395690972,1,-0.10531820196823811,0.20778253994603843,0,0.0,0.0,0,0.0,0.0,1,0.0,0.0,0,0.0,0.0,0,1.3104675173116163,1.7421468529437165,1,-0.1816472927818859,3.518511171909308,0,1.2088954336664954,2.180771792417873,0,2.5148782727580885,7.608630809229411,1,2.7790147635507445,5.55802952710149,0,-0.025849275135984607,0.947737915627745,0,1.253187164590513,3.9567722402364915,1,-2.908069278803274,5.786553126740802,0,0.7889983338016712,1.5779966676033423,0,1.8352292971977548,1.7391762245185407,1,-0.20653088903192374,0.4130617780638474,0,2.36990475086247,6.507162014823975,0,-0.7183943710520497,1.3882937030933173,1,0.07502886051853142,0.09598299746884509,0,0.0,0.0,0,0.08794537155269687,0.23926647603526288,1,-0.18588001581857627,0.8612402877170007,0,-0.33616814290256813,0.6723362858051363,0,-0.17091458619992367,0.43969421338134906,1,1.09648399228694,2.19296798457388,0,0.0412238053275625,0.082447610655125,0,0.03984660737969557,0.07969321475939115,1,0.03557720870317758,0.07115441740635514,0,-0.17677790626044657,0.3535558125208931,0,0.07149913772868484,2.077326422784073,1,0.27210410565308635,0.5442082113061727,0,-0.3938863447290028,0.7877726894580056,0,-0.5068281696232824,0.9992505092907895,1,0.040035600326927975,0.08007120065385596,0,0.07888858934957454,0.1577771786991491,0,-0.5144571555376333,0.6495983220488943,1,0.11070933667862279,0.39734358155217336,0,0.27642729856126824,0.34484608618048074,0,0.3132197749995388,1.1144709194085387,1,-0.20442536880875792,0.39876937536614077,0,0.05270137274696259,0.10540274549392518,0,6.079635278943821,8.057531944167867,1,0.10981882759447717,0.15468113909824605,0,0.5859528087612762,1.08860486912432,0,0.1927892321015301,0.3855784642030602,1,-1.443995709779958,2.431803437514715,0,0.08179871698845176,2.4223063076712616,0,-0.09425761574952521,0.13465222976590363,1,1.5040590218501384,3.008118043700277,0,2.462133122872662,4.8689321398449295,0,-2.579450603259586,5.020201978863981,1,-0.00032779911204954714,0.0006555982240990943,0,-0.02179709544201751,0.04350535896088841,0,0.28016302945629123,0.5603260589125825,1,-3.7831792447187818,7.5663584894375635,0,-0.34831187769498995,0.6966237553899799,0,1.0739364255881172,1.8340535678198386,1,-0.3723288576117302,0.7446577152234604,0,-0.15240172329780388,0.18665515070413502,0,-0.5492375178733495,6.4017562787655296,1,0.018919669918081583,0.024972950113281964,0,0.0,0.0,0,0.0,0.0,1,-0.8114144690033378,2.3214424325919985,0,0.047647186527066655,0.09529437305413331,0,-0.6934092709283097,0.9281539584721865,1,0.0,0.0,0,0.6041353505699053,1.2158170493031144,0,0.5163826786187814,1.583105739623284,1,-0.14162169697061716,0.38668727018188526,0,-0.05138118015615567,0.10276236031231135,0,0.10255424702269614,0.20510849404539228,1,0.0,0.0,0,2.6559013499752884,5.311802699950577,0,-0.03261776232756199,0.1459147776637949,1,-0.45069867088863075,0.8948016937157083,0,0.0,0.0,0,0.4579736650626751,0.9159473301253502,1,0.7106541863348241,1.4157739783725583,0,1.2137840452185127,2.0867121521274288,0,0.42868793018978923,0.9349287207851448,1,0.07343728548655384,0.09103541563357678,0,-1.3860019841387903,2.7720039682775806,0,-0.35604667282820923,0.6063901983183082,1,-0.08880331308312531,0.17760662616625064,0,-0.06856288669038949,1.8645909897873498,0,0.0,0.0,1,1.0698068930422437,2.1396137860844875,0,-0.026449532882938796,0.0528990657658776,0
143,100,0.6,rf,0.24113740971326872,0.12422245244289619,0.013659990738765341,0.16493462275252402,0,0.10463854973985716,0.15393964826451095,1,0.15535673857067206,0.21497704543788956,0,0.4455024073127979,0.1836821446594985,0,0.09571317756209397,0.15736791733014618,1,0.16223770611822305,0.18210503703138184,0,0.051840029957395714,0.14456202083724307,0,0.05768010142581461,0.11099932632267048,1,0.06165580250377954,0.06317141066845063,0,0.02845174025096176,0.06906822490205851,0,0.18567435589997022,0.27673031069713616,1,-0.002616255284886547,0.05221725936325579,0,-0.0201826744022106,0.24139302718629532,0,0.0323482723066274,0.11345936875870417,1,-0.03802179136571673,0.04756457189390927,0,0.004548132089649631,0.08369367130714953,0,0.14731823373908942,0.29219206500595574,1,0.14324785172500043,0.09670418173041086,0,0.025846847710196675,0.4455903559781317,0,0.2757164050451071,1.0870006141452422,1,-0.0003422724858904047,0.08348884523104769,0,0.3741200907387425,0.30610034674195374,0,0.4825800113270195,0.47826268037985326,1,-0.07589769872223144,0.5815003826453126,0,0.6729877414672646,0.9642462780173288,0,-0.5617818242755961,2.9006009257138037,1,-0.36908686473178787,1.792182872248649,0,0.4870854831846837,0.4206478411382524,0,0.31729545114272784,0.6471644606895558,1,0.09510394040930123,0.3067187570800637,0,-0.049886773291861045,0.10332991553477892,0,0.268581064285583,0.22234142716732702,1,0.05178059615835793,0.13024841392715517,0,-0.2380579042381023,0.17753438917354913,0,-0.01602263020181347,0.09012941723402909,1,-0.029514662220240566,0.09218870085340237,0,0.0895213197345454,0.04405489207642361,0,0.35706250826004926,0.2736976803317983,1,-0.1182399253772973,0.1353458621519394,0,0.04954015592516736,0.6837283259202059,0,0.4873603966220724,0.6483916333080149,1,-0.013466931925367775,0.22360225658821195,0,0.04461451991668889,0.20580120556592815,0,0.013491048659672827,0.09632433633098095,1,0.01080984810361838,0.13797074671729997,0,-0.05416014659553681,0.15061839795149112,0,-0.025047744174000925,0.12594931596562026,1,0.19247829144516518,0.6327252986947657,0,0.2613077405361568,0.2174558936019976,0,0.13708413046245901,0.15258979180251203,1,-0.03635729789742,0.099636923666876,0,0.08714513722991021,0.1405203359518423,0,1.0832762020632083,0.40752758048289617,1,-0.02510146175287007,0.0411590063136026,0,-0.0019837905455484693,0.5279120719937067,0,0.07143487533943106,0.1039366512909521,1,0.06882244980941182,0.10251638221066611,0,-0.05024772321342472,0.13736501075882449,0,0.14386498733806174,0.11583774983211444,1,0.3100911773685851,0.43561656275523386,0,-0.4035031875119676,1.1377580836891605,0,-0.6990932446335606,1.9097156995230444,1,0.0966779070156728,0.10051178783465513,0,-0.01698230232220716,0.06399607147961947,0,-0.11768419114480759,0.1707211171247101,1,0.018039077692775508,0.18689015015616262,0,0.15079979096521107,0.43044111041927546,0,0.12135462238235717,0.06722478968543147,1,0.15040972376173617,0.19493945489416437,0,0.6873771816434573,0.3869564935537834,0,2.174948582812012,0.9051750274474337,1,0.14168960799021138,0.2646924563967295,0,0.14852360254702432,0.17269874536000504,0,0.41635762955895084,0.32965369840114606,1,0.09807945972712967,0.036814997328412195,0,0.07682826059848631,0.07254293501076041,0,0.3538664517774524,0.5544126397789494,1,0.2419049746111969,0.3323270550063632,0,0.2499869964746501,0.16658917574351245,0,0.3363978620698363,0.39725011301964624,1,-0.007536894103947173,0.09216527640787588,0,0.11020389442918135,0.15859809069303202,0,0.34086128160438217,0.3531038921382482,1,-0.0408629832414181,0.14886653770856162,0,0.045277163437338244,0.04619483493048986,0,-0.004629682435700616,0.04136669437098381,1,0.05582828460491899,0.14288712524396657,0,0.1537765938975498,0.08827326440642448,0,0.0639140018113766,0.0710536983185462,1,0.21742162068463106,0.09569776745433371,0,1.4948993806760733,0.9753355812528509,0,0.015317129727391684,0.28772546771214164,1,-0.028693415047353437,0.46144141918948534,0,0.42947790658962576,0.42666704322766624,0,0.5910244636276691,0.5012132657544017,1,0.027102251819583124,0.28150925197117654,0,-0.18370646502787064,0.2853716330193024,0,-0.024385691997970752,0.27596163013750347,1,-0.026466879338242606,0.11495596674631,0,-0.04599003128979375,0.05360400010249411,0
143,100,0.6,et,0.23243127775414257,0.08747460369831858,-0.025551562707127384,0.13990855540820457,0,0.4565841739244319,0.42288916232457635,1,-0.08498227201032552,0.21754143092476375,0,0.4153077487581496,0.329399008122514,0,-0.0911472473954223,0.29049290101884173,1,-3.3273685503954495e-05,0.16726486815002098,0,-0.0732862956369195,0.25823630350530563,0,0.012385546402517517,0.12398628882431621,1,-0.028434366712368188,0.15769831075979748,0,-0.005305602768664997,0.04714177596530935,0,0.24423078436087567,0.4154004804387227,1,-0.10977847049671233,0.25510056576492457,0,-0.03331929952534193,0.06983011690818541,0,0.24817838278093052,0.2587151664422572,1,-0.0075874269181265015,0.26087777299708886,0,0.08283673935178676,0.05907504930522618,0,0.07139707975878637,0.4590502191032637,1,0.03070209670933439,0.22729620960744912,0,0.04180459181415399,0.569333408597324,0,0.09259549271657756,1.108929471579404,1,-0.19068646655227808,0.08868964804799263,0,0.26402185189096833,0.6098830294262755,0,0.4318224458857663,0.5246875783002453,1,-0.13307951256308312,0.2453552884835353,0,0.9143980767546454,0.8543897536981677,0,0.15224603213425034,1.3745395540252772,1,-0.23506369594387727,2.081696529243034,0,0.3538504547601747,0.683139022930059,0,-0.14034302932311177,1.4198187336412407,1,0.1439894390038939,0.30927520613986637,0,-0.04651417320139064,0.177794021731047,0,0.3204581257664058,0.3658073835659369,1,0.0491761067132319,0.18426324684623185,0,0.08118550577448791,0.36213912161457074,0,0.015500963850944757,0.0967063022313912,1,-0.08307223270091631,0.11382990381339096,0,0.058357394471305515,0.07776706469601592,0,0.3798585255500241,0.3925367423563956,1,-0.009845659959322392,0.07617834102107891,0,0.16922732321978406,0.33665479675977444,0,0.611682436396609,0.3101714615935313,1,0.16120530058136912,0.3286632255010582,0,-0.09934501698941849,0.32843372721997915,0,-0.16702065692318468,0.2951352191058956,1,-0.10003810755210055,0.05161405840534846,0,-0.08785408133325574,0.1760673073306791,0,-0.05320268281697652,0.060085393275503586,1,-0.21640643361092343,0.6089840478170124,0,0.21322982351117276,0.13576507774541546,0,-0.08829561736372217,0.14756584947910406,1,-0.06365830923470135,0.03778697588470028,0,-0.01612537839309968,0.19248612240700677,0,1.8152195505878836,1.058721086044022,1,-0.11231038293308745,0.10566928260787092,0,0.1552842362654689,0.2142447095130845,0,0.12463288385694407,0.36858156759461114,1,0.009428773750220526,0.27405049947434507,0,0.051675276172634066,0.1710423026665497,0,0.3247459785506952,0.2032375059811177,1,0.18303195889591634,0.2940632488993934,0,-1.289666218806267,2.0760910082148136,0,-0.8443146903197343,2.720339621280911,1,-0.1345791093425265,0.2384991121340565,0,0.03295810969184062,0.22801200092330354,0,0.09590627096593433,0.15853954517878976,1,-0.0355270814182694,0.1826990464703054,0,-0.1147563721870857,0.30824845567664116,0,0.05779461688845674,0.11373814504342918,1,0.20684841251995723,0.07918535675240065,0,0.5318594718192394,0.4023108855818858,0,1.5478256744708347,0.4474320912132999,1,0.03882442013232108,0.10380134665790339,0,0.04663566589038867,0.22765518984488872,0,0.144007961159273,0.32140043194548235,1,-0.007176636560598498,0.07611845416578046,0,0.1944176589808148,0.18318552130298704,0,0.31193535250372395,0.25544543844245665,1,0.1481648781070176,0.1569385954999036,0,0.24525819274219765,0.4361299180848678,0,0.13681103332087458,0.18157722374621946,1,0.006578601966659989,0.16739796074483185,0,0.0051345390184830255,0.03815009031943072,0,0.137550470418846,0.16267437373236704,1,-0.0018122725186233285,0.19873160414993707,0,0.13583413086406973,0.13324867635131651,0,-0.057070553257855004,0.10214959077698364,1,0.02006883683182848,0.12297912744799522,0,0.0819834788265941,0.22652530797121395,0,0.06979243171220113,0.15280963457585572,1,0.10658624230279297,0.11665555357372079,0,1.8193891107645566,1.3719609979403928,0,0.129683609509042,0.159956433608782,1,0.17161275557280303,0.43764324506858965,0,0.28998120845341113,0.15974476745745936,0,0.8551206701922427,1.0815780760577176,1,-0.16455519720043055,0.6419918472473217,0,0.01676686811318275,0.11874404507393369,0,-0.14461406506378024,0.5388404943215725,1,-0.08501997356712707,0.35535472377747856,0,0.05539055674022869,0.06435620493422373,0
143,100,0.6,gb,0.1857660978131202,0.11030170641629539,-0.0014346665828632004,0.04773843243903453,0,0.17486085021818404,0.32662148322604967,1,0.20529355408135835,0.13628109872789615,0,0.14794305705162342,0.7720944551956245,0,0.22762061076094592,0.6816445289136815,1,0.2623685154431518,0.3914423112821222,0,-0.13847860562383454,0.18419773270119932,0,0.06819476641861079,0.09488195265081616,1,0.062211913283600304,0.18165502618945495,0,0.21315954518076002,0.3882406971495133,0,0.6752152905152589,0.7172317066740747,1,0.002796254418154803,0.057605866392211824,0,0.00973740927913124,0.04782297589761899,0,-0.16023200713497665,0.3934931985023964,1,0.014343751232973545,0.09471489741926695,0,0.14590601023058922,0.19743871989028008,0,0.2437694606130089,0.6913636028868626,1,0.3953104609322663,0.5584498784616857,0,-0.28992097620769436,1.0753679030493541,0,0.14686160670970594,2.0082971303755883,1,0.2904001846571732,0.3869295192102324,0,0.355196577400946,1.3720004276498443,0,0.3716648552214967,0.5459596242825816,1,-0.17149835026869503,0.3193866997481124,0,0.4626845082253559,0.5598752943147072,0,-0.970347547932259,4.3125332231942854,1,-0.12084335962852995,0.5754179843634497,0,0.8020743521509879,1.8288914651904224,0,-0.6970596983281431,1.3137502651646054,1,0.48450947316213666,0.6090820708897019,0,-0.05394970838479633,0.08438631509879785,0,0.5766510274813827,0.8963674690277845,1,-0.12396642159669942,0.26402569500654116,0,-0.13166079076621648,0.15639626218714112,0,-0.1927169487542484,0.31165298168924666,1,0.0195754910513034,0.04296402569682628,0,0.054039942473843604,0.05989940899133866,0,0.5763352759705634,0.847402678981094,1,-0.14595159348290845,0.2123861339526323,0,-0.24897253167539382,1.059969663057771,0,0.4296984836382741,1.229403019690116,1,-0.04572458646876902,0.7609446639421464,0,0.005669888833072602,0.10217445850669582,0,-0.26452542756241376,0.46100817566621793,1,-0.0117770098806715,0.012239889677024421,0,-0.07903382478360953,0.08834810874276876,0,0.16510012531470836,0.19522207812313663,1,0.05782100697110554,0.11002208388577943,0,0.7894604075766644,2.0917062816844223,0,0.06299377614756352,0.2254167833033754,1,-0.008746794301085315,0.055580946195552164,0,0.07724023900062349,0.10641788369717943,0,2.18386350652606,1.2110506132127463,1,0.07724519784828672,0.13226771951530286,0,-8.621488279910716e-05,0.3176266617424164,0,-0.02827464393053779,0.026368449606106032,1,0.4347333695388175,0.7119038014805316,0,-0.18789230996084688,0.3042407052746359,0,0.0540975775830389,0.5558409043016627,1,0.8252806002854214,0.8446307878851961,0,-0.28522216795558336,1.255067908706597,0,-1.1707425248650973,2.678852886227087,1,0.0888866711720949,0.1607667033784126,0,-0.022918933673190194,0.042660621036461475,0,-0.2066088967691316,0.8122079437109337,1,0.1692059959393705,0.1745460732027962,0,0.03769080016620103,0.09182622163614201,0,0.005173813583883145,0.006092381693693749,1,0.13047614489889314,0.5636241137931933,0,0.5740740268625845,0.4642106298225532,0,2.338187809781862,2.1221994671484343,1,0.12392087296496927,0.3371459046084237,0,0.05127158991737939,0.25416818029606947,0,0.3129934829154545,0.8818778036899958,1,0.09883891260032295,0.3449867322036779,0,-0.12958260503542718,0.19414052707082666,0,0.5903521537142535,0.2400768227489267,1,-0.23451206539230798,0.493956443465574,0,0.39809631067895157,0.584345855490377,0,0.29390485664165134,0.45346045567378296,1,0.09172173851103205,0.5181295334562682,0,0.0695279041937684,0.3347192652485174,0,0.08638624079702921,0.1401899175403224,1,-0.24893780152921158,0.326827111384329,0,0.025566910349400552,0.5762446450946748,0,0.006856269924119829,0.019867917527928724,1,0.20740220854314143,0.3979564533834797,0,0.2655752642794981,0.5839969180068847,0,-0.012983508233224795,0.015482975240840066,1,-0.014664900822868846,0.07466648540132738,0,2.8224950952042653,2.0890782998224626,0,0.14875494102583747,0.410400308521258,1,0.041215353540459285,0.2575518562997465,0,0.327620088165379,0.4176709633623184,0,0.6050216409975142,1.1520890211747092,1,-0.11529132870744978,0.290487123418473,0,-0.04570901723926585,0.1305579967919629,0,-0.041832515193048085,0.9904821388098933,1,0.0712621181540201,0.09765255448695224,0,-0.10232179196486424,0.08683091364760001,0
143,100,0.6,hgb,0.3494822863175676,0.11787896725815168,0.0,0.0,0,0.37536342448114535,0.4012289230013656,1,0.26490141775671305,0.30413783264855065,0,0.5242581379164191,0.3111702675027026,0,-0.007631131037722982,0.20253943126262866,1,0.0,0.0,0,0.009816280737900954,0.014740987972498624,0,0.04275413449138061,0.18372970541608,1,0.0,0.0,0,-0.21155546755161306,0.48347885606420515,0,0.8942124308616544,0.6748218272812646,1,0.0002837919985125975,0.02792843028330276,0,-0.0067572322440063465,0.013514464488012693,0,0.0,0.0,1,0.10265825063290857,0.13448752068583716,0,0.0717321267579645,0.0918222745850027,0,0.5482478861176442,1.9188555035420012,1,0.12615563967186255,0.14420386043470038,0,-0.23087330888424998,0.558273229204074,0,-0.02233122715369378,1.4252637517969184,1,0.06357718402320264,0.15171858146139383,0,1.3434532864057158,1.2190902253599842,0,0.06050801298517311,0.12101602597034622,1,0.1391266042130787,0.19548105161285,0,1.2792849064546192,1.782859697128599,0,1.7903929559617844,2.6022931960589295,1,-0.2153873050563695,0.4804462320735641,0,2.263255632122009,2.031988267499128,0,-0.195889343152539,0.3645799958527973,1,0.729772620265989,1.9604785995708867,0,-0.06049670669158401,0.1208675640845817,0,-0.028676046846679255,0.05735209369335851,1,0.004532392164541235,0.00906478432908247,0,0.0,0.0,0,-0.15983875356444138,0.22001638284668432,1,0.03381974314281812,0.07815550318740741,0,0.17331833384841594,0.289347264917536,0,0.3026618398106985,0.35711586760141545,1,-0.08645197879079664,0.17290395758159327,0,-1.2971595455033105,2.664583192928905,0,1.2098855617899742,1.331550844073202,1,0.028068474097651768,1.1440916798612109,0,-0.09527226615162422,0.19054453230324844,0,0.16787172309344317,0.17903907974899774,1,-0.08668064526896391,0.346303979114266,0,0.019836578075135974,0.03824459535559764,0,0.13325139230166183,0.15969040303927448,1,0.014152611274712124,0.26227671076404535,0,0.8647368116632415,1.0025038354781028,0,-0.045658019194503754,0.12546224127760586,1,0.0,0.0,0,0.08156497032834135,0.12506658527578263,0,1.674131873362643,0.9017680673068957,1,0.0,0.0,0,-0.18517380273031664,0.9283122095079475,0,-0.02567340967104728,0.051346819342094556,1,0.31913062247791124,0.5730589648870997,0,0.07375318097901977,0.09033032957655807,0,0.11460526723612882,0.19229596982488106,1,2.1588872215106285,1.5724948059436465,0,0.10704679335910523,0.09794872823924478,0,0.2916577290357792,1.9855352122945644,1,-0.043528710663789154,0.08705742132757831,0,-0.3718798521790471,0.7437597043580942,0,-0.05574718435146544,0.13324146165913792,1,-0.09113881961305954,0.5619826735866893,0,0.01602909254335927,0.03205818508671854,0,0.13371468569440173,0.16795740770315767,1,-0.010715280308199914,0.19249328208053962,0,-0.014761140566664822,0.7114995571034552,0,3.341051293441076,2.962767083139111,1,-0.19468511453743312,0.7633489640877834,0,-0.03633838445125655,0.35039201547877424,0,0.03728804231873704,0.778835992306916,1,0.3658970131001615,0.4141861153557728,0,-0.004692216150276779,0.3003363242272693,0,0.4759945287782725,0.4560804836336981,1,-0.02636218716933294,0.05272437433866588,0,1.4125232912352153,0.6264480818539748,0,0.03557418899608119,0.07101113430296836,1,-0.27517457846650006,0.33866127918997174,0,0.07894869325236502,0.15789738650473004,0,0.78383691658757,0.44318297157625147,1,0.0,0.0,0,0.39046253472828674,0.5935363168851804,0,0.03598133119968407,0.08659395212911643,1,0.1574206749416684,0.2334179055072836,0,0.0,0.0,0,0.015813696936917677,0.039257422176782096,1,-0.1143421596874437,0.25243354103802207,0,1.1565501846174664,0.9168809334312578,0,0.8138814134604114,0.8755156697972291,1,-0.0549324670106361,0.12226117531607414,0,-0.13506006882096702,0.3510441532695152,0,0.3171894757423319,1.5081375051570365,1,0.0645961200466269,0.1291922400932538,0,0.05268289527235983,0.1004895336444813,0,0.4132167489303087,0.35947804472969813,1,0.023540253475121974,0.030381113829734956,0,0.14039186061069514,0.25336886316421225,0
143,100,0.6,ab,0.2919849005630792,0.07854437643823119,0.08080306888841533,0.2482648387925806,0,0.6443314070741344,0.6332087959098669,1,0.3191172658764739,0.714700278624444,0,0.017567991102363546,0.26294076246114567,0,0.2473265982157929,0.44175636628481907,1,0.004179838105918601,0.31980674105995566,0,-0.08034751177923294,0.18176538703048276,0,0.0,0.0,1,0.13547470034163533,0.17321818877125902,0,-0.19771216947205664,0.2518753209280554,0,0.429970674826579,0.4992123929067293,1,-0.07280693153162082,0.20392689260845337,0,-0.07874960477289429,0.1550700925068481,0,0.03955352552914768,0.12847176883535197,1,0.1468331464778991,0.20827822775815857,0,-0.5114722479616198,0.7874808670273009,0,-0.054915077394640785,0.8596782334487942,1,0.3159361616529256,0.5655857489931628,0,0.4556283204672885,0.48358828838325113,0,0.6049042086249863,0.49651607242466933,1,0.008051734035327256,0.03059797248156702,0,0.10006658709583231,0.5062942938782918,0,0.03702798386214268,0.046627379609888074,1,0.04092223575252387,0.23287798905436308,0,1.4845443200467152,0.7324779637355031,0,0.45166364904774037,1.196915919948042,1,0.18009880412315368,0.9219258335441167,0,0.8426771872438529,0.875931030688042,0,0.08372120726584492,0.6093259858410511,1,-0.024908480969277735,1.1250452218118387,0,-0.583217325713008,0.7118343490639725,0,0.427590323681153,0.47615594814554696,1,0.36345046103873935,0.5437620848871617,0,0.19591887812639514,0.4149536806875055,0,-0.02164499680286116,0.22414380818052343,1,-0.006780036857416516,0.18918597175585353,0,-0.12493126496692904,0.247534475733283,0,0.7051075183087006,0.9255401585044909,1,-0.1180413737705847,0.2148484626470751,0,-0.17470799900287332,0.8835840612834331,0,0.9721055331136181,1.1207237989431769,1,0.47510402078556446,1.1688403031514085,0,-0.1820590484140335,0.33228719693851205,0,-0.24433836534062375,0.3250538757819154,1,0.022614508002000433,0.045229016004000866,0,-0.11326260800211448,0.20957030250429687,0,0.0071876851404310575,0.014375370280862115,1,-0.035371916191933465,0.3352903178070002,0,0.30705166798841,0.23562487379135427,0,-0.31162032454634947,0.6082904081365275,1,-0.02797214492821738,0.11643417034167877,0,-0.0757966949871168,0.1515933899742336,0,1.560204625247494,1.1267514597710273,1,-0.02709155110790661,0.05418310221581321,0,0.14545367563106043,0.6566334849431495,0,-0.029716369817662874,0.2612260839551199,1,-0.030620407968102958,0.16245422698490378,0,-0.09309078381659139,0.16905489655106506,0,0.13734467139139567,0.19271512951215716,1,0.2938121621386909,0.8498520101004022,0,0.3651208111903241,0.718474597652493,0,0.08238166864246356,0.4328396603425282,1,0.007318455294989095,0.11431286946570735,0,-0.009638501014511235,0.05939451527548563,0,0.16013540626143535,0.2988047474873898,1,-0.03803224086008017,0.3199424081590611,0,-0.20334223452454472,0.7012139254183165,0,0.47502873964280257,0.7029795764382888,1,-0.09475290766897024,0.6283039470378883,0,0.31454036070202906,0.5514847669289924,0,2.4551622382947635,1.6242004535033983,1,0.22023898455366356,0.3386554402658643,0,-0.1579371020554907,0.2966204096713002,0,0.4623187679076521,0.4991749981964262,1,-0.13212747226941388,0.5066515026349004,0,0.05028363663872872,0.05348026955721367,0,0.3584395993853419,0.2882499264328246,1,0.36679469313602986,0.4455848139316399,0,0.4709604945603159,0.4084709827008436,0,0.09999352062423217,0.5526825754684342,1,0.02104589996007892,0.4670178223510954,0,-0.2511993234913591,0.36053941119742866,0,0.27521398142401854,0.5099685066322505,1,-0.01342715533520937,0.16061109901013912,0,0.26739854336827806,0.26914109878869596,0,0.04282925170271508,0.08565850340543014,1,-0.021112752946314234,0.25129544081404875,0,0.060508268166818716,0.06789412438137932,0,0.015265969559928576,0.04297170078799738,1,0.25324876229123744,0.29812134546460256,0,1.0029525639417738,0.8875950757820388,0,-0.05972484938336241,0.1581224332409405,1,0.16294976900127653,0.5999695484260359,0,0.19034785404266868,0.38290377215249777,0,0.15445543924676247,1.3918610268848983,1,-0.2638124491538558,0.34393559152737196,0,0.09955033465411806,0.09820897872121737,0,0.1509197022223836,0.3559606242475664,1,-0.21833672689479527,0.5096256884713954,0,-0.017761373840282035,0.06496424097869805,0
143,100,0.6,bag,0.13385436131463307,0.11040842245754724,-0.2511390769035562,0.8413610856137188,0,0.3843602593176282,0.24316957891621263,1,0.9432004131073018,0.9687126745051201,0,0.16934275011106914,0.5002151447502932,0,0.07863485162582776,0.129183356486963,1,0.017564244456584277,0.14892534834258195,0,0.4760975937490267,0.6637412793597179,0,0.31427566409447116,0.6810051816638005,1,0.1029827561905167,0.1798284425376188,0,-0.02657009040560564,0.3442128992719886,0,-0.012173814063720045,0.053711065110189284,1,-0.04083497894259584,0.2754185576554873,0,0.2422724013489927,0.7660154198265152,0,0.434740338959078,0.8921785595637566,1,-0.055724629334812134,0.20754681790628418,0,0.5763746869742595,0.77573845198334,0,-0.3769078378505297,2.0847347489684305,1,-0.026146292352999635,0.5332487049822516,0,0.21975351466076148,0.3154438798041324,0,-0.3356507210993801,0.8935688900583126,1,0.505562405439907,0.7037099374148249,0,0.7288058601082409,0.565302118544137,0,0.3489311419426115,1.579041737142142,1,0.37566937961959923,1.7491741112507777,0,0.6563580574108937,0.707424266287466,0,-0.7753850115885252,3.4574143905546895,1,-0.2303217602594644,1.5597637056864295,0,-0.3730469000244137,0.7103606862683771,0,0.7196611429729615,0.7126334915350651,1,0.21378312243584857,0.3984678900067974,0,-0.07728147956821771,0.33920017904813293,0,-0.014661068422322107,0.18589724699690524,1,0.44362518622338076,0.9087643426363643,0,-0.2812922557524672,0.709402083635513,0,-0.12796105691001064,0.11239724830862936,1,-0.06847430692133746,0.3085246225303341,0,0.07790246488944494,0.19801835463303472,0,-0.024143463986718853,0.49297696960375725,1,-0.1904313925584255,0.5639812370517236,0,-1.3383046063858735,2.497419583455071,0,1.223321383119224,2.786836167775866,1,-0.19630394618470756,0.537807973359566,0,-0.2625545467497904,0.37996972894942066,0,-0.047284499255293974,0.16049147614208745,1,-0.15914926447862013,0.21993370412652685,0,-0.0992525490407788,0.41755345782232417,0,0.047175477332433546,0.6729640264379061,1,0.14800554519808007,0.4409697026414979,0,0.032871231436113556,0.6051110199563338,0,0.06266328053844669,0.12159095739354889,1,-0.7141321682248611,1.2002675326238434,0,0.28166298824429287,0.9661212512750226,0,1.1632749148110293,2.329127180192728,1,0.019010065528270097,0.0669290957415401,0,-0.5834089111380771,0.8004475470575181,0,-0.5023635538394406,0.6473810238597673,1,0.22843187895128064,0.45525417526016226,0,-0.27092756574140264,0.47347750977110015,0,-0.3169491895970263,0.485773550309823,1,-0.0864855021781886,0.6479286756973752,0,-0.431412344428528,0.4862264471486338,0,-0.650382886012643,1.4225816792610317,1,-0.00445330132648678,0.22834100263466392,0,-0.0014918976913248284,0.16664387483348603,0,-0.43885380580373107,0.6430217678011604,1,0.04574969966494877,0.09305130444253644,0,-0.1372145003924496,0.5284797641702906,0,0.042434992692277816,0.31303286539827346,1,-0.42339944123665463,0.5006478232087563,0,0.49809962868430996,1.5070690733365601,0,2.048593614562653,1.0342318288468944,1,-0.13183903072587236,0.469944413855623,0,0.05618727576724032,0.548572800239579,0,0.19877062710617777,1.27691505214247,1,0.09249259695872243,0.07881181893597489,0,-0.09455336597142874,0.08801915561560252,0,0.6584356845617486,1.1358539502181566,1,0.776318946524342,1.4021358840119953,0,0.07840134384262246,0.5186001107346256,0,-0.31680651439896634,0.4955208416706684,1,0.13008727789111432,0.46538193805357964,0,-0.09511660382435774,0.17758170357600406,0,0.24406320966543338,0.8411186156455669,1,-0.08509113319969722,0.31905533387911744,0,0.12472632087938576,0.16869714181463122,0,-0.10029656684489288,0.08846319541454824,1,-0.20853166123732042,0.3696877159252371,0,-0.11117157180664608,0.33725108783486585,0,-0.13850965533917492,0.11000006853359946,1,0.4549698545940409,0.48263917248720917,0,2.2824564948790638,1.7168160945813895,0,0.009904975259032398,0.3344435826595648,1,0.2553182418067485,0.9966075991407785,0,-0.012186751399114825,0.5722224109456558,0,0.15296206093022474,0.8622504690674366,1,0.2567808125255001,0.3417593376365807,0,-0.3078448875833796,0.605868180085557,0,0.5941768906890225,0.8484544993799443,1,-0.4008301038582348,0.6994829793516594,0,-0.11680237686403672,0.13176462895730187,0
143,100,0.6,mlp,0.799015638706017,0.0516157781129009,-0.007447427749651436,0.332954310755047,0,0.8652693050603165,0.2831796057794542,1,0.14687553954879476,0.09447326267358214,0,0.2453531452745131,0.14610814972496391,0,0.5388591272808841,0.18741761557359216,1,0.28162653843873614,0.15590386614980617,0,0.05190139900402722,0.37685813245037286,0,0.39933970441081706,0.3245224003416759,1,-0.0422918361913652,0.12039608123793526,0,-0.03248797311924577,0.09858588211764786,0,1.1960994219522911,0.5676740672085488,1,-0.056741579335639614,0.16414571031945407,0,0.02358128239753001,0.07270215866367123,0,0.7303820988403337,0.36814529764503634,1,0.1040660871445617,0.2912165737148152,0,0.2005993930131884,0.3182683756912923,0,1.5740398017469337,0.5944284671643733,1,-0.04322708118053923,0.11061915407286063,0,0.48966673767937285,0.3717401376010142,0,1.081182686380697,1.0313977589712293,1,0.05311832704335047,0.1595023269257844,0,0.09428413936195226,0.07330217085653624,0,0.32638327439183484,0.3217461838345106,1,0.17954912539688933,0.14459576571398444,0,0.3865371688049337,0.294904032561189,0,0.27980092754139185,0.3946841688131729,1,-0.05176338775658629,0.4863233250721104,0,0.29892414230917264,0.38959075520463804,0,0.142958856684105,0.3893515157337964,1,0.8430815448241832,0.4860502180806357,0,0.18432339107835083,0.2375899011772977,0,1.0626346276897203,0.8204874465631499,1,0.06704628982829189,0.1868250417116779,0,-0.02157773122364704,0.15603382515348838,0,0.9337299331470067,0.6538436878119874,1,0.013677469606872453,0.08090584234682177,0,0.009544000872486103,0.29733726003784855,0,1.1954488953442344,0.5557061261072836,1,-0.027496116460510173,0.2878889174605846,0,0.6163665122810217,0.7504134588414171,0,0.91535895627164,0.6739600722658461,1,0.27818765126336037,0.4517465478318377,0,0.31261317666527405,0.2506439153010748,0,0.5385610929555906,0.3787155152320174,1,0.09607676408297053,0.15814918763173666,0,0.023043171049998097,0.26089750193331174,0,0.3908392672185831,0.3074797925590809,1,-0.11397035893408831,0.24186117139311433,0,0.6123290642004389,0.4592831890298552,0,0.9632977867319561,0.6221634147475136,1,-0.07869266353282575,0.2841379438852144,0,-0.02447379046460047,0.2697695194340579,0,0.6563270075107237,0.762450392413196,1,0.020947416646088513,0.3379389008867639,0,0.40533409594386,0.7732998997192237,0,0.4256749345943713,0.2597064174385095,1,0.14735501138194337,0.5595012666516257,0,0.02174195626072405,0.2167751333843003,0,0.6011830941875168,0.44641289579838195,1,0.31921401478821243,0.16025329305925734,0,0.020268402046325275,0.2024031161936709,0,0.40073134214922773,0.5334744015760925,1,-0.1319058316649054,0.15523831917459088,0,-0.04144212921242281,0.11724386666052113,0,0.2554289812468692,0.4762134455762618,1,0.3598333747625694,0.4372962710672693,0,0.5731320102677941,0.8100861975021548,0,0.07754526172230933,0.23416846916008294,1,0.2976383813831779,0.45259930661859443,0,0.27018194942111134,0.289721091043296,0,0.7273873172145034,0.3547406921100055,1,0.024156115836435697,0.2472854795419822,0,-0.13383457785933034,0.09629091135687855,0,0.6682860952697689,0.15680977220116782,1,0.3651903080304569,0.3468184573381636,0,0.5764916004080815,0.27677431522626356,0,0.9805296579028109,0.5788489017734025,1,0.2160204017882621,0.10986628645899377,0,0.41353366599461683,0.30248651697016193,0,0.6648997748890821,0.43057788300978805,1,0.14213146609032629,0.24795780171895657,0,-0.08236836626979382,0.11692030774349695,0,0.8131086112617183,0.255895228823545,1,-0.019364616942932244,0.28301181182550067,0,0.36649174947073854,0.35389065665516783,0,0.006373364830826867,0.07145308230001957,1,0.022671558040334484,0.2310113853353854,0,-0.08090141476478115,0.08448290367282495,0,0.3471782248043419,0.24677443608252697,1,0.20493918008461773,0.23185268572189358,0,0.011135907602487893,0.30451048142297377,0,0.9332826870094794,0.26548580141941613,1,0.33752864029768537,0.4569752407437779,0,0.17887046406378546,0.33644798689504085,0,0.8020670754059571,0.5963068152397504,1,-0.12089444505207898,0.6832720338000855,0,-0.04904003035045702,0.15409191555378293,0,0.816845135369206,0.5623200776378408,1,0.145516454321048,0.17918478616368183,0,0.2000805327397321,0.44596236157477187,0
143,100,0.6,svr,0.137045375254152,0.016711042616446056,-0.0040284450281643566,0.0352072937892333,0,0.15273503498961624,0.06507997866676984,1,0.179443302631543,0.08674706402105678,0,0.1311586366327472,0.03541753934628263,0,0.11193114970879806,0.07215185350913379,1,0.029568420482824716,0.07477282741776786,0,0.054200168313012255,0.03473834704212008,0,0.046980625344727286,0.03280337642609874,1,0.014365858414978847,0.05023981867567023,0,0.016824334116048424,0.03940547559849719,0,0.053554264822866314,0.048023977142461344,1,-0.03140028218767813,0.019260175246004974,0,-0.02326019191640486,0.04486667991224437,0,-0.023987828769912227,0.015553193710400173,1,0.01933977076665926,0.09242482692097637,0,0.04444416085544336,0.05532797194125252,0,0.046754212508539505,0.07591250520507842,1,0.037988854345919656,0.0369158663091383,0,0.053138304886184665,0.18241228318438618,0,0.23054585159561053,0.1787658558539021,1,0.03449508736210549,0.043467671730207325,0,0.1033653791007531,0.10042260481605533,0,0.1439136015051818,0.05774026511075554,1,0.12871363205054617,0.07016251806603493,0,0.2957313402975947,0.11817760666725806,0,0.1901290646176345,0.21442642024793487,1,0.16049613208846641,0.36957685056504097,0,0.1330543975536995,0.0625350560841235,0,0.0774499074433837,0.06958697749667019,1,0.1917090430264896,0.08000439929040047,0,0.00018681350368112277,0.04644174211928216,0,0.17229711395812247,0.10238361922225366,1,0.0288634639399383,0.040646316820524345,0,0.06474787880579574,0.029607154170097204,0,0.04701848008282005,0.054904577808419584,1,-0.032221096394122496,0.06457271350504308,0,-0.002395176899261256,0.07139451628277929,0,0.15469311842629999,0.06577622707805651,1,0.0010087274178986819,0.1043289690132661,0,0.2178689788282769,0.22255037904974678,0,0.16176511467473237,0.04892130581417994,1,0.09061337728424013,0.05465176629262546,0,0.0002581160556659093,0.025365089831783448,0,-0.037094262427458745,0.022807382454846294,1,-0.007778349629028585,0.03438689694562606,0,0.013434308787725285,0.02457189942873295,0,0.04163652336070376,0.020393672152400462,1,-0.03733057054968621,0.106586846023237,0,0.18943884393810823,0.0463791916192884,0,0.20957144209137848,0.10636741841060668,1,0.030123701762847642,0.03179548194835817,0,0.08676563845349856,0.07129428038531394,0,0.304549058205499,0.09561591526438683,1,0.002661629629663821,0.0760637142544621,0,0.16772067428760545,0.13708758075740038,0,0.09809567334115224,0.059304532806301234,1,0.08574685058612529,0.07543273935104834,0,-0.00786268673515812,0.02593802244135252,0,0.07870867469780832,0.03419002890722214,1,0.09566713384100527,0.04507615537656013,0,0.06624880012402061,0.08963823374701403,0,-0.028127135988428108,0.05858343347388911,1,-0.043975294678024,0.05568826996971187,0,-0.09210280333736146,0.05339564400678423,0,-0.04731723731205138,0.05631411435661789,1,0.04405750182339875,0.055871108040629135,0,0.12780901621408738,0.07130628874731572,0,0.041601243429497656,0.026328397266989385,1,0.12612846430278868,0.03729061853251325,0,0.26350804226959007,0.08287166628147953,0,0.34848624973579045,0.09712445456209172,1,0.10542194932582365,0.06126635842496094,0,0.0404164748996362,0.0369331285916204,0,0.08829843434636778,0.03448372370748538,1,0.06903678947275596,0.037715134018291276,0,0.08061898278994627,0.0589401206954927,0,0.13912118856795483,0.14076066395461073,1,0.011075984330700521,0.06076862861001812,0,0.053960366268382555,0.10900334804454231,0,0.13090023171883464,0.0967482865696433,1,0.13661320905075447,0.08669068593299512,0,0.0622018657182,0.06724840277131384,0,0.13088350363670703,0.04115533787515078,1,-0.03581559868052983,0.03543572981295189,0,0.028196424620455813,0.03497706073759853,0,-0.007805214925751328,0.032465397815854447,1,0.03599219883987095,0.018597017229315,0,0.018966100164809034,0.049731550892200715,0,0.06697763219082178,0.04628112594767724,1,0.02838157608097373,0.05080808643365428,0,0.04002327563222045,0.05615214063423666,0,0.07671689151720336,0.03576557137545399,1,0.04574165699210662,0.08459965771615678,0,0.12352855870906802,0.07485869495336742,0,0.3211253945608642,0.13390410006274817,1,0.009698324930054162,0.18293577884262938,0,0.05009336012147915,0.06446094521262949,0,0.10619703722181142,0.13744078905577764,1,-0.00031325091061160034,0.03338640684256286,0,0.006658841743639387,0.03806918838844251,0
143,100,0.6,knn,0.4522014386952072,0.058797705279295266,0.9919463709684715,1.6660451634615303,0,1.2588760713425355,1.678870148541365,1,0.7357592937702069,1.7075609386529151,0,1.3729947369323563,1.17495608732984,0,0.8971544370016249,2.1396649956801386,1,2.065178473518926,2.458489514754048,0,1.198354890379935,0.9240684063142506,0,0.9760419970574654,0.6456984455303286,1,0.5138815321014413,0.7362691527289196,0,0.2696918528521625,1.5390591396401212,0,0.796012195238462,1.5123177653227933,1,0.2054195675659778,1.045615477387614,0,1.2135699157098252,1.41689670001448,0,-0.4232698978440581,1.175505135387324,1,0.1350114750657856,0.8923205141194523,0,-0.21538374529809018,1.515304723531553,0,0.675562060232576,1.5565645726508688,1,0.8016521447898214,0.7888223813007662,0,0.790581601433691,0.8682728759710046,0,1.1314592345871102,1.3320054818918685,1,1.2318581886945161,0.8078782174767937,0,1.1156834612333246,1.5487820370760979,0,0.03634437035576776,1.7686221711115924,1,1.0712109429921164,1.6146455175670091,0,0.9803623878886363,1.0911994829945133,0,0.24904954897790493,1.4369879592549646,1,0.32291937962646894,1.7070749217932044,0,1.1522778285871047,0.9731093621586604,0,0.563428183883605,1.2740689148466806,1,0.31674415598000855,0.35632305338633335,0,0.9161743065370267,1.492306220101984,0,2.7220614938776913,1.239796829551956,1,1.3323568925312452,1.4153321642031724,0,0.6216022478216587,0.5457827232080175,0,0.5389258788043707,1.0954265972344335,1,0.5806624682283624,0.2993402196364322,0,0.2384499479373646,1.411846583670657,0,2.097576771917299,0.7507777059442693,1,0.2662551001330714,1.244015013172297,0,1.4683698992377858,2.055848202813255,0,0.9210871986237571,1.297087627558163,1,0.12725479489551922,0.9411957778726903,0,0.7379175547052877,0.6761663071743595,0,0.455654634926643,1.6451660162069799,1,-0.6294050245731583,2.110513309268797,0,0.2676027389630955,1.9862412597753842,0,1.188423082246226,2.161586020746353,1,2.0314516481673377,2.681484648346952,0,0.490957886052598,1.4894667421019447,0,-0.7224827873378414,1.72448711376835,1,1.4581860035165943,1.4037850390517344,0,2.962974929184662,0.6461976567942425,0,2.2340782647249395,1.061980425386223,1,2.3446800302373427,1.7883665617751419,0,0.576958471044632,1.6383895108758513,0,1.0970283777915086,2.1252174969156847,1,2.5755493951029256,1.4247495159267212,0,0.14961283768455658,0.7451310277452863,0,1.2133382717458043,1.0540128274023968,1,1.7809566547679807,1.946391683031187,0,1.214860204523002,1.5840342292187508,0,0.66344222119268,0.7755347223566161,1,0.42692130960226116,1.069853181893513,0,-0.43159869621202623,0.7720550418011435,0,0.07679423159617028,0.38548717384121317,1,0.5667083444212719,1.4329233849952103,0,1.0173632974854965,1.4278275398318274,0,0.775549421834923,0.964350768939485,1,1.140505260020247,0.9725701212023414,0,1.6910615623088492,2.575150317688271,0,1.570506740484562,1.2256258691896724,1,-0.16462578903138417,0.6381147677697515,0,-0.7777517281773363,1.3399346070248395,0,1.0823241277920868,1.2458829298115144,1,1.0799433652388764,0.9831013385448052,0,0.5621791565714113,0.8849168512149752,0,1.769759564748269,2.1679063184838747,1,2.297092403256781,1.508405246093204,0,1.408961987008762,1.1219931431932477,0,2.074050432589535,1.8186052186309605,1,0.6088827000764759,1.1412303772588672,0,1.0414091500035259,1.6785093363360306,0,0.895231945197103,0.9349564490001019,1,0.08070970555384005,0.8173568867447276,0,0.7824386068270681,1.8570599861589463,0,-0.17161642063435192,1.1243224641198348,1,1.8229860928826926,1.6877257572001254,0,2.0031185633419963,0.6181901567097458,0,1.424211016516832,1.4037998022155402,1,0.6156170868394317,1.587587020610774,0,1.6193062327744125,2.3413700288502772,0,1.0492969482664212,1.965509803195837,1,1.4136349588713668,0.5304376392236252,0,1.2863085856763494,1.5826330151188084,0,2.3323526841563584,1.3354878243793393,1,1.289335523147266,0.6685817538347384,0,0.5248717591432719,0.9835189829576833,0,1.2036021147623424,1.6387783801913394,1,-0.13770301934180176,1.8563584074254862,0,-0.20230449687793758,1.430309468088229,0
143,100,0.6,SuperLearner,0.862659642523129,0.03869023097569434,0.0625745937646992,0.1843636923066856,0,1.330015483173075,0.3101415206179254,1,0.13588603617357475,0.13970786512707725,0,0.14404841998576415,0.21812402772877632,0,0.8296460542040187,0.8699287351025524,1,0.0005545625240417074,0.4567191040563561,0,-0.0732468992647312,0.43251808091889027,0,0.8469746375182071,0.44234889313728126,1,0.06992585139155931,0.24151243694811295,0,0.016509965440233212,0.09589125730795203,0,2.066218079224528,1.6494399667076654,1,0.0479991832218097,0.1927773283097679,0,-0.23997696204846494,0.2338286682823458,0,2.159370190870524,1.4561369134299706,1,0.010310848811719892,0.0798684190798563,0,0.1102300493547336,0.1588549191524153,0,2.2214599715041072,0.2997607679973993,1,-0.051719592347135836,0.11691382708337911,0,0.46670977085099025,0.4196726555268035,0,2.1978065273380993,0.7699397424559119,1,0.24471219998036986,0.23472064521907493,0,0.10068749865350526,0.10815243888196309,0,0.7478044576432775,0.6872688084278431,1,-0.2591444875090113,0.7103368794996867,0,-0.06805632524679853,0.1597843079221239,0,1.6254177730483588,1.1068544704347834,1,0.3072829586734477,0.6820338710406189,0,0.011513280476491439,0.36458784136598316,0,0.47887713521272846,0.43681996560465114,1,-0.06384304521215851,0.11042334192516119,0,0.3369269746215867,0.3413945847553271,0,2.475667010905903,2.4886327251425464,1,0.37317486790875626,0.377260688862012,0,0.11270873439758988,0.5225747069537567,0,0.7228182473135671,1.2114275504847707,1,0.030484289933757947,0.3600734118304854,0,-0.08281160954162234,0.23726829354906934,0,2.736431331277862,1.128959756925864,1,0.08329494648853361,0.4150839742317542,0,-0.023022112853978684,0.3066888641370643,0,0.9210818144740006,1.0395982707235205,1,0.16387449014980252,0.6291190044846756,0,0.2832726505152238,0.3458344479135757,0,0.7155880874501689,0.6376184778792607,1,-0.17415915450235192,0.2902178565536619,0,0.04930412596643591,0.138826009179272,0,0.9193810492133606,0.42799097800477226,1,0.16881253290593629,0.2719460698146168,0,-0.009464075157423006,0.12691434817106137,0,1.3103282006619197,0.571902547060882,1,-0.034253550996665896,0.29883093337633077,0,0.2120200131175399,0.4993116465972547,0,1.1585008825391163,0.7382222245025224,1,0.4352815997494763,0.4305438678717084,0,0.2045045086455656,0.6112192912334758,0,1.561287657144139,1.2155161152001832,1,-0.11747671906520978,0.30999009857877374,0,-0.18633389242913073,0.1875449642678383,0,0.6405755735043278,0.41300340632515997,1,0.24525063918795023,0.8865201381315875,0,0.15707036542452582,0.27815737126218415,0,1.8607758308277986,1.3192130388144223,1,0.09523137908888134,0.23494778478593084,0,0.019211622611561747,0.3003263199502991,0,1.8177868105050679,1.1169068670839777,1,0.03832684665717876,0.29547878080364637,0,0.29679391137622263,0.47209597409638204,0,0.5117020031867301,0.42523997179493134,1,-0.12951976228188605,0.18743005648149821,0,0.26595179642002864,0.4436716907323148,0,1.1598650374430661,0.718155743968467,1,0.03032028074866435,0.21117448958520005,0,0.058961442143767716,0.2692646542115211,0,2.8810246215799338,0.8569005656488294,1,0.30709632845787177,0.23894041080623124,0,0.09616006092985736,0.18907960332381302,0,2.2164485782374124,1.4575002844538998,1,0.16142977613986426,0.14467143609951008,0,0.023905806150044333,0.18200438710659775,0,2.0261576876222724,0.5562187028678245,1,0.03428981003102013,0.20849931427750118,0,-0.04754833460114131,0.31539603987049125,0,2.4096768132230455,1.3695330833714296,1,-0.046061192217130814,0.18873197670898884,0,0.09124800670766599,0.1293009191650742,0,0.14701124613680466,0.2852327046568973,1,-0.020614842745595073,0.2613677563680017,0,0.1262010156943055,0.4384388519862184,0,1.8255503450688129,0.6066058841703021,1,0.2026728122459906,0.14996978027656413,0,0.1011453620714405,0.33833502331292403,0,1.0520162297325557,0.543467052859576,1,0.25377821290335095,0.3096447152612421,0,0.31224375101494245,0.41579382281385546,0,0.26216696497364234,0.29619620649157385,1,-0.284525784407354,0.3406034762317936,0,0.1411906075209497,0.8597188701943401,0,0.04598469005990939,0.8755001700616838,1,-0.13392219392030943,0.49731316314600627,0,-0.05676159994028081,0.27784167629490003,0
143,250,0.6,lr,0.9370753105310655,0.007180120235414597,-0.028812195360480724,0.053350682656169206,0,1.6994430109469996,0.47083391854695594,1,0.03265793221630089,0.03382958288612875,0,-0.02492537284463094,0.04358391605231914,0,1.9271345823181072,0.8308961170404681,1,-0.03279602384246445,0.05325547936374267,0,0.044723064255507296,0.13250653751511954,0,2.101580848402088,0.9914566489726054,1,-0.009719579040008475,0.03847801456459664,0,0.0051059979818070715,0.06572854926727753,0,2.1486804166602766,0.5289043446853918,1,0.09580926500095147,0.06464628277358511,0,-0.008898783690201256,0.013113327784386746,0,1.5513671061351542,0.5297499747529895,1,0.027192835639728973,0.06422618208164041,0,0.0004297293585594046,0.015049470665210818,0,1.8552415974845033,0.27713169412184013,1,0.01779336968739622,0.053163184175298035,0,0.009172683013937177,0.012709227617691604,0,2.995382708090111,0.5622848436327972,1,0.010605929508965214,0.07019148857083296,0,0.0056474471262894,0.028608988584946274,0,2.070244318661676,0.50942195343009,1,0.03876677338502155,0.06291228281319697,0,-0.0038490299018498347,0.049426905657572066,0,1.6713067592406035,0.39057689462722167,1,0.06069653546726602,0.11903622059598866,0,-0.016266698027180178,0.0370974299055817,0,1.6142326081538307,0.3449769675166491,1,-0.0003750816487870151,0.06582157929610366,0,0.013648949086391138,0.007989705022121419,0,2.1240535679057055,0.4827585112174208,1,0.009122004727050315,0.015359340443693898,0,-0.006421747628684254,0.06326484987646391,0,2.5064626545983772,0.6557816364345018,1,0.0305901030625683,0.051348777961605065,0,0.07071387953043114,0.07203621982533763,0,2.114654609256546,0.41250292879287004,1,0.024946921098683104,0.06975179551387363,0,0.008206654388960241,0.051122798844896226,0,2.3927018931009583,0.6791534653538296,1,-0.010811919718170021,0.03436375530694253,0,0.003295958566779017,0.06158315204424069,0,1.463274663929753,0.541811395532248,1,0.0025832192435855375,0.014318342032833014,0,-0.026223987579822295,0.04775621910248335,0,2.9149628880500025,1.070105139381628,1,0.06897297694022986,0.05846464069196981,0,0.02692108705684761,0.12473740769697908,0,2.021421347583496,0.535658096742385,1,0.01501345722737123,0.03184695363124749,0,0.005646910887374831,0.028932527968461276,0,1.8332360062494444,0.5424498405792021,1,0.04300846530878074,0.06521136101743667,0,-0.023425302400823196,0.06046774923819835,0,2.575377840811632,0.5484318041912384,1,0.019693181598275728,0.051783039027166265,0,0.023366709525515783,0.02043000089212668,0,2.0387270137211915,0.4683376569248225,1,0.013529359232228377,0.056259069979260924,0,-0.015611299217099622,0.06171948392642496,0,2.1141607906364754,1.3641827898101426,1,0.04688263377093898,0.02898126408132803,0,0.003854372315231692,0.02931283471492516,0,1.5742561121212897,0.46144752727020416,1,-0.016925819489064124,0.01966888052007219,0,-0.018694495098421013,0.03709062753752565,0,1.6429865980191394,0.6846731973724958,1,-0.06192212331254021,0.08314362677978236,0,0.017901917329846813,0.045998633539411235,0,2.6532295330144673,0.7519640395657251,1,0.018420661757768672,0.05415433550365966,0,0.0036032752453817227,0.01314041816521725,0,1.7956134871168374,0.49863358655668727,1,-0.013361628746193977,0.06769391167248737,0,0.003684312319765501,0.04450669767469223,0,2.2675780253020688,0.5432328138857894,1,-0.011380264568034135,0.026959538505478345,0,0.04896550302888908,0.09039087801781812,0,3.1364094117917225,0.5607570595899074,1,0.01094228006415995,0.017794821973684337,0,0.024496274545037913,0.03652059492869326,0,2.8273024733189023,0.7969389429140852,1,0.10820039327911021,0.16397440298755597,0,0.01085619457965083,0.036837515873109745,0,3.4129130848581277,0.4847659762008079,1,0.10845772164869802,0.22958228867891486,0,-0.015808087921776393,0.04350030942166983,0,1.9569340220636917,0.5692085175252019,1,0.11977939156773224,0.11842379941706854,0,0.0815683582548162,0.05210096387950858,0,1.9153424134045693,0.3484317271172051,1,-0.021781849309688257,0.07737585774591163,0,0.021642363310585135,0.07301599922113586,0,1.896736572910407,0.39937290678412035,1,0.012672573259545522,0.018759455372693353,0,-0.01246609690225087,0.017126014509676823,0,1.011858797177541,0.2683915004176544,1,0.2614101824579093,0.21783810009561488,0,0.03614416151225257,0.07143963153276707,0
143,250,0.6,lasso,0.360903682487102,0.04240881866140213,0.0,0.0,0,0.7023655450148697,0.519184716712116,1,0.5995297967044871,0.4878606779517849,0,0.0,0.0,0,0.12506748981371166,0.13064754534602915,1,0.0,0.0,0,0.0,0.0,0,-0.0023196062550597104,0.004639212510119421,1,0.0,0.0,0,0.0,0.0,0,0.6123658330904576,0.16798965162437043,1,0.0,0.0,0,0.0,0.0,0,0.0,0.0,1,0.0,0.0,0,0.0,0.0,0,0.0,0.0,1,0.0,0.0,0,0.01896063543917808,0.03792127087835616,0,2.067057309057665,0.457218427691162,1,0.0,0.0,0,0.0,0.0,0,0.025764561352282382,0.051529122704564764,1,0.0,0.0,0,0.11828536492664958,0.2695513924809429,0,1.1764391256964934,0.7507611661373821,1,-0.11924279315271993,0.23848558630543984,0,-0.03884503470216209,0.16605216558614902,0,0.0,0.0,1,0.0,0.0,0,0.0,0.0,0,0.8218386252645384,0.4998210339850137,1,0.0,0.0,0,0.0,0.0,0,0.012416946302673666,0.04806595664163681,1,0.0,0.0,0,0.0,0.0,0,0.0,0.0,1,0.0,0.0,0,-0.008980400584488363,0.017960801168976727,0,1.3967916272334011,0.3777891097231304,1,0.026463242674195586,0.05292648534839117,0,0.0,0.0,0,0.0,0.0,1,0.0,0.0,0,0.0,0.0,0,0.9105860309616316,0.0532748075488417,1,0.0,0.0,0,0.0,0.0,0,0.04561427155342492,0.06350178085789075,1,0.0,0.0,0,-0.009150959265611576,0.018301918531223153,0,0.04519230672662233,0.09038461345324467,1,0.0,0.0,0,0.8528341296907291,0.3869424849194566,0,0.0,0.0,1,0.4520442074365226,0.26058596331670236,0,0.1504232387971189,0.3008464775942378,0,0.0,0.0,1,0.0,0.0,0,0.06327224569499999,0.0831282721725828,0,1.4446232817013551,0.5829339316765745,1,0.0,0.0,0,0.0,0.0,0,0.0,0.0,1,0.0,0.0,0,0.0,0.0,0,0.0,0.0,1,0.0,0.0,0,0.1160049748665329,0.12045247245510358,0,0.6550302908218396,0.2876089905212401,1,0.0,0.0,0,0.0,0.0,0,0.13740981529841217,0.13426886517562436,1,0.0,0.0,0,0.0,0.0,0,3.8038783543418027,0.9335374867224914,1,0.0,0.0,0,0.0,0.0,0,0.6890050334730641,0.4448023948812451,1,0.0,0.0,0,0.0,0.0,0,0.1210364773697685,0.12999562807944132,1,0.0,0.0,0,0.0324898162719804,0.04768006649196552,0,0.0,0.0,1,0.18363826796780897,0.08717583354984965,0,0.0,0.0,0,0.45689562425955543,0.14300831206554784,1,0.0,0.0,0,-0.03928065496107236,0.07856130992214472,0,0.1229989232742897,0.23879843267311948,1,0.0,0.0,0,0.0,0.0,0,1.2343581277481652,0.488439171779907,1,0.0,0.0,0,0.0,0.0,0,0.0,0.0,1,0.0,0.0,0,0.0,0.0,0
143,250,0.6,dt,-0.620272728452413,0.5410833389200552,-0.20295759503751962,0.34871540064485945,0,0.14810110663612605,3.083173037039151,1,2.398454685572799,3.6810193696692988,0,0.21016989468601405,0.3489590198848596,0,-0.20067181088248645,1.1803458051116578,1,0.576064405245626,1.0549027038325012,0,-1.883752475114774,2.3346946265668604,0,1.737178354117442,2.3470203736620734,1,0.07580316144508999,0.09646871757065076,0,-0.037409561295134265,0.03922574943634577,0,1.6553446867680701,3.3708805102688717,1,0.2815356055811423,0.507245291303399,0,-0.014566605973688213,0.029125934219004605,0,-0.2271178644667189,0.32591213879271125,1,0.30677850717407884,0.3767091264273366,0,0.46169602375461744,0.9388506688798856,0,0.04881549153516817,0.28838464911006095,1,-0.8833634170620283,1.676774385113189,0,-0.01887390638947335,0.4417664752334321,0,1.7959506478934721,3.4526927704577264,1,0.03141051504227278,0.06282103008454556,0,0.3379814161314204,1.1142965481316445,0,-0.1099357314083855,0.45237179565503255,1,-0.8322667448783445,1.6909063260126438,0,-0.5805105694188756,1.8671319355196414,0,-0.7625409856179686,1.2909361378727435,1,-0.4458029919992101,0.9948580093789964,0,-0.3842841739148295,0.8448927902673374,0,1.0238316381023203,1.2513707171683737,1,-0.03126705806977038,0.06894073496358434,0,-0.025611855180052035,0.11533357854408789,0,1.304522191738349,3.048711852257149,1,0.12279004412893826,0.13824975186436278,0,-0.432545567307967,0.8709992780767757,0,-0.007790328141620728,0.16575035153186843,1,-0.12506681939823375,0.2521535960245042,0,0.13688057096559708,0.5044705469611586,0,0.5246486324602975,0.8975497339311292,1,0.10852885468889051,0.30684398313732936,0,0.462071866218399,0.9431258650005858,0,0.1553872021960569,0.25569237591575317,1,2.47311802989051,3.9686021838771635,0,-0.06400629421299629,0.12813533792416384,0,-0.6532381745315228,1.0280292921539602,1,-0.24008438978272895,0.4388520492245292,0,0.02768947628083996,0.061653983373313404,0,-0.9106022346286634,0.7556061322751063,1,-1.714084695243849,3.293658186277829,0,-0.05793305348343967,0.11162575579561908,0,-0.0048783564059252885,0.39271005520267527,1,-0.08785345333559517,0.1999911732151518,0,-0.03443366691922312,0.3465990875869139,0,-0.6954328068941968,0.9273690056626223,1,-0.005101994990528625,0.05475369079719292,0,-0.5231589206022073,0.5235033106092658,0,0.0027199451436465847,0.06663053088985808,1,-1.5857538601344576,4.2759754919867525,0,0.11110845017167874,0.9310453933837745,0,0.15032970858594025,0.33011482682794224,1,0.4087243829074926,0.45228836673514183,0,3.5588025724036045,6.265705301836214,0,-0.5820078285202406,5.163745708051624,1,-0.0514303234383379,0.07866520140858174,0,0.26969297156322536,0.5393859431264507,0,-0.49902873732335823,0.9980574746467165,1,-1.5291382760122068,4.869509369313794,0,-0.2344743623196476,0.9168177155353661,0,0.3310147329763138,0.6620294659526276,1,0.6399885372963396,0.8531952792715847,0,0.11812839222023655,0.2362567844404731,0,-2.4710338319060785,4.586778638787236,1,-0.34426798534667,1.7334044056042464,0,1.2695242344884874,2.4089259733808315,0,-0.6084985759730842,1.7508742699894364,1,-0.026985970794595256,0.12532764018593545,0,-0.657109618427837,1.4160686148523753,0,7.782999003628845,3.5168503942885585,1,0.19017176550058507,0.5931704859723685,0,-0.25661451871189844,0.556847749405623,0,-0.3743639947645034,0.7689506065599637,1,0.10687728935762184,0.2224174057416609,0,-0.06789359238919433,0.13578718477838866,0,-0.870340577933779,1.575987061193622,1,-1.8546907345042964,3.8854602904444486,0,0.21617221782029353,0.3809520462337122,0,-0.00010991440167680555,0.049789128519545305,1,0.019282199332371693,0.39406084739942476,0,-0.02938003988804581,0.11056126514094966,0,0.827092434758993,2.8149646186810835,1,0.6704953070437658,1.0833155979245535,0,0.006183714806869007,0.04575599653190104,0,-0.20035432336345177,1.8161424197884686,1,-1.2043124917297106,3.18411181721164,0,0.11058440849178472,0.7287002141493659,0,0.6563685230844567,1.1558153726648517,1,1.1898060028778712,2.4577895697616925,0,0.6900852286629249,1.3651234728062005,0,-0.01863010979294384,0.07871816176570105,1,-0.2844281845877119,0.6170953641962872,0,0.010437906414276483,0.028624950300985556,0
143,250,0.6,rf,0.3760769761995788,0.04307219371920424,0.039681514858813015,0.10018441501502905,0,0.3946761573326879,0.2191617647430905,1,0.4294574223638694,0.194503459914616,0,0.12082619608810723,0.1878002781818057,0,0.16695258659292173,0.0677846670092231,1,0.015836566214724485,0.11981890893737802,0,0.03960547016056241,0.10096405560583585,0,0.17577380188416808,0.17780400883221611,1,0.08869854337830313,0.08601097516132601,0,0.10574499036501923,0.07561124124423067,0,0.5691348218077517,0.3075002566344776,1,0.05055123786083595,0.07092061021651791,0,-0.022268145453842945,0.04277948192102328,0,0.034583448057964435,0.13281761250244561,1,0.04661952784933944,0.06692687457565956,0,0.002612224589136414,0.06712517128603404,0,0.10149387424610648,0.17862593465411375,1,0.09748275081887334,0.0778549016256594,0,0.04672842314342556,0.15444569869402738,0,1.4101998457524805,0.44315440586380894,1,-0.028880968053591343,0.082309073910277,0,0.34174016803322893,0.10774248436516906,0,0.0017786986789225356,0.11674705150863668,1,0.20068944198564567,0.3048866315338182,0,0.14892065060442622,0.03291525355010127,0,0.36398667731294565,0.23052109937977833,1,0.08002779492571539,0.16434555648325785,0,0.04446021444802776,0.182057756056709,0,-0.033362857224972876,0.19248080225799732,1,0.049826365322142,0.1375412459754235,0,-0.009793347899023985,0.07604462354598385,0,0.1525367368855826,0.22242221464298545,1,0.0013266926918687806,0.21530108400355374,0,0.04504534319136981,0.14019544993476404,0,0.10125937250549044,0.08903700709735687,1,-0.02197506506834376,0.10106406419331122,0,0.012468579851884,0.06974410210513836,0,0.1528808061314694,0.08701230758661863,1,-0.02764116357738905,0.06889596933090004,0,0.05556507996287626,0.08378569908613905,0,0.47324371512431407,0.15876552272925223,1,0.3193048581512743,0.21837343734204268,0,0.06978837492396564,0.08346369331569688,0,-0.008994077692248244,0.1308728726433562,1,-0.03820489282113752,0.11063101551881124,0,0.04255267344249749,0.054434349058854636,0,0.2791513567862295,0.16719617639736825,1,0.028569187088833346,0.08542567540268042,0,0.06686540982021257,0.0706178750102629,0,0.12873121155821224,0.09001118805186979,1,-0.002597112724303301,0.044851999966262025,0,-0.057596819180155065,0.15390382212769238,0,0.2620722467882038,0.11899023515213301,1,-0.073556855033667,0.05597236608741663,0,0.5704156952069533,0.07930127021554062,0,0.09077695479110635,0.07051469456175495,1,0.5330953345183034,0.4771320949903449,0,0.16367863684741837,0.23116528499447214,0,0.05612579219149736,0.09865355847294656,1,0.09949145961636989,0.061184732883254524,0,0.46571272966358046,0.49673049348906684,0,0.6503112958267151,0.4489685288784339,1,0.002937319770944897,0.04213090052244462,0,0.01361820263994174,0.050627434207204815,0,-0.011061846695102186,0.14332690385622207,1,0.039008389853905215,0.11007129565136964,0,-0.03848234532717655,0.06418214360860623,0,0.14216199950827121,0.05520936240933965,1,0.20529773083238573,0.23816931779104858,0,0.26714882324733347,0.352100733177459,0,0.34442141135226106,0.09179576921381488,1,0.12149961580208565,0.17175615644350273,0,-0.04803655645353534,0.05898500953998754,0,0.059015306974823066,0.3943111958619744,1,0.003293357425275984,0.05327674688142504,0,0.0671545468145976,0.036956915837512344,0,4.623523839089296,0.6261277533231813,1,-0.10484228360545929,0.14048008114595464,0,-0.032876204376126685,0.11233452721349503,0,0.19502868815315247,0.17181203522541477,1,0.12193703494936636,0.12517712124992905,0,0.06655826279598853,0.06336617172008356,0,0.0025288907966113106,0.10435980703158287,1,0.014514439135923268,0.10151400850123113,0,0.12605528667123356,0.15768720881536188,0,0.04608383656509792,0.08224267566853057,1,0.2312242080242711,0.12537365373666218,0,-0.07441480800330538,0.15473184738508872,0,0.13731889713556525,0.047771392961369556,1,0.06261535318579753,0.0832796320329559,0,0.17831618302985358,0.3167137158591623,0,0.31197885960845795,0.30987988264489397,1,-0.0677500498436798,0.0214220444150327,0,0.06923439079825214,0.06777691045783074,0,0.6798011349511616,0.3768525407364801,1,0.029088298051745242,0.08119235550625138,0,-0.06608529058078776,0.07975386096877095,0,0.06486076582609344,0.09309150110388616,1,0.013425318492153194,0.09147980471001883,0,-0.037535964572371947,0.11104264548413625,0
143,250,0.6,et,0.4003703693157276,0.01464986319076755,-0.02240437153777795,0.06510071728144444,0,0.28797840206487796,0.17405274824353992,1,0.5216786482709269,0.12763764609837625,0,0.14119790837305776,0.08936912387383902,0,0.2604660589177764,0.30951643003576856,1,0.02691145523514098,0.2560739920651003,0,0.07429790425854807,0.046839938497049184,0,0.10454802506248406,0.22263733854773696,1,-0.004029343329466776,0.15225395170707778,0,0.0761059498405013,0.05305334742745056,0,0.3733667487924507,0.3059737421997249,1,0.04699660578040447,0.11976209275215753,0,0.009902477418571169,0.11811558621029511,0,0.1333318008091039,0.1155416110080157,1,-0.03216475188500404,0.23923735816345773,0,0.04372817074545816,0.06044329836700532,0,0.11844109640846441,0.1582606331045947,1,0.12719364888802548,0.1306439356649301,0,0.17150415341240938,0.13824485389768668,0,1.2018031735008328,0.5326670906417352,1,0.073594704357233,0.04034662212676236,0,0.40886812972667264,0.07728147919529732,0,0.07965184248890622,0.06247876289139794,1,0.41962535158019565,0.20048985751049464,0,0.25531276825828975,0.1515041252025918,0,0.2645576596102742,0.07858872160320197,1,0.05517379622805346,0.2766435638564059,0,0.007802457783785721,0.1342619334999129,0,0.20068340939908688,0.17630711242041203,1,0.13048574005531238,0.2823008125523889,0,-0.0023874703608065275,0.08689457646522845,0,0.28145431718735714,0.21072813848264124,1,0.05630886795224617,0.11601797547504142,0,0.11068810498232635,0.12797549937067043,0,0.04557658586699352,0.10984573784102296,1,-0.052672340388045455,0.05338594673071643,0,-0.0076957250823606535,0.07915887372097624,0,0.1019494465411173,0.09987987670716293,1,0.011019664774195987,0.03512422566751266,0,0.12968380213091768,0.15682721620570567,0,0.6513419183094926,0.6482241975535903,1,0.20607646881214453,0.07263151995394658,0,0.03075043425092775,0.04813006038954981,0,0.06762498947724843,0.07648793303923375,1,0.024226094046935615,0.044379751794922616,0,-0.05062068552932868,0.08677363428375118,0,0.5209469970496493,0.24564460764689083,1,0.027839681959320718,0.1366687917176093,0,0.1304787222256635,0.1355534627405044,0,0.30466055230079103,0.19209693077143053,1,-0.012867204099825173,0.04335205452472533,0,0.051508099430861355,0.10883086408632978,0,0.22596382973962165,0.15767459743364975,1,0.02598837089621537,0.06872482455880989,0,0.6768006676387038,0.22096471079556815,0,0.06245587343982155,0.13648299651498125,1,0.6841399205730798,0.46010988413383136,0,0.23352338671633235,0.13212052533122756,0,0.0590997975613106,0.07603200168920446,1,0.1769892313038458,0.09832800250334342,0,0.4074592258187013,0.30267483921316685,0,0.793780852279768,0.37339848115745394,1,-0.025425724799324666,0.0748223413148392,0,-0.005445328985848849,0.10301300918729196,0,-0.055829327734722226,0.03763729528970997,1,0.03666318574161579,0.09132736954214146,0,-0.02687015220011193,0.11565670697545329,0,0.0978917563953016,0.11051625959384737,1,0.14829595702772477,0.08770563055865642,0,0.3188695936268199,0.1642356062543454,0,0.32097591818825183,0.1939187505224977,1,0.038904917858735295,0.0796648687569616,0,0.0005563495238261162,0.08432247899861127,0,0.3063023146150287,0.44384399701136,1,0.012833892676555606,0.1336477926127361,0,0.19486785787816968,0.126656805151388,0,3.761953360340655,0.5972696885489446,1,-0.05952352210236413,0.3332080890491953,0,0.027865143637276928,0.06794074915115264,0,0.33351539378726736,0.10562702638078555,1,0.15144864160247878,0.11108628391742276,0,0.07202930293340251,0.07713153149883013,0,0.10964000900726283,0.0776211832197384,1,0.09103802938080457,0.08148189464793881,0,0.0725082954736305,0.06394628674458369,0,0.07083403712131886,0.07349626113130008,1,0.4029471543100088,0.14185872456617601,0,-0.03884891088613444,0.15402971623233816,0,0.048133728011081,0.24709879697113077,1,0.019057379078252536,0.09812038566365527,0,0.15443712817525196,0.13399728959835758,0,0.14332776028182925,0.2849740241035576,1,0.1349661974039832,0.09437226876829782,0,0.05425358636134607,0.09781628477175437,0,0.6170010175762612,0.22056970482769614,1,-0.030894835044791354,0.056372673254406265,0,0.019805451228332643,0.08797507700336314,0,0.022278622919660252,0.01678080842092664,1,0.016607444207062328,0.050328017717151056,0,0.006585591714443622,0.04690938740827063,0
143,250,0.6,gb,0.4970115727632708,0.03783670874835091,-0.05131318901426131,0.09544845780802913,0,0.2722861206966045,0.1395954218517643,1,1.1207802617701528,0.43349276024860617,0,0.02440469187084455,0.09081980967983155,0,0.25439773114455255,0.13288327961635762,1,0.14775232726740367,0.2011889894287,0,0.06089414074399352,0.09177835298220584,0,0.47445066412937065,0.31081004510683435,1,0.1143620339497996,0.22321956743370147,0,0.08794399220793661,0.15126950606871536,0,0.7916458436764136,0.5400202998723774,1,-0.07430946098394069,0.13337856293786046,0,-0.014400121149090301,0.10096138703258145,0,-0.002877785395127176,0.1009194058910314,1,0.09164436668223992,0.046014353044992025,0,-0.0178391029371316,0.026429156327940014,0,0.5952107339911896,0.2881021113407578,1,-0.007494171311755465,0.13085750454466638,0,0.004298327419693743,0.2136281876283032,0,2.350138703105094,1.0810843298862276,1,0.0020805586335826544,0.004128808148315874,0,0.46586062567282127,0.3534980074450409,0,0.02769604665113131,0.06963003287045415,1,0.06286876236627952,0.25600094573493043,0,0.13173011166070803,0.11334059217089078,0,1.4984386405439198,0.9421314525673501,1,-0.09915824340937593,0.4382810409477211,0,0.3019701251376039,0.5459138417497912,0,0.19071387338159357,0.25590970554314585,1,0.17112650515390115,0.21067002518645586,0,0.005935460315874719,0.08548541593127837,0,0.44925763727922535,0.42637015936510236,1,0.03572281098195613,0.06498957942033112,0,-0.04705650496718621,0.12895222796213204,0,0.3708221839469775,0.18859002358411425,1,-0.02068903031289527,0.037404180730667626,0,-0.006963559500910166,0.045797932094379774,0,0.15919218640856653,0.08829262615965713,1,0.03614062941295654,0.07397269486100541,0,0.22407259140890795,0.06735301190869156,0,0.838357682927046,0.25232006788212236,1,0.7843553270206598,0.30814267488265146,0,0.0109895211513206,0.06369270669622594,0,-0.01665251698080026,0.04933757524988899,1,-0.10126327438516283,0.12156129967354995,0,0.0321138337961443,0.08187002343680892,0,1.4106633211950883,0.8927219243302064,1,-0.026211997770324715,0.05544193775497595,0,0.2797040138322589,0.2171617741447317,0,0.2902772103196701,0.2734695632821003,1,-0.01350711577518281,0.03026803819536285,0,0.023942200701203543,0.12322060115479469,0,0.24354034983044465,0.2073842708418247,1,0.009236127344228916,0.027051731788156234,0,0.8636677560093788,0.43999100249842366,0,0.1503581176562809,0.15046022826069363,1,0.10654521218760893,0.26694089007105676,0,0.07578209783098336,0.12178712053655918,0,0.03878605296281366,0.10743051603673202,1,0.18611264365645563,0.30770462783115043,0,1.3213803587834188,0.7340105620668642,0,0.9754946595381059,0.9636798678377837,1,-0.03108955120245126,0.059592027661889306,0,-0.006583078391489194,0.039751997210685286,0,0.05931122516760753,0.09744090704920982,1,-0.021612677236452084,0.06825742700687573,0,0.011557025022117159,0.02624649826154484,0,-0.0008945743043060051,0.23528812581968206,1,0.32778342869076893,0.4549256815657433,0,0.4929411065772033,0.18007095364591716,0,0.17332681298154146,0.4270361685542295,1,-0.10974075883672607,0.16622959953687017,0,-0.043037834121862246,0.09930431968593748,0,0.561194482327266,0.6264335876547444,1,-0.04073016293659447,0.04571604689008655,0,-0.0062353493021838485,0.0874157566364555,0,4.463815018464569,0.7589528603946598,1,-0.035710997848241305,0.3490368662791364,0,-0.026346306540715857,0.06362943765414193,0,0.19909263768928623,0.3477881474035396,1,0.4341693263794463,0.7494275573944073,0,-0.08716042951616731,0.13211776299788056,0,0.05895501727381165,0.07405710781286255,1,0.14396007149661869,0.27143815580140507,0,0.2103345783615997,0.23105931787402412,0,0.145237618758612,0.11656932012959789,1,0.24453414167524778,0.15583552149034727,0,0.002415163704229853,0.03380972265404234,0,0.1322452631793674,0.36998618403575273,1,-0.0025899002927870785,0.017343021186313576,0,0.26036113302090114,0.1654488695925286,0,0.42932214310664074,0.2755620977358016,1,-0.04842652602192992,0.04917531299598774,0,0.04542285590296771,0.17429860214471218,0,0.8922398912054957,0.8764091630276158,1,0.09031416135411606,0.18009364387651658,0,0.0009824593303254547,0.019408389122951335,0,0.08475228803957573,0.09354167369962219,1,-0.022048141508833767,0.053789825016492446,0,0.042355677828276435,0.11659238293024675,0
143,250,0.6,hgb,0.534399138261697,0.02119255661295371,0.03058999551064594,0.05897343085361944,0,0.48119821292022535,0.38629955389623893,1,0.8462532729941795,0.3848793423091578,0,0.14076507210129338,0.21636623468383634,0,-0.10397687921302379,0.2928786645956657,1,-0.014543030647235056,0.04773402787051559,0,-0.02449782600889335,0.0331802706571501,0,0.25280978328914455,0.6159493937294392,1,0.0717754592568886,0.07125975098141624,0,0.01523952410398571,0.0695978853329799,0,0.9811381176187857,0.37019791630390864,1,0.009127440131123089,0.03227092846670367,0,0.021571144911381127,0.09603345545089248,0,0.12484577855342774,0.10774766538801107,1,0.003609558375248656,0.11358244548760939,0,0.001846269178501771,0.0020383444048767043,0,0.33175364790909584,0.36576180627628263,1,0.05670984619832607,0.11285920271534124,0,0.15108606037384179,0.18059924866557406,0,2.379730985037925,1.3976009107879588,1,0.04117176154721609,0.0661375849436237,0,0.36246319207306443,0.33929047861750133,0,0.04637476338094735,0.10857527460891848,1,-0.050827079312392845,0.13710274199791364,0,0.139114551429201,0.15592939300858047,0,1.17826954868802,1.0994385098347326,1,-0.07682982237954031,0.44002465794318574,0,0.14597420712800174,0.5359238417685511,0,0.13839566906581036,0.230868793365012,1,0.002616938453533779,0.2293947722229027,0,-0.09291332179970849,0.18778680706669018,0,0.4281523837546678,0.6821403544406959,1,-0.01293680990851842,0.16808823004370887,0,-0.07896199299777007,0.1562478315307428,0,0.5628171395982511,0.44533179876042367,1,-0.023195207232942702,0.08040822276750023,0,0.0016605510510250298,0.07681630432010049,0,0.36599964785599753,0.19706853055272852,1,0.016785782887549918,0.037215884217813015,0,0.3401532616129278,0.15373160059174007,0,1.533097890816777,0.45519694749137674,1,0.9460078885964365,0.25698816683555525,0,0.02876000195057915,0.0512508268528837,0,0.08031169230074431,0.05658299528610935,1,0.002497453524672154,0.05826206506806851,0,-0.017561399049250935,0.05330506064381537,0,1.290073085207615,0.425767533953572,1,0.04010753783314455,0.06253630567155802,0,0.4284325029956596,0.21474547899180302,0,0.584829651135802,0.1214358393437145,1,-0.013236926843705931,0.026473853687411862,0,-0.06007093245659836,0.10903850251950964,0,0.1865104485488341,0.06988080096765227,1,0.0471809764419098,0.07951071097377164,0,1.1748890454032301,0.4631152901201651,0,0.17198295902670313,0.29395525431059233,1,0.1813578167343335,0.24112845063420546,0,0.00201114345062568,0.15338260684985133,0,0.030691990451432095,0.10471113794723658,1,0.18330606937746613,0.21898159293024735,0,1.1911624684531499,0.32518310067389516,0,1.4613149323790922,1.4373812736071283,1,0.009767355536851072,0.02765914852158532,0,0.010504262512890323,0.06364489410489563,0,0.03826105194278305,0.060597743871344235,1,0.06795101177948784,0.1182498513468927,0,0.010480289375074734,0.0306451409766335,0,0.223084526359662,0.2339470104001569,1,0.10396858425837227,0.17479995022885053,0,0.29101472829976927,0.1613033119691059,0,0.4406205578101668,0.2034480715946693,1,0.006149952894960053,0.25859986997385404,0,-0.00413858525721523,0.07596112405729455,0,0.6652777222474138,0.6802353323954595,1,0.16047444852766582,0.15847995655198177,0,0.0002558683729039536,0.03140648843102148,0,3.7421496389598645,0.8248020625205685,1,0.1456938445872238,0.30527893378075194,0,0.07019562108637606,0.07278160059115536,0,0.5575254990485689,0.37306178523947603,1,0.07039988363346229,0.08956132299208673,0,0.03674564994616784,0.034965897849089274,0,0.21625892030804666,0.7479947636376262,1,-0.008995210521316705,0.11059391677004596,0,0.19880925637866861,0.10849822582478343,0,0.06627073718503429,0.12403881694553369,1,0.5420418741844742,0.11433549494837957,0,-0.026127558075873004,0.05620748643520366,0,0.36012660327297963,0.33232744181764134,1,-0.05582887927570659,0.18063074848322305,0,-0.082396644284081,0.2329684579961312,0,0.3522355706984781,0.31852010969177663,1,-0.007194548776029178,0.06595962508520771,0,0.02706298484799251,0.17609031428480015,0,0.7816813134325652,0.6885823121926988,1,0.06094497499983438,0.1597406267827555,0,-0.01615100452824309,0.05904054521030056,0,0.07115436405704749,0.07885554931452386,1,0.01259695890929293,0.039230182926454756,0,0.01599841625917257,0.04711494945729928,0
143,250,0.6,ab,0.39464220679151074,0.08733984832006582,0.03796375089780184,0.1214649806332938,0,0.22244163662352912,0.18222950573451607,1,0.8807867111178872,0.47597084265313827,0,-0.0039206177792899585,0.2734728649022444,0,0.14774160029264655,0.09258940504237968,1,0.04365338339503846,0.1078621917829184,0,0.03591750840564234,0.10726600636958804,0,0.25497852457611,0.20186609057318372,1,-0.08586961139186441,0.17476952109644062,0,-0.10954347913949328,0.14042659861243326,0,1.0400619705425196,0.7878102731314419,1,-0.020550794190411403,0.2068152738957978,0,-0.09994868702690858,0.21624277013673415,0,0.11394392169680596,0.15615000913757934,1,-0.01072238588751057,0.013010812189718937,0,-0.034575599821411986,0.053649449498717576,0,0.4406045375810524,0.5297226016991522,1,0.08752421778039439,0.3028075519523808,0,0.14146700500410012,0.35409284938159247,0,1.1904969408264507,0.9153058591548456,1,-0.04153739143657326,0.05794733576554032,0,0.35522141312001226,0.35298898439917853,0,-0.10629119470915534,0.2472156970109581,1,0.18580004468345557,0.31790517756822556,0,0.1702291077460994,0.6580892014552355,0,0.8871517020899482,0.39560575238593526,1,0.22783751838001426,0.45741903225532105,0,0.40484877269753994,0.6286620161339603,0,0.11710134634114766,0.24698578058350376,1,0.14976296080215332,0.22451122638877058,0,-0.03877491165136108,0.051554200363959315,0,0.4055893314192818,0.20743019961319084,1,-0.08417869301329133,0.2705588338563174,0,-0.13999817055984592,0.38695820072038883,0,-0.06686205785287483,0.5056285679469936,1,0.015837691188391446,0.03167538237678289,0,-0.0524222708949294,0.11049214801653676,0,0.5336046832913821,0.32991930068666736,1,0.013486436340995467,0.03679022584431334,0,0.44001862385662555,0.37282122231819487,0,0.8021911480500439,0.8855597966977353,1,0.27190964376226157,0.43683272737850615,0,0.03680733331705943,0.0583529434458959,0,0.050432014010127466,0.17367953507297673,1,-0.07451778166979221,0.11756112157231915,0,-0.06847713582486929,0.12131777690299925,0,0.608045289337326,0.3058941501896949,1,-0.023317324139335384,0.06313065079473773,0,0.03580765484491764,0.21205586505201351,0,0.2674485508852143,0.4128824387840733,1,0.0007150903069639298,0.0014301806139278596,0,-0.11809238122950724,0.14439497783434974,0,0.34544527773936645,0.5795313751261386,1,-0.08594973813810514,0.22510557514376717,0,0.5243932783548118,0.664394685492474,0,0.007721415923825542,0.14832511183598393,1,0.04409715561093204,0.14572256622077598,0,-0.07922643997633907,0.18909758729157733,0,-0.03409437654373128,0.25054020864183185,1,-0.16492571771082878,0.5705132462162796,0,0.19014193873628984,0.3287233372125328,0,1.5001391800960362,1.0166677986483836,1,-0.00044914802483594945,0.0008982960496718989,0,-0.05674678980621314,0.09845271598057158,0,0.04681666671886215,0.04529846158489789,1,-0.017202981579828212,0.17448458360587288,0,0.015207729337416095,0.03906956479049563,0,0.008994624628553678,0.17058255452475446,1,0.09617116373507631,0.22362884385425735,0,0.003444700907599685,0.13439041362346743,0,0.43053052558968224,0.3589100984627656,1,-0.008989965267708478,0.2430013923864659,0,-0.09517468740960802,0.1397142591994916,0,0.0827330623603472,0.34758173006837895,1,-0.0674969887666603,0.4251061009828996,0,0.10321276246440306,0.1315919442868568,0,3.5893656734301573,1.2094959857783858,1,-0.0515993459391018,0.18569642140211348,0,0.02094593725505082,0.2324218226170428,0,0.13904384547863685,0.47179998193456546,1,0.2591279237348186,0.15989412242038373,0,-0.026395925478340333,0.052791850956680667,0,-0.14813305961499224,0.5874817108098105,1,-0.02722776843297487,0.04994564992244841,0,0.1605150104157333,0.20605365628479413,0,0.06856832839398704,0.1041024801508857,1,0.25862721196258753,0.19100484246278318,0,0.05769167040424109,0.11700099825071193,0,0.05958527012326793,0.16600803563893562,1,-0.0918531555952721,0.2701786573693424,0,0.06169782776162046,0.10207424619092784,0,-0.09409742593133351,0.09967850761574269,1,-0.012253641476599724,0.13015105460567744,0,0.07640963961773488,0.2260456234529064,0,0.4230994326574823,0.6042147991451751,1,-0.15545789118859948,0.17440348863627564,0,-0.0441143010150353,0.19287464250137892,0,0.05841351946969805,0.1610251980048191,1,-0.06178777778457325,0.08524510216464512,0,0.045487154865975744,0.05622958802555529,0
143,250,0.6,bag,0.28428941276370995,0.08113323195782016,0.017337198658264486,0.18978869620925218,0,0.7870466369330721,0.7601212871107614,1,0.22006805995255366,0.365718277415945,0,0.48862373851044644,0.7455995141259223,0,0.23587737936187372,0.5010631823168693,1,-0.010269368944831903,0.4684465123548177,0,0.15178061182019512,0.12333718428375053,0,0.44464309167742666,0.23526660485239997,1,0.1861422887580007,0.328113605052736,0,-0.24695199529598452,0.11674140487430265,0,0.7600311243444584,0.5012701444486684,1,0.3821814826390691,0.8200324645341818,0,-0.05401747092311491,0.10229951684898543,0,0.34978058223533937,0.572710767886296,1,0.23236920829930857,0.2586984956226986,0,-0.1483615224903112,0.10099247468511574,0,0.227719572826285,0.27733240536940323,1,-0.08416062278808059,0.18185867347158238,0,0.27361164042767927,0.17093604369396254,0,1.7478790545978562,0.8007447994481921,1,0.069461129805718,0.05372187112992983,0,0.5033049025178034,0.5717067224451102,0,-0.08166519862489366,0.161769673124989,1,0.11786715814425411,0.2158147778911798,0,0.12134274449809139,0.23746854444233037,0,0.1510442731010338,0.7476077384616067,1,-0.4452892774801255,0.7634010844820138,0,-0.06901282784949365,0.3681401854381908,0,-0.14662201188252694,0.21023554839573003,1,0.0906374046094428,0.1185905376321429,0,0.19398053897515952,0.25985347561137395,0,0.1816283769382312,0.44024305319628115,1,-0.022230924192416724,0.5941827212942772,0,0.13722339799496536,0.18801010544460994,0,-0.018100911326081916,0.24404960236776527,1,0.013930184824636557,0.04721392551211118,0,-0.10436863820037239,0.12001240709148062,0,0.104765368806406,0.20330370447857468,1,-0.34641312311801664,0.8518707881480178,0,0.40579385851092004,0.42449616170256943,0,0.7354596638425308,0.7409509486760677,1,0.06129907511607837,0.07044904616104097,0,0.027806134636501716,0.13370052606582356,0,-0.019361866216169216,0.2211604549364953,1,0.0819162933957355,0.3389623376202245,0,0.001802283216002304,0.22244719038757596,0,0.28775895850248445,0.35041262212482993,1,-0.05085312651886055,0.2548111673124855,0,0.04184963164337265,0.3619710613443597,0,0.2212100365749518,0.37199394023682947,1,0.020731881680609056,0.28083255468453716,0,-0.14361213899684747,0.15151163154159064,0,0.1772468984227112,0.23351530798179976,1,-0.023602273696712812,0.1618532833076236,0,0.6877431082531581,1.2154710573047052,0,-0.03745489993025688,0.2567668018835058,1,0.5275068036385335,0.4304253156053827,0,0.30706222266842,0.6063988311578674,0,0.06678721165889086,0.2176344711781114,1,-0.3077936549223418,0.3463892634435607,0,-0.005830291805390753,0.26266675766317477,0,0.7550660753610929,1.2827958389245635,1,-0.04072867667118248,0.07470611903670761,0,-0.0374523246145515,0.29003605022947676,0,-0.018960678189490498,0.3703762054720364,1,0.08142936571565669,0.19948801360438623,0,0.07046090306578925,0.14600216202367045,0,0.18898014377252154,0.25339304378729716,1,0.5768465780144945,0.8888784068111737,0,0.5218578517288767,0.4325409625317457,0,0.31090360202778583,0.2850162855193069,1,-0.007903002616326404,0.40618747066792826,0,-0.01628187842189773,0.23497412824060074,0,-0.30070574491636093,0.591169145577674,1,0.2319206187156686,0.3594246603462715,0,0.04068888136667163,0.18706149341188866,0,4.240166746390169,2.1170097656345743,1,0.1863022240069372,0.1725160052001769,0,-0.10963218260254375,0.6204870441925237,0,-0.040137541207504936,0.48530399075928793,1,0.4389233610936511,0.4097996959820511,0,0.04094015406292646,0.23245141426293886,0,-0.23532126073950438,0.5545024236940981,1,0.027277369710371292,0.3415659467503203,0,-0.028920638867537585,0.10125461932232185,0,0.022784164268567254,0.10599153484355966,1,0.4244069738255615,0.5924022904690175,0,-0.08515703780032705,0.6420912734086056,0,0.38910435894769596,0.3584234320402158,1,-0.1897845170562329,0.10270506909416652,0,-0.24633842084371205,0.43416201026302614,0,0.3683394085850841,0.6873663327639037,1,0.10730927983135401,0.41689961050939817,0,0.05345509556609764,0.5056734764694922,0,0.9126564104263595,0.8294020291891665,1,-0.05710397762882861,0.08376822254731599,0,-0.2078273250880467,0.26595250984110214,0,0.17914155428012235,0.2704732072532381,1,0.11471323404840192,0.1412157227126969,0,-0.012780730392736018,0.15683388047515842,0
143,250,0.6,mlp,0.8406527949939621,0.0384772398961937,0.3705750873596708,0.3120120821428351,0,0.8195652183818792,0.3402017932985909,1,0.13005549923554416,0.251674533392929,0,-0.003729195882217278,0.08908274134082998,0,0.7909868807935897,0.4636069148542925,1,-0.04045909216305931,0.25113675089250465,0,0.1745273572948867,0.24815935120384636,0,1.0418841804132672,0.49942309704748944,1,-0.043602064749865554,0.08506635502187412,0,0.051250501793718116,0.11165805323082674,0,1.063371877009423,0.4314960898427985,1,-0.039921371710505395,0.098146198706803,0,-0.027890069879546148,0.13038801295788502,0,0.6692007985035857,0.47540016631890675,1,0.08179371409140848,0.1683714935896701,0,-0.01632719140992977,0.10952604388127676,0,1.1025160045505544,0.518690618510671,1,0.04847241906995575,0.0850404998305871,0,0.14153401127197462,0.22276098449763718,0,0.9749937169223012,0.34473892427513664,1,-0.01938774426161459,0.15531627270953569,0,-0.04758674867630556,0.14514361191089578,0,0.3209837403123246,0.3129706149871679,1,-0.0777306811383243,0.12302907004630378,0,0.13774836189438794,0.23945436380497573,0,0.3570482773345247,0.23433006915947346,1,-0.016990815613523984,0.1297941300262801,0,0.35539993668610687,0.3094318525576916,0,0.29406435445525503,0.1446251853860432,1,0.34809070770563844,0.29480156830437354,0,0.05132850696158005,0.21092750872435734,0,1.188087749026897,0.6396376831096983,1,0.10903319806229914,0.17242134858061425,0,-0.009115286668905612,0.08262616775412603,0,1.4678093681998707,0.4716639805188272,1,-0.010702151796503167,0.12851089122744117,0,-0.06935563738630252,0.1416311196696727,0,1.2007383359842863,0.5731194592195284,1,-0.03487200028782293,0.09848562299542961,0,0.15849722669395044,0.15343835758941446,0,0.6585428643408477,0.3120720122004453,1,0.21910944710648222,0.1359541256756828,0,0.15060735413423065,0.12242722267211188,0,0.71779249862853,0.2779670107507437,1,-0.05253511848886776,0.09454794391474299,0,0.05727248560889533,0.20502970052444966,0,1.106089957762288,0.47324595031465905,1,0.01134960089402193,0.05087265060843916,0,-0.038340365209203045,0.1696222768718868,0,1.5507141952055186,0.6272102647266916,1,-0.0884192884009323,0.11501076028421962,0,0.0475074674920896,0.12109690373775636,0,0.4600505448158857,0.19713790162182357,1,0.021321477560220674,0.08713063721197445,0,0.42934236807359316,0.1628977035713429,0,0.3839897537372531,0.12692270936639452,1,0.26347295069585563,0.11320226372325386,0,-0.012299808024744481,0.06668298495301886,0,0.3052706884836024,0.22264581556104612,1,0.190665106830955,0.205367642018132,0,0.2379575944641798,0.22072376980028896,0,1.0552500107200862,0.468707078143157,1,-0.14130841376249928,0.030280258727610195,0,0.10073472276787805,0.27310977555128485,0,0.5877408206241526,0.11150106344177033,1,0.028672691356858366,0.14174962208406922,0,0.08263742499130837,0.1264997461055692,0,0.7716997677893237,0.3123977348885632,1,-0.03291135908124394,0.19028395981693133,0,-0.018641899093987647,0.10099604785622256,0,0.913111031546142,0.49489896933699057,1,-0.03496691746632345,0.14549703111940515,0,0.08379057479398713,0.11939629744000378,0,1.2382197668135786,0.6040041106942454,1,-0.1158122228585978,0.017735082570421057,0,0.1633270831072207,0.20718671122073132,0,1.1381010698859462,0.43877736184152416,1,0.10300758207929883,0.09749633575320471,0,0.0861309746889732,0.18480952900234565,0,1.0939308927666411,0.39694379255076306,1,0.04275046675661205,0.08987160800795228,0,0.0970692093000686,0.15468602362847678,0,1.3651518127390982,0.42696154336762265,1,0.003289897237159603,0.07655428954588372,0,0.19600878606470667,0.1352971295279801,0,0.6078052816835581,0.168584942555739,1,0.09118568384114163,0.08257904903130216,0,0.02104286106795223,0.1974703729481397,0,0.8488477043758165,0.45400511866425286,1,0.09536238703436688,0.12688242553946333,0,0.026375936681119882,0.2533397987599638,0,0.9651378142526559,0.6173761214115111,1,-0.0696980232143951,0.22491186398580007,0,0.011372053942803603,0.14170252660350957,0,0.7910555203554498,0.24376233202240064,1,0.044976358110139114,0.06557049607695242,0,-0.11654953110089172,0.12367053993080857,0,0.8985569674794893,0.5131247375432414,1,0.045743327451115576,0.22153410028417406,0,0.004506241070350764,0.1554107099893673,0
143,250,0.6,svr,0.30000040041409637,0.021504103539646467,0.10140034367931187,0.02919889261098525,0,0.2960619098358152,0.07530190327031248,1,0.22405403332625978,0.053653822287194536,0,0.15781992883358098,0.05976719081504399,0,0.13556995737648933,0.07521873324956783,1,-0.023459783954402496,0.03193973590826901,0,0.12726531159394444,0.03672095032343622,0,0.15477753126156643,0.07327454132260797,1,0.044597127656834754,0.059244421308069464,0,0.06536563867929282,0.019156001374437147,0,0.23309113683245336,0.03542447405939104,1,0.004010939899574679,0.023971751691223706,0,-0.0377660313958018,0.052838121058090874,0,-0.026634946090399025,0.02407109250477877,1,-0.010225807032314863,0.03307944036206255,0,-0.033746915466771166,0.05208179002450857,0,0.0452662154410252,0.0371249072103111,1,0.13419170980433406,0.07432009593065933,0,0.1692137971112771,0.03292623880869726,0,0.40099734653104396,0.1286046931002195,1,0.03965094719851524,0.034196151176063776,0,0.27529922883592806,0.11193813885225849,0,0.13635253594350272,0.05176318379442622,1,0.17440359900451585,0.08650823283605272,0,0.15628371184430476,0.056010603640711074,0,0.13615456053077288,0.07549105175137186,1,0.16892298788665927,0.18715694014852519,0,0.027200632431046257,0.10826246228578532,0,0.056059978213186826,0.06372050568223435,1,0.16052701929878216,0.08423576249293604,0,0.07022271996120835,0.07969845642172238,0,0.27968831984746567,0.20844010949890304,1,0.07279749886890949,0.16281925868409147,0,0.04855929895059328,0.07403894973939179,0,0.1048194733933873,0.09704297473200615,1,-0.030544300791061053,0.03667804459811772,0,0.006949488484637967,0.0445110892132047,0,0.15280661811687804,0.07145298000131754,1,0.023338096911724664,0.03150811381100997,0,0.1775656233679684,0.14152853049279307,0,0.22436016652920263,0.03443686582151439,1,0.10540143321122959,0.020649534291264943,0,0.07325660805774765,0.02715435651706152,0,0.037697535411224205,0.041776911327267574,1,0.05610658262555224,0.051237387089391906,0,0.07911768721209869,0.09571150056401358,0,0.3439233208501581,0.06270712104140481,1,0.0816180143438772,0.057410628462775413,0,0.1696489192731464,0.068021774547254,0,0.25894761932892996,0.059214329009851845,1,0.022519708441847152,0.02437051771289447,0,0.02557431839708238,0.057008553442690534,0,0.15087525165465898,0.02745503887131058,1,0.10292498081644455,0.020464149812555614,0,0.29697791534906,0.052540874484562884,0,0.14642397002290045,0.059183064518717826,1,0.23696542804382945,0.06240738925931052,0,0.13119542252011415,0.01055790550871957,0,0.1722095002835123,0.10592179583987758,1,0.20302675151157587,0.0796863542045277,0,0.3145029073364114,0.15647756352669556,0,0.2630336493687531,0.07595242383238317,1,0.018323244418932717,0.030693984953662868,0,0.03398643358168575,0.04025808562128156,0,0.05170192791560815,0.07052036728928203,1,0.04943644032566641,0.040863420524454026,0,0.026825918993482124,0.03664282047404455,0,0.06311951632348406,0.037493862049159624,1,0.1707301425945866,0.06046736296201395,0,0.33171542730258663,0.08244493272757117,0,0.37420505047647945,0.1107490692432775,1,0.08262138098769597,0.08249050843368869,0,0.1232565763985374,0.08761349109561721,0,0.3125784612689803,0.15978734665817382,1,0.09475754294115588,0.05396523947012865,0,0.19460088072747134,0.04724102154051265,0,0.6920806741511976,0.061166854645297926,1,0.21541166864568595,0.13850024435255964,0,0.07997806162980277,0.03004813527239346,0,0.3479680836687543,0.2137938311712917,1,0.09933518848573827,0.05856935880828421,0,0.03402573290639539,0.05772153832931355,0,0.15377246158947977,0.11164704915317641,1,0.03555954414844712,0.02184489122146627,0,0.10707832914818782,0.04798325830907561,0,0.1014238499443079,0.06300009035901677,1,0.1647686840904325,0.057350658825202704,0,0.04886498588513317,0.052784419035492344,0,0.18305587836191878,0.08360516734946985,1,0.021980514348362616,0.05887075227195282,0,0.11377610913986509,0.11928617113912991,0,0.1450476720525266,0.14162183817753943,1,0.019618556451372286,0.08511258067884406,0,0.13526047754551662,0.0960013304404219,0,0.3441597609136145,0.12400743341665381,1,-0.010953568325446568,0.03320354051676553,0,-0.00549130576845718,0.018828789582741146,0,0.06600289739685403,0.041076421230807944,1,0.015185314922865728,0.019682538949292186,0,0.018642041624484563,0.02537689490905429,0
143,250,0.6,knn,0.43379836895735274,0.06432568294669752,0.36191080788423874,0.7536569097622571,0,0.48145552396450403,0.9342591164534926,1,0.5023545701055961,0.2812494244486253,0,0.4866752431417033,0.9634963100950926,0,1.1013281294982162,0.7488158414051871,1,0.15849935017644046,0.9719920671019213,0,0.13252304196906756,1.576044207908046,0,-0.15508198919304145,0.6199815093173149,1,0.09870217861279831,0.8669258909845843,0,0.5507515613001543,1.6382038853734997,0,0.328344538191387,1.4296643410382301,1,-0.143318838823905,0.8194366280489028,0,0.160903628778216,0.9085193184931615,0,-0.35513057734385334,1.1034083579552814,1,-0.12004869485280312,0.7413354990947184,0,0.15796636245154375,0.6285257321921349,0,0.6231194465454429,0.801986065518169,1,0.4298223292809659,1.2656974004951995,0,0.45389132572823065,0.8783181178791426,0,0.9873918422116625,0.7612420510614748,1,0.27292578358466607,0.35461588546048334,0,0.7346901147932383,1.0169849485662723,0,0.7258202781707184,1.1818285803061532,1,1.0688918799369165,1.1273541659254196,0,0.6388957174961079,0.967582048558147,0,0.3567017603684295,0.6129872333136053,1,0.3111372514232462,0.6847989196101685,0,-0.26602014602566676,0.8442020897231574,0,0.791874315013992,0.6136435439414799,1,0.4653863862909714,0.9913929866301318,0,0.46277776684840977,1.117927303288473,0,0.9806638078339545,0.6679182172784082,1,-0.011274715581428962,0.7230935770254259,0,-0.028475828512434066,0.4252514447459518,0,0.03777531754699875,0.3830358625197444,1,-0.2940003296737786,0.5659510846947693,0,0.37262973698365265,1.055405307703128,0,0.5515857621266715,0.7634713501604191,1,0.013717901554586165,0.8611521441889504,0,0.7543696284060393,0.6908941936157332,0,0.2988719181320209,0.49341370319738004,1,0.5023921839887266,0.7401781067591303,0,0.24938273339216616,0.9141387764606185,0,0.48690919758554585,1.057406893346842,1,0.4569444494985901,0.6945002312530772,0,0.020492461329296205,0.5607696947682332,0,0.5651056940632959,0.6460378515795598,1,-0.1446802023323835,0.7177466604137965,0,0.44485155593415737,0.13405224510013358,0,0.6902750733244505,0.2882839979843942,1,0.6989088625553224,0.7378779173755989,0,0.33573826951683544,0.5012977423335947,0,-0.1552126356250129,0.60473329009081,1,-0.11638831487554631,1.0710027055285944,0,0.46335467196182434,0.4164327924082198,0,0.8718787308797971,0.8987754155390791,1,0.8947426756852493,0.8931236707385388,0,0.49944209811337903,0.3352699352446651,0,1.1210130588885936,0.5482029007744017,1,0.414346015657145,1.083374860060289,0,0.5923747185676452,1.3446621360715678,0,0.7053911235422561,1.464806633778809,1,-0.09088458668338938,1.0582930237233914,0,0.2444034586612213,0.4249685928402371,0,0.6095373242059843,0.5403143864928921,1,0.4051728886411218,0.4873108474427853,0,0.04068940603925806,1.5709852309853007,0,0.24408440855679636,0.7784050267697141,1,0.592900419586945,0.7002847624350116,0,0.5851785422874194,1.1756717819086044,0,0.31115628020872593,0.24477220150926204,1,0.5534480670120844,0.9898045682044206,0,-0.05910453561801434,0.9911833232405988,0,0.568576463680839,0.8900260005551456,1,0.08848372150859721,0.768554144574879,0,0.8122232295277069,1.237686549697594,0,1.448108443612507,1.519555979870169,1,0.9540423450542358,1.2193943487554848,0,0.28561910302394905,0.6084596315489805,0,0.7177482850181327,0.8076344681463268,1,0.3830372729390906,1.057489613156807,0,0.780583073124893,1.5792111379917062,0,0.2911529651716066,1.3919293522896437,1,0.07969628195040124,1.3722032649858258,0,0.25330378141244153,1.4141417200643185,0,0.19142966756087967,0.9485395645776035,1,0.48259623852501204,1.0503864959277327,0,0.6680498788331366,1.3521136978907051,0,1.3242814829421814,1.0957250946313999,1,0.2541434106399705,1.1835232523632306,0,0.20162909790383762,0.5853937586480522,0,0.44946106442269224,0.6759829093097147,1,0.16028433333906383,0.6524696820439949,0,0.4366725076692015,0.5810315870098625,0,1.0079704349459988,0.4663568491418473,1,-0.7345552256314644,0.879292558612795,0,0.20241384467759976,0.8326211227914703,0,0.7688601279737685,0.9192322471418475,1,0.4141969651192263,0.8145039584171994,0,-0.13748841169058346,0.9530565321575978,0
143,250,0.6,SuperLearner,0.9357695329927733,0.009952791967178794,-0.04176666965319405,0.03784666571098985,0,1.5837635215287023,0.4909147801485664,1,0.022385178907330373,0.07567701017396213,0,-0.011244332321744705,0.033936372971111246,0,1.745105566355037,0.7053596488500329,1,-0.03072269702990412,0.01871202758925915,0,0.0368485018553175,0.11424735306563609,0,2.0396751425313253,0.9194468621164413,1,-0.02768029807259491,0.0323276466699334,0,-0.011471412959933373,0.06799015075880867,0,1.9524346032091848,0.4986835406793922,1,0.060272151551224284,0.06225402077756421,0,-0.02174143705517732,0.02044136164893127,0,1.3729849597942656,0.49175033951881886,1,0.03561412739683369,0.07693072406307377,0,-0.030110304106881626,0.02015850341713971,0,1.6525756061343517,0.29204800476512993,1,0.0010828333185803202,0.031133068193861555,0,0.001839777726450266,0.02919013488778905,0,2.5459530672422073,0.457920899475564,1,-0.009153653135960324,0.04933672028691008,0,-0.0047814940728257895,0.04301351644434419,0,1.5714463812856736,0.5096760414566087,1,0.007514380963299735,0.039233520360263084,0,0.018108902229398784,0.06393506932416991,0,1.3268563372709832,0.42611474146439654,1,0.04495233023569242,0.10244574536871663,0,0.016622420300646097,0.018428662424626305,0,1.1953880587360977,0.20618214525966944,1,0.01872020779581208,0.08095700961126774,0,-0.004432559013810617,0.0461810312479236,0,2.0595847450347513,0.5493373372691556,1,0.01883828687361041,0.05629946536805985,0,-0.028477349332914504,0.06804059416770475,0,2.29127216440682,0.5610295606466444,1,0.0005859998041414093,0.03026802279318973,0,0.053178954085574534,0.05188514370913817,0,1.8074264731647438,0.45701606498882147,1,-0.021045690163409743,0.057440512831358675,0,-0.022050220343959377,0.032436613818429536,0,2.0845871028065366,0.6117025140401748,1,0.004944775498584068,0.03277483177504538,0,0.021941022833701845,0.05355387577318302,0,1.3126688374775715,0.46689634414571857,1,-0.01517208972126308,0.03475870717506746,0,-0.05352766123370508,0.03269668198427559,0,2.5713953002776946,0.8227414252549017,1,0.026912311992122705,0.06572214687792002,0,-0.015659565593425562,0.09418843836705552,0,2.018447546933809,0.5276805748297142,1,0.0023615733477298563,0.026068681980721084,0,0.01644598170279995,0.031812406200167835,0,1.524493541935254,0.3879698418778981,1,0.05409930816690249,0.08040675000649028,0,0.03065105375647187,0.07794784925540968,0,1.9893737498280089,0.4102241423236761,1,-0.01075407194909966,0.05341289487377781,0,0.022979052613943708,0.020964522273847236,0,1.5965369334961197,0.3382570853821141,1,-0.0005023934967959768,0.08864809867481853,0,-0.038931751510709864,0.04544279717981279,0,1.9143487022424572,1.2363590061734104,1,-0.00755318010266116,0.033582859322956904,0,-0.008099628473605795,0.04320527378003523,0,1.3277305657822134,0.43397679407447654,1,-0.010650831319285747,0.042092008247058346,0,-0.02472476049588994,0.03402499750750022,0,1.4893377147076854,0.5441866281481171,1,-0.06581158096738582,0.08264059945631967,0,-0.017067762584564345,0.023486453291637312,0,2.2492012273930264,0.6370443867624345,1,-0.0015850957748577757,0.06243237884573952,0,0.0063297058429754045,0.03220366237598179,0,1.5995639695032395,0.44312618845009083,1,-0.0380356866048374,0.09080776308451524,0,-0.012500752878087796,0.025555261872173343,0,2.065460624538715,0.5931143633885535,1,-0.0067579784240851355,0.028317895960584656,0,0.01566919331426645,0.05557896283460241,0,2.766390804722262,0.5791752715802485,1,0.0009787911671766917,0.02205251453485074,0,0.002439646414126735,0.02796279700206585,0,2.430620600431581,0.6827223819295059,1,0.06403101219050616,0.15013697446997123,0,-0.00033702511494075463,0.06694614860410443,0,2.7145610676294742,0.35781066769675346,1,0.023002501418550054,0.0921306592417283,0,-0.014001480969855614,0.052454689135572455,0,1.6699292585290135,0.48125446719821624,1,0.11517633095422837,0.15973258003150675,0,0.05666858706259934,0.0805469812180167,0,1.6359773420453514,0.4588244239792461,1,-0.05751999613187514,0.036919632827449034,0,-0.004335001196452465,0.023500245986168476,0,1.6973813207781467,0.34633878055333,1,-0.004174319526380631,0.048738132157311605,0,-0.02502865438434241,0.028370516076614515,0,0.9497224171676626,0.25402441190743125,1,0.15038417953247368,0.17466718090363667,0,0.03504896626372095,0.050895044938837314,0
143,500,0.6,lr,0.9772860999658812,0.002459359918152152,-0.003130862622728669,0.009792181855969681,0,1.5689059700624064,0.1912310748446165,1,0.01693515487686225,0.013394874361368605,0,0.025870684291979574,0.016077097918920428,0,2.590770873250689,0.6318018706862041,1,0.0017968512460229146,0.002241556171102897,0,-0.001135678898245136,0.003635127651627866,0,2.0866403503259443,0.33521538826174846,1,0.019928449001104943,0.019652961783050774,0,0.032422373558723475,0.033679378903280544,0,1.7937417473326582,0.24551277436810445,1,0.0008590480946019769,0.004736288410667373,0,0.013359860722963532,0.020070423724440907,0,1.91497478376145,0.118956817662661,1,0.010984505894973459,0.009844615943975286,0,0.005453647940222087,0.005132282963540198,0,2.0655347089821467,0.09825631874778278,1,0.02466752084294347,0.012205549836637339,0,0.015209728094475414,0.01568017246836263,0,1.9327898050684738,0.25922353259798686,1,0.006021075601008597,0.006777371132830007,0,0.0071791084450992405,0.020560905176983488,0,2.110271146402927,0.23098114993065863,1,0.02210763480560287,0.020516592686561575,0,0.009033879204285106,0.006299219959546875,0,1.6108614646474095,0.19899758632456024,1,0.030872822780881416,0.02554396710550094,0,0.004960038955979459,0.020537355875499316,0,1.4909900609485662,0.17612449952855352,1,-0.002115744016542403,0.006242074272496233,0,0.015528773738327891,0.015736340103247804,0,3.1918440816846783,0.46744084879651643,1,0.00709256735426019,0.009135879858076401,0,0.0054884139079266845,0.005884186099156628,0,2.4913727995591533,0.5537797835489751,1,0.007369199040089272,0.011411452454547971,0,-0.005230622406095509,0.006709350757234662,0,1.9817934321423198,0.18307276030474842,1,-0.0014424330158681847,0.0019778234288679664,0,0.018645137074750098,0.017245535829262068,0,1.94899727427866,0.15525152349193244,1,-0.00012114671263984012,0.010495457019523435,0,0.00907178404045696,0.013119343563687805,0,2.2656966798186837,0.23831163312302417,1,0.06546388323955332,0.025752653647770248,0,0.011314532382894742,0.0165653879241033,0,1.8722162668574875,0.32060060131643503,1,-0.00506861055742803,0.006441293068834411,0,0.0017141715271279906,0.007786450246087881,0,1.8232293432339783,0.26080794964902554,1,0.007324779892783384,0.011620105670427634,0,0.013704804392852732,0.023967890542326308,0,1.921139454644787,0.2644190631875682,1,0.10817819488195166,0.07670636830965794,0,0.023972234981515347,0.03329122801670642,0,2.130510368015218,0.3505682498191601,1,0.006823133552024479,0.007359404556384956,0,-0.00011622267736859891,0.010924153963923242,0,1.6694122798848254,0.3626368729204893,1,0.054499162267288584,0.03630806225302261,0,0.022180168730615697,0.016910490200584313,0,2.2450824985371183,0.5171094513120547,1,0.0036069059144298544,0.0076556406864963,0,0.005351123210012479,0.011947662374166983,0,2.3476494316951984,0.4025402728360124,1,-0.015074697921473913,0.013117954883917263,0,0.013609117654596234,0.012579048583122929,0,2.238932151632885,0.254709568953575,1,0.008334872115202055,0.02317953884700727,0,0.015601387679018164,0.022664889400949257,0,1.7536671245117208,0.2483195986381223,1,-0.010417858679566464,0.01082807106255475,0,0.0014280022431891026,0.019569760014851986,0,1.8240930427503035,0.33580599734431005,1,0.00012147697764444134,0.0006555357385207565,0,0.004405180693019829,0.010797107640210246,0,2.430913988493863,0.40972859123996236,1,0.017165947400523737,0.011406843271992187,0,0.014528836659123096,0.018969061792864783,0,2.0349671308501,0.497135673991604,1,-0.004517987528868039,0.007053893719675413,0,0.006089606379533603,0.006831670163557895,0,2.068237667659266,0.3255548089030847,1,-0.00012793249489565143,0.0016942067564215168,0,0.007068887485786578,0.007385418965416826,0,1.9685853294489213,0.2497017684202323,1,-0.002352637743532564,0.0021597132753961917,0,0.00989039661246108,0.010256059352520323,0,1.626271856901262,0.3236594021461213,1,0.054448235420116745,0.031154274814340032,0,0.0069660900758735465,0.01292656561396854,0,1.8699324614693946,0.16516811891914504,1,0.007954214926525134,0.006118608825040411,0,0.03686733292899173,0.02001045333163537,0,1.5809564776773422,0.2764452904648175,1,-0.006294837776768337,0.024185762277456037,0,-0.011591173447595363,0.01569918564216251,0,2.4140828238992826,0.19703090885708566,1,0.006581444433047791,0.009099664303726666,0,-0.0045947560659595444,0.005787164886901524,0
143,500,0.6,lasso,0.4732613372913157,0.02330926345030208,0.0,0.0,0,0.9416927684503925,0.1440812251703132,1,0.0,0.0,0,0.0,0.0,0,1.3391050790310712,0.20805930818519297,1,0.0,0.0,0,0.0,0.0,0,0.9019420305156778,0.12703984861598216,1,0.0,0.0,0,0.0008288727939178812,0.0016577455878357622,0,0.9593602655756965,0.13524354166563732,1,0.0,0.0,0,0.05276029664301594,0.06463934255381037,0,0.04282523663480599,0.05291817079923776,1,0.04894288837547374,0.058626022320636136,0,0.0,0.0,0,0.5738738699762905,0.17042838960397302,1,0.0,0.0,0,0.0,0.0,0,1.8423924262825022,0.28987418267463616,1,0.0,0.0,0,0.00018164319876831314,0.0003632863975366263,0,0.356776908443468,0.19438123550933914,1,0.0,0.0,0,0.0,0.0,0,0.19669827540953397,0.1943675907608606,1,0.0,0.0,0,0.44487520993075036,0.12411731325027561,0,0.039894248672571665,0.07978849734514333,1,0.0,0.0,0,0.0,0.0,0,3.0206369897543435,0.6769450743251759,1,0.0,0.0,0,0.0,0.0,0,0.3190223355053162,0.19851404393276942,1,0.0,0.0,0,0.0,0.0,0,0.4219072357188375,0.2089605556190924,1,0.0,0.0,0,0.0493252437679339,0.06912588698118509,0,1.0481502575669708,0.25281191609090287,1,0.0,0.0,0,0.0,0.0,0,0.0,0.0,1,0.0,0.0,0,0.06051575314718718,0.05211616863404699,0,0.6910752855687362,0.1529494416934888,1,0.0005607247804609727,0.0011214495609219455,0,0.8308344299840528,0.4132749770264518,0,0.16729911740776032,0.1519789661335831,1,0.0,0.0,0,-0.0033556308976464356,0.006711261795292871,0,0.03994061739878822,0.07988123479757644,1,0.0,0.0,0,0.12454416810073173,0.14907428625485736,0,0.1830534330145368,0.1222896975721392,1,1.072395857703138,0.33747205591476787,0,0.3570354727688342,0.34270520811926214,0,0.2928529994235197,0.23577546666233343,1,0.0,0.0,0,0.024668440880198504,0.04933688176039701,0,0.9743309084104066,0.33127984973723873,1,0.0,0.0,0,0.0,0.0,0,0.0,0.0,1,0.0,0.0,0,0.0,0.0,0,0.2594299108513627,0.10398355995616126,1,-0.013009504829845794,0.02601900965969159,0,0.0,0.0,0,1.6607367530421553,0.19834702817420788,1,0.0,0.0,0,0.0,0.0,0,0.07618167296321933,0.1218377000753928,1,0.0,0.0,0,0.0,0.0,0,3.553987870852468,0.5169565502367882,1,0.0,0.0,0,0.0,0.0,0,0.834673293635519,0.2529228165704395,1,0.046346183863594674,0.09269236772718935,0,0.0,0.0,0,0.7486006956883721,0.07985069426148186,1,0.0,0.0,0,0.07053418216151244,0.1410683643230249,0,0.9114103643676309,0.15402690465111035,1,0.0,0.0,0,0.0,0.0,0,0.3302348839801058,0.12027850374193982,1,0.0,0.0,0,0.8646899458828345,0.22553254042245707,0,0.15559162699431245,0.13784874605708175,1,0.0,0.0,0,0.06249014496873702,0.07250011388897673,0,0.736168702424373,0.1436785691718986,1,0.0,0.0,0,0.0,0.0,0,0.045242050434787406,0.055754211047915996,1,0.0,0.0,0,0.0,0.0,0
143,500,0.6,dt,-0.2545038656383149,0.15085514226576235,0.36199023996863827,0.8071597855848102,0,0.8393584857261939,2.5328128761501216,1,-0.128020681222273,0.26876567546086466,0,0.2289729539781394,0.37882823031534124,0,0.7064806363250751,1.5305013425942002,1,1.1936634186740023,2.490702472368382,0,-0.15830735285370867,0.24493809609163936,0,-0.16899826126421444,1.1820159516249815,1,0.0920270517709481,0.5779997975390889,0,0.11871054294770748,0.5214289562660899,0,1.9238272732591486,2.6280114003199015,1,0.24211061431230635,0.8996594300299326,0,0.400032518396248,0.6276106991554937,0,-0.26653989297683467,0.4188949618539992,1,-0.1805830737694503,0.30939894650877275,0,-0.11396776304381381,0.21421951003880602,0,-0.007565507561254981,0.5301896240990484,1,0.30263728710479293,0.5041532371371158,0,0.5387735215681424,0.6806016795012282,0,5.286653033818161,4.966987703725641,1,0.21324119805501454,0.750561087056446,0,1.3098321142635674,1.260435944921386,0,0.6718784235718951,0.6920030100505105,1,1.3698914296412923,2.5990610702735086,0,-0.31975909617077536,0.7842164865118119,0,0.13700234034489361,0.4712660200788466,1,0.39495893244158653,0.3037036990407247,0,-0.03256803286160437,0.07369780899006279,0,1.2722709825688854,2.659333407612212,1,0.2197422271762542,0.7211923032393219,0,0.40269721529754304,1.256891738785495,0,-0.6916837847868684,1.4936586927072,1,-0.7384184663235828,1.6958080860090916,0,-0.04582721320870678,0.04122521863582268,0,-0.02656872117659468,0.3437894998387526,1,0.6478040155997389,2.6419677699821675,0,0.01565853926593615,0.18138571204382847,0,0.46302952460979896,1.5573657191225427,1,0.2124831159923862,0.5969023288355524,0,-0.25401934912743995,0.9875517784568267,0,1.3862212139959245,1.1202863694897176,1,0.5261566409044081,1.029336478627481,0,0.39775411731173055,0.8178783427733219,0,-0.023280812910301516,0.09879422800611666,1,0.09950325218407041,0.7516928279794673,0,0.9076512593706777,0.9796193884982097,0,0.11478496915796428,0.29322800030023416,1,0.34923726333474614,0.32362575452539033,0,1.109667645235892,2.7515015582230875,0,0.0017859758544838942,0.010950371838088762,1,-0.034552753986161124,0.1922166717566715,0,-0.408505141124009,0.41407762892773514,0,-0.4523760155888593,1.1900941068631041,1,0.05351162354185988,0.8013097984212242,0,-0.05335181659136569,0.127029983548122,0,0.11535940008061574,0.14635984548040748,1,0.2620684929955882,0.4806473433166918,0,0.04214850477702383,0.6580411299192565,0,-0.1599521101370621,0.9892769141640835,1,0.44867158225271925,1.5776674826671415,0,1.440670168817919,1.9389583914189636,0,0.17873992802936037,0.2546961165493139,1,-0.14030922938569604,1.0313655052033444,0,-0.4586327750921205,2.1389098089026417,0,-0.29564743184428066,0.6163192840973851,1,1.8643299783422638,2.8182630804819175,0,-0.06513908516244896,0.2026796545412837,0,1.2807746571159373,2.2124124602743422,1,-0.10669141474103608,0.23142434126899059,0,0.03392365198047691,1.1500942531860596,0,2.2131609337971168,1.8784594214931198,1,0.14848235754731856,0.313501543844594,0,0.04792553155839898,0.15211700425571592,0,0.7542323771161608,1.2173189209027402,1,-0.37612155630808286,0.5789584038467723,0,0.2937389730214386,0.9950897449842587,0,9.105930213509433,5.32897301617847,1,0.23879699198705567,0.7916387264661763,0,-0.12725525910279628,0.42463656324191085,0,1.6951644653468076,2.296057304496364,1,0.2514915611172605,0.9382194733159073,0,0.3428629439429865,0.6993685074315523,0,0.2663876229030314,0.42518759588469923,1,0.14560537369726784,0.6643790748595906,0,0.4785225556168603,0.568201475692101,0,0.3907839198647083,0.7258152872442724,1,0.014681900377808078,0.39761619878704635,0,-0.5158580521017991,0.8383633022927487,0,-0.09024413017480495,0.32811057865985377,1,0.007885958132057285,0.12326005621772361,0,2.427076521584244,1.8808194530898579,0,-0.18017963572946066,1.7077022270832845,1,0.26697012108915,1.4637849363899165,0,0.10785245470276332,0.5005558497716468,0,0.4234706788178674,0.8735181768256897,1,0.06800299594700918,0.13396527857733462,0,-0.11490836179025292,0.32256001415599167,0,0.5730605343332563,1.612758979105194,1,-0.0009911637118877547,0.46288772293005587,0,0.3009251951800307,0.32256975570951824,0
143,500,0.6,rf,0.4390959393349709,0.020178233366633033,0.029304724131899152,0.1050542403144058,0,0.7234786370554566,0.2875931617171176,1,0.1051271373827259,0.06497153115650772,0,0.009324774907739485,0.06552374620955306,0,0.5491976088304152,0.1555332278014906,1,0.3261047116427332,0.18568266028907582,0,0.03549716143959238,0.03119207556800199,0,0.35473257079433496,0.16344822189750532,1,-0.013286215996284318,0.07556731647648048,0,0.11995103703888563,0.07610883065264466,0,0.4152521775699432,0.19952053690976554,1,0.20397788412415568,0.05043442373417114,0,0.17450706177776332,0.043674523964504754,0,0.06025997041263701,0.02447530929519314,1,0.12802513384801945,0.04803760120994597,0,0.07705650265524569,0.07506972658049696,0,0.4447416893907725,0.12701161230622632,1,0.0444159906047518,0.05436352788118249,0,-0.0013725157016816092,0.05206961756400676,0,1.7919195627767681,0.5167349736654473,1,0.05413474325927459,0.04899106393685174,0,0.04951471161493683,0.06414149692530223,0,0.046019846115994065,0.13199617911333184,1,0.20180889790101014,0.1523282652668601,0,0.20295944725334145,0.11112070136639314,0,0.19540247647105086,0.07372810298873617,1,0.15768318973509896,0.11182574274019182,0,0.5845630418271,0.09601996176695883,0,0.19983550830427443,0.12076242933602736,1,0.23947939187828515,0.05109851042703287,0,0.24051282579568864,0.12825360798984906,0,0.5843959947177988,0.1803598803329161,1,0.14077655684130913,0.048515523564119735,0,0.2560693029142423,0.07983188114888734,0,0.3658056352848855,0.1551435441800411,1,0.027011693030306084,0.047562684496598256,0,0.013192772493364358,0.08209239454682059,0,0.5745805440782854,0.1639146079954425,1,0.015160641472155248,0.08838259545526368,0,0.1627941941075575,0.13029265551799796,0,0.2974398985768727,0.12506778051167383,1,0.2194268119123505,0.08734493842571366,0,0.05394267911975394,0.05511890676184823,0,0.09847109562816475,0.03298731190923981,1,0.04120066161334791,0.03327245384987386,0,0.10806916290132718,0.16084025380968286,0,0.3053597152308073,0.14658255851794477,1,0.2889153402556514,0.07225087818279119,0,0.5533213047538137,0.17381442222894816,0,0.31022668129538034,0.15721682858908972,1,-0.01404264540412859,0.10350022872717766,0,0.05718712307315148,0.11381682897288377,0,0.3286567505931932,0.1316459544583739,1,0.029276885036448534,0.06354156606789028,0,0.23654189881701462,0.12853266722588966,0,0.3049129121204367,0.11992939486219001,1,0.5805135621737265,0.23917126256902263,0,0.27446396721962685,0.14284937700724007,0,0.4091175731324693,0.12097244609679153,1,0.04369560420672871,0.0648707262890278,0,0.17913193985106973,0.09039066384038594,0,0.45373687340430624,0.27002927105113916,1,0.07076100085486252,0.0631766489669076,0,0.18502897498294466,0.10608854561933863,0,0.12337291424920334,0.10423737105803679,1,0.16312430821010715,0.08065550158498004,0,0.10948108879915511,0.05708965915622243,0,0.13357794882253007,0.09488851126255712,1,0.1743686769389642,0.2921094921859684,0,0.13052901336084616,0.15635915394492558,0,0.5395238144026562,0.2725816444520361,1,0.03425498489396109,0.0695730186429138,0,0.03996600658917736,0.029852222108695634,0,0.3790191690093354,0.1456234625708521,1,0.029455008690849542,0.07925004352101742,0,0.05278572232250982,0.09838714862033175,0,2.186482275091239,0.1415796866305949,1,0.060494758868634216,0.08397136198735144,0,0.03958929370201096,0.019728309958786702,0,1.0558007776495872,0.3563850181373562,1,0.21985259236236251,0.03019030660380266,0,0.09841950621191856,0.05622473914055484,0,0.08274267321920589,0.08145590285363885,1,0.10159403431557312,0.15073573809266533,0,0.16885609784374866,0.09191294007075781,0,0.5527262497495311,0.19882175382473463,1,0.23077747635854234,0.06957675455402203,0,0.00021648551760178187,0.05364758983764452,0,0.1372446545608364,0.08551418760125747,1,0.06287393731164713,0.12873334724570862,0,0.2597515528747808,0.09328206958218305,0,0.35739675478287386,0.12421721130783375,1,-0.044751449199113225,0.04136502635268722,0,0.3798060307389063,0.1983260864601558,0,0.6283167583362406,0.25384375766956235,1,0.03637634873177173,0.012543411465797358,0,0.0754180441813751,0.04845554521035045,0,0.11055011317674994,0.08691013317792279,1,0.04696190266502308,0.027356629925417295,0,-0.02568688249848023,0.04713082848532805,0
143,500,0.6,et,0.44486312219014595,0.03212069592242957,0.046879647043196825,0.04838107149811755,0,0.6903352510133793,0.34790482069899287,1,0.06647738290403263,0.10007475913706888,0,-0.019840518990415827,0.06505215031226198,0,0.7263869759810095,0.2376131169370347,1,0.19836443026607892,0.1539817329339948,0,0.09771052030499697,0.09786687747934332,0,0.26728755433457,0.18393068244546212,1,0.11474367959526018,0.04380488417108299,0,0.1038527087200491,0.08980677023467595,0,0.5059651594298529,0.2775867764941434,1,0.14816829768404377,0.17536732097941524,0,0.06878186579437728,0.13357366161010914,0,-0.0012814758259884207,0.04173976400592544,1,0.09358713663383741,0.10392331076704264,0,0.059051445742625476,0.039000594447641805,0,0.5283920774336128,0.22977135606137586,1,0.04767284076905207,0.02985632950391402,0,0.036183078654550935,0.07588631061159905,0,1.8185517257056638,0.3707402451671632,1,0.14408382608370124,0.09603115051788977,0,0.1798425747802808,0.0798583651569536,0,0.09959663030418568,0.11523501104425463,1,0.23721587802064206,0.10754446319550119,0,0.25758739957213334,0.044237314489743634,0,0.12798033051711327,0.14608326329387344,1,0.11123998087939464,0.08489924593460188,0,0.6857717665610147,0.2080900338341644,0,0.19909626463311947,0.15781857463481097,1,0.09072796095213813,0.12987449839421703,0,0.06052369128494641,0.20168279921551557,0,0.6204469862781266,0.2358045693819194,1,0.15639525172304036,0.1392409012735531,0,0.13699255033213095,0.06251446200223462,0,0.3200465921456991,0.08949337235737492,1,-0.022330257640497595,0.1208526571830129,0,-0.012132730987683658,0.05083738126473864,0,0.4858224694113911,0.1268861677024253,1,0.05676527293965596,0.14277400438881574,0,0.15694695415377272,0.05657422888416758,0,0.4402460466512464,0.1879516378688582,1,0.1547340914874285,0.0955823117754864,0,0.021366544026813955,0.03678041981244826,0,0.07562977464465989,0.050461903719729126,1,0.014343403310049536,0.03702558332724411,0,0.08281924795600629,0.23527560681082113,0,0.38775146187176657,0.06970655402542966,1,0.23054823834594718,0.17661660585448744,0,0.6430781269588011,0.18881066562781462,0,0.24026108217272957,0.13544037314746915,1,-0.07471398416954002,0.09778392477244494,0,0.066170061907078,0.07851350618114998,0,0.25558933493014807,0.13620538395993245,1,0.07463950799249995,0.04736579416154375,0,0.20451182771967868,0.22214043351431675,0,0.2063582750915252,0.19397761539098643,1,0.5526832886288192,0.03923721466133961,0,0.3010308190729635,0.22326316774917712,0,0.24112244990679194,0.11529616780695036,1,0.0684860649568593,0.062178810432370744,0,0.1101078923550765,0.05073464036069306,0,0.5585032171274513,0.12235969654603776,1,0.08161754336406525,0.10067935561177713,0,0.19910483379573127,0.0530202113119578,0,0.21564783819745745,0.07365222305642222,1,0.03139842660599994,0.055764399510997036,0,0.09142598651945973,0.08497794435786142,0,0.19473083344699985,0.08613773069322869,1,0.15149309544709974,0.30679428170857215,0,0.18262378215443667,0.1024746223417934,0,0.40670477972776753,0.27311454739434543,1,0.07891416741954435,0.09556744531307526,0,0.019756159865058832,0.06316853860793396,0,0.24154706684988497,0.15392626381673538,1,0.025901366996967275,0.09267303893805041,0,0.1487728236496215,0.08984928685089419,0,2.3754547519180855,0.33420102302356586,1,0.10760399036817574,0.08045069212716445,0,-0.03192836004927232,0.06676842618934871,0,0.8456882957991763,0.3432619757836535,1,0.20100454164642315,0.03880835676122875,0,0.02380908490708062,0.06947202656431732,0,0.3723745457625647,0.10155083326747529,1,0.07686097758770169,0.050497794790466025,0,0.1996458320668521,0.2084954703254579,0,0.7750844502445433,0.23621527740205622,1,0.13579827513113998,0.035879578671063735,0,0.003674585680310983,0.0477430748423068,0,0.21162969311936025,0.11883934869069702,1,0.07400297709125817,0.08533533613669013,0,0.40968987968593573,0.1346757816133189,0,0.3546590422512961,0.11094179584137835,1,-0.008840001956737679,0.07895778177512378,0,0.2882953856870062,0.2004574837787857,0,0.4922801638600209,0.1630805676015126,1,0.09486183224055762,0.05078596884061285,0,-0.022932344847038523,0.1228538282503538,0,0.15354793375891823,0.12287626974866142,1,0.06403456611529926,0.07926194191953653,0,-0.009744723621622214,0.04713153301753041,0
143,500,0.6,gb,0.581086789941349,0.029890481687485284,-0.0014689373415121595,0.01315830298469685,0,1.6394758401868874,0.464187896982753,1,0.04231142034088382,0.05999520146539573,0,0.004322346116007623,0.012090330310985898,0,1.010104291409057,0.29568215663713415,1,0.27216930399432726,0.37303391629252114,0,0.049906135459285114,0.08227901086578264,0,0.9696423516056256,0.20932727044782623,1,-0.01779363316464681,0.07971070527374949,0,0.07873602282927693,0.06868292687024079,0,0.5954107030977582,0.28524472709571186,1,0.026988434242154868,0.031007599037481563,0,0.19429242681003153,0.06997156118586251,0,0.10945784444829945,0.10689267050943957,1,0.22747799339367822,0.1305395711599421,0,0.07123438884878218,0.08634749318501546,0,0.6927575902216104,0.1931502964501107,1,-0.0022784825499343104,0.023379582144244796,0,0.026069091294499747,0.021655790401539456,0,2.332014348359718,0.8376418297626986,1,-0.126661479385068,0.25647863478661204,0,0.2366429096337924,0.25030994024175596,0,0.13319584928311215,0.3358577939212458,1,0.1688690079239065,0.06937749259792483,0,0.5266921211025412,0.31578012896285607,0,0.25623275669833034,0.14735292765336547,1,0.09530228383735397,0.2071675044044778,0,0.7002072240285897,0.18980286956550438,0,0.26024867678683594,0.1320604776694114,1,0.19581040185472753,0.15181618632363947,0,0.28600491838399683,0.06672308941070554,0,0.9284232179429276,0.2669101282330686,1,0.046911471884520745,0.13637668546135645,0,0.1305799502136993,0.10889090278230981,0,0.7263017945984291,0.3700946060211788,1,0.044860244535042074,0.06376338595769197,0,0.007503391875977613,0.034572127595536024,0,0.7281291639829169,0.2112950181415205,1,0.014607325754606378,0.08799666105569354,0,0.11939858035867483,0.1869794686578275,0,0.7246991131594759,0.2731097795644675,1,0.27924656667396613,0.27797227535979263,0,0.02102777988120249,0.026289801190606157,0,0.005386722133018433,0.1656948889656672,1,-0.017804887879125347,0.07236564985886453,0,0.2619811015106803,0.13362585897600468,0,0.5158003723211076,0.3752367060299317,1,0.008981496726595041,0.03160526853748952,0,0.8661881773368638,0.36947740101791204,0,0.5483914848776472,0.3341048544534551,1,-0.002965678903283319,0.004942511289018664,0,0.03127175661821059,0.07096068244416616,0,0.113542151973466,0.13412780277735667,1,0.021698555117814024,0.03461110903153364,0,0.15768039475929055,0.173167669995361,0,0.29357515078257945,0.12525690991285868,1,1.2185302373198794,0.4930041139401539,0,0.15277321113370468,0.1511892453830421,0,0.19533201769955186,0.1800290548113522,1,0.1035933745394894,0.07608167261831734,0,0.23968753257263434,0.31122966532769636,0,1.0163872641470089,0.5706927954878246,1,-0.001823429186286815,0.09431665064865584,0,0.05751940277650549,0.0628430020846917,0,0.21236123710031896,0.08017499608884401,1,0.3116494338549088,0.1310455329891502,0,0.031905066725725996,0.06057459881018611,0,0.12472362758979391,0.11381019105834443,1,0.33573081582957925,0.4505125597054626,0,-0.015522600743318533,0.1870543070060464,0,0.7573266415332729,0.4427900788995286,1,0.031177220077311846,0.05274523840506647,0,0.04834668715427364,0.05534301573524891,0,0.8207910414996042,0.27103805160230393,1,-0.015255018688006147,0.035045451154390984,0,-0.04117056672072035,0.10527550913608626,0,3.280046472931633,0.6064839607188364,1,0.03469230428162849,0.0527769133229,0,0.02246763597419148,0.049612705287789244,0,1.2631053963889776,0.5415689263245156,1,0.1548564594304937,0.04920316237223596,0,0.09063508208294443,0.11457287530389623,0,0.45060375268153424,0.28112022123509545,1,-0.0015859866539379504,0.07534289897209738,0,0.2623216897049244,0.175696043042209,0,0.9889577491390489,0.418897834847275,1,0.3283898477798372,0.2942285585117587,0,-0.008660491161706247,0.01305602305750509,0,0.22017333332870087,0.12548884723107562,1,0.06323741462986324,0.07332273423512382,0,0.4766452023520015,0.21025122542536936,0,1.0054820090954835,0.488328720542326,1,0.027029671502708186,0.047762958666096485,0,0.32251538299378657,0.40489919795593665,0,0.9896520240978994,0.5376975636590411,1,0.03901201375101682,0.06426346206466652,0,-0.028611742282214737,0.05789407405557907,0,0.5678582369922494,0.30321157253963765,1,0.008930527172031119,0.017498419005422674,0,-0.0016423672269973932,0.0034364607978017987,0
143,500,0.6,hgb,0.6187478796842103,0.03894726132952704,0.0023465116440845933,0.016681195366538303,0,1.5435697035314153,0.4865018588788981,1,0.1442174790202315,0.10299674870673124,0,0.033033593629677484,0.04851988944301616,0,0.6597031527604391,0.29902730870898775,1,0.5039400150957309,0.5304469766686638,0,0.04304267729275761,0.05740965081290554,0,0.8148705900582577,0.3059747911064877,1,0.05057710513083957,0.06635279387392372,0,0.12006518272350193,0.06075294514772594,0,0.6038633378950364,0.36378875344500516,1,0.021826202758152675,0.15611413191767465,0,0.29575215617412043,0.09263711446584712,0,0.10616850336070124,0.065056521879783,1,0.09848938185742469,0.12970744722480987,0,0.04792667937039753,0.052376281267467586,0,0.9317002529234211,0.3014378170003958,1,0.050752127953140644,0.07474003367678526,0,0.0867939018458899,0.09031635661517853,0,1.9318327625081622,0.6098102160542644,1,0.029824428982230776,0.08802974999950278,0,0.11277430910619339,0.1619148098657789,0,0.20441172890619813,0.20998839715281,1,0.14338715205971087,0.19901701344870779,0,0.22889871216263025,0.2681219916333947,0,0.3366837751822181,0.6141555538737897,1,0.18411898981663882,0.2821459042741957,0,0.657008425319233,0.37649376626942316,0,0.36047298211220014,0.12907213092632344,1,0.19283285722492738,0.1746996482223184,0,0.24548767335852323,0.10634930204422953,0,1.253595919034511,0.24311613310547245,1,0.10525270405523816,0.0762323809395713,0,0.20656527079586856,0.19540583563932784,0,0.43181958178032664,0.31961356610656005,1,0.04692314645254538,0.05493180940682566,0,0.006991707188727915,0.019939487548931455,0,1.0673911845312838,0.2394954086220277,1,-0.015918780781322937,0.05752755562307477,0,0.1052313359683883,0.13140633971579438,0,0.9972589023452884,0.2709361253034657,1,0.32375154024076497,0.1735017194186809,0,-0.025873831404593643,0.03043941805733776,0,0.07352270917640796,0.04861291597698425,1,0.009975387226467337,0.06550218056020332,0,0.3901858338367886,0.24260981542215498,0,0.4727939664290126,0.30982218047913573,1,0.10870746100976078,0.07639926142931507,0,0.7379310155164978,0.16494504637321608,0,0.697080810628161,0.1463682148287242,1,-0.014571916244102414,0.037444449632524815,0,-0.052492986893262504,0.06950738897833847,0,0.7724258407563298,0.2939854698164197,1,0.024734244198080894,0.03694332835293969,0,0.24537536440412486,0.20611952233728492,0,0.23065398722454972,0.15943893109560742,1,0.9018354906433297,0.47253479909625995,0,0.045470854249792025,0.10283316105489194,0,0.373502275130027,0.11784344055368945,1,0.13535954261958233,0.08957980015508336,0,0.26115879425280164,0.08334637633446013,0,1.1102344333766825,0.40092742854983365,1,0.05357621774152281,0.15721018743834195,0,0.13822996712467878,0.11129942501600054,0,0.5336706606721042,0.2807610161776203,1,0.23719091991369692,0.23447279701432205,0,0.006800006716044893,0.028739812142408606,0,0.1667951582089437,0.13847606772212206,1,0.3298275325004678,0.5880599617333613,0,0.02576276509800506,0.11207909493894423,0,0.9906538261404456,0.49567012116019205,1,0.021035813772575008,0.07420671094998231,0,0.04050966311550867,0.05733403783854862,0,0.607613695510184,0.24096933266876666,1,0.006356943755725902,0.03482860894230667,0,0.05380781090162475,0.07375545052885317,0,3.5342182214401205,0.5697765641365585,1,0.07930959644727517,0.1407031433485016,0,0.01323757525021999,0.0426754087648777,0,0.8165235314757627,0.25275286162663557,1,0.17454197710306701,0.1457065685207007,0,-0.0014486825126795472,0.03346346295949687,0,0.8209010388613773,0.31045492908238836,1,0.003682540095262954,0.04764777386485428,0,0.30309870129893346,0.12652383682971485,0,0.7982296531976164,0.489972600170876,1,0.16855178736784499,0.2863139607538094,0,0.016212543307684252,0.04703632315751584,0,0.223185083081285,0.05026117421447409,1,0.22091868201083562,0.1321368749413164,0,0.32697387582891724,0.1899971857109737,0,0.947819187499743,0.3394388443747186,1,0.016350142327980093,0.03085580860838906,0,0.2547951270919781,0.14168746812738298,0,0.629405188036981,0.18500730147809022,1,0.12063954465427625,0.06940796746035319,0,0.03482395955452806,0.05888531238773173,0,0.5088997536479576,0.14295744000517094,1,-0.00962755233637683,0.019973686755758904,0,-0.018642294094156298,0.05224687832336206,0
143,500,0.6,ab,0.39342439952775915,0.017858461065548465,0.0,0.0,0,0.8885246305845159,0.4956168032054813,1,0.009339993204353008,0.013811980598286889,0,0.0,0.0,0,0.5944014704809304,0.7022449171778508,1,0.2469869813643515,0.3503053745053694,0,0.13877703248424042,0.10435516701780122,0,0.6067845456734723,0.3983994256210738,1,-0.014141161681045431,0.05556981185253318,0,-0.010594246775493333,0.06391964376871691,0,0.993091938847089,0.6611434210845606,1,0.08933927450199512,0.10205523439401447,0,0.3381678247505688,0.47721570207613206,0,0.02537074501828836,0.03355289120898331,1,-0.0184891089127632,0.08276835432601862,0,0.030567755376521254,0.17798034863871834,0,0.9346225095570485,0.5527190730927102,1,0.016239191521263435,0.06287155140505173,0,-0.02698856847334601,0.05153026871024836,0,0.5913970937285682,0.6428575403151267,1,0.04339578239171485,0.2643631136971805,0,-0.02930487718124968,0.12867898902197777,0,0.2904903294537339,0.4292424797492682,1,0.07530031138552931,0.15820628692287347,0,0.31540103208242115,0.35064906739619994,0,0.7146115190411697,0.6304114926144823,1,0.10629653628453255,0.2341664529176464,0,0.22873656298558961,0.22191384859490956,0,0.08771454848838807,0.23028230733210447,1,0.13286771912001946,0.22485038710469632,0,-0.08782750399577163,0.588847155497616,0,0.6928487108398114,0.7376947894754758,1,0.09301847857122032,0.1802955093107432,0,0.32821681829108235,0.3375327737363982,0,0.38170800653518183,0.09264029795710077,1,0.028740904470965445,0.05748180894193088,0,-0.09759530046013816,0.11598557364458616,0,0.44036717526019353,0.7001792632055249,1,0.00527017324105084,0.033012822912686646,0,0.08273205630561062,0.3193357284591605,0,0.5462571149953508,0.667653003833543,1,0.07260799512681382,0.19592367635623464,0,-0.047241744245000335,0.05408643318497089,0,0.004864809114026626,0.040832364950861955,1,-0.0014065348020839536,0.0019327129363638882,0,0.03262767102994615,0.279587898616988,0,0.12637154152304678,0.12554221716644814,1,0.0234829923099092,0.24588152548327322,0,0.7603182710667697,0.47160154851549585,0,-0.002686757457989189,0.1359237994786297,1,0.0,0.0,0,-0.10932760392207812,0.17890389198008314,0,0.14985890349261466,0.6059010543168941,1,-0.037713018924479244,0.16737818062564744,0,0.11282800839680948,0.19205522634410718,0,0.06345919276641376,0.278586358239243,1,0.4354680106912049,0.4190403360250797,0,0.3110425964021625,0.2714511212030216,0,0.21589543170712253,0.2580256330207165,1,0.0017648373508197756,0.09746898294536127,0,0.0429391362415958,0.1029643690369474,0,0.5058807117820222,0.4645409457365884,1,-0.1153053548591434,0.29187552979848413,0,0.16495931729932473,0.18963825385090521,0,0.01703315105243063,0.026867061834051652,1,0.001469095728486025,0.027818290241247455,0,-0.03954842791843959,0.13744342861458397,0,-0.016427499532499633,0.2188898394496977,1,0.30783291593038253,0.2150324274102894,0,-0.2391309345264217,0.29287677870988327,0,0.3080116115898502,0.5037774569260152,1,0.00167383199999179,0.09033194003418663,0,0.10756820378255164,0.1017514660036266,0,0.04638839208441875,0.05830088407794884,1,0.016267086088100496,0.11213251179021363,0,0.02230441959833473,0.14347205946443167,0,1.710018792839847,0.6971776731084877,1,0.148403065189556,0.16190414996073338,0,0.009456981779037154,0.17398774341740744,0,0.7202815135118468,0.11904609175557905,1,-0.011744405287150327,0.022503065542129774,0,-0.024892853687608407,0.07689182722773968,0,0.25462231987558204,0.39048719941846755,1,0.029374323595950203,0.1024890764810839,0,0.09636734141014071,0.07063532778535969,0,0.3677683204050634,0.338701248795158,1,0.26724255364918614,0.16242383667589916,0,0.01564063262533642,0.09322804894676877,0,0.15838668232147518,0.14402675317975344,1,-0.03913926406499618,0.10241307425987543,0,0.26342370185058084,0.29543010690679705,0,0.5089160388079378,0.4132228786842995,1,0.020046477737315088,0.06970819170409388,0,0.2669564974036764,0.3795432979636837,0,0.7094055151067904,0.32055691260414904,1,-0.01220422391718324,0.06342084878572975,0,-0.017622509128802987,0.021553204935814245,0,0.16320840901247316,0.19624656996380624,1,0.0,0.0,0,0.029869447069768056,0.07529662015992838,0
143,500,0.6,bag,0.3860164068542874,0.037626001938306466,0.06930654349638272,0.1949535955104384,0,0.7831032487815172,0.43345728156293023,1,0.3154832929381255,0.243828917636639,0,0.048546268863473886,0.08036687659609494,0,0.7955521486935243,0.6846650432414766,1,0.5328877316234726,0.42554439517020826,0,0.17541874710183702,0.16727886035343156,0,0.34701268627332,0.39286543096830956,1,0.13919838318623076,0.4046373285873517,0,0.10494400114696298,0.4609122767914426,0,0.7750120376541253,0.3253035437552296,1,0.2875553226158616,0.21863119301012135,0,0.2957964571153862,0.2032874834490515,0,-0.1117711273029894,0.20165174570750083,1,0.1503124757218282,0.28156479399118844,0,0.22710872624694808,0.2415651051216807,0,-0.03439669331203559,0.14226208695233505,1,0.09863841393045684,0.10221347495274569,0,0.09336169716387738,0.11929676447919958,0,2.398069242498754,0.8960819280580578,1,0.038264591689087336,0.11373286999138131,0,0.12852575390738386,0.2604545108211032,0,-0.11963110621016967,0.17187493751842273,1,0.40528393703555643,0.35841899910600966,0,0.1707632327119059,0.17145302004490787,0,0.2587679733470491,0.44024200293356547,1,0.1111102842990139,0.45878147661650037,0,0.5717111562408008,0.4474592883525127,0,0.16747253554426056,0.180475486210134,1,-0.014649344805117365,0.08515528653937386,0,0.3150020734785764,0.42120557923684615,0,1.1706040011951657,0.9762406021309491,1,0.09127032558257216,0.13995012984306512,0,0.13698419152335312,0.18182340060658267,0,0.32579962797366907,0.2198728309314186,1,0.08457818739547743,0.0854943949271663,0,-0.0012797232974489827,0.12883754810575768,0,0.7689890465923813,0.5914381690611592,1,-0.0023748009771863087,0.08951438148627996,0,0.28589642949285976,0.32283116818311786,0,0.04229041862958139,0.33432496188405475,1,0.576855780753606,0.6608146343655553,0,-0.014107267851314564,0.08805621665103662,0,0.15529281397937028,0.07763258819106397,1,0.13322816904608697,0.18812363271183627,0,0.13737391279810549,0.44348504452884946,0,0.37373413545470263,0.28021442227087767,1,0.5111116009645119,0.7125140706404753,0,0.3410402322474965,0.33354817533820064,0,0.3868237203833693,0.6893329630812356,1,0.12115427227830824,0.20004105927453775,0,-0.1903817386592058,0.1944314729517252,0,0.6945647432559146,0.6358633930303199,1,0.0910052061567072,0.05267661684732958,0,0.19876255367158482,0.16925334929444108,0,0.3222103049660827,0.4310434389293564,1,0.634462192655886,0.420530523030114,0,0.2335538930730167,0.2584369155858264,0,-0.026287550249085023,0.31026623533604203,1,0.11254947980367895,0.1761122729523091,0,0.15690358065238225,0.16706357927786608,0,0.6578282250701301,0.7192682661627939,1,0.07624651622509379,0.16632805342532442,0,0.3473641072993631,0.43132813271749393,0,0.21643103077985196,0.2214220794835936,1,0.17784212024413715,0.2550969200980171,0,0.16018004422456977,0.22976362758558347,0,0.5956699520456643,0.3093596045240561,1,-0.09203253900499722,0.6882115394199113,0,0.4243685392963668,0.3470367146500557,0,0.35264851494721056,0.2843926163237976,1,0.09588256679980633,0.1009520077262966,0,0.12615065502731743,0.22009472275608238,0,0.9227307416152829,0.5983658466516708,1,0.10232433982424258,0.3016325349610827,0,0.0023151914691540015,0.31852260875113364,0,1.7333905751318315,0.37587065383398205,1,0.150729028976991,0.08966332675482272,0,-0.007423613034025753,0.11168069701034272,0,1.177047283434828,0.696445305395109,1,0.09559991553621024,0.45629418369207464,0,-0.13508050273944372,0.1276944386856337,0,0.4130452580640581,0.1512406815066601,1,0.033716685838000936,0.21153196984374803,0,0.0815532508891663,0.16079226826794815,0,0.37746855107543587,0.7272563750465861,1,0.25787869711752653,0.25506242694692893,0,-0.05355199185190105,0.08289283886766452,0,0.15430662583133273,0.1343434208162056,1,-0.10849094461275317,0.2312118747788022,0,0.2559660891863057,0.4297189583415741,0,0.5392842722864118,0.621034634337067,1,0.05868511541633938,0.12221013174817627,0,0.19764171229977032,0.3396855672468375,0,0.36962550026168445,0.17453312408168495,1,-0.03465855644533285,0.18869600351585497,0,0.1274036325081322,0.13262433280531927,0,0.19412310158702462,0.3181142768184899,1,-0.018192939863285802,0.058992596758609676,0,-0.05484190223689234,0.16585906731632408,0
143,500,0.6,mlp,0.9401266793963604,0.012724613500402614,0.01986582386316218,0.09820122707669272,0,1.2261818174319963,0.15913103813137983,1,0.040951898054402434,0.03135712589860557,0,-0.03277581238314827,0.047343414571711186,0,1.7103317960140565,0.2814642795924568,1,0.0767949000886338,0.05333992193949304,0,-0.03519463068704133,0.033475857926763816,0,1.4028732053972268,0.1908449468346013,1,-0.004215210998301619,0.059413337186385445,0,0.06216724614463617,0.08147463231973852,0,1.0478517773352163,0.10865873052437207,1,0.022155567855234055,0.05519847792106058,0,0.07739277324755497,0.07849549170388476,0,1.354140334768803,0.254767386178605,1,0.056970833404691335,0.02984926876217912,0,0.0009497432256015195,0.03758799632170432,0,1.6623839413914059,0.14656350622787162,1,0.051463204442266,0.05669515820576195,0,-0.023971014624224254,0.06820865829655982,0,1.2623564592522596,0.20506027623054898,1,0.08594251997095205,0.03755307067641507,0,0.019756675006167835,0.077905891393668,0,1.0868442166434438,0.18925992273048048,1,0.0476342592243695,0.0631141422240332,0,0.127591010824249,0.08799905794327505,0,0.7191523980923528,0.1472748523302657,1,0.0732696656325488,0.040662934455261694,0,0.14260183075090427,0.06347423012394365,0,0.8890430209522224,0.20909806464715167,1,0.0026829455843901825,0.05042986130895361,0,0.006180013173641528,0.02186898120912176,0,1.8264325138647162,0.35309284361786464,1,0.09044758302353079,0.12862347121847137,0,-0.023946130765263737,0.049163838908506376,0,1.9783984121382332,0.5691138537547897,1,-0.0005907127472841604,0.030987277206500356,0,0.0180511361457694,0.03191639110661026,0,1.6053792931268709,0.32956182702429976,1,0.0021845807868962675,0.05483381046870535,0,0.05305583289587483,0.05083887329530669,0,1.160950974040777,0.4000971081766254,1,-0.04363933022175689,0.09079994982478709,0,-0.009227197541176266,0.04278202648382052,0,1.331150948004007,0.15670700735409002,1,-0.012871379087161808,0.05156334227219191,0,0.06602924449035343,0.0375462213049039,0,1.170701760980688,0.15648463320393366,1,-0.03161295902985241,0.01052007841778971,0,0.10983752860666043,0.08402526739064067,0,1.4456505483508089,0.3013563156054083,1,-0.022902762791206642,0.04751720682937121,0,0.017308775807098185,0.07491645268183213,0,1.11091894595635,0.15300543124042884,1,-0.03577173219347483,0.025551189489718892,0,0.07986498385186376,0.1007640695068525,0,0.8074423310072933,0.1714936639896223,1,0.10881611999250036,0.07241854534654422,0,0.028861926560184097,0.0389995032244514,0,0.789140750868605,0.24883968426830821,1,0.12848925784953782,0.0974625906302017,0,0.026486397192359946,0.042932362540424436,0,1.6286698361685528,0.45853500979685935,1,0.019862272329843434,0.05626799549652448,0,0.12045252826922123,0.07806767016222338,0,1.7393842715694892,0.35002499422749167,1,0.004690280174125502,0.0537577682481709,0,0.052451418674386144,0.052295904394368785,0,1.4868484133171365,0.27470203343008565,1,-0.01853942812635264,0.06585618401928146,0,-0.0024596421588225837,0.03662321208528853,0,1.1233680763431344,0.35490052031299085,1,-0.0245949245693951,0.09353295291132391,0,0.01121736827661377,0.038129320601081505,0,1.8509122849781907,0.4027567757799324,1,-0.024454061627385643,0.044176220201581545,0,0.04081692123472584,0.05054358098253963,0,1.4867912901007494,0.4736674885099701,1,-0.02341856549518394,0.04441795725371065,0,0.08971522208048144,0.04859928620016692,0,1.4432155041601429,0.4605856989614766,1,-0.016177226830949302,0.03628546860137962,0,-0.0010055386752519367,0.04242557285344959,0,1.879961380465108,0.3266939774718472,1,-0.020811545550550592,0.030989208820013846,0,0.08080955035122814,0.042889003476040695,0,1.1069460153766189,0.16422319144539205,1,0.0009441759308863193,0.03499915229698734,0,-0.03243796184664677,0.04478494989422777,0,0.8784137634637617,0.2036301579342036,1,0.07605084097327486,0.07346044839503472,0,0.0012534170421726748,0.060485671283288925,0,1.2314099533569807,0.24889339940284722,1,-0.015862947758512835,0.0401486209324283,0,0.08270212759075793,0.051520426028628344,0,1.2112912757303238,0.11112680504201908,1,-0.015618946529797298,0.05442975178954151,0,-0.047030335641814566,0.039310510896529934,0,2.0534689185587642,0.32479454572692573,1,-0.0073820577071690595,0.030492000005451943,0,-0.037965892245366395,0.029658611912827117,0
143,500,0.6,svr,0.5278376211293139,0.00968417934545845,0.1567968314931199,0.03690305643546378,0,0.5190736619456481,0.08805840642677179,1,0.22256523819660687,0.038159161586279966,0,0.11363614877124764,0.047565077147491606,0,0.476171583609052,0.1344311645752909,1,0.15020623439089675,0.03374921245734632,0,0.1795852581449066,0.05846789216286379,0,0.4527054597966065,0.06934222662629848,1,0.13961966986954413,0.038745675191939735,0,0.2205299220614007,0.06317837376551284,0,0.3688012610209718,0.07508004087541548,1,0.09272012648337825,0.03624221131597299,0,0.08141684831712769,0.06407464203024753,0,0.18784304397696702,0.10449263812329197,1,0.22339932712347052,0.059610122128400604,0,0.05463857901607706,0.07717767747969889,0,0.40530203995935327,0.16782341583627533,1,0.11118653283398698,0.07991274827340658,0,0.14361243514562752,0.11513371700616322,0,0.6470749886050472,0.11282350661476061,1,0.1877464898639412,0.08175973467583073,0,0.25025104229423245,0.08988556665788767,0,0.24214334018110556,0.09958612703030163,1,0.23959941779489596,0.07980112430365342,0,0.24379032939124454,0.05161019969287961,0,0.23290329230255785,0.14799579728370782,1,0.17619026811274185,0.06944937631227804,0,0.2285075829107699,0.04977911567499454,0,0.2700391204801111,0.07224354027136225,1,0.22168834734384352,0.07498819093138169,0,0.3065311267218772,0.07348942705125903,0,0.7300242915179471,0.1998102178892669,1,0.1588225795859171,0.08427296777559432,0,0.17712105685088475,0.0522131511403486,0,0.29447509062288574,0.09670165912682269,1,0.1144854475836519,0.06375212863259028,0,0.03848533842564787,0.0496540403688277,0,0.4483329656983089,0.06281752924319994,1,0.17758632966326393,0.07382055055076363,0,0.3672396622694952,0.06674222614053972,0,0.4033286309030787,0.17952720817217657,1,0.16498331961769847,0.14729296459536947,0,0.050553813282353297,0.04858512676803433,0,0.14934087127732287,0.08295595126152734,1,0.10973996968620148,0.08906708595664742,0,0.2527181161972659,0.1404947290072765,0,0.47895620657688187,0.124659838797367,1,0.3002952398194517,0.052036879401748004,0,0.5498737783856467,0.04329391835692451,0,0.5025543133502687,0.23162619840540064,1,0.05321311690035167,0.09884775672982736,0,0.1610593145546108,0.11747851717064661,0,0.23078029907694467,0.06304981429625865,1,0.1284461609608642,0.06250718355885743,0,0.26851733406772393,0.023786800736885497,0,0.3069536416193147,0.029929295229289526,1,0.3663754675304682,0.039374950188031825,0,0.2957180414963409,0.04900182179634167,0,0.3047889896818308,0.08341716361799371,1,0.16996171084416692,0.07839969665038365,0,0.23039417754521901,0.04064930701826194,0,0.365070522755297,0.17594323709781656,1,0.14672693338083614,0.12889447258782355,0,0.19849899122818723,0.08767423595673927,0,0.17610550921825402,0.06764606286609326,1,0.13452512575261505,0.057705572601262065,0,0.1978432842424922,0.10137893078582284,0,0.30117741243101204,0.0993860976266904,1,0.2594148512182308,0.12602997038224673,0,0.20753497603904586,0.06278029315038805,0,0.5107586232800051,0.0780686130737788,1,0.14085890399438133,0.09139487532093145,0,0.10961975562416948,0.04617675091062548,0,0.43087959346192656,0.09008728759216059,1,0.10367602580439197,0.02917640209559747,0,0.1819127906844655,0.08022427085387147,0,0.8198494783524545,0.15614151278535918,1,0.18797222114999798,0.09902642050630055,0,0.1978446185008093,0.09387203553608717,0,0.6542742185552937,0.11284668800126946,1,0.19031306181662422,0.0865261818481316,0,0.08685163675131588,0.025539329501314652,0,0.34333697291443477,0.061232200498605414,1,0.13260959085356563,0.05250849996839037,0,0.19864363192241163,0.07413050927184987,0,0.418685744291594,0.08002409459940774,1,0.211205140759892,0.019544036527424914,0,0.04362008878511348,0.0488809748791782,0,0.26959026509821954,0.06373672499156928,1,0.15239261568562354,0.10656528365841232,0,0.30732846261144975,0.08914607796885544,0,0.2615461062596291,0.06934445283388295,1,0.04183582250483795,0.01919580800497681,0,0.2996475364712573,0.10614631124841276,0,0.49173868175171903,0.10004032651413636,1,0.08705841603579716,0.025225485709706955,0,0.08196990737346992,0.06591949774739028,0,0.2850480428227439,0.12270321244453103,1,0.016854534488227272,0.0646152073811957,0,0.030973062669292527,0.09127460027436199,0
143,500,0.6,knn,0.5549248927246586,0.03056357736167891,0.5334332761370049,0.43318296728601613,0,0.6372722642691746,0.6212313679673908,1,-0.20586544598174986,0.21404689225069104,0,0.32879407952321493,0.5220404943936268,0,0.7432081196393722,0.808473266622888,1,0.7267267660508507,1.2234299616464335,0,0.22438264338766598,0.5648723463856009,0,0.4299366192065115,0.7992360058406954,1,0.487453045999635,1.2425441876237966,0,0.45771914645773154,0.8758130431609034,0,0.3702767253490144,0.5871228951994865,1,0.070909590174292,0.5082914758809823,0,0.3429265970323842,0.6583673619084521,0,0.4876915298593551,0.44743684212583673,1,0.22296174447241324,0.5637534951398319,0,0.395162568358585,0.5479847999978837,0,0.2693317093504607,0.5410435955986527,1,-0.029403698439475656,0.5975038198591714,0,0.7010093799743687,0.8591533426625658,0,1.149764409241431,0.7245345697594303,1,0.23349651430224067,0.6766079080658752,0,0.3060520364922095,0.6078862741732775,0,0.6299577480017879,0.37825773991279604,1,0.8215010749986401,0.4022637075511258,0,0.025612603950828892,0.5771282775051193,0,0.5589497084262899,0.9638625467854796,1,0.7746885820837992,1.0396146796131636,0,0.45923911858458133,0.7592713551196429,0,0.6051286876205553,0.7257446501818245,1,0.6371186540668182,0.6755247115752756,0,0.14164802008597838,0.6055177680201681,0,1.1329274141657293,0.627842762244192,1,0.7565022899994635,0.9762138276525515,0,0.5179756370815618,0.6311772149844024,0,0.608000664693713,0.8550039499017232,1,0.5758647561451623,1.0227555404558386,0,0.4506907511910768,0.5812195577779814,0,0.5543439891701771,0.5463951470648218,1,-0.017537420019415384,1.0837854075566518,0,0.6912022259090712,1.3514364526212672,0,0.9370520226623004,0.8899194406103649,1,0.021994435439243867,1.002349566389233,0,0.2196144545633202,0.5954377287652358,0,0.5876601294818438,0.8120802190628476,1,0.3313878817427919,0.6691098964337101,0,0.5030106049742453,0.4746110608451558,0,0.14038284782346316,0.436172865681846,1,0.37872096264803795,0.785776274987021,0,0.8456256995698451,0.6848513378368013,0,0.7346648699613907,0.7647959611369124,1,0.14952590889722545,0.6485405988269313,0,0.7629398936103194,0.4591303534710154,0,0.3867849160896474,0.44403571938196484,1,0.3397049236624743,0.8383441356537167,0,0.18240710431355786,0.9086089436477064,0,0.37193604415951353,0.7685343211753338,1,0.8228369398451182,1.0807705925715347,0,0.6643808085579355,0.6239107730398946,0,1.0471563420354144,0.5949428393792532,1,0.372290100826185,0.25744366558278714,0,0.11162775997090199,0.607489859104695,0,0.10931602378356935,0.4643143377206423,1,-0.05718699514767924,0.7946564719795146,0,0.3089401212127518,0.38417730116495413,0,0.47181940660087474,0.3537886503885559,1,0.31967157792072975,0.390271699684621,0,0.7927718448692606,0.35518236842701806,0,0.9014731257569277,0.6020041790459997,1,0.3604707707654483,0.9326832370238654,0,0.1332071098443081,0.3641755304562792,0,0.22040082194250782,0.4098233962630316,1,0.1628675682376041,1.0123497730386692,0,0.08285367080304702,0.4802995424047808,0,0.3966237976075603,0.7279934957371702,1,-0.3426800768709825,0.5599628025282837,0,0.17977875234233043,0.7048786812893842,0,1.3658798759612296,0.5819340204421004,1,0.777400230111752,0.38120053452233127,0,0.030413813573296016,0.811927856218672,0,1.0567244896000147,0.5784616568445544,1,0.8217172785807142,0.40222539311414757,0,0.5513737443767573,0.5361316455111813,0,0.6721353128591361,0.6194238856757239,1,0.05358116334478992,0.7842610070224467,0,0.4597060555359076,0.5632533419054605,0,0.4296272820204966,1.001359161945053,1,0.2366688075101026,0.37837788075875295,0,-0.4157539407051837,0.617505707954165,0,0.38453903273051426,0.6918578626881094,1,0.29644566370544323,0.5648493290653603,0,0.2409519130799514,0.6051481465979036,0,0.13914277759337132,0.9146025338722058,1,0.33548592283812584,0.35136959092103043,0,0.39158040165152663,0.41486362553143574,0,0.3075908616557077,0.28603200602530165,1,0.040481360352845906,0.2469758778305813,0,0.4471849674499035,0.6016099102112917,0,0.5279497052491836,1.005311115631871,1,0.3773087951926378,0.7067927805036084,0,0.4151253460345436,0.5910081442202104,0
143,500,0.6,SuperLearner,0.9772661343445848,0.0029201664281008816,-0.0020179293316359074,0.013874266413745893,0,1.5720964925341363,0.1834359264897538,1,0.018852257102079224,0.013555515931632968,0,0.024927866554662604,0.013846851858285502,0,2.5629648206703735,0.6050472450432116,1,0.007485646029490966,0.0070505239670878754,0,-0.00010990750083467761,0.005812852316755217,0,2.0612647064049403,0.30521468550776276,1,0.01656458346567526,0.01708360212492618,0,0.036254545028058076,0.038581595125082954,0,1.8157306481980906,0.25428338506977866,1,0.0038427022985773897,0.006774842115407855,0,0.016493286611934724,0.02571597870986391,0,1.9002771399880214,0.1267901668335038,1,0.018169519228120604,0.014003960056110435,0,0.007845040924443618,0.008396583079326485,0,2.062915306358241,0.07856289326988504,1,0.03221266189317715,0.016098619827750082,0,0.015184395436205225,0.0197652145439076,0,1.9105519376829925,0.290968944885964,1,0.00896118159445035,0.0059937136961463675,0,0.0074019308273211935,0.02227180801467178,0,2.0790679937120573,0.2041138709509487,1,0.019483212623434554,0.019819718858976664,0,0.017205914794183506,0.011799590389729319,0,1.5906245215528432,0.20025308023597632,1,0.032053204962332715,0.03250729380381081,0,0.007021867383676923,0.01838080689690675,0,1.4553260919352078,0.19709086267029532,1,-0.0019881087311086182,0.005761862155973189,0,0.013024673736993852,0.01864119181634695,0,3.1633077332295967,0.4805763340825298,1,0.007953677807383246,0.008541311389354853,0,0.005686606289159317,0.006449162503797329,0,2.50606676160666,0.5364970034220846,1,0.0014216729527326253,0.0075338292618790745,0,-0.00613987902712036,0.00911820744005866,0,1.9659145919489756,0.18112960866421682,1,0.0017507950354045368,0.004387861323698568,0,0.021514269034101835,0.020166473372057472,0,1.9410688100023878,0.1656993451082485,1,-0.0017190109178772096,0.015580497362810131,0,0.005268234778151114,0.010063897069381328,0,2.22898999667218,0.21764697455541349,1,0.05920979728359168,0.028153005340491654,0,0.014810164583259441,0.0137857812032976,0,1.8492893098644512,0.31241888810990587,1,-0.001866500102732927,0.012725896420466067,0,0.013358714910042192,0.010187300507647407,0,1.814506278232931,0.22872338767213282,1,0.0045479967875010205,0.014347586505336483,0,0.013282698409213659,0.030708461050832636,0,1.8674117566414274,0.27014901578811373,1,0.10376615978103487,0.07540390902944957,0,0.027099930363788736,0.027917690137972333,0,2.0658399557225593,0.3634267730676341,1,0.01452796264891346,0.006775434399385439,0,0.0009477718691264604,0.012443556523456264,0,1.616077545590618,0.34901465600526344,1,0.06035697705675863,0.034072856731917046,0,0.02896363716095,0.01342755166761748,0,2.194347035575796,0.4924404261875674,1,0.005096639758949754,0.009651577074051109,0,0.01175779508862668,0.01571244765216408,0,2.3033436500918607,0.39000985552835576,1,-0.008956058004380856,0.012012844758473905,0,0.0160708433100426,0.01713489426013563,0,2.2049135436699667,0.25848408678286994,1,0.0017101147714815878,0.017154795967776835,0,0.011402124421103632,0.022998088067604814,0,1.713288256065482,0.2531864763352526,1,-0.008934777984875247,0.013725731768212868,0,0.0020857768668946283,0.018095398173735153,0,1.8291540098045513,0.32341929044901957,1,0.00035020455156812674,0.006247936790522088,0,-0.00023647555834429003,0.00810439438550204,0,2.3777707526742646,0.42958175970558055,1,0.01635405737853237,0.009663705573805898,0,0.021557491227951135,0.022831612326830862,0,1.9960428891062467,0.4924782749672408,1,-0.004540831006438593,0.0054562137517370985,0,0.009122711058714452,0.006679827451564144,0,2.0762233609607246,0.3306433752561559,1,0.0029280686299233676,0.002903118610698924,0,0.008671706121287964,0.020503577965692087,0,1.943595734361417,0.2287998667612703,1,-0.0024049021024299274,0.002305668672369299,0,0.007306201693857861,0.014783546851558567,0,1.6169927282394738,0.32574436786495486,1,0.0578823800795325,0.029797221519848885,0,0.008258782739303756,0.018365148271462396,0,1.8534200406358265,0.17542142366358485,1,0.008756715521092438,0.00802466059032048,0,0.04288267864000027,0.023330113711014278,0,1.5956853502959838,0.326994840232142,1,-0.0069133364810380375,0.021510791017423904,0,-0.011790089172933987,0.01451088241298869,0,2.4062766305841006,0.23370918514432032,1,0.010076145822738476,0.008407727082409371,0,-0.0023607921332263414,0.003566454369637214,0
143,1000,0.6,lr,0.9789108627066405,0.0016303246322368133,-0.0002906945704518522,0.0026527108182601692,0,2.380355092529516,0.17897403311767507,1,-0.0006187774266207207,0.0018638518661442032,0,0.008749330890644554,0.001606002117465415,0,2.492144439973006,0.269113101926771,1,0.004799109334700388,0.008581128091494576,0,-0.0016726129190102724,0.0026947087389867486,0,2.314627127481451,0.22161669204295995,1,0.00032989457771082797,0.0030125731767771196,0,0.005126008324712839,0.008331098652866801,0,1.8516880272696337,0.16118183786429663,1,0.0008298312979290737,0.0035248008381537975,0,-0.00406693736458662,0.007624915428615607,0,2.270418574307492,0.4387202510047023,1,-0.002664426494849984,0.0048101583935987345,0,0.016197522970293435,0.01054685086011144,0,2.600760999316047,0.12867511012412589,1,-0.0005930352394295319,0.0014221417547213677,0,0.0003362652981391206,0.0019044787051603247,0,1.9107360425899196,0.18601696913496643,1,-0.00360073419979298,0.005265634376043328,0,0.0045766052373589295,0.00821409803301722,0,1.9960819168022936,0.22039600384000638,1,-0.0027655488184690634,0.0032919248362357134,0,-0.0006798574423600328,0.002051949677868027,0,1.7325744229275144,0.16028113402859684,1,-0.0033119710819317118,0.004742373159934779,0,-0.0004431010072073169,0.0030082467590034213,0,2.098190972835364,0.2738383507958303,1,0.022599800071379468,0.013579634069930959,0,0.05601383787928649,0.015980449109841643,0,2.1178796813735525,0.3662185725665233,1,0.002917378404048958,0.0058050368988555034,0,-0.002043383992697311,0.0069366172814439115,0,2.274124428508885,0.25297970950008875,1,-0.00126733214297073,0.002925106771528101,0,0.005507391543747962,0.007559917069850502,0,1.8129043322442793,0.1911346727210472,1,0.011868796367507494,0.010242634702060148,0,-0.004480124481327741,0.006581313370624037,0,2.248534792310374,0.19811721218950656,1,0.00520714209542311,0.003395566578620598,0,-0.0023787216791931937,0.005198882430464504,0,2.0570659968288516,0.1437616897425045,1,-0.0001843625530025257,0.0007138142676589796,0,0.003929584629942128,0.0031579711037581617,0,1.7910824023622935,0.08078820038944662,1,0.009436229209197473,0.013924073587532082,0,0.0026074554299031424,0.006060427711223539,0,1.9776718594324212,0.3386081781247495,1,0.0006300093228630504,0.0006270534571532675,0,0.0015948745245485361,0.005009478007469506,0,2.1455967654423476,0.19296726663336217,1,-0.002964206946951969,0.009518738923996073,0,-0.0011401265608314084,0.002295858130547423,0,2.2146550584646008,0.25941131489998653,1,0.012543225263254246,0.005602183391870893,0,0.0036588358604895247,0.006227197740872494,0,1.737418902960549,0.1878789267244476,1,0.002395378313912971,0.0026435366244483894,0,0.028268240538306517,0.008870277542307011,0,1.5080026639508801,0.16257900690118623,1,0.018848311308481927,0.01504496329752076,0,-0.004229590430699698,0.018049137319708815,0,1.9007408812248827,0.32894949159121223,1,-0.004670068437914139,0.005819251853227485,0,0.005391624261409167,0.009292825750405161,0,2.3521907792423304,0.24411611930765098,1,0.01589589929298288,0.011658555456046334,0,0.021360185144393026,0.01671973961172556,0,1.8127790736121465,0.1576036374260778,1,0.0008701632617539144,0.002706826608183128,0,-0.005247213170886953,0.006247136390410889,0,2.4432190248494323,0.1825030399835635,1,0.0027037368815179914,0.006530280788914691,0,-0.007685564222025348,0.0064623149510282625,0,2.099352925847747,0.16525397948320242,1,0.013344690267091067,0.017044725599213828,0,0.008663459514756484,0.011770727449946491,0,2.001202004205015,0.267774877810303,1,0.0008613552558635171,0.0007279322307505336,0,-0.0029324983008721154,0.004389377285568524,0,2.4579309408827714,0.2782729352399892,1,-0.0004880721943339569,0.004386099456410475,0,0.010760468884733275,0.005346658106947143,0,1.6250701304766089,0.23077966314051448,1,0.0007480663263320757,0.0029245278490538707,0,0.0023957983593699667,0.0034658334419132106,0,2.045559124613151,0.3236287428259005,1,0.0001693987772317572,0.016634328464718795,0,0.0070177858540211675,0.013219989529849697,0,1.7016968658260254,0.1858154651866852,1,0.0004178912817159989,0.0011180003254525773,0,-0.0024660525669813653,0.004808077595983549,0,1.7262238289978868,0.12730758645073215,1,0.0035703396398254266,0.006682805801627838,0,0.003752765328513781,0.0028496549238793785,0,1.9185760670888694,0.028897640910087858,1,0.0010391359965206202,0.003740772728337337,0,0.003300077598414994,0.008372112852099236,0
143,1000,0.6,lasso,0.5322933105381875,0.04906149240905951,0.0,0.0,0,1.2602884893328639,0.0675319739749414,1,0.0,0.0,0,0.0,0.0,0,1.1100722809249788,0.07099518637686641,1,0.0,0.0,0,0.0,0.0,0,1.1613977869358956,0.12034739351159598,1,0.0,0.0,0,0.0,0.0,0,1.0298723069582407,0.09621110266557673,1,0.0,0.0,0,0.0,0.0,0,0.3866039111306822,0.18709317321547478,1,0.0,0.0,0,0.0,0.0,0,0.4863482418544088,0.10639720359207609,1,0.0,0.0,0,0.0,0.0,0,0.8003966130741599,0.14799568915717032,1,0.0,0.0,0,0.012430980253590632,0.024861960507181265,0,1.1873706463361153,0.14237223496609122,1,0.014548634694829615,0.02909726938965923,0,0.0,0.0,0,0.780671125192107,0.08907413867054606,1,0.0,0.0,0,0.0021046245415827086,0.004209249083165417,0,0.7797694208548237,0.21954052045564967,1,0.0,0.0,0,0.25704739968581597,0.33961539076235475,0,1.1807382354546703,0.4311896662265049,1,0.0,0.0,0,0.0,0.0,0,0.4007453508583825,0.040651999643516415,1,0.0,0.0,0,0.0,0.0,0,0.8565499597707016,0.10972305513623078,1,0.0,0.0,0,0.0,0.0,0,1.447356008079727,0.09485469846379595,1,0.0,0.0,0,0.0,0.0,0,0.15730678338004708,0.1058648025400275,1,0.0,0.0,0,0.013448172012492663,0.026896344024985325,0,1.649199503824192,0.1855956597661452,1,0.0,0.0,0,0.011111582295876858,0.02222316459175372,0,0.9797359480393263,0.16243277013445284,1,0.0,0.0,0,0.0,0.0,0,0.4514501990435635,0.20486400045075698,1,0.0,0.0,0,0.009516068960899687,0.019032137921799374,0,0.8286890711342944,0.19724493006983254,1,0.12552787787137842,0.13467892139670568,0,0.03450603973416773,0.05108857193365818,0,1.500972796890385,0.2603829333172539,1,0.0,0.0,0,0.15158609584622937,0.17972301997411833,0,0.7393421335214578,0.26446512211168566,1,0.0,0.0,0,0.0,0.0,0,0.17626990890051425,0.15443584463835483,1,0.0,0.0,0,0.09493123932865685,0.11628315341379546,0,1.2230564906217727,0.06096400377606146,1,0.0207900260745714,0.0415800521491428,0,0.0,0.0,0,0.6446883067579678,0.15882951127644612,1,0.0,0.0,0,0.0,0.0,0,1.0713547800866663,0.1035482849201065,1,0.0,0.0,0,0.0,0.0,0,1.9890727202375007,0.2625523809167164,1,0.0,0.0,0,0.0,0.0,0,1.3318773671395758,0.3226207430571547,1,0.0,0.0,0,0.0,0.0,0,0.8991350843453756,0.17790181464764834,1,0.0,0.0,0,0.0,0.0,0,1.42350641580745,0.28532510064578354,1,0.01809312604238899,0.03618625208477798,0,0.0,0.0,0,0.8287353190986426,0.13527518699197993,1,0.0,0.0,0,0.05424506540597037,0.05670883588591194,0,0.8946951278783122,0.1791577171308201,1,0.0,0.0,0,0.0,0.0,0,0.35446356573123294,0.07877584763178042,1,0.0,0.0,0,0.0,0.0,0,0.11026046984240305,0.04627913715828061,1,0.0,0.0,0,0.0,0.0,0
143,1000,0.6,dt,-0.2999982239508733,0.12180795678056247,-0.4720814347388636,0.5255458658592,0,0.26049515065413675,0.4064640712309398,1,0.37849262922994564,0.3461879089588932,0,-0.27232214406568633,0.44359236913177663,0,0.6735974878824689,1.6969829828785785,1,0.10131028077761099,1.496380798255909,0,0.14075889485269893,0.3065189358524143,0,-0.5156528117069172,1.0612774270345817,1,0.1162790564439741,0.40880254018808654,0,-0.42862662598612433,0.5125812273899791,0,-0.31194980821095053,2.0462869391111225,1,0.03750099592245626,0.3483561853039381,0,0.2847154707250469,0.7158053131767556,0,0.16080575988583848,0.42463724900929245,1,-0.26921146961776066,0.5166303981860766,0,0.3541736961239268,0.536154159504775,0,0.14486147585486048,0.10050540138458204,1,0.031106230707391234,0.27276406264691544,0,0.19388177358189868,0.4068307696167201,0,1.6403525855269039,1.809822942645953,1,-0.5618823497832842,0.9376410608324223,0,0.5124318429173649,0.4603701967815644,0,0.2802219235367838,0.5599258267685377,1,0.42685672750114767,0.4241893205368984,0,0.3898189032144074,1.657428247690904,0,0.06566900931755609,0.7700048510841833,1,-0.0009391912770767119,0.5067880691187426,0,-0.400203744122601,0.9939669976368533,0,1.3054862816192794,0.7569676546144599,1,-0.31206916613547453,0.3221988541467815,0,1.4933366473161047,3.1239218986395954,0,0.9283886292372273,1.6325027696356593,1,0.4196219259877715,0.8337536480398493,0,-0.2321920662365229,0.24521514819690407,0,0.47995611705050695,1.951441401249034,1,-0.41026784531823035,0.5684497804214297,0,-0.05019081188630363,0.10005998643003812,0,-0.14669209247713563,2.405444397556759,1,-0.11326163634863748,0.5957017140530791,0,0.25258410912156515,0.817456046962067,0,2.389099869786789,5.13986246051064,1,-0.46421825006958484,0.55038989833672,0,0.537103267789753,1.3554257496847193,0,-0.07743160820622494,0.5330435074576124,1,0.24898658214243108,0.2656281610732319,0,-0.07293684702662513,0.5744247654809446,0,3.0062751838181123,5.034696318031408,1,0.19606068656552594,0.5420284931628556,0,-0.0386170991566188,0.5829955730099154,0,1.755862819211615,1.4633240201084226,1,-0.019817143885493122,0.1676102476047768,0,-0.4830737584545794,0.31262017250430224,0,1.0894300251635571,1.3091588653138915,1,0.6278722900137983,0.8124912175309024,0,0.7153609428925503,0.6326224536930037,0,-0.4787436083125735,0.7826310395923868,1,0.2767412303145555,0.49946498902481606,0,-0.3885436494576596,0.6452152082561945,0,-0.08228356798896734,1.0783501555865358,1,0.6767806354555683,1.3001020350521073,0,1.7580486633845496,3.7896390213502675,0,0.20448104200109615,0.912698983248211,1,0.06006254278520058,0.18466747572337594,0,-0.39566334029519,0.6273572040303779,0,-0.08579045669945415,0.27889752832839576,1,0.23057785135858938,0.46424728997856224,0,-0.022814013622317008,0.3156545203157039,0,0.2817277965660025,0.6140936253181155,1,0.06883449474627715,0.9044617044049889,0,0.1510236237343912,0.34038199924736146,0,1.4517458838607458,1.2048386230521706,1,0.5074349797406001,0.35910178328604014,0,0.021725226354349824,0.4206790888197272,0,-0.12429763801930796,1.6943743750074753,1,0.7463979007491589,1.2138858094004608,0,0.0015639501173303149,0.9820518485953497,0,1.6710658097203364,1.6923113611779659,1,0.21138716584567724,0.5055758787004179,0,-0.18421545911367926,0.13941234659340643,0,2.4227351263431314,4.107654828392056,1,-0.25895789222880905,0.4577857418229505,0,0.32404842748328433,0.3331797922331874,0,-0.16751366966492637,0.7084308536756081,1,0.6231133924494442,0.9532275157766534,0,0.5958768557521624,0.7712934472574071,0,-0.7031475387871486,1.6713723920940644,1,-0.25259807623968084,0.6561627911657266,0,0.1529493722147527,0.3408976279706835,0,0.13890233934227816,0.8334831922252199,1,0.041461760938518374,0.1895130251446623,0,-0.27701616104466975,0.6953952447791624,0,3.0324517372395072,2.9154023100392745,1,-0.27925499128965553,0.16056554263822295,0,-0.08298360913372597,0.5007062687451385,0,0.4374967117100016,1.5371957311526918,1,0.344216417997337,0.6445284611295645,0,-0.13768825836839588,0.6476981726744662,0,-0.43437247000337303,0.7842247920814944,1,-0.3148126331519192,0.7022156578855036,0,-0.13261396725329214,0.9238029793508103,0
143,1000,0.6,rf,0.46702429127854106,0.013512645700954881,0.052171638200570344,0.03942151029900068,0,0.6260008794706263,0.19229321225060353,1,0.11093789343073837,0.08061161700892759,0,0.1598218832580009,0.060200186300521444,0,0.5717441157986451,0.11709628199737573,1,0.10632206641120474,0.03642370601685373,0,0.04117081396759649,0.04060977146049562,0,0.392765583772367,0.08542661219480292,1,0.062172959880354026,0.08320209752559797,0,0.03738226281109812,0.04884556163233575,0,0.5479650880657448,0.10442992176636257,1,0.13614370991910044,0.06762395963648175,0,0.06467743910357719,0.11009139499881425,0,0.1380506351977014,0.06759043890986748,1,0.09299303613845178,0.045627926414075565,0,0.04109932399411566,0.04635976151328755,0,0.38510280943902997,0.09442173333725767,1,0.07020269846958915,0.041355505949418586,0,0.014066665623955399,0.04002358695493904,0,0.7124802838901989,0.22731604063276756,1,0.12459006447740503,0.05145189984612957,0,0.14807525386600695,0.07660857720320356,0,0.2999538557468658,0.05353720474749424,1,0.14535034020369259,0.06513491307024663,0,0.05335479130201424,0.06876571554374672,0,0.4797208313140807,0.27308898943110704,1,0.05349824605023461,0.12130064174807959,0,0.21575114381374766,0.12086975729422106,0,0.3304657499270355,0.05751032078938633,1,0.22684030702159616,0.08458731989216832,0,0.3027419231096863,0.09943219869946326,0,0.648649900458486,0.3098504426484242,1,0.06136535565206398,0.06480132228200829,0,0.07965107607921842,0.0719460972647228,0,0.31311647349659016,0.07271356146587067,1,0.004886539617191462,0.05806963668968895,0,0.10677712610964792,0.05661592936361714,0,0.5308765944936982,0.1960779013041187,1,0.11196645014773152,0.06683902255530685,0,0.08500934162793926,0.03953430259955653,0,0.7511083200365104,0.28807193716853596,1,0.22953986955144928,0.062453210916353384,0,-0.002945398855739541,0.05116053220284079,0,0.2866165220328282,0.13994123612863726,1,0.040656116072670626,0.05276860399944016,0,0.15946791734628118,0.11302985991449253,0,0.7498258278005634,0.09953323933889589,1,0.10042059582812386,0.11813877388937798,0,0.401356512355388,0.16229977551208316,0,0.442694376399154,0.15435564102306798,1,0.03818156240683791,0.02445476269950764,0,0.10223884442982001,0.05978190977697462,0,0.3631941468218014,0.1319621355838122,1,0.10377685658857319,0.09672255311059424,0,0.16315189306920805,0.037613952927245585,0,0.23737551799663703,0.11981445254302328,1,0.37049421711776914,0.1784169322057997,0,0.22829764938538144,0.10644591789804721,0,1.1584901875344467,0.29099391147507997,1,0.09907031762269317,0.062469884910237056,0,0.25025844247076623,0.06928299273105158,0,0.3125183551378326,0.1920090453458806,1,0.01676754112138646,0.0370723070970767,0,0.13125179046718788,0.07974809926975683,0,0.23164168265275803,0.08443530599112488,1,0.328289043223993,0.13512711614453138,0,0.1420586015724305,0.0806044548513394,0,0.3233980808778162,0.03493023727191927,1,0.2958012368658894,0.08722825098210528,0,0.1655568225347061,0.09320862610739536,0,0.40262313587356224,0.08109209143341421,1,0.01866656118587341,0.08962893762732291,0,0.12576164684890456,0.07396306773765741,0,0.4841118424858366,0.07728747943916468,1,0.10041725690304534,0.022387674767175562,0,0.10622265809486497,0.08376912844244465,0,0.9597178702083949,0.16181788137530184,1,0.07897533792983562,0.06085393496530788,0,0.1404218875355285,0.03380233868885627,0,0.7974959623239586,0.16950583117453874,1,0.11770434277316395,0.07843929551347513,0,0.029856096380544584,0.0388070539392394,0,0.3643647943748431,0.13965975018033097,1,0.046689761578474875,0.06600820282667892,0,0.13645315224034033,0.12184619175380566,0,0.9220496041890455,0.0797395826370671,1,0.22015654619131383,0.10484565568303982,0,0.08803150030494575,0.08210923163450466,0,0.34568034164620093,0.1532209335980944,1,0.07581062917539452,0.07509109715857208,0,0.2131534644052279,0.04026238647807496,0,0.4265743604887611,0.18813269777044417,1,0.024205517924275426,0.02176869005433405,0,0.15671620312287526,0.09839721840913196,0,0.2726642825404858,0.08160833205217138,1,0.05926452081286757,0.06539417755605946,0,0.007084952520846073,0.04883771849526827,0,0.18647408861333478,0.08971398484992846,1,0.004879498825829644,0.055023032479875916,0,0.03250580586922211,0.022205701694592725,0
143,1000,0.6,et,0.47845476536972614,0.013566386993073188,0.0990342464763284,0.022654104033409613,0,0.5406913280809553,0.06261685608661749,1,0.12486237749733071,0.08203684156478241,0,0.13888440068264904,0.023727819373251784,0,0.5026284424766037,0.15520726656640127,1,0.06663860161929322,0.05757945005880044,0,0.08733890266361893,0.05961168531054363,0,0.5677099547640164,0.11940509497072707,1,0.09713201631015726,0.05173276364737155,0,0.032971940797186246,0.09735486587388492,0,0.5857039449423759,0.253589728604257,1,0.08931156844995078,0.08296394902220205,0,0.08834159570468428,0.09238384356294319,0,0.1366708267053612,0.044396947102977834,1,0.040482089885123244,0.06558796563480247,0,0.04415526024176075,0.060496464643164126,0,0.4191856342693618,0.0470629766071769,1,0.01782839117160438,0.029731766683193217,0,0.09855310129259345,0.10963244051594134,0,0.6406771290284718,0.15248387748807732,1,0.1121297505795884,0.08259237948049954,0,0.10012576814938152,0.07007775987023285,0,0.2519669107599889,0.12360765526744726,1,0.15343163551413377,0.062416124360384635,0,0.05812311443424271,0.08677074555919725,0,0.4689417149675161,0.14813908707991263,1,0.06949600937771815,0.06465010346322995,0,0.22480367799865825,0.06666252383204826,0,0.37385911623863227,0.15427632086896262,1,0.2086710387035954,0.10851029151904883,0,0.4936701336440839,0.1474349617271433,0,0.5543275520217561,0.2033506655231716,1,0.11143723093687967,0.06414848212866349,0,0.15235840017818647,0.08180733414661355,0,0.29829387189328116,0.08467509014160143,1,-0.005217009782683732,0.04817403282214477,0,0.07074054378883497,0.08473638873700838,0,0.5103027882273381,0.11618684419779658,1,0.09916178622235738,0.0981507711014716,0,0.17377735693677535,0.02925777732272105,0,0.7728980469681568,0.2574118027939467,1,0.1633708324014316,0.06628951953057538,0,0.01945568072785761,0.03716892896645884,0,0.1931790525022882,0.06580880260880412,1,0.05536538260187866,0.03463821438833946,0,0.2288608927756913,0.04555658671433903,0,0.7107092396664129,0.09656973092296418,1,0.17582536171174792,0.17573395991917937,0,0.3945286018491408,0.15110258419454106,0,0.4256471428969684,0.1799480180717233,1,0.05125300118716858,0.07315599882978528,0,0.09110921760239137,0.09212392850845454,0,0.3502085822907922,0.060387189471969874,1,0.0963625891630602,0.12087212552840727,0,0.18148846256293655,0.09393704558744119,0,0.2647961909871992,0.13863635735136584,1,0.4056769872283195,0.27085793270946623,0,0.20286659723591804,0.13205296754168327,0,1.0957965010581021,0.14440173450981322,1,0.11936788925432631,0.06657334829509186,0,0.2774256835425853,0.1049764374753832,0,0.3514802655888313,0.09185792618618423,1,0.07249324193403678,0.08942533745986651,0,0.09224421563623811,0.07875514743283257,0,0.20582528218106658,0.05462008279819742,1,0.12338943424275368,0.07272515951587029,0,0.24573469845841753,0.09994238184225147,0,0.432902902933659,0.08852183137621765,1,0.3533921853254326,0.080030819453332,0,0.1543876751288971,0.11867204175034021,0,0.32590662742731275,0.03385430825846324,1,0.07601108383470044,0.03703818782450714,0,0.0642250771716137,0.03970801157211917,0,0.4774921262057177,0.12652236041535303,1,0.07367257311483073,0.056653271638320166,0,0.11384904640760382,0.04727307431280529,0,0.9603509559627017,0.2269974707806162,1,0.1000389245289797,0.04906255101295773,0,0.11102141446104252,0.022071239760484966,0,0.773598567976229,0.08933932025080554,1,0.19866157067600726,0.0484312957911336,0,0.047446827384435536,0.021187943809938173,0,0.4627188891772776,0.15354296950501584,1,0.13668081371827984,0.06706157166882809,0,0.077338734682672,0.0647715314262923,0,1.0013931493441421,0.280033099098377,1,0.19372778373353303,0.18348344681901202,0,0.06432987305173322,0.04329369567190961,0,0.39520324448642363,0.2248132675429173,1,0.10078951336523827,0.015311530155945493,0,0.22323209041805336,0.13661879773113939,0,0.6772332367947128,0.14548525457782288,1,0.05493171725107206,0.031639064472806074,0,0.14719257652573792,0.028192039524327,0,0.23607364056732055,0.07499519776672721,1,0.0710037517825453,0.041886467389461814,0,0.01233119748680414,0.09848919912855013,0,0.11547491081910984,0.11217175582533487,1,-0.012828946489419141,0.06964704422624439,0,0.02252552186162332,0.05218046426541476,0
143,1000,0.6,gb,0.6543503619417785,0.013027246834194756,0.006377943100644735,0.014306922600138265,0,1.1842825335011686,0.07777176475448067,1,0.08359899828342629,0.08402232482148864,0,0.064888262190899,0.053976041709061326,0,1.4505103612189458,0.23233370849871005,1,0.0206585556009317,0.040063598232944836,0,-0.004329112922720866,0.019898261061389422,0,1.0816358701909405,0.3103938492602173,1,0.021088706762907826,0.02712676104245763,0,0.034935600741535,0.03226222976021226,0,1.2297415037527664,0.0715677305516053,1,6.670758869750468e-05,0.017965094636839273,0,0.023483049310161028,0.02636390005767533,0,0.2919207603795568,0.20012377854931426,1,0.06774023154667681,0.10132597732246525,0,0.016406510591337617,0.031052377972314884,0,1.052554072807586,0.1677273643360892,1,0.0010549038984866287,0.003674819508464621,0,0.015504460100980708,0.018856293543218574,0,1.2950671202269928,0.19188890258926447,1,0.06781626654342457,0.0864549330884579,0,0.1961083760730406,0.13540231464208308,0,0.5627004986323536,0.1463737330005706,1,0.15772031136612713,0.0800240250562385,0,0.00753904464332168,0.06088507694539761,0,0.8526053171119816,0.22869208792471946,1,-0.001736822477032627,0.04500248488155747,0,0.21626996964808298,0.2392671026870212,0,0.6619941034267744,0.23464409964392627,1,0.32454849902995575,0.15978406198964715,0,0.29384653230297,0.16481608462253425,0,1.0274427599584814,0.21292714709813917,1,0.039458877761867864,0.09740629886443497,0,0.05987218107128563,0.05666172045444113,0,1.0955228301175945,0.23176944065937582,1,-0.013272904530259774,0.023082008262523268,0,0.0064512517326553494,0.011822879879643386,0,1.392733905174188,0.2554463755872954,1,-0.001668726117617325,0.005641006499110906,0,0.015600427506613784,0.026293793929863866,0,1.3928805028168347,0.41139663684542993,1,0.2877374530964471,0.12734855264592,0,0.03851136173024129,0.0599532727202528,0,0.4600865240425649,0.21305046533332345,1,0.020270428759647807,0.03745958644039159,0,0.0904376240471505,0.025045090838806662,0,1.0379748469061052,0.1829981951067504,1,-0.00019357239774512902,0.013348257327589121,0,0.3464418131968202,0.17184385101122893,0,1.0902405659765857,0.25074927080185017,1,-0.0013999348155572452,0.012786309199974862,0,0.015728496713292912,0.03476100318733171,0,0.7453099452119342,0.21186465747694033,1,0.02087761814390693,0.090575125308668,0,0.35459004549495887,0.20946459051695857,0,0.4677216414608668,0.21616336069106146,1,0.2722048910124772,0.11914904196929883,0,0.12475642164225675,0.12321329157151911,0,1.4780484625714927,0.400762651333128,1,0.0009307161511440682,0.006723007102289353,0,0.10059763123264642,0.10538306916802888,0,0.7213087208166551,0.2388848976557466,1,-0.0013374271228073983,0.011953748842115315,0,0.019055578057760002,0.04739961062661538,0,0.4251742065924685,0.15953918670956685,1,0.1740865063815912,0.17930853092425508,0,0.25455752076064597,0.08083118949274705,0,0.4879679508606755,0.0992688388867717,1,0.27903995318776575,0.0839461019289959,0,0.17537734215321668,0.106578986768874,0,0.7723220310135405,0.2721554643050157,1,0.037267102037765135,0.06041418507288284,0,-0.0018332052623857467,0.022282983091153744,0,1.2235926584377324,0.20507568718499758,1,0.028463849133602996,0.03954098623649359,0,-0.001517414514688688,0.017319317855425093,0,1.4906299055090062,0.2988526870051472,1,-0.01473684416889064,0.021571977938297873,0,0.037454365452509866,0.03809975875693717,0,1.372245764019101,0.27542454650052384,1,0.07721925961054248,0.04654472356202038,0,-0.006776239954196042,0.008753999974900615,0,0.8561954030623206,0.12106157569909767,1,0.002051632036084719,0.016414639746349245,0,0.07806410333013514,0.04530275729792296,0,1.0175123954699499,0.22416696575251652,1,0.24302009314012335,0.07709270080473211,0,0.06770259967072623,0.0791780057617099,0,0.679251343796888,0.05782766699198325,1,0.06089345545103031,0.06267334841163054,0,0.16717612568586465,0.07233190917103595,0,1.1725895593632971,0.23406379042538455,1,0.0014455501688148049,0.0022735376346928143,0,0.1615478240150767,0.08344066761960976,0,0.6996771329189218,0.13361922436879728,1,0.010372698532421206,0.013362386050474873,0,-0.013531329134115793,0.03662862084531783,0,0.5671261212823184,0.19840652742326026,1,0.0002853653022496296,0.01742773172472402,0,0.020039223713119697,0.03237132842880099,0
143,1000,0.6,hgb,0.6390577566707334,0.014485994263443925,0.0513972801344497,0.12368022753328077,0,0.8865780299431109,0.14143683766196877,1,0.15847173468961415,0.09350714300803242,0,-0.0033516847081743392,0.03537584713785962,0,1.135109068699181,0.27810952754168566,1,0.03698508482397779,0.06326065258649131,0,0.02775538078114876,0.07704906820382655,0,0.8734284334226132,0.3532501175788945,1,-0.007383969223871509,0.05858016859053763,0,-0.048735993535591736,0.04272054282304216,0,1.0960075854758613,0.36664226078471196,1,0.07259496395226682,0.06853452944881645,0,0.08875482668212177,0.07817900908592063,0,0.3712949506350796,0.3621839598020687,1,0.06893683955485744,0.07154221367295312,0,0.012903061246825992,0.03823430402688915,0,0.7962835112816673,0.21537302267548583,1,0.014241018853084953,0.03559019847858243,0,-0.0007921502122773094,0.08051194482809959,0,0.9743907746874726,0.23028373530748744,1,0.1293376846263471,0.0951656880528269,0,0.12618497391474043,0.11276553742459457,0,0.6427931633311141,0.1486907202888773,1,0.20221900940095208,0.1347218095779598,0,0.028277215825683592,0.025940908760789493,0,0.7943980707412013,0.27371225307504393,1,-0.029133346082703356,0.12300875033853574,0,0.15186964169879463,0.1518152932866113,0,0.577828820834213,0.2098723297719828,1,0.17434820550925173,0.1182451617558345,0,0.23948892529802945,0.26602684151294953,0,1.3560487842303304,0.17709088834267067,1,0.08961060505393349,0.08140216888437578,0,0.12408425978940085,0.17005648609459842,0,0.8550048690061185,0.2650914717984617,1,-0.002253998710975659,0.07161136183158384,0,0.0714243137089523,0.05146085311229741,0,1.1906976029723289,0.208967379262966,1,0.026002391772139716,0.06163477395939329,0,0.0717879359756868,0.06575395773632439,0,1.2241148045726313,0.5683601674850407,1,0.15970196109316367,0.20539050868557018,0,0.04579703792497199,0.03530023961475526,0,0.43276535844727465,0.15061661896072864,1,0.056669391311338656,0.07266414884113812,0,0.12414412054374362,0.04897811158073784,0,0.9277163021531136,0.22519683024768017,1,0.07836590424106084,0.101742359083714,0,0.4415843691825606,0.1910734092403142,0,0.7792165038293477,0.21382219586880777,1,0.048824400300203366,0.04171351007795233,0,0.03815740638920663,0.03390972463436662,0,0.8091475556456004,0.23643374778612966,1,0.08622994055633106,0.05354018276115298,0,0.4145961427070475,0.2122729046668991,0,0.37896998706520574,0.19457675956150458,1,0.22979316235779185,0.1505978803760387,0,0.10893141559804213,0.10364885935431421,0,1.1145828072470079,0.2611567045996877,1,0.048021671964478145,0.045873859248719416,0,0.39025108279549464,0.16667535464227895,0,0.8163861383971245,0.1531134724090222,1,0.010052150088668648,0.0422839114654146,0,0.09347708766239252,0.02951588979097235,0,0.5829932636218558,0.3127807983078328,1,0.157526821307917,0.12628099844338372,0,0.14257142386597105,0.17104816945648937,0,0.7360957025803141,0.33106550537152285,1,0.45129923701294034,0.24267966493237095,0,0.17071891645614973,0.1266991895897262,0,0.6755225699483249,0.2326342804705718,1,0.01953538080243213,0.03312487636565959,0,0.04545519548633641,0.052646610647009186,0,1.0657556945884317,0.12274274988701209,1,0.007031458620854828,0.019765076030751925,0,0.06912152882379409,0.051772646481747855,0,1.3713081785527783,0.20096914241229613,1,0.04159443918631831,0.05440256947748453,0,0.04338752731835156,0.04435654815834436,0,1.165226388515615,0.4316857799333349,1,0.1393936355081204,0.06434843553422971,0,0.0028665395881221066,0.08598798827040172,0,0.769626827617331,0.23747010282417566,1,0.07210073040774359,0.11689631556421994,0,0.1480786452611362,0.18321315863838367,0,1.3208963537710148,0.35449944330833644,1,0.19261753865851527,0.1526538136520301,0,0.1566581445563859,0.09022936920794493,0,0.5482927509893565,0.33615029181471834,1,0.05320561454112819,0.09052453351223295,0,0.2156725620473246,0.14503404431933378,0,1.105141963846021,0.313761543645315,1,0.016383658757525878,0.026229616592052987,0,0.12840766590692293,0.13215324835897999,0,0.5329432761278451,0.22245699619713144,1,-0.05561806901841584,0.07021393249318293,0,0.027920779115512724,0.06788844083622592,0,0.4836480836408016,0.12595078579336808,1,-0.0060606934838135385,0.061942175765154074,0,-0.018995239716312052,0.056093855613084304,0
143,1000,0.6,ab,0.4837447140314879,0.02837035142398692,-0.00376376265897774,0.007527525317955479,0,0.30109652219541216,0.07655788245755765,1,0.05469159791274129,0.035752489220915375,0,0.0549013423581304,0.07760530147776394,0,1.1739066459197705,0.5113318800860004,1,0.1286817054320963,0.10826830995235569,0,0.03745816862622244,0.056561663722808526,0,0.9580970554352124,0.3330408059293199,1,0.055933653252877046,0.039208626517426966,0,0.014976705836366394,0.02043434042990868,0,1.3931510330248855,0.2331668089343497,1,0.20514689666674527,0.2810668617503715,0,0.00021467809289494043,0.06411960459071175,0,0.01227218693624379,0.16846914461767368,1,0.010733637597844164,0.03971858069654166,0,0.03737959711195954,0.06854725093686558,0,1.0084285349849267,0.24945154256974733,1,0.018242347970373274,0.0325767001753554,0,0.09650493499914385,0.08012334708369015,0,0.4524309370705569,0.24045039726940748,1,0.17818941986210696,0.13810816240357612,0,0.18453799771169596,0.13043207402385812,0,0.5303402751503904,0.15420802679314158,1,0.12696253908476948,0.15599625512251153,0,0.1505828794381087,0.08397158252286298,0,0.8309180376038873,0.4164164932684546,1,0.03405698884361498,0.02972364544737855,0,0.013894774501325457,0.038476338642697644,0,0.22225840539464178,0.17148619914347574,1,0.18836757778823499,0.084084601200885,0,0.32848458414343085,0.16071568810326448,0,1.993043518377295,0.9296052616860816,1,0.07462222523673544,0.08843109220711914,0,0.06376112589733553,0.07069660515938973,0,0.376852260689828,0.16110841733316403,1,0.050927554708776565,0.10185510941755314,0,-0.0060015295960629085,0.008376310789682607,0,1.2340270503478803,0.22549154513416275,1,-0.00881578001672638,0.02438856670750842,0,0.02532038827909558,0.03314984704623151,0,1.152903350510974,0.41818827145147774,1,0.04199762792695935,0.09139335882419507,0,0.007068735236388094,0.03696329274218394,0,0.053248056838351376,0.12414229312870353,1,0.006862454398543905,0.016632806592876834,0,1.0582123917188047,0.15812601262479056,0,0.35874944456407937,0.10534683243140257,1,0.05897376642787703,0.09464997201164048,0,0.5268475911783039,0.40604663273140856,0,0.40947728690753743,0.3456793196029829,1,0.0,0.0,0,-0.0023308437641349268,0.08095202410285929,0,0.8532660796698611,0.6211218566848661,1,0.11644894533199528,0.20048275250366426,0,0.18343423368542341,0.1044204648633009,0,0.3561717545222718,0.28996175373767924,1,0.3901220295690821,0.12213230753601234,0,0.010610180137332323,0.04191998866786134,0,0.8509247534219027,0.2808124206526038,1,0.02906927722791538,0.04438568860064943,0,0.3391278935117884,0.29364706546729336,0,0.9715605763884498,0.26472859959513406,1,-0.0010897127746465002,0.0021794255492930004,0,0.05785294346373258,0.11070987375245525,0,0.3705567068093649,0.11771969543970047,1,0.32394464586371735,0.1696679070318773,0,0.03733551200962482,0.05407781321035547,0,1.302811826504406,0.6270222873428296,1,0.3500428555832456,0.2043135364048485,0,0.14623335405817803,0.043243595802191996,0,0.4335768556037727,0.27604795995052234,1,0.05014970256333062,0.08025533156876004,0,0.09219519188087807,0.15157389850410266,0,0.6450062229533178,0.39090319834942133,1,0.10309844583532428,0.1404540304972111,0,0.002233157350852083,0.05355909189628229,0,1.5506905055859108,0.4284390531006081,1,0.03790955412337945,0.10600486102310866,0,0.11980648382605523,0.09203918880865693,0,1.10109762616533,0.6599165564231656,1,0.06116685583595975,0.07532078450929273,0,0.0060570703566671675,0.034127207590094015,0,0.5025226938021271,0.3976802479267892,1,0.20209965728546542,0.2199740050429059,0,0.3733402606502188,0.19860270520029563,0,1.0980872332838405,0.32701192086581965,1,0.21384333746347353,0.20201712362743815,0,-0.005485154225503408,0.011586823828292963,0,0.1827972771058722,0.10059084243096751,1,0.02892884494089911,0.13389976375081827,0,0.4496073457790204,0.47952489346632987,0,0.7343121766275411,0.2983433265156036,1,0.03575524181579566,0.04397884768560724,0,-0.0022090729718892256,0.05399804186997652,0,0.39126723123913254,0.20945342396687028,1,0.004489817270583203,0.008979634541166405,0,0.034789517547555535,0.06540856960065547,0,0.08667330719834032,0.0640629868196784,1,0.0,0.0,0,0.02869921473761613,0.042415188237403,0
143,1000,0.6,bag,0.39274019606215865,0.037003267015883835,0.11539862251887703,0.05611820360348641,0,0.5889655164493026,0.3721520905155158,1,0.18386472336365203,0.12669462845927668,0,0.3405335278344435,0.3437971561248851,0,0.2616544592687754,0.1469672128199212,1,0.1101969493191752,0.31241067109337295,0,0.07279602803191376,0.23956137150619414,0,0.4324799362869678,0.35084103466174804,1,0.04247967353608102,0.16183972925072707,0,-0.01004913628878012,0.13630001635021183,0,0.8981258460732822,0.2611172187470267,1,0.2755732151025611,0.31014219968175377,0,-0.013316373272594495,0.13369062654630304,0,0.1535231955195973,0.1761987762062428,1,0.03587394723640688,0.10455567506425709,0,-0.06374136446907289,0.14995968933770681,0,0.20294834583839708,0.28563538631525104,1,0.06199018488887457,0.06402709381652814,0,-0.060108019737606086,0.09990728283086416,0,0.6059514195966573,0.5585129080398061,1,0.27755858266674877,0.2072454893087191,0,0.17670099404457834,0.17350719924012595,0,0.4018468871979902,0.27900071369812,1,-0.13561726001098634,0.0937374117691612,0,0.016101463609604138,0.14497143369572582,0,0.41388543193992533,0.3230306620464533,1,0.1149819007870253,0.2157100846870364,0,0.1830649810511858,0.1633429489342325,0,0.3759033249546891,0.36549154780090415,1,0.2930212506284948,0.5813978326441794,0,0.3703472998800812,0.17453081095044903,0,0.15171837167805774,0.3231757177240987,1,0.12354500824530974,0.1664217388259277,0,0.07209174960780604,0.18178649506663228,0,0.3098427572121697,0.24725121189206134,1,0.04402196601956517,0.07729272408945873,0,0.17076498353490038,0.03801698603845338,0,0.4075489851032216,0.28588393350389485,1,0.11558002644141349,0.11449508203182687,0,0.14491758732065646,0.17273350871741958,0,0.5517573407701158,0.399017286812119,1,0.5942358942644457,0.2249429632365772,0,-0.06874680956076551,0.24635282108820575,0,0.2164747712217217,0.3439769491033724,1,0.09999696223219161,0.09284062971456847,0,0.4955476970874885,0.5478038367401569,0,0.7600390766479489,1.32464575856989,1,0.2685753383784878,0.26225001894203964,0,0.37834951977810427,0.3345465696828107,0,0.2933766014714402,0.4965145043350426,1,-0.09520836081377762,0.10773515056349177,0,0.08174254376118305,0.0866865887210027,0,0.23809153526286445,0.22194562841477772,1,0.0391323415726343,0.08887979015695355,0,0.1889161964489005,0.22586007428550484,0,0.2558462038101063,0.22857672434023474,1,0.16633944091283398,0.32001765702424056,0,0.3128535506401766,0.3584972843926625,0,1.3013391061534834,0.5353961379846585,1,0.0047224517255630314,0.1276390746552766,0,0.44288578441392207,0.4440555830855048,0,0.3736407958948028,0.16964955733641707,1,0.04560109708652708,0.05041428761540562,0,0.20972233889420194,0.2890435536498966,0,0.1440859898318016,0.22826486235457735,1,0.15828473017889638,0.2292777738390319,0,0.4169890053437085,0.15256911539951515,0,0.2102133886672605,0.24777929915738794,1,0.46990216252699313,0.3250450620492739,0,0.19908060591595392,0.4328308969142011,0,0.36022953556405335,0.22681330369693456,1,-0.042117414825885456,0.10625990330357511,0,0.18668232191048634,0.19590317321479406,0,0.4223639887812136,0.371960934392952,1,0.21557020899399365,0.06030076561682699,0,0.16610998549756623,0.07856625841160578,0,1.0220552719168776,0.31230384168062975,1,0.1525390873746159,0.15144497189459016,0,0.04184043197532569,0.12049578631730011,0,0.772575587784899,0.3471399963040517,1,0.16904569204065387,0.23536138209705595,0,0.019778250964172576,0.17563884192437135,0,0.2950430652630914,0.15654385705429275,1,-0.015973829668788724,0.07077047855398483,0,0.19658276214881779,0.22142984266234408,0,1.2655996290587708,0.798804686831502,1,0.29420026573789526,0.30313655040011894,0,0.20023599370923145,0.21301193845655828,0,0.41211343773169,0.23668717059096647,1,0.05299286895735872,0.13695067152905893,0,0.13573987225439493,0.21778341686892755,0,0.21614419496808793,0.1953220336657444,1,-0.05528915316168374,0.13386433708100026,0,0.3277471756574898,0.2368666587736378,0,0.1995166454540072,0.12007488751437907,1,0.010698149443228689,0.1763211379746221,0,0.08745247711102346,0.08076199491013404,0,0.1636643992658966,0.2526048540131598,1,0.06904577492335065,0.11941763097658678,0,-0.0894040142344842,0.22177971835793323,0
143,1000,0.6,mlp,0.9622987928475439,0.002846679249629017,0.009342557114938088,0.02074114119471173,0,2.109591480830203,0.17280821176647565,1,0.02011922344917258,0.015019656755353005,0,0.007923380719302315,0.021357111423149475,0,2.131935483595274,0.2019728900197783,1,0.013570354290375761,0.018522461859649772,0,0.0032850007931256807,0.037298141705366133,0,1.8428694432558739,0.11195378938409406,1,0.004901001610189122,0.014139981411090139,0,0.00252929744114632,0.02365145428986334,0,1.5427475010965346,0.11775519126308136,1,-0.002605876244760791,0.024963235695614202,0,-0.001852058243817105,0.028064544487258977,0,1.7212350640757919,0.3750866526535345,1,-0.018133484436699203,0.028457411301158177,0,0.016300002338262426,0.03832187440690798,0,2.449588603723213,0.2651956420598287,1,0.002028181703959203,0.012847191727270427,0,0.012581507957769323,0.02056356880983461,0,1.5645961512502329,0.214597864192908,1,-0.003836096948179879,0.025341926198333944,0,0.021387639313446317,0.020745793174349384,0,1.6112416341821394,0.24317354840678454,1,0.009407473073851282,0.02151012865121513,0,-0.0048749973728359096,0.038246811898083176,0,1.329205971672761,0.2070653834227731,1,0.010237734314410595,0.016263587221993652,0,0.02117440558633528,0.043093356375591425,0,1.6461914733165675,0.24685824184108074,1,0.007371048735436499,0.0138539729553084,0,0.12875594801307622,0.05328302151229718,0,1.5767519132540342,0.31986281273081046,1,0.020388230158488667,0.029676045628572664,0,0.007182138706621914,0.014026766786276519,0,2.179893954709558,0.2828563506824057,1,0.008382052972602609,0.022026187317406826,0,0.04684988270658264,0.03038138407189443,0,1.5395301062071338,0.09071222547378004,1,-0.010988676832123363,0.02673699272442959,0,-0.008826847086283524,0.030696784461337154,0,1.7748585820223919,0.23974496303618587,1,-0.0011872357976711258,0.034155002936034067,0,0.0026826877659561306,0.02477286059159078,0,1.6949691450580162,0.17310028237178085,1,-0.0140081923614912,0.04952227647359126,0,0.022609959502619126,0.0153882722626771,0,1.4929163348257588,0.07950404202726595,1,-0.015290560902087127,0.016047642623774342,0,0.019880847986400437,0.015440475710615364,0,1.8304380940830174,0.3041079315475121,1,0.00400654936111276,0.010705018330872347,0,-0.011555442858648752,0.02563897355227784,0,1.5794499644952606,0.24990927595204912,1,0.006643814112702949,0.025058016068967428,0,0.03274176474286921,0.023352154699921655,0,1.4631598249280693,0.20518650219452456,1,0.01287389811254688,0.024259339943063354,0,-0.010360054969161942,0.012672843740186887,0,1.461896156345634,0.19136143570753233,1,0.03507234386110695,0.02553400581923713,0,0.05336851563494194,0.016602271182527873,0,1.4867296166553672,0.2711571686705043,1,0.013615782621496268,0.018749883455606835,0,-0.003039830426261836,0.018694414141550576,0,1.742365409709527,0.3178533585521942,1,0.011896026546424826,0.02724751517824634,0,0.01072050825826161,0.020577327572559322,0,2.2634505092864314,0.30549214796836055,1,-0.002732119946347915,0.028076478319963655,0,0.027955781908389994,0.02832078534451372,0,1.573470373188703,0.16734440553469612,1,-0.0026668931751443943,0.02727707528330885,0,0.008051773244248253,0.017915075842974946,0,2.03856898166618,0.21735105481023057,1,-0.0009789995289492003,0.010991252522161429,0,-0.019398152840961906,0.029680324799432348,0,1.7066636112321523,0.2093856217528603,1,0.006799204833022039,0.013159618964015202,0,0.02126988426713734,0.042427583022771734,0,1.561794412814884,0.22355961947739175,1,0.020517695733365048,0.012845275812828811,0,-0.0011578693656362357,0.00495920558071785,0,2.3626515255584835,0.20554359135866002,1,0.00893441500363816,0.020183544410053728,0,0.033518900878586846,0.028144455487921417,0,1.4669972620650147,0.31945555514451174,1,0.003716679031061635,0.025503619510447325,0,0.013039915041914762,0.055450334641784685,0,1.7425058972416516,0.37141607127447557,1,0.018448479337131583,0.05601751560478615,0,0.03672936166476151,0.03128572244903933,0,1.3756189032765291,0.17320064440362282,1,-0.010750040692160753,0.04177760886201854,0,0.007007345863539158,0.015930650610436976,0,1.3170654734595002,0.13361730572144165,1,0.030136543193603333,0.047432622218586316,0,0.017825103956331655,0.016020941974115712,0,1.6730613914973822,0.10394012960318355,1,-0.0133420546818875,0.029214408241158625,0,0.03208168294021861,0.038614367163256835,0
143,1000,0.6,svr,0.7323220757080675,0.018177006338993967,0.09788542883790302,0.022991312183829556,0,0.798681944144644,0.07291678830615216,1,0.1889945778364935,0.03610071590685394,0,0.22787094287789955,0.05221173073819102,0,0.6125968681108043,0.07342750076972701,1,0.14167838037762018,0.04221195159453185,0,0.17301292376733793,0.027925678858573125,0,0.7376731284640661,0.08782179421137654,1,0.1701596693456618,0.03293189362873348,0,0.13658956698934277,0.05002255188063277,0,0.6819840106859509,0.10847274931845258,1,0.09924448883260903,0.0702677120944904,0,0.03341069177852872,0.07726890958771794,0,0.3997901816838102,0.1473174141805899,1,0.1470455650112081,0.06363166950184079,0,0.07735603416707733,0.051411996726765954,0,0.5643771413658791,0.14720086920169445,1,0.08660740238741514,0.0587510814058434,0,0.11916549031064069,0.0670031592340194,0,0.6119197655513882,0.13266331823568892,1,0.24743197858279195,0.07425190131115364,0,0.20667689239711953,0.026343434429115364,0,0.6183181116088723,0.07994963442314788,1,0.2420637202724875,0.0477885134393253,0,0.10038180909989605,0.03804892870780019,0,0.46457571098348327,0.11392079145037161,1,0.168117132606987,0.08406807575121801,0,0.1511281420092815,0.056526388779047906,0,0.5707070454361785,0.14585550700230715,1,0.20337911202374198,0.049259097539487096,0,0.42337358213535714,0.09442004547881232,0,0.7490834290241221,0.2122226013423871,1,0.1511794897816681,0.06273751645430203,0,0.11711803992551759,0.04922351501237306,0,0.634937861584265,0.1441136995238093,1,0.09058700044614347,0.057691325146360835,0,0.1811747596163981,0.05500252686415517,0,0.612628456620204,0.08850322042340021,1,0.20772891246183156,0.05776493494417124,0,0.21550855538466043,0.0459210176746548,0,0.6169716478628418,0.11310259628642626,1,0.1318232953424506,0.028450587917430104,0,0.1394888194529565,0.0641733083645191,0,0.4023540799237778,0.10773761372279561,1,0.11804600522398885,0.04515183312323015,0,0.2900624139057529,0.09334903654616017,0,0.6916601965070817,0.0768694128722104,1,0.18351799510036657,0.05568802147330338,0,0.27834565800005906,0.13539447477039288,0,0.7397987453393828,0.1651380334757452,1,0.09854549198091023,0.06507677467194242,0,0.1460445634846724,0.06284285316043373,0,0.48469283912767425,0.12500423953368706,1,0.2569014707559699,0.119436402039785,0,0.22727187412930686,0.05678821745724687,0,0.5469683657609382,0.13748414452279956,1,0.3064128026166995,0.1305261030922401,0,0.2673797843727682,0.09576534339190888,0,0.6206599047164933,0.13869136042276037,1,0.20108835413655837,0.06200473892447756,0,0.4023380787558546,0.08602921132811668,0,0.5393386232859108,0.08655551086624995,1,0.10852594887242631,0.06344417876992209,0,0.22361563232342338,0.0978690843794081,0,0.47064430113662814,0.1349023642784847,1,0.21784083671174592,0.03467848941123126,0,0.2901150810517108,0.03373307695362198,0,0.5453637756094588,0.06092771163791673,1,0.18157249613134643,0.03474268689736388,0,0.2423910325347703,0.04477217143335,0,0.5872535781642849,0.09624549190987546,1,0.11009540318537196,0.060056191727888654,0,0.1621640764003663,0.10369117433426929,0,0.8064428709159539,0.07283599847722995,1,0.12816287129482143,0.06466714050480665,0,0.1692954449836503,0.07893389669592119,0,0.8974020592019449,0.2058396850147059,1,0.1301698440047613,0.07553175503385236,0,0.25018391376025884,0.09109753507153841,0,0.7727695153640355,0.1608257664256097,1,0.17118256152381767,0.0725533766494572,0,0.11044499709160134,0.04641871326050685,0,0.6222515517749706,0.1328924035742832,1,0.0773352867377194,0.031904366630705124,0,0.21183459262004595,0.0887946549043167,0,0.6779178062222343,0.1959527937687124,1,0.21387326750095886,0.1186661495954165,0,0.09468174510575608,0.08628986043198413,0,0.6055732783978325,0.15761077927578288,1,0.196791897846009,0.07376214940976118,0,0.1840963806098616,0.0892358858512431,0,0.5440553643742554,0.10310699767812576,1,0.053692450393434496,0.02741772180819694,0,0.22485989418358088,0.06374393508132412,0,0.4944556170034553,0.09191328419035433,1,0.08550788796148259,0.05567904648120338,0,0.07786256021328555,0.06926063530004603,0,0.5554474424719706,0.18170399887580346,1,-0.008923538732454737,0.030845841086254867,0,0.0669696539268247,0.04734009907481908,0
143,1000,0.6,knn,0.5417599397731256,0.01268685907325617,0.021933363578292463,0.2765411787911575,0,0.2702871977044378,0.43079518717184684,1,0.03917766625909541,0.2796653469886762,0,0.09329853080298164,0.27899033459763833,0,0.35572538328997466,0.37133786648550815,1,-0.09203550811298941,0.5530043519675878,0,0.2933523059289594,0.3210762331738385,0,0.49729649237818163,0.315087140297391,1,0.04108552163318996,0.40639277342758123,0,0.1376525906209918,0.700144189833799,0,0.3711002993689315,0.60917747966188,1,0.16196712521137807,0.41469479336905307,0,0.08490421328241651,0.6668253516291424,0,0.28098847147264294,0.3377404423577461,1,0.051823852784372,0.49921332497290977,0,0.19420225890532378,0.5528853395824487,0,0.3498680865870848,0.17368478729875886,1,0.012190970224478037,0.3155024304425513,0,0.0516188913902201,0.38392558073891325,0,0.6872233083242738,0.7726399927634469,1,-0.0018120801281524823,0.49797410153036226,0,0.14804535091669532,0.3487906082574895,0,0.34470325558902215,0.319454300309239,1,-0.07781046443577093,0.5625922958577686,0,0.16594910484748543,0.47560943276097123,0,0.3422751592880212,0.5204796452556426,1,0.10601416757340902,0.2847636103615632,0,0.18749709570148546,0.48917370200031257,0,0.4062440497407335,0.3817597188247263,1,-0.008674968285086949,0.36671508352411347,0,0.21925003482496627,0.15164326077161733,0,0.4983784831257985,0.3882927242008564,1,0.4393213498435603,0.5052184713785186,0,0.20581152152150536,0.5130097676426902,0,0.584154889640448,0.6190171131737664,1,0.00934557546710022,0.20718106198836114,0,0.06190665652243051,0.3318655427850169,0,0.5707958642886866,0.2361653831995277,1,0.2752348910578438,0.25406745021076693,0,0.07731387371346753,0.46349100056306075,0,0.658713496076085,0.48567402038261537,1,0.04339945386065379,0.37693637379736317,0,-0.23547362706570069,0.38511104261593704,0,0.012476758530217269,0.35245277434493977,1,0.292662241960382,0.38797050241769404,0,0.1964286445360089,0.3088600429197829,0,0.1299161603392551,0.5031073187104658,1,-0.1738723465356554,0.444879358162993,0,0.09993501732412834,0.29024000870084105,0,0.8279705305921095,0.6324497976675791,1,0.16645197539727302,0.4758236647741301,0,-0.09424574051478243,0.5266436266098087,0,0.05483525919073874,0.449562797448107,1,0.25316316512206394,0.3138568112660717,0,-0.14970040118958544,0.35952131305664603,0,0.2604568821432626,0.4861803026812163,1,0.3871277257290952,0.4250906796938992,0,0.46532880722798875,0.2701202253893306,0,0.6155923186464789,0.4314776579068222,1,0.20141382572886476,0.2667523449945284,0,0.33792387782032607,0.6518282044235189,0,0.5019027058775138,0.311335009496195,1,0.04758657597857464,0.36348546102785995,0,-0.17782859069146267,0.26549252442361493,0,-0.14114774936287863,0.378753034775495,1,0.05499296921193255,0.29077571316589373,0,0.2569283307937137,0.3995457097289056,0,0.47230857788371344,0.2191417213167308,1,0.29962210290635555,0.417667482284619,0,-0.14747841736869285,0.40116515673522074,0,0.14516712838088447,0.32007539036144406,1,-0.050261235453418505,0.3928139281672015,0,0.11607492236756359,0.6176132423673696,0,0.6925321368757709,0.3988760757716617,1,0.28845925161368324,0.3669140775099422,0,0.12157121297712117,0.41221357728808233,0,0.5883616135739069,0.22824829869423313,1,0.19850178369628382,0.49883067902304823,0,0.3712064578648155,0.3968105710272555,0,0.7821842624892511,0.7888416568626804,1,0.10281980056137696,0.5515365290282145,0,-0.0698885278862944,0.47825432252344674,0,0.5424821523866162,0.33839121940385436,1,0.23642491424180728,0.6233460413609565,0,0.45007888185191625,0.4428590863692503,0,0.3501323761227967,0.5020486128425271,1,-0.0892026171070844,0.4991540429100146,0,-0.2837560124986248,0.37610205538341646,0,0.34258998479817565,0.4890452281682482,1,0.20724607057361108,0.44873120019405116,0,-0.02382115918440808,0.57970094194024,0,0.2142598642098919,0.4770582319954694,1,-0.15069462250847449,0.26541757028740715,0,0.10867285970817527,0.17558546975108744,0,0.2763490862364891,0.41513608253529544,1,-0.10886383766362369,0.14030211103248855,0,0.33437037666666336,0.3917175593737521,0,0.5982022364961841,0.30725340310280785,1,-0.28766972597355533,0.5259449694588796,0,-0.05120036789114628,0.4188990048835143,0
143,1000,0.6,SuperLearner,0.978814575688703,0.0015942933667396682,-0.0019168330758989383,0.004977248437645681,0,2.3658301350509374,0.17801696819469795,1,-0.0006812393595978224,0.0031380998363848517,0,0.00851994933427939,0.002516089311305638,0,2.4957834870342226,0.2748245259181951,1,0.005247329793958368,0.009501313136591824,0,-0.00373599906938762,0.004241293373299236,0,2.2889408758772225,0.21229998801280667,1,0.0001896810033037719,0.003746727771962583,0,0.007205190165532493,0.010561602117842484,0,1.8299867114306838,0.16045415463141027,1,0.00020753304185409238,0.003398143091955157,0,-0.004098822223771366,0.006578838058197549,0,2.262485066247056,0.45369409118023873,1,-0.0018889699205141286,0.008361123798270689,0,0.01562651518871527,0.010644679557326394,0,2.577655037038671,0.15374919741556906,1,-0.0010398198376696188,0.002313149370626061,0,-0.00027146879861842754,0.001734176626061564,0,1.8871273880868231,0.18727115968731395,1,-0.003615494831560499,0.003780035357878755,0,0.004215937158691391,0.008617023227376057,0,1.9799005390765487,0.2100661113632787,1,-0.0024927928023672045,0.002269593466055537,0,-1.8140886027375694e-05,0.0022113933807665427,0,1.7232103052745296,0.16345574637558927,1,-0.002598236360014462,0.004638531820573167,0,-0.0003494788803633835,0.0025028949893293067,0,2.0969486515695537,0.25920824958382616,1,0.019782773589388607,0.013836918951966789,0,0.059768990167537527,0.010226930932901848,0,2.1264687250980927,0.3736331896192723,1,0.0006640664945450213,0.004601145823867288,0,-0.002358093727844796,0.007422778369049804,0,2.2603145829781712,0.26148202280691346,1,-0.0015890228349334935,0.003108618240449745,0,0.006481086080393455,0.006869770366177913,0,1.802494008968419,0.1786283403283031,1,0.011274943481919673,0.010855023475883373,0,-0.003004500774262981,0.0064005303000625674,0,2.2377670307720225,0.19698908539150806,1,0.005640875879349994,0.003869308460254155,0,-0.0021802383278086575,0.005300206500813712,0,2.04024482201697,0.13779224989260397,1,-0.0014625242138154714,0.003618983897226007,0,0.0010332710976238683,0.0036847184341913686,0,1.7965123428959036,0.0877369735539079,1,0.008442347321537407,0.012901310608802959,0,0.004145703041887922,0.005303525019608033,0,1.9686411521359737,0.3508794464923499,1,-0.0010869501642992426,0.0014615955112675992,0,0.0004687417434023521,0.006182537151306209,0,2.1078242010629555,0.19375870525785602,1,-0.004413404450556565,0.007971585810516931,0,-0.0014530940074953332,0.0034539945032906463,0,2.2075716661889526,0.2597387267345208,1,0.01260729776092715,0.004180503932342631,0,0.003504721783545357,0.008398844877259426,0,1.7324704758916176,0.19780927123276232,1,0.002742297696999314,0.0033100449665154712,0,0.02890184425701191,0.011340295341774297,0,1.4977681892018306,0.15564119950561284,1,0.01926736466799709,0.015610469463687588,0,-0.006591147819854039,0.017285893740897854,0,1.8857377788676817,0.33215666831632296,1,-0.005238830799355735,0.006201025522756167,0,0.006351180966616972,0.011247913312847057,0,2.3622840077434066,0.2624706991711916,1,0.01439370868609587,0.010975632922344053,0,0.023347380630145166,0.017430596273411782,0,1.8154600466223747,0.14631667815170493,1,0.0001948316165787753,0.004989571879655171,0,-0.005315164366464258,0.00987458850539532,0,2.412310458541149,0.1833481610060985,1,0.0026125186255216543,0.005661752924306667,0,-0.008258189112600333,0.005520982875187711,0,2.086817959718306,0.17107802575302566,1,0.010941004088467047,0.015648328357699515,0,0.009192311529732742,0.012077528590975231,0,1.9860045716606245,0.270518789756459,1,0.002041727752028194,0.00271072426248873,0,-0.002027869713119789,0.005869467027144391,0,2.449962314392289,0.2751853655094065,1,-0.0013543064698785777,0.002906094562374883,0,0.0118432945764916,0.002808061704889631,0,1.6289953111038826,0.23302156485544703,1,0.0017976519637630706,0.0023285071780409904,0,0.0015267943611641985,0.0036949696225014555,0,2.0380148006642185,0.3195132744535416,1,-0.0012350843076977523,0.01641948383098769,0,0.00812222273106591,0.012158318747592285,0,1.692696879485359,0.19203853116476197,1,0.00016338653440597112,0.002255613302032743,0,-0.003552244688079171,0.004732570575499982,0,1.7176924680273857,0.12978445804830602,1,0.00372584727346896,0.008103757421882553,0,0.003081042994745404,0.0023920226494806383,0,1.9057818708806926,0.035667952093257176,1,-2.845566274510547e-05,0.0034978927608127607,0,0.001959792896663672,0.008658634452854828,0
143,2000,0.6,lr,0.979553084533942,0.0022954762250061104,0.001297111443246311,0.004600559912938699,0,1.9876622809373707,0.156456953333918,1,0.004821510868230269,0.006931027837259032,0,0.004470495647075528,0.002476867261515659,0,1.9819870674025843,0.26396114834903683,1,-2.772460340076232e-05,0.0006596768258593746,0,0.00022118218482987864,0.0007981060736887754,0,1.854737215958871,0.13358691966803737,1,0.0016823748094483757,0.0021464328962683835,0,0.00629917636727151,0.003469855836820398,0,2.14139522539312,0.15817203939978902,1,-0.0005191048679906878,0.0011444019434869496,0,0.004710802701256482,0.004060743543338114,0,1.7754420077585844,0.10588790056571099,1,-0.00022174056906114538,0.0007077747228135774,0,0.00019296787036371968,0.0011097033583391293,0,2.0948282171027586,0.19341549816419512,1,0.0009203242424518892,0.0021447472429004235,0,0.0003751446909884372,0.0010488435578195658,0,1.848081986808116,0.07955875982083192,1,0.0057572285414489565,0.002264077526815961,0,0.0033650525273260156,0.0028039656624188757,0,2.0340639790981836,0.1005427281213121,1,0.002747582836826336,0.0024696730600588792,0,-0.0011233657340938002,0.002337100846017428,0,2.082061334298265,0.1341930360366007,1,0.0007043963682583142,0.002633745509069818,0,0.0008865734761258515,0.002797103786100014,0,1.9338382146621094,0.14969980601089608,1,-0.0019310049035280905,0.0028624285181312954,0,0.000651512341353362,0.0015119215464397193,0,2.009638263596135,0.06665125824686155,1,0.00016581540316383103,0.0006932407283433925,0,-6.289636767634835e-05,0.002065213779410161,0,2.155534895646027,0.1116474429839729,1,0.0018578482627890397,0.0021749198533551404,0,-0.0007246799718164164,0.0034979230839300803,0,2.020675609152954,0.0940978699426881,1,0.004039133257494764,0.003434280781865271,0,0.0005369038954471228,0.0011998895005741368,0,1.7002164090647558,0.12288282613319775,1,-0.00011118420778765438,0.0007624631527551994,0,0.01491109832314636,0.007001258682076877,0,1.8770302377039882,0.1379142214822598,1,0.00847567353792938,0.005805738468119593,0,0.0012096762082343658,0.0014824255467485875,0,2.067979513578965,0.1546488857125736,1,-0.0002749802203316073,0.002916269845388087,0,-0.0014173161250760396,0.0015161493961633546,0,2.208608573558344,0.24031394922865787,1,-0.0005287019371381166,0.004149631432418179,0,0.0017191070121726083,0.003684538113277754,0,1.9056027311055348,0.2558258792973481,1,0.0001571863651755461,0.0004596297608676758,0,0.0013521330071680064,0.0014099255058476212,0,1.819113507740613,0.23575558797827936,1,0.002019969546462234,0.0019061309043283965,0,6.293275005530812e-05,0.0011641110368848676,0,2.0179840403562026,0.1691061792906293,1,-0.002047792807310272,0.0025589511420392634,0,-0.0002300242146214537,0.0004846373276653236,0,2.0774812828985447,0.2420186186376351,1,-0.0009583171988659806,0.0024133662573068045,0,-7.585828428778326e-05,0.0012711010423334217,0,2.058817473294029,0.3005004738389479,1,0.004845522853952884,0.008643939451665975,0,0.0023524143142091857,0.008218129392470151,0,2.0812096141668266,0.1933735542787617,1,0.0019542708691145487,0.004115688352888003,0,0.0011434661431841814,0.002394753592162543,0,2.097660831173224,0.12182534987435702,1,0.002527709668297275,0.0019889715328727207,0,-5.2636999455145885e-05,0.0005238142109775821,0,1.8430366427978921,0.09947984804113115,1,-0.00019455285104908663,0.0010889469065602207,0,-0.0007908551219724264,0.0009037093066069788,0,1.9269473118957836,0.140461744229419,1,0.0023593933172614645,0.0011047472425686359,0,0.002838270040057638,0.0019618169750053836,0,2.165337011091541,0.18730585295051164,1,-0.000193353650980292,0.0005430719518908825,0,0.002948552452048571,0.0005390439795623699,0,2.096924428681714,0.24279158747582386,1,-0.0010379774672412917,0.004164438463805655,0,0.004519280592853804,0.006660137476135615,0,1.9485171951227223,0.16672946997151647,1,-0.0001319887857417283,0.0013489721207635922,0,0.0019159468512632797,0.0009325351107471434,0,2.1632265264171404,0.2544915189391124,1,-0.0016281701489916395,0.00166183792413055,0,0.00449561255185356,0.0041626968380573115,0,1.8579828541515788,0.12305921494036247,1,-0.0014263066841485948,0.002680841765246011,0,0.00024237874407768831,0.0005272572763476664,0,2.0351454453861173,0.15271523706701737,1,0.00398997010654219,0.003505342042517278,0,0.0016469741950793713,0.0021066148769154597,0,1.9959358609581557,0.08872447419099445,1,0.006413411683557727,0.003401800252719374,0,0.001499655836406897,0.001265326870592023,0
143,2000,0.6,lasso,0.5417939660474752,0.018112236387179573,0.0,0.0,0,0.6125816209794313,0.07657490582363126,1,0.0,0.0,0,0.0,0.0,0,1.154270494458495,0.06194422905034645,1,0.0,0.0,0,0.0,0.0,0,0.7622863219485913,0.06925345532010561,1,0.0,0.0,0,0.0,0.0,0,1.3882284258270146,0.07483624877894235,1,0.0,0.0,0,0.0,0.0,0,0.27513956629261643,0.14782718196338063,1,0.0,0.0,0,0.0,0.0,0,0.8565757411534248,0.09998300116320959,1,0.0,0.0,0,0.0,0.0,0,0.5047917881829838,0.1394916941007909,1,0.0,0.0,0,0.0,0.0,0,1.5015445511858478,0.15684293416774406,1,0.032219645750499015,0.03967617665438515,0,0.0,0.0,0,1.1338354361253444,0.043991906472982026,1,0.0,0.0,0,0.0,0.0,0,1.02525275476513,0.01677787971962265,1,0.0,0.0,0,0.0,0.0,0,0.9240355237236404,0.04106400273976633,1,0.0,0.0,0,0.0,0.0,0,1.0794241366602797,0.11618744051782248,1,0.0,0.0,0,0.0,0.0,0,0.7137146785681725,0.052684899308490546,1,0.0,0.0,0,0.0,0.0,0,1.599025812194769,0.07330878266069633,1,0.0,0.0,0,0.0,0.0,0,0.6690118514497889,0.0883666123665935,1,0.0,0.0,0,0.0,0.0,0,0.8876583664889353,0.12640337803336563,1,0.0,0.0,0,0.0,0.0,0,1.1464112251985832,0.1295637091342471,1,0.0,0.0,0,0.0,0.0,0,0.9296309596573884,0.06771435459934051,1,0.0,0.0,0,0.0,0.0,0,0.583004184651852,0.05262288029867617,1,0.0,0.0,0,0.0,0.0,0,1.5929487076062712,0.2086323033682701,1,0.0,0.0,0,0.0,0.0,0,0.878474090531361,0.06732135466572833,1,0.0,0.0,0,0.0,0.0,0,0.6666821294648566,0.07713338552881453,1,0.0,0.0,0,0.0,0.0,0,0.9380129406644505,0.09109341012526899,1,0.06911247409577614,0.07914649044684503,0,0.0,0.0,0,0.8264678840505729,0.0867471813343006,1,0.0,0.0,0,0.0,0.0,0,0.5612909788191258,0.05960072369014102,1,0.0,0.0,0,0.0,0.0,0,1.4125312521054023,0.1373376575319698,1,0.0,0.0,0,0.0,0.0,0,0.9349416064651109,0.07395336613031736,1,0.0,0.0,0,0.0,0.0,0,0.8272873108357579,0.04315783666337791,1,0.0,0.0,0,0.0,0.0,0,1.0140605447372526,0.11755849272651131,1,0.0,0.0,0,0.0,0.0,0,1.2814112772596862,0.12034337477709253,1,0.0,0.0,0,0.0,0.0,0,0.5500047107408255,0.07527172526432818,1,0.0,0.0,0,0.0,0.0,0,1.0175725419667987,0.07415477772348775,1,0.0,0.0,0,0.0,0.0,0,0.18592453917634283,0.10950335239999306,1,0.0,0.0,0,0.0,0.0,0
143,2000,0.6,dt,-0.1850320017424302,0.10744037167302291,-0.0192510742821017,0.2582879327656377,0,0.04122465752777268,0.954253683865706,1,0.4430459813934906,0.32015664327204046,0,-0.023715620173415893,0.3819805157605749,0,0.09558848511095133,0.6600707257136205,1,-0.012580336943895543,0.21320974309979795,0,-0.3413209629882175,0.4140457411370251,0,0.18168144290656804,0.9803280288513229,1,0.17967841483307515,0.3795851077119094,0,0.036417596740926,0.4642552552123511,0,2.470526659093252,1.931738876618445,1,0.30971532134771346,0.4540198160967363,0,0.13588874698192843,0.12065129562124771,0,-0.05057054183097744,0.8092312319484797,1,0.06884941868110858,0.2808026003964985,0,0.38710683854446676,0.6290490561304002,0,0.36728383109010665,1.5882017805506325,1,0.15057823664443665,0.22982141650768168,0,0.09290189155659574,0.2302495453797815,0,0.5699170688395172,1.1029294997912245,1,0.5918152085068333,0.5359354919302114,0,0.18786565484456483,0.08905468133065335,0,-0.09924016825493484,0.9770529135620752,1,-0.06364065299072567,1.077408619324079,0,-0.18133885716668968,0.7881156933478987,0,1.8675304035536868,1.942321221583144,1,0.08611394649367653,0.35123223005829246,0,-0.023062977195614714,0.19177879044250182,0,0.37157292064040187,0.706328631872336,1,-0.3951625965656933,0.612763080417873,0,0.043768190886916254,0.17113712685387317,0,1.3794403243124904,1.6969513285916835,1,0.1942061642886835,0.26158422001021986,0,0.21539912709081815,0.16474606726498603,0,1.1243828226088664,1.1982855478714631,1,0.023635252274922608,0.25999831087075265,0,0.03843135233540047,0.315161591890164,0,0.5283272675678086,0.6186355286021478,1,-0.045298882718373526,1.4596839941778446,0,0.11571503469001317,0.3151342307699471,0,4.409611423827814,3.012613538620386,1,0.4374425878036289,0.27897601573633124,0,-0.06487195255751996,0.42765845612081316,0,1.061138668027181,0.9058808076254011,1,0.16111963721967115,0.5329640880647146,0,0.3124694530901377,0.3747056558110914,0,1.8266819783938455,1.7308172950180836,1,0.054147399089523186,0.28419000975834297,0,0.2655216011733523,0.3754522603250797,0,1.5498995156490065,1.54713045767865,1,-0.20800819601572806,0.507738740993865,0,0.3186448449881336,0.4071565920270396,0,0.9810434930179674,1.0411954995683879,1,0.8888240636105385,0.9054494392041537,0,0.434156681183363,0.7709324835569794,0,0.8213593293325865,0.514614651942751,1,0.0006213109646346915,0.8383879947014916,0,0.1819811264463722,0.6140372925485426,0,1.3907869474032282,1.3201592454749125,1,0.610628045959855,0.5416293475127507,0,0.1382884898533235,0.6536685752122855,0,0.4317013302222841,0.6707644094392441,1,0.3219691018395396,0.4423780533949359,0,0.18726335588053122,0.3817535704059301,0,0.5188571248623555,1.5151775229460769,1,0.40514054490798823,0.3727721671162222,0,0.007793984231243828,0.17633997263129153,0,0.17659580669214647,0.8560819965823376,1,0.18478648892167082,0.16554427444441427,0,0.3763244406291313,1.2708954288665326,0,1.0919399020384817,1.2099409151505025,1,0.07299320402260004,0.2710202850518349,0,0.10993320668048287,0.6656302851341948,0,0.03321215213463839,0.6940888393947195,1,0.3945675492262698,0.3048554547600056,0,0.24444843044018114,0.23466077176619976,0,-0.13307297826214606,1.4368213912483647,1,0.66211357525867,0.1382996389053483,0,-0.2071589239313852,0.20591179986133018,0,2.409802454909682,1.8725516978809627,1,0.047341760218206366,0.4838115343382333,0,-0.08942169968559743,0.10284442345374219,0,0.0776725105529966,0.7002280655375361,1,0.19150655549080345,0.2225610103895199,0,-0.20231315231451236,0.2864957876483193,0,1.4040235492141946,1.5374817013105242,1,1.3100425674988485,2.0011123387610894,0,-0.013593211738404162,0.2870459714990327,0,0.9233229912442772,1.4521593167015803,1,0.4595441657029774,0.8246254621133355,0,0.6302770218516958,1.2558061121793416,0,0.202914681466618,0.46958289536082864,1,-0.17915275299208616,0.41283355753696876,0,0.27654966138918624,0.22021735661267364,0,0.3596709858799026,0.9245406127997511,1,0.30306544044424055,0.2869434068177053,0,0.27063855350468835,0.7403839063394368,0,0.07762933665972968,0.23011293655115492,1,0.22724780934658004,0.10336671699054098,0,0.11270574478568314,0.26355034680805317,0
143,2000,0.6,rf,0.5100176084368261,0.011632795177564645,0.0822478030725817,0.030176162397302326,0,0.3254113859115659,0.0482013660929288,1,0.11381227947604207,0.02612698577853061,0,0.21651453588775715,0.03195125917629666,0,0.3960574664878077,0.048043646880100925,1,0.12216937387878277,0.03222549210611186,0,0.12765326470339317,0.07779855341320728,0,0.40348938378246046,0.042217570420944324,1,0.07769184804204557,0.054835120034799845,0,0.041352081108759,0.0358316390259225,0,0.7490394666036544,0.11634745802759046,1,0.16561013773409536,0.07613876161657925,0,0.15655671374517857,0.06891658232852932,0,0.16018008948640863,0.04172129609795658,1,0.0806922323768389,0.05996122708674879,0,0.0841770723292214,0.07316602915725941,0,0.5933620074917039,0.06845291159386135,1,0.04148616297696893,0.0652244016881247,0,0.05347181408221656,0.0582816005454214,0,0.3525975725550573,0.14521560902643538,1,0.19074704488575236,0.03281589243701727,0,0.10389605712297385,0.051773156652279544,0,0.6512608127981283,0.15036316686481022,1,0.39045211597137275,0.1446516204955028,0,0.14644596000004903,0.0785774251614928,0,0.5600089488493648,0.12023083850122934,1,0.14254328939949573,0.03008291829258939,0,0.1348905288922906,0.058374086747198684,0,0.524546407771209,0.0852087961990848,1,0.11367456481346652,0.05304696854066278,0,0.18423747205279942,0.0646986804437892,0,0.35342072725077844,0.1196390215724682,1,0.12230885745660465,0.029504147882508658,0,0.10746510729691032,0.07372467433706975,0,0.6117480606817403,0.12132398730982824,1,0.12389387538457164,0.05747879080905272,0,0.0807038956849873,0.019102469527732154,0,0.44392703699824976,0.11625160992401318,1,0.10872056769270699,0.05765247904169001,0,0.003207102600031092,0.04630632457571678,0,2.588564902468866,0.6524209425939789,1,0.1507306501589013,0.046732936009584315,0,0.10837631474131944,0.04667697971077197,0,0.2828793592225746,0.07806433297322458,1,0.08494285322854604,0.04382090301084108,0,0.12841914927710585,0.08098480526782305,0,0.753852599074625,0.2813867085653901,1,0.12110600640543898,0.07197035321972245,0,0.12655155716506994,0.05765779999382354,0,0.7478792905583098,0.16204133345902225,1,0.052073678299833934,0.03917504331200457,0,0.11954528401741,0.03339883229782634,0,0.45146925812386696,0.09894575941922902,1,0.18617942076874988,0.044467070358148016,0,0.17187334808235347,0.0684131506952337,0,0.27601094081328925,0.046869098652789445,1,0.1154811795470291,0.07336952205898718,0,0.15477601651273426,0.03641075584390366,0,1.1757902810214913,0.2680471883847451,1,0.084506384661024,0.0816034611139864,0,0.19080387469670318,0.05884101040670473,0,0.588389285216774,0.13423795110785747,1,0.09966757643115913,0.07081235943038393,0,0.12251157616837796,0.030900397458790987,0,0.3651633124746939,0.17905206166952262,1,0.14506153780431563,0.05967218977792846,0,0.09426221851937559,0.04922386642278673,0,0.5713908652246075,0.07445780657993671,1,0.2525844383195427,0.027957198401627928,0,0.12931319525188872,0.02669508945596022,0,0.3996623340006783,0.10763378880714956,1,0.07793914377179169,0.04748251987593395,0,0.07575111931664232,0.032866017656478785,0,0.39805177935180713,0.12457870493313812,1,0.1050937572986523,0.05776575899677131,0,0.11836933479562017,0.06293293113955796,0,0.5859717471345204,0.10520764134359772,1,0.122560865272852,0.04077629362243972,0,0.09898885103944424,0.01386831898156971,0,0.8166515505396086,0.2753134551120588,1,0.08559404478598429,0.03545441844485221,0,0.130239035206623,0.04230671405715322,0,0.3993337867480126,0.07319907547462635,1,0.12240171846840715,0.020120884178263566,0,0.07451650168595698,0.05073175803960364,0,0.7485199204654546,0.15351520839504226,1,0.2211910295632536,0.04674502457665797,0,0.071059342840703,0.038719655623111436,0,0.5505473375345261,0.17364263502736904,1,0.174375993764175,0.0604710738482637,0,0.20769396109277727,0.06319850316802195,0,0.3133037193055541,0.0581624497337017,1,0.062180809335414935,0.04282149879177077,0,0.12995262356696913,0.07461877765454679,0,0.5146125732150246,0.055678136523870055,1,0.10549822275354566,0.057572411302501944,0,0.13459191861409314,0.06126175360868354,0,0.2658994537022482,0.07475521123452397,1,0.03200848757565729,0.045600147337486976,0,0.01918641137928111,0.03088289290739788,0
143,2000,0.6,et,0.5143830333327888,0.009458594431369576,0.08449847824932308,0.031070080366282397,0,0.3282316006689035,0.08515125038336968,1,0.12311998558905549,0.02436923076811754,0,0.19191522684244586,0.05273463009140433,0,0.4876170521799786,0.12129215154021337,1,0.10501160867911744,0.0294513831584738,0,0.11107143840814297,0.07353601479341304,0,0.4794755867727612,0.07114629399681438,1,0.10115365851652894,0.037045240667032915,0,0.09154117350486683,0.044335212108666415,0,0.7447908850196232,0.13845700463648009,1,0.13548231825259524,0.0355862938623237,0,0.13046105047332937,0.03510441851659319,0,0.13890408949731242,0.05643978590316589,1,0.08701827096648522,0.05586010773407309,0,0.06662310769082758,0.0718308902813141,0,0.4957067996318919,0.10685244447174876,1,0.05444519854480732,0.014719016718586617,0,0.05418515367453758,0.0879607850972393,0,0.3695464385412728,0.02851990743286243,1,0.1767228191714169,0.024922996664953814,0,0.10909295832140593,0.08113080322810963,0,0.7425235431512336,0.1032929109388444,1,0.3032539145628784,0.1188772269214347,0,0.10968100906386584,0.05011684393550218,0,0.8172618158152296,0.20623647618146407,1,0.06988088438192834,0.025338908986862318,0,0.16019274410989448,0.0388680502892585,0,0.5558876662057235,0.22010342705217725,1,0.13247093643828436,0.010358712931709204,0,0.12116154228588374,0.07013862189957841,0,0.32470976910383836,0.07322411130729974,1,0.09009396521110453,0.050749600059792274,0,0.11365153427448552,0.04179374448818428,0,0.7102290820770375,0.10359524901044366,1,0.10698793145796644,0.034489729891953376,0,0.09359468878381057,0.028955343971177966,0,0.4507503152919609,0.038690162751109126,1,0.11079366154673347,0.05339132072230427,0,0.06516628302005135,0.03887648594872135,0,1.8077616069931444,0.10861656533401602,1,0.17399305710948193,0.07462245333708603,0,0.16073564416138342,0.03231231037980467,0,0.32253555449086013,0.06346666156632069,1,0.10856406901630922,0.03208554033357868,0,0.11792583187777324,0.0627928198855567,0,0.7052060168452071,0.1421462767821371,1,0.1742395223256606,0.06888753449697398,0,0.15227680777862954,0.07446872209132799,0,0.703180134676441,0.09957623903019265,1,0.08402162590425134,0.032685807647906864,0,0.1424086737170405,0.03942708893335831,0,0.4192093031938673,0.06325896148088359,1,0.24766727120808246,0.06688967944057245,0,0.16047174799873795,0.0612742496388885,0,0.30380070666369036,0.045995199421522054,1,0.13374400622051055,0.04789941236449475,0,0.18193204723867124,0.08623924937018275,0,1.0927867814050427,0.17724033544002865,1,0.09477097795107281,0.04491935081505543,0,0.18721003326540558,0.08888075663232047,0,0.594032384913288,0.10159129377601528,1,0.09409714579227706,0.04699100763094052,0,0.08278842370455293,0.04328762713170983,0,0.39333830381659557,0.13323787216271066,1,0.12414322951154866,0.05904100446883128,0,0.11362416340858199,0.04839762675059908,0,0.5204036575862057,0.11746768941842517,1,0.31367534458984386,0.06912697066098857,0,0.11352330602448168,0.07771763083133731,0,0.4311696190527467,0.12858640925440373,1,0.10081858683916547,0.03995335895882971,0,0.10268902573128882,0.04418841663557177,0,0.3646603691140347,0.08567625236394813,1,0.09030135020381809,0.016348788178681017,0,0.18328565610796704,0.06253419961444444,0,0.6701404168533266,0.11482966636125252,1,0.10693213597037927,0.020429633985709975,0,0.17095575973866856,0.03828946048933672,0,0.6304175087598756,0.2060409501703889,1,0.15458539882364236,0.04165209200879536,0,0.0886393357250071,0.05104012169384043,0,0.39993118884166884,0.14531011852056475,1,0.10780926132673392,0.04927695248636235,0,0.12350520194953256,0.043464211380055275,0,0.6546322098007687,0.1770503506556765,1,0.14985775148328878,0.0353752394362603,0,0.06255739091348096,0.04767210643081398,0,0.5008540697117814,0.10730328581217766,1,0.139898904226917,0.06259072652556642,0,0.15928040249726277,0.08151368610199532,0,0.36547799154543437,0.07936422046076154,1,0.12671116558977005,0.030446854123252702,0,0.10911297954484298,0.07153177146507832,0,0.4945487783202921,0.048748303149290524,1,0.11603154702075688,0.04993320685484606,0,0.12191696505528235,0.037290830133172706,0,0.2523970375639196,0.08452129658945949,1,0.02340006983774346,0.028061444865987276,0,0.011487187059143153,0.0222603465025226,0
143,2000,0.6,gb,0.6992469279881158,0.014115168280273874,0.017444058230289494,0.018243375966366028,0,0.8783609362179821,0.12411596015717792,1,0.00489006470617432,0.017337072938731556,0,0.15694041519410534,0.05167659344882282,0,1.1287415204577667,0.29341186149453896,1,0.016902966364653133,0.015865299382501558,0,-0.006576494026078569,0.012046014732312801,0,1.20501507548809,0.17233671066264394,1,-0.0011608768654717855,0.01234425773490125,0,0.009005885307017835,0.01801177061403567,0,1.4232450789158317,0.23881744313801465,1,0.025220537851486223,0.04406436176125296,0,0.023881429345326492,0.04409092021300049,0,0.38265988575274823,0.09837170197364825,1,0.12343567092654928,0.06080420164813823,0,0.02676134702466147,0.04603510139164422,0,1.2064013710222325,0.06478146540988709,1,-0.0012928108937813006,0.003422121871025121,0,0.009256922118144672,0.018307792254227864,0,0.8570195910754442,0.18458894757771935,1,0.1691367551923493,0.06054104176069932,0,0.038280784380258434,0.027591410756894984,0,1.1208454040339995,0.18671291202051865,1,0.16354557487869742,0.06159834943522548,0,0.06388702565971037,0.032886976808144015,0,1.0275305386144333,0.2081050239175694,1,0.009855321470762037,0.014892576491286471,0,0.016804518165350713,0.04846980635539293,0,0.9108747714834549,0.13357812958452736,1,0.056366990810606976,0.025432186682695646,0,0.12897348894247213,0.031402884851783226,0,0.8594281686102221,0.0781830363774571,1,0.021833219693230446,0.03164567444523568,0,0.07053664922001793,0.01738714712648193,0,1.4249564917816868,0.260243071965882,1,1.161942821275349e-05,0.007075924145184141,0,0.0034621160926401515,0.008292444360569886,0,1.1062326113801613,0.1781632604017102,1,0.0021130991274674426,0.009483442381010827,0,0.002255148708107278,0.008781924828780138,0,1.8917425635229441,0.1609148706370798,1,0.106121990287713,0.0932411581014981,0,0.093254360032626,0.04435941053955604,0,0.6490163073059527,0.1364156679477281,1,0.014777995938028959,0.015794987278335806,0,0.0733052432533792,0.05089743671855743,0,1.1421028800869226,0.378176853212389,1,0.1240052886775463,0.06498115667183478,0,0.0417283951084246,0.07739175517330871,0,1.3445896941757582,0.2254906946045728,1,0.007493147912215734,0.007842215929786067,0,0.0035987690625045874,0.007876367812482845,0,0.9049551379600864,0.1821400313481157,1,0.19378734810828993,0.102330710198312,0,0.04674953128738768,0.03170215933061509,0,0.5433665575204343,0.09770508444825945,1,0.07501507991528386,0.06298583312463558,0,0.04004992387514571,0.04506147113244388,0,1.6657194299564977,0.29888182445581507,1,0.010664101724945432,0.012152872118299572,0,0.054919332068829874,0.04514044717509211,0,1.1571462801426073,0.2268517906992855,1,0.01584752766361685,0.03611812539099359,0,0.01832452507231286,0.024754144477815248,0,1.1065674850288372,0.23558801883766792,1,0.014424209789473345,0.009156882177923965,0,0.013812366978709639,0.023594342731884516,0,1.1380430890070434,0.15450589061110234,1,0.14394301693881972,0.11713896499750892,0,0.060522912184202846,0.09752809279424801,0,0.8327715414602995,0.24672584208478363,1,0.0042302480421588335,0.012139457503737789,0,-0.00990825712295347,0.028384865891078383,0,1.0413232158268826,0.195290450113685,1,0.039809304030963485,0.05746505684948584,0,0.08279788640626642,0.02061490293897995,0,1.1873398903436359,0.16488591644132305,1,0.017720287933695796,0.014049193291857654,0,0.07243529605299906,0.05273470213601947,0,1.3626109082914177,0.24325337262187796,1,0.02907910903039309,0.04647665940894487,0,0.009320743060744627,0.00642838219061362,0,0.9923459402953958,0.20055983594463606,1,0.019588409744837904,0.03315019561313882,0,0.04249785850898308,0.046023399786461555,0,1.3055636929116619,0.13669232470147924,1,0.06328060086162095,0.03009375863564705,0,0.003058814826233828,0.003376400370924366,0,1.0320585166165386,0.15966716845243273,1,0.07384645466363748,0.0522376912732158,0,0.13189177573485628,0.04443818258943442,0,0.989136304264951,0.17876136847964,1,-0.005470733523836344,0.009208427109025802,0,0.010595157307352459,0.02026157549583532,0,1.3397284193019938,0.19444920050832448,1,0.015678670062209753,0.020245870371737588,0,0.007640961358785965,0.009988820223096669,0,0.7839740806463272,0.15285894279010057,1,0.004256052710083011,0.005213452231960514,0,-0.002347829778977726,0.004695659557955452,0
143,2000,0.6,hgb,0.7083723850651842,0.019102977549169384,0.0050769265217132185,0.02304170691182365,0,0.8567881517842693,0.1335658743019625,1,0.08344565721145661,0.047853353025298986,0,0.17085025348506822,0.10012099646199206,0,0.9175337964252701,0.16561672525536833,1,0.03672596849712174,0.010452399566415884,0,0.027048126960020857,0.06887326599136302,0,0.8960822984543192,0.05391623276031224,1,0.03937843654719842,0.04233627218398589,0,0.014580887843211932,0.0637132346663018,0,1.460099962822635,0.3265733545979511,1,0.0984350311731091,0.05024053953526488,0,0.13818525105949334,0.0514796248379657,0,0.49391070330645254,0.09481327793524418,1,0.18717160973748842,0.1376047344882445,0,0.067777092604867,0.036243785503236405,0,1.0898660372278415,0.1855618503588067,1,0.04293975100720945,0.020885255445121265,0,0.01499273826642335,0.036253609867672607,0,0.7698201126439936,0.23102521171484366,1,0.1545384602117025,0.101905731974565,0,0.07905305339412454,0.031014074848907645,0,1.0527426047978947,0.17256860411109837,1,0.21498565312531212,0.1402000294802778,0,0.06835459488290781,0.0546231993071512,0,0.856123331702469,0.19917291655661787,1,0.0790834222252978,0.06958265185027893,0,0.042829205031336005,0.10395946367528149,0,0.9104004280070116,0.23056030422992047,1,0.05792593048287429,0.0779821741018758,0,0.18749322400093416,0.08000688098173712,0,0.8437151256417869,0.3068258515499421,1,0.04960978598924172,0.030262677128330383,0,0.05955970386947691,0.04350206164612514,0,1.073740465606758,0.14542712836469096,1,0.06478488995342609,0.0348132004213128,0,0.04629645294635686,0.04683359866556707,0,0.8925443832450533,0.12811762470566734,1,0.05809033248760555,0.06598236366217738,0,0.03339749613654371,0.026298498652461703,0,1.9265557488439815,0.05658313365744146,1,0.07623548185428197,0.057663774039079546,0,0.14263894633079494,0.03809398464865266,0,0.6523001656534542,0.14810211897149522,1,0.04971890970542529,0.015682778941094273,0,0.04710509624094015,0.04738565901106002,0,1.1989736004835199,0.39203786184449696,1,0.10878921468326067,0.050547492134808934,0,0.07931148163028648,0.08587651766364755,0,1.2074326042937495,0.20366086856035967,1,0.018658099957371766,0.0413776454936674,0,0.03660232251764604,0.030318084549179846,0,0.8734572506818493,0.172794793999309,1,0.27581447322761427,0.03943210060315167,0,0.13272833224496056,0.04634559197927152,0,0.47878809909453846,0.11801780230954914,1,0.09815995194533662,0.10073815606384186,0,0.04582453595057939,0.052391921337714746,0,1.4663548473943255,0.054276479215432064,1,0.0444580101081566,0.06956985801074024,0,0.041843683826142924,0.05234707209793446,0,1.131176720307904,0.26266559490918984,1,0.07708358455915917,0.05806358082338085,0,0.06661630589886597,0.07211833563556791,0,1.0362339932424913,0.29955757002112304,1,0.06097189846473781,0.04224426905018827,0,0.025741245527686456,0.01935050008911037,0,0.9286688544576596,0.1462188992182959,1,0.23804052178591412,0.06392497036824288,0,0.0687569817095088,0.07301257333214828,0,0.7670591477169753,0.15262543013571794,1,0.039467273347971406,0.01362972814465717,0,0.05454746468221584,0.043056615595555785,0,1.0335916109847936,0.1368942775226976,1,0.06951153774170173,0.08826351860663369,0,0.10151524948031314,0.08525020101266576,0,1.0346356952389977,0.20589720292609165,1,0.06079577830051606,0.049533340698469736,0,0.09026076072131242,0.03904417804890125,0,1.2895485812126055,0.22576532277011127,1,0.04104604845619416,0.017981561358955785,0,0.04433553246512329,0.0323980229848426,0,0.8780478758559184,0.15353061236371993,1,0.055526835811234944,0.03496783060036022,0,0.03899428822530064,0.052859292319451814,0,1.2357225334953708,0.1556320239513831,1,0.08581054225091395,0.08251039360679056,0,0.061477930782738686,0.036251036169424065,0,1.0002912645578999,0.12400393594410071,1,0.10096978957645346,0.058723023710466324,0,0.16769876710344978,0.06204093869906285,0,0.8472305432415703,0.06592648524665763,1,0.039457551601819296,0.01899650074075823,0,0.03978858150340904,0.04906727465464252,0,1.2773613458565662,0.19614066267824692,1,0.038744318822165176,0.031774119940244976,0,0.0645863244444134,0.03880194924596176,0,0.6944373613557288,0.2113219765007632,1,0.031095979391749157,0.007796754197914152,0,0.0024314301135596066,0.019737026082647352,0
143,2000,0.6,ab,0.5080520199857741,0.010112299262001256,0.025781977091058905,0.04615845876061021,0,0.254704324729604,0.16226111162708604,1,0.06022452062522042,0.039354430503678234,0,0.22391669297938246,0.2247390108275091,0,0.7630988765615138,0.4087366359244012,1,0.03651669562045713,0.07969813567580068,0,0.023933819706441713,0.0366147004500296,0,0.54718424519573,0.15842587970515892,1,0.03087455547416599,0.08038697893782029,0,0.007310451035801577,0.08358309985861931,0,1.0832156730229046,0.559884900061248,1,0.09746137615395187,0.07767584794449452,0,0.06234358344494166,0.12660143033735852,0,0.25587164408833823,0.29786001938761864,1,0.061995970095601115,0.1140730786848044,0,0.06468546839072033,0.047012617171670115,0,0.755251931334843,0.22456654007162635,1,0.004428315726925845,0.00885663145385169,0,0.01746697365113111,0.03493394730226222,0,0.5009512997350694,0.2894634577101525,1,0.20745316473807454,0.19410029330836612,0,0.08901834614608287,0.1190047107702392,0,1.3462188944172655,0.1617838963744997,1,0.16060356320926275,0.1174099981694229,0,0.0511733827894653,0.07517927162944182,0,1.533636771383447,0.5529444375291106,1,0.02922966103211385,0.07238999023571302,0,0.010990443089897158,0.02778676894330966,0,1.0175131071384282,0.3607561419021622,1,0.014926204192138953,0.061977427221804236,0,0.05457027879645604,0.10933883147885017,0,0.9030311630047351,0.33096266598730795,1,-0.0008464459608781283,0.0016928919217562566,0,0.07659251977485826,0.13276750072832386,0,1.1317043829111821,0.2764561152142451,1,0.02020378175395096,0.10812196112233449,0,0.006594476513877382,0.01817425693740441,0,0.7029824301310375,0.20551867117763659,1,0.027540630984963583,0.05340015503234786,0,0.034879853506019534,0.07557100889958177,0,2.0206901385298557,0.48490260529302964,1,0.0055627029001846465,0.011125405800369293,0,0.004441813147022686,0.006561388557728781,0,0.32377116328726274,0.20645622941282452,1,0.025777776505173322,0.04725359429742196,0,0.1496784034026945,0.09021795569119431,0,0.9152917648069435,0.3403348392755236,1,0.027033467901979746,0.03511125376050632,0,0.17544429318227922,0.08635742654184564,0,1.1417528274153341,0.43475807685533,1,0.024684829321194784,0.049369658642389576,0,0.025898606111804556,0.032540669584114806,0,0.412344607374813,0.11353866826608715,1,0.33062809769030627,0.11343851916717301,0,0.10471722651802792,0.1353323742592148,0,0.42165226197024974,0.2899360268465065,1,0.17900552476746986,0.12938946335747464,0,0.10042365820092798,0.069624740511448,0,1.0202352761322553,0.2533850405740096,1,0.03362543715319714,0.11775505648686573,0,0.04944570677165979,0.07333437388959496,0,1.3985771981507065,0.2528596261273608,1,0.0749578092749797,0.09589128155006688,0,0.09416116450668552,0.05992015536026152,0,0.7091953170695571,0.2074617447350019,1,0.016472753586256047,0.029410243401899284,0,0.03506301077734534,0.06625585211310933,0,0.4931619327517982,0.27902579778811903,1,0.2685759145990171,0.10537106243110952,0,0.1523920693070589,0.1017363742750457,0,0.5732937713484805,0.3087450399183858,1,0.00727608730201699,0.01455217460403398,0,-0.0055080149596734036,0.011016029919346807,0,0.5421758467688857,0.1610800451064323,1,0.13156079781963675,0.12975748278153607,0,-0.026743958017129244,0.06591840892567295,0,0.4764386103370676,0.24134568884606428,1,0.1516445746252014,0.14738068972587684,0,0.07536664452434767,0.07314143723000045,0,0.7113803719500015,0.25971335993175604,1,0.041266824478814225,0.04370361875257488,0,0.0520385607981675,0.060917959178725965,0,0.38374939252523604,0.29384482503592985,1,0.12281794120211431,0.11635642713555307,0,0.06516096868144813,0.03747208233900751,0,0.8726935852594938,0.4712904223127282,1,0.1370664790029884,0.15484422813947235,0,0.0387802228852502,0.060171531555008435,0,0.7425159224011872,0.2281957067524409,1,0.10069023403935011,0.11458402187584688,0,0.1989976481007254,0.15615337988175748,0,0.6380009683069386,0.1753557957528927,1,-0.023242531554732763,0.024854711818197643,0,0.08107924836620366,0.13696333933778004,0,0.5781689887160633,0.11530037310085958,1,0.01695584957752274,0.022093566652126095,0,-0.0005526930058627781,0.013513867362922486,0,0.11653740875567395,0.09155662236849423,1,-0.01087959296405579,0.03464768899802237,0,0.0022363670087074752,0.0044727340174149505,0
143,2000,0.6,bag,0.4423988883698532,0.021523532203062037,0.04832345594777619,0.051590620701046495,0,0.4360461476996923,0.31912565094655115,1,0.09145422806415096,0.15144411850802922,0,0.13272157619184416,0.129826918407988,0,0.34733335301740326,0.0795831908254215,1,0.06528222141529869,0.08677187845446205,0,0.16901740220221884,0.1749030155514266,0,0.3461412494730803,0.2676603396765411,1,0.09883100875284394,0.11350297972927947,0,-0.022798112219250058,0.07322554871403937,0,1.2703716672637688,0.5247218599926107,1,0.1186650638549499,0.12626736732654012,0,0.18686702067066024,0.17289105553738446,0,0.055156853387220185,0.11616026916785371,1,0.018343274421332205,0.1745094079600002,0,0.02974066759071209,0.14124398266718352,0,0.4318316620576656,0.28393039637715345,1,0.14222847592653157,0.09550345032787994,0,0.17859196063828212,0.11859407532718202,0,0.2614226503430871,0.17087715355746164,1,0.3765990313558861,0.24418067179324834,0,0.07928506382696095,0.10807568647111822,0,0.6394231507885362,0.4353708262507917,1,0.3764294688726776,0.28746900627208627,0,0.28891092742175484,0.2519748932284836,0,0.6725257684526189,0.43270194689098007,1,0.062025857375128446,0.049882290706079066,0,0.10594551056672097,0.053734960156523036,0,0.6292734728925009,0.2987971562010996,1,0.12076976488419984,0.14124474201960757,0,0.1275348947156634,0.112863694125399,0,0.3188220291447846,0.33840795106006794,1,0.11357981014332383,0.1290065474311981,0,0.02891445799869753,0.11991185101219429,0,0.555070886275153,0.17347789646384273,1,0.1963227285685277,0.3292360648345075,0,0.09655898142994554,0.026465707195324727,0,0.3384533144935508,0.17387297953897218,1,0.1341722139772457,0.056053083003157096,0,-0.048453414509203804,0.0992449059730363,0,3.23180312703335,0.7958171569468144,1,0.05866895580306088,0.20956057674472744,0,0.17445176469896137,0.10813474899748401,0,0.556803658780032,0.31370838452059596,1,0.05149357099552128,0.07144609628184552,0,0.20837389509136317,0.1169477654879083,0,0.8202225545227975,0.7783380388067535,1,0.12915799472202136,0.15068249180077312,0,0.12199189920474662,0.1858035118272354,0,0.5707506725582998,0.23282400550767968,1,0.089346055706686,0.07153462795653673,0,0.14780157054177195,0.12057170141740244,0,0.3821545109792526,0.2436787017201168,1,0.12058632292582608,0.1372958916791095,0,0.14799592209836554,0.1458618388490641,0,0.23849397071962386,0.20335877598259933,1,0.1514386634321563,0.08632796110890487,0,0.15919527333117872,0.1579158339414412,0,1.559342827654251,0.44965321771300854,1,0.1816539143085567,0.12866740549336383,0,0.2942010503310713,0.26064984463193686,0,0.6761976046623545,0.33323360177291117,1,0.022389208902035312,0.17495171565698342,0,0.25956390889111147,0.17165711721870142,0,0.29816601694181843,0.3635739215584291,1,0.2258090838938111,0.2688561251916706,0,0.17080490307961496,0.0942056064000491,0,0.5822102971797858,0.3536255435327598,1,0.23766804918025644,0.22183996969051503,0,0.10435346710033729,0.0876388505317942,0,0.4393694875172799,0.2602013640027381,1,0.06960236622578217,0.09847009040860573,0,0.06187985381638787,0.1503302817483136,0,0.47080999527943035,0.23141081104628974,1,0.18371013172844813,0.19045869116033773,0,0.06022503537660243,0.1168003328357089,0,0.4799403433197524,0.08434530926697441,1,0.22453245922784465,0.23157342427975222,0,0.17868747787403688,0.17033421299932214,0,1.0193200412576302,0.3853034662029931,1,0.07259935818927178,0.15573503720022214,0,0.12548767621157605,0.11627826305880111,0,0.35357266824548644,0.233864784198289,1,0.21819910068616344,0.11500341920920373,0,0.13205567534538146,0.07876535217507262,0,0.4373316674921277,0.15728967822354542,1,0.1228196568379019,0.229824096434961,0,0.07035651503832165,0.08879015526041346,0,0.5445432291421844,0.1864911578835937,1,0.028247009433126313,0.17154204269619827,0,0.20818880338671092,0.07295379939423555,0,0.4087364878203701,0.22417416938448584,1,0.12360156374417,0.048570436470069485,0,0.14797537193609395,0.19928957802367364,0,0.7417330071095289,0.15117515744950544,1,0.151689718219032,0.06323394651438626,0,0.12511525141246713,0.19686564843370574,0,0.2225107548870397,0.1753195103152392,1,-0.008724876530238674,0.040986786344032064,0,0.004392078788696144,0.09364046553713738,0
143,2000,0.6,mlp,0.9654904994015231,0.002799531747615842,0.016512089966970105,0.012650431875708551,0,1.9494300098960466,0.18704647735873794,1,0.007950568910165223,0.018375550747503477,0,0.017888132590177026,0.02375894064147896,0,1.9375066580359035,0.28833981714525525,1,-0.006818576475667465,0.01634371886799329,0,0.02255439024925071,0.01823804225087567,0,1.9015108474800553,0.0971008241241992,1,-0.000399309160994208,0.012984880668219947,0,0.0017664605786867692,0.02345812410330808,0,2.17508997549069,0.1407015223879427,1,0.004127282795553229,0.012368801188121671,0,0.009152011824321937,0.020715385874008112,0,1.6437581150308707,0.14979916167316276,1,0.04692676035236952,0.02207137787888228,0,0.029952307503435537,0.015199168909177859,0,2.057442689736349,0.18799785863795485,1,0.00963730262917407,0.03450394815670646,0,0.005962590250112866,0.01354363655751062,0,1.6456837984129837,0.06744974448239138,1,0.05156390257979623,0.011390099872479027,0,0.0019105422062966066,0.013699647679062997,0,1.7702677389640769,0.0978086565237708,1,0.008838866659023418,0.01922349279560182,0,0.003709763012387359,0.01738552846242289,0,1.99373447911534,0.18014932204122622,1,0.020894449952818788,0.01952425987691686,0,0.018282584515896236,0.0137363183564675,0,1.8601334167464736,0.15568690298771445,1,-0.005354024913512374,0.008632862380739842,0,0.011389743938589629,0.020082673423709996,0,1.9087943975363089,0.09106944995543415,1,-0.007902126107010179,0.010682356284559835,0,0.006117666905894473,0.01631381252467364,0,2.2708302335910373,0.15171277316470244,1,0.00560492715347489,0.015541007810358791,0,0.007991883586341323,0.015069224529568739,0,1.7831555631777174,0.07549220292443809,1,0.018754995355407512,0.020414733643794723,0,-0.004022087630776071,0.013090657153550851,0,1.6096936661542927,0.13830172278674194,1,-0.004965269062657664,0.020769019604027515,0,0.011287676254990409,0.013373447836648837,0,1.6721791249243,0.15362214119929316,1,0.003480058766274307,0.014081879120822835,0,-0.008312208152896615,0.015089360204650473,0,1.8757738943968743,0.0832020448202091,1,0.001169869425989266,0.023613844241282676,0,-0.015753387601054936,0.014049214705480081,0,2.0531152508569708,0.16100654317202612,1,0.008030870676500402,0.018796201120028732,0,-0.007484782551500278,0.011729865252913032,0,1.7053665574810242,0.2956500680113462,1,0.00127222436160504,0.007720161485067007,0,0.0012726045596568598,0.010944249849867613,0,1.586692815437875,0.1739518593744628,1,0.017316728701035018,0.013423966629451825,0,0.007745556007271806,0.012023015523217166,0,1.87626727474206,0.19598316555462678,1,0.0013250139942637639,0.020383740610854587,0,0.00016526519381420985,0.01817666582809951,0,2.0580988984213056,0.21129283816987698,1,-0.004848507809495965,0.020225497603534287,0,0.009024940793028138,0.0181821199106367,0,1.9560762357525903,0.3316595349188375,1,0.011543822770347933,0.015624234004474203,0,-0.006188867325080129,0.011188943796577156,0,2.0084012759819374,0.19261575418016952,1,0.017213314983739587,0.017472015120875845,0,0.00316711216774853,0.01958777327255774,0,1.8517109270256207,0.11269366458842682,1,0.020560846297294367,0.020435576756875067,0,-0.008188921842451392,0.03302833607105355,0,1.7331356771318323,0.12766593724944106,1,0.005848221555681438,0.01728187678365923,0,0.014425087724746507,0.013086016995415787,0,1.8026616955161294,0.17104697514212747,1,-0.007010129687837499,0.011109394600166723,0,0.021797778475985817,0.014273952927059215,0,2.0258403224305868,0.15699803206702095,1,0.014023124652335472,0.010062252909051219,0,0.002024201318617413,0.008192086973486836,0,1.921764284881339,0.21385516058581833,1,-0.006168647196239484,0.01222697740281964,0,0.005804260041298741,0.01474327792716923,0,1.8487810857904576,0.1721023320442275,1,0.008862218793719725,0.012644724454313772,0,0.008190544656767954,0.012857196491914484,0,2.0062736714758618,0.21368812058029343,1,0.004224452054299714,0.008716187960239864,0,0.003994856820877436,0.011585632823041711,0,1.8323956001431203,0.17242653211242134,1,0.0066176819412344335,0.022437111635734742,0,0.007226004535515439,0.017963354568169256,0,1.9961797187293115,0.14535594417644165,1,0.027179611431892924,0.021894820964982888,0,0.01122237387767073,0.03157549580191482,0,2.019018279285537,0.0946234145579541,1,0.013592964852232825,0.011364623181565597,0,-0.00804578488473324,0.008325596129845446,0
143,2000,0.6,svr,0.852853152894691,0.010990505995205206,0.04331102439289214,0.01733643807643117,0,0.9502019474627874,0.07491356164814304,1,0.12633252797191658,0.03719438370291771,0,0.13271009085737304,0.04052561679121307,0,0.7612135771116757,0.14519785008635258,1,0.10265743609335296,0.04655790395575227,0,0.13064237172748747,0.02088012498510279,0,0.8468665170720575,0.023681423665733954,1,0.06341631711825435,0.021235696283606716,0,0.046597605823384645,0.05052364420950973,0,1.0469069269217275,0.11517844266760768,1,0.11710218700645783,0.044431504699657,0,0.05318416252672351,0.025880454561735523,0,0.6488349882057884,0.15285684864417545,1,0.13395452518292464,0.03639921948438674,0,0.07465205626930714,0.02792366345148553,0,0.9130580765989302,0.12135937006256746,1,0.0488454728991322,0.029465665082145993,0,0.11594763734594685,0.05934377045773162,0,0.7543893541623035,0.07816651349967042,1,0.22780718494617486,0.017519254974013534,0,0.0820006883227145,0.03155823809820308,0,0.7657968154644686,0.034470492271017276,1,0.2594962617061888,0.04280566663688844,0,0.07760524397333012,0.019749760411208288,0,0.8403782660686762,0.03294777478588841,1,0.10591260636998326,0.025847831753272887,0,0.07362963196753883,0.01873510569899934,0,0.8138101251132804,0.07423113771649958,1,0.049154698981119155,0.03467116685639345,0,0.19797413148918142,0.04087118621452477,0,0.8817469572791528,0.07701547440348962,1,0.1370871230026386,0.03588594498276507,0,0.05778576665743448,0.02671716303598899,0,0.9581656784291115,0.10485598625869653,1,0.10950140178216965,0.04679975440979894,0,0.07498631333396952,0.027229589343637884,0,0.8656454691598142,0.12394789545060568,1,0.1857814653598698,0.04079508714689272,0,0.10897671563280102,0.029385760591519258,0,0.801174753292808,0.06320526997128949,1,0.07935791224288372,0.013947779274187718,0,0.1434577773377997,0.03290544114584747,0,0.667614632218433,0.09037244508177102,1,0.06976582533319883,0.040283348878779685,0,0.130335413878011,0.04777635023885504,0,0.7693840427282292,0.14961599849320323,1,0.1427590090053961,0.054696807933436516,0,0.12152782589688967,0.025453866000840205,0,0.9429489866445623,0.09659916853663215,1,0.08617570444372848,0.024396700278329082,0,0.05445394988481976,0.03729500185526315,0,0.825746204059409,0.09047745756877605,1,0.10937007097774483,0.03970919917090257,0,0.08264289521576522,0.05064277386939423,0,0.6717315867558511,0.08908619784196962,1,0.1759771426820807,0.042384790717800915,0,0.14734110288415905,0.04252575587959255,0,0.8563673636321749,0.12161511002032557,1,0.08281858297781372,0.030296143607388137,0,0.12342444186012465,0.017957649827856453,0,0.9003538880072485,0.13054668124914343,1,0.10063323907772741,0.05218128927398703,0,0.13022212379537051,0.07322890440759729,0,0.8189405503118765,0.2147772275578544,1,0.13710576859590778,0.08886167746541554,0,0.0783733960325469,0.041362086057889054,0,0.7688004465394848,0.12233855290133155,1,0.15127413943430104,0.03490857906607501,0,0.07650530246959471,0.04729196016729744,0,0.7899094358597962,0.1198171461239154,1,0.07502659994045205,0.028482277763686243,0,0.11166732010899531,0.02937746799389346,0,0.8539073421033425,0.11373086360744379,1,0.0880742642304668,0.024800919023441653,0,0.06151639527952366,0.026151108948318364,0,1.032090326559014,0.13687881254543055,1,0.0850699856587119,0.03442726275329641,0,0.13824675697127245,0.050240265981713675,0,0.9793340733961828,0.11253188396391196,1,0.06576067802997627,0.04804439876820362,0,0.05312996405596586,0.022401395039444126,0,0.904040009984492,0.08536537436889506,1,0.11100737332726136,0.025405120098974988,0,0.08185681796801521,0.026442232185311363,0,0.9086522044436685,0.09711062363009,1,0.13032660200939175,0.03661052220313054,0,0.07262751670919886,0.02899526947966965,0,0.9420943028368921,0.14120148413100056,1,0.1010373267943018,0.028740916411806528,0,0.1490350664183538,0.030221415081506105,0,0.7480018158861136,0.08047405358868577,1,0.08174635077699315,0.033784895975305734,0,0.10007460033983506,0.03406227414893574,0,0.9441545952642345,0.0738927066570616,1,0.04497252995210506,0.028990472856767695,0,0.05858584685419085,0.04652688039156609,0,0.914016447615533,0.11718066407788147,1,0.033577106765288176,0.015116747896405191,0,0.04172641191993861,0.02763249747065037,0
143,2000,0.6,knn,0.5784615003969256,0.027703467063935224,0.18043744269680226,0.45273195072777656,0,0.32830572859593876,0.412939621181434,1,0.13549571264822655,0.4560745378218651,0,0.2713228438111702,0.23904103185105308,0,0.42566959290936524,0.2830333892392734,1,0.027512290327763977,0.24222884760226857,0,0.19172468154819106,0.3020517169789621,0,0.47037050092312027,0.2786291188554925,1,0.12608124671305151,0.31191575992161746,0,0.5821705668055601,0.35668086260390647,0,0.7775308630376545,0.4560355236037201,1,0.1515924037748369,0.2169839374137618,0,0.058850822320937524,0.32014408773292535,0,0.27456431514811686,0.29624366189721724,1,0.24645843870131667,0.28795114842526426,0,0.08031091335170325,0.31054165758034097,0,0.5180501660958725,0.3074876312928179,1,0.2774592515208686,0.3832452939359024,0,0.23857695753995176,0.3593307833777582,0,0.4944545925930881,0.20817128063766088,1,0.34743824802729667,0.36753439457065135,0,0.324062896411604,0.1800338296620861,0,0.6292112492700255,0.5085309449563746,1,0.4678892370885058,0.3381723283443429,0,0.10592079065269581,0.2566175449748753,0,0.5299866333789447,0.3268703575628875,1,0.20574644877293227,0.38905684622317105,0,0.30672220357565805,0.10436680091097858,0,0.4642245412981406,0.26478691651177816,1,0.330263379148365,0.5571303076389414,0,0.34383067315782706,0.40899858801150074,0,0.5576114365207868,0.40217932514727645,1,0.3001711717283365,0.42440361768422535,0,0.2713471968341158,0.1525169233599992,0,0.7043311282472472,0.3828018920587879,1,0.45074002358674303,0.2438386572895666,0,-0.013518169594410299,0.3118964033321199,0,0.5739673320819981,0.16843036786958032,1,0.1721227911820896,0.25300815764753837,0,0.17063906609466503,0.32504764340569425,0,0.4600611766003916,0.39452897894060207,1,0.4052220356825913,0.36645893752889025,0,0.1565626992813754,0.305211780444666,0,0.13718976919213038,0.17187207002594931,1,0.32281296107107693,0.14311694119448407,0,0.037808610670577905,0.28251192884181003,0,0.3244574774216744,0.25179851792417646,1,0.3377680583423884,0.44369497140960196,0,0.2584170635679342,0.26806008554985916,0,0.38109671561719843,0.3592614085005223,1,0.21821147538907826,0.16559088535612784,0,0.2743544079294728,0.517532439454804,0,0.3538418986220214,0.5308126173283528,1,0.28211891214594786,0.3909671895460288,0,0.14644450662463254,0.3230428385870065,0,0.3036474038015238,0.20105648573990015,1,0.2114035528505555,0.31446420898933675,0,0.4168172620208317,0.24904590470300741,0,0.44777779460326467,0.367791527768459,1,0.0366523139207109,0.07687165722520832,0,0.25735129399280715,0.2817548952494287,0,0.4856675432168485,0.34987914070460774,1,0.32506726726391816,0.2620227419811749,0,0.17372660567707643,0.35640018313159305,0,0.4454536885019163,0.41357287996429726,1,0.25003345769229757,0.32911535635766803,0,0.017985168215897785,0.24666750654094757,0,0.41845476248186414,0.29858794578047715,1,0.5447214042010682,0.0696554522145423,0,0.086746822764395,0.20757262063357676,0,0.6355013554498428,0.32546489116584415,1,0.17326917115639043,0.2878880501812069,0,0.3164554730027239,0.3344028085957817,0,0.43222575141199826,0.23452253494387168,1,0.3002730250323246,0.31615588389689653,0,0.16595168593181345,0.23830448980926128,0,0.6486842092955808,0.5559510676710215,1,0.3472103507973361,0.43052958393681373,0,0.3927453525366986,0.3660384285876659,0,0.32707047017404,0.25117879052754977,1,0.28702837407464094,0.18676611670438864,0,0.17884142750148102,0.3231063573684328,0,0.6147201252033404,0.31887703219743907,1,0.2864036910239577,0.3484325558930167,0,0.3329147833954623,0.39661315440549344,0,0.4715546836300444,0.35179668103624195,1,0.23465257543968132,0.1518904783161749,0,0.10160681986205256,0.4021161571827095,0,0.4720846613326467,0.22296508381345156,1,0.1507921540141674,0.13486630408187672,0,0.002298540657837887,0.26110752954656513,0,0.46247397460573564,0.2647086077212121,1,0.07460769719461854,0.279529945744776,0,0.1835409553378018,0.42285624336721983,0,0.5326357455196451,0.4235870308249457,1,-0.038834144670375055,0.21864491642077122,0,0.29670906168335154,0.3224658429304494,0,0.32460611512288995,0.29409812384843037,1,-0.1521496942541934,0.4268146679993362,0,-0.013518347194159869,0.13794546810211872,0
143,2000,0.6,SuperLearner,0.9794236300901664,0.002365320454555696,0.001638687802574795,0.004167744004342683,0,1.9885957846943398,0.1639604454562077,1,0.005095092012564783,0.008349896315975764,0,0.004034256956668875,0.0030738577127816785,0,1.9777315008795568,0.2607639352572193,1,0.0006959059157927628,0.0014746540607648588,0,0.0012875050967473818,0.00226010643211864,0,1.8499715383751139,0.12917469561840308,1,0.0026666702964686837,0.002049539193452756,0,0.006131049192388491,0.005413188774112919,0,2.1314094697700683,0.15496604736275182,1,-0.00021052277315151751,0.003068592491505428,0,0.005576039555486609,0.003497608516880964,0,1.7718101730553777,0.1037032953401795,1,0.0002725564650524669,0.0010453321655444347,0,0.0013755553297414584,0.0014999527769333227,0,2.0868860952301356,0.18918503384505775,1,0.0016458394596091362,0.0016925270725265007,0,0.00021326647102737573,0.0012532077730421163,0,1.84428314201315,0.08133642218052572,1,0.007805662333365118,0.0019710374259531635,0,0.0032706877681440726,0.0035446690560677224,0,2.010940420878908,0.09791696266882748,1,0.004329936139067124,0.0008020821459389257,0,-0.0008352802502032857,0.002431105373701907,0,2.063701710121541,0.13014655002329198,1,0.0008596067476080591,0.0032897539884372343,0,0.0007209924202875211,0.0028858008958792445,0,1.9208170741040018,0.1454950834788995,1,-0.002077013505284523,0.004347501872081055,0,0.0005537852391410416,0.0015649412218260543,0,2.0074695228312303,0.06433614221759076,1,0.0005146317791345946,0.0012025448235762498,0,-0.00011806595019396405,0.0014732992266719865,0,2.147299355266322,0.11060264552498304,1,0.002736210868779959,0.0017793856430028058,0,-0.0003792472918485633,0.004656886727273135,0,2.00737605198276,0.09312444865183728,1,0.0056767895720044054,0.00412879846776129,0,0.001015310222757148,0.0030047853311822876,0,1.6752506428605165,0.1219049567329187,1,0.0008843838827742071,0.003526282162915937,0,0.01595789956736752,0.007502928623853815,0,1.868764859379216,0.14267159850603545,1,0.008621465965374187,0.006291842845772988,0,0.0022535122614074873,0.0024578309805869257,0,2.052994802916275,0.15293011622416453,1,0.0004310121613040999,0.0037757228590809904,0,-0.000762293020528313,0.0019437648655760997,0,2.1956670171204027,0.2358540520573555,1,-0.0004738678323161852,0.004021017979908959,0,0.001304331654252643,0.0032123625773690873,0,1.9007717467840954,0.24923792978908865,1,-0.0011007875355675688,0.0010530462649423966,0,0.001712323283291553,0.002608322276574015,0,1.8059560188443569,0.22712284366029373,1,0.0032814347341529986,0.002200323742186305,0,0.0004982276953481151,0.0011249273090478845,0,2.0036856257987066,0.1673902187919069,1,-0.002325651057856088,0.002289634976233432,0,-0.0005769338974976987,0.0009127141157058969,0,2.0632582844226848,0.24041192579301796,1,-0.0016967318647341406,0.0026113769276461117,0,-0.00071858993563038,0.0026476473581665016,0,2.055115118302847,0.30446636975512864,1,0.005638389833505809,0.008749234795195505,0,0.0021287506657303797,0.008239685477710024,0,2.0725850243448,0.1944455952146258,1,0.003232262034995375,0.005294708893635304,0,0.00130804166223132,0.0032113329833000394,0,2.0836269977583397,0.11956298009643689,1,0.002715944464271605,0.001507427039950843,0,-8.959006437828253e-05,0.0017506877541421009,0,1.8363062960171206,0.1010756251502673,1,5.891721165852187e-05,0.0015781977750473684,0,0.0007185761649838582,0.0016467649846251863,0,1.9233292846573282,0.13071702944668867,1,0.0032839330040779096,0.0024877972366619838,0,0.0033537693938498403,0.0018457090432284144,0,2.1560104951322536,0.17759438627537505,1,-0.0001321979622732914,0.0021364539484780673,0,0.003850570807930541,0.002871301051915851,0,2.094567418560819,0.2338701098331699,1,-0.00045460707025006596,0.0034861522625798448,0,0.0050536618258002295,0.008101879664290192,0,1.9402338261248815,0.16239341414900288,1,-0.00022426953812355242,0.002078040493412789,0,0.002548452385643678,0.0011864996621163283,0,2.1548743711557585,0.24895771654895107,1,-0.0011682450410605374,0.0025754556841382096,0,0.005347720156098108,0.004356477682156144,0,1.849766573677791,0.1175614238577001,1,-0.0011347195023123414,0.0034810436767219125,0,0.0007177953035548566,0.0010721854654952422,0,2.024029727872967,0.15508640722464212,1,0.004784959449720709,0.0038457728102925534,0,0.0027971563336507805,0.004344705575815812,0,2.008853797326913,0.08190128976089092,1,0.007054385605325989,0.0038860217132392076,0,0.0014945622872636162,0.0015083629461849204,0
143,5000,0.6,lr,0.9801712840647772,0.0015313358328830878,-0.00024412004622107863,0.00032859679358048584,0,2.0143187930026114,0.09871139414759462,1,9.029579635956473e-05,0.0004023621747668826,0,0.0013203978870376242,0.0014176302365340203,0,2.1399766967018943,0.17816782412858664,1,-0.00041983083781536477,0.0009671177015104985,0,-0.0008423706488972362,0.001158553384901642,0,2.049822484847494,0.07469735113479566,1,0.0003693021298354915,0.0005073677548485452,0,0.00045547993329500487,0.0008084296586079133,0,1.8519003448816183,0.10860491731317684,1,0.00014252167673919612,0.00011118437385365844,0,0.002111843723303411,0.0010204316419796637,0,2.011583407136053,0.09197733490586968,1,0.00022221785053273902,0.00018419881035974895,0,-5.3586030741060954e-05,0.0003265313598674462,0,1.9857479070417476,0.09719129133570939,1,0.000468355717730824,0.00048239368609324777,0,-8.246121306029507e-05,0.00010369426364741496,0,1.8712143397060423,0.1456600368919381,1,7.89558507642822e-05,0.0012855359562977857,0,-0.00021233472682227994,0.0007390826926505953,0,1.9918579384676474,0.13536950186354002,1,0.0008182310492402105,0.0011645895065303612,0,0.0024574733200185455,0.0024065036251050644,0,1.7715790266678586,0.06109253314905033,1,0.0012426957723113692,0.0009763254953029262,0,0.00018272692079706593,0.0008633929634982101,0,2.123039504463375,0.06553433630266804,1,2.4900855790168645e-05,0.000491045976139523,0,0.0009094168710829919,0.0008109710790083699,0,2.0809787051759527,0.06039429643476058,1,0.0021871959763561494,0.0022687710384441022,0,0.0008575788393144275,0.0018122147747857706,0,1.981784890491945,0.06742822563695607,1,0.00016276754416421957,0.0006364102387478153,0,-9.751984522272573e-05,0.0001356140191073327,0,2.0660531355815595,0.052806231879802934,1,4.8942041103280596e-05,0.0007738588180602817,0,0.0003244236157253635,0.000371641827650585,0,1.9660907279385835,0.03617407345698919,1,0.0012974926507790551,0.0005727025315822108,0,0.0014203034274626193,0.0003938793845294296,0,1.9388839983196662,0.11221935719822966,1,-0.0011599035730367596,0.0011111764207524793,0,2.6692478133227392e-05,0.00038551843420136096,0,2.0602111115136896,0.13841556117761358,1,-0.00020938328517455096,0.0002590219506708939,0,-0.00044875120398100337,0.000836817644539311,0,1.967643709887118,0.0986591305675488,1,-0.00013762937461575748,0.001057393810710115,0,0.001700279349362974,0.0017268112413146598,0,2.170428928998828,0.11543405378368402,1,-0.0008573591347001783,0.000987781729117532,0,0.0039373397922839535,0.003121554855697009,0,2.0743525933132068,0.1639482717116575,1,0.002240478012783797,0.002457787661963708,0,-5.603563651227449e-05,0.0003441450363302811,0,1.984618251729657,0.07465223521569077,1,2.104537418859617e-05,0.0014554472206676976,0,-6.422673471353631e-05,0.0006579463520820546,0,2.02512623388229,0.04123477342851001,1,7.46322843434082e-05,0.0001436636432039849,0,0.0005558443410218015,0.00028695884623903195,0,2.1222892214428404,0.10839049702351453,1,0.0004973373236844241,0.0006981875424335079,0,0.0008249916736243412,0.0007032650885306646,0,2.0616148903259353,0.046504568654095406,1,0.0029726768638985803,0.0019499754318380877,0,4.031109053361172e-05,0.0004428162830558613,0,2.1831030005839267,0.07692987734397962,1,-0.0003112991590660199,0.000402680555392025,0,0.000831948657235023,0.0007705618085702505,0,2.0712365766030914,0.08143591696383524,1,-0.00014060314273458462,0.0006645108421562209,0,-8.442461202773587e-05,0.000717243374413356,0,2.020774357546536,0.03938381554656091,1,0.00029473727158413874,0.001116204091382487,0,0.00016808251635141546,0.0002792205172853775,0,2.0040831177694076,0.11060731762341863,1,0.0014278663963363427,0.0017654543045320273,0,0.0004529050488841207,0.0017634455706284648,0,1.972854583312189,0.0726740014079944,1,-0.0007504657540656567,0.002336240527514307,0,7.791282809766064e-05,0.000420773129651957,0,1.9575382722245842,0.14937032538169648,1,0.0003107974975842725,0.0006326226471111245,0,0.002920340863746151,0.001198534924490116,0,2.0133981070633697,0.06839150919398175,1,0.00036537344202512223,0.0013400879423209595,0,0.0001743732360942456,0.000914502194722846,0,2.0367501638495162,0.05218405000286218,1,0.0006182286285528274,0.0004405237091103786,0,0.0031885660660997232,0.0006758057316284036,0,1.9260698343532805,0.05030807120048693,1,0.0007762934427670589,0.0009497096595280175,0,0.0010556590894126962,0.001561087463185449,0,2.182709554550615,0.11737279430061881,1,0.0012298723525546711,0.0023271236830428063,0,0.0004617060096247542,0.002149189007845577,0
143,5000,0.6,lasso,0.5487499734697145,0.010109136443346734,0.0,0.0,0,0.6505245154941623,0.044318692318514416,1,0.0,0.0,0,0.0,0.0,0,0.9526608105871015,0.031011055287959766,1,0.0,0.0,0,0.0,0.0,0,0.8746175814082889,0.042834295936139,1,0.0,0.0,0,0.0,0.0,0,0.8341052183973877,0.034726507450013364,1,0.0,0.0,0,0.0,0.0,0,0.6376658392341911,0.023310845072262675,1,0.0,0.0,0,0.0,0.0,0,0.9754904263451101,0.06480767345341351,1,0.0,0.0,0,0.0,0.0,0,0.4830588428303441,0.038177228747705017,1,0.0,0.0,0,0.0,0.0,0,0.9692937211982962,0.04014686429596851,1,0.0,0.0,0,0.0,0.0,0,1.1683012854257788,0.07133740846420623,1,0.0,0.0,0,0.0,0.0,0,1.0055041017830917,0.032663577276511,1,0.0,0.0,0,0.0,0.0,0,0.8051105868679904,0.07018803278909666,1,0.0,0.0,0,0.0,0.0,0,1.0815512167151151,0.0527939242305655,1,0.0,0.0,0,0.0,0.0,0,0.6855964219374271,0.044641595950509226,1,0.0,0.0,0,0.0,0.0,0,1.4429350229155362,0.09209277246415742,1,0.0,0.0,0,0.0,0.0,0,0.718065427124726,0.0440359943321157,1,0.0,0.0,0,0.0,0.0,0,0.935270281725878,0.05094955067392962,1,0.0,0.0,0,0.0,0.0,0,1.3831321778082069,0.03963700256419574,1,0.0,0.0,0,0.0,0.0,0,0.9642392046310994,0.04139235274149637,1,0.0,0.0,0,0.0,0.0,0,0.5609403038688223,0.03718904051851083,1,0.0,0.0,0,0.0,0.0,0,1.1837106541540927,0.03688466281697403,1,0.0,0.0,0,0.0,0.0,0,1.0466051308649054,0.017072922071155086,1,0.0,0.0,0,0.0,0.0,0,1.1305171971886032,0.03334296070373775,1,0.0,0.0,0,0.0,0.0,0,0.9230624739904612,0.026804963619309684,1,0.0,0.0,0,0.0,0.0,0,1.1084951360692963,0.021128322913340904,1,0.0,0.0,0,0.0,0.0,0,0.829713987553786,0.03613827025799566,1,0.0,0.0,0,0.0,0.0,0,1.1047317706710038,0.07499840657793884,1,0.0,0.0,0,0.0,0.0,0,0.6445384199226889,0.03793462274254492,1,0.0,0.0,0,0.0,0.0,0,0.715455892942248,0.031045305902782535,1,0.0,0.0,0,0.0,0.0,0,0.9495938608192113,0.058079786915097804,1,0.0,0.0,0,0.0,0.0,0,1.17922477479529,0.08566523526462397,1,0.0,0.0,0,0.0,0.0,0,0.992391851388469,0.04149959746851617,1,0.0,0.0,0,0.0,0.0,0,0.8990783983789641,0.04233238055148964,1,0.0,0.0,0,0.0,0.0,0,0.541422247101927,0.02783764617284401,1,0.0,0.0,0,0.0,0.0,0
143,5000,0.6,dt,-0.1789545924969897,0.0669530918183155,-0.22044283258814773,0.1621237790192893,0,0.6214875951600304,0.650813834903413,1,0.15317215973812143,0.15301912701659157,0,0.19467109046017322,0.2651693953088982,0,1.4959099579384536,1.7916833782820274,1,0.14516805271192001,0.188926508844097,0,0.10540686389408435,0.2721038786287831,0,0.4371400075843894,0.36733878105140805,1,0.11605041988859602,0.3140420988054914,0,0.1482034265618381,0.24613044726312486,0,0.8133505978083561,0.7609455361491181,1,0.04827003711331225,0.2401761946232501,0,-0.0603577453560036,0.13906949529328577,0,0.6115802605490508,0.828318742759309,1,-0.08923493740378444,0.34075616354710686,0,0.06878284542042241,0.19711637562500312,0,0.7418202742418436,1.219298721863495,1,0.19350604806259103,0.3545310841519698,0,0.17662481336877506,0.06830203900774647,0,0.45474149363574073,0.714755003308644,1,0.37593241282699197,0.3877486582153963,0,0.12182692801959016,0.18331845154125717,0,0.4246101857595967,0.49811979448602695,1,0.15946484477591613,0.11112553373577772,0,0.19305756192901896,0.352647273308731,0,1.0372054837302556,1.0332035424627113,1,0.09502608005126163,0.32294065313422304,0,-0.014041687910508726,0.08150453558120074,0,1.7295494136949494,1.3198738092657112,1,0.21745420501430388,0.12589914885638434,0,0.34649253676177905,0.1017133193034192,0,0.5028138793276817,0.5103995473079286,1,0.1315293258496683,0.34021771116355487,0,0.059928180809750244,0.25594248759327476,0,0.6560519135291475,0.7568486236490846,1,0.23369679150856348,0.22360202314725022,0,0.07724592883454906,0.2845561037119549,0,0.4873373033762457,0.36180382283340945,1,-0.026451973015900056,0.1422993650729191,0,-0.011243205494128572,0.21430151400437444,0,4.0970824817275915,1.0905523096313627,1,0.012385121094566725,0.2380873225167205,0,0.09309352284664879,0.6241526175142973,0,0.20294966020566382,0.29596765434342615,1,0.024266830109315272,0.1393506870586227,0,0.22528648335044227,0.18713454040135605,0,0.6199247444086893,0.15911665940177627,1,0.033553949360014025,0.052607247945013674,0,0.020190711244794917,0.18515010867366813,0,3.600674107351898,1.8244813717673773,1,0.07254718451662337,0.17842513738736815,0,0.10136541956447878,0.3039969594431059,0,0.5703355234576489,0.513741168437666,1,0.18737655160368027,0.6073832046395353,0,0.4576443030009189,0.4900693833511718,0,0.4338978155337919,0.6602359186705301,1,0.14940949874391127,0.307016451338473,0,0.0158089460669014,0.2847320135301184,0,1.151088341620659,0.7274596623025205,1,-0.004650454793133582,0.2535769805092634,0,0.3294844517720473,0.46518063151602157,0,0.5188966637541046,0.47464994106891994,1,0.3150201993153628,0.3891472303369294,0,0.23890987138031097,0.3772973534291538,0,1.188358794834246,0.6897440122752126,1,0.21130156082526402,0.24383187610017523,0,0.04575112476965545,0.40073881876733375,0,0.5120354913373246,0.7534308234323414,1,0.3136580741650172,0.1959256907831438,0,0.4771287444424607,0.6371103676999422,0,1.3859114234634107,1.2716805073932103,1,0.22978915651238982,0.229287091723797,0,-0.2931626086130958,0.4466977588181248,0,0.5498894351079259,0.7305960372030469,1,0.026699659142221575,0.3047849949830039,0,0.17752113431027175,0.10818162625255982,0,0.8481395448596446,0.9503201263821562,1,0.16433016456946903,0.1871587271318893,0,0.20174492218170595,0.7139199692444903,0,0.459337339615508,0.6393776029329696,1,0.37783029429873977,0.2519724764086013,0,0.1620530685891913,0.45419112590708166,0,0.33195374347588824,0.70212955294534,1,0.2029411607048172,0.3040201350072281,0,0.14327664793478462,0.38078066720632286,0,0.7468074738605066,0.7021234593593293,1,0.22250696540490625,0.23263640239929048,0,0.21765773902281632,0.1742329334736937,0,1.0453527377574268,0.86126204251033,1,0.21414040237951903,0.28009482794271656,0,0.11385434744456129,0.2175065651993571,0,1.5990025259670648,0.9894564392643732,1,0.031163640776973617,0.3990796560751179,0,0.09320676934246416,0.24975577092565823,0,0.2674540968000658,1.1137840675105142,1,0.13865662960732997,0.15063380350433658,0,-0.4144272803609622,0.11479499532626544,0,-0.009429909153962667,0.6817770850190824,1,-0.046386002177647774,0.241003964137062,0,0.13949617482949028,0.201013211254597,0
143,5000,0.6,rf,0.546531665062096,0.0029173255973038233,0.04123825448181908,0.01115456481205409,0,0.4464086322377945,0.05800138509504655,1,0.09318260718380127,0.03800102810524495,0,0.11710819527105112,0.01162015175939478,0,0.590125879396778,0.0678987546572687,1,0.09075790114037674,0.019759546330300127,0,0.08385412872606657,0.007261175610445442,0,0.5329181599170222,0.12192266827193401,1,0.062866919348946,0.018808850829923153,0,0.10135813344595375,0.035788133686166665,0,0.5248089600226777,0.03353940129352926,1,0.125265571412536,0.033625145242596584,0,0.09568273755313192,0.038761400808905,0,0.35974369916353516,0.07291146010905501,1,0.09574761314101712,0.01890097072894172,0,0.07660739930387231,0.023230837247788235,0,0.6615746277152964,0.04685125179837414,1,0.08000725428111619,0.026197524425790108,0,0.08155465552860455,0.02222821707268553,0,0.40809738908815324,0.06110513498622003,1,0.0969850602147976,0.02233726137991028,0,0.11263622758669163,0.023241585003769872,0,0.48320938575723815,0.07543216644828546,1,0.12862210357203244,0.029202471114393492,0,0.11207073029637034,0.026505679900601667,0,0.995666441177683,0.25403550484395404,1,0.10927770225386943,0.05065999657351606,0,0.09743943947803411,0.058662171480722995,0,0.6105877056630391,0.08714456791772195,1,0.1156373713867999,0.03132035381230188,0,0.1545692217823422,0.04733777103507285,0,0.39007991722163193,0.03714064438036274,1,0.08622559797012391,0.028043748375263626,0,0.08745288138482021,0.03296016527948504,0,0.6642016799814512,0.03630338074916701,1,0.1059779446299622,0.013009352461352038,0,0.07034317003753109,0.005878692254724867,0,0.47414778890422316,0.09160827919970764,1,0.07777357172636366,0.02548092768894437,0,0.08625501360918672,0.028000358136947026,0,1.8332911499349347,0.26508170724171054,1,0.0929391381702919,0.041744201853603884,0,0.10102901527889478,0.03216744057188484,0,0.36098172881534035,0.046433315845959486,1,0.10174275550778566,0.011985699690736321,0,0.0936404618641163,0.014654005444643238,0,0.6055779530545413,0.022581496252462172,1,0.0857760329157545,0.02158652475760331,0,0.11120881757739971,0.04278085848489073,0,1.616631994791461,0.18627770432184207,1,0.1015272115754106,0.03809338705431293,0,0.08746102501467998,0.0508776026364329,0,0.39038916720738026,0.03566382093970235,1,0.16159493938677097,0.027437648125945187,0,0.12084199355704928,0.030703086311812608,0,0.39281329252534836,0.07622443254013381,1,0.0904399315308824,0.03017960813302022,0,0.12381701300890262,0.03177486172859739,0,0.8487284689445802,0.09879113991734256,1,0.10643429560910023,0.03546438844381711,0,0.1445076790424638,0.011815042790031654,0,0.7960783882448951,0.1273290852355388,1,0.11696798285350081,0.029648088181722026,0,0.1722634602312714,0.04368119270762164,0,0.7840680627150381,0.10217293907359573,1,0.12338219811586042,0.03826978215703935,0,0.10714507874839241,0.030143337424896284,0,0.6677781921214898,0.06408037503031937,1,0.1464727202757258,0.031462798026902675,0,0.14462060974807242,0.022599037790313876,0,0.60023575749053,0.04158888724746657,1,0.10139332449765981,0.033287366560651226,0,0.0962402572383999,0.026968879246504422,0,0.49009739663724716,0.043021626649168684,1,0.13919512001561338,0.024662355903830903,0,0.09664384168685598,0.01053861355057945,0,0.5961989421984112,0.07204246847153277,1,0.16647670621364002,0.04493942929622785,0,0.10328664739387408,0.02769534402053972,0,0.4060318852164425,0.08454926858361111,1,0.0906922277597299,0.03249317477331758,0,0.0723163294835719,0.020552703892869586,0,0.45886598779439264,0.09566057336987814,1,0.07070348221652062,0.028946612993368728,0,0.06902821032667081,0.036697062350847076,0,0.5688141575596425,0.041820055942789605,1,0.1259300873333133,0.02517953108449849,0,0.06902363561106353,0.017460091482716718,0,0.7738815527283517,0.09980623247655498,1,0.07686694033518222,0.025612577095038256,0,0.14625689084975632,0.0667244597062576,0,0.6485506121164719,0.052667563067558695,1,0.07298570577484309,0.027037886072991738,0,0.14260790363491777,0.047659863318498905,0,0.542442576300585,0.06702742412026129,1,0.08772455029854156,0.03283141197399133,0,0.09522316104377314,0.013440545422259453,0,0.4325413309305205,0.05142171055500663,1,0.03988307723860844,0.011767871270196281,0,0.014945591948878517,0.01438104208239225,0
143,5000,0.6,et,0.5469338678711091,0.007149526902400385,0.047464782413026964,0.012944293533920211,0,0.4214576943472658,0.052751124349625075,1,0.09911163969944464,0.022233976215479526,0,0.12563417765565954,0.02064975076923649,0,0.5738983041868309,0.04399885247830195,1,0.08500940778843542,0.056735864845021064,0,0.09961226760708962,0.05173847539345,0,0.49855427524659984,0.06924627088041825,1,0.062280740403811444,0.02311514252143665,0,0.08101281236034268,0.03121197170628215,0,0.5830529723084303,0.07915271698589327,1,0.13188922255737606,0.07170403408173615,0,0.10542236834138588,0.0298522180032116,0,0.32252437314487503,0.04973895758957769,1,0.11208544721148761,0.017972281329466315,0,0.1250280316252227,0.026529090881131475,0,0.566506290526138,0.07835605964273984,1,0.07452589406165536,0.03598693600198519,0,0.08904068962944164,0.017541367733214394,0,0.4262390856449251,0.05736797705219079,1,0.13078037574292967,0.020568555846602665,0,0.125152592428938,0.024382664597332255,0,0.49019537523723294,0.06268637196467639,1,0.15836388511611066,0.02921199530326801,0,0.14841832173043623,0.028727892156676253,0,0.8593500932805904,0.06447475269439767,1,0.13416895160398246,0.06694952059522953,0,0.09074367563987588,0.045762789058620225,0,0.6341445732803089,0.08197837480122205,1,0.09420251761228977,0.02608946072595948,0,0.15785035090245567,0.047636829534833745,0,0.40609300064580367,0.06282237293984183,1,0.11103836685734284,0.029345155095524725,0,0.06556613937065711,0.023877549363940497,0,0.6875260987869026,0.09095601924253253,1,0.10172138530164303,0.03406069509800654,0,0.09572725665153384,0.026729981820762208,0,0.4692020424571807,0.05767824312566781,1,0.11006672359750706,0.036667051400709055,0,0.09035620601012989,0.05740765869591989,0,1.3935898860571556,0.03499042187639756,1,0.13892797931160167,0.037395655563940866,0,0.07537755033668934,0.022316754208076824,0,0.3056912296872468,0.06244946738449254,1,0.08956839037436687,0.02565878322399555,0,0.11532575734377484,0.009690836090508834,0,0.7767086946726304,0.115057718951515,1,0.0924787892701815,0.027103259678909513,0,0.10951789429630301,0.05227238153429053,0,1.085846629719504,0.09866750553461293,1,0.12943147801510904,0.024861547778997177,0,0.12749567593366334,0.029704804406818556,0,0.4007116871270345,0.06998190168598807,1,0.1251292415224044,0.02378206331186838,0,0.16126095711592336,0.010625168523639884,0,0.39370690490961646,0.07483468654125924,1,0.07039647157078943,0.035891226870108386,0,0.1375226113791786,0.027672402702310583,0,0.8529341956136213,0.12874357219657726,1,0.1186234175600747,0.037329539252964526,0,0.1360445103137034,0.047187387950029296,0,0.7567636457198785,0.1652333141976375,1,0.1482697591559619,0.05153937127994342,0,0.15309574693060182,0.02704486533881529,0,0.7477065237588583,0.08087825435177602,1,0.11570811558238778,0.026294064099852323,0,0.13224465336435912,0.0304901043599732,0,0.6538741176081673,0.064060168335052,1,0.14282939521559013,0.048020802891894275,0,0.1579758642574537,0.04502200506886096,0,0.6217158021021059,0.07551715468729017,1,0.09856262631632773,0.01300849519773553,0,0.11689731277066126,0.03599160754649787,0,0.4581278022538249,0.02775636775501252,1,0.12575531293847642,0.02978982771650914,0,0.10104708529078694,0.022954623105282304,0,0.6805280836630122,0.0465193556475387,1,0.1380695000829523,0.0450880004244847,0,0.08654321503546562,0.03038845702915861,0,0.43978875423005154,0.0928427133046835,1,0.10690582956108796,0.03500632866787971,0,0.0947706296773625,0.03086399216354231,0,0.44453311981771415,0.04004349562705956,1,0.09171060828360829,0.026512763484823225,0,0.0611180165763072,0.0294591973942527,0,0.597478282178294,0.07330389641337492,1,0.12169194633698954,0.008072254164078195,0,0.051983373015784665,0.0194800142587316,0,0.769406925688694,0.11087896329706624,1,0.1011166166601853,0.03223705002424639,0,0.1417207816318975,0.045851330937929285,0,0.6851018460690553,0.06074150664631446,1,0.08653258728812312,0.020973182448299356,0,0.15002463500927576,0.028815759343747385,0,0.5042841225249578,0.08180080539290681,1,0.07741212550957544,0.011935320043570754,0,0.08258529869666496,0.014644934199575266,0,0.3636427549411961,0.029275893828872624,1,0.04455704940323456,0.02187028958139169,0,-0.00027556847921656055,0.019091293844835187,0
143,5000,0.6,gb,0.7277207460729109,0.004629893615965116,0.0,0.0,0,1.0911287141698693,0.0622620126893198,1,0.0004538959002376473,0.0009077918004752946,0,0.011604116482593869,0.013807004004394136,0,1.3910621011354662,0.12995706094464693,1,0.005586769407069618,0.00863084178244345,0,0.0013291704447916997,0.004562244043630544,0,1.2535628340940619,0.07529559093752797,1,0.0006677903147656466,0.0013355806295312933,0,0.01865838313446445,0.020896747055500438,0,1.2163465608395179,0.07225956385787846,1,0.018302099585881616,0.01716428798537373,0,0.023224242648878696,0.012339403373013846,0,1.1174483818045506,0.13132047636171693,1,0.022649220571455957,0.014765354864509186,0,0.0038406584532987933,0.009802623911190536,0,1.307530753079353,0.08986864879520788,1,0.0029475612507877994,0.003770701111639259,0,0.003423636574538271,0.004115787037422994,0,1.1262010329892946,0.059653885779403906,1,0.02012485243487091,0.01730327983331189,0,0.012992337100119619,0.025984674200239238,0,1.3178127544684812,0.055161395430871826,1,0.010920096124482952,0.012231554044828603,0,0.02821740184352401,0.018325380130778748,0,1.384501963974371,0.14448186135785732,1,0.015798406414032705,0.013872293909681883,0,0.0037585805862110537,0.0075171611724221075,0,1.2740612261088706,0.1022035055786474,1,0.012373276514989718,0.015833678690323878,0,0.007854686342899413,0.006086132977726316,0,1.2571351973716551,0.15311970870814248,1,0.006037624795691535,0.007724568785660054,0,0.002414299109554143,0.00495361424251474,0,1.368716478134262,0.0951243043283643,1,0.0072237286962537435,0.007607807234944123,0,0.0008177764029221278,0.005762844167737453,0,1.2863735027585368,0.08016078677436482,1,-0.00040465400007890645,0.015960158932404322,0,0.0,0.0,0,1.867516495322692,0.04101392380451619,1,0.034082636942600344,0.02581934184067331,0,0.011897477341487162,0.01052149130839334,0,0.915649261979841,0.06422299891725823,1,0.031695197910435347,0.02673899703433929,0,0.03262109184242964,0.05086338854271765,0,1.3354618875329793,0.07840814511968981,1,0.010788447492668952,0.0060995603508627524,0,0.0193703953406625,0.007895427441044968,0,1.6841011303204045,0.1025519806128413,1,0.03450372426225412,0.03272886393748293,0,0.021467529070796954,0.0305307257834234,0,1.0207125736932938,0.19659242810478939,1,0.021181150827126606,0.0176967494785392,0,0.08170850900238968,0.06526174433656626,0,0.9588435746830118,0.11549887374295793,1,0.002726777503519919,0.004516056752297536,0,0.019497088681009907,0.016336085345843885,0,1.3929087962896378,0.1203033969578983,1,0.01875412121371643,0.011291435885947415,0,0.011839449621054867,0.014501355775981505,0,1.5438555072542848,0.08911699061305779,1,0.06960486144080744,0.044336714925823806,0,0.03517885289187171,0.02702535771229332,0,1.4834197330081373,0.04101310175777381,1,0.00653448273881066,0.015313255683435176,0,0.010746858388545468,0.011229534395455472,0,1.2369815171997893,0.07259262909851498,1,0.03833824630212046,0.020895669873446054,0,0.05149376168425225,0.026600935059524,0,1.189560636854179,0.18923710002696328,1,-0.00029209896130516456,0.0008116287600161651,0,0.002453873448044682,0.004907746896089364,0,1.3462698133626199,0.16969096987556903,1,0.0494919583818718,0.035666021664296776,0,0.00109178692898265,0.0021835738579653,0,1.2366938607500146,0.08427920282453343,1,0.0423033504977383,0.033268392565290295,0,0.009882655128266166,0.0114188650301949,0,1.0317261872165666,0.10179695722185249,1,0.021029301057320985,0.03457783110671309,0,0.00239872416309597,0.00479744832619194,0,1.2224548565525477,0.15312414153083156,1,0.007948857242127589,0.004989245831723299,0,0.0,0.0,0,1.2086950149798654,0.13462054352751063,1,0.011231116622803568,0.012103017180904629,0,-5.5890794287797964e-05,0.0016595070652770348,0,1.4791700073493048,0.0505202080042356,1,0.0037321813129524693,0.01063999155998369,0,0.041487482187637856,0.026027141596475737,0,1.409048491600483,0.11595029942723209,1,0.008467887810228576,0.011268557247948174,0,0.04079891380375811,0.008297742197709549,0,1.2522937963539702,0.19367416896028583,1,0.018339226983179864,0.018759154669149347,0,0.013192992538922269,0.014087717625365122,0,1.015765379245727,0.1092578913928878,1,-0.00196195712383885,0.003923914247677701,0,0.0,0.0,0
143,5000,0.6,hgb,0.7935379986085069,0.002663351936109694,0.007821396715833118,0.008300757010620259,0,1.2504262621339868,0.0919363353611408,1,0.020131996433706372,0.016309585174518214,0,0.03920565768060415,0.012388672087317762,0,1.3323327797169928,0.0649594931047345,1,0.029264314939342995,0.032578679987241836,0,0.028543862564900213,0.016522737231660103,0,1.1929685069820706,0.11159049036786747,1,0.019669662913822307,0.014747535864559002,0,0.022425510377591985,0.012904786675957108,0,1.3513999964713388,0.0771545306125818,1,0.05589615222505856,0.024919497284818258,0,0.04656569651572833,0.01885476031471665,0,1.1636434795337398,0.1396451539624988,1,0.048080421130557896,0.027512836336927606,0,0.030611580678026877,0.009416691922208922,0,1.2940284789151195,0.17640454928158428,1,0.0036755806617782905,0.014874675889722164,0,0.026085837685403557,0.016848702713303382,0,1.0563520969838995,0.10164051257619955,1,0.08276387702419029,0.026440038248919575,0,0.030749794034868144,0.010280291820622888,0,1.2355196785827924,0.1293067429357551,1,0.058414374228689406,0.027472228914493125,0,0.052350854210468,0.018782221228269905,0,1.357339493805251,0.1781150150520091,1,0.05288995884134873,0.044959027758608106,0,0.02329725274068317,0.019999541559094454,0,1.2777107613415306,0.03613687726992981,1,0.042095664527808,0.03166187902976464,0,0.040455111506897956,0.023555892203410894,0,1.2602714919644762,0.040607715469476356,1,0.02217939214306268,0.014062133302851361,0,0.03183593707852552,0.014772152704876024,0,1.292898765840192,0.0745443278560965,1,0.03806759242518354,0.01695949775111794,0,0.028140385131633673,0.01755740884846574,0,1.2652064477186222,0.14789056793588246,1,0.018299907917875835,0.01801896467798505,0,0.017516013589437558,0.016975905027610566,0,1.7354572844465106,0.1635435716563438,1,0.04930487499104673,0.016137475895560728,0,0.046583056294259996,0.016352686001346935,0,0.9952474340717314,0.1435439861257906,1,0.05265089130269109,0.023035215967169148,0,0.040751143801822556,0.026767808803299646,0,1.2960190921622554,0.07216932784182492,1,0.03629873346246487,0.023739403905593242,0,0.03988819005929186,0.01141896420830965,0,1.6453275293724918,0.16619410845398047,1,0.0628237090511514,0.012428064073971646,0,0.0319341143910626,0.022624273990063722,0,1.1565229077032544,0.11736381367809828,1,0.04977855786571883,0.012161798016116054,0,0.07455409673064775,0.01702621364964003,0,0.9907395957903748,0.08115186042617367,1,0.02406379802329165,0.01868715940157908,0,0.042050791495637806,0.01619108288816559,0,1.3767176474510476,0.09205303816882907,1,0.056143607379913384,0.016142727574851832,0,0.05169475222287871,0.012351683288088104,0,1.4973880058550677,0.10871722300098433,1,0.08298903616022257,0.03995740139557575,0,0.06630301532631144,0.028307956504166624,0,1.3922080583336198,0.1378022057774239,1,0.038091763960402335,0.005893918972320339,0,0.045069250899506905,0.02168057550348041,0,1.3446508391667884,0.10174153941992886,1,0.04911410488743877,0.019949775920879365,0,0.07841888576245055,0.023202842880527957,0,1.285271323356681,0.09795679370179622,1,0.02529971563017841,0.018391322062612722,0,0.03827870942490238,0.02808055191345834,0,1.3423102762639643,0.16695456053114932,1,0.06911961537484049,0.01675305811797579,0,0.025957990891881017,0.026774627148455663,0,1.1894453908093985,0.05359939099926646,1,0.08117670781548422,0.02163229255081947,0,0.03698242459120289,0.028578041488266336,0,1.1928078406743754,0.11858893178978956,1,0.028000342847067143,0.010788239223999997,0,0.02087418914350264,0.014935674663361598,0,1.3292774903297135,0.24709696654232813,1,0.019415732115767,0.020770099050063804,0,0.0012258609379198833,0.006732468887833733,0,1.3472665834858781,0.1819986584360968,1,0.030037840587216875,0.00770113300670648,0,0.007289666221974883,0.010928691959575439,0,1.5380511848341747,0.07593378180730878,1,0.017978901591021654,0.005283883683371061,0,0.05654865889736056,0.023771693502479666,0,1.3771375314433425,0.11289315441548622,1,0.019633218304556783,0.01655933296105137,0,0.06889790576465706,0.03675643224177861,0,1.2335238442197172,0.13203279191086043,1,0.0355696092148786,0.01759189703498205,0,0.03133384492174597,0.01378006510012867,0,1.1734157041086006,0.09611550636246328,1,0.014672131563683216,0.006239570600227884,0,-0.0004960042887279456,0.0015410670154538256,0
143,5000,0.6,ab,0.5579849683805848,0.019417874398089358,0.0032065139801333515,0.006413027960266703,0,0.30199884561313206,0.22331827021037512,1,0.058979001899627646,0.1003787921433693,0,0.07613842165598125,0.07894046375558876,0,1.195773513489194,0.22003176426336082,1,-0.004829333276823405,0.005638643777826955,0,0.03675882769273632,0.05076862270266966,0,1.0139238086705642,0.13258927192644895,1,-0.011353396487522417,0.01820017032660882,0,0.044212020684864385,0.07597261055756546,0,1.0208894313447057,0.25487423743610776,1,0.046325914132657506,0.0291873598809369,0,0.01155605332985819,0.08140052354243206,0,0.8463159647350131,0.38680548018616645,1,-0.0023726382256907923,0.004402925120574966,0,0.013591218348036704,0.017816259845585602,0,0.7943459861985278,0.27910747745504844,1,0.0013301089937108514,0.002660217987421703,0,0.0006703517227156368,0.0013407034454312736,0,0.6040378437586034,0.2090633770746993,1,0.05830167807172454,0.034264651167880224,0,0.18950667647538194,0.178564124223958,0,0.5880407207236318,0.0778494310362195,1,0.15864995764743023,0.13654278519173077,0,0.07461699897973324,0.06562158769726668,0,1.1908657909253084,0.43585608113186985,1,0.05802610868227065,0.04888937181504199,0,0.020197990477087233,0.041114517508533406,0,0.9351713478979085,0.24977266484257427,1,0.0206372938797272,0.019490436902068274,0,0.04578128632793301,0.04292460481318699,0,0.8280240015958368,0.2232261515987104,1,0.0,0.0,0,0.0011084894991535352,0.01740888017975129,0,1.1612010712917404,0.19024362428177632,1,0.010246679665794204,0.013919250255096199,0,0.015036127540426039,0.02751479268199261,0,0.6076349293776824,0.1684238076809716,1,0.035842900731770856,0.05890677702948311,0,0.05983238890507454,0.04900000089101957,0,1.3668764597314094,0.18759463515641497,1,0.05604830866753828,0.08647379444087326,0,0.004102423580916638,0.07936075246154925,0,0.3576478241607713,0.29336590210358354,1,0.02190898074921061,0.0416156763272141,0,0.0906381124819802,0.10624242991086158,0,1.0233984952060093,0.4367346403974438,1,0.005544061604497358,0.011088123208994716,0,0.032406090920807616,0.038592963056314204,0,1.59039761031284,0.3535001961809082,1,0.03075011099899381,0.024267017980100496,0,0.01792241664499295,0.02482128915866599,0,0.5189355720870978,0.23301388075517548,1,0.14094405363299983,0.12569383631833808,0,0.08601189598281858,0.11341611848087559,0,0.8222203409081171,0.42729780762397845,1,0.0010791053207795328,0.009786450564587285,0,0.1047915580793872,0.08529545246554049,0,0.7373365474169533,0.25603763040190486,1,0.012527721028507998,0.021162229549975875,0,0.05989912806864883,0.10213559279824881,0,1.1908570811058172,0.3617451423223401,1,0.04942880014169698,0.053923840074971745,0,0.21721779075610387,0.1658542407244281,0,1.1591603918108677,0.21637606414706206,1,0.043287341317454035,0.06217047663564848,0,-9.481866035551434e-05,0.00013546748257438858,0,0.6285169438929137,0.29294542910623156,1,0.04093920561463277,0.0325073097606326,0,0.08995675137343073,0.0839968782000264,0,0.6503564373551539,0.25348399020234635,1,0.0036771235814055383,0.005247627328429758,0,0.007485030465380987,0.013371946801448724,0,0.8401593962402576,0.40796902685467207,1,0.3363228485026929,0.14759297988251696,0,-0.0011949271227439766,0.002389854245487953,0,0.6761635143642601,0.3270672821448299,1,0.22913848043253546,0.1965976965766114,0,0.050092387324604415,0.04443706085456517,0,0.4305804735083824,0.08958658309178717,1,0.005057744872151815,0.019913148814464546,0,-0.004987229891967956,0.009974459783935912,0,0.8899948887832947,0.3054989177686894,1,0.04181650155632706,0.06308129182134771,0,0.026498464397100817,0.052996928794201634,0,0.9436694912893582,0.145037482837058,1,0.08865707289333218,0.18361427888979862,0,0.027043007692006498,0.05398873006175904,0,0.8623400854129717,0.3608650988753795,1,0.05891639882101908,0.0631516246031575,0,0.0672273653226362,0.0772683036406261,0,1.3083392158047082,0.21182840330031336,1,0.019530382540948864,0.031291165721358226,0,0.07549693957478956,0.10833087401672188,0,0.8377443760239439,0.19178537939973272,1,0.012184258887082109,0.01512723081742863,0,0.0055437666141621945,0.011087533228324389,0,0.5296784275329566,0.24685461428663977,1,0.0,0.0,0,0.0,0.0,0
143,5000,0.6,bag,0.4713887658175193,0.007784278585141565,0.047641010183500754,0.059487855428622095,0,0.436947753819771,0.11147259293211949,1,0.029100998551816443,0.059353898512679526,0,0.10850255516771364,0.10255264947469418,0,0.6961394429696178,0.39586468072432085,1,0.08868255755388245,0.09426478629833435,0,0.09686033978389293,0.07789416113493629,0,0.49495685142179047,0.1919487478526838,1,0.04946213195945912,0.0184177235310857,0,0.13258152176352017,0.10025902977861757,0,0.5644100173205542,0.1809272893320706,1,0.014349422880739954,0.10449381385320952,0,0.06134846218833785,0.038125013788599324,0,0.4253297405195623,0.05708376920375282,1,0.12270526514455768,0.044540977141034964,0,0.10715183861433537,0.05544947556922944,0,0.5766123971805931,0.2605347933570218,1,0.11643662933140173,0.057055716345251944,0,0.14597982221905628,0.01862352351572128,0,0.3617471671134417,0.15030266137952458,1,0.11405785219766162,0.07111698529905548,0,0.029759682471363236,0.0903403395954045,0,0.5391376583554134,0.3451505618195945,1,0.13862589343482132,0.12507147235384858,0,0.11099913454791274,0.12202257536232462,0,1.195258981815065,0.6368449302840027,1,0.17619197159830474,0.0954144166247926,0,0.11248149850290982,0.10372531029256134,0,0.47321107194414047,0.1217510258637953,1,0.09985905301360698,0.062172147817576726,0,0.11595042710096375,0.05670249898606808,0,0.32676473788955784,0.08288155371188202,1,0.0392539451763862,0.08136815933875015,0,0.02273839183463475,0.07376082849761906,0,0.8349808754972582,0.21909850536538938,1,0.08561135462443904,0.09963025186735738,0,0.06797026920645313,0.02401331004636288,0,0.600376336450646,0.2613236522975307,1,0.048534943120450307,0.11435074464278841,0,0.11758999629649511,0.15709807189213215,0,1.6496806890467155,0.6199434632374023,1,0.12386739924351689,0.08455665321785312,0,0.13548048494400886,0.06741010648690204,0,0.3760835627323813,0.13630985765876064,1,0.20741026770074086,0.14067646969144706,0,0.16219480246614915,0.06560581121255975,0,0.6179579829457567,0.18446817711956898,1,0.13113666373773555,0.14503923679955272,0,0.10141937262114516,0.11138128993297748,0,1.4300762777818368,0.31918473659523483,1,0.14268324812762195,0.12007021905375748,0,0.06728862765401848,0.10609525461675695,0,0.39594182702126385,0.1500488526514978,1,0.09005672036897802,0.05847790365503612,0,0.16743717784191997,0.11078712739831287,0,0.3556833435426076,0.13303908113113896,1,0.01669463097918374,0.07028573345298732,0,0.11528339287826098,0.1065569057569981,0,0.7948866055265685,0.14511815323796026,1,0.06220799764477166,0.08753863716906864,0,0.15845539431923603,0.08347895373763534,0,0.8398090165361459,0.2853491134126968,1,0.17031545522026442,0.1369080365446516,0,0.04662886277133317,0.10313944827687002,0,0.8443988628654143,0.22228451003163333,1,0.05694566340839535,0.07796874160834859,0,0.18583094470137518,0.09352502935138478,0,0.6391404882963084,0.1538188333388835,1,0.15980951554733,0.0981962629488718,0,0.16118816676447248,0.07830402168519346,0,0.780786882118446,0.2580126053647562,1,0.10264073548100747,0.06488487057055481,0,0.0897627565022912,0.06785717139852127,0,0.5280748384873871,0.08549139500478352,1,0.14762250014236025,0.07435511027463713,0,0.07513439926015364,0.02850180298161229,0,0.5611520118350121,0.11415214184522803,1,0.12334775678375483,0.07073919816350291,0,0.14192731291918037,0.039508091839896196,0,0.43819722170701353,0.28899551399839724,1,0.13727746776975983,0.04885649663469096,0,0.05233767682803907,0.08827524658681069,0,0.4445642198724472,0.18754343372108423,1,0.11174966665600974,0.10784353578864339,0,0.07006071105663299,0.050850593295570574,0,0.7801188256396249,0.2357536059336643,1,0.05078837924691308,0.08165178362324094,0,0.12508854178370643,0.11669385213531039,0,0.8985451298888361,0.2672088678706068,1,0.08324096883644427,0.04615307734876405,0,0.11819031110830491,0.04738603027176924,0,0.691069410312721,0.3623490857326939,1,0.03388146863803138,0.06673488500248308,0,0.11352297845453765,0.07197520011762237,0,0.6855082949941085,0.22813900049609562,1,0.04690032801731152,0.1145814527936587,0,0.04567935648476797,0.11475211835533355,0,0.37960305569489117,0.0473669333400601,1,0.10110453717266973,0.05841071157565491,0,0.017954252087558787,0.032259103473163374,0
143,5000,0.6,mlp,0.9584070093586622,0.0017229413834032115,0.0003042129262487717,0.017475050533788238,0,2.102108574598765,0.08307975018765762,1,0.005003490693115826,0.012567685925646251,0,0.025176210207168325,0.025933756844398338,0,2.222100365610611,0.29085120160985595,1,0.023906040092368738,0.009620792718588284,0,0.0030682137255558964,0.008626540150611414,0,1.9577870229281324,0.11476445524510802,1,0.027007614826859115,0.024411105301398645,0,0.02690730431156189,0.01128157254004762,0,1.750407561744593,0.11301894023526388,1,0.011895579803508301,0.02213094181436589,0,0.0073692711675435564,0.014435231839717394,0,1.979503551466659,0.14466500965381898,1,0.01012991132589019,0.021278550803122267,0,0.011832050111532686,0.022912990808674965,0,1.915138532564626,0.07006016923222341,1,0.007087541113228126,0.006673534244469702,0,0.009527432805852564,0.02646203787046965,0,1.8634195057911325,0.2214012964575654,1,0.011262572936849869,0.014492485558756029,0,0.015249917609933921,0.016688877077476613,0,1.9508164791414864,0.12164451879568698,1,0.01598453216053402,0.004570625410446604,0,0.014399213290497748,0.007616955927319362,0,1.777887928206851,0.10242347129050255,1,0.03131832206328869,0.018421222348196712,0,0.0015953215960157815,0.006573590459354574,0,2.119134138009633,0.15490636353515724,1,0.024488961144747873,0.014541004386239295,0,0.007804841918174365,0.01931422449124897,0,2.1490926116487445,0.0336424963067557,1,0.03931548487855295,0.015559238621477315,0,0.02052756844543145,0.016886148544029377,0,2.0532642899450906,0.19140277070236952,1,0.01708067384691537,0.011049125666106543,0,0.03880703387779224,0.013920968972424577,0,1.9425986912788396,0.1082261351577869,1,0.002347007481281132,0.015132334018073358,0,-6.286568009649385e-05,0.02139697084530899,0,2.0244757136041445,0.10209664074960513,1,0.0351767171282742,0.026244565143969518,0,0.0171206396176378,0.019067300561580295,0,1.9039887143433378,0.08986898542435356,1,0.011043011210912855,0.014840356631742121,0,0.016715372637353357,0.00949628379254677,0,1.9791931577461885,0.10693508860120608,1,0.012188130384410429,0.0299518340706422,0,0.0007647471119707079,0.02207867263406121,0,1.9181289767498573,0.11933044618658274,1,0.016155755934959055,0.008346943965076755,0,0.03264232604845076,0.010930219205433122,0,2.169316189399974,0.1315392081400548,1,0.004676475232776972,0.018441421172857218,0,0.00016115554034025343,0.007389824924843553,0,2.0511525392944607,0.17800480172364194,1,0.022549458767482926,0.018589299002965874,0,0.005475678870110764,0.010669103666979757,0,1.9872581659694888,0.08297928862239987,1,0.03133338063816883,0.019158137180938214,0,0.024386681722950394,0.01902288152090532,0,2.014142735875013,0.11228590140557035,1,0.007952443774494219,0.01622182157982382,0,0.028712303781962056,0.010331373502743504,0,2.2545020844033226,0.1531979317322813,1,0.018456464461445676,0.022932986307664625,0,0.0233098430987479,0.012769076373699187,0,2.0018915160535515,0.04716804102602385,1,0.019135047045150122,0.008243156225349798,0,0.011094328700932946,0.009468251722798622,0,1.9795382014527376,0.17947893212270172,1,0.016642625883096514,0.02192211114797836,0,0.019076450170030863,0.010196759895914115,0,2.1022821649556196,0.09667394186966151,1,0.0005933677923308824,0.022835150643835234,0,0.013640021707202396,0.020814454799607415,0,2.070012140147606,0.03849667184922954,1,0.008117327539480346,0.015485714421088839,0,0.01697577397406432,0.01869767872829641,0,1.8921505551097433,0.1246346657827343,1,-0.0019365597303017067,0.01665644225990861,0,0.020585646361738097,0.014744466485139923,0,2.093137465624794,0.12254666092254393,1,0.01710311311503228,0.01712133262169393,0,0.015083931980767951,0.019065227412219343,0,1.7970241411057395,0.15432668466027277,1,0.014840877387720766,0.026777230596041098,0,0.016871176010023713,0.029113809232259535,0,1.9601202040177774,0.13600607449220278,1,0.0058387852424335845,0.01136807277421182,0,0.006787697416273863,0.018416920147448116,0,1.942658709533005,0.13711406081414812,1,0.023384376554535676,0.00839005284335427,0,0.003957252637045466,0.01232583346402709,0,1.809785630420658,0.07422159662158016,1,0.0074304726797785,0.010775296954790212,0,0.01916164328256598,0.009081590305895011,0,2.1563823228905017,0.12359023407991603,1,0.010668689660804451,0.0074504025312762635,0,0.013356193830423774,0.005057735433706583,0
143,5000,0.6,svr,0.9194204412890761,0.0031964075494569357,0.023488956577839067,0.017414333108770764,0,1.3408321456613774,0.10621319052168553,1,0.04956218487780773,0.01045438758537992,0,0.021629869030850495,0.00911058811494556,0,1.299032621171318,0.11225520032991801,1,0.012609743061989299,0.017763707769908356,0,0.023330591909346242,0.014124789503779923,0,1.3225801696586914,0.052644292124302376,1,0.010316438932122243,0.008632103993338894,0,0.027810222048833218,0.006271401208637374,0,1.1725463097440685,0.04192289668319743,1,0.0356440962224566,0.018371530193815135,0,0.01640997953333681,0.013827228782415412,0,1.225840550054942,0.12509822977964855,1,0.05520386684759744,0.01659355690779115,0,0.011862763511521634,0.016388149831753247,0,1.2829634742583316,0.06760112399021789,1,0.018520852991754672,0.01481765455594792,0,0.02087128075966947,0.015805245669688266,0,1.1256454628934396,0.10037743116482882,1,0.05691998561328573,0.006429734703215944,0,0.019354747606719843,0.020098528812176542,0,1.321288151946388,0.059421303545993044,1,0.03560207438229075,0.02782756610069967,0,0.034939192828003514,0.006545944841396579,0,1.139485656511016,0.06740666869875497,1,0.055341568470965316,0.014708553139647406,0,0.01832665967055013,0.012774940720111854,0,1.4105316868080693,0.10879614912506694,1,0.016228429244934842,0.013917165173535681,0,0.05224774891409363,0.010509859050465276,0,1.2984464747212963,0.09065236956335485,1,0.021452287826738477,0.014930803331366871,0,0.016582660963569733,0.0320953284583979,0,1.391744967205152,0.07355608452152894,1,0.028202195921516248,0.021814189392476094,0,0.038390040501750995,0.020642713574213295,0,1.448913579465099,0.1224400884969864,1,0.019183002583544804,0.016177761054010975,0,0.041229689924533894,0.015400798999661609,0,1.1956751291895726,0.06858862635981923,1,0.0335559711316747,0.010990401453008806,0,0.018091233006966693,0.01038794882368787,0,1.2461154420678837,0.0755515326115581,1,0.016366365697347646,0.014723942800235871,0,0.038136329398506044,0.013830834398186682,0,1.2409621524205707,0.06489634453013415,1,0.0345731631662852,0.007449715737612942,0,0.04037583367271225,0.008877106776166543,0,1.2721148782614076,0.08844946187568738,1,0.04509580710177604,0.010761977121604479,0,0.00012306886355734244,0.011445401873104505,0,1.3637808690241022,0.08380141749571307,1,0.04325335952995983,0.008831874949447432,0,0.016295744831187148,0.012032518789775288,0,1.1764414050877494,0.10101656385704921,1,0.023971305510577887,0.02108108299713368,0,0.039436394174749506,0.014273227612869763,0,1.1819066396745115,0.04968755405761509,1,0.03287509810190024,0.007815016579202801,0,0.05744465736433545,0.027883716701847323,0,1.3361840633640276,0.07259716099104731,1,0.0328228871890437,0.018287250297058393,0,0.031029845070574064,0.011768819910170529,0,1.2875753218077821,0.16557787806789098,1,0.036118570213264596,0.017447807870567242,0,0.025852563980657512,0.011349701913811816,0,1.2943264756053106,0.06947938136227039,1,0.008087007792521405,0.010551129325597179,0,0.02229565014906514,0.012022385054664695,0,1.35474996787967,0.09913019345814904,1,0.024389164014927318,0.020017923759646804,0,0.029377442750305523,0.01270376726560566,0,1.2540682503891525,0.0731329417139948,1,0.025460260599241398,0.006886748331547718,0,0.019335881421503838,0.016683792600433296,0,1.380862509206192,0.0560775499367568,1,0.03072268500261436,0.008966858302996948,0,0.04031272703339141,0.023183855068435268,0,1.3057716222929288,0.07268430036264231,1,0.014687622799741498,0.006623252089258981,0,2.701278933801288e-05,0.013361408406815602,0,1.2984848341064783,0.08529263749163261,1,0.03033374607611658,0.01839166280405355,0,0.036904200211649044,0.019147838298652475,0,1.2320635623213132,0.11373250087985402,1,0.04042040296238081,0.006496245169167936,0,0.0461882971719781,0.015996878604883254,0,1.3539468947601714,0.10256473120981527,1,0.027520990644334793,0.01665639994824408,0,0.030184868999976328,0.010427563614131911,0,1.3695067446988727,0.042028961122342834,1,0.020943009279115445,0.010947123089135247,0,0.06894750079349359,0.017342900169822213,0,1.2743756702517917,0.09117010615045919,1,0.016041218915848133,0.02529465607284016,0,0.015527114133402317,0.02613505528649517,0,1.3943433364769253,0.16711318755118268,1,0.0029148672200652154,0.029984771490391568,0,0.007681271499651638,0.014913528549895359,0
143,5000,0.6,knn,0.6024630718032284,0.013865946443953739,0.1447808167424407,0.1700590899331291,0,0.4968102687252157,0.21477889166181527,1,0.2853182324371642,0.09966803506095427,0,0.35127638532289096,0.08381778307498189,0,0.6421994003081596,0.127256548045241,1,0.21062658209471166,0.19499312432309002,0,0.2731864048214494,0.16263888745093508,0,0.4810897542412131,0.10148700392495674,1,0.17253109353951374,0.1591339827315695,0,0.3009038564114198,0.17470109682858856,0,0.47780921004237153,0.27279161179829514,1,0.3039023562800792,0.1415567278878084,0,0.1442746403960314,0.1799504160331953,0,0.47505718519849316,0.17485364885919316,1,0.16250747009700833,0.2728805862729245,0,0.17767662291077024,0.23719657781119594,0,0.5269128165390978,0.09058060143359593,1,0.16376354461205295,0.05488268570609932,0,0.27874133659907285,0.1615290764484021,0,0.47819411327948114,0.14276189745516782,1,0.3104965651677945,0.24316365437594095,0,0.32359424595557135,0.12938505086657587,0,0.5559315453474047,0.1117276221885182,1,0.29000973290329035,0.08668442495351711,0,0.46224011941446214,0.07455430192969824,0,0.7541401279298396,0.06301363238381338,1,0.1982478811670195,0.08589751783787272,0,0.3039771836193383,0.15154313890316226,0,0.5995605961685548,0.219243644846621,1,0.27370757487156244,0.1037335700883004,0,0.35201496749455385,0.13078651870442998,0,0.6078616440963239,0.14117175112869002,1,0.2761177890017652,0.15659445298182498,0,0.2760418801276724,0.15110930583423188,0,0.7916387122961228,0.16991115390085407,1,0.3654983763746751,0.11949362933607305,0,0.2351578198591236,0.1427938646397086,0,0.586927107618924,0.23865504287261563,1,0.3517362886637586,0.09283313653201157,0,0.31147828669498273,0.22937582070687912,0,0.6542794931832636,0.19818131401586297,1,0.34911845539022124,0.1864532186017079,0,0.22878010232838464,0.13237635082029325,0,0.4881840118419566,0.1705709473862073,1,0.18600105359889293,0.20945496624074691,0,0.28707916827912355,0.07773330797253952,0,0.7778200519582883,0.09084682958420463,1,0.33807898725758445,0.14339773550077267,0,0.2705436223494127,0.16019075134376412,0,0.70519440228621,0.2041486865734373,1,0.22173019124473012,0.1013544822456669,0,0.12272003322328492,0.07378807982319266,0,0.4389805644440183,0.1749277239781325,1,0.260259044665536,0.18700605874636878,0,0.3497151449651036,0.21248769235105952,0,0.6038412242958078,0.1885842360558522,1,0.20639224542307172,0.10689908461237521,0,0.26346789093943135,0.16840153772750885,0,0.45792092063601686,0.09262941557638249,1,0.36177824196743336,0.17076194605418268,0,0.4215156129779157,0.0967489961966763,0,0.7754548488922234,0.08944386075985747,1,0.2926855476600515,0.14272547988356812,0,0.34799244013021446,0.08866924192491724,0,0.6553360887563786,0.11825732354842823,1,0.18922418274728012,0.253518154713001,0,0.3487491433817302,0.10658426654787669,0,0.5544905179678622,0.2867894284650854,1,0.35186062404604257,0.18160058600443554,0,0.2356899222940688,0.24063383926873488,0,0.6861447752123518,0.16491953205633442,1,0.21440506095850523,0.17533264937536494,0,0.3680201826432031,0.13095953969525845,0,0.4302289336988082,0.26267442017238646,1,0.1890665818086805,0.15090144642953332,0,0.24666758008512665,0.24777790700097851,0,0.6002900083386005,0.14517980182597506,1,0.22377392723956363,0.1094370200237743,0,0.3669362726802715,0.19376755047265984,0,0.6037432409563035,0.18297295987022005,1,0.18836813044311454,0.0980845913950304,0,0.16926220716522053,0.19407931933695496,0,0.5106067802059479,0.2138890370247651,1,0.2147734376150158,0.06987309219131223,0,0.07240064163124157,0.07547940000324586,0,0.4732374716627893,0.17863922855221054,1,0.22335957717292776,0.10133470366902414,0,0.25231403015894804,0.12153231920288748,0,0.48013080292010707,0.17151469490017862,1,0.19397322485144056,0.19417669644442706,0,0.26173132416122197,0.21584000256059396,0,0.47791207779602213,0.1468484880083585,1,0.20868552451346245,0.1444368159568508,0,0.16497717527368386,0.05959243282743449,0,0.4931583955155034,0.10985845969552692,1,0.06350349892921509,0.16143294278762982,0,0.18828598037918073,0.11169484863225972,0,0.5875753253387932,0.1544134829066655,1,0.15101161572867253,0.16694041823564124,0,0.08710534194333475,0.15298833023040628,0
143,5000,0.6,SuperLearner,0.9801258018242492,0.0015638750899783717,1.3127938262849083e-05,0.0005979112764700952,0,2.0063239004500693,0.10289138638309547,1,0.0004785422309792153,0.0006653068308903181,0,0.0014204369535529885,0.0019660956369460963,0,2.1316619026218246,0.18084741742133809,1,-0.0006401235015887341,0.0007189505513218522,0,-0.0009133274414060855,0.0011706305970458533,0,2.051936713375319,0.07635781075066878,1,0.0005773923175674347,0.0006800693420527051,0,9.47907309576208e-05,0.0007164255976608874,0,1.8494580541537105,0.11212903772852087,1,0.00021746083022662388,0.0008990523525134158,0,0.002734023918319238,0.0010272510746823058,0,2.003725385308925,0.08768476473908607,1,-6.804297610922737e-05,0.0008331250063852056,0,-3.1115947239688274e-05,0.000691606710246761,0,1.9827412733443475,0.09676109238131425,1,0.0009374723901054156,0.0010198092820230794,0,1.7619893859557757e-05,0.0007369913602146968,0,1.8649465576744853,0.1436392087406788,1,3.932305192936095e-06,0.0014418225581856248,0,-4.8146029791226814e-05,0.001017333657629972,0,1.991582943527136,0.13809428561477213,1,0.0008023431432671932,0.0015750895421506861,0,0.002355909410702443,0.0030940007264849455,0,1.7708658284544394,0.06296902136795002,1,0.0016132210120877919,0.0009287433895970743,0,0.000693813219822565,0.0008920910762825245,0,2.1199475821378946,0.06746633215577845,1,-0.00018262344629802827,0.0005447812073446932,0,0.0010298365166189925,0.00121334660987743,0,2.073886106585644,0.06469004217354045,1,0.0019841362050265422,0.0016856298048559051,0,0.0011822422558381658,0.001779043954005012,0,1.9776141447311708,0.06233666747164081,1,0.0006135128732054546,0.0006311037956719212,0,0.0005057598636325946,0.0002168315370726314,0,2.064244638888814,0.05142052755934291,1,0.0005359596142918237,0.0011890064532609002,0,0.0006054656710322477,0.0008450249870172539,0,1.9607859747826446,0.03898133823586764,1,0.0007963482385342374,0.0008219490269919938,0,0.001444804758850761,0.0010476703468840288,0,1.9390238844384968,0.11341414093003216,1,-0.0013532695339308937,0.0016595304261803668,0,-0.0003578988667160336,0.0007491833747453788,0,2.050166509495162,0.13889442856650724,1,0.0002608678833699716,0.000597834472547014,0,1.6052510967758497e-05,0.0007823426752063138,0,1.9597490596097544,0.10136478425993435,1,0.0005386808135128223,0.0011370783225864503,0,0.0019759462932704545,0.0016921722479401775,0,2.170054851066345,0.1164681926794369,1,-0.0008693411361087346,0.00030424771489134935,0,0.004106139043137057,0.003309116155917628,0,2.0668428080695,0.15782052298522722,1,0.0020565167422446607,0.0028721835744814866,0,0.0003322161970032274,0.0011995305074145614,0,1.973881099835826,0.07632624012537971,1,-4.583358174457741e-05,0.0015489407472899955,0,5.533348017747032e-05,0.00047335955063854384,0,2.0210585312146288,0.03581367943886786,1,1.556777937269738e-05,0.00021684393976904553,0,0.0007393422066055973,0.0005469415205021245,0,2.1124317050326833,0.1106865556658044,1,0.0007068206247616028,0.0008889997245439642,0,0.0009577630265761198,0.0008416965987435723,0,2.05507509990465,0.043408560206165306,1,0.0027555983117765834,0.0025507638051817326,0,0.0006277954580221805,0.0010178883268218174,0,2.177133946955656,0.07783580721183879,1,1.5117546510065236e-05,0.0009967337018705247,0,0.0013594848965489672,0.0004375304906867134,0,2.0631564060989183,0.07533482143317938,1,0.00046611040435424615,0.0007666219155021072,0,-9.985745883366983e-05,0.0011756523798541131,0,2.019900174773725,0.036245538792631204,1,0.0005472288389061783,0.0008407222076434107,0,-0.00019350510192435796,0.0008023394779223932,0,2.000930398542065,0.10802966263583542,1,0.0009575447292254821,0.0021856719609278505,0,0.00037920821894815937,0.0020380844196323696,0,1.963479685965169,0.07478541109342449,1,-0.00048598067760231704,0.0020443720832572306,0,0.0005999861546082128,0.0007498941423846206,0,1.9572568540389326,0.14745336197177963,1,0.00020790187376251227,0.0010632641696846261,0,0.002805958814654109,0.0012519147788461874,0,2.009047016045287,0.07242920831973586,1,0.0011015676107390328,0.0013910112536361346,0,0.0005580865106035811,0.0011305443363496767,0,2.035763719830313,0.05363535259539586,1,0.0006222021092059662,0.0004928994023555712,0,0.0035268531285951275,0.001016872806981131,0,1.923774682371403,0.04798314417779637,1,0.0012926354716267991,0.0009623929319667864,0,0.0012530899089832118,0.0013718437930848647,0,2.1773340766033855,0.12218544429242627,1,0.001486812389092177,0.00265163326240732,0,0.0005762041626085421,0.0021398082659358887,0
