seed,n_samples,cor,model,r2_mean,r2_std,imp_V0,imp_std_V0,tr_V0,imp_V1,imp_std_V1,tr_V1,imp_V2,imp_std_V2,tr_V2,imp_V3,imp_std_V3,tr_V3,imp_V4,imp_std_V4,tr_V4,imp_V5,imp_std_V5,tr_V5,imp_V6,imp_std_V6,tr_V6,imp_V7,imp_std_V7,tr_V7,imp_V8,imp_std_V8,tr_V8,imp_V9,imp_std_V9,tr_V9,imp_V10,imp_std_V10,tr_V10,imp_V11,imp_std_V11,tr_V11,imp_V12,imp_std_V12,tr_V12,imp_V13,imp_std_V13,tr_V13,imp_V14,imp_std_V14,tr_V14,imp_V15,imp_std_V15,tr_V15,imp_V16,imp_std_V16,tr_V16,imp_V17,imp_std_V17,tr_V17,imp_V18,imp_std_V18,tr_V18,imp_V19,imp_std_V19,tr_V19,imp_V20,imp_std_V20,tr_V20,imp_V21,imp_std_V21,tr_V21,imp_V22,imp_std_V22,tr_V22,imp_V23,imp_std_V23,tr_V23,imp_V24,imp_std_V24,tr_V24,imp_V25,imp_std_V25,tr_V25,imp_V26,imp_std_V26,tr_V26,imp_V27,imp_std_V27,tr_V27,imp_V28,imp_std_V28,tr_V28,imp_V29,imp_std_V29,tr_V29,imp_V30,imp_std_V30,tr_V30,imp_V31,imp_std_V31,tr_V31,imp_V32,imp_std_V32,tr_V32,imp_V33,imp_std_V33,tr_V33,imp_V34,imp_std_V34,tr_V34,imp_V35,imp_std_V35,tr_V35,imp_V36,imp_std_V36,tr_V36,imp_V37,imp_std_V37,tr_V37,imp_V38,imp_std_V38,tr_V38,imp_V39,imp_std_V39,tr_V39,imp_V40,imp_std_V40,tr_V40,imp_V41,imp_std_V41,tr_V41,imp_V42,imp_std_V42,tr_V42,imp_V43,imp_std_V43,tr_V43,imp_V44,imp_std_V44,tr_V44,imp_V45,imp_std_V45,tr_V45,imp_V46,imp_std_V46,tr_V46,imp_V47,imp_std_V47,tr_V47,imp_V48,imp_std_V48,tr_V48,imp_V49,imp_std_V49,tr_V49,imp_V50,imp_std_V50,tr_V50,imp_V51,imp_std_V51,tr_V51,imp_V52,imp_std_V52,tr_V52,imp_V53,imp_std_V53,tr_V53,imp_V54,imp_std_V54,tr_V54,imp_V55,imp_std_V55,tr_V55,imp_V56,imp_std_V56,tr_V56,imp_V57,imp_std_V57,tr_V57,imp_V58,imp_std_V58,tr_V58,imp_V59,imp_std_V59,tr_V59,imp_V60,imp_std_V60,tr_V60,imp_V61,imp_std_V61,tr_V61,imp_V62,imp_std_V62,tr_V62,imp_V63,imp_std_V63,tr_V63,imp_V64,imp_std_V64,tr_V64,imp_V65,imp_std_V65,tr_V65,imp_V66,imp_std_V66,tr_V66,imp_V67,imp_std_V67,tr_V67,imp_V68,imp_std_V68,tr_V68,imp_V69,imp_std_V69,tr_V69,imp_V70,imp_std_V70,tr_V70,imp_V71,imp_std_V71,tr_V71,imp_V72,imp_std_V72,tr_V72,imp_V73,imp_std_V73,tr_V73,imp_V74,imp_std_V74,tr_V74,imp_V75,imp_std_V75,tr_V75,imp_V76,imp_std_V76,tr_V76,imp_V77,imp_std_V77,tr_V77,imp_V78,imp_std_V78,tr_V78,imp_V79,imp_std_V79,tr_V79,imp_V80,imp_std_V80,tr_V80,imp_V81,imp_std_V81,tr_V81,imp_V82,imp_std_V82,tr_V82,imp_V83,imp_std_V83,tr_V83,imp_V84,imp_std_V84,tr_V84,imp_V85,imp_std_V85,tr_V85,imp_V86,imp_std_V86,tr_V86,imp_V87,imp_std_V87,tr_V87,imp_V88,imp_std_V88,tr_V88,imp_V89,imp_std_V89,tr_V89,imp_V90,imp_std_V90,tr_V90,imp_V91,imp_std_V91,tr_V91,imp_V92,imp_std_V92,tr_V92,imp_V93,imp_std_V93,tr_V93,imp_V94,imp_std_V94,tr_V94,imp_V95,imp_std_V95,tr_V95,imp_V96,imp_std_V96,tr_V96,imp_V97,imp_std_V97,tr_V97,imp_V98,imp_std_V98,tr_V98,imp_V99,imp_std_V99,tr_V99
138,100,0.3,lr,0.6640205466798899,0.0942604440729708,0.11222942528664437,0.4509913762138884,0,1.241802228000125,0.6325451795537661,1,0.42099475935569297,0.45520760777508845,0,0.0835890581820052,0.3882509058273337,0,1.9156734673456683,1.2834632199865974,1,-0.04721924858899886,0.21184328850801273,0,0.280702611726389,0.3380595936037474,0,1.189816312593172,0.4328542057955945,1,0.3072330530515017,0.4010957822309472,0,0.08164190838716434,0.1229001461793994,0,0.46772617692076857,0.8876512740378468,1,0.03478446180578709,0.22877478140057628,0,0.006204987367829107,0.6729871218269698,0,1.983385257422502,1.6547722386502375,1,0.00945375441824411,0.06263205470944856,0,0.6996437700939491,1.1445487388840574,0,0.16300847405383467,0.44430441110154756,1,-0.06906285683205239,0.17744754883035938,0,0.025630448815097812,0.16234946278495394,0,1.8890491009800319,2.175144096210846,1,-0.1913918646334486,0.328297949391993,0,-0.11934637534241563,0.2836694847492371,0,1.948421557243842,1.1701826848564223,1,0.24382891027314418,0.36027546880513345,0,0.13062323870931278,0.40147768683162266,0,0.8271910405830122,0.42398333648739567,1,0.24383508009376995,0.43556351081128314,0,-0.3869337006743595,0.5835666797242829,0,1.7367787069273153,1.5530043960167914,1,0.09088585909650317,0.195840326166056,0,0.20541714912023462,0.2856686405287821,0,3.6910430644235084,1.2360739904538365,1,-0.13617815591333765,0.3843452937422164,0,0.08088133990861372,0.08413760308955671,0,0.43231002415846753,0.6573248000022233,1,-0.12239735994570064,0.19042551614680703,0,0.12100788534052102,0.22698541626580804,0,1.389646851967782,1.5453747618371363,1,0.2934345154273987,0.3675532776689657,0,0.04917421481544262,0.3893554160957364,0,1.3049021544006205,0.60814569120782,1,0.1732324939966746,0.4091666460789089,0,0.3921071618129831,0.6792804081796954,0,1.4461251555888714,0.661781045980494,1,-0.0020202024529545393,0.11132731757393785,0,0.047438833811559396,0.16491711140916512,0,2.2829493917847614,1.9680091469011185,1,-0.2157622348341321,0.18575772050432277,0,-0.22955026647613058,0.6699934669335378,0,2.5750908317554964,1.7966386574900202,1,0.0518107806223038,0.16889051211646502,0,-0.2506107909187696,0.3676200142884991,0,0.7984536521447387,0.7723870065887295,1,0.3423588454076017,0.7959115452537955,0,0.0008404031299391157,0.39374046957793035,0,0.8032140373935525,0.4796843359403538,1,-0.19803961735173958,0.33110097870773164,0,0.18935887137823895,0.19947524132335312,0,0.25623990586142387,1.0904589673586376,1,-0.3810629326652022,0.5968799121444057,0,-0.01586246274187597,0.5992314375369067,0,0.6134815825448892,0.7771023079337245,1,1.334000833080806,0.8510364279153021,0,0.019025295414207954,0.5918284882780793,0,0.9660432147841842,1.0733554881162586,1,0.13147958455290087,0.31096584713269,0,0.00868260096453528,0.6421548358251008,0,1.741600681546147,1.0393725302303467,1,-0.051006754888006114,0.1393140075595263,0,-0.0772814710688228,0.1592311744547784,0,1.3314112963966447,1.454099282899118,1,-0.08011294523232239,0.1791164101138193,0,-0.050131271288531676,0.0771240568209853,0,0.7283509200282691,0.6382975671337127,1,0.10003712684439056,0.12589090091590371,0,0.4136292320852826,0.514612494131971,0,1.1330111390507083,1.0349788091951435,1,-0.18787830917336637,0.2911491403142733,0,-0.062288279584051046,0.1696045085869111,0,3.8187606870960566,1.6319084188265094,1,0.23734636948945226,0.4231460994512492,0,-0.4227297348352158,0.6976292504976075,0,1.7272064460853471,1.5256781216096902,1,0.10309749588272776,0.2884752834520088,0,0.4496620058060844,0.9574587346661,0,0.37590953584120557,0.5877954556048169,1,0.009446785929303947,0.2107431884291301,0,-0.04485449095798673,0.5912649879762699,0,1.0447856436637417,0.4022120307922213,1,0.03699119394008973,0.1917719649478411,0,-0.030840311964692058,0.08342781653223284,0,1.1809080834045038,0.9485867303235457,1,-0.15260617927243653,0.46933850719244335,0,0.09781032784867164,0.4418739612194909,0,2.673009059673556,1.4884958018807821,1,-0.008373067282475699,0.19875442812441757,0,-0.15896355847171412,0.5118744077584267,0,0.6489995083205939,1.2850768042634504,1,-0.18962575607986626,0.5435770091325047,0,0.14381740584573222,0.20314142517730396,0
138,100,0.3,lasso,0.19515181125239328,0.10284874489959701,0.0,0.0,0,0.0,0.0,1,0.0,0.0,0,0.0,0.0,0,1.8298429212170202,0.25320105688473776,1,0.12222145877944132,0.13635415089556505,0,0.0,0.0,0,1.1250598518157013,0.5419364438466012,1,-0.029101717803730255,0.06741911101203966,0,0.0,0.0,0,0.0,0.0,1,0.0,0.0,0,0.1780707497284288,0.33536135831956326,0,0.20739097738789605,0.6138710750000211,1,0.0,0.0,0,0.0,0.0,0,0.0,0.0,1,-0.0008593314528581857,0.0017186629057163714,0,0.0,0.0,0,3.682440909250458,2.009104848471196,1,0.0,0.0,0,0.0,0.0,0,1.3143732368855416,0.9172140583906447,1,0.0,0.0,0,0.0,0.0,0,-0.04592498639634007,0.14700431389540886,1,0.0,0.0,0,-0.1801193154928211,0.32430459531218464,0,-0.07726031982628724,0.6955780122548609,1,0.23991832650816294,0.6572790026355724,0,-0.07359329549007923,0.14718659098015846,0,1.6450365138336127,1.1861774460436734,1,0.0,0.0,0,0.0,0.0,0,0.08132002087620138,0.103147640171455,1,0.0,0.0,0,0.0,0.0,0,0.03971603371967253,0.09064230497746498,1,-0.04556081018999558,0.2507266848980038,0,0.0,0.0,0,0.0,0.0,1,0.0,0.0,0,0.0,0.0,0,0.0,0.0,1,0.0,0.0,0,0.0,0.0,0,0.35647077796730564,0.36968432295339015,1,0.0,0.0,0,0.0,0.0,0,-0.013609668382656509,0.027219336765313015,1,0.0,0.0,0,0.0,0.0,0,0.09871910731290029,0.3514581595191006,1,0.0,0.0,0,0.0,0.0,0,0.0,0.0,1,0.0,0.0,0,0.0,0.0,0,0.0,0.0,1,-0.010524486322654441,0.021048972645308882,0,0.0,0.0,0,0.009918561474663311,0.38788520512080943,1,0.0,0.0,0,0.0,0.0,0,-0.02055661939559238,0.04111323879118476,1,0.0,0.0,0,0.0,0.0,0,-0.021015868690508855,0.04203173738101771,1,0.00688599167423601,0.013771983348472018,0,0.0,0.0,0,-0.022800459470555368,0.045600918941110735,1,0.0,0.0,0,0.06734831169152097,0.11445204976379457,0,-0.006394422711909114,0.012788845423818227,1,0.0,0.0,0,0.0,0.0,0,-0.060752089140157284,0.12150417828031457,1,0.0,0.0,0,0.0,0.0,0,0.00793465675380537,0.01586931350761074,1,0.0,0.0,0,0.0,0.0,0,0.0,0.0,1,0.0,0.0,0,-0.0029708270534310657,0.005941654106862131,0,0.0,0.0,1,-0.008230487161461525,0.01646097432292305,0,0.0,0.0,0,-0.025367175885153498,0.039585713210690585,1,0.0,0.0,0,0.0,0.0,0,1.1264414290417315,0.6549320382514867,1,0.0,0.0,0,0.014827554206491669,0.029655108412983334,0,1.6645609550888576,1.1242203689846653,1,0.15504053091244557,0.2826544493704467,0,0.0,0.0,0,-0.022113645401108696,0.04422729080221739,1,0.0,0.0,0,0.0,0.0,0
138,100,0.3,dt,-0.6083196651751374,0.24468199968531595,0.20328393011284546,0.45146553031553605,0,0.4092880721157767,1.5129525002964817,1,-2.5185633548179998,3.988629395950499,0,0.01030575249694603,0.3345585014997484,0,1.0797943503736849,9.167228932802345,1,0.18858516181918866,0.369059811993164,0,0.0,0.0,0,-0.5956753373393677,0.7748747283909562,1,0.01171746066628509,0.08140058918379979,0,-0.13802321478922314,0.30508756268655723,0,-0.3081093640083079,0.6108355694968342,1,0.15046269633205905,1.5203090023078667,0,-0.03480286727258257,0.06960573454516514,0,0.2612811965217575,0.4054022937531485,1,-0.0008506936626081369,0.0017013873252162738,0,-0.40028343075212264,0.8005668615042453,0,-0.126385975000111,0.252771950000222,1,-0.33096891579818,0.6595494290034583,0,0.0096609589254615,0.019321917850923,0,-0.16251009053604246,0.5120765438787467,1,0.0,0.0,0,-0.19210643450741396,0.38421286901482793,0,2.093866561579497,2.808824425390914,1,-0.3427883144514197,0.601725521129387,0,0.0,0.0,0,0.0,0.0,1,-0.6395986486217613,2.429289835307726,0,0.0,0.0,0,1.5075077459907607,2.739204383133103,1,1.8334132240006835,2.3490649683949183,0,0.3641970366241004,0.7681496271915582,0,0.515550953722045,0.7238265576522193,1,0.17353079755644166,0.34706159511288337,0,-2.8323265908794544,5.932317834152388,0,0.4053572207648631,0.8511247162250417,1,0.01871962672310758,0.03743925344621516,0,0.05154313581041038,0.1010442998784039,0,0.0,0.0,1,-0.7941528648278399,2.6625483220933384,0,-0.293924554558723,0.7080501124400886,0,-0.40818720107101125,0.8163744021420225,1,0.0,0.0,0,-1.960127686676134,3.4551825077691785,0,0.02166777271845731,0.4182215024659216,1,0.13985210301805973,0.5152727250752098,0,-0.27390971404626735,0.5322350976438533,0,1.4950036388942212,10.175028830463196,1,-0.7480086276073064,1.4960172552146127,0,0.4881025812700309,0.7319551030852955,0,0.08282364950588109,0.10160806375139861,1,0.0,0.0,0,0.09251164794715504,0.18502329589431007,0,0.0,0.0,1,0.15536062893679645,0.8951639566095707,0,-0.7390941244591696,1.408871734637346,0,0.0,0.0,1,0.040699761539569154,0.1276293689108612,0,0.835792437654027,1.671584875308054,0,0.05589205880549127,0.08849605886007468,1,0.0,0.0,0,0.010601164466527252,0.021538197972139062,0,0.5692763489325336,1.3558094988033598,1,-0.06133242320922375,0.12266484641844752,0,-0.8525098710564322,1.7957688502224651,0,-1.4509983131329398,2.9019966262658796,1,-1.1644751254303007,2.8366025271056294,0,-0.174370972913497,0.3479922355212358,0,-0.226931352534084,0.46065573835617807,1,-0.1309628349502004,0.2960078599506007,0,-0.09214159855870922,0.564752142873459,0,0.021872115930514125,0.036298383975087264,1,0.2826932785929622,0.5194930015723327,0,-0.5387904541647938,1.707660004861253,0,0.03773420433790136,0.07546840867580272,1,0.0,0.0,0,-0.1944053603611834,0.3888107207223668,0,0.22937589467903638,0.45875178935807276,1,0.039831243662611655,0.07966248732522331,0,-0.1328286592580898,0.1548501810523354,0,1.5076747154493468,1.9319266756304225,1,0.4798084713262053,0.8629763097782335,0,-1.0146445205411543,1.8989129346795868,0,-0.024271966946846933,0.033790909378957186,1,-0.09447931339285642,0.18895862678571282,0,0.02389245092544081,0.04778490185088161,0,-0.07993358154005117,0.3018086393663769,1,-0.25197106456163176,0.5888103696181631,0,-0.008634526065704449,0.017269052131408898,0,-0.04741856641228918,0.09790841476041762,1,-0.11337242832674595,0.2748169211962633,0,-0.6206479480998518,1.1805503860914561,0,0.05112162794561413,0.10233679670268836,1,0.6330171515689021,1.2660343031378043,0,-0.2731800328812318,0.5210428933552876,0,6.869714825971838,7.980764485255102,1,2.5660885354546776,5.139140027608989,0,0.37279013342051937,0.745706072950058,0,0.0022246219683702295,0.004449243936740459,1,-0.010730285773842638,0.021460571547685277,0,-0.01932982002091643,0.03865964004183286,0
138,100,0.3,rf,0.19171507140020533,0.11378246487398484,0.004354021154936649,0.09054197264984429,0,0.07221670996962624,0.10579295619044558,1,0.0460617939387389,0.13706984571598543,0,-0.0654761194568003,0.07970717596738597,0,1.8828676949881444,0.3392019791231437,1,-0.02537706562355781,0.11516467679745504,0,-0.09236573686175803,0.307593574662531,0,0.1399001376923254,0.18550636480929944,1,-0.018594530930789006,0.06678898080393873,0,-0.02278494569595526,0.09795008510477064,0,0.054410099198049365,0.42395017114021705,1,0.1864215448947324,0.23838112417914376,0,0.1440910202289222,0.40143365248978335,0,0.10177021240255082,0.12794371247572214,1,-0.019163420854588185,0.12043763226047502,0,-0.03290386834986542,0.09873386660174215,0,0.12302422733212022,0.225653573987168,1,-0.06623262798378195,0.14594380463240889,0,-0.04798558949042468,0.23047454607367485,0,0.5790882429869402,0.38422585430567635,1,-0.024936487639646177,0.08129254650632389,0,0.1624377337076301,0.11876148253173349,0,0.6130806648580778,0.4348472136433692,1,-0.06331279463527592,0.1256385463724938,0,0.09961348762382093,0.17523904522372263,0,-0.008904293344353349,0.10953735483232638,1,0.027626131837782963,0.055733277667017904,0,-0.031537693437770874,0.37805198580623384,0,0.3749310904649377,0.675880944129372,1,0.5569215026779963,0.36782201006006254,0,0.7888049389418655,0.9466257628288424,0,0.5441619434610636,0.4400733249988462,1,0.07033661152789573,0.10006539674530486,0,0.042101032624288035,0.04573451555292229,0,-0.03353140805342668,0.2758280294367888,1,0.0037713403822574334,0.1049032797584309,0,0.11275912857846915,0.08113450429902548,0,0.29377849576454534,0.28131844676515855,1,-0.16564165855385066,0.13607097397021423,0,-0.03857084223927754,0.11897556036260795,0,-0.07716297516620513,0.1336543896825228,1,-0.06938647951910529,0.14798654886395712,0,0.060878438830959336,0.1377569885142141,0,-0.01143574527573418,0.08409380366998005,1,0.036036310694665084,0.16750892972373402,0,-0.03975051882600963,0.20824086899792327,0,0.1881452356173447,0.2227932379057891,1,-0.024905849475366282,0.09776839053969817,0,-0.02100181551690683,0.13666975597856976,0,0.05556303948275171,0.1672377776032125,1,0.04316607522691403,0.11302392489271798,0,0.053499226527924736,0.09807693504956642,0,0.02239502833579956,0.2501572808012287,1,0.08079459514760808,0.21972950193177435,0,-0.058356595241702745,0.11484189688891011,0,0.07092923113308414,0.15544948453523,1,0.006629832108417333,0.1157180317890903,0,-0.35557901411932213,0.4049756643776262,0,-0.032983221404454824,0.046606414343195644,1,0.20268133169372465,0.22731695824996934,0,0.10508539117184182,0.14925965117700105,0,0.10654954849834493,0.5096490040221939,1,0.02575555242053664,0.07940329322760722,0,1.305946322664544,1.2344190501411476,0,-0.10843671467040521,0.21342724569406474,1,-0.07761321042101817,0.20984294033560344,0,-0.05033120616423499,0.09900186006071207,0,0.2620661328675225,0.19196904221619882,1,0.12156812635764706,0.16424241718864396,0,0.04769286684404929,0.06854178812180871,0,-0.15590652650760167,0.3725519752314986,1,0.04077443993710621,0.07479030273803253,0,0.3277869392308437,0.2396250124131282,0,0.01753913022887129,0.11337639242814536,1,0.007090329381051813,0.08671556212197114,0,0.017978029077731505,0.07170891238082379,0,-0.04111608642252203,0.11867330785508545,1,0.09127423465095788,0.08165928052510017,0,0.07040595532496234,0.22064162202099571,0,0.0779615866908563,0.07291478092443374,1,0.8612205829216195,0.542267395348652,0,0.09178701737499131,0.21318106166034856,0,0.3358523098930347,0.261023791774078,1,0.01771855706439339,0.06888589765529099,0,0.06460568130045283,0.22067678855128434,0,0.16104762945450649,0.19761859477726929,1,-0.03965752168369922,0.03649793375117807,0,-0.02129851040921149,0.09185506979334324,0,0.29508809550699333,0.3528325201427669,1,-0.13144182742566884,0.12443536111155257,0,0.07357592196169707,0.27647369760419116,0,0.3122902218881851,0.3335761607239371,1,0.010320368257706991,0.055618394574247554,0,-0.06311792525700068,0.1472310385523333,0,0.6951912555989592,0.5915422261350953,1,0.5641614937802637,0.5271120008863934,0,-0.007683941753736445,0.12674040112315973,0,-0.045620714697774074,0.12184657161242007,1,-0.06346001044706281,0.15128266375646032,0,-0.021627473157447653,0.13363265983502906,0
138,100,0.3,et,0.22042797878033066,0.0916848779197323,-0.02227073753026198,0.07589197096750949,0,-0.0913394528072805,0.1345013643194672,1,0.058390408819067006,0.10046232922639317,0,-0.07828962799269935,0.1747392559444481,0,1.5966318356433202,0.29071571209885205,1,-0.03891079136633632,0.08692694994470819,0,-0.11207755665088248,0.21626052129271414,0,0.21365669356162487,0.28553719875262445,1,0.16556215335070226,0.22496911637678338,0,-0.035456337178800534,0.05329059738009672,0,0.07316569872231307,0.206146999321788,1,0.037343052832286686,0.19178363295824719,0,0.1768508013566712,0.19929238396587187,0,0.047689236262720716,0.18130332095836366,1,0.08341509855370657,0.07686020968022166,0,-0.06249950100374043,0.09712724235998886,0,0.38542343842843263,0.33041986141753754,1,0.09879405927589599,0.09785215677133549,0,-0.043825543417329124,0.1300349136079392,0,0.6134455811552078,0.7832558439605394,1,-0.12499110693699471,0.29045700504870237,0,0.30407089548881816,0.4945907198523772,0,1.8104398849254735,0.9130903926344802,1,-0.002221092201618648,0.1605291113315353,0,0.2436401107341278,0.13549678636736753,0,0.1502839468113671,0.16499374420210391,1,0.035145643759286964,0.2314405319521664,0,-0.12585223967280756,0.17806140053408046,0,0.40494152719003146,0.2712055174802437,1,0.7463134210626123,0.3987190748798523,0,0.7847481023761528,0.423014937757605,0,0.434275897233527,0.3242839971742043,1,0.04260102029461652,0.15572663298927147,0,0.01830689591479326,0.09834657007340937,0,0.183160884721492,0.13884221078641654,1,-0.03984969272749457,0.03237163927011392,0,0.06983054429496235,0.2076439911380678,0,0.09232973484316094,0.17370978515968766,1,-0.13694799544197067,0.24951424843717795,0,-0.20922093239760695,0.2554068928749571,0,0.0635775273279244,0.13801821802046743,1,-0.130741422317961,0.14423187651782887,0,-0.0487279091023944,0.16604250766839604,0,0.0029643173947363393,0.046580765682420755,1,-0.05982779724189282,0.0876818151947579,0,-0.021376465728270656,0.14114377787232746,0,0.29687793035388543,0.5391529073728263,1,0.002907748101398197,0.090875419006708,0,0.11242030789189783,0.07287298747462848,0,-0.06821831829783766,0.21373787605534933,1,0.22874349072281705,0.05738368585840604,0,0.010576380716262917,0.02963090697835102,0,0.28687742681938466,0.36060614050273204,1,-0.038454628724299056,0.08782822925688769,0,0.0008524087804214098,0.07907276798351476,0,-0.0514919891349091,0.1889057876600682,1,-0.02375784478180675,0.08288554785770225,0,-0.33651977159703034,0.46271801134080326,0,0.05712317356693656,0.16589129655750087,1,0.036339099231103934,0.1851230081516644,0,0.031281443966088465,0.11129437019070901,0,0.27801954520140526,1.0831870933457053,1,-0.0035491529136459253,0.1737219625095602,0,0.6765634262447879,0.8290447510004499,0,0.02902340727667412,0.27127630158106353,1,-0.09684674621020127,0.18289573873273118,0,-0.11787485098519354,0.16880149969547736,0,-0.02683873445057087,0.14441544528054884,1,0.21974073588846013,0.13956683072634843,0,-0.027666947435934137,0.09597495140967419,0,-0.11285839566810338,0.28486770863917504,1,-0.036763699971936015,0.09819605295452653,0,0.3807407822259754,0.39666111328851905,0,0.011961350461076433,0.09523039542807576,1,-0.11810925535729078,0.03480261610371548,0,0.10299846346020917,0.11412211795006767,0,0.019058006039721027,0.16180277931937687,1,0.017529135000388687,0.07297886410550258,0,0.046825005630787994,0.07896749660382249,0,0.12898325059694876,0.20665789359194095,1,0.4396127422035735,0.4886557043568578,0,-0.05337483495849336,0.11073378425718343,0,0.21040729031407807,0.1920427968473971,1,0.06216606072114159,0.1698985395689316,0,0.04891066620790896,0.15276836652540018,0,0.10538399984931586,0.06237867493187251,1,-0.016564361828543553,0.10249793933984351,0,-0.03625156978112205,0.17843958166414875,0,0.13670970680469802,0.26524071202905125,1,-0.1568115573662106,0.31622492327251656,0,-0.002458483491142943,0.09213131042782169,0,0.9558947627343098,0.6142690340325084,1,-0.04230561791266334,0.08928251425668855,0,0.039972357850077106,0.15018657249164538,0,0.8509292305975851,0.6992324502101835,1,0.5023399377388621,0.20464301328563433,0,0.10808279198524762,0.05997206590985641,0,0.01842677902050118,0.10588838669042312,1,0.011380471191351176,0.2362168474798952,0,0.05884863301644163,0.3179067449495947,0
138,100,0.3,gb,0.1415576844016961,0.20467021807037195,0.037692877066208094,0.08660148123418086,0,0.023967967128376705,0.07475818490375193,1,0.07615541712160301,0.08372774413893919,0,-0.06660495174728052,0.06373376506276356,0,2.117043687091697,1.1288632067202002,1,0.033463086777676045,0.06400489602894247,0,-0.007759609048657678,0.11069102311915126,0,0.054717006180522686,0.09097331580085626,1,0.19961039895147242,0.22199653195569746,0,0.09480675117768846,0.10837160972237063,0,0.02366667580835688,0.22928178885257422,1,0.0774261075086494,0.288709416212835,0,0.2658348722345643,0.5052486192047337,0,-0.08636116895628446,0.23889299811647285,1,0.04371475437835609,0.07692334625587378,0,-0.04235582630220888,0.08544566136384506,0,0.03429866680643476,0.0860582996377498,1,-0.09774752881562002,0.439263256708388,0,0.08419526360054333,0.10028312924154667,0,0.718040912843889,1.1916011013601606,1,0.14029723045179768,0.28099483548012755,0,0.14918337063601833,0.26487279774247213,0,2.1130708325873,2.4911199120061123,1,0.030751702612681214,0.06546959401616409,0,0.12318703051502762,0.20293002616305197,0,0.16402355100254357,0.1578978377616941,1,0.17082971431843438,0.2628479469604694,0,-0.03254885079532692,0.08824025363414877,0,-0.408018640657685,1.3832552900778319,1,0.852590531170373,0.7870672348182224,0,0.6444177343090721,0.9512791204575757,0,0.3395516246643084,0.9378744582888658,1,-0.1000625997144075,0.21790927591735235,0,-0.28826582493139685,0.7156819148588859,0,0.11398464757027624,0.20360030473471985,1,0.08066761203837416,0.1255509657131002,0,-0.13990806559034547,0.15933948195492514,0,0.40912686131723275,0.3003782901999866,1,0.08582868132958027,0.23394393301634253,0,-0.02809525320059523,0.0345426298420325,0,-0.04003444957857409,0.06716036434658756,1,0.01840035472797403,0.03940650477056581,0,0.04398388961666379,0.055644483472611236,0,0.06820767861908834,0.12215706671323362,1,0.021189740267963768,0.02169511130454368,0,-0.07208403292536106,0.16087235728096178,0,-0.2896738138734218,0.4635882563673777,1,-0.03138569494720876,0.06269906591234578,0,0.01747665446052319,0.06270823453566819,0,0.159204165842962,0.15518708384686467,1,0.14954489460716583,0.20816782606222542,0,0.05770451801819013,0.09657707438334064,0,0.1779327349587451,0.40144159196143,1,-0.30401126828420155,0.7746472858538045,0,-0.01072590083167509,0.09864252577702846,0,0.02336898810062198,0.2142917015370902,1,-0.06307739926423384,0.127072926462414,0,-0.464081734910779,0.7357210318937124,0,-0.002848090418761643,0.04035720924126742,1,0.2537683813709273,0.35035428595286155,0,-0.17455640745205617,0.21466620470220082,0,-0.4544984752801529,1.6317821645090915,1,0.08245491803351217,0.06846106230104831,0,1.3027034240809425,0.6696324793990612,0,0.08756688773887122,0.2080507511864335,1,0.003470156307986333,0.2291171104854784,0,0.009507381834062002,0.0222425204883349,0,0.23778493622453648,0.3404726668783515,1,-0.08334558911324419,0.4048047341203609,0,0.02825707823610979,0.058180906819958716,0,-0.0577709894536913,0.23194564197531276,1,-0.11678773892556846,0.20588037469150217,0,0.2593916263151686,0.8427701747658386,0,-0.03725840984503768,0.09802657003294711,1,-0.07326868643231153,0.12405130294087117,0,-0.006131402411789318,0.03766646385561394,0,-0.11127591735989584,0.1411801039948694,1,-0.011059889082085328,0.024536582408695336,0,-0.015717039928727368,0.041625615426637265,0,-0.13299954448361942,0.34927287545063157,1,0.8088451472537308,0.6273749695206923,0,-0.3356040843042002,0.7056756491617129,0,0.4334748264600865,0.26983961355046304,1,0.018302448723577357,0.016549795495358278,0,-0.0637442863051697,0.14431881414593398,0,0.10175425416795672,0.33225906431112573,1,0.018723083568249997,0.051797884819244494,0,-0.07661760177770684,0.2013195373426062,0,0.33583809313029794,0.20146337418609053,1,-0.07181047751484891,0.13523064967975024,0,-0.013123118006711895,0.087797454485505,0,1.1875976698540327,1.0182841195901575,1,0.01991980292264719,0.01482339671761979,0,0.03131270742991158,0.19406714985018209,0,-0.1180613420615364,3.6390497329290374,1,0.6962674987423001,1.0264489561952599,0,-0.029417711632358578,0.10020575307576404,0,0.24416244441357748,0.20508145610502515,1,0.17059631118792934,0.3665898113808628,0,-0.10170306312823318,0.5178532732432095,0
138,100,0.3,hgb,0.2510716119169881,0.18507351775581374,0.0,0.0,0,-0.08858139058586986,0.17964702851821537,1,0.21016390358176115,0.24877279451879658,0,0.0,0.0,0,4.1695607914578074,1.6835007543178715,1,0.011981073897892528,0.021468221161541717,0,-0.4777064571598803,0.9755450566895351,0,0.04951076314627734,0.13628195460524445,1,0.21452744805213303,0.25431482604582223,0,-0.025145729181173537,0.2717534315429758,0,-0.005698276442285844,0.1572092637260915,1,0.2412030073859525,0.3503133826004441,0,0.5173075698881837,0.9606011060347622,0,0.11078373856819261,0.11347356309591175,1,-0.002105359952669787,0.028980172382293227,0,-0.004440282967271685,0.00888056593454337,0,0.10994263335666901,0.1460499458400982,1,-0.05602085658302127,0.11549299282132856,0,0.0,0.0,0,0.47298918139737667,1.550135391561963,1,0.0,0.0,0,0.1986183014429228,0.28393622809548885,0,2.344281197049675,0.9498162858803187,1,0.06110106747915169,0.23500918212131375,0,-0.00447359601506119,0.00894719203012238,0,0.2308955521607609,0.29577972162426186,1,-0.03453239251145942,0.06906478502291884,0,-0.25399716772398506,0.7582428766247381,0,-0.1010157302925176,0.9964288679340918,1,0.7305770412197342,0.8715561513482363,0,-0.13537859751076248,0.8019126500816617,0,1.5928839404726989,0.9701594087534928,1,0.005430228167435104,0.010860456334870207,0,-0.025639859052509824,0.05127971810501965,0,0.2637121121749681,0.3446628463613927,1,-0.035880154379903446,0.07176030875980689,0,0.0,0.0,0,0.29503290964809253,0.2610956415556746,1,0.005392947202962894,0.28127196916551944,0,-0.025179301406741898,0.050358602813483797,0,-0.09040213630104119,0.3893820555447048,1,-0.018028091788402378,0.036056183576804755,0,0.03894025403001829,0.12166777811562439,0,0.5031996801111756,0.4642275245389426,1,-0.11342084237542913,0.22684168475085825,0,-0.14869302647832955,0.25205787924970047,0,0.1911403014241868,0.407543773913568,1,0.0,0.0,0,-0.001399644900440919,0.021364290320446896,0,0.3175204455618835,0.32840010970239514,1,0.04488981340877969,0.07909083855202341,0,-0.036898294109090755,0.33634645434043065,0,-0.09856665527121171,0.08765927804579726,1,-0.06217152847898755,0.35321982516507283,0,0.0,0.0,0,-0.02406129070086501,0.29937073393535707,1,-0.023264380308648414,0.04652876061729683,0,-0.4882331874932614,1.1500769631544998,0,0.0,0.0,1,-0.20869624237929676,0.37807426180029263,0,0.0,0.0,0,0.19308830298069185,1.5883991918134377,1,0.2137899426495423,0.42757988529908453,0,2.7143907194220813,1.2381889702221276,0,-0.22208899583534475,0.3435892017350298,1,0.09252097639952817,0.09563141379233983,0,-0.023999879884278017,0.047999759768556034,0,0.4762664444771899,0.4781228241721493,1,-0.04863274732689793,0.060591911263257185,0,0.03505381568260534,0.04843840690688361,0,0.014124748022549951,0.018823134919965335,1,-0.05715901765261607,0.09011048766461342,0,-0.07776300254444071,0.15551750941248838,0,-0.006518313108143872,0.013036626216287745,1,-0.029044365068069112,0.058088730136138224,0,0.0,0.0,0,-0.4236537479352709,0.5567213267898238,1,-0.016841348147172325,0.033179144223219076,0,0.0,0.0,0,0.04321954564983532,0.15546829453969735,1,0.3388925400564962,0.9855779736773018,0,-0.060599982268787246,0.08681864741473395,0,1.314002917701756,0.4530983118015806,1,0.012118507578518574,0.024237015157037148,0,-0.04518765734984511,0.11303900865953731,0,0.02408397555642051,0.04728742758002761,1,0.0,0.0,0,-0.00024599507196796934,0.06703132187009958,0,0.3486938858853766,0.44230494825298394,1,-0.09675015757792442,0.19350031515584884,0,0.0,0.0,0,1.5818876196757485,0.786267378919016,1,0.02977261846856774,0.04012191109761453,0,0.2237413244599066,0.2583535488327891,0,1.2411243943302235,1.515020173460406,1,0.443251998183175,0.3875641108175024,0,0.04697287325165354,0.13712321047500373,0,0.8839070061742207,0.7874363642466637,1,0.024141033161925184,0.32496980275920995,0,-0.10583767032357709,0.3178427982879698,0
138,100,0.3,ab,0.1833852461662218,0.17424439087547702,-0.16725767578666,0.2964220381120329,0,-0.2602397383684313,0.5726008079978205,1,0.7684968610915476,0.7302230165448418,0,-0.16159765846638846,0.21706838932962827,0,2.8784021862715017,1.4754172866993938,1,-0.04784788319823392,0.40106823517966333,0,0.08803532749788046,0.4443376294658844,0,0.409416213362961,0.4926192443451166,1,-0.11438169471377906,0.14698204433380233,0,-0.013191921738748901,0.01997370942526979,0,0.2963127971932842,0.48393924949227174,1,0.38287860022519815,0.32612640849552826,0,-0.1700158940299258,0.8862367325389676,0,0.20009114375431175,0.35939560027236656,1,-0.10548236365617836,0.5765100137483434,0,0.08306168291382646,0.2931529482836797,0,0.0474855468422763,0.17009050214464788,1,-0.17570690456037313,0.15214956727648074,0,-0.14468347397847228,0.2010367895711318,0,0.5581676457365934,0.3753557147363632,1,-0.08764568390953983,0.5481593064591772,0,0.5390270586428455,0.7674432217817644,0,1.2163097390398243,0.6185609151718112,1,-0.028379373254555453,0.12931749409774076,0,0.6350364294946024,0.7238038526860605,0,0.11707720066663137,0.20193114803980888,1,0.023462089029167625,0.12471344823633188,0,-0.12601780779253355,0.8023997278657607,0,0.3360646081822411,0.31810212847632136,1,1.419502959308167,0.8749881876180704,0,0.14345223722013686,0.9752126704222764,0,0.6190377315632795,0.7573858204217997,1,0.4360706999533748,0.8320695616236183,0,0.006102615985927585,0.015201476912431396,0,-0.31873094892080694,0.6050039361908723,1,0.07680620686672554,0.21103263719879317,0,-0.025567118402943633,0.05397932175820266,0,0.4466550939547506,0.415899367683487,1,-0.16760590295009853,0.1794763921793854,0,0.07821473003340233,0.15642946006680467,0,0.507233853726129,0.6509757547627609,1,-0.08353867087937453,0.30276121455515065,0,0.13864080913402382,0.3777138687271222,0,0.0890319323189482,0.09769844778972152,1,0.004948762870210444,0.009897525740420889,0,-0.19823530479325308,0.3204311487152158,0,0.16660906892728572,1.06487958432013,1,0.0023374187482967414,0.004674837496593483,0,-0.05653241664125156,0.07821137879683925,0,0.07867874401533566,0.10014273733997812,1,0.14250046565757857,0.27819450344630914,0,0.3121427479291383,0.4535105180980523,0,0.46170889736663157,0.4839028386487053,1,-0.1341043963416299,0.14990939313993099,0,0.45150724815221716,0.4695007279826329,0,-0.003910794883239092,0.004821503433715848,1,-0.1612358618212228,0.632450040514859,0,-0.7503100456712829,1.2421246830136343,0,0.04424974048677558,0.08830159091416816,1,0.1659786712419505,0.18066842421876428,0,0.3671732232073769,0.3715657239118426,0,-0.5260109066679115,1.7125812116525954,1,0.14476461659926285,0.17377361129847432,0,1.878626696194249,1.0743503257271982,0,-0.13814491320322425,0.44041519076331714,1,0.004830783116464931,0.25728340093073837,0,-0.21873587926506705,0.4377193604627151,0,-0.12862403281497897,0.6379520823433413,1,0.4391106770071307,0.4279060510132921,0,0.0075944193128745785,0.02551493322798346,0,0.007988297996126326,0.5102827561481367,1,0.21105457161848235,0.19499237768822536,0,0.07952208765690198,0.42055585905439336,0,-0.024113892854048413,0.2712066992536836,1,0.060377759068456174,0.19107215444091616,0,-0.04738678690678435,0.19824451235839238,0,0.10284597206879331,0.20488980202547555,1,0.06950044147964803,0.07078054776892467,0,-0.008404036243079232,0.15927549237831165,0,0.2204610961388695,0.17258373276042477,1,0.03773883163077949,1.1852689931319393,0,-0.17061964653405637,0.38738631821421476,0,0.5864119023872519,0.7813810339733215,1,0.1490728755404812,0.1817675108170102,0,0.1796661520643979,0.3220095881911376,0,0.20515889754763156,0.7058894299766406,1,0.009460262735090569,0.08210015460241621,0,0.015156444969332428,0.030312889938664857,0,0.40687541752064915,0.4359833258249578,1,-0.31081186241917513,0.44954483112060595,0,0.01301015502581455,0.4200188560967738,0,-0.14717357713268417,0.8439116292078296,1,-0.01747952587619548,0.021970686334385016,0,0.32023044706787446,0.500550668942152,0,1.2528223012163913,0.46630072485266144,1,1.365105853036476,0.8056230386778017,0,-0.46947675734402017,0.8815641899051933,0,0.08847103158039718,0.1346227312645554,1,-0.05955765080138398,0.2561058415740756,0,0.0076825040566095406,0.17826074084558088,0
138,100,0.3,bag,0.025234730951671745,0.043306425736420295,0.09281109021307024,0.11397277527704171,0,0.14833433709733834,0.23957911697883208,1,-0.013422198951859365,0.4780373564770248,0,-0.37164373084313096,0.6038237518136857,0,1.502884678921906,1.309633842176536,1,-0.05865406243835854,1.0319472782229608,0,-0.09071094826801678,0.22910696478992507,0,0.20557019855473202,0.24160856824819832,1,-0.10195487888875125,0.2923868400570684,0,0.058100360716234964,0.057653809462509316,0,-0.3366251319333585,0.6850311852144334,1,-0.04366223879207988,0.3414349350745028,0,0.558165325151558,0.8429450648507183,0,0.3603584334918769,0.8029058697455337,1,0.011719931659283103,0.045332330454204796,0,0.13888913891927665,0.22445849607684648,0,-0.1966194499625781,0.37937487043154744,1,-0.4962167077880202,1.1819817881000827,0,0.20177075112897702,0.18147209450698285,0,0.9697712455280817,0.6559003048638832,1,-0.03207889748429824,0.27126558129015516,0,0.7040325396350384,1.6385226778724038,0,0.633662545724557,1.3401395058649002,1,-0.15711725145795652,0.24353789214455668,0,0.1689752715166551,0.1013142067291535,0,-0.06851050702753456,0.12080494590576368,1,0.05922741668237613,0.07828158001500408,0,-0.22488268574960874,1.5125045684329845,0,-0.12928068316157887,0.16051924760011382,1,0.9871836011646332,1.0972393733801264,0,0.7428650579018565,1.0505523215548929,0,0.13258391132473607,0.18798218683419185,1,0.028156334251573777,0.6649576262304445,0,0.3227736539724097,0.5753938187206252,0,-0.2783328067102812,0.6828006193028276,1,-0.011240371049478925,0.26970483118466776,0,0.2574013709390472,0.2859828424183038,0,0.18448707771936357,0.25486754596540157,1,-0.22584297432174666,0.2834980435601557,0,-0.031601561842919845,0.16913331685305,0,-0.0444596558608177,0.26942757516604277,1,-0.04132908344480937,0.13011931468540983,0,0.4846963090607015,0.7466763823098572,0,-0.0068641011904682445,0.07314364024371027,1,0.046168134441639495,0.06148436104959285,0,-0.1863924213617078,0.2732859718989421,0,0.8427170526008254,0.45521625427579454,1,-0.18329654208797516,0.23465702455893273,0,-0.020069265658660032,0.049095205892000324,0,0.058633526406832295,0.09144290947100202,1,0.3711680256263682,0.5220540112213116,0,0.1960061319756195,0.6501988242554709,0,-0.4289396454924533,0.771491531823424,1,0.1915081422132036,0.2588340265588954,0,0.5091578903814364,0.7101997914525477,0,0.13298737127858556,0.22606518201421855,1,0.014053898591008602,0.14808617520197015,0,-0.2888072647841902,0.2660027934830827,0,-0.06163740213512466,0.06998997368909998,1,0.2594058781118278,0.18315377540547453,0,-0.08965612578761381,0.26093115582990617,0,-0.3816725967773407,0.6859204220298866,1,-0.0051190906512418866,0.14837104639502907,0,0.8066662791311536,1.053068354899014,0,-0.08563677405903247,0.5126942960748112,1,0.22664028427056956,0.3166811496014022,0,0.012358294163620361,0.07133390827432215,0,0.08672213393511205,0.08565958967365898,1,0.11757800474151614,0.15070396816904819,0,-0.059815937491740766,0.802159784989111,0,-0.4605895094515984,1.1004317675427486,1,0.18824522065822696,0.29507370392753496,0,0.11013302772695983,0.5774718794598882,0,0.01765797596686982,0.08862527984249725,1,-0.018631215050937313,0.039143432542504984,0,-0.137308961278885,0.26418712389287785,0,0.4305844132935562,0.5433821429596473,1,0.15161650905461252,0.11954984053813779,0,0.23404235886859287,0.30695347980919613,0,0.185819569622217,0.5575500618390749,1,0.6743291772057741,2.4916424544573856,0,0.13728553420860604,0.3073820975205189,0,0.33127487488921803,0.36712122716277923,1,0.03595850573355695,0.057930527052318735,0,0.08313958937240246,0.16673897240066346,0,-0.20781960784886344,0.6536044334016505,1,0.010287130453716344,0.04638796497593971,0,-0.04572873543379461,0.07731168386636302,0,-0.6615234287771272,0.7428487966927809,1,-0.04559812614537067,0.2015523309527052,0,0.14609579391530475,0.35806690860382445,0,0.3644935622031126,0.8682783883157235,1,-0.12413741119526574,0.18780900534621187,0,0.13015161272452302,0.25219790953531723,0,-0.05903483525372013,1.4879975500698919,1,0.5916062282265911,0.6066382245688049,0,-0.3170525372182273,0.5107667547313188,0,-0.06790032791599197,0.18792875821921246,1,-0.0017224972621398549,0.21012128929805815,0,-0.16770007119392105,0.288650426977171,0
138,100,0.3,mlp,0.5448461224168573,0.14766207669741324,-0.05220045291180712,0.3684758497689617,0,0.03227353648580874,0.3903842211780201,1,0.5112037614180404,0.3968514852459693,0,-0.22860883127359172,0.12525271549475697,0,1.1057272708107178,0.4186720865035565,1,0.32541399101912916,0.4111576111020504,0,-0.17708825972723702,0.5620975818269361,0,0.4558365342220756,0.14544449036021406,1,0.3974410902827173,0.4903289788758531,0,0.1380696645704209,0.08851301566827915,0,-0.040190309551398296,0.7424398527615601,1,0.010358685567359813,0.1521344317901428,0,0.6592110678378744,0.7771758270042772,0,1.3880605800315384,0.5344844795617276,1,-0.22366909044721775,0.23015092839128756,0,-0.04379675623751239,0.11385632797936256,0,0.8494329431238763,0.26653326008597306,1,-0.1320670305951026,0.1490457444893425,0,-0.001977409547072617,0.35785088324343967,0,1.8324710257462549,1.0186060259973402,1,-0.08863847388036764,0.29964355797211356,0,0.223003235136785,0.07713729730923627,0,0.9791172989396862,0.48035688189247394,1,-0.11926803846720668,0.29570847704920133,0,0.020573183616739744,0.3086226354667683,0,0.8976382492855229,0.5153897074395349,1,-0.012264114097269591,0.16210052442460485,0,-0.0721075280350347,0.49376615621176884,0,0.8293720928447529,0.814777484417468,1,0.2505585658503403,0.1565154245124732,0,0.38768471539908916,0.3895787111146324,0,1.6769461349217898,0.49520192548234687,1,-0.2129691100724858,0.22824353352938279,0,-0.10726727180668531,0.35252842030483506,0,0.7578973196092537,0.8477948298312267,1,0.18242317111060252,0.44266614466288445,0,-0.10260352984318492,0.09172115945210627,0,0.2474982093209636,0.5130894765811315,1,0.18204723330862618,0.4846614542648155,0,0.013074093234421108,0.28094034084596087,0,0.21002831332992916,0.1316854559796074,1,-0.014182417871956732,0.2514478648689174,0,0.09986216422906066,0.545116508648943,0,0.7951983289358476,0.356544830468835,1,0.10962223125878116,0.10737933324357948,0,-0.085539137059334,0.3505438525279525,0,0.4445903636516223,0.3748698893234476,1,-0.001360718017458204,0.2237748546746807,0,-0.15949678658782024,0.4045871251211255,0,1.1030723063614105,0.7932974489277953,1,0.03690853678516418,0.1760733092344667,0,-0.0755805380742834,0.31729378610439135,0,-0.33228169935309265,0.4024216037999532,1,0.08418071946573802,0.44022273122197814,0,-0.06185698909720153,0.195745313094905,0,0.0482224391632052,0.15990382251770865,1,-0.12533429196316787,0.09043608544517803,0,-0.5649782271739034,0.465742103244034,0,-0.027924769188529486,0.32989274010608854,1,-0.04151983395947219,0.5888110839345911,0,-0.2649600105919612,0.20876236363804382,0,1.0758207512865072,1.0944674778081551,1,0.3259954532501251,0.33316822272376095,0,0.5068112718875832,0.566286888981979,0,0.5674589370050401,1.006982770097692,1,-0.12620393021975734,0.22497622092461905,0,0.31832894582057036,0.3143874346254287,0,0.7172974904302029,0.3007132380629274,1,0.4082644033948978,0.5419753342080259,0,-0.0022713754571306566,0.09785009896283263,0,0.4809797225710944,0.2594094159065642,1,-0.25208792364607213,0.18800403466506402,0,0.49235647742487015,0.5751187132597706,0,0.03497456145678888,0.30530633997091544,1,-0.21459230541151406,0.2997045700024232,0,-0.07598611144749584,0.039593293750277404,0,0.9849092852622748,0.3240005267625694,1,-0.07329967118571826,0.27436330253325664,0,-0.015384623095441485,0.49179431151445,0,1.098129971603631,0.38033409799087625,1,-0.024306566653330884,0.27859945877400816,0,0.29768324571715765,0.5650536823309688,0,1.116983976715582,0.26359166625983743,1,0.009533101719432602,0.16472383208085065,0,0.03950058057372032,0.4605037092773164,0,0.08479929666604659,0.4312396269189915,1,0.025716682505155825,0.21786930643776936,0,-0.1266447687317141,0.13861430494192184,0,0.8616230097487811,0.7387670534102352,1,-0.44159944001085283,0.5967027469459749,0,0.24567874001546955,0.1595225784444962,0,0.5427514946958042,0.308777628347834,1,-0.003707864243686243,0.2779947913115753,0,0.2563865370527676,0.45210409282025477,0,2.5572893275934283,1.5713397377598817,1,0.7440570790724653,0.526921405593372,0,-0.03458477198202696,0.05386117212873884,0,0.5168823405223866,0.521000357062468,1,0.14049229645154498,0.559142009160525,0,0.10948346630052071,0.15961153363153752,0
138,100,0.3,svr,0.01364822310238436,0.09460533843596691,-0.004144298953737903,0.08362395673024993,0,0.0009798207209534844,0.03134060438983961,1,0.06061446042357162,0.03256230231420815,0,-0.08411279486280851,0.08821338276353699,0,0.18028087637911483,0.029366079264802582,1,0.09637115799170283,0.04700483240059127,0,0.0012948337916631393,0.03383983990055692,0,0.10742139630148614,0.024112707797091085,1,0.03692033981580885,0.05720397484874084,0,0.03679924266169016,0.014902732384229919,0,-0.013002190497212,0.06429584947845068,1,0.025552599028302637,0.05320861264556269,0,0.09353095053699409,0.06606511805590551,0,0.0201564968127425,0.07077673822152289,1,0.020453750115986113,0.05165341495174656,0,0.007093925742596938,0.009922722437763591,0,0.041834913819346946,0.020722944301971146,1,0.012741242064668456,0.034082222412168496,0,-0.02397148381258546,0.06735656693120777,0,0.29122118981471695,0.1128005521837458,1,-0.01864269264949141,0.038034992792875415,0,0.06351530403844828,0.015890199837884027,0,0.2130507530586725,0.07897394990342359,1,0.015077110706263597,0.02115137125485503,0,0.02926699586814747,0.014797189384493103,0,0.0386840677223363,0.023638030194362357,1,0.001459777420349482,0.043786096697987574,0,0.05162616565788358,0.10174470368591307,0,0.1095423058009595,0.09543225020106147,1,0.04034396495006776,0.026584915667533394,0,0.07437550669772114,0.07107935466168752,0,0.1555653034331897,0.11038859766660866,1,-0.004387081545752792,0.02868353492802467,0,-0.01065053592799899,0.05072293597314881,0,0.009549469063687284,0.038280675628948754,1,-0.0065365228762933325,0.01605453177947402,0,-0.016517943627133692,0.04046924164841081,0,0.03853253272382551,0.13463787675792913,1,0.02051556219705759,0.08351246974590161,0,-0.02921680994188381,0.06661802454503526,0,0.007819618259339195,0.02260828515426828,1,0.017505594294783478,0.02113192052053137,0,-0.008049928125387327,0.05053815467591525,0,0.019486867510118713,0.03845834152710638,1,0.013881687447446328,0.03866000912507788,0,-0.013787816026211305,0.03223443799454143,0,0.09735687671971253,0.16632825401746354,1,0.028073576950919943,0.04091447721493414,0,0.01055068240183644,0.02419725185932608,0,0.03156497263259224,0.040189907859206765,1,0.01797043372704623,0.019279352571949578,0,0.05553339288407231,0.04267916971599337,0,0.12162845476104493,0.129056302167503,1,0.01436111529850049,0.07910586521630626,0,-0.005122079782275904,0.0271972312297974,0,-0.018348742339832528,0.06305070539503325,1,-0.004042485264572647,0.016800787317647135,0,-0.024527164926966376,0.10206943528963108,0,0.012069847466737981,0.06532169045517347,1,0.01581795687388262,0.025781360850791628,0,-0.0006473560837780932,0.018221161789217753,0,-0.007617964805104832,0.03217507288806909,1,0.022549232736848553,0.04076406715675045,0,0.09519140009754964,0.04088399373425611,0,0.00664422971343232,0.09138647512469189,1,-0.029230521117927722,0.031457442335219334,0,0.014792381237435991,0.034894743533037266,0,0.05573004504669517,0.03651770155462491,1,0.027284378015451992,0.04630669660246564,0,0.014618746843819707,0.01003666505333228,0,0.029263549165673454,0.090474085768852,1,-0.01699706795628581,0.03252673661024675,0,0.06255187517596814,0.04648518802749863,0,0.02322813134895897,0.0228270743962934,1,-0.03708425503791214,0.03105621630089251,0,0.035911379383133366,0.049226029225414816,0,0.030581119289543424,0.05868965787527704,1,0.0433705161938706,0.03670973135679465,0,0.012856463640425675,0.05315087505520558,0,0.09432236188609533,0.0155344425961277,1,-0.014657298212915792,0.025012651559625353,0,-0.01653676781598466,0.04137359519010357,0,0.10327574260020352,0.05902846358441996,1,-0.004468379700412568,0.03484196451813269,0,0.04662951979900828,0.07467897364594944,0,0.019303045849046442,0.0889020968583285,1,-0.021460598200515192,0.04969929432795996,0,-0.021714951157046965,0.03363804120805543,0,0.1276816521906871,0.09744194667584831,1,-0.12279391491305533,0.1450202522323497,0,0.014619149332283313,0.07329238741049565,0,0.21286432402973404,0.09063470358867479,1,0.005757408434510183,0.029746601399671335,0,0.07367756686486537,0.09390815317939681,0,0.2760355265499007,0.14146048193626856,1,0.07536853363539193,0.026865117338759834,0,0.029634928465758763,0.08487024093329786,0,0.038088736319823915,0.049223526418482,1,0.026623031253557854,0.061975443757107763,0,0.0027813140680736843,0.024817581393847463,0
138,100,0.3,knn,0.250405711536845,0.1127688810953559,0.5730788967269723,0.7521981137314698,0,0.3896403913411386,2.6300353473902156,1,0.7842463363355711,1.1294055079867646,0,-0.4278450730520172,1.6206017662112457,0,1.7199869927072615,2.0381394841890046,1,1.7583122942527942,1.530272658837669,0,0.08642876637347707,1.3905947916951384,0,0.3102874418121222,1.4595889650393794,1,1.0038292270355786,1.6485302562425985,0,0.6149322944229738,2.958375902865375,0,0.3247037882942718,2.307575338192159,1,1.015392883514393,1.6006827684027176,0,0.19307680492215085,2.4095459686465706,0,0.4345976712165074,0.9109477106327386,1,0.3606411553422252,1.4367412911297397,0,0.12331054037480918,1.9295729725124546,0,0.7700032951152759,1.7486338852240815,1,0.6566460265471863,1.709906418551287,0,0.6029916986421628,2.1152306548213344,0,0.7006595998500075,2.1715603315825103,1,0.1453471091659872,1.4949309467484504,0,0.6475654872870586,1.7590955536529842,0,1.3627306370030294,2.2453433864098367,1,0.07360178361519822,1.4250911312923655,0,0.898489480821239,2.266680782825108,0,0.6238306359207354,1.6254641662238865,1,0.7841748723235435,1.1142033444000121,0,0.5331098269508334,1.3136478972597228,0,2.080105616187848,2.292795097518502,1,0.44604551904261075,1.5372791114003066,0,0.2388786674188939,1.429972762620465,0,1.9006034683924813,1.9434380340498603,1,1.342215019385899,0.8364013758513309,0,0.13737168483377385,2.4382392693387653,0,1.2865955332326213,1.1130298326669907,1,-0.32212022576272176,1.0124448890923319,0,0.44945273946969716,1.2023903558570979,0,0.18975458376607868,1.601880037386631,1,0.657404290421105,0.5705620049053726,0,0.7893484904627879,1.5232129261062168,0,-0.1324049117902275,0.979230475480638,1,1.3906748476613646,0.9833826410955488,0,0.5197717838938802,1.5226915042329783,0,1.6038598632864374,1.3871733827468744,1,1.030368232725738,0.7227825439777542,0,-0.13411629365554784,1.6785375092287589,0,1.5791609494658114,3.049584472894942,1,0.6980114255545592,1.9643131036158632,0,0.21267742205120035,1.4386629103906379,0,0.8688867645367149,2.254231648843865,1,0.20279167041047041,1.0297894479103833,0,1.8790924546681236,1.240226143079374,0,1.2007743249658402,1.5648536012065188,1,0.3070256822934817,2.388406220928258,0,0.6974978111074309,0.9102655334737576,0,-0.13699846858387216,1.3280817679454828,1,0.7350992410059505,2.1994735108765777,0,-0.49220868205626916,1.28076075263873,0,-0.16551848398417152,1.9463565196244956,1,1.7683758969249475,1.6596088265588784,0,1.1456304781649587,2.3126932763441608,0,0.6712679617000322,0.6563742844320957,1,0.5133060621128503,1.034019593311393,0,0.6747595464419701,0.7195577824804951,0,0.6327466012941838,1.8093227875117521,1,0.27729522023697467,2.2019677778626754,0,0.7498024574114817,1.5103668674905104,0,1.2163448822777831,1.4315554290934591,1,0.6549270551472304,1.30668945400629,0,0.6928028489606023,1.0252833152078922,0,0.07563372920606351,0.7893540137272864,1,-0.11910936060980279,1.0797865277592031,0,0.8142575981566154,1.6685567327523132,0,0.771335562996131,0.5735290244814778,1,-0.06075629711108945,2.2640346402593794,0,0.4432917889812666,0.712514230227478,0,0.05398889284643797,1.0099521194660408,1,0.07898376212504477,1.673471617686105,0,0.8087518891072383,1.6116879876340042,0,0.6440791489678814,1.5208450537374125,1,0.37942873853745107,1.2830262972529025,0,0.8646864808883272,1.2755399040139175,0,2.0609723764698904,1.21235237603151,1,0.6108888691094796,2.208712978202077,0,0.953944693766837,2.402848395773524,0,1.099986432943721,1.8779735479760604,1,1.2599973600711594,1.8295807300857674,0,-0.4909324836769834,1.1061616231823108,0,1.5129776704531392,0.8709759358995055,1,-0.10835223542003942,1.3142187047014988,0,1.1134193600221503,1.642554835364004,0,2.2809798490800075,1.5363921664888787,1,-0.2101717679636764,1.5184611867731852,0,0.5434736280710807,1.2201009620510475,0,1.4329269203777006,1.5028482941201289,1,0.07637006885988948,1.229699534768037,0,0.8629350359187417,1.1764096176602645,0,0.6833961315318067,0.4056214095074104,1,0.17974357170824024,1.1049877710676008,0,0.3078127022095583,0.6837604261965394,0
138,100,0.3,SuperLearner,0.6332068233439103,0.1321784197863089,-0.19151150956900184,0.19741151610189916,0,0.6949041508083229,0.7239798491907092,1,0.589175316101367,0.300630579932445,0,-0.05551610173333467,0.4115450523058099,0,1.5060944626403674,1.4206900244473182,1,0.06531281282883687,0.26422574651818054,0,0.07046692370277116,0.21131288969315964,0,0.8547296581721995,0.3853268415729552,1,0.5044007037641307,0.38407914226866924,0,0.09694278721791466,0.30988353567839044,0,0.3926130994268696,1.5092415382380766,1,-0.12552325135466585,0.3105767949612132,0,-0.08669811312127701,0.5241734685720985,0,2.4399495421218256,1.644549774300268,1,-0.3901363150282443,0.11491185390109966,0,0.2884290816920051,0.6853310032577914,0,0.10476004298479755,0.9953390628081893,1,-0.2887782880673982,0.38215559232969687,0,0.05446054224111209,0.2081086607350505,0,0.9797329454627659,2.021725153888401,1,-0.47989205504195753,0.9991081124194822,0,-0.02629059589472512,0.2911802093293219,0,1.2894784463314786,0.8355366602384499,1,0.11271941939977981,0.71781874969838,0,0.05194168718449834,0.7006633316846402,0,0.6740478667972367,0.5477091505244941,1,0.26402646287116277,0.5216445568071448,0,-0.11095767965370688,0.7657475510290673,0,2.224291204570996,2.326884500159689,1,-0.12423940135347458,0.3506532686549362,0,0.09748552646835751,0.5118545496658183,0,3.1899395616290773,0.9305769572566513,1,-0.1062850617118239,0.5189759835364454,0,0.1327390495960948,0.22110797823505848,0,0.8255555166336098,0.5221698432719973,1,-0.2954909835950806,0.5735129100823146,0,-0.06995604248460416,0.21263417124719786,0,0.8757134364779896,1.3520255262994778,1,0.22558704251327938,0.5623966781168394,0,0.3789552239549795,0.7347925423514831,0,1.257469464239217,1.2178631248481921,1,0.10220837424038512,0.34394050099934564,0,0.12700200592484184,1.0240837890494128,0,1.3490990308246358,0.6455815200829746,1,0.14211136834405982,0.25335728965230186,0,-0.09362358941660452,0.1817525342838096,0,2.1362222366702985,1.7991886568507791,1,-0.16884144297925346,0.3693764725637673,0,-0.43528696212727036,1.0436220436446655,0,2.7058589980594987,2.131178360658109,1,-0.10336856315071574,0.5006581583961137,0,-0.36419598130102,0.38895874878298603,0,0.6577337688353274,1.1847202353141568,1,0.45163867812065944,0.9047023706443083,0,0.2298313069705565,0.16410232715381023,0,0.6387470477984977,0.42049599062173715,1,-0.03786251596071316,0.21431970722308763,0,-0.09070547977391238,0.37673838825872735,0,0.2320313904257069,0.5844911143618058,1,-0.5196764114918363,0.6356018213299987,0,-0.2686495561109641,0.625305226257629,0,0.49762944690467875,0.993270863507613,1,1.2309062971784304,1.2934910902528804,0,0.2280643566182552,0.7849534145210963,0,1.1777084895001981,0.924009386180363,1,0.06435920202017599,0.15071825944815034,0,-0.014846156199413207,0.4637549884358358,0,1.7608187900722192,0.8474216395650983,1,-0.11393889969838981,0.29543949751793874,0,-0.15012035862737932,0.15625421458689864,0,0.9115225326256551,1.1928613169384943,1,-0.234938745470193,0.24750460313625722,0,0.06004019353023997,0.38373590098767985,0,0.2143629407738251,0.9393134438076577,1,-0.013567845432374184,0.12035382631734702,0,0.32225529369804556,0.42631823073150205,0,1.6472388191887037,0.9519729094595477,1,-0.2566345003857955,0.2689409889367565,0,0.08278847025430165,0.35617538687856337,0,3.573264884646432,1.350406722039599,1,0.7637601306445922,0.34236058853387874,0,-0.6126824907482213,0.7768702390426668,0,2.0214122568004917,1.515797764386983,1,-0.0697448476880422,0.3883355916343716,0,0.10827906427211131,0.6553002570684255,0,0.3263455752438599,0.5849254316010126,1,0.004603283492633515,0.4641407050691543,0,-0.09460455596490899,0.5885167111926689,0,1.401633376045115,0.7052497865004365,1,-0.12230892995421572,0.18254676482457707,0,-0.08036041069759849,0.23638974383567707,0,1.1696736722525132,0.976383754717548,1,-0.24258242384639014,0.5822832372209253,0,-0.0837532813873986,0.47152673428858416,0,3.20521537817305,1.1679617926182204,1,0.0015612895338156351,0.45357343182666987,0,-0.2802496104934665,0.5619070227672588,0,0.6166287172865409,1.1680971192771912,1,-0.30739749975234515,0.42547416000709803,0,0.0046986311708636375,0.3061654912313267,0
138,250,0.3,lr,0.9530535616690349,0.010703788862945419,0.0014110697952838488,0.020979166840009368,0,2.15172086391576,0.5687566474646679,1,-0.00024889050182174083,0.00873343253242615,0,-0.002030756297650353,0.016328721634159958,0,2.4479685081860483,0.2418863132719075,1,-0.0016534640064227745,0.0058180713111038946,0,-0.0004425941745923128,0.003989809213471556,0,2.1340123567782383,0.6041568907934827,1,-0.010896195378094112,0.014420440982218275,0,0.003664997615818212,0.0254013896447428,0,1.9302005666224744,0.25926232369611996,1,-0.012936348987162555,0.024034407796253526,0,-0.01738722486483971,0.02313329147504083,0,1.7146163411304443,0.5523556773112318,1,-0.02405101823103909,0.01877102365720061,0,-0.0006201761681351844,0.017078288112387787,0,2.0483441871568115,0.5030867930322691,1,0.02608613241618917,0.028885950531965084,0,-0.0013854650877959166,0.019573826745300456,0,1.8731580919272481,0.6124041713962336,1,-0.006341538167061613,0.006641375192234512,0,-0.01547399633628333,0.022902653385846714,0,1.7406311737397737,0.34579641756449736,1,0.003788304587291823,0.023246586030827823,0,-0.001660272091705708,0.007816989950022014,0,2.19948707905749,0.4326579463894086,1,0.013447916144181903,0.033321498087025773,0,0.017712127330766814,0.018282911551966916,0,1.7687819768738298,0.3416766796774538,1,-0.0029884311440048997,0.015661750866990547,0,0.013050175827450602,0.01619169499711384,0,2.333405540768193,0.23640817889216553,1,-0.01500797434842785,0.011343324899009506,0,0.0003725083892943057,0.026216766305156687,0,1.9033503653377406,0.7251020243214148,1,-0.0027017242467206474,0.011443492567764045,0,0.004308703567465076,0.010468556811205681,0,2.584086861911969,0.5462173265389721,1,0.03116618450297499,0.036441529697646774,0,-0.002428304820233109,0.005626379506751953,0,1.4081716166061429,0.22431386164037534,1,-0.007207513389115077,0.0156735538533255,0,0.014391961528064334,0.016607182045598943,0,2.480004160581905,0.5653516272677979,1,0.05453359117258335,0.028715855703202314,0,-0.005057645478969094,0.014748656466305294,0,2.579211364964648,0.4005033739585158,1,-0.005248251733074019,0.007193979115510983,0,-0.0007731957535381531,0.003210638738991757,0,1.6100983206455832,0.25103113251169973,1,0.012122237341431759,0.03756302365245277,0,-0.01002982067908775,0.0216449052062728,0,2.302152289211963,0.446972932389271,1,-0.0161691196456726,0.019534619089478244,0,0.0011298805306359761,0.004126685361307974,0,1.8996706017312839,0.5867097561285972,1,-0.00966170195972864,0.014840609888281609,0,-0.01663783436703583,0.032886610963686,0,2.6308005198803035,0.5711901532837836,1,-0.0012830126338209246,0.012445575266384033,0,0.01240820450813245,0.01546926689721623,0,1.8870377679893835,0.6105428635761583,1,0.010667482357436236,0.029190221237472745,0,-0.009994492306472483,0.032024368862961,0,1.8562923924386112,0.5331323818941837,1,-0.057069362319049896,0.05400413995909992,0,0.006540562840787564,0.04613053786003241,0,2.0659941970183797,0.434081593074493,1,0.004887598729161358,0.005964104133618699,0,0.011045203861675849,0.008690119355763682,0,1.7673107107104293,0.6992282935790319,1,0.08824450453368846,0.06196907262137088,0,0.05690786430489718,0.04248313916642573,0,1.6784744455062437,0.521162813884658,1,-0.008038703954836347,0.008948115532198793,0,0.002064177108927706,0.02300249211857512,0,1.4899369363288704,0.38659651568779074,1,0.0025890315567732108,0.01912222475951842,0,-0.02631497768813691,0.01677974171042752,0,1.5428795554830754,0.4885629160107305,1,-0.01438686871271068,0.019184823054063327,0,-0.008526357035387237,0.011112552590793667,0,2.9316206951952246,0.6127992376426539,1,0.010402768121961272,0.02515995412405536,0,0.018232478173572965,0.050555657950689156,0,1.7641880724054773,0.3991240006354512,1,0.003051113369394877,0.007505506897499692,0,-0.010095796468854565,0.0051145345846724775,0,1.5682343125991565,0.30701608375085304,1,0.009926740071036553,0.036515079577159174,0,-0.009942064734047346,0.004027544034651774,0,1.8146898184761695,0.5626299336417573,1,-0.021641221752241153,0.01883707468350912,0,0.00401580956812819,0.024666682911908093,0,2.200749316275782,0.40386742607403764,1,-0.006843758952115588,0.013065000814069019,0,0.00577741954054521,0.01783553273125022,0,1.676926296393757,0.3261097805865203,1,0.002820785585357434,0.01406568261637556,0,0.009751599987225284,0.03804977791078607,0
138,250,0.3,lasso,0.177795969008551,0.06785768105751798,0.0,0.0,0,0.0,0.0,1,0.0,0.0,0,0.0,0.0,0,0.001631294255199691,0.003262588510399382,1,0.0,0.0,0,0.004646615303910977,0.006140683602344888,0,0.007575467618259396,0.015150935236518791,1,0.0,0.0,0,0.0,0.0,0,0.0,0.0,1,0.0,0.0,0,0.0,0.0,0,0.0,0.0,1,0.0,0.0,0,0.0,0.0,0,1.0594213298403046,0.23084240515532106,1,0.0,0.0,0,0.0,0.0,0,0.2224618838728421,0.18912150278378687,1,0.0,0.0,0,0.0,0.0,0,0.13548976468275514,0.18175601875981312,1,0.0,0.0,0,0.0,0.0,0,0.8782416075213721,0.28350576933872873,1,0.0,0.0,0,0.0,0.0,0,0.28797504047340794,0.23214756367960065,1,0.0,0.0,0,-0.030897973381460588,0.06179594676292118,0,0.4664907611024133,0.14715071749943354,1,0.0,0.0,0,0.0,0.0,0,0.0,0.0,1,0.0,0.0,0,0.0,0.0,0,0.007414760893966274,0.026896656568409855,1,0.0,0.0,0,0.0,0.0,0,0.1345158518356701,0.12137721699491913,1,0.0,0.0,0,0.0,0.0,0,0.03130041292821203,0.08261983239027733,1,0.0,0.0,0,0.0,0.0,0,1.6073060247888062,0.8902483171989801,1,0.0,0.0,0,0.0,0.0,0,0.10106773124832849,0.1601377047219234,1,0.0,0.0,0,0.0,0.0,0,0.0,0.0,1,-0.05702242400609725,0.1140448480121945,0,0.0,0.0,0,-0.033091129387963665,0.06618225877592733,1,0.0,0.0,0,0.0,0.0,0,0.19573326605736024,0.24147716078870818,1,0.0,0.0,0,0.0,0.0,0,-0.037149034578446614,0.0941585189162246,1,0.0,0.0,0,0.0007169655742924874,0.0014339311485849749,0,-0.0005365268640975387,0.0010730537281950776,1,0.0,0.0,0,0.0,0.0,0,0.0,0.0,1,0.0,0.0,0,0.0,0.0,0,0.48606060972548776,0.26633153591935543,1,0.0,0.0,0,0.0,0.0,0,0.18015179151574476,0.35496998253800505,1,0.0,0.0,0,0.0,0.0,0,-0.01383775821625946,0.02767551643251892,1,0.0,0.0,0,0.0,0.0,0,0.0,0.0,1,0.0,0.0,0,0.0,0.0,0,0.2920997190821203,0.1841876687434274,1,0.0,0.0,0,0.0,0.0,0,0.0,0.0,1,-0.001379838125701994,0.002759676251403988,0,0.0,0.0,0,0.08173014365509737,0.4332574937210796,1,0.0,0.0,0,0.0,0.0,0,1.4288423816434395,0.30688945456105504,1,0.0,0.0,0,0.0,0.0,0,0.8755598047648846,0.3905362345892779,1,0.0,0.0,0,0.0,0.0,0,0.5356895253811198,0.23974019474645025,1,0.0,0.0,0,0.0,0.0,0
138,250,0.3,dt,-0.7918401120805882,0.3404264770234208,-0.5365451140371363,0.7410920928101756,0,0.013463038895784877,0.02127736210079392,1,-0.11467311883714384,0.22810946115624597,0,0.11295639402365673,0.13666935037944344,0,-0.054340893015421554,0.18906085545844256,1,0.01628917894651116,0.06306543410765715,0,-0.0560733820054759,1.6292842605193623,0,-0.19452889871559564,0.2504105956802332,1,0.08424319192303478,0.38309469127284185,0,0.13551801325366553,0.3187432890487141,0,1.4051599119905314,1.9372762766908214,1,-0.1661135479718377,0.6143043566848178,0,-0.2545762542320159,0.4070921051890062,0,0.005271245685106748,0.0930018317399574,1,-0.18851754747506355,0.38318976918923264,0,0.9164411919683009,1.5873209666938808,0,-0.3928358492789139,0.6220299556922486,1,0.8564924549081765,1.5675699657283737,0,-0.006963947959835452,0.06482551734469144,0,-0.7038503775508118,2.239349814813175,1,0.031287924571283474,0.27115975871453474,0,0.41623303035188564,0.8324660607037714,0,0.029829575466793035,1.0701721803728648,1,-0.8758253448641028,1.4359007803504575,0,0.996016970943006,2.4410804168210967,0,1.233534407767642,1.9265990118953542,1,0.18963321087396787,0.35459896023225435,0,-0.45810674042541866,0.7369878678328118,0,1.627117284584191,2.6147932108602885,1,-2.266903028150511,3.1272881265143853,0,0.14944233048555464,1.1698412484163767,0,0.660088399255051,1.0855565168184522,1,0.4773694610835788,0.8595013897097362,0,0.7382949684771962,1.284719683087163,0,0.08207899050554388,0.11129478447655854,1,0.02280745234419219,0.2633114344087467,0,0.09260176473517216,0.5937987838698771,0,0.5199986190445799,0.43112474724741306,1,-0.8261080727814429,1.7835392409483926,0,-0.041855522133040904,0.09985998021311022,0,1.093422917382823,3.230448333555031,1,0.3858414158176138,0.6968805678431044,0,-0.04368751308240695,0.05682084910407099,0,0.07835212802410722,0.11609563020226213,1,-0.4804273275041111,2.068889445853841,0,-0.5053384128867634,0.9589452375610634,0,-0.41254021331109847,4.785449076448533,1,0.07434090449998032,0.14868180899996064,0,0.017067415030342686,0.028754995688448557,0,-0.9385094931225826,2.7110380369085325,1,0.17935316665814932,0.3957661986706429,0,0.27821185630925926,1.5377824964402171,0,-0.08910978649334067,0.6481094023986014,1,0.0,0.0,0,0.0973693111335172,0.2549120060001554,0,0.11111690086268275,0.16627675778112092,1,0.07857897117976938,0.20582234908955366,0,0.008314019500083702,0.9284423504839857,0,-0.24230242084812809,0.8642269185294942,1,-0.059433738976996886,0.08404285977322608,0,0.12596581850957306,0.3172247827537996,0,0.5130305286228182,0.9967277164110759,1,0.08263917125487324,0.11674892264639317,0,0.3091567028765226,0.546590103585069,0,-0.12200954868972358,0.24401909737944716,1,-0.9114566517022377,1.554059136213102,0,0.3534698917251701,0.516027662151844,0,0.23199146622747208,1.0409890884385595,1,0.25035940545972474,1.80651580892843,0,-0.7231147752605818,2.2445488580714645,0,-3.096876839123561,3.888944150182427,1,0.7980065512363864,1.1363648142518528,0,-0.005376642131548587,0.532722638117592,0,0.07900922687326575,0.7756479978349652,1,0.05238574215475752,0.2806295443589668,0,0.12493097218419484,0.2299240691321562,0,-0.07571990507679285,0.1010568086099668,1,0.6899087537925143,1.379436366120783,0,-0.15159234191077262,0.4498371083734978,0,0.4001964576049083,0.5809875243286199,1,0.008552546828001708,0.013764908585384804,0,-0.17840560781022335,1.4356448430342437,0,1.2269188913838676,1.6012733613508245,1,0.30002766461414837,1.0486821461492186,0,0.14578698400477294,0.6404363809206682,0,0.4166412881976904,1.0891733338578315,1,-0.46073474245666135,0.9931208813850209,0,1.0693668889120207,2.1446290191775454,0,0.3030535113282017,1.932219987153037,1,0.3175872081310839,0.720693923130251,0,-0.15829806551817546,0.21117245307225377,0,-0.049293640736408226,2.9842301930321193,1,-0.05086147567651824,0.057923160002966906,0,0.029851125828083098,0.059702251656166196,0,1.41104194929151,2.3646453968536276,1,-0.31322617828168187,0.6813262751274326,0,0.16920360829887432,0.17635811567576606,0,0.2964233897074347,0.5928467794148694,1,0.1499269810450885,0.15947645291943702,0,0.03816564744580714,0.07633129489161428,0
138,250,0.3,rf,0.2051070672166823,0.04208195943149751,-0.014374860195037462,0.04883367778605713,0,0.05347414736884569,0.08237954355920718,1,-0.012880252015872345,0.16928280272411533,0,0.047710069608610226,0.07505531380892716,0,0.2096330162661308,0.23394402430453196,1,0.02690070857119702,0.14706424914259186,0,0.09499922867722924,0.0816381611900828,0,0.03782656038622565,0.11409563794133953,1,0.008736538820076111,0.07808428132352994,0,0.07518019490101643,0.08036095614522597,0,0.42889343696703275,0.11603672723977179,1,0.11847823373552342,0.07653119654807929,0,0.0014979483491659507,0.06537507835124756,0,-0.04621144904747523,0.05949793556179807,1,0.01714937541735808,0.08109658378882308,0,-0.027881240517203237,0.06847893299361563,0,0.4984684799882221,0.18888002338220147,1,0.18583568512980503,0.2253654240321073,0,-0.03772121544801312,0.041248771993493645,0,0.2378658532615506,0.16792719403323,1,0.08397729633608603,0.13344370168543895,0,0.03165816991503173,0.18260287800893926,0,0.37497422335097685,0.216661264890812,1,0.05566008228197936,0.0669973455367973,0,0.1433047556398039,0.17451554501141536,0,0.5248779425904507,0.14005632516144886,1,-0.01395658364013792,0.11037823676556503,0,0.027970050762185467,0.05968966843246383,0,0.18389729557308684,0.43493027197586576,1,0.22140985174989652,0.16194746123894016,0,0.2331446637190159,0.20282250118285056,0,0.1515826844066063,0.1871716577647973,1,0.031131704394349553,0.02428760785036434,0,0.053405403425501485,0.028340895972531782,0,0.15808407908547323,0.1482143698550046,1,-0.0008579770109985263,0.08852026917016838,0,-0.06968222769555846,0.052058068273643364,0,0.23543096615022016,0.06826716807144627,1,0.0067479594508530584,0.07848908572694034,0,-0.06348807709205766,0.12411721886492703,0,0.1823446757541675,0.2570200427653664,1,-0.035682509367224266,0.10679945133219715,0,0.0901124068084443,0.03267795903803408,0,0.19931252658927526,0.23941712014789548,1,-0.03342553463660511,0.03827317755971224,0,0.11383498275959232,0.069192946359604,0,0.8539475730356048,0.2105473488274162,1,-0.0389003884840746,0.07242281523312355,0,-0.0006750149935235749,0.03289932648428348,0,0.2849807222342826,0.2643735921172138,1,0.06962032672981565,0.1103966887041581,0,-0.06806381332863029,0.08301343340558047,0,0.009555575104543041,0.06353391307832612,1,0.15927649021760795,0.1642677368127153,0,-0.04211076935648367,0.0483037342010148,0,0.042031302623494894,0.18457688691567414,1,0.041527673717101435,0.037936091796996974,0,0.028562039173726527,0.18013431551087247,0,0.23956355025340517,0.13468283226187544,1,0.08351831881105543,0.08221876297130642,0,-0.002408973030139577,0.016038634080819188,0,0.5308685921663024,0.28354495514617245,1,0.08434694158290551,0.12155420760141761,0,0.20600918234294835,0.2320680294835367,0,0.006006411099143749,0.036028607218130414,1,-0.052348163251388316,0.07168121806043244,0,-0.03942328050747356,0.06495567272452206,0,-0.0067260296773373664,0.07162018679040862,1,0.06789366148864986,0.06607071793319644,0,-0.07929024940104461,0.18533994898238154,0,0.14390085011811712,0.30063509295871554,1,-0.011033799562006648,0.07703111319555533,0,0.0656915865028218,0.08813306503609876,0,0.12490884641811742,0.17035134148462194,1,-0.004488971755646004,0.10732877877233231,0,-0.048393950193589795,0.05507499657499094,0,0.09582875930094067,0.10505279775752442,1,0.07381303105684198,0.0668988492957758,0,0.0004031285448024847,0.04840015384651613,0,0.030235520445133512,0.19116803894014914,1,0.004931221802433992,0.12269753183657399,0,0.024083387385479806,0.16202156080405133,0,0.4554687529743762,0.26387333129773904,1,-0.010315269005446168,0.0315035822165495,0,0.05210264528101051,0.11540210183233501,0,0.07301931239941185,0.11829426069703496,1,0.1382175519312392,0.13489613975717737,0,-0.002898192432624469,0.051869691689963165,0,-0.006290395923681702,0.44267270820011834,1,0.0017167876349106325,0.14015728999718255,0,-0.05576029803322156,0.11006074071304493,0,0.7498609311806164,0.3566338842595489,1,0.023863153515764363,0.08717980587893942,0,0.01783940083294124,0.014730537679271946,0,0.7855181887309562,0.4607881118101525,1,-0.04992923937192979,0.14153678050753812,0,0.05585943600123716,0.11196307494458639,0,0.4519488450433952,0.1371881341867124,1,-0.014357300485817098,0.10542213174605565,0,-0.010276362678679846,0.043502824331482004,0
138,250,0.3,et,0.18877394424328903,0.03847550036573844,-0.053928014501195574,0.062266608632859696,0,0.04030399779766447,0.01686771317412654,1,-0.07399843205796984,0.09718861998368424,0,-0.10951677669014433,0.16055896839360112,0,0.19584969141790406,0.2761578638315857,1,0.025219712288803087,0.1520923241690828,0,0.19816935267160599,0.19383519811374547,0,0.07416549226824654,0.22066596651457698,1,-0.06107330705431442,0.08048118307276748,0,0.06823898578172483,0.08277690469693066,0,0.39391517941410836,0.5151204297003096,1,0.0031269396533770014,0.17394092296189592,0,0.06587899950403334,0.09815500676368942,0,-0.011301716292565146,0.05865201728784197,1,-0.07806375804348778,0.023309106519924513,0,0.012130709052907768,0.07367037634728558,0,0.32808390632967777,0.13038905782768978,1,0.1937974191537116,0.2322034692588915,0,0.05147328431657128,0.12109302153777697,0,-0.022339827411441616,0.3384744649809608,1,-0.06770326266296121,0.11737839514783537,0,0.04800706248652327,0.08417707290162649,0,0.3775206387819181,0.30505685345841393,1,0.020533016958185886,0.10616380379682143,0,0.15837522017853864,0.19785724280068065,0,0.5230725026542457,0.30854091571536285,1,0.11242475492072872,0.12903826375497934,0,-0.008841852542439788,0.12968952141007165,0,0.3206093422932185,0.3330015823373406,1,0.27037042318516213,0.2096425190054444,0,0.13010257956581575,0.12912395163609758,0,0.285720209966854,0.17090916211349427,1,-0.024564305474748326,0.10467685626293055,0,-0.07556380364660721,0.07668233384370948,0,0.015316441682007307,0.09865519351287184,1,-0.03913540008394439,0.09093676601293824,0,0.004255744066187177,0.03983915475552792,0,0.034823770123477815,0.18299024851171442,1,-0.021573749949045203,0.11094233714762235,0,-0.07002160088102503,0.07057452078460982,0,0.1014752901443254,0.3194406993842605,1,-0.14598349777933378,0.057965986841151736,0,-0.007058735106095511,0.059973720870093776,0,0.0991251621702818,0.14032200872063827,1,-0.006540018793441423,0.05025864098173743,0,0.03340646052315563,0.07668426202448557,0,0.8139945635773828,0.22690425397666278,1,0.015195337760994066,0.07121135320254822,0,-0.0014408323616352443,0.05316722411008648,0,0.23768484642631496,0.2428013800700951,1,0.059582327347311684,0.03900383186036169,0,0.0580494218433877,0.09068490629368117,0,-0.05145604099595989,0.05502785475550615,1,0.11393041977280369,0.06153674656803011,0,0.021694469440113565,0.07481373961358712,0,-0.0028978894018067136,0.26712636252981403,1,0.044148219558744276,0.11627815325913655,0,0.0897128910464425,0.09095143646574781,0,0.24742467033892498,0.18121901797064938,1,0.14127738256434985,0.11726940446392428,0,-0.022862642219740693,0.047793636185273644,0,0.18825707246464085,0.16654316646915884,1,0.06594577683323101,0.07502052060345073,0,0.14664987839640192,0.16613605714769078,0,0.006591365336329091,0.16328691979721185,1,-0.09722649785750151,0.028983473103742115,0,0.04088652088880815,0.07821950861486164,0,-0.0713259587887975,0.039035879512411685,1,0.09747026259105049,0.0962842133123516,0,-0.05119468472039866,0.12387646715529667,0,0.181557896259424,0.3320940768906101,1,-0.06263950621336192,0.08209188395189106,0,0.011279379706466964,0.05414700460898843,0,0.11243763470635271,0.23590476127912108,1,-0.010795345835270736,0.026136354117655403,0,-0.025842889252602485,0.11540618010577375,0,0.02692952812194096,0.08607380743146181,1,0.05414600580622293,0.030165261024119334,0,-0.04559533196896524,0.03728192405445227,0,0.0361202577427278,0.08370860841109576,1,-0.004096476205711958,0.1487543286341344,0,-0.07198771311390316,0.12563697063693618,0,0.4412196942071781,0.2100931766483977,1,0.07421614648354051,0.147917477208745,0,0.050049510724292326,0.12497211254441273,0,0.1434250947419619,0.14738390409198757,1,0.004776790827437549,0.0900630715906241,0,-0.06419887174430919,0.07341484470360889,0,0.0789383353165205,0.12415735003652144,1,-0.015186980142983775,0.08340532063877827,0,-0.022572763396729013,0.0840742685441418,0,0.8490154797936125,0.6767093836698467,1,0.0018606784354960263,0.09414790241286514,0,-0.07839382958415904,0.17215805637886378,0,1.1421783235450182,0.5775840638317744,1,-0.012616866456915787,0.1350578921925108,0,-0.05094274097139878,0.04216553315700311,0,0.4643310350026771,0.12983388619458391,1,0.0041051650520328746,0.08632640140284231,0,0.05633015695800052,0.07772274730957868,0
138,250,0.3,gb,0.31409000754300315,0.0507593763971292,0.02493906141656288,0.17547908202587434,0,0.07331316691004622,0.13025308373647992,1,0.10964552542299569,0.07331257064752689,0,-0.0233060761457368,0.07446844423887464,0,0.3890653597492156,0.4632246620373403,1,0.04424404534549347,0.1044852401024326,0,0.25643267491753935,0.11709331844913362,0,0.061591271629493224,0.07850054016316584,1,0.001431488584335384,0.013523220801758645,0,0.05579924890026715,0.061219709634289333,0,1.2482341102418244,0.899250819497071,1,0.08776039780681735,0.11619894532177853,0,0.011892159999742866,0.02219839610664713,0,-0.03696153120210714,0.05211147502163743,1,-0.024854613355940025,0.09045527925313353,0,-0.04235189526246315,0.07569614367216619,0,0.7400129025807848,0.40679443940498594,1,0.35981140450045523,0.13773246143209697,0,-0.008010312985083657,0.026804255677768694,0,0.10972315683704655,0.22785166179741534,1,-0.016658915525084587,0.04093716934863991,0,0.11673136763283512,0.18150602437857352,0,0.4374057323990742,0.29424897096180597,1,0.01783740990936423,0.08509354213658409,0,-0.10582374075760478,0.3249790777085356,0,0.811894812601899,0.4287288414306431,1,0.023117580495804473,0.07674934456717938,0,0.03041385609862744,0.043099583616406485,0,-0.07657274453666826,0.8573061129346057,1,0.1446842139809696,0.30855064761084555,0,-0.17499881108653803,0.554338069838526,0,0.879584174214469,0.6544137165231949,1,-0.04561425670400569,0.06551268678604145,0,0.05276248580883858,0.04096711354619619,0,0.1562540196634818,0.14494072797472032,1,0.04521131376259423,0.04217279302743235,0,-0.022293629486434048,0.01652527077216628,0,0.07350711532589921,0.1330367756856917,1,0.0347945511974453,0.09686678989052605,0,-0.02692475809660023,0.16591844638824063,0,0.44890305827969745,0.38406610821925063,1,0.005289749061594876,0.016640097557851986,0,0.058788895690135144,0.05391056323542628,0,0.6536762585794578,0.3638980157345075,1,-0.0034247811282628075,0.009392029808844005,0,0.12284134032035296,0.15607706879162467,0,1.2236707295598965,0.4999297896411835,1,-0.08624854325263517,0.18232584197635507,0,-0.047966862483705006,0.08037238116999895,0,0.35090930462430076,0.33993535851507056,1,0.11118093425423478,0.08477790302075033,0,0.056920058293942435,0.052752501291763794,0,0.012777055380182973,0.02560744213969619,1,0.2172882215851241,0.23783335885488713,0,0.06961776980709018,0.09780099849346345,0,-0.07406975372156319,0.6182031946664378,1,0.016784280045287488,0.0622069525297108,0,0.26422377264457164,0.16488120949404406,0,0.46714915048001354,0.4379696704588449,1,0.06937378034994142,0.15127530653210566,0,0.0451551012133628,0.15668059228876233,0,0.9588140911507068,0.5330343813235604,1,-0.06311214657318412,0.06938905204190912,0,0.1956510144954797,0.17683437036408584,0,0.11740514255528796,0.2137058744714318,1,0.00473299636444013,0.06611855093031489,0,-0.03837363572518444,0.09186140728819962,0,0.09970647418202727,0.18409068844309173,1,0.042214496978575114,0.055834818293019214,0,-0.031245244508948132,0.06128975432497911,0,0.34375734655561513,0.4956518434100411,1,0.019316116905841972,0.061297646910246834,0,0.07490174002548447,0.14400785403847843,0,0.1854851603339705,0.12052387626963948,1,-0.04499978181402013,0.05377212020715728,0,-0.003628566270707166,0.045761821336792734,0,0.0879127697591845,0.30263057433895335,1,0.012221451204955856,0.020516935711877484,0,0.00289823112255403,0.006186425122107076,0,-0.05094059493990648,0.2597980185904505,1,0.05138846659188686,0.21515062825420286,0,0.022814554777209888,0.02418573064821033,0,1.525069551694959,0.4647032258583934,1,0.034334480696102246,0.033233945551845674,0,0.022761702765072084,0.19411952644006042,0,0.44218618663861886,0.23837612757077223,1,0.02662719291360919,0.056644518517605456,0,0.0417012524733021,0.049028525202910865,0,0.004808640142134041,0.3027198988634294,1,-0.07481964314929163,0.128097306191916,0,-0.15376429088375587,0.22671035651100685,0,1.3159149157171095,0.5567356734100133,1,-0.02408802433569384,0.12211996996450085,0,-0.06509632323946868,0.16585125812860177,0,1.1834974726598149,0.25704170420490297,1,-0.0576676235745421,0.09341385169907528,0,0.0071277595474129474,0.10303130685088951,0,0.9859553388584101,0.8869551247827331,1,-0.003777355581712369,0.031447718514545725,0,0.10186301953593331,0.19849483626496883,0
138,250,0.3,hgb,0.3385222739368724,0.06758913354723482,-0.04921216880289082,0.046144069059730605,0,0.11710580075480057,0.10383354124290675,1,-0.06023903785090599,0.08748470592985395,0,0.0017078143251676946,0.0571342953649713,0,0.6200621051085786,0.7620678520085132,1,0.0069966236725117386,0.07518664315409145,0,0.23945022119027648,0.1431049234765463,0,0.290474204902569,0.46816459284257195,1,-0.03682358945961551,0.10229269673417102,0,0.007706770419358094,0.1882781789650804,0,1.5997027299578765,0.7196757673879742,1,0.19146804810527446,0.12664984015508227,0,0.16135899018998087,0.18772372783082808,0,0.08213645019758617,0.13631570174973948,1,-0.026026700655186967,0.11128488237406438,0,-0.028205182064156963,0.15507897398812107,0,0.9283135047519118,0.7107464727062786,1,0.03749428563488319,0.1692977889460391,0,-0.005046414561933339,0.0238326266401214,0,0.20700770177699743,0.4741780399016455,1,-0.0810178221374925,0.22962402327287498,0,-0.003663962603944554,0.15699737820329776,0,0.3614309007450037,0.43089459538678665,1,-0.049612064921068746,0.06755153329990962,0,0.24240378808466295,0.16433752492075593,0,0.5461001083641033,0.18888190360764973,1,0.003076872724151601,0.07253720752549678,0,0.1708750117249686,0.20421598154126758,0,-0.2929617470335846,0.9819383190288349,1,0.3219828951918786,0.32188540334842475,0,-0.01819012835042173,0.1580972865542273,0,0.6868535236095956,0.5172050672858876,1,-0.1357316367432309,0.3048376550912646,0,0.008814184438082679,0.039601645855480046,0,0.1670630525225882,0.11954834852366081,1,0.07044915658179848,0.05681278738768059,0,-0.02482703909589739,0.04683445096407116,0,0.24732802777096746,0.28113017187851314,1,0.029208924349827303,0.14552224646499107,0,-0.015174031623789441,0.07994849239035622,0,0.39938255975065184,0.18087680106672652,1,0.01853571517853881,0.013562900902759398,0,0.07717492291429208,0.2861242193924527,0,0.4828955190658191,0.5273640827073564,1,0.01178538850584232,0.01181229486833119,0,0.024335757194723036,0.07089775808819594,0,1.45286750616477,0.5493276178062786,1,-0.02726563953408896,0.040066702269188986,0,0.008543897714921898,0.024776831707520125,0,1.1007452257120272,0.9401601467450669,1,0.10886740169796502,0.20680576178507012,0,0.03728922889266658,0.09094978160118336,0,0.0536469905936293,0.04730650396137048,1,0.3254644464544172,0.6267274527403097,0,0.008237395410508547,0.03277043634134717,0,0.3149892815469394,0.4658517897270732,1,-0.05647218316918101,0.1249119164425209,0,-0.1734275261695755,0.2505308733774694,0,0.33214564616163855,0.5660522302648665,1,0.12153897524185905,0.2546847750991099,0,-0.04617361418289216,0.10271004683747896,0,0.6509131933910116,0.6141316195771197,1,-0.055967041939583906,0.06767199651391623,0,0.3176837078429995,0.09481198605453708,0,0.29673184156051224,0.31879740090437064,1,-0.07070589290716305,0.16826936424305647,0,-0.013140984244585142,0.026471470959046353,0,0.15407034739933023,0.15583344396647208,1,0.043329629361572405,0.11591646914997886,0,-0.09528726992941551,0.17861048433961393,0,0.5182551166943367,0.42561135515622056,1,-0.024714514867546545,0.09197219338701061,0,0.031207389844955913,0.05271925714800916,0,0.3448908377340226,0.4435899305150165,1,0.020209808632640495,0.07868935142057351,0,0.020260873654548088,0.033080576458813474,0,0.34929736742395334,0.2941099303663397,1,0.08302450394673774,0.07571936660506283,0,0.006455226015485682,0.12605490085188625,0,0.16975917869987578,0.07772751978271254,1,-0.004475121706784735,0.2155560386608199,0,-0.06189090124887907,0.0217948851362557,0,1.8821433575994493,0.9353789695877016,1,0.012895449975292373,0.05801624435559681,0,-0.0002909524828984063,0.050628958224965014,0,0.17414309334296632,0.3186667265392143,1,0.12074581875590693,0.07982761218482409,0,0.005458373551771573,0.02944398498137221,0,0.13154814735118964,0.650728983479357,1,-0.007156657143899352,0.010668121527326496,0,-0.019454268377100983,0.09011473979901491,0,1.4862681217996632,1.4886748589379832,1,-0.08227300045230637,0.10329654688920861,0,-0.039186880996501784,0.0755778819663012,0,0.6336389624058116,0.2393613271506476,1,0.09747843025225048,0.23810551346641892,0,0.019129563186468173,0.10296751181811786,0,0.8950966530318205,0.7010496858973307,1,-0.004502581179769897,0.04081462799405603,0,-0.04260875053042821,0.07994810414759893,0
138,250,0.3,ab,0.21533621881114723,0.06657532832760951,0.1256500106278639,0.16970982610673904,0,0.10108074929393711,0.12267688099897077,1,-0.029775360243398098,0.059550720486796195,0,-0.027901861620295437,0.06675022034187236,0,0.1740816504451377,0.16122221073458595,1,-0.004000986800765239,0.1278897077992039,0,0.29736260969830625,0.3323752854762826,0,0.48583027526410544,0.4119465511461415,1,0.06250547222923826,0.07302586618652461,0,0.03119738230731244,0.20625371886238322,0,0.4058301283699227,0.4162101248113943,1,0.0651265661006808,0.09651409441486776,0,0.07367988507247865,0.11809274890262117,0,0.004172587106817902,0.14950884818987387,1,-0.027849755333689618,0.1436790150173048,0,0.019827704398928774,0.10314240560904815,0,0.924405335099021,0.3098958178850045,1,0.49847008866047593,0.2933309021934552,0,-0.0821819235463621,0.07734738531334043,0,0.28061263688734484,0.5089504467181789,1,0.07568775444812278,0.07215129450119798,0,0.29063940099635366,0.2718577130178033,0,0.28137157289906267,0.451643515346631,1,0.020066948129917404,0.09646305878032795,0,0.08241671896956951,0.16951299478182524,0,0.22658313196083407,0.529639744119579,1,0.014876571845242808,0.07598948136393632,0,0.06674257577780367,0.23599637427592796,0,0.5891012391519068,0.8201294179090293,1,0.17446204145199237,0.41310493552708133,0,0.49260014097442434,0.3808307241189858,0,0.3202297677618513,0.3127721501774587,1,-0.03576952490645948,0.07596140212079432,0,0.04779860462164423,0.05912899651237638,0,-0.017347671876738545,0.28435884484546775,1,0.02056897998090267,0.12610522556395512,0,-0.10898080121852934,0.09966675519905674,0,0.006620931392313706,0.0843617429895431,1,0.28663408222489,0.5694721275783854,0,0.024356172708234997,0.07954884381816842,0,0.5850522289069382,0.34867714728415666,1,0.024927304950050112,0.09587933061219826,0,0.09632913085810205,0.2762529395170487,0,0.07071516297803679,0.49663454026198856,1,-0.0013624751781109979,0.0027249503562219953,0,0.06558488045739415,0.18814372936128035,0,1.197715321780363,0.5212621099199966,1,0.004087792544067654,0.005112764729543086,0,0.008782137296977112,0.017564274593954224,0,0.5812496314457721,0.5084676597732459,1,-0.0007833338643248311,0.30436050149177396,0,0.0665887904109039,0.08700497591431336,0,0.010665183201328204,0.06561726465460944,1,0.03343812926733476,0.21081146764042485,0,0.043161143186497074,0.052146066339978744,0,0.08605694492261665,0.6382993856330458,1,-0.0346335549596196,0.04497224315538222,0,-0.04999496786647255,0.24199403951081216,0,0.4209743508772597,0.3978898392873142,1,0.3189552264798633,0.2719833844923281,0,-0.029911340319755925,0.05982268063951185,0,0.6891198383971906,0.32873728879422726,1,0.08060036299318227,0.0887005579084294,0,0.19762033831066783,0.143666561840083,0,0.1265157193405006,0.339479457635286,1,-0.017045222853639887,0.06105470197412163,0,-0.03677270524064863,0.1509300605188904,0,0.08337535543742247,0.15865149276575244,1,-0.012152290302804892,0.2192031096822093,0,-0.0437283421799342,0.0874566843598684,0,0.19505537413183702,0.26820999971446824,1,-0.020981804807565795,0.1841142168169273,0,-0.035964742024352625,0.10744172635688427,0,0.1079447936622949,0.42506135984663995,1,0.08255076012005838,0.20695429797572776,0,-0.008780165022351454,0.03854698615454668,0,0.04401451084373054,0.19976855548721162,1,0.04427713593752465,0.299182960184236,0,0.08200809565545224,0.22844802907752199,0,0.12585659696601928,0.162202290798741,1,0.19478964274671257,0.10629668305116445,0,0.04063894422614882,0.31986613435731703,0,0.9676127544296618,0.7959125704985628,1,-0.07689804163336264,0.0760155876019002,0,-0.026866661142957243,0.06036809772099063,0,-0.04014233037023165,0.4273277221135558,1,0.016882869262041026,0.05658047692275436,0,-0.036914425029115724,0.05360079127840577,0,-0.1923432261309463,0.46507975551083686,1,0.12640833091334674,0.1800565509071604,0,-0.0449861086767659,0.10289363497858237,0,1.677992221546744,0.9500727682741491,1,0.0256159769083461,0.06661373953981954,0,-0.05910971385072661,0.23431717698503793,0,0.21776160002548722,0.42765217370312525,1,-0.010030994277041206,0.29851056066177517,0,0.05374921502051096,0.21160644269744194,0,0.6070584617337805,0.46543871873558074,1,-0.0029376441250398813,0.008973561845052217,0,-0.048506920117061626,0.3250329426835768,0
138,250,0.3,bag,0.049504239821868044,0.008242905349351754,0.006825007582771601,0.090420106295121,0,0.019263270204368098,0.042166417341320706,1,-0.08503604706315762,0.3441100925297527,0,-0.06788115730065696,0.11373630531687229,0,-0.08635517566396333,0.4162783303686464,1,-0.18208241616217763,0.6592484089261104,0,-0.009508644173141317,0.3072098230617569,0,0.24764821939205423,0.412063016065387,1,0.011080716963114851,0.18583010381268722,0,-0.06427742690308758,0.18888442689826937,0,0.5437241523851233,0.4634288721133042,1,0.17364922294202412,0.11917845204918116,0,0.011411408181143005,0.06369894931724038,0,-0.0059536401378023655,0.152697520128255,1,0.13014256656943118,0.18683786521193704,0,0.1027442374575471,0.1073779047385207,0,0.49659802820072985,0.2115116697089873,1,0.05527996102451103,0.24242098934071657,0,0.04616589259252724,0.03204247630538617,0,0.2739607557260374,0.7071242910106392,1,0.07740189599931886,0.21798842588626552,0,0.23899294322346268,0.8396059914770223,0,-0.1668140235279419,0.48292819360776185,1,0.28799666327508555,0.14184356105764076,0,-0.040927187298939995,0.24366287201313727,0,0.5970456921675014,0.49308260935520465,1,0.054614011150928274,0.4127557918876347,0,0.159352322299462,0.26630529762125793,0,-0.15713569723803084,0.6185182649575144,1,0.16737712491798265,0.4817645448448091,0,0.08007289262547763,0.3872132958773589,0,0.2908312048645345,0.6904398651576956,1,0.006360278835995474,0.1897112289354754,0,0.09178871070815425,0.27016384711721947,0,-0.11798736186154865,0.31692887418493715,1,-0.03583467942578826,0.18430541083073435,0,-0.17005924072789527,0.16777529393338428,0,0.1641773314855445,0.5546550907829415,1,0.007475430991122994,0.1967617267958781,0,-0.26800605592831295,0.2823792674838541,0,-0.19984289891546694,0.6666891180832637,1,0.11875693164192005,0.26886130879520603,0,0.11055826920218512,0.32899883980101413,0,0.529368946872514,0.770341418258087,1,-0.032085303987352334,0.19643117523285686,0,0.11764795814649835,0.14102886442696405,0,0.9886117103478151,0.4743124090512305,1,-0.06343214101000964,0.1686195271526204,0,0.017545765217984028,0.3445713438452139,0,0.35546569780225373,1.1525207426047095,1,-0.017779778145932533,0.3589406851205865,0,-0.009885259677791103,0.1885519817806854,0,0.048326375827151824,0.19237813848870167,1,-0.02577415827970691,0.1617142429280107,0,-0.09716019214151142,0.11327249238186056,0,-0.15512729098653955,0.3894806571106189,1,-0.010506087514944983,0.3272854949272438,0,0.6613891889136811,0.5553966260225324,0,0.4715012430290992,0.6651958723408697,1,0.19681014952306933,0.2915841536728918,0,0.03770009451585764,0.16816773328046566,0,0.06393339037244061,0.7476557064994886,1,-0.15635156660634633,0.29817676853229036,0,0.1380919731598076,1.038850689641181,0,-0.021266795690881645,0.3292084695199204,1,-0.026322221419744034,0.21523243485942423,0,-0.0055312734246518724,0.0544652351840217,0,-0.1944113401207547,0.5497188486852567,1,-0.12234410061313641,0.4029341581840613,0,-0.05380863833796999,0.13716624075889394,0,-0.34587895040462396,0.9577727742355318,1,-0.061563300072853065,0.267921655053565,0,-0.035566025554739894,0.07383222366209859,0,0.15274860606747395,0.18922032281607828,1,0.13501155701573572,0.37152680979678315,0,-0.046569069817330014,0.0817085225036771,0,0.06670683978955086,0.2261938372504142,1,-0.06304845737882525,0.19792341795055307,0,0.11772112545056838,0.20113194742264456,0,0.0158565044061505,0.2319033646011584,1,-0.1552271385983108,0.38087478916975576,0,0.10044352708369557,0.4041271302583774,0,0.1838397850522589,0.4274973551471551,1,0.16343494691120683,0.22188971517972614,0,-0.01049534524567437,0.2675678426073457,0,-0.019134403046117642,0.2784821070555256,1,-0.06554670282199186,0.20581799263330494,0,0.03656110008544783,0.10557877055998004,0,0.18009316588147709,0.422466103313223,1,-0.1530958172818288,0.2982632481608055,0,0.13294741629278478,0.2760304151979454,0,0.8467554308477488,1.2131094739253225,1,0.1724658724741897,0.2469197033093504,0,0.20228935318614835,0.14561115633125077,0,0.4554963153594594,0.6114303276304454,1,-0.006196483488265626,0.09652999161175665,0,-0.14058146965561705,0.17644444762160322,0,0.3650633145718724,0.840800598692039,1,0.16235705582479318,0.39086819053938426,0,-0.11351230409930793,0.44598368019512064,0
138,250,0.3,mlp,0.7678691976945685,0.015187425632911535,-0.020202767265000515,0.06238865674851254,0,0.9595223399828263,0.31405751906375323,1,-0.0024166194912702845,0.06849891228352242,0,-0.0222029931859093,0.13727732966447562,0,1.0927212469463554,0.3908212799495246,1,-0.0882466508184637,0.0828508968064676,0,0.2127377880666655,0.04373130351119443,0,0.6042101209141142,0.2784803931003376,1,0.08915333400191797,0.18445877640498728,0,-0.05305375094605156,0.08495446123276003,0,1.2778998458370396,0.36837715984983205,1,0.10435640588877108,0.14668692528734512,0,-0.0005816602749083189,0.07665939924769408,0,0.8537264891011581,0.38539116787208855,1,0.01397374357090772,0.08982912466611252,0,-0.13188396284717616,0.17885688369113206,0,0.9858538107528941,0.31054432289040806,1,0.009727929237127526,0.09182802364702594,0,0.015120685901823605,0.10318900506696713,0,1.0483355337655784,0.5656298020039189,1,0.11063077659226091,0.13354202496111608,0,0.08222985565984059,0.0676368348725066,0,0.7465455168934053,0.3016332915878683,1,0.047221198712793636,0.22027273436170763,0,0.0295631757386296,0.10125156329959417,0,1.461155011602604,0.22790739482575648,1,-0.060530010487778764,0.07852307774866675,0,0.06747218314900613,0.07334741394507593,0,0.9598707902345502,0.10776150682568343,1,0.05095923361039062,0.09702236398282618,0,0.11165492533739366,0.14746905915245048,0,1.096107773718283,0.307072504009397,1,-0.17748624303925734,0.09875118671419959,0,-0.04898075994833982,0.0971925029481763,0,1.1871415476846063,0.5931675484680805,1,-0.07139121184968608,0.08696359908314706,0,0.017117356786303148,0.07000635166806161,0,1.322181408858076,0.5599892944810487,1,-0.003867974975863708,0.10064532332786025,0,-0.052394144473745116,0.11285055756262848,0,1.1937592129517085,0.5357782725355811,1,0.02619588710851132,0.08690414574059453,0,-0.03134889224573824,0.11839689432987102,0,1.749151621555492,0.7157270626487268,1,-0.006784645471938297,0.0294503994267972,0,0.1276732958925101,0.11810111726147914,0,1.7963398694594486,0.7647825817342965,1,-0.03440407173765879,0.1478582990302561,0,-0.11159191578067942,0.17321902076240578,0,1.4544979516414809,0.6148417251698292,1,0.0030508634824729813,0.12927334591847425,0,0.06682394563233292,0.0774618595239607,0,1.011203084226045,0.36683167584053766,1,0.07376083009813059,0.146796502924256,0,-0.04921023857653589,0.08068586093297768,0,1.4920519520578233,0.42255384167740123,1,-0.023256817370726237,0.0726293777784895,0,0.025778600133059226,0.14804983770171615,0,1.0777902908934442,0.3071659850328039,1,0.22708930145750342,0.1917842798576027,0,-0.011839250503047415,0.12293803123156408,0,1.184520649910904,0.46271170515435384,1,-0.06903077632814783,0.13543538987634876,0,0.1393263749611972,0.21080517526475562,0,1.1478555354276714,0.4986220224939915,1,0.055585886961049005,0.06258095936755305,0,0.0891512211328935,0.1110541314311209,0,1.0207250380643116,0.3949873889986643,1,-0.023251296367261663,0.08050842606813212,0,-0.04372456550802369,0.13061642177038613,0,1.0623098117833258,0.3266302567577506,1,-0.015612594098618256,0.11610608340948818,0,0.005365194445326816,0.0902632540551138,0,0.9932505064633851,0.40363155751864466,1,0.05095619752760864,0.05888106628563259,0,-0.07268037534770322,0.025651432146555464,0,1.073030847353722,0.44890790461585756,1,-0.016187515517471555,0.10136480126891789,0,-0.11363969726209548,0.19736296531911265,0,0.9700763483953369,0.2104164203540176,1,0.008219030378745204,0.06388404851960494,0,-0.13118068717388207,0.1204959230551984,0,1.8297307626304278,0.9095493104962048,1,-0.14030252708088622,0.12918431257594618,0,0.11803963336387775,0.128068163035541,0,0.9178229164969298,0.5397917163856896,1,0.09719777923875665,0.09168209690141287,0,0.001493828531035496,0.09184582430194786,0,0.6867008239140502,0.2079811990117197,1,-0.021854064116541234,0.07707367186799893,0,-0.0444744361532181,0.1493310986114135,0,1.078875446667725,0.4888612235259482,1,-0.09939714543967233,0.15876336050972628,0,-0.04359036847098504,0.11824686637439484,0,2.1366619849762554,0.9055313328743296,1,0.0764051579688924,0.20998793255562573,0,0.021680581881080137,0.06986977950457317,0,1.2041122721089788,0.404474350135767,1,-0.03227493967278403,0.04931952924798367,0,0.06549875615151758,0.22810071100311036,0
138,250,0.3,svr,0.1556705558715896,0.01162474990394668,-0.016989124279370625,0.022254270451016474,0,0.04835864847323915,0.03290371403121664,1,0.02493066470148366,0.010902463228004545,0,-0.026661482260381238,0.06965109826503901,0,0.15277843959508575,0.0880609344126974,1,0.04185592112008422,0.04123009406121155,0,0.05669722561823565,0.01960057968988655,0,-0.0010562785102298743,0.033963170270434585,1,0.00034217712271565474,0.037072502295506043,0,0.004008562787198513,0.04575341964585424,0,0.0837428584157687,0.04806677627740083,1,0.05001456356961607,0.10230804184225767,0,0.00829470669221095,0.032386136239180574,0,-0.018421589422065992,0.0232853615470445,1,0.03197780861364784,0.040204504521751616,0,0.049097954623501194,0.036141554619485136,0,0.27622415742743145,0.028153751652451826,1,0.06770540794110863,0.06974100772576662,0,0.08627312733901285,0.06063493016957018,0,0.2239390552654727,0.13033702083585702,1,0.07029164542942701,0.025212793675173577,0,0.062337496300071994,0.019637598568985296,0,0.21551185172838605,0.15771155201634132,1,0.025919297027781195,0.013883948090001397,0,0.16356637967732032,0.030061686047046083,0,0.24081084793934232,0.09619346335427015,1,0.021798756064647463,0.030080291213432524,0,0.11579729085759335,0.09174724957613545,0,0.1674575966882385,0.10474535580670477,1,0.04707383948072793,0.031213736438545952,0,0.06089729096030914,0.093972240453146,0,0.21044196615996452,0.10995416143639183,1,-0.004262138561502098,0.01683450553278148,0,0.014984992485738698,0.037661455587255574,0,0.02972768939628917,0.022114689802772283,1,0.032038142544318235,0.04878600577969957,0,-0.029104377183572068,0.061955691502963366,0,0.15076149310922124,0.14130425156928997,1,0.019767338316303097,0.02710863915729758,0,-0.03731123717853119,0.015701563037896136,0,0.11018942522292034,0.057924053655287674,1,-0.025592213143998493,0.050288927545416105,0,-0.010754660017504091,0.03472170689407462,0,0.16076011430856832,0.11683796362519293,1,0.002571004461672715,0.034254345733392436,0,0.018003119314939593,0.05416616773556883,0,0.41633211244043744,0.17496838190750308,1,-0.024961551938340876,0.03385721763589808,0,0.0029955578975531553,0.017661913577063062,0,0.07473553646504402,0.030598111144867813,1,0.004739421331034166,0.03277686191806956,0,-0.01763148759817574,0.03836672295721602,0,-0.019971015917872877,0.03315985656636818,1,0.05699176681708899,0.11472939257859069,0,0.029533812543171077,0.10564372889260315,0,0.09320694503624075,0.16799555185075396,1,-0.003722648121898402,0.017783520364545266,0,0.06664242643100683,0.04861545037465878,0,0.22184450879300158,0.11412711041366216,1,0.05088619010889621,0.02243276443103948,0,0.002065021520106199,0.01870880519601181,0,0.01219083707016138,0.05110274447984801,1,-0.022490951780525802,0.03729247079316192,0,0.12472599099348251,0.08347347720227272,0,0.1348244039645869,0.07117132603181743,1,-0.024527675365606228,0.03130431610921848,0,0.0021989432011874895,0.02358325137502022,0,0.06909164039174946,0.10817504095536823,1,0.05978861227489403,0.06050143894138325,0,-0.021561081768173954,0.0865684375830766,0,0.13039061914045497,0.05534855928347778,1,0.008193331328373974,0.030412414085171365,0,0.06211214734853907,0.037868854824515345,0,0.20650956143509744,0.1387062204736492,1,-0.01624338628889288,0.01890478340096179,0,0.0049774565236920835,0.025867075409480002,0,0.04069931015745859,0.1332095043067902,1,-0.020359719595102774,0.032801245553356013,0,-0.025769797413025375,0.04577873669871257,0,0.1079401527946167,0.026857546987640774,1,-0.01925017632844843,0.029951316068528414,0,-0.02422741945384941,0.032108015330304766,0,0.2657243364930422,0.2199619064955031,1,-0.04123225072333161,0.025609998264805468,0,0.024063452440048906,0.019409676236660286,0,0.11787937822774167,0.12630616152945698,1,0.11778335104368967,0.09976944807385962,0,-0.01373153599607258,0.015129010541503049,0,0.13943867017907866,0.17219088134324317,1,-0.023817725980264274,0.02995767306255153,0,-0.0023268293699822903,0.03860864269897762,0,0.3572775527568558,0.11343150445053579,1,-0.008963594404333915,0.03538456527888222,0,0.0242713427640978,0.09851373191971853,0,0.2638545735458906,0.0740937057413682,1,0.027880797984713733,0.04007872292536859,0,0.01670873623971038,0.035629500645805924,0,0.17801554584089882,0.10072687398907643,1,-0.025735825140543865,0.050640330338910994,0,0.12204660259788822,0.07914586234156008,0
138,250,0.3,knn,0.21706455892507598,0.06399618125027942,0.593285776554643,0.9647928384488652,0,0.700671565726475,1.6242762081732867,1,0.839108313344361,0.9915116051886099,0,0.2652954455035797,1.8009883047829496,0,0.5688544497527828,1.1422940149716376,1,0.7685170890787982,1.3871501147025123,0,0.9269905979969556,0.6351119012465508,0,0.9409984623357058,1.1531919446353067,1,0.6464275773839405,0.7929220507319031,0,0.7306133325048608,1.2179790538373916,0,1.473239305242442,2.194062602125898,1,0.33896464144914396,0.9194819830680587,0,-0.027406830374351425,0.7072371724892981,0,1.0666441400648734,1.5257841285345293,1,1.04373462896908,1.1898808387818884,0,0.2229040811938617,0.8065331854327651,0,0.9049939756424997,0.8755002834896859,1,0.9692799366201026,1.3193011141537154,0,0.43567671429464416,1.0407780954280217,0,0.3435596623391771,0.8959054765386398,1,0.22287333322558284,1.4388482785705374,0,0.5402408535355454,0.9218885791472377,0,0.3002887689115732,0.48331046365204244,1,1.1095733400607664,0.8050632143090282,0,0.44526188687430057,0.7537812759997182,0,0.37220471725398385,0.9413530431022306,1,0.3578713296011119,0.8127197574259192,0,0.9098203198632566,1.1491342495625456,0,0.9375628693021749,1.0420810740131297,1,0.023949086588521462,0.5836263810455851,0,0.07282569270648218,0.5629898335888389,0,1.3698261741435414,1.297797334577805,1,-0.1204887031793467,0.37646557048892093,0,0.03090223630805915,0.5343694865575727,0,0.485906851418428,0.8440815346350212,1,1.0711347429927034,1.6573069468904367,0,0.35771326350641264,0.8578908768095894,0,0.9968950558638052,1.1966934716628332,1,0.5567453464877883,0.8551092547493134,0,0.4599469033309317,0.6763685137667184,0,0.5539267085425296,0.8663648445338903,1,0.029535645226762504,0.8719849519594147,0,0.271092138145281,0.9777228026873561,0,0.35092101687980126,0.3785387053999661,1,0.1470116886514398,1.1398912084800685,0,-0.26254670846023015,0.9455038253077809,0,1.2949678633174724,1.1006894428994534,1,0.7203350573369136,0.6673454582129225,0,-0.16558716920983635,0.31138987167865545,0,0.2628209901773337,0.5285309399113016,1,0.6582623575048066,1.58118670549401,0,0.17097755352145455,0.9277414479260018,0,-0.13060416593268892,0.5345906590669325,1,0.13632715148583846,0.9744936160242961,0,0.10149044050532843,1.1345024385066427,0,-0.3998505594444973,0.9366916472361759,1,0.5949523235242198,1.1512207722161243,0,0.6794383567327287,0.7355096784119048,0,0.579916330467497,0.3539271658422806,1,0.5936899423826231,0.6678470200102729,0,-0.5043343468301932,0.47599120588266947,0,0.6657560150447785,0.9761996025346705,1,0.9294774435992574,0.9841960341289268,0,0.2821935113025687,0.9657999032164284,0,0.34928558404618815,0.3872831745264869,1,-0.5901511247041091,0.6092544581685879,0,0.21190923334774955,0.9857039071228242,0,0.26694652837414734,0.7122010152167914,1,0.670050443436913,0.8994917480075183,0,-0.16239891042427376,0.5974361005403435,0,0.19593223358530784,0.6640478676819338,1,0.5211270139675951,0.6810215689977133,0,0.6013538636460182,1.525673236589896,0,-0.2945097021694512,0.6076886630092493,1,0.4025079494910502,0.7196816381224321,0,-0.11910474009084919,0.8042174124426074,0,0.19656717639575055,0.4329860294074516,1,0.11946627575035158,0.7569823222366321,0,0.06620759523019545,0.6639077344351149,0,0.11808342422667276,0.6089309163853235,1,0.29156136812295486,1.1940575296688218,0,0.3547299204280413,0.6493910403430173,0,0.6245626131255921,2.1336104514364362,1,-0.368864739279848,0.5693701949758856,0,0.6074172488344907,0.9065376028518137,0,0.357161474691353,1.2350722225396666,1,-0.13823082206456988,0.11727101226053495,0,0.3665746625547857,0.4287473143724045,0,0.6083941771808841,0.9844016286017889,1,0.7740944440332782,1.0887930806315094,0,0.7386320141923282,0.7052504118403129,0,1.4787871415263685,1.292706480838986,1,-0.06632390766217375,0.5994781708983341,0,0.3891478608462225,0.4410612612196967,0,0.428609311994559,0.9119464784044878,1,0.18027736620293935,0.6524708254266723,0,0.6855058227735202,0.555367819212131,0,0.9747390498127197,0.8758816981767751,1,0.008928687397253809,1.5000740966773558,0,0.5190897894335128,0.5394474279666984,0
138,250,0.3,SuperLearner,0.9509185098095495,0.009951094081172075,0.0012544941011253768,0.02901579328411756,0,2.070979467216568,0.5168218507705884,1,0.014548282424428557,0.02224347018841181,0,0.007705149417010235,0.02246568498567058,0,2.254904873689302,0.35814628185937847,1,-0.00674470003492175,0.04131102611473997,0,-0.001880473877377748,0.02252895284493091,0,1.9119080756564941,0.5436351732604052,1,-0.019201110456518365,0.03611548706110476,0,0.013042612952946253,0.030079485030607287,0,1.857695993919069,0.3173799291257271,1,-0.0016925184085645945,0.023238465169596576,0,-0.03322554319250395,0.02627893265151322,0,1.633663353589247,0.537628458393385,1,-0.005827910560388428,0.019253757320770958,0,0.006150577587090084,0.010590656574118788,0,2.0455747122778014,0.322998017864747,1,0.0034834354377502527,0.03433820188013438,0,-0.0015524913001736793,0.034434156479157305,0,1.750999962909487,0.6539003361968866,1,-0.007636076469028835,0.02358703397691909,0,-0.01670398977265641,0.0175391106810271,0,1.6305044575530132,0.35541243621393437,1,0.007729109902952655,0.02056175554940334,0,0.0008644744151502119,0.018747299951546698,0,2.138847103604624,0.4340092129293471,1,0.017312944531249607,0.041755858056191884,0,0.028018267945637138,0.021421027920106535,0,1.7248165611027033,0.35710101405678035,1,-0.010859098444153694,0.01606390620011927,0,-0.009210414768559758,0.016089628329463954,0,2.2617677062281314,0.2142502918033814,1,-0.023584262979385477,0.019188831931126117,0,0.0009814381324250768,0.021616017208958508,0,1.7857168412605369,0.6911784599094855,1,-0.0010051344868970476,0.021803094935911836,0,0.015264124324437602,0.016371935762621675,0,2.4291471777359845,0.6175204296663355,1,0.007201524339499013,0.04489146126948512,0,-0.004001679016317814,0.019018152598900905,0,1.3538387771770453,0.2167489953441357,1,0.005418659187558153,0.026442193672527547,0,-0.003164901395334389,0.054421469794862364,0,2.35802291972615,0.6826664763484306,1,0.04542725232606616,0.030866226009396033,0,0.007460683202409071,0.02599738249641569,0,2.529647513510104,0.43944683751874525,1,-0.0009587226842435889,0.016664141878473315,0,0.0007791307364307463,0.013985718272269554,0,1.504441090576921,0.19634078629421298,1,0.005733914891717286,0.07168978586533795,0,-0.011682101614831849,0.030792142950919577,0,2.2212280939234885,0.489376845969968,1,0.004080318385113894,0.017534960191090986,0,0.014086500987718334,0.016270109143008655,0,1.8511002036374684,0.5733495679317755,1,-0.015970012615015617,0.02261264573710663,0,-0.01247233792239005,0.048689087627165076,0,2.5589247648743383,0.437787456895374,1,0.0006066604200951175,0.008335260309959737,0,-0.004641143166018961,0.047611927113170784,0,1.8561096858957202,0.6333122465601368,1,0.019934081573456296,0.02059427434968632,0,-0.0036422282770795246,0.047621461861825004,0,1.7252309851382546,0.6380550875791151,1,-0.053583734450730724,0.045372662366962385,0,0.01870717427016229,0.047358189110576876,0,1.9364714321323842,0.44186561649452644,1,0.00921632283017293,0.010685811423278166,0,0.0040490138193239765,0.016934018709158314,0,1.7805987820010585,0.6689604338906932,1,0.07613140140641458,0.1002644253317236,0,0.061285496143405206,0.051134041869167646,0,1.6740538326157874,0.4389063774023124,1,-0.019999507852809382,0.008084279367075477,0,-0.014885746125880084,0.03536295434171998,0,1.3874238278140265,0.4697501430063242,1,-0.005419912159636345,0.029326152100632694,0,-0.024032317743198705,0.01865521675011425,0,1.3992224296279467,0.38150252371301546,1,-0.02136078610905359,0.025115452703579153,0,-0.01186118227590838,0.017340816391434345,0,2.831862519957796,0.4636555103379982,1,-0.004365604630324269,0.024494418602679764,0,0.003901911053544238,0.07667525169795446,0,1.6432111887150516,0.4045068673574842,1,-0.0025437323826647874,0.01758178286481804,0,-0.008044821909746617,0.0106176895708009,0,1.49700468770707,0.26745536842918044,1,0.01740667386325393,0.04693843674220344,0,-0.012928855368570944,0.01147319087764615,0,1.869821348147519,0.5241786729382601,1,-0.03068965198615057,0.020494938559982863,0,0.02289650352495819,0.021427477450592532,0,2.1290765951228874,0.40800999380773106,1,-0.008345025832551383,0.017132012115546106,0,-0.0016883710062833204,0.03648376042193589,0,1.6666395039486759,0.30501473184483036,1,0.012300445405747916,0.0213675184330412,0,-0.013410139880046981,0.02448783270787116,0
138,500,0.3,lr,0.961758874835733,0.005970101059776607,-0.006169551531091075,0.011221393106044381,0,1.8423020595000044,0.20720523079880587,1,0.01083820435827737,0.010794140912582016,0,0.001026777970518835,0.004904240096483796,0,2.192774297979021,0.23576048999241458,1,-0.007292319279189882,0.012849245894700339,0,0.005394449325686018,0.017433349520768984,0,1.8790452068627084,0.26748666989624803,1,0.003421643593977939,0.00460442651990793,0,0.004024296296459486,0.005908807566217602,0,1.9473524450123563,0.36666608786060334,1,-0.0033706271031845496,0.0035388518311198296,0,-0.0014361913558294261,0.002724158010934013,0,1.8286988215930151,0.363922761979712,1,-0.0029702012037250264,0.005494267123919836,0,0.001163405794597616,0.00766790326429939,0,1.8684033975483636,0.3993143368381236,1,-0.0036951381955464594,0.005070661838856054,0,-0.004086498960130219,0.0020972924748040305,0,1.909063538020003,0.20359149779179678,1,0.0008596966317668726,0.005627154309407609,0,-0.003377924397418125,0.007227243333063034,0,1.9173321518403648,0.2785504163835098,1,0.0015353203643644155,0.0031293792820242627,0,0.00920732718146832,0.00769016927933663,0,1.8028867646368731,0.21798807620311347,1,-0.004683631418036094,0.008302466978122947,0,0.0015792910728079288,0.006742669223508927,0,2.0197078057404956,0.11229663669262262,1,-0.00014655151324371738,0.005816224336652271,0,-0.0008381808458333698,0.0011357571602685418,0,2.1429035997755292,0.32319315882259897,1,-0.00031232732686374293,0.002547956382096282,0,-0.0012951061745241931,0.0037183679500676116,0,1.7606978950283456,0.21126757496515364,1,0.007829050399921536,0.01549074358372686,0,0.0008982090971698505,0.004670493207943563,0,2.2398505794920185,0.5177934631890091,1,-0.0067851153803305895,0.008674562630791749,0,0.014698916668153473,0.02351695249787709,0,2.020915983275965,0.19804632215651416,1,-0.0022161478796774137,0.005223609098522654,0,-0.0027841738515241997,0.005309414944206255,0,1.4957385530863174,0.09044288851721706,1,0.0026546815810498618,0.002992306689623453,0,-0.0009477875304778579,0.006923814310588715,0,2.3401852842874202,0.3013610094036441,1,0.0026827127932159966,0.003139692947721929,0,0.0030917519267817683,0.0031685205858596266,0,2.4934613139152937,0.20985430434610153,1,0.015657868134064827,0.012886939791770097,0,-0.005621598403318978,0.006689187921977832,0,2.352466044224758,0.29127296745644427,1,-0.0011373178908592155,0.006708126915385649,0,0.0054737928814395,0.005194200578618883,0,1.885653171520874,0.21411336244389406,1,-0.004112124922664702,0.005095142493188702,0,7.502892198517127e-05,0.0054330004973625785,0,1.7109528062167816,0.056928178170630096,1,-0.004047634631944376,0.0063757506184403115,0,-0.00048687427889649546,0.0149679645842941,0,1.8929199699256198,0.16567690904897503,1,-0.006218297300136508,0.012374744994392412,0,-0.003182053826273551,0.008290152857473341,0,1.9557306454145393,0.41410786366547014,1,0.0014970114624554124,0.006297837975158871,0,-0.002050541960629824,0.00336980923618671,0,1.9875436623720806,0.4595670401872582,1,0.002937551934098776,0.009896922086920801,0,0.008796147135631338,0.01179063631545813,0,1.968883664385686,0.4292318738735373,1,-0.0015464129759925483,0.0023664594680760796,0,0.00902445443627255,0.009330082130769184,0,2.191266168884206,0.3231719603239068,1,-0.015465467863235072,0.01212421059021692,0,-0.0008617818211461001,0.0021672035250754076,0,1.9969879527377266,0.2727937716356378,1,0.00186750968624117,0.005346292109407063,0,0.02971617738796322,0.01593409023381746,0,1.43274344732243,0.19302910888056599,1,-0.003439713716973717,0.0027678850660197594,0,0.02668047457572917,0.019556128110225567,0,2.0228642689100664,0.22173325091749535,1,0.0010878882409688835,0.008578874812760772,0,-0.006934191798958285,0.009817663531156732,0,1.5705489409101978,0.2918764708892028,1,0.0005040965110329258,0.0005919686341819946,0,0.0013674095745820898,0.001529536727457569,0,1.9197671863261228,0.1844422878578894,1,-0.002074960701880389,0.007924214206192914,0,0.007611281634075748,0.002998320445247951,0,1.9171380863140572,0.23116110143624244,1,0.004042558802504269,0.013967521963191946,0,-0.002263839747209305,0.007354494470007713,0,2.131886267498772,0.4566560778611444,1,-0.005004071698573908,0.009884764636310413,0,0.00021274453961568353,0.010336235428426191,0,1.8974698364286973,0.31170407833914665,1,0.0039464451708114984,0.0039034332828185338,0,0.0002513065076642793,0.006057218094575263,0
138,500,0.3,lasso,0.07285701944068838,0.008202235301369827,0.0,0.0,0,0.0,0.0,1,0.0,0.0,0,0.0,0.0,0,0.015477886252530836,0.030955772505061672,1,0.0,0.0,0,0.0,0.0,0,0.13993229702168708,0.0816207477392162,1,0.0,0.0,0,0.0,0.0,0,0.0,0.0,1,0.0,0.0,0,0.0,0.0,0,0.0,0.0,1,0.0,0.0,0,0.0,0.0,0,0.13464958859762832,0.08786068797119786,1,0.0,0.0,0,0.0,0.0,0,0.007608744379609476,0.015217488759218953,1,0.0,0.0,0,0.0,0.0,0,0.16016231716803303,0.21299624241985404,1,0.0,0.0,0,0.0,0.0,0,0.429696605388171,0.13390380381777695,1,0.0,0.0,0,0.0,0.0,0,0.06633397414613733,0.059669917154777666,1,0.0,0.0,0,0.0,0.0,0,0.2594947707961036,0.14170483209497128,1,0.0,0.0,0,0.0,0.0,0,0.0,0.0,1,0.0,0.0,0,0.0,0.0,0,0.15382741698815172,0.13012725746295503,1,0.0,0.0,0,0.0,0.0,0,0.10832026283089251,0.10054747102515024,1,0.0,0.0,0,0.0,0.0,0,0.0,0.0,1,0.0,0.0,0,0.0,0.0,0,0.38245572229572367,0.16966145385285936,1,0.0,0.0,0,0.0,0.0,0,0.5549152331628093,0.16378025004275606,1,0.0,0.0,0,0.0,0.0,0,0.0,0.0,1,0.0,0.0,0,0.0,0.0,0,0.0,0.0,1,0.0,0.0,0,0.0,0.0,0,0.008471852642500308,0.01694370528500062,1,0.0,0.0,0,0.0,0.0,0,0.0,0.0,1,0.0,0.0,0,0.0,0.0,0,-0.013357887448878714,0.02671577489775743,1,0.0,0.0,0,0.0,0.0,0,0.0,0.0,1,0.0,0.0,0,0.0,0.0,0,0.297731923388747,0.17765735992588683,1,0.0,0.0,0,0.0,0.0,0,0.03302979102166745,0.04183972991910176,1,0.0,0.0,0,0.0,0.0,0,0.0,0.0,1,0.0,0.0,0,0.0,0.0,0,0.018450927308914202,0.024068318379243964,1,0.0,0.0,0,0.0,0.0,0,0.011426540514991857,0.014662296491030699,1,0.0,0.0,0,0.0,0.0,0,0.0,0.0,1,0.0,0.0,0,0.0,0.0,0,-0.0020283127070871245,0.004056625414174249,1,0.0,0.0,0,0.0,0.0,0,0.39360579413798524,0.13212020241574768,1,0.0,0.0,0,0.0,0.0,0,0.941921277978216,0.2840016789123947,1,0.0,0.0,0,0.0,0.0,0,0.19013013813029594,0.1101416289555559,1,0.0,0.0,0,0.0,0.0,0
138,500,0.3,dt,-0.6807057806570531,0.2559170361645832,-0.3842749157200613,0.8200182966333005,0,-1.0722798472540738,1.4548433384841761,1,-0.12104023006104203,0.45031642678630757,0,-0.9396141622136334,1.3165357000561226,0,0.1377145524803978,0.26313238811049544,1,0.0716926977172711,0.7975978843124685,0,0.18253265928321927,0.37003752493492204,0,0.007726627554539933,0.14850101157859266,1,-0.04066065404814251,0.18354126595321085,0,0.5482201587304228,1.055764788194885,0,0.6095991155117702,0.881165970095721,1,-0.21373410663187187,0.3658844840162884,0,-0.038055713865136453,0.22366871340916197,0,0.021960332306933,0.41238330987558525,1,-0.606756794894245,1.4975997220516062,0,-0.4237709087865052,0.9749714810435631,0,1.445710932402785,1.6131737323081232,1,0.19964045118786192,0.4151434596833394,0,0.9904724708591071,1.355219552467928,0,0.530574256095907,1.0453012573413127,1,-0.46264774363273586,1.3867233482736065,0,0.021393414322801053,0.2344343781443925,0,0.7968327289343881,0.7883947135817246,1,-0.7992842286900472,1.1618397556865392,0,0.1203075395291023,0.46716802716448136,0,0.2916270870275281,1.0658256734820948,1,0.8620333385051545,0.7752642618429807,0,-0.4709800206701763,0.6630405079261718,0,1.8255220945052464,1.9991510183999726,1,0.25837896493819534,0.6769951852765556,0,-0.41216006238591535,0.6873707792176708,0,0.583832222094888,0.6447673280266241,1,0.03192675223698779,0.17272448197035856,0,-0.07491847977319761,0.16437243645252914,0,0.004284979612560167,0.5583735220717926,1,0.2263968251173972,0.4085370328737167,0,-0.6136014453417815,1.8008309500877426,0,1.4239711105379984,1.4503433979310294,1,0.41919539604386447,0.37757093303748157,0,-0.14240057124371142,0.25597239053961607,0,0.08036013463176087,1.2414971831061004,1,-0.10958947822400682,0.15234823339318868,0,0.31343769914482017,0.47450146625606826,0,1.5582677987803786,2.0680867746267606,1,-0.25853646610647696,0.5972230346328061,0,0.04811080136848255,0.28954705952002807,0,0.5971326918376119,2.9903970287185975,1,-0.13485785769994935,0.43968167664526614,0,-0.22250806353738276,0.27162317084188486,0,1.2582129310570198,1.510002577955368,1,-0.1930902969369846,1.0387392617054614,0,0.2820469433800864,0.6766801052644302,0,-0.0772216882401263,0.26098016982114,1,-0.5971537964360302,0.7475022592226014,0,-0.7109770982482653,1.2733771899281152,0,-0.08979072773143164,0.14217089639091868,1,-0.009082568433322313,0.5689386262857126,0,-0.12463123901682656,0.5328220100799621,0,0.11153446456695748,1.0979161665186612,1,-0.08702451674451267,0.41838185989031396,0,0.09579357016622099,0.15474957909506734,0,0.9816841259959714,2.8700564176090317,1,0.09105274871690636,0.3888615479071187,0,0.42012164116215533,0.8370601626190761,0,0.4868701972974302,1.2250442286311607,1,-0.1306948225361662,0.13370417147900926,0,0.224611948973014,0.2524230158743876,0,-0.08373052235200788,0.09693006791473296,1,0.5459567033857183,0.7980394667747025,0,0.3618105880369525,0.7996803780153436,0,-1.9082395229132725,4.535421383307389,1,-0.16984031010342698,1.2142189189760444,0,-0.0729403719646935,0.21754955171165466,0,-0.11273876681587083,0.40772267816848456,1,-0.03062150566010453,0.06909829488321641,0,0.46249894485226095,1.136562788057916,0,0.22111081773831281,2.7355893495672783,1,0.0018124068120474388,0.1743540744023014,0,0.2829028727194,0.45672536913763506,0,0.6751103796583011,1.0383165160395837,1,0.6422165754718977,1.6294427263767284,0,-0.052555919173028,0.19226895369142888,0,1.9449025895567231,2.238577800812051,1,0.050991913379880974,0.7497711173792735,0,0.005985505356085085,0.473013878455566,0,-0.020021146478559983,0.08735335216910424,1,0.17577237739064294,0.5506331768859529,0,0.6968160419940469,0.5652214571903629,0,0.4815050042841246,0.9218601292748649,1,0.6170436060189067,0.3721952378060203,0,-0.1273445157835396,0.22594698760688978,0,4.385214011243784,2.7023552312829056,1,0.6626737770508482,1.0470849463161245,0,0.1922464498617713,0.3498193840594258,0,0.6678499637181577,0.8761900784413663,1,-0.26676180516787484,0.5899047804096291,0,0.2503351063596072,0.6391061046809798,0,1.2940880518478477,2.336984180402897,1,2.0569106940320845,2.839018243350933,0,0.23083873410413808,1.8126931731588645,0
138,500,0.3,rf,0.21486180903022029,0.05500959065194961,0.028844615185955862,0.02823656526309202,0,0.027994283232037603,0.009553649527205912,1,-0.010303974271241542,0.01710742133404028,0,-0.011130761296706211,0.06535416657790961,0,0.3115886310402347,0.10723874456813613,1,0.03945701504320504,0.033603951934501004,0,-0.009674609762876017,0.040609258992677234,0,0.13528567468005429,0.1886025102311591,1,-0.014644760716911407,0.060258591792343726,0,-0.04490387820945675,0.05429096118575588,0,0.20471979476724403,0.08628380410361496,1,-0.028939375207487673,0.03965971278013509,0,0.04375976194294908,0.035007670645857705,0,0.01058661486274616,0.045437010903413476,1,-0.03497654310072012,0.06883909893560149,0,0.04183493759607556,0.032269856350196253,0,0.5492895515117241,0.38047098793206247,1,0.1791357053769917,0.11625785834360287,0,0.03416248632852803,0.03591406762228015,0,0.1696032957281256,0.0617412377070152,1,-0.007734711251516546,0.07839100241075497,0,0.03632548561779614,0.030507740045866406,0,0.37816719078030564,0.24033035030046104,1,0.024750675895909496,0.059877734430719746,0,0.06137193009648075,0.06461609048702281,0,0.3737207385625942,0.11381775104999173,1,-0.0007608193489054172,0.06421284764803535,0,0.0142041701888987,0.043312608914174974,0,0.3234370440389312,0.16438285063991262,1,0.16706490114183997,0.09340798647938478,0,0.055822875015744476,0.1164288568019283,0,0.39047044481127147,0.18534099517698355,1,0.040923707851084214,0.0351919788191993,0,-0.039981193222464996,0.1089079928882159,0,0.10968327967667554,0.05415028995555053,1,0.007031161654153878,0.027937301070644238,0,-0.014507479962077213,0.06515097951882334,0,0.5670737136526329,0.5172863636745939,1,0.10895258370950363,0.09235686135806948,0,-0.049990727098693975,0.06656057371911467,0,0.3633527961797708,0.08129196689751973,1,0.0351994455526807,0.0721377417713902,0,0.07571515235529051,0.07469946710346806,0,0.1185132875263039,0.0848516040769994,1,-0.0015831339823403443,0.036984510795058045,0,-0.0013323589900493579,0.0237769775020032,0,0.36879765532027986,0.19692296879933766,1,0.017466361471480327,0.08219194444141523,0,-0.04425212293260742,0.06305731514099114,0,0.26015767942953105,0.2150564337052821,1,-0.015630786568758097,0.03473389685099934,0,-0.0334998254323917,0.058353242900220065,0,0.11314215406499477,0.15568732281453512,1,0.0928550147220076,0.05568910874816745,0,-0.006641840700226611,0.0293536146634298,0,0.0725408434414143,0.13402314503823862,1,-0.026123412766243227,0.060601763220244506,0,0.02820658770475023,0.07147966550566148,0,0.39035946727321347,0.06384027813312335,1,0.046185744013042464,0.02918527864038602,0,-0.017073156307141315,0.04214682564028835,0,0.21061605076980028,0.1253582831848543,1,-0.014620214482560812,0.0686651004373688,0,0.048967676179053454,0.16650747510249647,0,0.1450220679089508,0.18235500195058632,1,0.02401105643087184,0.09026149986412722,0,0.0030936425805200675,0.09234784413573797,0,0.047871514014126634,0.08501436447765383,1,0.0798612992441663,0.06976745415107594,0,0.0026929652085179202,0.038155363436801114,0,0.28304387475012244,0.7049095397496814,1,0.001999655781615713,0.04365498271145296,0,0.0005574466957633612,0.049458798193369125,0,0.2777799675854367,0.13705892917598958,1,-0.01823315897818971,0.02968681459921657,0,0.003368671936488126,0.043006659206866846,0,0.08709709736370265,0.14784876574731226,1,-0.018693307918106927,0.013789369743641608,0,0.002701337721638336,0.08913223619069188,0,0.15439111198619831,0.21497087492225683,1,-0.040794160347099595,0.10357379324146544,0,-0.012034777417260898,0.02266753110008888,0,0.42795786426760546,0.196307560399591,1,-0.022297573978085,0.06005629948214996,0,-0.007257140018262323,0.061286833132015654,0,0.021087875721443113,0.09029878573718315,1,0.012864884652859315,0.04988564998001668,0,-0.005063341044889841,0.07275899048977853,0,0.0386648482771852,0.10636435914911256,1,0.010709348623872798,0.058684667270776335,0,0.03370748311496379,0.041587223219531136,0,0.7280141793205365,0.14529386297440733,1,-0.0001934145492563294,0.038645163080661286,0,-0.035899173327958,0.041400281988325675,0,0.8525374750499675,0.22840691367478022,1,0.014904245135286934,0.0707474301550096,0,-0.034812466720059866,0.07407336319307548,0,0.4281259493878136,0.1928680329067912,1,0.004357103062302567,0.10024345500224698,0,-0.005692546345897581,0.03087467918733451,0
138,500,0.3,et,0.21816755837808594,0.034350832910933944,-0.0038350552458725705,0.08180336572378498,0,0.09638039774139248,0.056302657778406394,1,0.010251185709894457,0.045924955078299114,0,-0.03001085217440753,0.02610176238685527,0,0.22520720915396705,0.09695023519810818,1,-0.013221783498188458,0.06570512193528386,0,-0.05838916981828589,0.0372506777407652,0,0.1756480769114543,0.20146922563249323,1,0.018671726051853854,0.08673442067312388,0,-0.016414537196365913,0.057842094786820855,0,0.17883242473659566,0.06502497955163607,1,0.029658678965161483,0.021351866584385402,0,-0.007245972172896203,0.03315391835340106,0,0.02150168984490027,0.0867009382865912,1,-0.026370105697833636,0.02010656772872809,0,0.01025656380766351,0.028705736467246622,0,0.43694535496422005,0.10300252277068342,1,0.10276790822686403,0.06007136007919569,0,0.04584623201592839,0.057735851070719775,0,0.11783525992081004,0.08323464989732259,1,0.018156040464175717,0.041841174472258845,0,0.00583868781237268,0.08072121227204067,0,0.44695813104491344,0.3894324284101084,1,-0.012436908496697072,0.06567514191817983,0,-0.03788353166915143,0.10938470425843902,0,0.39274480790469174,0.1346668189198572,1,0.007445884753974621,0.05280797398819745,0,-0.021854824428273318,0.09423689454802277,0,0.35283834095744754,0.178293282622767,1,0.13738491103440453,0.12626374595300335,0,0.06396706669449623,0.05371612276550704,0,0.464828588621285,0.08609416797193244,1,-0.005176045986344092,0.05622056743034636,0,0.020800833700162356,0.01967039548865289,0,0.25438092543605145,0.09686243478882957,1,-0.027261693277449796,0.05166247894035038,0,-0.040830765875965916,0.05625948190113059,0,0.3417597581953077,0.3058489947876332,1,0.04932100368836619,0.0972775475807833,0,0.030416246738510167,0.06749901199301996,0,0.3308878214130516,0.10282413819679152,1,0.0011196809098021118,0.051714756973082,0,0.06816674577723267,0.030393063220930088,0,-0.005886673196463435,0.09025498495472103,1,-0.011580266106838507,0.05785302855686616,0,0.028678029593000486,0.0724291607968684,0,0.26646271409107936,0.2578072871161649,1,-0.018441963797211296,0.05588872589710317,0,0.006940023127485375,0.025936138794881002,0,0.35874019215876174,0.1224305222907497,1,-0.0145899260089126,0.05847180381398421,0,0.05779685797375391,0.04980471399180075,0,0.08019629918066437,0.09194949987098355,1,0.1537737654864671,0.133052948496676,0,-0.026194124874852266,0.046740932749973776,0,0.07312049465883311,0.10083523270649794,1,-0.023681423802662267,0.05622938529663775,0,0.01399688159358686,0.07182779941555444,0,0.4248263980391302,0.14979427790710217,1,0.03532329363038503,0.09177965120326385,0,-0.00972601608432866,0.07631149250750244,0,0.18999548968618335,0.08181113089822155,1,0.019433405829688784,0.07802412549275063,0,0.05938764975958204,0.19058784646140767,0,0.04893888874418292,0.27852806510260647,1,0.053825743314384576,0.04486522855111132,0,0.002493877795358146,0.05522156357340843,0,0.04787198666768503,0.15315018497264288,1,0.04836909816044867,0.09409453560351785,0,0.01799059461545997,0.10798794037284025,0,0.43609814930798957,0.4730655930126447,1,-0.00881097472314157,0.04955989836774153,0,0.0015739028811518536,0.07039584668310113,0,0.33588391820836455,0.08358684365058411,1,0.033586634887171625,0.02080493749530101,0,-0.05615185151569309,0.02854759338333986,0,0.09742530643370055,0.11375193683773442,1,0.05466534942150207,0.07269020594026224,0,-0.012965288024263416,0.02195399971253328,0,0.14421402449350149,0.17822647294115884,1,-0.02226978374747504,0.24194571398947193,0,0.01703468427525965,0.04785269453719606,0,0.3853788386041608,0.09397045247566777,1,0.034122557098982355,0.10680849938966176,0,0.037814471362242856,0.05187944739595133,0,0.09542945553021893,0.05735136619886877,1,0.029778392619442883,0.09870800090440825,0,-0.007553797514045201,0.04168099678792187,0,0.04566528217405785,0.03231096182169002,1,-0.03160301611759113,0.05156801901458194,0,0.006593537989271951,0.07049526214116046,0,0.4195535957635667,0.2881920168365191,1,0.017644734023963327,0.0475398347006015,0,0.013668020305042133,0.04078318348627642,0,0.9721046587081374,0.2624267703065707,1,-0.023412008510212672,0.058945651973289846,0,0.019816316705729347,0.04734851494608938,0,0.5784315517596493,0.12138064515001272,1,0.028350357573089534,0.04169668687063702,0,-0.07471425440156154,0.06867913061074046,0
138,500,0.3,gb,0.37772173095785966,0.06223515438723069,-0.015151138633548037,0.015674783040708865,0,0.20305783751375434,0.10348894070116778,1,-0.02407478915137661,0.02091367926455028,0,-0.019030772097508024,0.026459082992166247,0,0.5766708807231374,0.2084731524461263,1,0.035643824380442335,0.068930147921911,0,-0.01582482358668301,0.021550865564816495,0,0.49524918260357015,0.23529495907787712,1,-0.05698295008185372,0.11495541988829039,0,0.02147242247605357,0.028512360401914846,0,0.6087926900185041,0.24511055482041874,1,0.007873620143364889,0.016489259844505093,0,-0.006826025693700224,0.013105650487585798,0,0.16507301171905767,0.11360770304313572,1,0.004641184445093778,0.030849601012757716,0,-0.0016916215344783853,0.0515700960861214,0,1.025059107001059,0.14592719417257818,1,0.5312158788700282,0.2330702731707853,0,-0.029230433650663835,0.060488476607739546,0,0.5339483045502753,0.23131904014129415,1,0.03224518736584975,0.06055382719013318,0,0.02573866704206077,0.03325815012670911,0,0.6253673138039361,0.8129168201607239,1,0.0014810143628244178,0.007683143508925395,0,0.02153989066915904,0.10281535536880725,0,0.7193501824001423,0.25484216811489946,1,0.0292253709641375,0.02558049869330645,0,0.01292695449067866,0.06660380479824865,0,0.6168377835677853,0.2737879478869434,1,0.21082327628536945,0.1021366472457629,0,0.005804495398330315,0.08466807865740757,0,0.6477110827467429,0.10804392503145326,1,0.005562661897877562,0.032686350850677975,0,0.027623594825968257,0.07588526263448143,0,0.2645871218650998,0.14757766625570773,1,0.02538920067657292,0.043040699501550116,0,0.0003197805832847733,0.030107703544692107,0,0.735029855768405,0.47410982703946647,1,0.11819371065366577,0.08996743911732864,0,-0.010100412518689993,0.013022449464288832,0,0.9910470163576155,0.2906570518462323,1,-0.07007387014897522,0.06365797112869569,0,0.041410655559793265,0.05849448898808006,0,0.1093273679633496,0.10479096456641798,1,-0.02025435340417214,0.061022740117014265,0,0.01866890312266528,0.09000631708257577,0,1.0682088356902713,0.6768555724365152,1,-0.028303484829917052,0.06126042588704187,0,0.001196594613846713,0.0038108760571225033,0,0.8000702363592571,0.21518008819025733,1,0.03820288874762927,0.06162996595052326,0,-0.007537653870468746,0.021926235835506572,0,0.38948975188510804,0.12774710021310443,1,0.3885454142568371,0.3492432254874645,0,0.019294262382268466,0.05487371256502366,0,0.17655600303175417,0.2943703952311051,1,0.030247077402052586,0.043836071990003826,0,-0.03614578212766493,0.12433101667841182,0,0.49413518981602744,0.18536444241722883,1,0.050681649219744405,0.08743176174862287,0,0.007764470346259671,0.02814527515251392,0,0.3478618171492581,0.32522529089540114,1,0.03400786167467084,0.0231600077670121,0,0.0037438522429879273,0.1595950623811214,0,0.19608659088655728,0.3343972496717697,1,0.0030296449330408414,0.025907970703631173,0,-0.023474351712866246,0.021608206212213255,0,0.21795434661852187,0.15721768754098794,1,0.04126666654328898,0.11187006319106521,0,-0.023968192722612604,0.03847858042703633,0,0.6110249181818235,0.8219367915445912,1,0.03794514261892845,0.04146253893616781,0,-0.033541113622077144,0.030276304918780847,0,0.4335183403345315,0.24839959097613248,1,0.003285964550352119,0.006283927982831126,0,0.04924528570818495,0.1054224169005252,0,0.11844931126571705,0.23950669125184,1,-0.02005775263339756,0.016264263627673973,0,0.01025709199662154,0.017785099120685984,0,0.33107797673987965,0.3008712502436188,1,-0.053672276908650916,0.13795024531074546,0,-0.022478761091808235,0.03629440507740668,0,0.5461988141592093,0.4488217062679138,1,0.008505277917050792,0.05484325044786693,0,0.03901664853561557,0.028391266419975986,0,0.08886583231352621,0.158951398316095,1,0.013727431500226256,0.05147811994899096,0,-0.05298262353297049,0.09575224750072313,0,0.10191914746534617,0.10870394921843833,1,0.027196441295023566,0.04985485912788781,0,-0.016649103519593582,0.04607801339440362,0,0.9610483624406596,0.7344846219872458,1,0.0332484611722874,0.034404602986493095,0,0.004275898466307982,0.09158563101102998,0,1.2212933434400355,0.2538719516182269,1,0.022330039604415503,0.06872346301533833,0,-0.0026585852243144288,0.024744380400568637,0,0.8774266154623674,0.285512755163459,1,0.06748253140100276,0.04623847664753213,0,0.01572686333913694,0.05021236942013785,0
138,500,0.3,hgb,0.37487870422825254,0.05737739044367318,0.03312596510876251,0.011769924394863778,0,0.16563612970758318,0.09373157227183922,1,0.03157970221970161,0.052279516832562586,0,-0.0249414334697166,0.047709872280476774,0,0.4773285165736785,0.03928715538774054,1,-0.028537329271547805,0.07789131693295467,0,-0.07188119974330184,0.10304797786544247,0,0.43762295389109485,0.22202369528665378,1,0.0012467408358462842,0.04443514788703175,0,0.017268138248978177,0.029555835122958365,0,0.6901006333301907,0.2618298864708181,1,-0.003348931362752694,0.05377209674941991,0,-0.00246370199486661,0.027642933686521157,0,0.26894718577543875,0.18305990036275657,1,0.01617923534304137,0.02210044652594376,0,0.02751913797999377,0.057624463932127036,0,0.6688792552069729,0.2747044156836011,1,0.27733490534867283,0.25605473897439374,0,-0.006270518581604491,0.053456090717639126,0,0.33472766046051655,0.1381490753058492,1,0.021652698791653095,0.044030643345272534,0,0.017144929353499202,0.08549946137666806,0,0.5819723379232535,0.548016053871894,1,0.021031980796264733,0.03907745338677833,0,0.028643117141376063,0.05478351791729957,0,0.6186077816196038,0.1705189933917768,1,0.007936508174773038,0.03178984459755767,0,0.02759337264144831,0.05780417712921252,0,0.9709012187244508,0.4036861483589906,1,0.08533295526262315,0.13806592842600296,0,0.18478897154971882,0.13761564007542001,0,0.7526552385102385,0.49200271035924814,1,0.01009552682273832,0.019024594694252328,0,0.0010712979171388626,0.04403464463490494,0,0.5352292874604229,0.17163907788985278,1,-0.02609554707644618,0.07842726995343251,0,-0.00417020082091993,0.07294126771760426,0,0.6959632643142364,0.543973862965682,1,0.10814902695863109,0.09913141917385604,0,-0.007082321450101034,0.08664941593822828,0,1.0275105721138602,0.20938843421531445,1,0.02118155696526699,0.05655361351165614,0,0.054359263927314605,0.09979519530619585,0,0.11626052777255871,0.20729454821633653,1,-0.03735617510514091,0.05669388961778374,0,0.005281108290853992,0.04605919632249977,0,0.8708050731789247,0.7286286426334488,1,-0.00460487008242626,0.03955419773399391,0,-0.029864945681377774,0.02968311517590563,0,1.046717048313038,0.3400509122508738,1,0.021427149185263547,0.04066952269276373,0,0.04582439311286091,0.04922870650671597,0,0.25441737725943014,0.24978837389214062,1,0.2591784621125003,0.18362251400946578,0,0.016846726489251077,0.048442406219674966,0,0.10202397489211626,0.27576030165753396,1,-0.01245159230151728,0.039274058164676315,0,-0.15040457319448303,0.14714353362702975,0,0.5179394046799065,0.36871695701410656,1,0.017150352177784097,0.07131234154078972,0,-0.023730096627378704,0.09958542018808064,0,0.5554363124894852,0.4472030655956326,1,0.008204200221486107,0.05124983519050369,0,0.004937834176584105,0.14396648500614226,0,0.17557961233533517,0.18463879369040323,1,0.05836458108701266,0.15878138351098225,0,0.027401471565320617,0.037993538848259706,0,0.22879884381482105,0.13843162363787703,1,0.023287744631822295,0.10813459015151336,0,-0.0483145428790552,0.11224152311733561,0,0.6727070575304974,0.785501838227137,1,-0.03743684684819339,0.038915846735445125,0,0.01762570497302223,0.11254255286544268,0,0.6314188653309508,0.3760247464976145,1,-0.0008420593736532006,0.04853074897759691,0,-0.011778253751523865,0.02891290170208682,0,0.2910900603255498,0.323121582924444,1,0.0016065403934450884,0.17467554770147864,0,0.0264376157476315,0.04768942108371971,0,0.16775087673438513,0.3388500257027542,1,-0.05489860380003717,0.2706131770474359,0,0.05547738160600187,0.044686897839613327,0,0.5174307238101786,0.5356370083461379,1,-0.028703496818227554,0.03589487677137683,0,-0.011744275507101507,0.06523743720904072,0,0.11795498010163918,0.09966131437214473,1,0.008411951555990397,0.04446166842649797,0,0.02290998118552672,0.04032095681145724,0,0.33977633288096215,0.06583529548718073,1,0.014205990292226005,0.053100487613971646,0,-0.02657890511584719,0.03928588883231501,0,1.2061940082918903,0.7408145839735308,1,0.012544262626129085,0.08939800036695858,0,0.08498886592977282,0.1208150939185839,0,0.859276916835032,0.44973255922303806,1,0.02638477124513137,0.04078657301291541,0,-0.04104921016254978,0.05360600354838604,0,0.8212376433535129,0.38801532105398545,1,-0.02431621969567193,0.07862543256129444,0,-0.010511553594919931,0.025642191927661883,0
138,500,0.3,ab,0.30851169798359857,0.057587360038073514,-0.02408557284425551,0.036677293001831555,0,0.23235148931590807,0.16487407381075206,1,0.00038422451144759783,0.030244488209798262,0,0.05823166873120374,0.07153916804218706,0,0.3508623362968497,0.22727644945975767,1,-0.040848888749720175,0.11815512177510815,0,-0.01229769143687308,0.025011936946673412,0,0.6813192508300394,0.22205303604839818,1,0.010734082834485136,0.01653872043206009,0,0.046904017363834656,0.04396543097046719,0,0.4341174727662577,0.2535340045417253,1,0.029565549483467523,0.03625596661415227,0,0.03376107503797657,0.0397999543805714,0,0.21133060729177483,0.15218353526559789,1,-0.010891768804001088,0.014436625938319849,0,0.07089957753097288,0.05077851448702608,0,1.5227163692120866,0.49381884403224463,1,0.26919782777805923,0.1327404590700554,0,0.09456768564673086,0.1627284431814264,0,0.5130375042249181,0.15313205507890104,1,0.0276827046108279,0.06719934484970577,0,0.016880503344578114,0.05386928175858732,0,1.0172149934396186,0.4865954652882525,1,0.0045765185697277675,0.009153037139455535,0,0.12315010969024871,0.11497890209481447,0,0.5419109228644097,0.33674638024288983,1,0.0941292698707832,0.1508375721378378,0,0.002181124539651506,0.01132138624061642,0,0.286463889583657,0.5119459938048819,1,0.29691716045958066,0.36643923090028396,0,0.05754269792346055,0.11702620609459594,0,0.24459508282920508,0.1427331742714528,1,0.12648198946335787,0.2415445865246474,0,-0.015646677104385547,0.03129335420877109,0,0.4220374289302121,0.21206117155511559,1,-0.003901004136169263,0.010343898388463314,0,-0.050418458479506614,0.10083691695901323,0,0.2410315861961428,0.2991153999577828,1,0.270876323671698,0.15217065393665355,0,0.00109116071441133,0.013228143489844302,0,1.183664002569182,0.6763809729985435,1,0.007873553795498266,0.015747107590996533,0,0.0362630471874022,0.04517097190221154,0,0.3551890831305239,0.34834725109497205,1,0.002055350198043271,0.01903901616475011,0,-0.015421069899991521,0.03084213979998304,0,1.1541591124411874,0.07075628659678083,1,0.0006463260257823594,0.03657202927977136,0,-0.0024156901050396,0.02235185364036062,0,1.1866550979933774,0.43972012305460906,1,0.06419136090063773,0.10493386108363088,0,0.02693656666237847,0.049997628891198465,0,0.13203067982527983,0.20591400656522232,1,0.44330534953034634,0.3752783635159481,0,0.05107520030133539,0.045836862973210386,0,-0.0460968432918928,0.12100497513823631,1,0.005874573872938328,0.008771100329973592,0,0.024021229169145585,0.030604321915024435,0,0.572781488638477,0.24869580488160983,1,0.06119080319399075,0.07905558916210495,0,0.08297434598404492,0.13875781660805986,0,0.6640772542020696,0.2611945708608469,1,-0.023493110830890417,0.05053752149341057,0,0.30402024738585937,0.24462043025808253,0,0.1437575528959847,0.1717317377876256,1,0.08090166142241967,0.08808237562737249,0,-0.01525778724336413,0.13242763137364785,0,0.15530315028861302,0.1052799468566211,1,0.12642405054695813,0.11258786247804171,0,0.01428214445474417,0.05378282104372276,0,0.18545126360807948,0.6458515301235185,1,-9.782622753180952e-05,0.053095252931402,0,0.059048179518409794,0.048721136806882004,0,0.5663114439887106,0.31441911074151163,1,0.008352916323814569,0.018656500427909468,0,-0.008914685250998118,0.017829370501996237,0,0.047493814703309906,0.08719681045009495,1,-0.026831757026603426,0.0531458562898832,0,0.003535138249328441,0.007070276498656883,0,0.33581564861341506,0.14425977438949544,1,0.10134472297884758,0.25629419638375367,0,0.001417269608571445,0.0028345392171428905,0,1.25948144858902,0.2771217673043931,1,-0.00870508681658616,0.01754214870639213,0,0.01830336911647727,0.05607707871422414,0,0.1014997921095252,0.27818016587767097,1,-0.01806370408098893,0.10651358330458786,0,0.031408187580928344,0.07522315092659279,0,0.1406665274390584,0.1360854064441968,1,0.029368828642856348,0.03629859192594086,0,0.02832540289678377,0.05556830411982998,0,1.9760833300067986,0.7996457388097765,1,-0.009487920509682496,0.01956131047017529,0,0.0914785895524976,0.15532455372671122,0,1.213873034659752,0.40312343710928905,1,-0.0014347541306300269,0.03818961926002542,0,0.03257269587180089,0.038332807914172096,0,0.9357157940795815,0.8617032598556464,1,0.007388113617174255,0.015644956055301657,0,-0.032795970806982565,0.10428357020301372,0
138,500,0.3,bag,0.10943975803571175,0.0766866304584809,-0.06936628208051712,0.16373022075037474,0,0.15885205523664536,0.1857614570148193,1,0.036612612081459425,0.27523082766234364,0,0.019588554708386652,0.20040867531348866,0,-0.03496049419729676,0.24340091512049897,1,0.09384278459455053,0.07433615047566122,0,-0.09252854816181984,0.16552955491829466,0,0.14869281531535575,0.2770496840526042,1,0.07815045655326743,0.15376589286956827,0,-0.08713564892345245,0.2400072201647796,0,0.2488338575488362,0.20757024946613645,1,0.05223445529295897,0.15726506033027185,0,0.05472008624586524,0.1013203844470087,0,0.18088415246539163,0.20419663158243434,1,-0.006470033295292282,0.19133422372748835,0,0.002142800375615969,0.13413000796929098,0,-0.014190206495899176,0.36220469037028935,1,0.057086243549678395,0.26288690833125394,0,0.10801730534300033,0.10689077430815357,0,0.05521861113064484,0.4045005889899992,1,-0.034461384505650075,0.22300838108815454,0,0.09161130466790626,0.14511640074363397,0,0.4959157743447964,0.6347740070886342,1,0.056674261708886876,0.11718816627246764,0,-0.09504474092455628,0.3177060492232062,0,0.29533778235997055,0.5753535409741651,1,0.03687341644574287,0.1600129525380681,0,0.026113622359971545,0.132150145780842,0,-0.05403812311035938,0.3911905660788373,1,0.29212130110172624,0.35217856130611175,0,0.17794679958309492,0.13024806917289564,0,0.5323556369765379,0.5004769536852132,1,0.11891194558770161,0.21516036923058837,0,-0.07362142698014533,0.3540990938077647,0,0.36452600466024687,0.4127656654911479,1,-0.0006687348695107526,0.08611583463603208,0,-0.048966913540799226,0.20050818764674508,0,0.14310726379702085,0.8987331984845747,1,0.04357239079708418,0.22975932181143469,0,-0.06928760094042438,0.16517675568453016,0,0.5357443007709755,0.36953536937534176,1,-0.15387202860161558,0.22061709859073303,0,0.07152861143792111,0.1019089292551299,0,0.05614551010954547,0.13076303012667578,1,0.043760876987186836,0.14252764945563073,0,-0.008146831713892189,0.18076451078831796,0,0.24676833626084688,0.5441370940591091,1,0.073025104686711,0.1832786748177251,0,-0.11929892008633022,0.1537003603915183,0,-0.004794170654852647,0.38453576369977355,1,0.02073785466124669,0.10837899668824857,0,0.11023025388789214,0.12131302694623648,0,-0.032638623676548885,0.09948672400683685,1,0.07028412341781583,0.05017266668422741,0,-0.007337891829666871,0.07213967707580095,0,0.13971467843930394,0.36172363527009455,1,0.036151475968007704,0.13493380046361914,0,-0.07202892728606372,0.09967797861966976,0,0.23104542173564901,0.39476243553316875,1,-0.030392473425515477,0.0873254797603839,0,-0.13698790664783472,0.15110794030945573,0,0.3229675946514486,0.11557743296057944,1,-0.18490596314505034,0.039162609672862767,0,0.16940626498625197,0.4905035959274461,0,0.21317235828795483,0.2101271443732591,1,-0.1744419679461695,0.2797068887865016,0,0.05849505808359674,0.13912068001672023,0,0.052409454414790745,0.34925389014164454,1,0.13105662578915106,0.18222712004508804,0,-0.06882524932312087,0.1417231250682301,0,0.28700067975656224,1.0880934696321276,1,-0.01871964022090658,0.17901920978310049,0,0.018407577201578946,0.11396908864167647,0,0.20965619378783673,0.20627078805698812,1,-0.05327797255115607,0.1418017724832294,0,-0.003874908080349325,0.15919305152437727,0,0.16846886906940453,0.2065262530830572,1,-0.04413252760387765,0.19761895083803516,0,-0.026353520919020296,0.2634244624406992,0,0.17588135776795583,0.20834308424580822,1,-0.07449537426866262,0.20296093012255317,0,-0.007801904303367632,0.16189143475875303,0,0.36511282165395503,0.6323493994650584,1,0.07371333693081869,0.22216170687019804,0,-0.04840953278865144,0.20244565661263064,0,-0.13467188767275026,0.31237517325294456,1,-0.12229619694782945,0.17357375421119997,0,-0.04499910208459804,0.16322212981175843,0,0.16763152071702442,0.14835383732623889,1,0.12228523325731437,0.22073592725414617,0,0.003813040509296389,0.20732866854696805,0,0.9268253114243208,0.41227051034961826,1,0.046219591821921015,0.1765659498632047,0,0.025334279051085408,0.06671274241485314,0,0.4258488594997793,0.6312899357620084,1,0.006658574443048096,0.31181590225915595,0,-0.004010320592595377,0.17193001221277648,0,0.04241113728185304,0.36163541166932367,1,0.03185728102232512,0.2819310429500609,0,0.09071402490824054,0.16344302526905455,0
138,500,0.3,mlp,0.8956487287160064,0.009529090566789683,0.0056736847306605945,0.0739303216336416,0,1.4028237393167742,0.0876512154523267,1,0.06191471168560989,0.04608435596948736,0,0.0014057224205801147,0.031446574926092236,0,1.483565442113298,0.18184507424706797,1,0.008388613268533391,0.02113740281149257,0,-0.0004241239331974622,0.04314897240850649,0,1.4452703786546026,0.2620175345566606,1,-0.029658420559586098,0.03908282423767156,0,0.021161094635006313,0.06257393316274258,0,1.565906184211229,0.49705293541551737,1,-0.04018770176446666,0.04504556932501608,0,0.024526378821178037,0.05151881849282447,0,1.497704187941828,0.30052452705162785,1,-0.004137810904505992,0.04804003291639823,0,-0.004588291613498069,0.03723141979369941,0,1.2618373640280904,0.2502975991019601,1,0.03519974006902257,0.03492730239856913,0,0.019913369225042093,0.0312226992932823,0,1.3769054280326518,0.12651604727201407,1,0.0652101569087381,0.07594678209917484,0,0.06322918683984503,0.03678817073162976,0,1.270714798179566,0.42029417472337066,1,-0.016056013633414877,0.037995946135168955,0,-0.027108360987464226,0.04460096212708506,0,1.6263547914688197,0.22762813939977405,1,-0.0008156543335585958,0.031010133540925452,0,-0.026610274427301527,0.05295325740679607,0,1.555770411702692,0.27047544509915517,1,0.007985948042586741,0.05505899701743804,0,-0.02210491678282005,0.033570086297689254,0,1.5069538374498954,0.3342052319848344,1,-0.003345686787012598,0.03789611000371387,0,0.005940213209890914,0.021751012382564616,0,1.2902153710817612,0.2665114809274731,1,0.006579091073119265,0.051139254036165926,0,-0.0016479630049107505,0.05203753173312371,0,1.794863466809589,0.2985283517661105,1,-0.0025812892474798054,0.07131284543046239,0,-0.021360105697605197,0.03346404928346038,0,1.7961498886870846,0.2525598995838162,1,-0.002800605087870149,0.050908131788361254,0,0.01501327047876434,0.03759664090734652,0,1.3015003981062823,0.17544220391057563,1,-0.007471153776932466,0.023543679135046743,0,-0.0012761424885842233,0.040694226666717605,0,2.051304915972114,0.22761647454859854,1,0.0008300855264740267,0.03304527089777227,0,-0.024783611234342494,0.02263379761210089,0,2.085158625836989,0.39175818806879864,1,0.02989155786041956,0.03164122759101925,0,-0.026940502072774125,0.024712941617745763,0,1.8973660605328195,0.3945877969972122,1,0.04758626882918288,0.04204583458338295,0,0.02592489828632204,0.03895218488642353,0,1.4251100632820402,0.2440965716864998,1,-0.00848717734239376,0.03136316782050958,0,0.020620169441479354,0.04634781385088173,0,1.2138095142446168,0.10580116505768948,1,0.037575383196763276,0.04205177691432122,0,-0.02769105782279268,0.029214756050162598,0,1.6181241998721116,0.1433336466128275,1,-0.039337219060260394,0.02077317965065039,0,0.07711956285320994,0.04789541257640648,0,1.2520018375756057,0.4992858252385246,1,-0.012451568846567668,0.056072039768158666,0,0.02881666950977299,0.026061612660207418,0,1.291439537935504,0.3169979998553245,1,0.02184403881117965,0.0562904368386333,0,0.0024327250522725927,0.042946372837284114,0,1.399887087054808,0.5444580095841597,1,0.01152176554914953,0.0363959575810581,0,-0.02898905342682735,0.046296337578961254,0,1.50056856567002,0.3131662001250929,1,0.011913922049312988,0.04989218793404347,0,-0.04403660175913856,0.028496444431086277,0,1.614390724600851,0.2187843400556797,1,-0.03282927266842346,0.03527210463032248,0,0.014893086436959779,0.04839776778432456,0,1.1287311824086277,0.1781351556367911,1,-0.020862692404035897,0.041732735906514044,0,0.004683333539910629,0.030026899171456154,0,1.6205122379972718,0.16038231223678306,1,-0.0022974073261263677,0.02902670592919514,0,-0.04696642849340644,0.0326157651776696,0,1.101755709036381,0.30796757093568256,1,0.013457470823694561,0.04608765359866492,0,0.03566458974230768,0.06670203710370978,0,1.2990635460811912,0.31617397737805997,1,-0.02133063688380934,0.06567004351474913,0,-0.00518890192890317,0.04523798919132114,0,1.4544241365846438,0.30379546015469894,1,-0.053839477750038514,0.06448497489583331,0,-0.007998030976013908,0.036086388724540015,0,2.164590397344712,0.38842750525835557,1,-0.023015444341316256,0.06062111332354893,0,-0.05448479219398834,0.04268798100317197,0,1.334800213165151,0.20069236544126198,1,-0.03607258391154127,0.03154057122101239,0,-0.02222863177682895,0.0315676024508004,0
138,500,0.3,svr,0.2671741059064833,0.02742064819368152,0.0031287699350783385,0.011549136533034611,0,0.14208021865568593,0.049438848476610724,1,-0.009064048799721006,0.015357460437845898,0,-0.004152670724509934,0.017253766431549775,0,0.2106843114721953,0.03621688055839967,1,0.0274911179619009,0.017833127407459914,0,0.0035300658894556703,0.03796073105053888,0,0.2730786904765199,0.08950698509541444,1,0.001095270581126045,0.03139357090168424,0,-0.01505805344617687,0.01811812837015885,0,0.19722396956625232,0.1199724902660235,1,-0.015970024960831806,0.023906379132182576,0,0.016019281771679585,0.014184588067895184,0,0.06618720794961559,0.029671553345832137,1,-0.0005111552860765451,0.02541421116422182,0,0.07872525638153627,0.049452535698265146,0,0.3335873768668161,0.11179116217525342,1,0.20418499314100416,0.0660468663548372,0,0.0969226189071344,0.034938218718794864,0,0.2079853749166065,0.04574868563303236,1,0.023250810230967072,0.026085494463659344,0,0.03537464554940436,0.025076672128562082,0,0.30454759246775376,0.1972657524134289,1,0.005513092780898376,0.02152435018380918,0,0.1091514736132864,0.04552621144652053,0,0.3870094800502584,0.05598838966075578,1,0.009457777807660675,0.035274382137905874,0,0.04613910978793149,0.03316323950834432,0,0.29356941690868077,0.09035974843387107,1,0.0998361713010246,0.052199608794791776,0,0.08656206788845475,0.06406366911025133,0,0.388957700622332,0.1260560681169836,1,0.03157537974989007,0.017469161570181364,0,-0.004891156517910417,0.021132527926378326,0,0.19703968982512582,0.05282515383654417,1,0.007491496727707542,0.025119895259841287,0,0.01474687068248065,0.0398551363846888,0,0.3979950334909545,0.16840532006026945,1,0.09255470605821069,0.030151128745145674,0,-0.033064580302014736,0.019984701758134084,0,0.34168191969232986,0.10687027645199443,1,-0.005657609289285047,0.023459433442107033,0,0.019952880024414057,0.033564917051495134,0,0.14225072863799657,0.046972186614449914,1,-0.012509077535852484,0.01436760268672989,0,0.023748672784450166,0.07107548421256386,0,0.40200015906842373,0.1140584791320542,1,-0.0005545646868824999,0.04852627744484484,0,0.009877427552930883,0.01332892133874946,0,0.30151713138571223,0.06087396343691059,1,0.008192394629228699,0.045424546046559745,0,-0.005353416209232934,0.04778916652341706,0,0.07514580886301492,0.07317162229886352,1,0.1281245904717612,0.06593061623265097,0,0.017902564905554214,0.03553982315424866,0,0.09226251509542578,0.11646853733360994,1,-0.018324375101751427,0.02431345555836119,0,0.055263121581184425,0.022513080733074405,0,0.28415643766211074,0.0723375432175161,1,0.04436719634773509,0.060267169446329545,0,-0.011728718493029233,0.017728458458353687,0,0.14676172163536183,0.07221523071146027,1,-0.007335464668122356,0.009910794136161303,0,0.10281601020253164,0.03924889191957475,0,0.24193238046280968,0.19479985828806634,1,0.049969896340814245,0.0771643148558452,0,0.004110339376040671,0.01756715600823671,0,0.10105187254427535,0.053988426776003816,1,-0.006546086471078909,0.05283560913989889,0,0.03742194847559526,0.04855251166757184,0,0.42601777134495517,0.3184007611799081,1,0.03269843130412417,0.04566485370230776,0,0.07643535142164606,0.04898316287297251,0,0.225653775598771,0.07321894393730317,1,-0.0023602533540037877,0.02076887446281015,0,0.005169396778991454,0.020214923513775684,0,0.10833974592052131,0.10314586665324614,1,-0.008586840779361709,0.04167220558206413,0,0.04286806838896225,0.020132309326951064,0,0.3046842961928354,0.15418762773698147,1,-0.013546689244208366,0.17876069559919727,0,-0.018341804400770996,0.03386667658298893,0,0.38072826540962845,0.09665537609026506,1,-0.01741180501253291,0.022401626491497108,0,0.016004606477904686,0.047715111303436746,0,0.16249958412418644,0.10356386525824861,1,0.15302802441304708,0.1306734377032443,0,-0.018924527448967467,0.02933815887323751,0,0.16529314826717373,0.05425966636220853,1,-0.013161345475195856,0.04497494153561564,0,0.013558622994212528,0.006568801134560216,0,0.44801108277144647,0.1675074997331067,1,0.002686464697692458,0.0032464194781502975,0,0.02850533877401506,0.034390292120231876,0,0.4976387774349367,0.14201999710576504,1,0.009765632470158995,0.06930482184725688,0,-0.025659907696579082,0.022466963325344556,0,0.29398687454426364,0.05277686677727474,1,0.016014801874445837,0.061543088446235815,0,0.02549083280453405,0.0405372786048311,0
138,500,0.3,knn,0.20051270117520473,0.07739007064787765,0.6146031197036307,0.4839554547287168,0,0.14230234074018278,0.728402284276292,1,0.0770132606059793,0.48352612131556255,0,0.20240019456809316,1.003815675516451,0,0.775911763814044,0.4937911143750884,1,0.05036442912503893,0.7862868553921738,0,-0.03965535544053711,0.6202837951544482,0,0.3942249860569805,0.8160255991899013,1,0.6181832612386152,0.8094904933502433,0,0.023029925380556905,0.43056676858810405,0,0.0746465624277967,0.4735606126511247,1,0.09787040254697746,0.878037915530542,0,0.21652955027564494,0.8654206084779523,0,0.49846645768895287,0.4016906481648208,1,0.11062687669249498,0.684857347014196,0,0.4813049833292869,0.6666891167024769,0,0.5812937771352035,0.744878762556121,1,0.2129105773723743,0.7469529251341523,0,-0.20310076866461904,1.0519438491675999,0,0.2267844384151338,0.31523335256966817,1,-0.3148606658732215,0.8523878928050613,0,0.12851910297891658,0.4043765822295718,0,0.425253685443424,0.6366183114763639,1,-0.17073525240257145,0.28079550252906493,0,-0.17210132209775494,0.3509158993119664,0,0.5234304434595088,0.5144271624675586,1,-0.036395437687306416,0.5528534859899222,0,-0.15490738177309865,1.0591903309440545,0,0.4437817579590829,0.0838669360818028,1,0.10726247426450335,0.7000541932326169,0,0.2877493744576526,0.8325398396700702,0,0.9325596602981701,0.7733503102304593,1,0.039532396261192274,0.6950096623082584,0,-0.14971555726255453,0.7227589322111527,0,0.03150091698582351,0.4243167996690693,1,0.7738881709946421,0.34834370715803076,0,-0.053486328858746754,0.6123815901133703,0,0.7618498651921566,1.0399789454587423,1,0.12947514261748494,0.6001726993023636,0,-0.036278673712729546,0.6892423036907389,0,0.4597480609969746,0.7882457570700077,1,0.11574471389187369,0.6993015917189471,0,0.021229527918476026,0.7290037374387581,0,0.005135722281279453,0.6584580133743818,1,-0.019566893493747028,0.642779205303491,0,0.16501705999288166,0.37050754318638235,0,0.4850131766665431,0.8770426996296332,1,0.28420339185518745,0.42847709385263316,0,-0.19260159441696278,0.7322140899336598,0,0.2710286473155816,0.7461241814409437,1,0.15443354145437396,0.6747315655959046,0,0.26591903200633177,0.43754777305035664,0,0.17385667056911663,0.3078727771140668,1,0.22652632362938566,0.41316259871040356,0,-0.08520009064349096,0.5608492007729192,0,0.07290435083147524,0.7286997616423945,1,0.008420579628626568,1.1491738884532723,0,-0.030485222760557283,0.6395818063113206,0,0.6435905787600513,0.6168101805464173,1,0.1648623606815192,0.14905323739252718,0,-0.16950515605048144,0.7141675588721119,0,0.3959913442831494,0.42141573743701133,1,0.4159218495859743,0.24234662368993448,0,0.11047291271710932,0.5173758894164558,0,0.6776431131396131,0.4646222625144632,1,-0.35667582958442434,0.7996433086324717,0,0.43738619968454745,0.8305938037496304,0,0.3282513609775143,0.3464168274047096,1,0.06307634805619794,0.5719975614649025,0,0.3400629817782507,0.380674743500039,0,0.5436916705155729,1.0096737075864335,1,0.20604012312376302,0.6361048227913036,0,0.08489222937588652,0.5747584275689548,0,0.24743385857301373,0.4535684135757505,1,0.18074799329467856,0.428783074272484,0,-0.010844333376367898,0.6813599186507129,0,0.1750266846362411,0.5181652138992812,1,0.4714777240434624,0.7571663210449823,0,0.5786832238298862,1.4606322708302637,0,-0.2374701656034907,0.5103342644014863,1,-0.019913679946768913,0.3109998760972598,0,0.07697378655620382,0.3808996364110763,0,0.5442894206801976,0.7287131256315332,1,-0.12291061428012022,0.4122784127428352,0,0.03181462715492669,0.37838959890046264,0,0.19428915165245386,0.8521320255040595,1,-0.15382609294760957,0.4858968226489523,0,-0.31154041588008885,0.62301439834542,0,-0.11418233897901117,0.5478326376186802,1,0.42345097784563557,0.9356146814708293,0,0.027699142585656377,0.7137056895659167,0,0.33154199074615515,0.7414968217988623,1,-0.012464516814157578,0.6619731190636046,0,0.12644926135448525,0.49629728104636184,0,0.6187846112865508,0.21679420712653782,1,0.23505860888394406,0.3394464764521295,0,-0.255432663053199,0.5233014520765259,0,-0.03147929035382979,0.9157522351556422,1,0.3015582626461308,0.5635167348734579,0,-0.037846458195359624,0.9095747468330934,0
138,500,0.3,SuperLearner,0.9598249154681714,0.005430292423809762,-0.007473478362741775,0.015019683440765569,0,1.7913207353552025,0.20113748532293418,1,0.00966450355863079,0.009944715894014758,0,0.00037093820108486037,0.006725354755090472,0,2.1457722095247327,0.2758954756483725,1,-0.00798811068214228,0.011500076349700841,0,0.004304323316935979,0.01875774380162689,0,1.8748259007189307,0.24978474754578753,1,0.0014470368446620173,0.004027469237111789,0,5.2300682631219696e-05,0.004916084150064935,0,1.9199023999692106,0.38882552665849784,1,-0.0035893685136605047,0.004171199981332324,0,-7.208262365689215e-05,0.005190910151935122,0,1.785006090955458,0.31568348279277897,1,-0.005798367589933894,0.004857991227013178,0,0.0030422321171854464,0.008339938798488033,0,1.792791160228188,0.3285807895846407,1,0.00160746508895604,0.0053195281981226715,0,-0.0037726326631156515,0.004257882863517069,0,1.8831458975929407,0.18314786055648447,1,0.0008442689600626104,0.0047036998806098025,0,-0.0045932293798278765,0.009564050855012902,0,1.9104374244944442,0.3636996153118301,1,0.0022964173385870658,0.003042317885022681,0,0.007868992879414121,0.006099076152199872,0,1.7837859698095855,0.21225469067082575,1,-0.007212435223252001,0.006731380389255216,0,-0.0032959832360409903,0.006858724338000874,0,1.9989124699226433,0.0923426808137027,1,-7.601885437812026e-05,0.009557620769365116,0,-0.0057088107158010555,0.005279725809703645,0,2.1056980789423023,0.34577380851881345,1,-0.0008225079073806381,0.0036693364245854367,0,-0.002451808576111703,0.003165369894028531,0,1.7390816698253322,0.2221128494436226,1,0.006314612367929559,0.01890994528978513,0,-0.0012869600013210897,0.00784536438578824,0,2.208423067519825,0.4815443510188018,1,-0.002554427433906712,0.006204472032105306,0,0.013711670616604079,0.02073901166492637,0,1.9735460837317411,0.1749407063008885,1,-0.0014060323584510785,0.0034928979107187023,0,-0.004002406718417709,0.004994280754497281,0,1.5053175749295558,0.078408317745688,1,0.0006957071236519479,0.0019800765184762965,0,-0.002458925778316539,0.0071570787580601284,0,2.3006910794245234,0.2885562773562086,1,0.0014991152177506227,0.005059132350603827,0,0.00015985814321421702,0.005116767603588557,0,2.4508287324694478,0.22927378191687015,1,0.013056710738527922,0.014272976376685382,0,-0.007635973653980455,0.01271661551498104,0,2.351325761442464,0.33642318706088553,1,-8.785049645263099e-05,0.006135143311775471,0,0.009042861156218888,0.008408998367048035,0,1.85514162720134,0.1944457739195799,1,-0.005153885788796659,0.005606325473040745,0,0.0007060060260646716,0.002409087034777057,0,1.6958041094295389,0.05830270998965015,1,-0.003509479459548788,0.007608399520050685,0,-0.000829345015153813,0.019561211716612768,0,1.849221008346148,0.1653694345817525,1,-0.0076273983605535025,0.0137494642961734,0,-0.004609681094833432,0.007696707707955224,0,1.9380707190079463,0.41372118730468765,1,0.00036346371045992067,0.006299244488060135,0,-0.0023436550072023837,0.003476387378639972,0,1.955536559886434,0.4403670084789363,1,0.0031697767188832923,0.010277832250643475,0,0.006944803442652775,0.01289049064439427,0,1.9535748742394508,0.44050393761190143,1,-0.0021828839525378347,0.006152358835647932,0,0.004650140298135906,0.006845279274621807,0,2.161500648258066,0.2970325423969639,1,-0.01756296274370096,0.013663035948609164,0,-0.0007621122757176258,0.003213200483397651,0,1.9484732609417506,0.26409720250060026,1,0.0010059660477292026,0.0049789642779296695,0,0.035071416347158005,0.010781403610760515,0,1.4489622246007026,0.2012014656816515,1,-0.0027991898884830715,0.003479236859590044,0,0.02473998880107503,0.016877722114449892,0,1.977760692176453,0.219053018991459,1,-0.0026949017925226868,0.012364941076802556,0,-0.005942046101867255,0.010471150896917582,0,1.5211951952914955,0.2876320934368614,1,0.0007180343653462731,0.00875311569185026,0,-0.0007898734255968199,0.003544383080014582,0,1.880590098377985,0.18133857700385986,1,-0.002014343899039444,0.006649972572977327,0,0.004228083077351305,0.005517606230643382,0,1.8569432920070092,0.2623022135286061,1,0.002181984831581428,0.01567065957812423,0,-0.001868763532340265,0.007919757998955789,0,2.0937506215654254,0.4122770203983277,1,-0.00613771884512532,0.010169506030493691,0,0.0023987254899322705,0.009818138305767625,0,1.8553506665344757,0.3035662040011191,1,0.002121509854065303,0.006053512507176643,0,-0.00037113677108584285,0.00304739326634334,0
138,1000,0.3,lr,0.9705623401663063,0.0033103358823418365,0.004049691248131352,0.007700912100688709,0,1.737056053360687,0.06492147573669121,1,0.0024781357524821116,0.0030785469834289816,0,-0.0017328284475984397,0.0018922894154495924,0,1.7584491845699084,0.14655408311491222,1,-0.0008418693055947215,0.0008901782489548545,0,0.010111056143411633,0.002118563111201719,0,1.7261426532942579,0.17491151673428254,1,0.0023640333735976972,0.003126749600351591,0,-0.0013070953147789734,0.006344522741584855,0,2.0273489663688364,0.1206751888142931,1,0.0012318477213590418,0.0016044696592893751,0,0.0006499679124354911,0.0019181802128307127,0,2.0507179212145146,0.1268191509600621,1,-0.0026833039098950245,0.002933809541961439,0,-0.0005479916867189885,0.0018928092756341998,0,2.0054582440615336,0.10645615380889996,1,0.003602947473868323,0.0029379768925979185,0,-0.0002527462459724062,0.002318554421695724,0,1.7574885238269047,0.1894897661339916,1,-0.0007254835339610008,0.0028604801528049366,0,-0.0002005995494633624,0.002941701382684754,0,1.759489959667239,0.23452119588960188,1,-0.0004591500548667917,0.0012934627660276768,0,0.0071027187108795116,0.0052784125738686806,0,1.8560235443992057,0.12362997057543906,1,-0.0002838060224229624,0.0010136983680512084,0,-0.0034773647416113584,0.003727796552732677,0,1.9696653942714673,0.12979347189859455,1,0.0006277146428002175,0.002666142793485655,0,0.004803478709880229,0.002431112555096462,0,2.2524206584021487,0.204839455677885,1,-0.0017083489810489183,0.0031967020245982926,0,0.0036663055324074887,0.002926529697257224,0,2.1523855609049947,0.07128975285991648,1,0.0031849965380305384,0.003316934075810368,0,-0.0008167379650076718,0.0011998418865381238,0,2.1817696010534884,0.1451226233435921,1,0.0017599559014493532,0.0029065237314306954,0,-0.0016063260797078822,0.0020414363235015287,0,1.996529170497496,0.1771790948067679,1,0.006795723812765145,0.0050790001289048895,0,-0.0026958685720082204,0.0034730585101493605,0,2.132148561073373,0.2999730787245066,1,0.0017467706654797194,0.004712911347740168,0,-0.0012137701764895258,0.0023966729936498615,0,2.0812247682134575,0.18203264423685211,1,-0.0016432847962121317,0.002399249050428142,0,0.0005782834978222015,0.005491886060123513,0,1.948230111129843,0.1568720410894144,1,-0.0007781105844159905,0.0008039660387149513,0,-0.0005786266088598703,0.0014900551925949356,0,2.3123265625829186,0.12503455923744977,1,0.0020533113858115337,0.0023969999072461674,0,-0.002804632889811742,0.0016467193355601069,0,2.003523531194793,0.17660613475567558,1,-2.1981381814627656e-05,0.0030709039967665055,0,0.0025340065662022605,0.0016310174628434114,0,1.9574950730051437,0.09780978135035857,1,-0.001046660645061402,0.0013820558275282032,0,-0.0010856046319159614,0.0016341827994024723,0,1.8514205657974443,0.1397641589909979,1,-0.00048351489370079164,0.000608725976794435,0,-0.002407205559217896,0.0053611401188434615,0,2.1925933033799145,0.25477049545639774,1,0.005043491063442937,0.006800736835284022,0,-0.0007116496780537074,0.0017499880181182273,0,2.014185359844513,0.19951347894771246,1,-0.0021695927046736065,0.002918159636627129,0,0.013388289307551473,0.01284633422061152,0,2.2941426436738466,0.4342414045036383,1,-0.0012821248016456344,0.00279125468213662,0,0.0008238504682640668,0.0011574985471601447,0,1.9622541146981707,0.2648147045180571,1,-0.002642055892648049,0.006943727103423515,0,-0.0011037111027437031,0.00048825570300704623,0,1.911341457057168,0.11352697036913688,1,0.006327521301639537,0.0021798580753142585,0,0.004426774662532969,0.005824051175364932,0,2.0484957000757307,0.12788417419503448,1,-0.0010596292869627234,0.0011670495698831915,0,-0.0016433500774985046,0.0029816822280859475,0,2.1262809992755343,0.2521781049544669,1,-0.00022281652538499053,0.0006217555169725475,0,0.013824540469555113,0.00446267120951487,0,1.9427746020757577,0.21902265605205384,1,0.002389007773340479,0.0047135383340057724,0,-0.0007014300154485573,0.0011831897040795558,0,2.1838159061404396,0.13120247635290427,1,0.0019860513901436274,0.005394432449311036,0,-0.0015224224967800941,0.0009510186523343145,0,1.9558616142997454,0.20639599670515285,1,0.0005690393250186042,0.0011606161864414245,0,0.015059547261930714,0.0018691801640909889,0,1.937521490805746,0.13439528234250342,1,0.0028714847163848604,0.0013438322869635604,0,0.0013374169725479227,0.0021681311424366005,0,1.8584926823370302,0.17877530724188656,1,-0.0014682749066280535,0.001797470994354698,0,-0.0017975181459024964,0.0019537067331958503,0
138,1000,0.3,lasso,0.13308730600117763,0.02278578831972742,0.0,0.0,0,0.0,0.0,1,0.0,0.0,0,0.0,0.0,0,0.04225010482994941,0.04570060713803899,1,0.0,0.0,0,0.0,0.0,0,0.07148936526764464,0.07196780510921415,1,0.0,0.0,0,0.0,0.0,0,0.052969762085569264,0.05480919496111128,1,0.0,0.0,0,0.0,0.0,0,0.039924374109408946,0.04984084986144033,1,0.0,0.0,0,0.0,0.0,0,0.583662485685097,0.05335536349242937,1,0.0,0.0,0,0.0,0.0,0,0.11371844287487906,0.06327099284891333,1,0.0,0.0,0,0.0,0.0,0,0.4016464807545367,0.1308636873323492,1,0.0,0.0,0,0.0,0.0,0,0.055112654278203846,0.060700862689831464,1,0.0,0.0,0,0.0,0.0,0,0.0037587630210782095,0.007517526042156419,1,0.0,0.0,0,0.0,0.0,0,0.09540847367207586,0.08011641959522042,1,0.0,0.0,0,0.0,0.0,0,0.06124347165652995,0.05995595126224303,1,0.0,0.0,0,0.0,0.0,0,0.17454165883441455,0.09733852871413132,1,0.0,0.0,0,0.0,0.0,0,0.8499082630005003,0.05120760640167772,1,0.0,0.0,0,0.0,0.0,0,0.029013388374469713,0.0355340811910462,1,0.0,0.0,0,0.0,0.0,0,0.3645777996744023,0.10837012324789169,1,0.0,0.0,0,0.0,0.0,0,0.041681249929358045,0.0514251737188893,1,0.0,0.0,0,0.0,0.0,0,0.0,0.0,1,0.0,0.0,0,0.0,0.0,0,0.0,0.0,1,0.0,0.0,0,0.0,0.0,0,0.0,0.0,1,0.0,0.0,0,0.0,0.0,0,0.02194031252758894,0.030284773764000364,1,0.0,0.0,0,0.0,0.0,0,0.0,0.0,1,0.0,0.0,0,0.0,0.0,0,0.02633760138925432,0.02697934540019757,1,0.0,0.0,0,0.0,0.0,0,0.6125214351807358,0.058344556610897706,1,0.0,0.0,0,0.0,0.0,0,0.004762835343993771,0.00952567068798754,1,0.0,0.0,0,0.0,0.0,0,0.0,0.0,1,0.0,0.0,0,0.0,0.0,0,0.1363752233382412,0.11998896684321572,1,0.0,0.0,0,0.0,0.0,0,0.0,0.0,1,0.0,0.0,0,0.0,0.0,0,0.0,0.0,1,0.0,0.0,0,0.0,0.0,0,0.4385672820854391,0.1283035509857922,1,0.0,0.0,0,0.0,0.0,0,0.3375362662183141,0.0798750923514803,1,0.0,0.0,0,0.0,0.0,0,0.6639744672318686,0.0640847240915381,1,0.0,0.0,0,0.0,0.0,0,0.1285692040927927,0.0678948341947172,1,0.0,0.0,0,0.0,0.0,0
138,1000,0.3,dt,-0.5187456593845893,0.06388256103903886,0.46370000160130526,0.35057128036096774,0,0.1566906747777018,0.391636771529938,1,-0.26679048638824715,0.5784993143548812,0,-0.0176099274463235,0.4758674784554045,0,0.06448306508344502,0.28152888901797835,1,-0.14480553219873737,0.8892187575618117,0,0.29322283717688175,0.3451154558556485,0,0.11958657472882601,0.40103577937187457,1,0.013647723317975192,0.2223646640140611,0,0.14352193559690282,0.30944450392319467,0,0.2208585520959408,1.6861074397842033,1,0.018536434103565803,0.13261610239121854,0,-0.18066094815214706,0.16816848192309086,0,0.6834809019838379,1.152284369599055,1,-0.15697852177979876,0.1789233922117066,0,-0.004693284333802039,0.671189861632531,0,2.1549053988567772,1.374248564494822,1,-0.2821998834556162,0.4456974132866877,0,0.22095237197341122,0.46362949907898793,0,0.045363422626209696,1.0145433893833347,1,0.09421351048580713,0.6986623813251415,0,0.1404284848256876,0.589708850203108,0,0.13238949701058178,0.25345650685570426,1,-0.2572684763676847,0.42805393282839743,0,-0.08265372046044006,0.2671042238300981,0,0.1021046284054963,0.3433703412959303,1,0.10877426286717615,0.5410758858954315,0,0.2905537163198795,0.10761574465628015,0,0.7671890621133046,1.1749864170319069,1,0.3504570161202048,0.4067429288370557,0,-0.4919984748917945,0.8031915086044338,0,0.2825229109767387,1.6890170480511453,1,-0.19630000708119139,0.3091279554749284,0,-0.1639445738566901,0.2669656201047581,0,0.7004229845718668,0.7287645642463249,1,0.09868970964880064,0.588615124619541,0,0.10015034657095008,0.15267196429533417,0,1.0546857978460562,1.4712561638473167,1,-0.232653739290012,0.48673380509914077,0,-0.019355477974650447,0.12655833443148168,0,1.0424214965875216,1.4058369643061777,1,0.07121910092596767,0.10873555297204951,0,0.012591052790639368,0.12490129880248305,0,0.04216342374941059,0.1668149573736305,1,-0.06523280271701679,0.30468923687154137,0,-0.0493394617178277,0.15857423622573175,0,0.9743505627192744,0.5894245194717922,1,0.0027261959141783197,0.22442840667208,0,0.1964879058721937,0.21187991797877184,0,1.1908516993184999,1.2649595239544127,1,0.16496076172252375,0.5095014768017088,0,0.2721331349730113,0.3524336955006989,0,-0.1709169330739338,1.2615112293366302,1,0.15500074435800565,0.24280724929479966,0,0.28331343579462276,0.5656027261838734,0,0.3496397945936245,0.6262803401566076,1,0.09112247506215639,0.3004192214633748,0,-0.16765164524246895,0.3190125718037468,0,0.15891992449105033,0.9745371580339324,1,-0.014190017765128298,0.47900100911351773,0,-0.12009218169936883,0.13888780910224688,0,1.1691417280372591,0.8051849956990559,1,-0.037119363095933645,0.14771597246975496,0,-0.025250265595270237,0.5464558108368,0,0.32614756477216,0.27661739777387623,1,0.19122655775947,0.12477515489840575,0,-0.09733159553751823,0.30014411014941056,0,0.0029257306119246707,0.4599328890457406,1,0.49752807292173973,0.8727497971763111,0,-0.12775455519025197,0.3007719340002008,0,-0.00970741568463443,2.2409753865646835,1,-0.01882136119896393,0.04878022998979203,0,0.3616563407262774,0.5026453644923048,0,0.43301420900318766,0.9509294461149419,1,0.05634780956367845,0.33221587448345913,0,-0.08964757161104502,0.2781531992598184,0,0.03302749687899469,0.20882508495201302,1,-0.2488754273097568,0.5578202596142855,0,-0.020911317539440068,0.141498114689403,0,-0.299008856691024,1.018240695112375,1,-0.025109097871995327,0.23217281146311963,0,-0.2776528656189846,0.4625776004332484,0,0.44217174741439447,0.3366824457223563,1,-0.10007640007390495,0.1789675213090996,0,0.19305054512851916,0.262894215379395,0,0.3849701775901946,0.5420317053295922,1,0.16933061920755543,0.3646103859227906,0,0.09610592835431633,0.23404656914484848,0,1.203479226086596,1.3482555490546646,1,0.5976705989417612,0.9378310255316863,0,-0.300995631899606,0.6206383142525573,0,1.071684061300242,1.7001865111090961,1,-0.05100898994862688,0.19861483948011818,0,-0.0289457056058835,0.4479663569058669,0,0.39299580748249746,0.9164825390571026,1,-0.13333029097935917,0.35868151962657135,0,0.35063738492484087,0.2170991248862615,0,0.06795199764614182,0.7634541768741855,1,-0.027582278497893613,0.1545713865718324,0,-0.0374780817873829,0.9714725043386069,0
138,1000,0.3,rf,0.32211474347636104,0.020962118477899652,0.006275648308447429,0.03575780332903121,0,0.22917944924044648,0.0709902802865338,1,-0.02701718949740244,0.02069386892161455,0,0.009300040916606505,0.02446664359032114,0,0.27774833483771133,0.05558003620271601,1,0.0018909076991371313,0.023125779554398443,0,0.0193587722111846,0.034193085159684014,0,0.2557800061235073,0.0736004398683356,1,0.020000512182003587,0.01405573748252762,0,-0.013086812413226522,0.031066871218667684,0,0.3997938028639603,0.07801131808537953,1,-0.005389854211955523,0.018263056647194874,0,0.003184758887839889,0.029487288381104558,0,0.2262959835936972,0.0690401801391891,1,-0.015796263458683273,0.027363330755577855,0,0.03268123700410445,0.07030795613640159,0,1.1579506550562868,0.12329472690024663,1,0.05634096260649294,0.0480389548151797,0,0.00827767703701548,0.02762426674815226,0,0.278293878053607,0.09055453846915398,1,-0.011362970230048062,0.0321112254094232,0,0.037024861568084516,0.034383016643998246,0,0.4640514810669466,0.06572693622843369,1,-0.008440684443991245,0.010241098658345868,0,0.025184968336802782,0.036715595535945875,0,0.2996102343902499,0.12407866015226696,1,0.005569347094850997,0.036763642080063406,0,0.04367870167566952,0.06027927309806854,0,0.2901851728007597,0.02721137368265622,1,0.0028349416657148505,0.03985390091208884,0,0.022460420466799958,0.04108351022458358,0,0.2169074061334602,0.05855646620836035,1,-0.007166530468212912,0.0398066420841161,0,0.019761007626001702,0.033340797383138915,0,0.3410721350083264,0.02145357295307719,1,-0.003452310548667128,0.045029275793378766,0,0.04753869754221912,0.011018519300537936,0,0.3996410743522433,0.13892491162930867,1,0.015096855423061556,0.082149870124306,0,-0.013829186676150912,0.026127490477950058,0,1.5346319983325007,0.4524612189313509,1,-0.010203134022021387,0.023109787328945124,0,0.008152046460144618,0.03496704076353881,0,0.22729543980842876,0.07737957476539523,1,-0.0005098967189386905,0.048625074232292204,0,0.030984721135475807,0.043612289587484046,0,0.46358501640047606,0.10876472643267361,1,-0.008456555835325431,0.03171197396545402,0,-0.013246177051329694,0.007786798607467422,0,0.18761338996762925,0.040375685249329094,1,0.005811511434595786,0.049763678676069345,0,0.027530165997855793,0.030343054213816577,0,0.17495530904385892,0.04909033045037228,1,0.05324437050480273,0.07061444553781117,0,0.03084693632130322,0.03318263999764908,0,0.08008890614381443,0.02578186264143786,1,0.005736305996880587,0.03923834367447159,0,0.022940573197216166,0.04940295758708764,0,0.3131680555047358,0.07804975276973743,1,-0.001529287498206159,0.0383624062682613,0,0.013059582403313754,0.037807604659609355,0,0.34028256301445853,0.15409405819354624,1,0.01571785159221966,0.018775892400230632,0,0.06044382250109755,0.07937653524690251,0,0.1721909608725863,0.11253265023141606,1,-0.005110312313751948,0.033814422076697055,0,0.01321286097108556,0.06422795510468503,0,0.2537904994187323,0.12965643569464552,1,0.05977590946648551,0.04185776395132318,0,-0.002706119276118471,0.06830275082359964,0,0.897819182060694,0.15697262880237914,1,0.04042360382879791,0.053308874621972605,0,0.029049566046386366,0.023819564168472973,0,0.17739276183154945,0.06599445758965353,1,-0.0012240909873781915,0.029412001972959546,0,-0.003338134988914619,0.04259059854848675,0,0.12359895249407497,0.09140108022640427,1,0.009814315603564367,0.022487249172520592,0,0.02424850964225189,0.028024905540728562,0,0.3627341490491395,0.09361891296664773,1,-0.0028103792485430295,0.035883618599482664,0,-0.016372008673827966,0.022091093535839625,0,0.2053609604775643,0.06705170053695529,1,-0.005413995395307525,0.029880194570213677,0,0.021064487732378796,0.04888820681365459,0,0.098864734455617,0.062036134699427925,1,0.010423275128671165,0.06316068227020798,0,0.01514037572220484,0.033959682093735774,0,0.5374075336757747,0.0871389348343361,1,0.023880702522402104,0.0941663948263716,0,-0.019092282222738916,0.014062780665015689,0,0.584241712267086,0.06613972396613782,1,-0.012182869203673091,0.02431139145780414,0,0.03549567777067445,0.03785820913050711,0,0.5178682038655908,0.15312459113130358,1,-0.021702082870992317,0.0625849275113944,0,-0.0036624482750605273,0.030656391478137254,0,0.3840173944669562,0.13442062025281498,1,0.005499211914602385,0.035062022776617366,0,0.040673672519739454,0.027889030829847717,0
138,1000,0.3,et,0.320950509163076,0.025927784224583104,-0.018002370669640215,0.06229541959650932,0,0.14232253585611518,0.07214846204257472,1,0.0003929403644588519,0.0220974657415287,0,0.0005933333517121192,0.027380936765091478,0,0.14603220601763525,0.1860103865464527,1,0.03201622918375034,0.02917367871847401,0,-0.031867797801503284,0.03783775377029892,0,0.2701597404497901,0.08965008204099248,1,0.011159075565023371,0.025188816487271518,0,0.014553949982274089,0.05330968006817329,0,0.34738137257000107,0.06362518812965248,1,-0.0021304981466906845,0.04450341335371384,0,0.0024358142066250254,0.03280489086999738,0,0.2461463193062535,0.10897052897330727,1,-0.008241832119023556,0.05735047296581356,0,0.0212212268935416,0.06050815958581978,0,0.9767838546785482,0.04777790523564229,1,0.05436428571596399,0.0716006895567196,0,0.04922674865925442,0.05623464958700147,0,0.323613845036252,0.10746608492548672,1,0.0172187122445026,0.027390044643671972,0,0.019429768061457735,0.058293913022727906,0,0.5606869813761385,0.18136287972406245,1,-0.009097160577308912,0.03558386111154296,0,0.010149313504910879,0.07047797855099325,0,0.2712879685838122,0.11273224043715345,1,-0.000895235192308734,0.06257013314261196,0,0.0434265712544082,0.07709005935372396,0,0.24892656147891348,0.07901254346538325,1,-0.005522478799312737,0.05516701886806079,0,0.03231250300843923,0.06575138489417619,0,0.2748292764804668,0.08440523808536886,1,-0.016190788952663838,0.06949698664430957,0,-0.004528478972710517,0.02156970715529943,0,0.35865384137989714,0.11695020107718626,1,-0.00959188232321786,0.02258624912791688,0,0.06629211283093742,0.04330788133475576,0,0.40429717107117585,0.05460038410882841,1,0.06436338300185715,0.0380939685154375,0,0.011469736319541879,0.05144564704121252,0,1.2696547438054846,0.2249095045129517,1,-0.030718491058895087,0.01706949438008721,0,0.02981594830816272,0.05534178978371601,0,0.17779505406209656,0.039662702994441724,1,0.005531581848117212,0.0359764020350908,0,-0.0019284578700549987,0.0189599488579821,0,0.35874980807425816,0.15995092104392666,1,0.03063799436808769,0.031133568501487,0,0.004215521905171414,0.03281924922526862,0,0.15637544442287094,0.086945623704547,1,0.0014217002307423462,0.019661829407332174,0,0.025038375969710487,0.054781508740584024,0,0.15552634738975918,0.08573151867490095,1,0.05283818627457472,0.04354094743403057,0,0.014546317792875426,0.021752439471359686,0,0.0851680237385941,0.05631848825494284,1,0.015524615840905384,0.030553801875778712,0,0.021317310447379657,0.033716941864500125,0,0.25701438925514863,0.13881014758411644,1,0.003115946868480693,0.048172282858769705,0,0.025755000772306885,0.05771185986609909,0,0.23827003716687764,0.10608390330032735,1,0.017280016173384295,0.033388123273118915,0,0.09409591946479576,0.06197057737140793,0,0.13367976899251768,0.04623016319175046,1,0.007047014494793602,0.04017792532841597,0,0.013854645096211256,0.04081418415781993,0,0.2628725923607516,0.05890840787358603,1,0.08444679104194486,0.04709590223425255,0,0.028414451393076846,0.03335186014139055,0,0.9558585335653955,0.20176850055781292,1,0.03905157152229408,0.0164698993474455,0,0.04522250261378643,0.05643272157288999,0,0.1319219577560296,0.06726459429848618,1,-0.029017582990119806,0.0405266474926795,0,-0.029301104006137606,0.029747696236520807,0,0.10453016937478728,0.07097675911940303,1,0.032204799626881365,0.046212926225484806,0,-0.017605034929584134,0.0335726821817351,0,0.3968699078518827,0.11925603684086745,1,0.01850489178158898,0.02322665092848096,0,0.019246163800942784,0.0367539870867521,0,0.17230074928898503,0.09965748379765033,1,0.0025778761897694694,0.0163208827168239,0,0.014792785452843363,0.04826303750274587,0,0.07436392010709772,0.06382185142243563,1,0.0808853994804937,0.04341687558894443,0,0.006205521492983336,0.047008626725430686,0,0.5261012915638669,0.3972999864053805,1,0.01008794497998872,0.06818068527828411,0,-0.0027933912009976596,0.047425689447411795,0,0.6557306403802048,0.058770099859891026,1,0.009882841223831786,0.07034440812286324,0,0.005876275676567599,0.03591462682718309,0,0.5911995899747353,0.15687511442873134,1,0.03258402874466375,0.022293443971397247,0,0.01459834596432728,0.028263936406035108,0,0.4280948114756328,0.09871736135687337,1,0.019703850829010165,0.02877935659940981,0,-0.020412059474486925,0.06753828486148528,0
138,1000,0.3,gb,0.5228386999988036,0.047223128434453095,-0.0046394356770662944,0.026355586088223887,0,0.5339375283467453,0.0523976374310414,1,0.0049138253878482484,0.013198929418550907,0,-0.01151496391860951,0.013029049919157404,0,0.5405752217359174,0.21870888028228563,1,-0.006960081384883488,0.011714285356836171,0,-0.0010204489279478039,0.003802175887474315,0,0.5386995209090906,0.17649069884737306,1,-0.0038405031650219786,0.015157559008391549,0,-0.0008675669011866782,0.016995532679169246,0,0.980545181157176,0.16296436394330252,1,-0.003908130449634008,0.011093778272262041,0,0.0075861174103692836,0.029790912801248143,0,0.6856369222183532,0.08542331227018857,1,-0.013560904447530716,0.02150200018586065,0,0.010461225524616622,0.03328895717763472,0,1.4357410225739629,0.2726369571946087,1,0.07163598809591948,0.10721056054197416,0,0.031061148075014904,0.03460257087102312,0,0.7523791807102163,0.08915688742800691,1,-0.017330501484865375,0.016069522102670396,0,0.0045836381787616245,0.03153165029232027,0,0.7418959659426705,0.2968187952492803,1,0.0009916585994484705,0.0298644002711631,0,-0.012272222085733895,0.04205879419071523,0,0.5739860175637554,0.14909847258319056,1,0.036948126371524795,0.023532930654789723,0,0.04438306676889085,0.03289902561570023,0,0.5136124133127187,0.1729042133971339,1,0.005283056256944748,0.032539430951827285,0,0.013731206088806855,0.03911533259047067,0,0.7346772450269409,0.18062883218682355,1,-0.032212271514281667,0.062104537654590924,0,-0.0031116472337757986,0.009140894283284183,0,0.9675841302876286,0.17622663315978387,1,-0.011797023758756103,0.017856674825859318,0,-0.02200152590400473,0.0458020056027779,0,0.8062285563310436,0.10220524225068785,1,-0.0022946761807168033,0.0547996203383454,0,0.017796589075295913,0.039556154467612605,0,1.7964236658908934,0.22059800497395665,1,-0.0008098503761808616,0.009818421063426685,0,0.005902250807682023,0.009737725860504823,0,0.5296107191071009,0.09816575660873161,1,0.020835795056021483,0.04171541932573293,0,0.007606172446103998,0.020168972011760662,0,0.8139181550100762,0.19964001569123357,1,0.0071623326133346404,0.015632363960832285,0,-0.005902999938350817,0.012099335920990084,0,0.5540716230080832,0.21649402452409527,1,0.00772404664055223,0.02497557123127269,0,0.01049904026809086,0.013520276973089954,0,0.45590111899379815,0.1548767539169432,1,0.07214896749954297,0.027198783097213373,0,0.04306864204246827,0.04179429124603919,0,0.2579350837508069,0.11738689498740291,1,-0.006489587220458233,0.01579466040752974,0,0.020014460523651856,0.029833042728671537,0,0.7459998661177327,0.20551743817635024,1,-0.0005819203578206213,0.0007914113238957095,0,0.009091101361060965,0.016112099929730637,0,0.6113453500162057,0.2046655663499547,1,-0.004116434657723609,0.007701370195040544,0,0.053855559936073084,0.027712455664414135,0,0.5039570451199239,0.1101353716683158,1,-0.004224763908179108,0.040785311264262235,0,-0.0044703979520387595,0.018054319688378267,0,0.7814253725261514,0.1925493008550849,1,0.018906976977062208,0.04484198826627794,0,-0.0025712364576131385,0.01622574775591548,0,1.2149671170743421,0.38555766665181945,1,-0.0017073983982073386,0.001989560659033944,0,0.05591332136404442,0.023444236582847066,0,0.5555878897058214,0.20063263905119344,1,0.0019184623897500115,0.0064936022896515,0,0.0018427775432932098,0.014355415528971335,0,0.34918378933150873,0.2084963982147979,1,0.0006032340702893393,0.001570654032212179,0,-0.01706595733789188,0.015479726589489191,0,0.8352169925825667,0.1914220343824283,1,0.0047247885815371775,0.05081345161884858,0,-0.0026952477144873157,0.0165217325629211,0,0.6387197641640887,0.14382840843069603,1,0.023989842758446144,0.011552325974750012,0,-0.010636792848426366,0.05307770884918127,0,0.2623698290534244,0.07313232816197535,1,0.052949188037803886,0.04424375384634191,0,-0.010560676985148653,0.012673000894062736,0,0.9471753848219269,0.2780554595917046,1,0.02137956828194043,0.04997948493171313,0,-0.006835740508862392,0.006090008609385257,0,1.0242611772240866,0.2273222886331551,1,0.004779578030250605,0.00955915606050121,0,-0.0027261465517067545,0.005102958634498778,0,0.9329851718476145,0.2680208372012851,1,0.0030573467201715165,0.028204462838072302,0,-0.010727725062800713,0.03074130663179295,0,0.8630981991942501,0.2330081296334453,1,-0.003327091200567644,0.0029202747297573267,0,0.014109963383494928,0.04526129660878389,0
138,1000,0.3,hgb,0.4992170333826845,0.018616927853446923,-0.022023735572006868,0.040409981329514115,0,0.5878604270676342,0.1624754162581973,1,-0.0073531697279785296,0.026705749599017094,0,-0.015024985449084465,0.06493767964589384,0,0.4925075248370071,0.10479993583612444,1,0.017392956597067334,0.04338619775120352,0,0.015275121374412764,0.07943745137647698,0,0.6047217050681242,0.1706670862834501,1,-0.03523282666417117,0.020750125931436027,0,0.022276611077087588,0.036530463038381505,0,0.7796712304325999,0.11668648173971528,1,-0.0009957714089094912,0.030432956842070705,0,0.0020611978092527905,0.03433620391664352,0,0.5561273443001326,0.08900084327605379,1,-0.005990352079153872,0.037466077331685825,0,0.03876648730956268,0.0208277015984055,0,1.3380156414415043,0.23784479145284873,1,0.022664381413309974,0.09240030299584259,0,0.0835922499904172,0.10361269497480576,0,0.6418628584519948,0.21547302908751317,1,-0.00452121913304358,0.007974428986502222,0,0.10240563991564774,0.07495571005708589,0,0.8265437893177582,0.28498352210739786,1,0.0208713863572308,0.04759262496142197,0,0.009324400211902261,0.021413108069391947,0,0.39800037138549593,0.10926987081475488,1,-0.004080055177002187,0.04160255130963249,0,0.03123447561233702,0.03127847463772299,0,0.3774152131988306,0.22420674147550576,1,0.025106581655748184,0.048331671344349875,0,-0.03870051461969988,0.07698739630671614,0,0.523736541734835,0.15670765481561852,1,0.018714425045057853,0.05622254084656949,0,-0.0010798089122548414,0.04084150407170732,0,0.9457737957886184,0.026041698684922815,1,0.004825444070010091,0.04686107269893231,0,0.011879858296749963,0.07998493624589302,0,0.8540895419065311,0.09845136740826771,1,0.011405516140623803,0.034849459511646315,0,-0.01987459674056103,0.059083984966592715,0,1.5652874134019765,0.40127803864828143,1,-0.006900523851718091,0.0393610503224508,0,0.05134479616759955,0.06638074038868912,0,0.5337148142383114,0.210462134354853,1,-0.003582255277896928,0.02559062046675357,0,-0.014631250652930092,0.04266376645834306,0,0.8291208538264752,0.22006266187285528,1,-0.012714828634076858,0.05034141734757851,0,-0.0016213597426639977,0.03209161327014724,0,0.6171884018983933,0.20914275870395183,1,-0.015401346787062908,0.07971628546531488,0,0.06750346369276297,0.055865558947717026,0,0.23902409953931564,0.07607988537957655,1,0.06044163197635481,0.15064357160029876,0,0.04447015439908058,0.02417865779497002,0,0.2387707090383686,0.08248875128350584,1,-0.0022273769564317833,0.024514554570138465,0,-0.020512652601878463,0.046135921998285596,0,0.7802370423801102,0.25446015428835506,1,-0.022110061689267928,0.05917164772480478,0,-0.0003387752108642911,0.02714266333032828,0,0.9385608250413929,0.21438515438949152,1,-0.017289532965512385,0.03273390175865604,0,0.02275747978872354,0.07505562616161131,0,0.4721613382214027,0.16812926684113635,1,0.01575726955388153,0.0459353259104406,0,-0.002456886017358457,0.02169289621642567,0,0.6882209844930236,0.10607361713043144,1,0.011541678612181343,0.02525535051725392,0,0.0350393451488501,0.0681660086029596,0,1.4406977305548896,0.25040185068508897,1,0.026999865267106304,0.06115114818751449,0,0.009980698258154468,0.031210739305989752,0,0.4642847585936881,0.159671587311907,1,-0.015391886700951707,0.04775211260703005,0,-0.008593568619353882,0.04183149881941838,0,0.3167445873132752,0.09846710347906917,1,0.025192823370873557,0.026940389964314734,0,9.056519330609726e-05,0.019239827800684103,0,0.7503828947913831,0.17935580237611637,1,-0.015338656342095783,0.06399110595589548,0,0.014574736046904674,0.02804394309676927,0,0.5814136574685319,0.12643844469434654,1,0.009511672236159455,0.019429109283431518,0,-0.007442586180075507,0.047021056945335524,0,0.31398980889542616,0.14178287113309443,1,0.05023584912820944,0.06332059126121532,0,0.007549636151936134,0.03877899024398141,0,0.7638268079399809,0.3910248077382577,1,-0.021208933106987814,0.04086079890605255,0,-0.024570323318719382,0.04628567540456494,0,1.0695349368535538,0.1374648780349645,1,0.0015726195145015886,0.019228676350917167,0,0.029193110994428284,0.036224589585035494,0,0.9059216542228876,0.179787851154669,1,0.008790406462152447,0.024679417760057717,0,-0.05143661867540171,0.025545981046360813,0,0.8236885143897347,0.1296496685525424,1,0.004379657707510497,0.03056555946434241,0,-0.024452047518294266,0.01784960435203981,0
138,1000,0.3,ab,0.38463284118060653,0.0423719245907319,-0.006172020499749209,0.012344040999498419,0,0.40490152163257986,0.24853669455513708,1,0.0008843438869130581,0.0020377767015457553,0,-0.0021404123761770678,0.004280824752354136,0,0.2723036752089004,0.2120639428511351,1,0.0020202772810214782,0.0027503494793429165,0,0.018676808151237068,0.037353616302474135,0,0.501176187827265,0.1656179729654172,1,0.05259521288665425,0.12456372861066524,0,0.01904297422136869,0.07425807187719394,0,0.6504336614566932,0.43639460334553193,1,-3.613685089162294e-05,0.01408097286581623,0,0.012711151308080457,0.08759289591983162,0,0.4120168752550152,0.3095691256009044,1,-1.6714277241163698e-05,3.3428554482327395e-05,0,-0.0004646534924662688,0.0017838530074258164,0,1.387059063107405,0.20542621976421596,1,0.010244723691546526,0.07781313900221044,0,0.10524783457562958,0.10836015921577875,0,0.9281259867984797,0.39806396458549836,1,0.03455268204210218,0.04366988380633878,0,0.10438563466909409,0.23255230581877737,0,1.0302353603888257,0.5462035613933972,1,-0.008986624077773057,0.021500065267449405,0,-0.03280075664908129,0.0802852891105136,0,0.4434894622107176,0.27734222025179905,1,-0.0021940926124336497,0.006357299849254247,0,0.0002082202178414292,0.004873505349925371,0,0.1938797302949046,0.05380551066273881,1,0.08899958410787864,0.168310384732613,0,0.027924722892909183,0.07782218917712677,0,0.24492819261499274,0.0902275739990626,1,0.03696580103616017,0.06066168694422689,0,-0.03575165283209242,0.06787178798451393,0,0.65901698358488,0.10592432566399132,1,0.0049979117185972935,0.005932609429807198,0,0.005717430221748161,0.04215045626357058,0,0.37600244803999255,0.2001702894666988,1,0.0748208191261867,0.1928962944086418,0,0.01788549669580166,0.022798156865921175,0,1.1448554188924687,0.1276376757008522,1,0.006384996266217939,0.01276999253243588,0,0.0,0.0,0,0.27974389613427425,0.05183843423229814,1,0.0,0.0,0,0.013426587699391493,0.016957007706272627,0,1.0508141716000279,0.2543901057057822,1,-0.004192892170371678,0.008385784340743356,0,0.0114829380313124,0.015024953599398734,0,1.00289659768671,0.31370467643606037,1,-0.0002042249911340406,0.0004084499822680812,0,0.0025522023336051946,0.005605441319489351,0,0.2728482814894426,0.15641463835007877,1,0.05098431605111238,0.11262212258980397,0,0.055495772455797066,0.11917013572622433,0,0.09234402889194611,0.1531020532127598,1,0.0036097353835653225,0.007219470767130645,0,0.03301610252608332,0.10539801514614362,0,0.5211233104265567,0.09750832544445141,1,-0.008392655671469556,0.01678531134293911,0,-0.022823210923128924,0.03121421901843683,0,0.7127418955962391,0.45566248706613405,1,-0.0009335044583025365,0.001867008916605073,0,0.0007615759728848131,0.008122295642595851,0,0.2285121835264698,0.15520034659676044,1,0.010741543654923122,0.02103460673362853,0,0.03174446899567736,0.09118317193598677,0,0.44161161935624876,0.32144520775732954,1,3.507639672704968e-05,0.0073677223760013014,0,-0.0022493021868516794,0.011564893722483443,0,1.491981958483771,0.37103306665730584,1,0.004943054967487555,0.00988610993497511,0,0.003755917215783569,0.0049330839225661715,0,0.2631967654102989,0.1748258343074361,1,0.01624003737819217,0.03614262275624168,0,0.0,0.0,0,0.005740988505376554,0.2777654762478463,1,0.015080854938929623,0.049355109687730034,0,0.0,0.0,0,0.6404404298622628,0.1707754213896727,1,0.05876374100689904,0.07536161450777872,0,-0.007267209010551752,0.09152158636084406,0,0.7025979699019942,0.273156368051333,1,0.011776219287133186,0.017715073707138984,0,-2.0893302358928166e-05,4.178660471785633e-05,0,0.17675328642306265,0.13050542708606808,1,-0.0034878624265684125,0.04457783796324653,0,0.011405969692919286,0.07953669661762831,0,0.9106190462329667,0.5187246595350522,1,0.021806146763109168,0.04638828544249986,0,-0.00356436845885679,0.051844572615408424,0,1.157066483610293,0.34530515785044574,1,-0.004967695127067074,0.009935390254134148,0,-0.007270163803118977,0.01679377516964572,0,0.9013708534921987,0.5852412725461528,1,0.0,0.0,0,0.020794696062559778,0.03181804556144355,0,0.56694266506408,0.2634851456005216,1,0.0038570137220881977,0.007714027444176395,0,0.09097887782227558,0.0814682495530977,0
138,1000,0.3,bag,0.23423320188814975,0.01349758390419529,0.08082498824088488,0.1404602621828778,0,0.3906910623493465,0.18802500522507998,1,0.05859956212310311,0.1877040485506027,0,0.043960617303703084,0.0622272691220188,0,0.12147811406554392,0.23686847039665934,1,0.0796923453479109,0.10422075586548536,0,0.06878751400072838,0.17866370209521512,0,0.12429960323916822,0.20470422565944124,1,-0.024834896899948798,0.09135331640395675,0,0.02537100896972917,0.07023872843112781,0,0.328858320474661,0.4881516770495201,1,-0.08009171052387995,0.0823187174410941,0,0.06905219329355969,0.29927695956370465,0,-0.02760887289732782,0.2819122773647751,1,-0.03754330195740881,0.11455179534099372,0,0.0689694419393363,0.07007903689256154,0,0.9805920307413581,0.2938510554665846,1,0.059081427281926634,0.06474106613449689,0,-0.022415635055620612,0.06764007129466268,0,0.21447987061637158,0.21248023129112556,1,0.029692072167639055,0.05157697620427195,0,0.05613919190684376,0.06836506368931489,0,0.6418869098229203,0.3960477889757171,1,0.01856748292953614,0.07423779081112573,0,0.012989022768735892,0.17409912835707353,0,0.5070085579719714,0.2887274416237873,1,0.009438406619888123,0.10423662191966354,0,0.0683480913674734,0.18567078128261374,0,0.12103265010218474,0.10561669332554124,1,-0.018720295565322315,0.06613240861861229,0,0.11966075209663676,0.16132995807044637,0,0.18560660857556832,0.26418634717408646,1,0.032138924241391684,0.09532747816936936,0,0.057661652959407686,0.12417624554589211,0,0.2664894305896744,0.5266454719121233,1,0.04651467367093451,0.020067684818292346,0,0.03154868462523096,0.21502758961451254,0,0.46608048204448915,0.3649996584183147,1,-0.026623082725720337,0.04577461633366642,0,0.03464041508455144,0.12955202988085138,0,1.3703047700934092,0.5297858688892945,1,0.010574837835000293,0.07631141190851981,0,-0.0466630507325467,0.12763345540414203,0,0.3238376579446026,0.2553780642385332,1,-0.0833456403336664,0.10578082868206463,0,-0.06861797410721407,0.04358564921575024,0,0.43279074427936637,0.3832109900242832,1,-0.08063294829220616,0.1025868795631463,0,0.0033783803321910167,0.10048434438929243,0,0.05397601068735245,0.07629681621895756,1,0.0926756544141523,0.12319868829684881,0,0.012476793760458993,0.10797925515031576,0,0.12825969304671753,0.20212972500624363,1,-0.039716506882087874,0.16030180735610863,0,0.03529649699789936,0.09199367463192147,0,0.22850251652746115,0.15217751842139102,1,-0.07798158235861244,0.15664775572055423,0,-0.02548115870568174,0.057275099763365186,0,0.4099713439378817,0.3349208709366728,1,0.033519551923075167,0.0928160962361255,0,0.04124530711477796,0.20318459645236606,0,0.46552489061296554,0.41250812799008957,1,0.031688567193707814,0.09234433036417944,0,-0.0997672509588549,0.12227753414227742,0,0.27509639289699284,0.36490314360383,1,0.01735322847826376,0.14328544894015635,0,-0.06271156086602095,0.07322092101836777,0,0.10887200745756538,0.2879226429376218,1,0.04463966229032781,0.1478046938171382,0,-0.009818014605046171,0.12818701687812534,0,1.0103947101127642,0.554808524134561,1,0.029577662021710284,0.1126757817163095,0,-0.1484541281479436,0.1368816994396864,0,0.19291427192523958,0.4001754638428622,1,-0.045380906669292245,0.12822450856232137,0,0.016631402777477523,0.08636661619502693,0,0.23472903428424763,0.12194535644534735,1,0.019574682633378797,0.07917318556904947,0,0.00993162412556762,0.13976256396674921,0,0.14380274581333352,0.3042948884695441,1,-0.1324631803255943,0.23997711240298814,0,0.09446816749709977,0.2565063973487803,0,0.14105624107583142,0.23367469498143173,1,-0.04207511995052593,0.09275954188153138,0,0.016207914377168266,0.10727519577995881,0,0.011100894317005196,0.24599788525750022,1,-0.11176388750266841,0.08694253106543132,0,0.08746138296060468,0.14056367545827275,0,0.5164102390390471,0.33611780564230764,1,0.11107599061493253,0.12437777253509372,0,0.07080374055920233,0.05253067821376512,0,0.44482458945869674,0.4149293945958026,1,0.0299357562322499,0.0777582090037877,0,0.04820446631280262,0.07137312907758485,0,0.5019655834466971,0.5341159618850354,1,-0.13605897750836854,0.14759700413014204,0,-0.008973408186493873,0.047557296347102124,0,0.5148274864377311,0.5765592486961266,1,-0.06882491828675871,0.18357411936488505,0,0.008998010262038572,0.08182833556220419,0
138,1000,0.3,mlp,0.9437453390372029,0.004563652014493326,0.02630085207042876,0.024010034332364573,0,1.5608737790650697,0.07453528800259712,1,0.026598901193534898,0.009692902059191185,0,0.007834444439241944,0.019641365314143386,0,1.4745684632165534,0.17194243597203568,1,-0.025271872774338934,0.020700528343604488,0,0.02228712525255097,0.01291873974882863,0,1.515487489193118,0.11428665384675153,1,0.002555710171955082,0.013247383161474393,0,-0.001082840031844269,0.04200487807121892,0,1.964075925005274,0.2016258198629232,1,0.0008861739685373883,0.018847029254417728,0,0.0064201998282501435,0.02661252001901224,0,1.756158646148259,0.17038257416515135,1,-0.010082744811017627,0.021332643918706144,0,0.0004684078102534572,0.013875876166970537,0,1.7453448882870355,0.12176894736320415,1,-0.014722293372104091,0.015029598991926739,0,-0.003141254342043347,0.03244265641810955,0,1.5948835006218645,0.1660453616131327,1,-0.010673031953283094,0.016302596732102385,0,0.009947739376067289,0.017401486318616575,0,1.598880545187071,0.27645018340586763,1,0.011710290195217923,0.011046572104069995,0,-0.011212078229520034,0.011094905485181892,0,1.6898966552377601,0.13177532086880142,1,-0.012342948880437092,0.020150961943914022,0,-0.03203315661799368,0.023263159468825883,0,1.8927647167686157,0.14070788099172093,1,-0.0005309354883471021,0.01302544843654293,0,-0.009440128959330673,0.018373673640345187,0,1.8557368007693804,0.25872160297982144,1,-0.012539604796951547,0.01689218574268856,0,0.011029305731594736,0.007549157853208404,0,2.089933082767998,0.15190399886733,1,0.004666218958664904,0.020974090158976617,0,-0.012686097028433835,0.01762177081889994,0,1.8866988717577526,0.10648878865139265,1,-0.00723883571643625,0.03166168065024911,0,-0.013033256876506971,0.02617439747523508,0,1.928852663013906,0.12710979175509368,1,0.00200338859628873,0.022752362695651833,0,0.014995376334621316,0.01126931392949037,0,2.1021082746684376,0.2665840525972829,1,-0.016383977020671375,0.02138829136856246,0,0.007487240736507993,0.018739553727423065,0,2.038587318303148,0.2140796634478358,1,-0.010464734985858204,0.019810818604767782,0,-0.02415602671281328,0.012690355662986989,0,1.9590346735293067,0.1805717602873982,1,0.015519522884980635,0.02416499762814562,0,-0.011974289768146056,0.02536795826788966,0,2.190760763852564,0.2019291375976259,1,0.0032278261681500018,0.018543454577961273,0,-0.0019524605984407306,0.02400615550474727,0,1.7661171487520542,0.15750213034564226,1,-0.006493545015344349,0.007724363162905479,0,-0.006474851129032305,0.021859201926303744,0,1.7186016077822521,0.08681290545647827,1,-0.017920369061252293,0.01848225921807634,0,-0.007395861122126986,0.007993385485898117,0,1.7143785284940947,0.17735949005891746,1,-0.01594856640701797,0.014997547019212009,0,0.005382600971507956,0.01862518989108343,0,1.724352255748996,0.29364852462142005,1,0.015291278313693249,0.021533295803081227,0,-0.004635260649658994,0.02004653890727073,0,1.5937405293838467,0.15337102902205105,1,0.0012141270504944651,0.040330936323448516,0,0.002458209870197683,0.015052829873295873,0,2.0682070524817084,0.4549701706802234,1,0.0010951797016771948,0.012952620642623746,0,0.013454980842167674,0.016343698820151686,0,1.6918457697121092,0.3222637828363799,1,0.00589097774248476,0.021900976163296993,0,0.003552195611399171,0.011680708045742092,0,1.7176242912614477,0.12717242834645073,1,-0.0036092887519057135,0.032092382447429166,0,0.008439497024110915,0.013958916564169975,0,1.8221814012964412,0.20077981794141161,1,-0.0026344620023316815,0.02733941243001694,0,-0.0006673056631475969,0.00986319894743521,0,1.8839832916250647,0.13666145096583707,1,0.0031433415192586136,0.023442217208512316,0,-0.019178111541757435,0.01031882922341635,0,1.5323418421797967,0.14441300079615996,1,0.022202045066163786,0.0167286612912383,0,0.007073882221741104,0.016589270523208344,0,1.8276703266692789,0.15507391150263897,1,-0.0018546336342600785,0.02599426467404804,0,0.006045556383538336,0.010801923044227528,0,1.669664716782264,0.1916596244520316,1,-0.020790371099074056,0.015634225588951854,0,0.015439661112457545,0.025314093825064676,0,1.8564290321288877,0.10798882775669374,1,0.005161154833958532,0.010044145696175089,0,-0.024625348722445033,0.02974749956704718,0,1.6441750667075046,0.16768475114673406,1,-0.006707095400369437,0.023912960031439216,0,-0.005882916960403449,0.018871797930836775,0
138,1000,0.3,svr,0.5177690101858857,0.017452773425350874,0.040693326067935534,0.07446554326746385,0,0.3572379811070543,0.08514395458833789,1,-0.008675951317623238,0.038057470868467884,0,0.010148876487477424,0.015022955284394927,0,0.43854657528893065,0.12158461159365554,1,0.0838333653970538,0.013058773436635442,0,-0.010936717273740982,0.028575906086374475,0,0.4960469196840861,0.10120496179659251,1,0.009580296578689761,0.01012391868711378,0,-0.011626994839967906,0.02714202658432615,0,0.5506636896731619,0.12405345845608466,1,-0.017105065939772617,0.009977265411665449,0,0.022057951375775958,0.012851492548476484,0,0.4268017660707016,0.08410245847104483,1,0.0015589356973976863,0.03859302419014211,0,0.08975063650140687,0.025799706422082017,0,0.7314029387354763,0.13713773573478466,1,0.08981663711116819,0.040306787856882874,0,0.08915874469292254,0.02130675165060813,0,0.5024476745745411,0.08005786862947861,1,0.06020052534529954,0.019503702438670084,0,0.048143321412853685,0.03383717430039473,0,0.6456201716227212,0.10635184238525681,1,0.004430078541257003,0.017763174571413628,0,0.06903493721483592,0.02638250357671834,0,0.5318129409017863,0.11992060611047263,1,0.014209147744874046,0.043629540068531945,0,0.09106634430410701,0.043782246403952146,0,0.4996411002115363,0.11009124098592396,1,0.06486712590813834,0.04120417505618441,0,0.06502134522482421,0.05952851616612769,0,0.6014973948893042,0.17743145665826726,1,0.038209036171074226,0.030970770360345578,0,0.0013028607330204454,0.01670595081014654,0,0.5561491587155902,0.07490008562151527,1,0.05335408189157641,0.04045970848017851,0,0.08038041973777885,0.03594980432078558,0,0.6804614608671231,0.10622122216691168,1,0.0856652994617523,0.06089753145980174,0,0.02626203027346971,0.040460934959642036,0,0.8266379045750121,0.13080031552423557,1,0.008039657830078298,0.02018164609574447,0,0.04635649790442037,0.042360407745660335,0,0.5829980765214928,0.08645423533746406,1,0.0008839694865483514,0.05554534914358502,0,-0.006736488271486601,0.044171244781377725,0,0.6154192810473433,0.07971764624315442,1,0.006797047208160293,0.018998064776609144,0,-0.0025263514269984098,0.009868066830705811,0,0.488705645916232,0.09710207641812536,1,-0.003381310459657684,0.019996547693475454,0,0.04861135392291753,0.040423003983973374,0,0.5011925861160119,0.09617891978136425,1,0.08505448065337753,0.030070607298096116,0,0.05548128755572239,0.02713098466572849,0,0.24273900554858718,0.06304342832568191,1,-0.016547765363737848,0.010720122844654628,0,-0.011786405159464585,0.013181299243227904,0,0.42039783956606575,0.03959076049141697,1,0.010312470796203354,0.05618786096686433,0,-0.031010044755796207,0.03951445828419231,0,0.36715677537279034,0.09178322511587385,1,0.030801051803773755,0.018762606094678096,0,0.1707957487249187,0.049463324233141655,0,0.3369533742625816,0.056119847159736454,1,0.03079900194251172,0.02977262099138123,0,0.005558084875025564,0.05814495162141532,0,0.5857793680092159,0.11096132783241691,1,0.07520652925413976,0.044271202611862875,0,0.02324277264086949,0.03410652411665849,0,0.7538251816188201,0.11523174503079238,1,0.10331274523516173,0.06746894891297453,0,0.14314180784572197,0.0558189271022918,0,0.4415881486602822,0.18261095160977903,1,-0.007491866640205419,0.03255891930621298,0,-0.00833978518395017,0.027054299953832055,0,0.47450880242167337,0.15785614941467557,1,0.022174046750806156,0.023217240659937632,0,0.06393791805657659,0.03792710159302136,0,0.645004136168067,0.16315001036804921,1,0.05998396334321944,0.020430387071106906,0,-0.0024090812177974146,0.03343560359943317,0,0.482451012793706,0.14366576684731439,1,-0.012131171698775298,0.012531893441608202,0,-0.002975751526222041,0.03670291100204868,0,0.36854658229993914,0.05667892483402542,1,0.1412385292933766,0.025049430001906275,0,0.02084053822785132,0.02794294422389238,0,0.7197980287887283,0.23389888991826652,1,-0.005135358933316283,0.028680824249723923,0,-0.017393916734951193,0.038515309151462014,0,0.7293551141325328,0.1624782541334634,1,0.015735520198111936,0.01901399198735113,0,0.07117227122363848,0.03344804181348212,0,0.77909995322981,0.06825024157948412,1,0.03719914144867515,0.04713516801757711,0,0.002075710909487981,0.005163138722584298,0,0.4681809725658156,0.08172809914829098,1,-0.029384972904678307,0.03432534041169489,0,0.03075551473136724,0.03175588163224029,0
138,1000,0.3,knn,0.2956468685286383,0.04088563544712113,0.0020943603410481515,0.8129544445650455,0,0.2771970138570184,0.5493658836056029,1,0.0051784196868662315,0.6717975398955112,0,0.07726462759119748,0.6360812357696544,0,0.8042113772016528,0.7480610275005696,1,0.5330818769398251,0.718357894353868,0,0.31242865748559556,0.32224273526381336,0,0.7411591347007798,0.7589585070826774,1,0.4170729665485059,0.6380752091565604,0,0.057025817387058496,0.6777679507955839,0,0.3905530251138235,0.547804229667183,1,-0.06658453559480934,0.6633393288913956,0,0.14995054688533802,0.40689184225836567,0,0.32043390275336725,0.7863769534042238,1,-0.22488338534531155,0.5741064708531667,0,0.027337092218203952,0.5180094759856242,0,0.38983559347854413,0.8380445229180707,1,0.23394513071195525,0.35742856413298874,0,0.5968402498442889,0.3998547249112142,0,0.5406111145534186,0.8217710308294413,1,-0.2192832733897924,0.5120293989972149,0,-0.14452907235302517,0.4516249890980873,0,0.10145976319212868,0.3628797287411159,1,0.1611638287782688,0.48426485643395323,0,-0.08391410974151432,0.6846708517727241,0,0.5962585202496673,0.5412894161409909,1,-0.026384054774025067,0.11998412941448412,0,0.1333616993906068,0.30287778095116297,0,0.30188406785886074,0.5954092512723675,1,0.2935747085791467,0.5672604883356158,0,0.2098175721585344,0.5545343121713027,0,0.7046545985550885,0.5984429736380362,1,0.21417000314523943,0.2661683631895778,0,0.25048749322238484,0.8231377816719135,0,0.6802574292039788,0.5018716538177969,1,0.11512427824983358,0.4979428950195821,0,0.3752073476529971,0.5537917571895655,0,0.07888383306902506,0.557239225750638,1,0.15455514315193655,0.41186523783966206,0,-0.07273395289483657,0.7165139910589481,0,0.34113054756970795,0.4506966967865694,1,-0.03932566010655174,0.5882741101732566,0,0.24305061404271905,0.9324769979685336,0,0.3941536546207055,0.508894607772346,1,0.3640713692188041,0.40532647730390375,0,-0.05589795419528267,0.837039214579488,0,0.6388010590827194,0.5381600683067899,1,0.35847210948623925,0.6142605452736468,0,-0.08796100651389538,0.5184937043274588,0,0.20788736682973682,0.6281765278376534,1,0.5812054705329258,0.6332580412703739,0,0.018483210914112515,0.7704408354975658,0,0.16518314640603082,0.676452695425657,1,0.09337625279009111,0.4952267016872176,0,0.006558670652841192,0.8152996017161893,0,-0.130327272702425,0.5627453026500622,1,0.076930162448557,0.5472431055891139,0,-0.10869378360787244,1.0136942293543705,0,0.7651143678949088,0.5556279851230183,1,0.29469410790900347,0.6401100795655861,0,0.27529935753386353,0.43598134261255334,0,0.6701383995048764,0.5991947837407677,1,0.30915561738792613,0.9480881186682522,0,0.23321734467216046,0.3361870272643695,0,0.6323819149847756,0.7887144340954261,1,0.03200872385141374,0.25636510754712544,0,-0.10380247417750063,0.5364387672790559,0,0.5360843829906479,0.48556139771891427,1,0.24783275183625636,0.3757223271994471,0,-0.10137108523230387,0.4987099476882123,0,0.4376292312339289,0.35778442304391556,1,0.41569012956317997,0.6228487988096651,0,-0.03545133474404616,0.7208530491912084,0,0.2930967210673073,0.14414626970304736,1,0.05617413383087431,0.43681092686731016,0,0.22013916411823736,0.4133042970508365,0,0.4797569041134647,0.28046160995284847,1,0.27911893524555864,0.31696425751894136,0,0.428762051470973,0.5878935108021328,0,0.6184116018638315,0.7739903873057541,1,0.27301510390319095,0.46057965693750286,0,0.0769485122181297,0.7212432041219407,0,0.4086882151381907,0.531394183995296,1,0.0956904461233235,0.259709197095583,0,0.16650130352515236,0.533227048380673,0,0.08461880274727773,0.5373533128992285,1,0.11286341395383659,0.5200643897211572,0,0.001646390208725723,0.6499937675321134,0,0.052887545250402915,0.79286976977494,1,0.10684635168690045,0.5703585335918718,0,0.09944338974498021,0.7505550623402444,0,0.9117591485142732,0.48425536013061576,1,-0.05179283921668101,0.6882509313711525,0,0.4235446485495749,0.5978364845699865,0,0.7914637061762516,0.6223789721689563,1,0.19262550454437935,0.370878483002505,0,-0.03819656610521101,0.7687053557596492,0,0.19783176959592566,0.6761546310644956,1,0.034165805966902316,0.6316917556993381,0,-0.1126381196567948,0.8131651355332552,0
138,1000,0.3,SuperLearner,0.9702080648630519,0.0034314829038880413,0.006348854631536409,0.008750667900150326,0,1.7276749995247485,0.059396754352560324,1,0.0033888891356909645,0.001869746707003516,0,0.00043494339583101166,0.002964203669144385,0,1.7516345240563875,0.15526582768147434,1,-0.0005222235425356226,0.0039842318919729525,0,0.011877372074744737,0.002420646642049758,0,1.71049378754831,0.17076014748191004,1,0.0030474089392719937,0.003462363214710507,0,0.00241363529612712,0.0071218660627838425,0,2.0281448343783173,0.12795227902556,1,0.0017756814084332172,0.0022616951836561035,0,0.00196336820484534,0.000947356569377801,0,2.0454458611424426,0.139665919142313,1,-0.00355128609145089,0.002280599969223004,0,0.0006965972071028301,0.0019490283044576561,0,1.9660557069633426,0.10415912043263753,1,0.004089349784016133,0.002351850816373443,0,0.001884796253611605,0.003958304985580213,0,1.7542448095656156,0.19148101286984584,1,0.0002872177056735441,0.0021845556149933253,0,0.001126762415720259,0.003902831063364483,0,1.7387077704471214,0.23310134474456065,1,0.0010403003071244945,0.0009987584268046845,0,0.006883234806253477,0.004632980622308327,0,1.8496956529183968,0.12398735508157278,1,0.000607739912963686,0.0016380841209436637,0,-0.0038380964968876435,0.00413325564248154,0,1.9776663376342376,0.13808060213105167,1,0.0026789324224711433,0.005696924048755191,0,0.005217504536816053,0.003240331811078347,0,2.251992803126992,0.2152740780007446,1,-0.0007032114386464334,0.0027071515770171737,0,0.0068196215270923555,0.0025022258884686297,0,2.1531330681279273,0.08764279362814993,1,0.006405638778335991,0.0015467788601281562,0,0.00045567279446564145,0.0026571093153351815,0,2.1693765564543,0.142367374345448,1,0.0037310507703553547,0.0018508539680851868,0,-0.0009038192568406265,0.0025600621637635766,0,1.9638353312198575,0.18268740384089424,1,0.008933442277478174,0.0056792467065640215,0,-0.00030056075052617616,0.003974625046259335,0,2.14698247569258,0.29666778789916687,1,0.00324899551164875,0.004832908808988233,0,0.0002563835418340256,0.002188070281728071,0,2.068806183687694,0.17133984431782553,1,-0.0014189440901461558,0.0017430101134327798,0,0.0006146555243531079,0.004559881337118158,0,1.9500690584647298,0.1562735376604954,1,-0.00043343392962992674,0.0019376467593850025,0,0.0013915110342251481,0.0033663439971870737,0,2.3251322368993628,0.12309738428743146,1,0.0038245265174232644,0.004450308362340117,0,-7.254162731636968e-05,0.0018828163937187974,0,1.9957195583491907,0.16646430374417995,1,0.0012472292926908976,0.004492526458033812,0,0.0016155522899689943,0.001681053205965833,0,1.9361785479581144,0.08864266338097328,1,0.00015528661896541075,0.0011496973325583791,0,-0.0009532661460698435,0.0035514432079650615,0,1.8352041153335406,0.1497189109539344,1,0.0008025339100296977,0.002144742603361769,0,-0.001349720704252762,0.005605574298642498,0,2.1920866609905585,0.26893800309117266,1,0.006111345982883492,0.005720226609760072,0,0.0013124164672996157,0.0015583175575630828,0,1.9982951990072486,0.21140164372602568,1,9.033757913560967e-05,0.005339281983599635,0,0.013436328642356735,0.013613624063827266,0,2.263055766124411,0.4235931860081557,1,-0.0011266214304909705,0.0025749282267215584,0,0.0019537799156276485,0.002079852602304329,0,1.961696914562425,0.2606848328134061,1,-0.0018574711235322967,0.007337496841320817,0,0.00027703064366852597,0.0015026543659718535,0,1.9075464474442234,0.10659661047749333,1,0.007875500271420076,0.0018615102582460205,0,0.0045539316118216235,0.005776817862941072,0,2.026579156579199,0.13650417261339387,1,-0.00027062674960011895,0.0014496956433248179,0,-0.0005559108601394725,0.004439538329031726,0,2.1158491015115546,0.2467599301105374,1,0.0010339268923679763,0.0026216523045672064,0,0.015564547138167868,0.004262285869144527,0,1.9398040748157157,0.19554208539496765,1,0.002110398919068778,0.00748225553177694,0,0.0003213953566971724,0.0025722084144837076,0,2.1848684950215285,0.14499303839758676,1,0.003097369851114516,0.0057814370440709565,0,-0.0007764167221338224,0.0011864685145393592,0,1.9488670442130058,0.22509935799607023,1,0.0003380012063226747,0.0013627872335459062,0,0.018074390964765045,0.0030868869485275027,0,1.926968306520887,0.1431652654571401,1,0.003976856227039071,0.0027330679712284363,0,0.00029977417778609763,0.0027493749033516623,0,1.8510330675058075,0.17623888025260556,1,9.782345766547791e-06,0.0017975329976630346,0,-0.0023173054607901673,0.0034442083749638293,0
138,2000,0.3,lr,0.969857048761942,0.000775969502805912,-0.0004913055123297285,0.0008181364946102098,0,1.969687903916037,0.1447149451298262,1,-0.0017026699551994456,0.0013190407685472166,0,-0.00020879569887178204,0.000583633051330579,0,2.250468506785076,0.11346943466596598,1,-0.0006658422017323905,0.000568744853237671,0,0.00011491477642802206,0.0005457233843857355,0,1.7993206536302087,0.07913899132587597,1,0.000572451907388885,0.0009956324400431638,0,0.002354401990908591,0.0020410023972123963,0,2.1741649058265793,0.08537986152075373,1,0.003098524184020168,0.0024685122907156503,0,-0.00016297915978034537,0.0012682325084286147,0,2.072756984423892,0.10309304419520957,1,-0.0004897164089119556,0.0005418120417507348,0,-0.0009380695130721019,0.0014416591131245797,0,2.1557566395572936,0.08689559319616548,1,0.0006795865164141654,0.0013131953621930137,0,0.005560087549358455,0.003554162995178011,0,1.8789583629546462,0.08296565828088268,1,-0.0021639933343696287,0.0020555390315376044,0,-3.7105243905328326e-05,0.000362221388984542,0,2.04608299671497,0.08042927750550488,1,-0.001687363832639829,0.0017593479863465236,0,0.004107256937921649,0.001897948233946156,0,1.9964462408292214,0.08089566105272358,1,-0.0010658738679610123,0.002329899886947128,0,-0.0006950608183942109,0.001826102377806883,0,1.8943355608137744,0.09164950888089263,1,0.0032533321828140055,0.0008454164457456001,0,-0.0006666785834619118,0.0006615687253885988,0,2.0336191440094833,0.12226894315588023,1,-0.0010640084832067372,0.0009310891053862268,0,0.0008810820307085026,0.001258462648153077,0,1.9624318169263062,0.07694483735529206,1,0.004232820243353861,0.0061086955128284715,0,-0.0018362409966263741,0.000558455921814408,0,2.2563537661179316,0.0516122769692447,1,0.00782256704219834,0.0020172069959779573,0,-0.0006988909356900654,0.0010550024592112706,0,1.9071821164777958,0.13917766528468528,1,0.0006861113003555914,0.0018678759743973867,0,0.0005898011263846569,0.0025757118732015437,0,1.9855382878711687,0.09884228782249407,1,-0.0022137947891859994,0.002110078863497439,0,-2.6692209684790887e-06,0.0002449594881785721,0,2.098386012930068,0.10863202537711199,1,-0.0005171280821594192,0.002920829645565789,0,-0.0001486678929034664,0.0006340495056688895,0,1.8802858587839406,0.14839702641365085,1,0.001959338155032489,0.0023279394409286805,0,-0.0009261142954841998,0.0009618165230106223,0,1.927329957871502,0.09419318938201363,1,-0.001197961144346908,0.001608413177220526,0,-0.0021294643452343,0.0024103291789264627,0,1.9871588090601162,0.08918163632914099,1,-9.284645990392359e-05,7.92564023900116e-05,0,-0.00047555361856822304,0.0002347222315098169,0,1.950028728951033,0.12148349162472354,1,-0.0012256359154970164,0.0015887385033684475,0,-0.00014805107966268325,0.0013224884484939216,0,2.0680096952539992,0.225558774587536,1,-0.0020271033924936935,0.0022745932332570223,0,-0.001133543304502992,0.0012143698179368386,0,2.0583362101179157,0.13444847979989374,1,0.00046217417121902657,0.0012471931162669398,0,0.00023046898453155237,0.0016619153592125238,0,1.9370487390266742,0.13577692555596482,1,-0.0004270559786658171,0.0008019060021076429,0,-0.00047683161757381776,0.0007839901748945112,0,1.9219330012729081,0.16160077993224908,1,-0.0021629937638075933,0.001591574543651943,0,-3.7693681864476606e-06,0.0016825023821656962,0,1.8129203626580925,0.11510861841551943,1,-0.0031849345161451678,0.0029219454262543938,0,-0.00042507513270322934,0.001456578504902004,0,2.0242489490885727,0.10303448627537884,1,0.0015965277950775007,0.001203287419591586,0,-0.000728754451642077,0.0015690170856232821,0,2.0988873140538007,0.18542250053375176,1,-0.001113519942074281,0.002241229102067297,0,-0.0005490245863613464,0.000635472413810839,0,1.9009134401097705,0.1445260367922208,1,0.003641752750125817,0.002011474765054726,0,0.003510549157102394,0.002227623776938831,0,1.8841589005377137,0.10747322593671232,1,-0.0006297740923819203,0.0007870174266280458,0,0.0005629139631072241,0.0012871835097086725,0,1.8887885228449246,0.1446654162969066,1,0.001669820767882725,0.0025922505624548626,0,-0.00020429935346897476,0.0004177812307938415,0,2.2067940442049374,0.18572089636911301,1,0.0012063938062471277,0.0015509197369388754,0,-0.001521180564823121,0.0023281071539439386,0,2.101453567495508,0.15364569397533337,1,0.0004517923596906258,0.0027853577335529506,0,0.0018102166946276557,0.001649996246196755,0,1.9583575284451982,0.12443150772657396,1,0.0022127093688250415,0.002861262274910654,0,-0.0007853010118846777,0.0006785369778207865,0
138,2000,0.3,lasso,0.10439847277547484,0.013938936600681191,0.0,0.0,0,0.004086884570484869,0.008173769140969738,1,0.0,0.0,0,0.0,0.0,0,0.05357341420638806,0.06407392683976157,1,0.0,0.0,0,0.0,0.0,0,0.0,0.0,1,0.0,0.0,0,0.0,0.0,0,0.158227096050928,0.09436505380585507,1,0.0,0.0,0,0.0,0.0,0,0.03328938204293614,0.044329347250067395,1,0.0,0.0,0,0.0,0.0,0,0.16343239840141102,0.11173117412762974,1,0.0,0.0,0,0.0,0.0,0,0.02185236115155621,0.0292040815236378,1,0.0,0.0,0,0.0,0.0,0,0.24222220789726007,0.061758222231214695,1,0.0,0.0,0,0.0,0.0,0,0.29989301418144676,0.10838689357556348,1,0.0,0.0,0,0.0,0.0,0,0.02821415773167671,0.04071902063563814,1,0.0,0.0,0,0.0,0.0,0,0.31171297074153087,0.036540124887478716,1,0.0,0.0,0,0.0,0.0,0,0.0017458065908074049,0.0034916131816148097,1,0.0,0.0,0,0.0,0.0,0,0.025458678794145994,0.03480442069306255,1,0.0,0.0,0,0.0,0.0,0,0.14685089801283602,0.0646869179256203,1,0.0,0.0,0,0.0,0.0,0,0.17751340521165754,0.09565183979603778,1,0.0,0.0,0,0.0,0.0,0,0.29219571041056736,0.06737635846475361,1,0.0,0.0,0,0.0,0.0,0,0.0219292288766317,0.03168687726192787,1,0.0,0.0,0,0.0,0.0,0,0.0,0.0,1,0.0,0.0,0,0.0,0.0,0,0.0,0.0,1,0.0,0.0,0,0.0,0.0,0,0.0,0.0,1,0.0,0.0,0,0.0,0.0,0,0.0,0.0,1,0.0,0.0,0,0.0,0.0,0,0.000878308088956075,0.00175661617791215,1,0.0,0.0,0,0.0,0.0,0,0.05537911228578572,0.07195806681371134,1,0.0,0.0,0,0.0,0.0,0,0.2803525522087359,0.09683713645635442,1,0.0,0.0,0,0.0,0.0,0,0.0,0.0,1,0.0,0.0,0,0.0,0.0,0,0.39007247021211144,0.059783248897373506,1,0.0,0.0,0,0.0,0.0,0,0.4349469145181584,0.04676744104184329,1,0.0,0.0,0,0.0,0.0,0,0.0,0.0,1,0.0,0.0,0,0.0,0.0,0,0.0,0.0,1,0.0,0.0,0,0.0,0.0,0,0.5925906664809314,0.01991737751287545,1,0.0,0.0,0,0.0,0.0,0,0.35379632723986115,0.06575148417271802,1,0.0,0.0,0,0.0,0.0,0,0.054444793335857354,0.0558644773967949,1,0.0,0.0,0,0.0,0.0,0,0.025582018980579692,0.03133902312949936,1,0.0,0.0,0,0.0,0.0,0
138,2000,0.3,dt,-0.5173395640999336,0.1443780242882711,0.14678775111837677,0.28486705281177715,0,-0.8799140391698657,1.4041262298790216,1,0.16748739550109382,0.20355476028830313,0,-0.08055219854357891,0.10689719591429402,0,0.49321258208496355,1.0262441565263558,1,0.06933919657244263,0.2230424506147786,0,0.017627348179994035,0.5998916602770518,0,0.2647281254697036,0.37417813582039006,1,-0.33598218869233315,0.2466034273555283,0,0.07214762852037954,0.3384440472198516,0,0.32945580755352377,0.5242835124757877,1,-0.1144058756384078,0.34435284153113044,0,0.06641093277037949,0.21161170789306663,0,0.7798833794940576,1.0602062937020924,1,0.016203798571381434,0.38341964075899443,0,0.10528418306433576,0.27958838946601766,0,0.6234352933833884,1.1971372865880185,1,0.037437544745994616,0.10052097988984388,0,0.1300152431956097,0.09461833030610525,0,0.3179728235218543,0.4801458082413099,1,0.01982910518334898,0.3084401888558167,0,0.06073089715720725,0.21409024083911277,0,0.2843592001570892,0.6117692879973987,1,0.013268446079962392,0.22932448204999137,0,-0.07524171278831257,0.3523364775140743,0,0.4742313340422345,0.8400352519387783,1,0.2651570891271137,0.5349113798574529,0,0.10735762597115055,0.1815929367939672,0,0.4155882648658233,0.8268601837791698,1,-0.11276931028667178,0.2818487640881268,0,0.022418485372220888,0.802172633006437,0,0.894910215787786,0.5718412898456651,1,-0.012906385019456734,0.09010342449301385,0,0.09708278700384046,0.1303601980594703,0,0.16606207895571182,0.5209529756184826,1,-0.35437613078354135,0.5625083456391451,0,0.1772716593092983,0.2571713812393005,0,0.59991084950474,0.6786189573574919,1,-0.1480959346866006,0.2659237897939067,0,0.03664015554915031,0.355488177656291,0,0.8268077896627632,1.1575798054803852,1,0.10352648918067753,0.2882273598063804,0,-0.04328666063754608,0.24707408512017737,0,-0.08848380212040334,1.1958346614064241,1,0.10785733710551075,0.2134131918989208,0,0.01603380189221899,0.2521881226188363,0,0.549876257281603,0.5209765962724704,1,-0.03359766495597736,0.23934420250823152,0,0.194227076179244,0.2588584550201871,0,0.34272164004294375,0.30447740987922295,1,-0.005200691869319682,0.06606796578542258,0,-0.047750080017953264,0.26187795826170784,0,0.7101979893493775,0.4287374659210299,1,0.11274137597392186,0.2842300768226434,0,0.2214113553252524,0.3423489903212155,0,0.4213202984213635,1.0055896264934723,1,-0.0401361863446368,0.27720446867291904,0,0.13762572565854425,0.14179858109700194,0,-0.023706193550113275,0.9689659193542886,1,0.024796190729303735,0.19659109119582266,0,-0.11260258083280812,0.3334329852293161,0,0.6212513946186118,0.8859564548815714,1,-0.130301779307151,0.21422230658862973,0,-0.12891166661769432,0.5748990119569312,0,1.0098994255915117,1.0165332388630466,1,0.688849116954688,1.0651750208925335,0,-0.1581431035956013,0.3606884240459097,0,-0.3124916605676511,0.5167117948359412,1,-0.27862554234918163,0.44177451877303475,0,0.12424221314266722,0.4414326399095812,0,0.7563781817183136,0.42182344900244817,1,0.24518684741216829,0.13410039439605176,0,-0.15680653860751023,0.30242966419467554,0,-0.1229076609267183,0.46971710529399024,1,-0.20311608980032983,0.405368939729439,0,-0.024751646092391725,0.12394154800101254,0,1.1148448383094363,0.7596871758363468,1,-0.1929679232890254,0.37344949457834387,0,0.01652556378123566,0.15972262765197398,0,0.07863197776398897,0.7420660040144132,1,0.10197051529691281,0.14005998748445747,0,0.17253864511511044,0.26581149127054104,0,0.10187360796520821,0.6194416726128414,1,-0.13102093393023445,0.966589079093003,0,0.09964408105659026,0.20373848175041537,0,0.024951600514541615,0.19906623121626388,1,0.09906795562347472,0.3889310035443137,0,-0.09466039014856945,0.08458217668912221,0,1.4712516585370081,0.8521095527310851,1,0.11491719913102649,0.25800926959016424,0,-0.009003528496457476,0.10519748319602243,0,1.9748413840622105,1.3653279298137577,1,0.026224043803467822,0.10886088044679308,0,0.23286328662008896,0.2968893364203907,0,0.051580795945993387,0.8805665458965503,1,-0.18329240539106662,0.43465018943267136,0,-0.035565813810886734,0.1339122124188278,0,-0.014170920710340174,0.5080738822742618,1,-0.1493993452743958,0.26353735030472775,0,0.10876658275645901,0.25539931889146955,0
138,2000,0.3,rf,0.3720184911556482,0.013483585499518617,0.03247721968957602,0.029857917703270093,0,0.32251064964664805,0.05570522535403645,1,0.018185104851911958,0.02115793857160868,0,0.015253567426230685,0.022070948037908135,0,0.4519226728150502,0.09104613266757244,1,0.04233129436950499,0.02453712488656214,0,0.00018871373855999725,0.01648963635625764,0,0.2640783008250808,0.0796139248150632,1,0.017760413464682816,0.015934205332708964,0,0.011875735526119896,0.024515484875454942,0,0.5506119685882289,0.08214128702150214,1,0.01630261279775399,0.04005197877100808,0,-0.020121340560451582,0.03269947287526202,0,0.39824792686057686,0.09734252533803363,1,-0.011282023272101711,0.03821627135171286,0,0.03525996961411142,0.027460833469290305,0,0.7377202107351802,0.1608114244358054,1,0.020434532519140403,0.024822812149820562,0,0.03923411751519329,0.05606836172908057,0,0.2439320631498152,0.04391514213150674,1,0.019223908491552692,0.02924133478639444,0,0.0037315769666416546,0.009508129999779617,0,0.4488739908402072,0.12456239674021148,1,0.0057184921805600916,0.032535667880121445,0,0.029343559861482616,0.02017405502904913,0,0.6166742429445825,0.10027937628816572,1,0.007582336080114672,0.017144596713813645,0,0.019407208168392316,0.043723127688338345,0,0.4710727318485303,0.03789612750831227,1,0.023116136492040668,0.028480658487017446,0,0.018162750514795007,0.05006793715230796,0,0.555554162142822,0.062448444981646416,1,0.03031202360708558,0.012861907664635866,0,0.012997327358767578,0.009289912328633802,0,0.21633249561448276,0.06933431541005804,1,0.01097333354926839,0.03728492936587163,0,-0.0037423319332154253,0.012929945956521485,0,0.3963507048890694,0.06369511362294722,1,0.002740506151756775,0.04085097807611804,0,-0.003250951146634491,0.022271331677393785,0,0.9596442396919074,0.07612246894162926,1,-0.02678041304733577,0.02332315472164304,0,0.004239481249714687,0.0393796963565794,0,0.4091556225788067,0.04387534080560374,1,-0.005346061356523166,0.011155112647657707,0,0.0029615242055186994,0.020689311518435085,0,0.6117564159735001,0.13993018450857966,1,0.01666456560665196,0.016657578655584062,0,0.007823522743048044,0.011230663804912137,0,0.33234023566540116,0.048152612888310325,1,-0.004392933987514354,0.02920285839197546,0,0.028022635091939217,0.02004087292869709,0,0.22228061367718138,0.054403135221081256,1,0.0337422836383757,0.03343458183869392,0,0.0365264187176609,0.03332690941588564,0,0.32819805521657563,0.07941708562786823,1,-0.00048052256769638284,0.018406424231517112,0,-0.00319827498932247,0.022092743537763682,0,0.2528489216922541,0.07897859458971798,1,0.042773290372917175,0.025804984643138112,0,0.006763082543623525,0.011398779834312507,0,0.2345263895182262,0.06040638869973296,1,0.005794733260996579,0.018034588210575426,0,0.04510412802378465,0.04565912550644287,0,0.24382013058880267,0.09677304713547802,1,0.009747833868686512,0.03336685617673644,0,0.04550279186346194,0.01902482188787503,0,0.36605022893040856,0.06998759822614171,1,0.037400023606504094,0.043306226820088424,0,0.015938030445282064,0.037401653089143456,0,0.6552583361819295,0.12983070206573727,1,0.007861680862517217,0.014829263937358776,0,0.015658183044677018,0.03511141039988562,0,0.16185516408098508,0.0443269818157786,1,0.014436909254934108,0.006099744161340647,0,0.018471847719716196,0.01534182260567015,0,0.6797586194361626,0.10027948131960392,1,0.025188936548634782,0.036308414333099955,0,0.02763406643467816,0.025020159842544853,0,0.726962708926834,0.14857417432865475,1,0.023548990824589593,0.02042475906147537,0,0.0263228657095882,0.03290588323639533,0,0.28290980228203405,0.04529277500593655,1,4.905346281359052e-05,0.03743102809171495,0,0.005684587680558635,0.024220112573024248,0,0.15759841654816872,0.03707379427971292,1,0.05708517697714448,0.01385276490406314,0,0.010607110263922479,0.026111725549887773,0,0.9535086807963289,0.21626637995890702,1,0.040461112829977115,0.02771841783234332,0,0.010012120248244556,0.01932718610905589,0,0.7613107768932308,0.13282056257958255,1,-0.009404047423803732,0.010952856419987708,0,0.029265022635087533,0.02036401699210498,0,0.28409327548996066,0.06809084605441079,1,0.01559523738049394,0.02186786348568973,0,0.01955029376112654,0.013286456509833455,0,0.281723669859404,0.0678553219385141,1,0.018609858825840347,0.039018995070332484,0,0.0005527748296188407,0.026227246608278725,0
138,2000,0.3,et,0.36345979244343163,0.010340371762683608,-0.009390215501650232,0.033928549100621604,0,0.2833031239472105,0.08170057531886335,1,-0.0010069243631722028,0.02982253647699337,0,0.0216573285651055,0.025053752912247353,0,0.46350906284991017,0.11629863449724055,1,0.01841754451614693,0.03391687785645996,0,-0.012410111783928101,0.024718013360029965,0,0.20939360922039355,0.061521675644251775,1,0.0027836168239990127,0.02483207201165406,0,-0.00444146257616272,0.01609573721519025,0,0.5458511269364413,0.15869636145360688,1,-0.007129122551512608,0.025772430899557348,0,-9.197666223583617e-05,0.03199791651044204,0,0.36174313022298765,0.09688608821612817,1,-0.00818903148094475,0.01970126405681769,0,0.024569942362540998,0.023889049129023867,0,0.6334282766387942,0.1300301451862207,1,0.004287059286335561,0.02997607253493446,0,0.0685952916476662,0.02805061690762058,0,0.2342281003488403,0.09306633504826115,1,0.018237143546687023,0.010981949862237725,0,0.02822256432127928,0.018682072653433277,0,0.5673506518028906,0.06327980458659524,1,0.010240491074928798,0.01295734222903368,0,0.015712109894764053,0.017665262879346895,0,0.6296006943729446,0.14707756537905706,1,0.006177330427681426,0.028863438309236447,0,-0.0018517992535861095,0.03894490926597431,0,0.41247610144773017,0.10734415320074309,1,0.015225522422256828,0.03297972258674116,0,0.04449421402932671,0.04305789439016835,0,0.4880436289539297,0.033589472624871206,1,-0.0023425664903166154,0.027589404598857427,0,0.01656531131694038,0.021754471161229447,0,0.21332131726279852,0.04179673962118457,1,0.014635736593458603,0.008794527920625544,0,0.010765993006639335,0.017322323595004085,0,0.42592185111053504,0.07619635693349391,1,0.036115451339533776,0.033636304491154206,0,0.018570582176440607,0.02220749234263793,0,0.7661125577742286,0.07491388340523185,1,-0.006773938538971037,0.033736130192601695,0,0.023568377968339334,0.013207329874889625,0,0.42336657367414193,0.05108707763432794,1,0.02378581236188545,0.023152837679153975,0,0.008908822535933595,0.022825189511925525,0,0.5431267432950728,0.12128170692949065,1,0.010047697366314398,0.045667267645937724,0,-0.005925489516688132,0.018068916328876822,0,0.30889096113188425,0.06839824732985637,1,-0.007710052274334645,0.02836756734083634,0,-0.01700429424983898,0.02741525278493569,0,0.1733746209745807,0.06466316978629046,1,0.045013039721180946,0.011351282226383194,0,0.05843742652089014,0.04400080312839926,0,0.23282341206293858,0.048169449319197026,1,-0.009600103247326259,0.02392025268504996,0,0.011681352629719583,0.015020396631514905,0,0.21842200379214788,0.040732817107256195,1,0.057812929208349115,0.03388431866048154,0,0.018216550259292204,0.033193649538702845,0,0.23667524517657973,0.06064821368597341,1,0.015641931247044997,0.029411342848727453,0,0.0457636012022887,0.036656086285108073,0,0.22967587003697149,0.018250144383561723,1,0.0389287246090202,0.041223652348424525,0,0.002932769919444837,0.02895639373606319,0,0.3676946357314497,0.0742663882677633,1,0.008318043440928433,0.0457842870867822,0,0.03209074466288704,0.029781521114387623,0,0.6754665213969048,0.13234445891268892,1,0.02935744235889066,0.02338586658169525,0,0.017865546271570068,0.018823533390822152,0,0.17114808553328753,0.059048839809334314,1,0.012718371912030308,0.019233440350699977,0,0.007579026638525251,0.02995997131629862,0,0.6987804239212674,0.11424521348018075,1,0.022823124696561496,0.02882128996736115,0,0.014778306982690198,0.019994478490519312,0,0.7301407231999534,0.09882575070698875,1,0.023905471427613036,0.026425764683057355,0,0.018075184606907727,0.03255066282917129,0,0.3406071058694763,0.07622166768792264,1,-0.006423197264308854,0.02999012905716704,0,-0.015346806409546132,0.011058373511851514,0,0.19326823580568292,0.03670170109717635,1,0.02826223927063053,0.01805051703923972,0,0.03177903374699951,0.030095707166751983,0,0.8170962563533131,0.07318886014142507,1,0.048815504477059214,0.054994205538048825,0,-0.002628781220321841,0.02074720555919709,0,0.6944410097488415,0.0538310439927848,1,-0.0019686787125887404,0.01655979930371393,0,0.006405437081017951,0.02397629449308873,0,0.26777322055966046,0.1085585291587951,1,-0.007400431177115309,0.019487141239948443,0,0.026608751024558404,0.02012702086685877,0,0.25638191538688054,0.019747566913149724,1,0.016222449374977844,0.020433441035409127,0,-0.001286041914348573,0.025916022052539307,0
138,2000,0.3,gb,0.5975236376350328,0.00486742131040154,0.0005036723324754461,0.004086447900420657,0,0.6640228098512245,0.1780566265667361,1,-0.0005987107911107117,0.004213169056728564,0,-0.00497874695909789,0.009551233567715233,0,1.0755460433404693,0.06995423291757165,1,0.0030152816501294666,0.010356191183981973,0,0.014717000930381835,0.025327614165725827,0,0.5930689759602916,0.0957725207026879,1,-0.003749635104585522,0.007499270209171044,0,0.001035728768064985,0.004920266566726908,0,1.0392606978574652,0.05332182060990605,1,-0.006937467718291351,0.018553041480263197,0,0.0025093042691528,0.004550221947863539,0,0.8177263395857066,0.1452215628807478,1,0.008438757167642103,0.008394638247989016,0,0.005485736679175317,0.010411355026725858,0,1.3929920653435253,0.09803945803063094,1,-0.0056305377844214485,0.012316851941227787,0,0.02068535844433559,0.03761362778510557,0,0.6264275014154764,0.18321909989930107,1,0.0020087584424616834,0.0027660686288156827,0,0.011881665333876754,0.015422784892193548,0,0.9479556584968597,0.07940288254478878,1,9.933257317278782e-06,0.00020717635075286954,0,0.001654474015450752,0.004090673049438756,0,0.9809487956185257,0.16828652255673737,1,0.015250782946462649,0.015303831380123608,0,0.00748694604550937,0.017183819203330654,0,0.843512554016401,0.07782702369342823,1,0.007756040642701897,0.021706640763879594,0,0.0014535160948396352,0.0020913100657418216,0,1.0793128238039056,0.034610820307129045,1,-0.003615190100509992,0.010767773166054448,0,-0.0013366774982674558,0.006640305419898807,0,0.5966825929395163,0.11237062162094434,1,0.0,0.0,0,-0.0014531524357509584,0.002595339973851193,0,0.9790527958689129,0.1355147612035887,1,-0.0013359730169022939,0.003892007866652163,0,-0.003187770824859186,0.006130548507082927,0,1.2665456574979872,0.1957451245038929,1,0.0,0.0,0,-0.007694052242325925,0.010907949938590917,0,0.9806587520953112,0.07255331609062983,1,-0.0023862922984524103,0.002226707715079469,0,0.0004030229668954845,0.000806045933790969,0,1.1442403677343052,0.11397365051572483,1,0.00586231537080284,0.009724150390937806,0,0.0009024637762079308,0.0018049275524158615,0,0.8397980982046951,0.11390523514232154,1,0.0,0.0,0,0.0027492762997116814,0.005905700641087219,0,0.5474630146315393,0.10124062345467302,1,0.018475039042813307,0.020765407611766745,0,0.008421397336389646,0.013308192593879813,0,0.9522926380579968,0.1933196624010911,1,0.0020939519671709307,0.0041879039343418615,0,0.0007748455752323481,0.0050239753528899525,0,0.48374982088170776,0.11366927428995337,1,-0.009441341633473299,0.03417480593702277,0,0.0002618106962861759,0.0005236213925723518,0,0.6357536407875057,0.07622843792275386,1,0.004802537064277068,0.0065241152911407726,0,0.007167755771244124,0.013388783180169764,0,0.6785917463472555,0.18598679079916652,1,-0.002949765610973003,0.003812908468575798,0,-7.033318632681339e-05,0.002785463861783667,0,0.8239245489055425,0.10425593458223384,1,-0.009288927166715602,0.01519907775224341,0,-0.0037377442460423036,0.009601139844661051,0,0.9363036141945994,0.09657930883208171,1,0.001793190308406267,0.0033736893587918092,0,0.0015622361216268386,0.004241909191257815,0,0.46117789549717597,0.09023725959305397,1,0.0011232131618463229,0.0017033189934625602,0,0.00041343925922332405,0.0008268785184466481,0,1.2363721781045967,0.13987156937715906,1,-0.0013306791465145407,0.004772257773694057,0,0.010458286912541397,0.021662304920004986,0,1.2028684760883468,0.17928044636039372,1,-0.0043112369306222646,0.010551026913115973,0,-0.0017962701568323143,0.007230665107440853,0,0.7659606802531216,0.15429309128448843,1,-0.003883160099822228,0.007481899912619476,0,0.005604514026758054,0.004309449400290527,0,0.469059242340702,0.0671939975050882,1,0.02987865795532691,0.02462950583978576,0,0.00013754819734678857,0.005410848788611182,0,1.1253851855967387,0.12537496480634625,1,0.030830860259697473,0.019746590361930123,0,0.0009715328363454816,0.0013324337236465173,0,1.0323603748721366,0.09361035186443037,1,0.0024615523378816845,0.0035566143082645303,0,0.0043432232733883755,0.022271132672318644,0,0.8141980874106093,0.14478008879308618,1,0.004439336244811813,0.008878672489623624,0,-0.0019695551486982907,0.003939110297396582,0,0.8859680055559054,0.08346861118110864,1,-0.0008894472008958088,0.004889041663977497,0,0.0,0.0,0
138,2000,0.3,hgb,0.6328150669887485,0.010713293662391772,0.025439128887578148,0.02582441808700671,0,0.7218113595578849,0.23057419509726984,1,-0.0029518839408952573,0.004843695556879719,0,0.0002834698296121514,0.00590467087708364,0,1.1334412443494495,0.14641581242091076,1,0.019047518183744734,0.020558888078571372,0,0.03115791728555025,0.035768534849037165,0,0.5800243415109753,0.1584125799113969,1,-0.013634676852785809,0.013090716937120413,0,0.0069685919130211575,0.01609875420203326,0,1.0517696166500603,0.2773174351966492,1,-0.012562443378762247,0.018010573000193056,0,0.013824633223817443,0.01753865764244154,0,0.7800566962641706,0.16250535610759995,1,-0.0058044808619044375,0.008309438685882164,0,-0.013391929685970916,0.02847058048556954,0,1.3251923224649094,0.22040873506887904,1,-0.00664846307670546,0.020844844531413147,0,0.05624191643397671,0.03897999214242013,0,0.681764006918674,0.19122906571822648,1,0.017202683059953795,0.010906228075320898,0,0.011935127039576918,0.01911658987954674,0,0.9387445607489079,0.173338569320045,1,0.013920985227151789,0.009524991855887118,0,0.053917789925820456,0.016354052698300876,0,1.1088746216988081,0.16755802105016754,1,-0.005326348542484318,0.02951253538929652,0,0.01021531878881846,0.019439103019842995,0,0.9169090614575481,0.08787890809000591,1,0.0023330157581182434,0.015105689314202484,0,0.020281458909260523,0.019037437047704137,0,0.9286901013089752,0.18639808974454353,1,0.011240876390469431,0.02350736613349901,0,0.007453022251514077,0.014521500296902225,0,0.6745770484992145,0.13711638222254677,1,0.014090425540438867,0.018190492982989106,0,0.004578202271960066,0.008010679493546783,0,0.9155545435123053,0.12978448199836304,1,0.00791690400404351,0.0086587512279479,0,-0.0021005976407143198,0.008252557101261361,0,1.3821613249668552,0.12542620025368345,1,-2.1824464595802605e-05,0.014733273269590829,0,0.006870174131077711,0.004317207701011409,0,1.1044379770276178,0.19333931732717732,1,-0.010118604311502766,0.012784580185880454,0,0.003976787587773153,0.01473394403350521,0,1.1499725647501293,0.11150148892134225,1,0.006561961378685524,0.006326195395787759,0,-0.002306222951200191,0.004814613611211688,0,0.9654964382179807,0.15400348051260446,1,0.00035904168704141914,0.00411865397958469,0,0.006878938637418025,0.017386428683193258,0,0.5900386402975262,0.061994861728324295,1,0.02269560464138916,0.013942903418108958,0,0.011189941096506487,0.011238792768114524,0,0.9889837931205496,0.15558845771531182,1,0.002266319631879483,0.015204675078651912,0,0.005176404429203722,0.013330385690559634,0,0.6369168473998207,0.03651005199474112,1,0.023261140936960682,0.009868896925505143,0,0.0019327116155594692,0.011970390807338645,0,0.7659798990219888,0.15673523605749776,1,-0.001212584376318347,0.015276490982540521,0,0.0029420403322671707,0.0496845665656629,0,0.6322748913880618,0.22366981417764223,1,0.03598457870074872,0.01539290835545803,0,0.004586263277286789,0.020391983287936292,0,0.8213034714073867,0.06225400813123332,1,0.005933041288404467,0.010852817230806385,0,0.0034184580897218737,0.022967506087313024,0,1.0262632990697518,0.16285565798485177,1,0.008710822940011822,0.01294848613038853,0,0.00838846378476544,0.018925977671962798,0,0.46338200005633734,0.15023898891374868,1,0.0005201253045249174,0.010728548237561385,0,-0.00012760226196593255,0.01128480915435943,0,1.1911519306956935,0.10007548389280847,1,0.0023954177996748384,0.010621104742178837,0,0.009091469728197844,0.022550197451885835,0,1.105162406459017,0.16300215303683144,1,0.010836674317921718,0.0258490929379887,0,0.011761274661660288,0.024916131710868483,0,0.8027248921308171,0.18702246336125178,1,0.031573178557721945,0.014433617093160277,0,0.004321931192111976,0.01852680927222477,0,0.6063165108517535,0.16195221489384734,1,0.024056902375597912,0.04501953828687307,0,0.017245834707478338,0.011796202884227133,0,1.3811279535894543,0.2052789562627963,1,0.01337102419393924,0.022285367537092517,0,0.004102446202017475,0.011302951517485295,0,1.076858837873711,0.22691024046147185,1,0.005036854542835648,0.008896375858925144,0,0.0004012659156175928,0.019907286179371774,0,0.7842746608400821,0.09932046794310422,1,0.0033802013979737145,0.016892859162861734,0,0.011841100548751605,0.025146811542535584,0,0.971544630781699,0.17558328996368344,1,0.0019985550066467044,0.011408784925977987,0,-0.006445536312285539,0.006558672496679263,0
138,2000,0.3,ab,0.40908833702983943,0.0215704527439351,-0.016384675161451083,0.03003489205434091,0,0.4903869363271376,0.3542804151257289,1,0.0,0.0,0,0.0008644420618685303,0.0017516994793396275,0,0.569034598900053,0.07744039926403717,1,0.003586325775651545,0.011742488003100534,0,-0.00029783231248427456,0.0005956646249685491,0,0.33107582350233633,0.1112596183702327,1,-0.001016198625709805,0.00203239725141961,0,2.260994555231832e-05,4.5219891104636635e-05,0,0.8526014190603156,0.34177599173826695,1,-0.021147589645089084,0.04229517929017817,0,-0.02139168621073733,0.03343934489047032,0,0.61155275635815,0.2543472827793166,1,0.0015273800311685053,0.009393038527246234,0,0.00018323251971408183,0.00036646503942816365,0,1.019990968996754,0.20696213148701922,1,-0.004105002237861427,0.008210004475722853,0,-0.006973273586283668,0.02314036887243201,0,0.6894449431772104,0.32303228730226863,1,-0.004135343452213036,0.008270686904426072,0,-0.010011755684588803,0.06440089890225022,0,1.0715956335787806,0.3694416658942999,1,-0.006611489366925312,0.02279635255982443,0,0.027741593672464065,0.0355950414994009,0,1.2568084814410878,0.17323743512256953,1,0.012220454070792214,0.03053652192557001,0,-0.015616983441669475,0.028697919511795473,0,0.44086684538717485,0.16300029361266732,1,0.0049062277543613555,0.029724651497045486,0,-0.0032971835522709937,0.0065943671045419865,0,0.564549924860475,0.2580034624265663,1,0.0,0.0,0,0.0007939791811732988,0.0015879583623465976,0,0.40556053754076843,0.14118435246873423,1,-0.017108396800348303,0.05556203602232576,0,0.0,0.0,0,0.17719887848483853,0.0873279926718106,1,0.0,0.0,0,-3.815375180707292e-05,7.630750361414584e-05,0,1.2220414946160618,0.4830715413738472,1,0.0,0.0,0,-0.023037019391904535,0.04607403878380907,0,0.4167889216771078,0.12886993398181287,1,-0.002903818227051204,0.005807636454102408,0,0.010999560448714035,0.02320307010304446,0,0.6513870935753123,0.2896921500800443,1,-0.005094405235240629,0.010188810470481258,0,0.0,0.0,0,0.7991917468225583,0.3984092076768978,1,0.0019937411857646197,0.003987482371529239,0,0.02405971565639419,0.048119431312788376,0,0.2097311606185504,0.13890795399564415,1,0.06377887433761295,0.05640581569410519,0,0.014948120225799968,0.014077415884099297,0,0.37006624493736845,0.1814735928133923,1,-0.0064368430050129755,0.012873686010025951,0,0.0,0.0,0,0.48225681301068823,0.2250477114123571,1,0.002510102415707563,0.03315404147973107,0,-0.004161245234049361,0.009229486179219462,0,0.7554957078355524,0.2546318518437167,1,-0.014429488899467968,0.028858977798935932,0,0.011525546805665598,0.028242982024103264,0,0.4158419368467957,0.19973029358825856,1,0.02834997104495362,0.026172134664680685,0,0.0668123757941306,0.04295976474017817,0,0.656138489508232,0.2053388710818957,1,0.0032021349847740606,0.03438848383662314,0,0.0,0.0,0,0.48168459086905824,0.20709745618272704,1,-0.004889968261672919,0.009926042067523287,0,-0.0014484960303222322,0.002896992060644464,0,0.1933330734499067,0.16609885629925578,1,0.002273903264321802,0.004547806528643604,0,-0.008792599021272891,0.017585198042545783,0,0.7152774899695733,0.2932131914668476,1,0.022349268656777072,0.00982947117690367,0,-0.0007343041472771859,0.0014686082945543717,0,1.0946080377479532,0.21042241643787526,1,-0.014844539993558828,0.04240540942208137,0,0.05461938058893314,0.09121729919043516,0,0.23400518927643357,0.11263663197317421,1,0.01993120509801925,0.03405840158862093,0,0.0,0.0,0,0.035797212739325,0.07581328236337476,1,0.01413180600482579,0.04393985147904256,0,0.011155780690536105,0.022861031892383102,0,0.8673423975188357,0.21750050000650464,1,0.009721784188713728,0.015909435653949606,0,0.0519267149497458,0.08476233536988864,0,0.512767991904316,0.15430538703884472,1,-0.0008184649937961269,0.0016369299875922537,0,0.010745844227982559,0.021654529999032387,0,0.46020357908515247,0.24759480755810515,1,0.0,0.0,0,0.010931546345803043,0.021863092691606086,0,0.6122137747144406,0.2725678039498973,1,0.00033101298879689977,0.0006620259775937995,0,0.005613490640465542,0.01160550853107593,0
138,2000,0.3,bag,0.2803164248961112,0.022747217191069063,0.050233156649354085,0.0570355404252875,0,0.35698960335082247,0.1822766762929783,1,-0.0016680228307502597,0.11359749258719849,0,0.003977495871893141,0.03194755315645791,0,0.6418291939904852,0.3501573498372112,1,-0.012593359394527836,0.06557297411933308,0,0.008746065025725355,0.0629284447599034,0,0.16668005326029928,0.07894936068980565,1,0.01380169864512038,0.10710139047040014,0,0.03699804049578252,0.03418517961130038,0,0.6081727625023436,0.21441899797133643,1,0.11070996329186873,0.1023490932835418,0,-0.06158333853244953,0.08003860954369106,0,0.3445935649459468,0.26248375881076474,1,-0.04341980380659015,0.11706210710947537,0,0.1592637155222488,0.03642152842835888,0,0.7487502382372063,0.3168733230735579,1,0.02462941996911199,0.020646886333813508,0,0.029767403510240497,0.0805694680235921,0,0.25902815262399553,0.28594483335338994,1,-0.026862295549357568,0.046604618588059414,0,-0.030521408096902142,0.07140295445283348,0,0.30784245406498856,0.27435443150793326,1,-0.009651207401713291,0.07996438373102152,0,0.024760642269570525,0.1136093481629986,0,0.5088018649998542,0.3090169333891629,1,0.001249859793089586,0.08471961759789315,0,-0.013998989460180444,0.10101654852929662,0,0.4058058440865716,0.2166576071695453,1,0.02395646627869704,0.09070300451497867,0,-0.022521670165468573,0.14121685855954802,0,0.8451777969591932,0.2098605474008023,1,-0.017428112894363395,0.05952413662562252,0,0.026095455549509577,0.04985405742192904,0,0.2554195237441947,0.222604367065311,1,-0.040970288802380184,0.09474783592766037,0,-0.052182782989633955,0.1084012406533861,0,0.3433350129675333,0.10374442726013891,1,0.0552464461135672,0.1279457881491274,0,-0.06061044246388257,0.09169927885265944,0,0.8907960698468639,0.549466888626442,1,-0.044578040212480546,0.034287693070748214,0,0.037305218168738455,0.12471121477014195,0,0.2864244578443603,0.31760756142579727,1,-0.0014452833922675267,0.07141847943768304,0,0.0021313153177108138,0.04487872338462319,0,0.6009437052727771,0.41638535285313927,1,-0.010501984781397595,0.06885467359982625,0,0.013437793727937491,0.1084346902219249,0,0.28354404082972495,0.14093614526534662,1,0.007666426404687315,0.06048753534841215,0,-0.015097073641497816,0.07329847865623092,0,0.11240483381023407,0.13382378233525957,1,-0.029509978098380997,0.09492555499200915,0,0.00016900733885291674,0.14050788215436516,0,0.3520639405399627,0.2931414992869193,1,0.013259300255544148,0.04012072205269445,0,0.02366898338178872,0.04800433500666516,0,0.2163590696949112,0.05752708940186516,1,0.05590167443873408,0.14195351522178298,0,0.0569462050775004,0.049778942628222286,0,0.2532484331819916,0.20556200234459307,1,-0.04270096701569516,0.09225929845941555,0,-0.01994415288573948,0.08680497492193745,0,0.26613810924043485,0.10458293919811845,1,-0.055217625453957433,0.08405104227344272,0,-0.030531810370750135,0.06935195258079165,0,0.4320430677630539,0.22047655649652284,1,0.029433825840153888,0.11719966452574627,0,0.02098740286397121,0.0884929813664688,0,0.6571444817422414,0.2895650925418095,1,-0.016637774390166282,0.03790225240432315,0,-0.002548055104872558,0.12208800828072973,0,0.09270466906808736,0.10174022198892532,1,-0.000786652280903867,0.06966621574296662,0,0.03781797449673795,0.033761029548306835,0,0.41307975359649707,0.19582679007183248,1,0.032361536973574315,0.20292031323425613,0,0.027717800523650908,0.08052399321492365,0,0.798753403997932,0.4544279777239953,1,0.024352725757592,0.0943459568596927,0,0.06355767446386718,0.02752686977670167,0,0.26560805660397985,0.17058556783854611,1,0.014281029304612985,0.09971280622502537,0,0.012114942444959226,0.02198099177404564,0,0.06351518709776026,0.11376315611403261,1,-0.004535527765837472,0.07377785412252906,0,0.032328778728062245,0.05585100953463248,0,1.0357931421955127,0.36921898737623354,1,0.05489049045760217,0.14987760421665303,0,0.013391664708713395,0.10122863434259989,0,0.640990304260818,0.33046525733837767,1,0.046088143175945326,0.06713155643012977,0,0.04533282007224425,0.06049444343044623,0,0.18531867191404006,0.2433399500232063,1,0.030421908664614066,0.04646303060873538,0,0.06367200909810958,0.05821552096050237,0,0.2670885364656311,0.12866627454068694,1,0.0212780827816685,0.08927654206602553,0,0.08896792203646604,0.03683454971387097,0
138,2000,0.3,mlp,0.9512440575033034,0.0024201996092836483,0.004788216070533482,0.013287826804058338,0,1.9102475523128448,0.16902166047530998,1,0.008142897642013376,0.0167085357755905,0,0.021035055535059754,0.019060088364318353,0,2.190383899527036,0.1093589614897374,1,0.0032625699090604323,0.010761309857928055,0,-0.01977034739199529,0.017571599214605518,0,1.6622955375302724,0.08902090151859866,1,-0.006391256071358623,0.010950810277523485,0,-0.005911928871472657,0.019836063469557092,0,2.1737359481602594,0.06086445089160772,1,0.010514734931888887,0.003747111274507333,0,0.00537668941589412,0.026840913866842234,0,2.034366218880228,0.1210460000172258,1,-0.008431133239814079,0.010336717369931787,0,0.004488942777528991,0.010951792947050046,0,2.0458480750005688,0.10142895173835252,1,-0.004034220742120893,0.01740284683446654,0,0.00852776150043101,0.008164288706738234,0,1.8512528443308043,0.13107848185900808,1,-0.008219728570350238,0.01292216635958223,0,-0.004321297300622528,0.015318110096857112,0,1.9702341259338645,0.08130537371886157,1,-0.008402031659721683,0.016073867135295763,0,0.0007780989716658929,0.02854991614060667,0,1.9454898047477376,0.10211506763324155,1,-0.008578547064561941,0.015288299248320278,0,-0.0047894670699823744,0.01968236003992612,0,1.8040922722100003,0.06314350952872495,1,0.007791344921828603,0.02561421124582149,0,0.01200298943827835,0.014110758166315874,0,1.9138511413623853,0.1205544483258175,1,-0.005060687622524329,0.007927308659511842,0,-0.004397037048207991,0.013857339185130423,0,1.9374459560531037,0.06158615635047841,1,-0.013019889671033912,0.005749570391877431,0,-0.002504843675900945,0.015228438833482141,0,2.234848241954899,0.12078932337021883,1,0.010179791612930145,0.011066158586251809,0,-5.650755179562976e-05,0.022127621895297305,0,1.8547329694714314,0.18360679292807885,1,-0.008058772060253846,0.014575401651307301,0,-0.008885830564257662,0.012504693590664985,0,2.086509435027833,0.1131944635489357,1,-0.008910779949968237,0.016115096041645054,0,0.014979476002206093,0.013080810421638795,0,2.0981010254073853,0.1358650944502192,1,-0.00035133101839131405,0.018479606444560648,0,-0.01514032912188509,0.013058514043609236,0,1.8673990775463445,0.15479563675414013,1,-0.008986640209706015,0.01653559073955059,0,0.00022849770040726005,0.010574015258715444,0,1.902257432700996,0.11873455759249951,1,0.004938403514765422,0.012052059249228529,0,-0.00691126212515183,0.023772039097243985,0,1.9577875128065052,0.10331480963195752,1,-0.0048669553153816,0.02328901032448636,0,-0.0060620360849594195,0.00926767548000756,0,1.8608281943167206,0.15311526456051627,1,-0.0026684452968074963,0.010688320078783328,0,0.011252087422067352,0.01682965075990059,0,2.0156054032156825,0.2885200024416481,1,-0.0015161184586330045,0.008168598640342998,0,0.004015900159865432,0.013979545660701568,0,1.847429173787954,0.09990078560125015,1,0.017525854850027812,0.015060657100854576,0,0.0035020363163210154,0.004519110177609199,0,1.7923479531764315,0.10262495554686853,1,-0.009457500284197137,0.01092810707367259,0,0.0026159095977328468,0.016895200986102664,0,1.8852645942077326,0.2573658735441043,1,-0.011136902681488873,0.015279486986021757,0,0.01179845078406448,0.014909638330034447,0,1.6345586765972722,0.14750516458422333,1,0.013799938160305832,0.01030926648688797,0,0.002095781317525269,0.015502547398185651,0,2.0032824536278593,0.12338577129506278,1,-0.0008112814175237362,0.011692353526378435,0,0.00039574350525768025,0.018809289554703384,0,1.9196996251120493,0.14869485620667588,1,-0.007572867417474052,0.017283306176000542,0,0.010855794641523262,0.008616778717978672,0,1.800362657849187,0.20069299402358956,1,0.0031705185786769898,0.014690007588487918,0,-0.008931654216823069,0.009495222522467291,0,1.6875216600973317,0.13415354031444107,1,0.013785829872292505,0.011753349109057724,0,-0.008726453004642329,0.015371797272773796,0,1.6917710542859627,0.15884011896729508,1,0.0033968582511599886,0.0164070662439244,0,-0.003811921579009421,0.010908578213183698,0,2.116422496430503,0.2159286726678388,1,0.006693542161278011,0.012320815650661525,0,-0.008117149893256192,0.013560766343610118,0,2.060284029499436,0.08343772916327155,1,0.002870517144369306,0.012183356059315989,0,0.019675364453465825,0.01932966659491769,0,1.9121042012520504,0.08756828662245954,1,-0.00620544879146215,0.0057094977410017045,0,0.0015241313843902492,0.01042610249929022,0
138,2000,0.3,svr,0.7748777860914766,0.007483599643778148,0.03280654875209234,0.03040873092587458,0,0.9155290160574838,0.202405244153585,1,-0.005280753290375024,0.019054939776637636,0,0.020278638361489833,0.0342471082099249,0,1.070767417502329,0.16794535142773373,1,0.054015979316019425,0.011474414183320052,0,0.003087806891176225,0.013436825409583495,0,0.8209998350803757,0.08914295968938474,1,0.022937591772026745,0.01785644817127728,0,-0.004656021281772393,0.009821727509102367,0,1.0950329631764852,0.06028924869618385,1,-0.0006743434138486645,0.010485794062936656,0,0.023339031758119116,0.01134827655048107,0,0.8961869590177723,0.11858570032563989,1,0.006983931338642242,0.015499806951227605,0,0.06767888098151166,0.01309509895228695,0,1.0356685063838056,0.07909735120587819,1,0.03609413439048669,0.03411192191022644,0,0.10904184261450633,0.04010410684569643,0,0.8074660203795,0.11902462621589431,1,0.0237239504797946,0.0200955858397597,0,0.030579598936646458,0.016900503777798233,0,1.0500180991453014,0.1141434805668925,1,0.006930248700686985,0.010156213460958897,0,0.08296889541592886,0.027423546192088363,0,1.0981448688583706,0.139299403284062,1,0.013296075367422357,0.02454273279626724,0,0.02773760743293255,0.01489443061821103,0,0.8704869802257365,0.0824771003308736,1,0.014991609506560982,0.02061427466771844,0,0.05158293456184012,0.04313389739261447,0,1.186910198662082,0.04121890348628018,1,0.016656465208630282,0.02015833389211952,0,0.004373839775226304,0.006202998090030743,0,0.805463448797467,0.09236016790810517,1,0.03024454422460505,0.027619926053900224,0,0.01957354543898317,0.017210466169367677,0,1.024288122602286,0.09825368645444317,1,0.007120422399899458,0.012304801274340447,0,-0.00786858249899323,0.024582081715679424,0,1.0247011299673816,0.15850139652811543,1,0.02422842227757899,0.01315218400113815,0,0.02191610341689925,0.0593000346270505,0,1.1231666318945603,0.17258452681455225,1,0.02729359760284633,0.017582942155776726,0,0.011946191812685965,0.0265164058506521,0,1.1325902575708775,0.11666010855173894,1,0.01328514994279833,0.017708075921273422,0,0.0015897336958550577,0.016591938501895474,0,0.9803726273364937,0.07236359353697035,1,0.0030958390342915405,0.017912666192540307,0,0.004496226666967633,0.018780323751378336,0,0.8649572252671671,0.0538462489444055,1,0.05757213867078996,0.024026539959351438,0,0.07878664664919595,0.028692357440567758,0,0.8817069321308069,0.0881899082517639,1,0.009282728368237066,0.018083584581190016,0,-0.002443590561882317,0.01794777319730881,0,0.8563614734570276,0.07321582364374302,1,0.03527042653364581,0.037478553288261884,0,-0.00832931819934887,0.02967620368909227,0,0.8596330007698725,0.08788612951353916,1,0.031111615723469727,0.02675242599856778,0,0.072940638010349,0.02368610373162582,0,0.8952435357613309,0.1510599713671616,1,0.0521518315252941,0.020570586423084184,0,0.04226527821737498,0.017176569422531006,0,0.9449936078889409,0.10517663725146614,1,0.021312721971480438,0.01370789780138285,0,0.03334183957665982,0.02034751358513361,0,1.1095681836236224,0.11477553045325167,1,0.017675639805272973,0.028125921855463115,0,0.03439501850868071,0.011239864540278092,0,0.8309382464581014,0.12044900069094606,1,0.009467275546048185,0.01641293030347975,0,-0.0033448983877479117,0.03889891470875207,0,1.1752080298542098,0.15021770393367773,1,0.08051024083531934,0.015456900539489376,0,0.017120089714718685,0.013496227160063521,0,1.1228679386608422,0.07623125768192428,1,0.03283444225106159,0.018123573051849983,0,0.02566527718460256,0.0260012853025465,0,0.874759348871023,0.08155834094423339,1,0.006304190107233032,0.025123708592037313,0,0.000988425873079635,0.015097203309114822,0,0.7698034061600385,0.09273284012315197,1,0.08998867756638354,0.013711243364082925,0,0.03046294489898288,0.017002083187718713,0,1.0618000719278253,0.09354742232262304,1,0.04868627599698778,0.027697848527109194,0,0.0049770784351517855,0.031367304252902864,0,1.294360707689457,0.038343003705285233,1,0.014810911846252512,0.009400955697999135,0,0.06219883777865348,0.023566613644566296,0,1.0323228962015034,0.11884241850599633,1,0.011977111281048095,0.021204427538475675,0,0.013589690854010855,0.03904645192617553,0,0.8346729198186289,0.12819566768745427,1,-0.004794532746590033,0.011551935523865289,0,0.013923939817749082,0.01326086695440524,0
138,2000,0.3,knn,0.31712000823316766,0.011658987281039123,0.10045043842189554,0.34341386551216907,0,0.589067713901488,0.3910794612252677,1,-0.12569771319941697,0.2304673113280261,0,0.37021936172734626,0.19083088495143188,0,1.0330677232745482,0.4947472820277962,1,0.19367841924824886,0.3318341554523722,0,0.11006893097791914,0.23548557056023897,0,0.36209660515152176,0.3477706409638726,1,-0.10260559662726394,0.39622840328876935,0,0.04438699830039526,0.29940123464794166,0,0.620450445934561,0.31327189380812764,1,0.18357838070658028,0.22521627731126753,0,0.16717735578179277,0.08634533504105608,0,0.6911200436350702,0.25259852813245237,1,0.012122143769705529,0.19377301337556002,0,0.16610693066378068,0.20053401493700967,0,0.4529429603269744,0.24971093538125028,1,0.004887967169700436,0.30725390044410955,0,0.08157559867598799,0.33354294026376485,0,0.5219851936559111,0.38548440237251713,1,0.14344601006647797,0.3496055680858399,0,0.10104039495378077,0.40654083519718487,0,0.41248821078256864,0.38380131570771575,1,0.09727757358931527,0.23642505025583835,0,0.21822060613219735,0.3425296851685473,0,0.3744423631512598,0.3988912566723219,1,-0.07198456672864288,0.2742553882064593,0,0.2271757310285231,0.2693339673138544,0,0.453520795346735,0.35067136648977254,1,0.2501894496016181,0.3920165155386597,0,0.09854834821993609,0.23755747291825396,0,0.44022642204677054,0.45704212059985866,1,0.16014590859782668,0.2173418782578449,0,0.07885695167373216,0.288670519292278,0,0.34255564425832863,0.22445334892399033,1,0.029387863294761795,0.34253149061292365,0,0.2337020530245007,0.28272118713301825,0,0.256592075862333,0.42600485483892003,1,0.1550859435620171,0.10629327337362403,0,0.24975542720143062,0.10834823482097783,0,0.2616392632610136,0.203310719880495,1,0.29483035317732126,0.2626661911864846,0,0.1505929088132147,0.2675737902346095,0,0.7578135647992644,0.240792276771114,1,0.5589417020477517,0.3569268350193118,0,0.1990073177490817,0.1599626386330212,0,0.7846404720433411,0.2779865634760249,1,-0.16839324322518698,0.26733515680615594,0,0.1918480216110098,0.2757356660574667,0,0.4630943442630506,0.3635065053710068,1,0.034803838742781604,0.29656462032732683,0,0.150925500678635,0.24134855935615498,0,0.4817383170033159,0.3587506992737944,1,0.28032598732146075,0.3235489509243299,0,0.24882852181051657,0.314092084761093,0,0.5226489852588717,0.2860746083031964,1,0.16845284759939336,0.33254145338345803,0,-0.08223532407693414,0.5419454657666023,0,0.49703266329026474,0.28649866222588055,1,0.23298764290824608,0.38946307648264705,0,-0.09141884697925638,0.33627729114903043,0,0.545943314562927,0.37493961296926126,1,0.10008087093019842,0.2043298728634936,0,-0.04098614594483192,0.21814418244163805,0,0.3982869112057827,0.1199251154049708,1,0.21303066174723714,0.1798931598869281,0,0.13365481117146735,0.30585223002871487,0,0.5217306569666847,0.4474728013859569,1,0.19261178088780362,0.17703210627139657,0,0.11460945411733017,0.1680884530479171,0,0.2760057270774451,0.30064806295155744,1,0.44275370944024495,0.2476051769308603,0,0.31883647104861795,0.28477692167408164,0,0.28990058722720824,0.2447253023054913,1,0.15471317630586415,0.27536771207523186,0,0.11746354005643236,0.1696333649472318,0,0.4722375755637424,0.18904538684014865,1,0.10834219314735168,0.13822453813397584,0,0.27119095616893873,0.08244040398843863,0,0.2692579071664615,0.23238063617523097,1,0.23116810506529134,0.16257737560240956,0,-0.27524027966881304,0.3532586048323159,0,0.42403996261238464,0.2551724559857953,1,-0.15292648854071872,0.32058758559635275,0,-0.012858652842393408,0.10126431631387603,0,0.329018514139212,0.2846638164266247,1,0.2767245887623717,0.40318047625793346,0,0.022470501104807146,0.33729238866480854,0,0.6764761765296905,0.17435921468176283,1,0.1796310936986943,0.14654029551099323,0,0.17945720909447596,0.3562606628402433,0,0.7898940996549708,0.24380598780112314,1,0.33387912149316795,0.32469497002369263,0,0.09240520014389084,0.311306636464744,0,0.5109972779582664,0.2826306952327896,1,0.08222221395527021,0.2500683393408825,0,-0.059713506881899955,0.18103408429873502,0,0.21103477233929882,0.36499901394245793,1,0.0816065187598874,0.24234463490998037,0,0.13923486181033037,0.3340427039631824,0
138,2000,0.3,SuperLearner,0.9696376240089851,0.0007174011970005486,-0.001273671899294846,0.002402282293846854,0,1.9679980814202362,0.14733746311849974,1,-0.002573013093779088,0.001855974442256994,0,-0.0012769007921201244,0.0026172172243936007,0,2.246465468661047,0.10997680971857975,1,-0.0011737206531440797,0.0017369795690549625,0,-0.0015080243869830215,0.001889146676490216,0,1.792255257273806,0.07740437931159098,1,-0.00044021894672060835,0.0007247575972684756,0,0.0016230973768508333,0.0025974591229510117,0,2.1640968981590154,0.08428760537228754,1,0.002203482292996549,0.0028371934422136446,0,-2.770618853621626e-05,0.0008006251128983194,0,2.0599117124596433,0.10005376860426207,1,-0.0019564402606703697,0.0012627378562244194,0,-0.00036494529363500036,0.0014435098239200352,0,2.1479666932549186,0.09375845248705357,1,0.0005220563713296231,0.0012401696564704467,0,0.0055546725614320355,0.004001886083968792,0,1.8922844759224198,0.08906054480420829,1,-0.0029372495431908277,0.003487465132440022,0,2.1343534042719303e-05,0.0007095951501168425,0,2.035223984268175,0.07415577979299484,1,-0.00262971356883447,0.001800635252105942,0,0.003031912606617489,0.0028476233280434206,0,1.99402159453916,0.08087743243246436,1,-0.0014856880939771672,0.002759019308853597,0,-0.0009210602908728225,0.0021020621150950256,0,1.8908925948681414,0.08332030764834485,1,0.0026327765822004956,0.0015109122262507127,0,-0.0008023734878993709,0.0007496316705744709,0,2.020818087142419,0.11022999708570362,1,-0.002177198682075522,0.002559411724355406,0,-0.00020431957038414948,0.00269143717914729,0,1.9619596127241228,0.06745794211632793,1,0.004110411503680917,0.006050940787886968,0,-0.002422555277690498,0.0020600426228638315,0,2.242457344729096,0.0564126362257494,1,0.00659155028825342,0.0039003359465539576,0,-0.0016087395755947959,0.0024184697389460523,0,1.905029471130313,0.14127027899078287,1,-0.00013068168660665332,0.0018690433776806699,0,-0.00037354013877332183,0.0030395561272876016,0,1.9743884001662608,0.09736381409809199,1,-0.003423747849154948,0.0037800672962060677,0,-0.00021945146278203433,0.0018483874470773662,0,2.0797455500249757,0.10464635757261623,1,-0.0008600278614172279,0.0034357361197002454,0,-0.001145904800814363,0.0025080704239063435,0,1.8975415468449923,0.1672694692409862,1,0.0012062180444142045,0.0025105396892291386,0,-0.002127916275841424,0.0011769127319520242,0,1.9271379596857123,0.1021918495902156,1,-0.0015062854398040998,0.0016353750658910128,0,-0.0027892277550778813,0.002345596945650616,0,1.9936221654183715,0.07728189025758236,1,-0.0012870379239632488,0.0011063056531641674,0,-0.0018773323552954216,0.001241239373025313,0,1.9474024741278124,0.1153872358237409,1,-0.0027693840961938595,0.003220526581241111,0,-0.00034196193142122324,0.0020689776041106812,0,2.0663082084733255,0.22698753723114748,1,-0.003004513849262303,0.0028770227784627824,0,-0.0023253097987966766,0.0014858371045943408,0,2.053616873152989,0.13317364630276504,1,0.00020989874939827055,0.002073215350349902,0,-0.0007641126907685549,0.0025944148575364418,0,1.9382224416867602,0.13717084845338515,1,-0.0022378855887813546,0.0008498777564764108,0,-0.0013989399614374339,0.001748334297308474,0,1.905451577394991,0.15975964899806097,1,-0.0026321983325150416,0.002174303772951086,0,0.0007853939901492878,0.0012064841916125358,0,1.8105953333576923,0.11183387524956144,1,-0.004011943234492395,0.002360051924433732,0,-0.0017560103836276656,0.0023121740587846366,0,2.0129467425496124,0.10410768744344577,1,0.00016143771440269816,0.0015171144125599415,0,-0.002435832499407973,0.002726577177441112,0,2.0816021420473714,0.1781210100644851,1,-0.0006036073411373268,0.00290614593524659,0,4.778013638716684e-05,0.0014129447257861742,0,1.8998944002041196,0.14361021497092616,1,0.0033382777054975082,0.002335927806011147,0,0.0022997326713410896,0.002331167401060771,0,1.8723425069312607,0.11461020500536051,1,-0.0014135118778561464,0.001908734718080035,0,-0.0019184912402705808,0.0029497892827210536,0,1.8455847436758404,0.1541252767390697,1,0.0017170911478051759,0.003549425883369081,0,-0.0013455223636620454,0.002089794771840616,0,2.193585317169254,0.1945053302001705,1,0.00017095860751547404,0.0012845104523938704,0,-0.0026578474062723253,0.004068849553666562,0,2.1089030497254106,0.16162330678806974,1,-0.00046867635615873045,0.0024648543232542773,0,0.0017832541410055548,0.0028170110412349676,0,1.9651105689215917,0.12332447381013868,1,0.0018355820374161371,0.0031844902738000754,0,-0.0009995020865103045,0.0018221798345073189,0
138,5000,0.3,lr,0.9714678789072216,0.0014493278693947966,0.002103779593870014,0.001419588862625821,0,2.0410047396376108,0.04819821587854269,1,0.0001835711600289138,0.0005199611439403853,0,-0.00018650765795686692,0.0004929720793005599,0,2.078894286064383,0.05666080005759406,1,-0.0002504275022176379,0.000426328992668698,0,0.004141848040753038,0.0019009569032815861,0,1.9259191047142585,0.019848659293392138,1,6.597136008067086e-05,0.0018725882939222445,0,0.0014075934684519716,0.001818621019222951,0,1.9763388726293805,0.05475707533821162,1,-1.5605324318753057e-05,5.825387537463644e-05,0,-0.00025977746535434766,0.0004844494950261314,0,1.998507500344478,0.05284598646748714,1,-0.00045168234372897857,0.0002714799816992441,0,-0.00042127835147265683,0.0005590156323659261,0,2.058134685585723,0.10619112785587213,1,0.0007804842505691721,0.0007163899456376633,0,0.0015471837123496016,0.0006332313608691639,0,2.0478159361622525,0.07949019022544125,1,0.00022991319452313162,0.0004226898471470838,0,0.0006493770016301789,0.000725079231141836,0,2.1069869928016254,0.09122787995519584,1,-0.00016543965578785306,0.0006333684332148589,0,0.0001282827648690592,0.0009011481446023743,0,2.0460969628977947,0.05488743816519521,1,8.741855294799228e-05,0.0006436006938971898,0,0.00018881927703427557,0.0012483389834650712,0,1.908319608415751,0.09204732159159516,1,8.462256730531964e-05,0.0015417618268259387,0,0.0010045945380316933,0.0004144489341291917,0,2.0142918691567533,0.0952510242235417,1,-0.00012184293202462015,0.0001593194594086295,0,-0.0003598918820112358,0.0005304562129078736,0,2.093551754628391,0.09752859759934629,1,-4.592919976581068e-05,0.00025124050947688187,0,-0.000178750398207137,0.0013418133861514935,0,1.9417140005124864,0.0506187674310636,1,0.0002724741907542842,0.0015933204197165214,0,-0.000294479393039671,0.0016236211639849341,0,1.9582095444899341,0.06710823917391873,1,-0.0003424312639820117,0.0008141680085287194,0,-5.675836966795878e-05,6.463862626132112e-05,0,2.086641992232903,0.06352000095762785,1,-0.0004620852575988113,0.00032151083760187464,0,4.298418623583974e-05,0.0008873486678824201,0,2.0150116871198493,0.08940797939175317,1,-0.00021644583072004362,0.0008341490009493482,0,-0.00012519105948350216,0.00012741471894789748,0,2.071379060250206,0.1074072624826361,1,0.00012409730460749202,0.00036127431744096183,0,0.002570027831673796,0.0021933995783504504,0,2.0874114635269505,0.06966807524373837,1,0.0007566504759107717,0.0009256551896286524,0,0.0010109656482605155,0.0018225366152257864,0,1.990593575975727,0.11697751016329856,1,-0.0001416453142835552,0.00034147199540247175,0,-0.0010585344543121704,0.0012369127563197123,0,2.147159730087476,0.09738310929574101,1,0.0007351051466703922,0.0007507218103815678,0,-0.00031030057008916143,0.0003792713845344524,0,1.8591009330185664,0.06825928426121713,1,-0.0009124296678999442,0.0005785542393740021,0,-0.0005086884922767165,0.00034618113182704384,0,2.008248821959598,0.13366980325744912,1,-0.000361957031124184,0.0007576769340609364,0,0.0019699669294516694,0.0008613680001937369,0,2.06169836192196,0.11341463546647827,1,-0.000603945738375694,0.000613665679718077,0,0.0012055489659656296,0.002620832137151289,0,1.9837785618565191,0.10350414765003245,1,0.0008202353751552422,0.0006375218757838069,0,0.00014967387573776536,0.0005493549901668588,0,2.0361971409049966,0.09659568992414487,1,0.0018724431456397395,0.000887526337183825,0,0.00014564084850471028,0.0001748706400979243,0,1.9955255724536554,0.08840071662390132,1,0.0006514286313958694,0.00036753909039691565,0,0.00018777013047389257,0.0004986440240091487,0,2.04320479793269,0.17217576143443206,1,8.668224798147949e-05,0.00068941751631945,0,7.22506653295891e-05,0.0013218532233029863,0,1.9774125652309196,0.03783684258970152,1,0.00012345193567520199,0.0007154642927068777,0,-0.0009785657036672207,0.0012375660108991915,0,1.8293386535411291,0.07566860900461116,1,-4.22663237209563e-06,0.0019576560271858134,0,-0.0003154225181147314,0.0012850994753163946,0,2.0630550398946395,0.07503272821371373,1,-5.9892467952846735e-05,0.0002220673178120665,0,-0.00022268489976054036,0.0010320220257272364,0,2.0578171030663532,0.10571927451780821,1,0.0005781077479981208,0.0007273462344933673,0,-0.0009026005859148944,0.0014541176310313788,0,2.0392678769742347,0.10323009898685363,1,-0.0005547467756895603,0.0011650135316740153,0,-2.3456974793770504e-05,0.00037557402858655564,0,1.9350726029979355,0.08121387951613415,1,-0.00031485801235397304,0.0007267478597667545,0,-0.0008990752813437428,0.0010020492842926557,0
138,5000,0.3,lasso,0.10838361805194656,0.006159888814103929,0.0,0.0,0,0.0,0.0,1,0.0,0.0,0,0.0,0.0,0,0.11884704268124817,0.06002290714653261,1,0.0,0.0,0,0.0,0.0,0,0.04962142301445495,0.04264308466186403,1,0.0,0.0,0,0.0,0.0,0,0.03265717105099206,0.024514752917834004,1,0.0,0.0,0,0.0,0.0,0,0.0541740911213448,0.05805664938164571,1,0.0,0.0,0,0.0,0.0,0,0.2939174807283358,0.0557606717512431,1,0.0,0.0,0,0.0,0.0,0,0.2238151142827097,0.02126438097408981,1,0.0,0.0,0,0.0,0.0,0,0.10956370089316314,0.02355102045950526,1,0.0,0.0,0,0.0,0.0,0,0.25537548141730654,0.042441093769551054,1,0.0,0.0,0,0.0,0.0,0,0.050106887283969816,0.06279188866976758,1,0.0,0.0,0,0.0,0.0,0,0.4360136482501952,0.0347194806888701,1,0.0,0.0,0,0.0,0.0,0,0.1720724393385923,0.0608776811949468,1,0.0,0.0,0,0.0,0.0,0,0.011958299292392014,0.015555090022016995,1,0.0,0.0,0,0.0,0.0,0,0.34456159938708186,0.0445360491862994,1,0.0,0.0,0,0.0,0.0,0,0.2468738684420028,0.04172071289530153,1,0.0,0.0,0,0.0,0.0,0,0.3782211306808425,0.05388719586454123,1,0.0,0.0,0,0.0,0.0,0,0.00931668169535159,0.01863336339070318,1,0.0,0.0,0,0.0,0.0,0,0.006845161536335467,0.009552924620069961,1,0.0,0.0,0,0.0,0.0,0,0.007744717088268502,0.010911555773036678,1,0.0,0.0,0,0.0,0.0,0,0.002695761752411514,0.005391523504823028,1,0.0,0.0,0,0.0,0.0,0,0.012697304850774912,0.019449504733175298,1,0.0,0.0,0,0.0,0.0,0,0.0,0.0,1,0.0,0.0,0,0.0,0.0,0,0.07269569787695103,0.0349902386255035,1,0.0,0.0,0,0.0,0.0,0,0.1135826747673705,0.06247082789113994,1,0.0,0.0,0,0.0,0.0,0,0.01890634107839581,0.021934143654287593,1,0.0,0.0,0,0.0,0.0,0,0.25773764716058156,0.04088377610214962,1,0.0,0.0,0,0.0,0.0,0,0.1016417834643872,0.05484441153078175,1,0.0,0.0,0,0.0,0.0,0,0.0,0.0,1,0.0,0.0,0,0.0,0.0,0,0.0,0.0,1,0.0,0.0,0,0.0,0.0,0,0.22173786599668666,0.04242497650119643,1,0.0,0.0,0,0.0,0.0,0,0.36789330472116805,0.03790504385247754,1,0.0,0.0,0,0.0,0.0,0,0.18549832898495772,0.06910914693695809,1,0.0,0.0,0,0.0,0.0,0,0.007932766414048473,0.015865532828096947,1,0.0,0.0,0,0.0,0.0,0
138,5000,0.3,dt,-0.4637918768661571,0.041000830953446865,-0.09191012497158882,0.15048220781018073,0,0.4978041101475494,0.47307407223260867,1,-0.11391216043271139,0.19865331187195362,0,0.18382164271833687,0.2987864283709565,0,0.4119900567486628,0.42865652559263995,1,0.1316229282707148,0.08721742205102764,0,0.03247240404567645,0.08622748166096023,0,0.03664801454395852,0.427598936545689,1,0.014747103035304942,0.17235244618698675,0,0.03685658379888786,0.1553781965894959,0,0.33733099601388816,0.30388447866564144,1,0.08126530577218409,0.1604969123447505,0,-0.02160987648278131,0.13255111651919915,0,0.6452577483470161,0.5791162435421175,1,-0.09192659678331101,0.24809278530158857,0,0.001579221544155164,0.26979233362043264,0,0.23525881619047828,0.45675402514670743,1,0.016084749069707065,0.1954832013982905,0,0.015603776500657607,0.4626508223219936,0,0.7090575983136171,0.4343483337547653,1,0.15800810819807026,0.21727527597562443,0,-0.22343359480874597,0.503536661087103,0,0.40922543534722255,0.5629558808233435,1,0.08977528007404909,0.12814674995786252,0,0.09475175542417474,0.31936025580385524,0,0.7308878535724118,0.1786604451354076,1,-0.0025595440701768855,0.15923383896367244,0,0.04589560943004824,0.0967790934653403,0,0.18651541279223643,0.38195853951368236,1,0.07671772718980374,0.06318794410771579,0,0.07793587153406172,0.11504601505935201,0,0.3920472636856579,0.8196737359257271,1,-0.08735692473611363,0.16413766431230828,0,-0.03079125910406836,0.13767877780060797,0,0.827866393638668,0.80569174199877,1,0.06827623539685554,0.16341369699921746,0,0.07885524903623697,0.15142117831855118,0,0.33556087765237674,0.3184209085050781,1,0.017954104506037745,0.08060671693849783,0,0.05206273505142519,0.06599776437899554,0,0.5909245644224164,1.281251281708037,1,-0.08840617953611127,0.09646325436313848,0,-0.019631336619088648,0.27209902138841224,0,1.3758561429000764,0.8045679048846177,1,-0.13261301007956455,0.2363009605244889,0,-0.0340433997159279,0.16573230727929097,0,0.8177504116202172,0.5874211875574983,1,0.03629859764904309,0.27032749780351784,0,0.09845042633991326,0.17766780082279737,0,-0.027241416528691352,0.5936800598086607,1,0.1565645164209303,0.21811553378402831,0,0.01654188670753934,0.09439737302947103,0,0.2929516242561133,0.3615375903090592,1,0.09749934161622228,0.04451423891738766,0,-0.07223292192062625,0.29423343002056385,0,0.5633036641143642,0.3859025714810084,1,0.09836993171042836,0.3245291953953934,0,-0.15849152655654503,0.3919409532166421,0,0.35979422541701483,0.2852359437101974,1,0.019334281403128394,0.16826422413636463,0,-0.07349951120689321,0.16186531508564783,0,0.6655776913867253,0.3985627762545147,1,-0.050358679849278054,0.23601297806251006,0,-0.08724858863943359,0.2039641728953685,0,-0.1405366786829146,0.8736512038187219,1,0.10166883697618614,0.14815705804142046,0,-0.10569178111546915,0.1406187304801286,0,0.23269466409760695,0.29851713207926345,1,0.0476631902790635,0.2578034180434243,0,0.027144702474659062,0.1539580039413007,0,1.0620146796753296,0.4619043044808067,1,-0.00015452151828964088,0.19355172104584578,0,-0.05148852529898753,0.11332003849502323,0,0.34172134671122906,0.20912760548583315,1,0.01991395866276221,0.17181850593516015,0,-0.02377074932340656,0.2615162750354915,0,0.20987945759167653,0.9156803104474839,1,0.021131093397294957,0.0823313527939943,0,-0.05025077839222527,0.10473015942655353,0,0.24913207410453975,0.7228898514348456,1,-0.042336663478733334,0.19469372936888202,0,-0.06336001513303308,0.22696504891245636,0,0.5822963167021171,0.49467593999024206,1,-0.030868389505191256,0.11203350712086492,0,0.01194688088709069,0.2315106383877334,0,0.17144892286776772,0.2823078223208528,1,0.13439986756030997,0.24897037090485885,0,-0.03952545952984846,0.057391849818776694,0,0.5689077131738767,0.2876882926808045,1,-0.03478246654239659,0.3325185613103946,0,0.05338146945880027,0.14658489430199792,0,0.9718491607946241,0.7023505537980935,1,-0.041304440070729385,0.2804210431263359,0,-0.16729693201546386,0.27418027899511294,0,0.6310676520310817,0.3504741822236759,1,-0.00044114614402905735,0.15338745935823603,0,-0.10517391092669759,0.0873648873704588,0,0.6189380740556698,0.534852521072142,1,-0.025386436793508306,0.34331553669683407,0,0.07743865103909764,0.23277265942905642,0
138,5000,0.3,rf,0.4180796663371223,0.001762989327876585,-0.011643399823815287,0.012366693719576225,0,0.35765280497260415,0.054901963738693986,1,-4.903118009974665e-05,0.01905439554549049,0,0.016213908109356696,0.015429826255665139,0,0.52264425033287,0.06333944689397172,1,0.01002843145894768,0.0030859407624756197,0,0.014056762894412328,0.008060979017429264,0,0.33462251026635637,0.01652722650520967,1,0.007239025759667128,0.014749469059967676,0,0.01542903216790168,0.014810970407304237,0,0.3917259487645127,0.05954851130579743,1,0.022447780848792877,0.014909817834326726,0,0.015978974406472758,0.02113460034957407,0,0.4610116941960537,0.06748287156837914,1,-0.006801442390253059,0.015177940439516386,0,0.03764267666514439,0.02066306659557883,0,0.7035661720118835,0.06392862430030832,1,0.002701525899558774,0.012342005167380361,0,0.019513599440151665,0.013425558358355535,0,0.45172431536306645,0.02666195817780381,1,0.03582558019520539,0.02200242027243736,0,0.014653228009485913,0.02331892005850074,0,0.49234557945453405,0.04840478335520122,1,0.002407324639718311,0.006472526070542194,0,0.012468240172154806,0.020814642112299636,0,0.6711474754694542,0.13849381449265413,1,0.003041497531744767,0.01003266604225191,0,0.0001281275953594019,0.01697263751593908,0,0.4409753711260477,0.0953278944800628,1,0.017989198734636502,0.013944133576358307,0,0.023898328355076603,0.0337307090501385,0,0.7523671701025985,0.0976138384832445,1,0.017364570682790584,0.0071951848711300824,0,0.00663575722143817,0.014377018677673745,0,0.6196660483708502,0.05246251943819861,1,0.020753685272856787,0.015482708751864579,0,0.010263127176189612,0.01948960616054284,0,0.4366186126562245,0.0193897768720391,1,0.018774546580096356,0.01647969043889504,0,0.022459343435699664,0.023026139369785367,0,0.9091162571496574,0.1288178089294526,1,0.009790871923947533,0.013372917043538214,0,0.004924265992530863,0.023069728753143937,0,0.6331232369816371,0.03338642060950401,1,0.010216205569992013,0.015294061899998773,0,0.011275575381738349,0.008938725468465374,0,0.6858909178729099,0.081447834521058,1,0.008381928463407549,0.016687995952540193,0,-0.007761213746640605,0.0162556307446886,0,0.3607804917538422,0.04995045273530882,1,-0.0056592909653031985,0.014539602272348203,0,0.009918554449115847,0.013973953117874234,0,0.33009246281632054,0.005006005815245315,1,0.015062559369273842,0.011939699567905446,0,0.014285126665349182,0.017207169296899156,0,0.35859753803307914,0.03365253901047506,1,0.002390513028391439,0.00831959494500679,0,0.024224356922850805,0.015185756703351897,0,0.29352643585923305,0.022009876900927167,1,0.011176112243358616,0.014598558513258843,0,-0.0013702587349570903,0.01787258992170157,0,0.428071336322272,0.036690880245164516,1,0.031076165600192225,0.01924443277959571,0,0.012669500766903269,0.01073462750277698,0,0.3373690133216722,0.0561599279344284,1,0.014463617143509097,0.011063998448287964,0,0.03747740167421222,0.02577733332708554,0,0.4198409071165748,0.032387289924452944,1,0.01743705312663272,0.01023904489197557,0,0.012330927855398896,0.01892598710077935,0,0.5100186642487397,0.06335315808394425,1,0.014875163084832308,0.012309002991625522,0,0.0004048035034453225,0.0081135529184975,0,0.3511639160722257,0.038459040925734586,1,0.004830757177255223,0.016515135258067436,0,0.002335845902991139,0.012541969672899545,0,0.6640198527739438,0.04629104211659904,1,0.03411468540867145,0.016799833659230712,0,0.023556969366020197,0.02639637793817029,0,0.4564786992259401,0.033071716910484716,1,0.0211482371852607,0.003971738269052534,0,0.009121300283250661,0.014001962207735778,0,0.3002091435993307,0.020490061886617172,1,-0.0014598566123360543,0.01171638116105677,0,-0.007876822122136362,0.009913074515429218,0,0.2097851931658612,0.033658448211898805,1,0.04522104216325902,0.01634023260251578,0,0.0010606219373873675,0.012382451286262242,0,0.674359870757276,0.10510798983679166,1,0.03882873310840944,0.025788612019652265,0,-0.002486505584947181,0.016485888907232172,0,0.8534127606395658,0.07015428396197831,1,-0.004473595841048151,0.01760362058298372,0,0.0237052655022038,0.030037651501009708,0,0.7481627198010071,0.11857159512066781,1,0.0038025470064717544,0.014700111551086336,0,0.019971175578026544,0.009734666192040307,0,0.3584392094735429,0.027805517591684273,1,0.013051755089041888,0.018176878343140385,0,-0.0020093384059289144,0.02294929762600626,0
138,5000,0.3,et,0.4123106120752277,0.005903475683165045,0.017473574256804014,0.023240576494119175,0,0.34592653976520127,0.06109307374706471,1,0.004742944119608354,0.018340045929297385,0,0.022439896984786743,0.007537035423359411,0,0.4900194137304991,0.06248958325638199,1,0.01580910757892805,0.016430789192684522,0,0.006104196087265706,0.015521332114857313,0,0.32502620850879055,0.05534970138098615,1,-0.0002047976944359674,0.017530277788831972,0,0.014273823827176855,0.009448083656374671,0,0.39338658739938187,0.03483088949877592,1,0.006758909828488839,0.01306334184485175,0,0.01171252475250296,0.021275997631573704,0,0.43928170319401627,0.047827865069442276,1,0.008297867267093282,0.013790195536008966,0,0.01875984508146705,0.01594159153222992,0,0.6975761190096473,0.08802447375689426,1,0.006804191882172901,0.01624104366443914,0,0.01505105396959614,0.019607358531432896,0,0.4648458393991411,0.04743513200995382,1,0.01947988698334328,0.01783956697379188,0,0.015142070070699915,0.02107303851642219,0,0.4795733561878991,0.07146977526025876,1,0.012811096835507001,0.012060737662845605,0,0.015373099409314606,0.006880098431577944,0,0.773350334459978,0.12098041177581334,1,0.002591395242912256,0.023435056759180672,0,0.017004710196202366,0.018701870416365635,0,0.387632977585166,0.04442549267233257,1,0.02442220793712508,0.021037862867685216,0,0.027826329587592395,0.015713541011006287,0,0.7293009447902755,0.07698279369708555,1,0.018493064037552347,0.01776939744047976,0,0.0055286158704637095,0.018073398744318573,0,0.6278222745124304,0.05716494682551006,1,0.0033264618062923855,0.01770666884729137,0,0.007040827506452502,0.018512634824320747,0,0.41842097112565113,0.04981568334112482,1,0.017914127108874668,0.011438308899119334,0,0.013397596159132108,0.03188496450079753,0,0.8857320211200553,0.05582825779190506,1,0.0015992321104841816,0.009288524175893665,0,0.005746653957968748,0.016962880481233,0,0.7043652979028875,0.08465535951591416,1,0.00944538740664791,0.028989199143831537,0,0.001929948646236724,0.016655302333666577,0,0.8083325652039077,0.09015722039917311,1,0.007811490010555758,0.010347885746012465,0,-0.0027773502693680422,0.005254433182939574,0,0.364797659502827,0.04536697318454674,1,-0.013005299547567331,0.014812168190071454,0,0.007881845458089273,0.02022218984889355,0,0.2982003532612125,0.04429113670088149,1,0.01839976688545002,0.013234119761149094,0,0.03148303449697885,0.01800033278541765,0,0.35068248367154264,0.0567944189222906,1,-0.002502299191632531,0.014757705533423645,0,0.04031337687054886,0.018282124454610336,0,0.343391509180035,0.03502381092869024,1,0.02828477339243645,0.012896565613072298,0,-0.0006463545486541592,0.009099891294366004,0,0.36349519819435455,0.018262188218684517,1,0.02605349249609278,0.02571976706963343,0,0.01284854514523684,0.008378337934160958,0,0.36230464055505995,0.026674927962223354,1,0.013722405995726078,0.01569064240196559,0,0.029285132443148655,0.007015265653914174,0,0.3838552748476872,0.020144999157519557,1,0.032414572147010164,0.014304709746617034,0,0.033930647601034765,0.028677041502436756,0,0.4635932334801513,0.12039395395801196,1,0.009027405917181468,0.011812612449133049,0,0.0026608705633127403,0.014915640339179463,0,0.3716752738070401,0.04251829368530085,1,-0.0020822596359345766,0.005873030332895283,0,-0.009572372483549814,0.006117630627119085,0,0.6164271454167581,0.0635628386370782,1,0.034260699526489836,0.02226283986771063,0,0.014186627219962916,0.019917787788065015,0,0.440506345327896,0.035579052861263595,1,0.02548143221480781,0.00665012330516043,0,0.021824050232918314,0.030852615058601866,0,0.2656492546465677,0.04899932860901013,1,0.007237791851620813,0.023656967166095166,0,0.0039238218931027125,0.01604043125523041,0,0.21528628773655778,0.030651263450950816,1,0.016327368930959506,0.018067322839176614,0,0.010757809046511383,0.009629528408051063,0,0.6438863807101256,0.04635219182704429,1,0.014604961872791181,0.022798389855717298,0,0.004489916987470423,0.00861587405690322,0,0.9418064335945691,0.13462880595025012,1,0.001011734688016674,0.015577408901080104,0,0.001184950274069805,0.015626574101856795,0,0.6425038794478383,0.09026585517531499,1,0.0030412940461464048,0.0166694779891957,0,-6.887447300752484e-05,0.02288877824071228,0,0.3744139801192354,0.08872991927001324,1,0.014907551244682979,0.007445304243699777,0,0.0002558535404617146,0.015009172582262635,0
138,5000,0.3,gb,0.6230536054279563,0.007049176360655915,-0.004017820232800396,0.008035640465600792,0,0.7900150512602196,0.045785118473248496,1,0.0,0.0,0,0.0017217019565926109,0.0021448050402802176,0,0.9637318936379969,0.03975788323585701,1,0.0014002144074605383,0.0028004288149210766,0,0.0,0.0,0,0.7923025145083097,0.08430362654247288,1,0.0,0.0,0,0.0011929545117600215,0.002385909023520043,0,0.7957089579844061,0.10594444576846025,1,0.0,0.0,0,-0.0003862257595385543,0.0007724515190771086,0,0.8327964182784667,0.10377878480279701,1,0.0,0.0,0,-0.001272872688793946,0.002545745377587892,0,1.0750626308579514,0.058117108259836354,1,0.0005291948732181594,0.005442326641734945,0,0.0,0.0,0,1.0061758584693548,0.06728318023142603,1,0.0028247638487344418,0.004683636765381374,0,0.0011549659721282097,0.0023099319442564195,0,0.8926398943465582,0.1514944346703062,1,7.43610207441634e-05,0.0001487220414883268,0,0.0,0.0,0,1.0683999112029383,0.05369763971469354,1,0.0014187062819605103,0.0028374125639210207,0,-0.0008915053401687488,0.0014679237147271005,0,0.8425966065314892,0.0757722888672462,1,0.002190796209313582,0.0029803534744010803,0,0.004006170639273115,0.0058947383377001795,0,1.1022549700021922,0.059640977706505095,1,-0.0007447273011228503,0.0014894546022457007,0,0.0,0.0,0,1.0887957095976397,0.12821116630484317,1,0.0,0.0,0,0.0,0.0,0,0.8142498353292824,0.06164576883662936,1,-0.0017637785987628905,0.006086942801740391,0,0.002987865155525228,0.005975730311050456,0,1.2145678269942082,0.16976041948230655,1,0.00025762113207578356,0.0005152422641515671,0,-0.0009379719391616065,0.0012717203413040198,0,0.9820527750503668,0.04995982030954714,1,0.0,0.0,0,-0.0006813375880342534,0.0013626751760685068,0,1.14760316798656,0.08580548997705448,1,-0.002871677747414594,0.004517969534029926,0,-0.0012997197218750857,0.0025994394437501714,0,0.8735206986869368,0.0329506873098637,1,0.0,0.0,0,0.001352996938292577,0.0027059938765851537,0,0.7239785444479802,0.07669512700133811,1,0.0,0.0,0,0.0,0.0,0,0.8735459657748775,0.10887006316513759,1,0.0,0.0,0,0.0018274112165546866,0.0036548224331093737,0,0.7418012195561653,0.060079130636771554,1,0.00213062393472773,0.0028027230638467946,0,0.0,0.0,0,0.872453155379225,0.05309150883744467,1,0.001279057670065619,0.002558115340131238,0,0.0,0.0,0,0.7978884246833078,0.06389713175147699,1,0.0,0.0,0,0.001833085102305624,0.003666170204611248,0,0.9090603933994567,0.06437036295974466,1,0.0,0.0,0,6.278205077433085e-05,0.0001255641015486617,0,0.890131620845537,0.12297164339719976,1,0.0,0.0,0,0.0,0.0,0,0.8839438090208344,0.126446820649213,1,0.0,0.0,0,0.0,0.0,0,1.0400248153392593,0.10862031935193729,1,0.0,0.0,0,0.0002799828728098035,0.000559965745619607,0,0.9243339563968711,0.10181037704844433,1,0.002420731259717172,0.00438464154944509,0,-0.002064092944194023,0.00641689341480968,0,0.6987313044311135,0.08321901779713578,1,0.0007768353059885555,0.0015536706119771107,0,0.0,0.0,0,0.6483035760555991,0.07325025951490112,1,-0.0009821361054214036,0.001964272210842807,0,0.0,0.0,0,1.0722657944874283,0.07774282402142899,1,-0.0025462786577910633,0.00826545114723661,0,0.0,0.0,0,1.0877530880321111,0.08818281289422861,1,0.0,0.0,0,0.0,0.0,0,1.0047765229951078,0.10075826547413007,1,0.0,0.0,0,0.0,0.0,0,0.8608471600099161,0.03775792173774575,1,-0.0002962512144240961,0.0005925024288481922,0,0.0,0.0,0
138,5000,0.3,hgb,0.7319173340393054,0.0022621206596050176,-0.00019498038252555714,0.0024678650000997957,0,1.1499565886865948,0.05625052011109897,1,-0.0002932397264193228,0.002529650322128264,0,0.0008088030040969728,0.003776404621116377,0,1.1803283377213338,0.10429644002747936,1,0.000585676060761223,0.0025142356575455424,0,0.005519766962296352,0.003918876634056264,0,1.0478097635650845,0.09295485748608828,1,0.0008501479640758231,0.006492200592752947,0,0.005220550950596881,0.005417322947407255,0,1.0380167571079193,0.07441525680440432,1,-0.0008184245760337915,0.002997020060056833,0,-0.0009931980822753346,0.0008944677311543632,0,1.04227520329881,0.0917160108033231,1,-0.0022364622810389467,0.006081120035537131,0,0.003352906430360058,0.004318743153726074,0,1.2639623184973765,0.08825515623716573,1,-0.00041608122033997554,0.004158350698666375,0,0.00291223223554848,0.005507398096866848,0,1.2489699896675346,0.06944517571026596,1,0.004961915468629279,0.005260425110130477,0,0.00614114018995292,0.005026440513586382,0,1.1631826008832074,0.15619757839470552,1,-0.0005245843048569085,0.0009557937197178362,0,0.004853751301044447,0.007297431313098426,0,1.3147591554671998,0.08909030114047503,1,0.0009571844949573035,0.0020874947254656937,0,0.0008985312344526975,0.0034749074505987317,0,1.1470606109749555,0.07155838377314952,1,0.007264357913570373,0.007894408883206826,0,0.003018254026928652,0.008639853545366042,0,1.3227764781051559,0.08580866030829969,1,0.0018956720361635606,0.0034949915849358895,0,0.0006955484106216475,0.0029175051544873846,0,1.3353902260837973,0.049631682073040785,1,0.005210962883564562,0.006250163287300823,0,0.008159808090932094,0.007197028987962333,0,1.0787875132878493,0.04127841354221209,1,0.00683706208753177,0.0040674990843844435,0,0.00904982487856408,0.016518920445902106,0,1.3919241587578233,0.12252252617004136,1,0.0022639662512199694,0.0020013474049529285,0,0.0017377059972976735,0.003186590261622299,0,1.1229764633917636,0.09094795818301227,1,0.001474986966179564,0.00410136332934801,0,0.0009348311174457249,0.003165907675979204,0,1.2860567428638259,0.13447147330323062,1,-0.0009577464021950207,0.0016037165096942966,0,0.00018862330621289658,0.0011029909667993637,0,1.1622667642464388,0.0408844851395585,1,0.0031262841501870538,0.003852225479934555,0,0.0009868361971790023,0.0033712676212178058,0,0.93450203207097,0.09937154895815849,1,0.004662308145517563,0.006470860491643033,0,-0.00033903608506293643,0.0031986261200284923,0,1.0519083911124802,0.085301186188819,1,0.0041207176678435715,0.004086350363015684,0,0.008655696165678683,0.011139926038960656,0,0.9787002908261788,0.061458281818092333,1,0.005424253433678331,0.005109691446139771,0,0.000742638696664244,0.0030126892560967057,0,1.0133874309186879,0.08440184468603426,1,0.0008711374910016192,0.00469139536399103,0,0.000288992764794152,0.010842711858036943,0,1.0331332322298512,0.16313505253040397,1,0.001744455487867164,0.004151332879730745,0,0.005412990421163754,0.005143228497646313,0,1.150891493455084,0.04893174065056418,1,0.0033923046921802897,0.0024016779912333325,0,0.015261278036449874,0.009062677210863762,0,1.062817988801728,0.04975829434843032,1,0.0051458882565112276,0.0018056169811596196,0,-0.0023520362074196228,0.007145860728843979,0,1.1575563046599937,0.12598046696735044,1,0.00222719646284812,0.0020236135617477313,0,-0.0004417480293976794,0.001927278151570555,0,1.2391328428369472,0.07887563713231005,1,0.002589686441090528,0.007515182202657165,0,-0.00040618783853945214,0.0020235438763253695,0,1.2053172447582146,0.17892046426263247,1,-0.0019462585620652387,0.0015471588580703223,0,0.0007844591084493757,0.002302174817753795,0,1.0292389621872513,0.059282476003386014,1,-0.000991079362870359,0.004884170350147627,0,0.002034141420128215,0.005194585438892201,0,0.8914036587971313,0.12194034380885328,1,0.01275398655840192,0.006892314001469668,0,-0.00042883283723207206,0.004333024055633591,0,1.219091236093401,0.15606214917208203,1,0.0033105557080603414,0.013595148113681876,0,0.0017983683785658046,0.002927566856706104,0,1.3305140211786837,0.05756305596865349,1,0.0010165989414143086,0.0011207718036721928,0,0.00708121382947946,0.011791571854200046,0,1.3016020732374511,0.106630178538921,1,0.0015632128831951063,0.004665901235960898,0,5.121633055372853e-05,0.0005947632806331332,0,1.1011536716788144,0.04888767091407691,1,-0.0004055227088912403,0.000621334275999708,0,4.4429695290887186e-05,0.0022139628956239898,0
138,5000,0.3,ab,0.47572227792427385,0.01603709841417137,0.0,0.0,0,0.4694186921316049,0.17824032917517876,1,0.0017259562459457384,0.003451912491891477,0,0.004406234610725605,0.00881246922145121,0,0.4936927415814833,0.10559811967581655,1,0.0,0.0,0,0.0015832964649656416,0.0031665929299312836,0,0.6167541295182958,0.2138800889079055,1,0.002808799070485591,0.005617598140971182,0,0.0,0.0,0,0.623436105574412,0.16704210713214998,1,0.0,0.0,0,-0.0001806381059469686,0.0003612762118939372,0,0.5612816326670854,0.29857924421122295,1,-0.009301434714745723,0.018602869429491447,0,-0.006448526848770925,0.02283723825066361,0,1.118079204707585,0.1511252074591553,1,-0.00705896907222234,0.03885425307675251,0,0.0,0.0,0,0.9470481586850535,0.14926850682430312,1,0.00804451156127513,0.010722195080308864,0,0.004937686311163261,0.011777197002490766,0,1.0394660363819392,0.3019854164929113,1,0.0027688742661452328,0.003637932690289119,0,-0.002069709757071138,0.004139419514142276,0,1.2504829819971488,0.10612753519709459,1,0.0,0.0,0,0.0,0.0,0,0.37377587631798603,0.2010628825161237,1,-0.0007164051456139333,0.0014328102912278665,0,0.031761922687150515,0.028723812475890138,0,0.9414571359455344,0.14181821484188026,1,0.0,0.0,0,0.011385856602517393,0.022771713205034783,0,1.2483851845453746,0.27588851844831236,1,0.0,0.0,0,0.003469838029725793,0.006939676059451586,0,0.42855200816395794,0.06741827474354611,1,0.0,0.0,0,0.0,0.0,0,1.1564443152478439,0.0360722516841173,1,0.0,0.0,0,0.00015859689780512554,0.0003171937956102511,0,0.8823056468915119,0.2176764464851962,1,-0.0027498922893478264,0.005499784578695654,0,-0.0022624612227954088,0.0045249224455908175,0,1.1528162418112802,0.17392954642475159,1,0.0,0.0,0,0.003085767689145086,0.00680554714589393,0,0.41797112649205576,0.193596497504292,1,0.0,0.0,0,0.0,0.0,0,0.6836621569517217,0.18596895516956105,1,0.018451519717199077,0.036903039434398155,0,0.00421914436229838,0.00843828872459676,0,0.4898821175037991,0.0719491039137126,1,-0.001296124061951133,0.002592248123902266,0,0.0028486812609245645,0.004694210349329714,0,0.5434796687763693,0.22797580299720452,1,0.0036350772299586394,0.007270154459917279,0,0.0,0.0,0,0.8673341454356679,0.15627182063364067,1,0.0,0.0,0,0.004010608939214421,0.008021217878428842,0,0.3532217860959043,0.15130315069430703,1,0.0038803835882292074,0.007760767176458415,0,0.012053355619835244,0.01771807242516487,0,0.5744826080973606,0.12149220663723168,1,0.00585761245242253,0.01171522490484506,0,0.0,0.0,0,0.4879013418170709,0.19494428882072126,1,0.0,0.0,0,0.0,0.0,0,0.6700426416373052,0.16587716902424884,1,0.0,0.0,0,-0.00521596575088887,0.009080472306541097,0,0.8348024761196526,0.213518255375926,1,0.007214430343698225,0.01442886068739645,0,0.0,0.0,0,0.5543355578581679,0.15138133970600026,1,0.0,0.0,0,-0.00224874938437452,0.00449749876874904,0,0.31585394411813766,0.11052684089378573,1,0.010501747541457718,0.021003495082915435,0,0.0,0.0,0,0.4990254175745153,0.17907215928211467,1,0.005252339289370979,0.013689851028716983,0,0.0,0.0,0,0.7452927543509569,0.17273290857745643,1,-0.0009624840397884215,0.0031439621872691986,0,-0.0067378711799461685,0.011881236331519215,0,1.2515401058742477,0.14809397269039487,1,0.0,0.0,0,-0.0021302588087534534,0.004260517617506907,0,0.6862910103862412,0.21936882926718732,1,0.0012331004489947758,0.008277000378551088,0,0.0,0.0,0,0.578409815559193,0.05008532864686202,1,0.0,0.0,0,0.0,0.0,0
138,5000,0.3,bag,0.33546537299304946,0.00619546228525627,-0.00942069218646533,0.027893012913716955,0,0.38144720451378605,0.16477559146099044,1,0.01910204867087876,0.057339634024686593,0,0.0026675101212203594,0.03153521716903041,0,0.5533577246658743,0.2076548881800121,1,0.02338453834549875,0.06990903502982412,0,0.008518918126474618,0.058514165593898736,0,0.3116165146432569,0.16015921674706174,1,0.0003655316779873199,0.05888167655440341,0,0.011773544999666286,0.025041186530131442,0,0.4364079580486946,0.11820995697532416,1,0.06754963899470166,0.03900905965338294,0,-0.008206763672241876,0.028809231199805968,0,0.47840194679658604,0.15457680120830397,1,0.014502114380335695,0.06457934466964453,0,0.028289147808691895,0.049491803847687206,0,0.6126258220000478,0.255962896353966,1,0.02078922236815755,0.05100626648181163,0,-0.02421901040803085,0.05501354238504137,0,0.5420630007293574,0.12979206884752356,1,0.048630918958600264,0.037200192313854144,0,-0.020840225654868167,0.05035669433533355,0,0.4812951371199678,0.15950827826477368,1,0.018200863716273802,0.021036422310805037,0,0.01724377313395739,0.02129874335897789,0,0.5108879028109579,0.1734297023880366,1,0.008937121082225916,0.04818582149399324,0,0.031729141646158567,0.0396255897073397,0,0.45894481720580504,0.20276326840314982,1,0.01801071834310555,0.05172069628307208,0,0.027445641203925196,0.043379639992595545,0,0.6445800982123652,0.15598341693441065,1,0.010825100760771974,0.046095163548554544,0,-0.004007914929642806,0.0593474927705282,0,0.5233924682096015,0.1867989181524586,1,-0.004199303194492132,0.07069493689707114,0,-0.0053617160946853315,0.056783362598532956,0,0.3736831648728664,0.15803597206577294,1,0.016577647537972022,0.07460588573488133,0,0.013170861170598073,0.03669751994599847,0,0.9469630376655728,0.17421717222322858,1,-0.005937060267400937,0.044301873081669114,0,0.017943415071491713,0.08870886928005771,0,0.7540357860485909,0.2444077449880253,1,0.0023124331293946226,0.05288022467400401,0,-0.0031709402677965086,0.07405799783065337,0,0.6636909900132333,0.3007579899013312,1,-0.009183781296584145,0.04630840948243531,0,0.027857772800842513,0.053151512133120804,0,0.4418235063990486,0.09190779166781321,1,-0.015038189661783932,0.042052179602188766,0,0.009460745123042064,0.047578257005306566,0,0.2552682420043322,0.13646943200986286,1,0.0396576182272148,0.05730751612547792,0,0.04459003912042127,0.0388020212774334,0,0.293763406352435,0.08041395010352399,1,-0.008389819184038727,0.052439878681764994,0,0.02601737321776233,0.06396774573612539,0,0.21683694910515072,0.1031161244692951,1,0.0002376971830597369,0.05939227729833075,0,-0.026845728826852277,0.03779446264405072,0,0.3263920594484589,0.12408634288735175,1,0.0070661554192325005,0.01890341635153264,0,-0.009802807591290447,0.03019744508474217,0,0.3590784831073434,0.11361252245029892,1,-0.018181575120403123,0.02078215211984029,0,0.00990195885872818,0.0461287968935766,0,0.3528703699159165,0.1330807482885349,1,0.012579065371676607,0.049022289942131904,0,-0.028277501136502403,0.07282521468987029,0,0.5335337732649482,0.21524464946023036,1,0.0036150818096191404,0.037697987921779634,0,0.012235379848517438,0.0435800306941979,0,0.31239287216189304,0.043174477178906524,1,0.00879342807980379,0.05067827666929489,0,-0.021778069188314562,0.021988301212270182,0,0.7228917334460389,0.18516970193512283,1,0.035132713142617095,0.0666060743006078,0,-0.00018925976322469452,0.0505492531713437,0,0.5505315147083369,0.22633721364867473,1,0.0319112073370832,0.01888127885230499,0,-0.02246729696584653,0.0691822800211878,0,0.20093632216727242,0.12145679429676255,1,-0.01812308279000915,0.04718017366640081,0,0.00853585721811528,0.020260895936993276,0,0.2124294764338309,0.077519640957213,1,0.06759082468307144,0.05699702068512626,0,0.012258537601354105,0.055083411249444124,0,0.5660542279815141,0.06419736232525396,1,0.004256957774181247,0.053799113291754345,0,-0.01103734731197727,0.03246610314350976,0,1.027467640599189,0.16238850909055386,1,-0.039391902203610676,0.058562416322961254,0,0.026904012545503987,0.0646215148906395,0,0.7436809084491356,0.17086453323797254,1,0.04827961710457887,0.0421278863565278,0,0.004718635380078641,0.044263593470752975,0,0.3714418445591339,0.26230790724003783,1,0.014065752614920041,0.037382743155072125,0,-0.003189611902794938,0.0596258647149035,0
138,5000,0.3,mlp,0.9386476919434296,0.0026570275349320415,-0.018081445384634673,0.017650111468685715,0,1.995534862549441,0.04247174262267267,1,0.005211619868962044,0.011046697697611258,0,0.0072006593078528195,0.022121469455698883,0,2.0924521302083705,0.10544739074513218,1,0.0036989580937262247,0.011424085839818758,0,0.009125993187381611,0.010430994611828906,0,1.9215030725448226,0.05257127802953776,1,-0.005449667005512353,0.01581129741270686,0,0.0018656364416669916,0.009247814912205589,0,2.024136971459701,0.12172683966312291,1,0.0121647136684578,0.011119556780574812,0,-0.0044327579716018275,0.015284372651249191,0,1.9498793506942864,0.04798328483528371,1,-0.013988535739749605,0.01537401297167497,0,-0.004696559755854882,0.009362202175526194,0,1.9794329979891596,0.13066912604042255,1,-0.004907310020523756,0.013416370357782032,0,-0.00014440358562408246,0.01008777335161156,0,2.0998511301349216,0.10713810352825359,1,-0.0024106622791794483,0.011620072861817281,0,-0.0022530113417833352,0.012926373935341488,0,2.034169855180625,0.12621452638224268,1,-0.01646750363982733,0.0223874051286373,0,-0.011933244322158382,0.011534662352887819,0,2.138526315668556,0.05968633561073839,1,-0.007627519688590617,0.015163349701424538,0,-0.003639316922922367,0.0107109508792633,0,1.9038169853252351,0.12424413908620685,1,-0.0028063526478846745,0.009018312862254253,0,0.0032243957248850584,0.013731331747235379,0,1.9922519891349602,0.1345489432245789,1,0.004869783872943315,0.02168227599249783,0,0.003449190260754699,0.02101645877780916,0,2.1206276370736976,0.11560436746641138,1,0.0008606268463850576,0.017803826419858757,0,0.007759365235759164,0.010085857724276174,0,1.8859450501505926,0.046642346560537895,1,-0.014053726817627166,0.013805842837771415,0,-0.003084453812216553,0.008941782503146626,0,1.9243271816812044,0.08119906434597546,1,0.002374172769234996,0.018242394623118698,0,-0.006047822493111464,0.015340737296207607,0,2.179545818730294,0.06381301880791003,1,-0.005883843576096145,0.019228411199322115,0,-0.01163841425508453,0.013117572059365486,0,2.0300372977636494,0.14365600491118607,1,0.00306511408721839,0.010809077764545233,0,0.003449322489665477,0.02317788909400288,0,1.949443337518116,0.10618633480011437,1,0.00988588895815749,0.01859878039820208,0,-0.006509425289761712,0.010183297430263707,0,2.01674113573441,0.03732477283375451,1,-0.005568109299392528,0.011682187721787125,0,-0.0033931711243152278,0.006906015910515636,0,1.9740800868499455,0.06157943266547252,1,0.007777987582680735,0.012239133785832983,0,-0.013707148994639054,0.009050483832697803,0,2.1438068842682427,0.12823780750538993,1,-0.007899483552103615,0.023185906553778834,0,0.0002658244455798136,0.012052604572545677,0,1.8235798014144031,0.12074564115474083,1,-0.007500361243867977,0.01196839513279456,0,-0.0011101509980229198,0.021609907244507502,0,1.8671724546437596,0.09528524050877178,1,0.0026344660798070583,0.014342753423205214,0,-0.00618439632606308,0.014702666615803895,0,2.0445153599763737,0.18016262152890133,1,-0.0035620777068139054,0.009257956266320474,0,0.0049465776718761525,0.009556503425443154,0,2.0303895735198925,0.1304764649458601,1,0.013092728817698861,0.006747325399104286,0,0.004819315808412985,0.007992797703641336,0,2.0636648482093856,0.06088923731914572,1,0.0012613946902702668,0.005907603442269719,0,0.011247620815217598,0.015576816548050256,0,1.9793140811995684,0.04587551083329203,1,0.004317523845780107,0.008316979971268184,0,-0.0010256280716925002,0.017732272460047646,0,2.1075483526640797,0.19339258616365634,1,-0.006419451785170754,0.007587553961800985,0,-0.00024766399024762545,0.012259439471158201,0,1.9613072529731927,0.08632298591739347,1,0.00014208511216181469,0.013549224813680349,0,-0.010035016740077873,0.013936848315148832,0,1.79511784970889,0.13118000434942284,1,-0.002247207112758974,0.017231489149417478,0,-0.0275428072437578,0.010748383840401608,0,2.033600258156794,0.09016225301296829,1,-0.0024452368061967903,0.009810212819382493,0,0.0006797520179892857,0.01059562252234882,0,2.0666564417478073,0.1462481995795979,1,0.0019149581257644412,0.015110300346452648,0,-0.020991002900026794,0.019527878457087724,0,2.005547137679666,0.1151549513596757,1,0.0008572368996313066,0.009419703225272151,0,0.0037632604124525335,0.0059949584928506005,0,1.970146110440993,0.08540704256022556,1,0.0026504180213860282,0.016977916446046275,0,-0.004342749202130092,0.012470902231346842,0
138,5000,0.3,svr,0.9212479262727727,0.002096069981200542,-0.002437268987442685,0.009006745031039952,0,1.5213723015720726,0.06874512282343362,1,-0.0021373114031163955,0.007427557452579377,0,0.005563987785552176,0.010662139890449153,0,1.5205754454403393,0.02316249110604415,1,0.008383131511907279,0.010836925159073347,0,0.02002228814770262,0.008477209286369582,0,1.511364343847148,0.0529359281419406,1,-0.008038017166839986,0.009083079735724978,0,0.009974179436846305,0.005411028452743585,0,1.5619590238918541,0.07733446086482303,1,0.004222044324649429,0.0014132114945952213,0,0.0053802368103014475,0.008903766796246755,0,1.4931414275053059,0.0662988409846112,1,0.00034915544506519886,0.009979927161243626,0,0.010770270306139165,0.010099382169396877,0,1.6086970526811737,0.08648087396122485,1,0.010582688042298342,0.005802085636247234,0,0.005743843033604316,0.009720987847021953,0,1.5876274686640932,0.0434634318706968,1,0.01758248293429092,0.004988036894838451,0,-0.0020876572514607742,0.001993681286755054,0,1.6492389607485058,0.08705812691992444,1,-0.003919602994139036,0.016349790776417353,0,0.008810801157219472,0.00759596470305878,0,1.631200772246899,0.06211389892445412,1,-0.002591599106910797,0.003520893505357925,0,-0.002656863914518576,0.005086761245890337,0,1.4157291660685627,0.08889015954696006,1,0.0016369769174510971,0.004864386373365369,0,0.01736442268836442,0.009703285398583186,0,1.642520447922395,0.11610445455341051,1,0.009593050241645588,0.010540336113999994,0,-0.0026915895177706145,0.006328389740382375,0,1.6533446865043153,0.06767386934711889,1,0.006480014062994649,0.007065846423352817,0,0.002961612757360021,0.009699528787946686,0,1.4498609766424508,0.015533043419267877,1,0.014922892556921521,0.006504982468092923,0,-0.002165895436296352,0.01411829918921,0,1.6146444903264943,0.049937779617197066,1,0.008007013651800527,0.018249645879331197,0,0.0045440937782046335,0.0062680826937225225,0,1.637037338316846,0.0533368293609907,1,0.006219005425585004,0.012229899561506342,0,0.0017226280078497989,0.009536083127232746,0,1.6548947135350847,0.10718085097659905,1,-0.0025828234786002486,0.011335125556003425,0,-0.0031240959695398533,0.008166376484878765,0,1.6159969167292751,0.09612851680968805,1,0.0030411430416179713,0.008442919714374136,0,-0.0024678900705194435,0.01091740935556186,0,1.5510431538754577,0.08869236327401461,1,0.015607028919596802,0.0076299091095239436,0,0.003614294115533827,0.011819944343981774,0,1.494372965263744,0.04764037679148379,1,0.00703336428532009,0.0045256486811524515,0,0.004675292499819856,0.004707100900698686,0,1.5288328658897972,0.09866772811228078,1,0.007899005457608035,0.006968924880083564,0,0.003251771177364057,0.011026712539613253,0,1.3982873189704415,0.060078166277083025,1,0.009442948042010773,0.010222286655564584,0,0.014979308940298914,0.003481997130150954,0,1.4810944730747668,0.07504450516513961,1,0.003910981637716084,0.008226674666317211,0,0.008440830332633844,0.009323967950052742,0,1.6679127052441145,0.11961969039821893,1,-0.0012581361607802981,0.003959957104698833,0,0.017840060776716498,0.006131295463454868,0,1.59473637337445,0.08055605512880944,1,-0.0014162522031578855,0.004323726345171911,0,0.0013885527776021553,0.0070614740957827505,0,1.5982865933519632,0.09378630636017403,1,0.011482712293696962,0.005608718715042954,0,0.004673707726797646,0.011181045809348065,0,1.5273523570130803,0.0463602988019292,1,0.011492068420558754,0.008607016733177396,0,0.005555722399527568,0.009802743058688565,0,1.6058488273667724,0.14373341527720015,1,0.00482197137831636,0.004885671489301572,0,0.001695209934248302,0.004501687621315522,0,1.4905192595591112,0.05068396633329013,1,0.004376805330981133,0.005273183897171425,0,0.00416505788134547,0.0057526140640163335,0,1.348710200745589,0.04721668770301434,1,0.009091094987142164,0.011157810107470391,0,-0.006271262374195817,0.00800198978312428,0,1.6548122332098605,0.06041102245051201,1,0.008927608630732385,0.012744402011015607,0,0.00520070654576326,0.008055691725436173,0,1.6436051596250418,0.09074777553737061,1,0.0010721328618528766,0.010663475416374607,0,0.017536526267102975,0.00597812759183425,0,1.5921727771666871,0.08905861200040478,1,-0.0019940990713756806,0.0016261804980031223,0,-0.0005274931376294083,0.009332980467846044,0,1.4906977406070592,0.07942694830472359,1,-0.0011510336168923951,0.007250816728918872,0,0.005062818606811352,0.010041618115154041,0
138,5000,0.3,knn,0.3528953397081255,0.009314513099302113,0.007719613138340037,0.1329014299681385,0,0.5554859168411659,0.0908389621022729,1,0.13719433087155775,0.16894628356298128,0,0.23437661005581106,0.06221704430617051,0,0.847303995093412,0.2934039254920768,1,-0.02847050154291191,0.19097701407736584,0,-0.06584367475821933,0.32435103120120756,0,0.630228225135349,0.16352943514214466,1,0.013743684260733602,0.1496092747643669,0,-0.03389008833200186,0.20368516661753602,0,0.4535997515021113,0.27422869239611847,1,0.12909323642491038,0.09135642888437348,0,0.05600091267718321,0.16560404486283495,0,0.42977867722192675,0.14009632118007403,1,0.07933604472541571,0.11677865348058192,0,0.055661770654957476,0.27402131597150015,0,0.6355525647089681,0.15568572653104762,1,0.033651177576663284,0.25115060302660364,0,0.09741831212038644,0.25484892405491216,0,0.311851629724156,0.23092898815730203,1,0.15299363915014866,0.2598591992238542,0,0.1470500868603159,0.09258245383731235,0,0.4837436249606043,0.21498185944602177,1,-0.04675511843522455,0.12749837867341207,0,0.21400637215129398,0.1911627799503049,0,0.6341548795358103,0.2912211107857721,1,0.1796799021016952,0.14419845686583596,0,0.17724535005709507,0.21156900284601296,0,0.7026047368247321,0.1950816810175041,1,-0.047543435912408206,0.1475792578291202,0,0.1454037773659139,0.21750066187701336,0,0.6126619456579092,0.31641106036294375,1,0.07814976099534432,0.19411826928435605,0,-0.0504401691719915,0.09305211727954793,0,0.5231214089154141,0.15428371405018484,1,-0.035284239442955376,0.13723746203369666,0,-0.0238564326063564,0.2602042377221974,0,0.36171791368291845,0.34517715385065456,1,-0.043688107329395154,0.28531171554944845,0,0.015775022774880906,0.23514916896270308,0,0.5429626042050308,0.07671400489241056,1,-0.044754118961697086,0.17703339773972476,0,0.2527651415692002,0.2689190986127175,0,0.7182401902998656,0.2371428009547439,1,0.08740499301027675,0.18366947898295036,0,0.006130542509206943,0.10734700266033231,0,0.895278861982811,0.2565729005555138,1,0.11939261274061623,0.20529695708506127,0,-0.026693468325698726,0.1762935716136033,0,0.5375021997970565,0.22878393432929245,1,0.04888301805343735,0.1910459346910871,0,0.12625604619436914,0.15090831282440623,0,0.5356455103866283,0.213957266339292,1,0.17669424796096717,0.24144254401279835,0,-0.010613627083263934,0.1389189186027776,0,0.37997429876339833,0.2228985608466155,1,-0.024078732179096767,0.20582775594824076,0,-0.02525568614934704,0.11508741143726511,0,0.3624655721064281,0.12391470887799773,1,0.1541420168349293,0.11163201171722276,0,0.005311256174175871,0.1883429054320883,0,0.49625700093098546,0.3156642698551363,1,0.12326426637254158,0.2677199189807346,0,0.075254728585562,0.2951908478322233,0,0.313945398322706,0.1523678013055236,1,0.02399006324737928,0.16354571294648695,0,0.046189968223191526,0.19683633122101643,0,0.4466345899499136,0.20163593134470198,1,-0.12947155698969812,0.17522983160587166,0,0.054929674280823626,0.28523418992005467,0,0.5952037455774913,0.17358340104609027,1,0.12924384184933804,0.15365236556313736,0,0.054445011674613984,0.273660206651955,0,0.2515008301699472,0.2634532647330375,1,0.24395591096536595,0.2579827507519164,0,0.1673673361996404,0.08838759510157031,0,0.580943685894501,0.1300667403171498,1,0.06504127895974136,0.2523746178416144,0,0.23683010365502116,0.23340612274536746,0,0.49677040882139584,0.19644383070713092,1,0.1412445022681612,0.25239297485268253,0,0.12025987278563206,0.12815664865094412,0,0.554948334118865,0.1780715541298701,1,0.13521966793158374,0.14484401818447895,0,-0.01922518160292712,0.20359140534121034,0,0.3108929733350908,0.3559357530209545,1,-0.036614401842808265,0.19865446810419335,0,0.019428380547973544,0.21371655214735352,0,0.5212790176707818,0.21579306883513272,1,0.04140235874805396,0.15990241346854608,0,0.07440919613468407,0.13571009714021465,0,0.40441550579184266,0.15768727928488907,1,-0.0636691466588343,0.11536598658852877,0,-0.03776637173999019,0.1384912819043565,0,0.7793888125848552,0.1619488747281264,1,0.0013607653871425846,0.25346707969497595,0,0.02057359387276598,0.28887612872614654,0,0.5169564347613684,0.15784683283562942,1,0.011589245963401103,0.19379132660695775,0,-0.14843928403397055,0.17466002136135325,0
138,5000,0.3,SuperLearner,0.9714351456042092,0.0014826451823669285,0.0023917377054647054,0.0016990271354088281,0,2.0438800717256305,0.04842286872757776,1,0.00033829727658724095,0.0005012520202630495,0,-9.15365529633716e-05,0.0007747213452162603,0,2.0751706682751636,0.05702954516682245,1,-0.00010127400665055931,0.0005068086075958622,0,0.0037184672971266423,0.0016785163213409676,0,1.9248958934817177,0.01917803266644683,1,0.00025029245939397837,0.002136016017397991,0,0.0016147945983763681,0.0020654864517604616,0,1.975196142823405,0.05353007427205188,1,-0.00017103064355627407,0.00013112539346021005,0,-0.00021342504093684812,0.0004431741421200789,0,1.9985730252636618,0.055733408221286106,1,-4.284173403901147e-05,0.00035686148851544667,0,-0.00024175843512441508,0.000726187883817877,0,2.057945069812125,0.10528456486938974,1,0.0010454491236114567,0.0004568676567292958,0,0.00184581235822285,0.001047751762292902,0,2.043707963302159,0.07680624312208065,1,0.00037071283138926915,0.0006837221736618107,0,0.0011558752747122525,0.001280786663730257,0,2.1054936946773877,0.08987441265904199,1,0.00024040954428464456,0.0007773450367892483,0,0.00041141402438777156,0.0011768685459576352,0,2.0425181681615348,0.053980355723069896,1,-1.7935646768251433e-05,0.0009124587040658762,0,0.0006071192887206584,0.0010344496108645601,0,1.9081769912974402,0.09178488077109573,1,0.00025894883511957815,0.0013278141120748603,0,0.000991340777574239,0.0007262701620537061,0,2.00961546230742,0.0933515626267856,1,-3.641489269438482e-05,0.0003899214214180299,0,-0.000131212683853847,0.000656719479473866,0,2.0944795973231467,0.0922130353068462,1,7.832984913652653e-05,0.0006864187423303729,0,-0.00019374131143728768,0.0013041233667214346,0,1.9437397934128355,0.050070219258655305,1,0.0002894276814120795,0.0015218550850633638,0,2.3847868878437966e-05,0.001468940479698394,0,1.9577952000367915,0.0637048250456353,1,-0.00018569346720270237,0.0009479920099282215,0,0.0003779897866079889,0.00044331964701024157,0,2.083188911760282,0.06644601258103873,1,-0.00019192805028193935,0.0003736929861954929,0,0.00046120197792593224,0.0013255270808270685,0,2.0120205862583154,0.08807854494729522,1,-0.00016430750361146978,0.001042086536109801,0,-6.880455499700621e-05,0.00036249343281318294,0,2.073415231141085,0.10665446970542442,1,0.00015993608154634396,0.0005881502437477836,0,0.0026426402294258216,0.0021159437617738353,0,2.0868231610448675,0.07071410268586811,1,0.0010086133963693397,0.000754450407232249,0,0.0009604865809857893,0.001799992890567465,0,1.988121516530807,0.11710642541353332,1,6.1019574812589894e-05,0.00041048542407986675,0,-0.000609353972180482,0.0014307255043169397,0,2.1473747406424217,0.09825343648360192,1,0.0006421898033865775,0.0007603712474571892,0,-0.0004081986128259141,0.0005863553583272097,0,1.8602038147155393,0.06784551448379936,1,-0.0007266904473387111,0.0008379419552831501,0,-0.0002705579873609949,0.0007831749530639073,0,2.010635089666909,0.13624033148230275,1,-0.00040018116230562575,0.0006020204399010334,0,0.0023928109437024924,0.0005297913931829292,0,2.0583288584269335,0.11078733782427404,1,-0.0002729435154953786,0.0003552061242115818,0,0.0013048377435114615,0.0024750790035065586,0,1.9794458087212425,0.10225431178100707,1,0.0009344021718643228,0.0010093171132473037,0,0.000169135902664272,0.0004673947569227254,0,2.0365523460596426,0.09877020866550103,1,0.0022104479377478147,0.001088680989891064,0,0.00025736626132758514,0.00025912674488768396,0,1.991744222272938,0.08477075334157887,1,0.000993780960971593,0.00035163753376682666,0,0.0001849521429201717,0.0005801453483849998,0,2.0414999832593987,0.17311608551839097,1,0.00042834579617952477,0.0009662832089127858,0,-3.874719407159687e-05,0.0013009089098529802,0,1.9797092324610273,0.03982163204405582,1,0.0002514395543881029,0.0005844502989726201,0,-0.0006048967191698161,0.0016623648615197216,0,1.8289881516917668,0.0729591310498137,1,7.096113854662754e-05,0.0022083212169176246,0,-3.574317171415411e-05,0.0009663142246316135,0,2.0616826848674723,0.07517089520397617,1,0.00015257957083050934,0.0006118942375962548,0,-0.00018743983884179148,0.0009390802783452518,0,2.057338735794919,0.1091001929544469,1,0.0009440977759583756,0.0009039440452295667,0,-0.0003636028436569227,0.001801217926359287,0,2.038164919556354,0.10276988704089522,1,-0.0002592371857284799,0.0009027549821259353,0,0.00021203720888045784,0.0004958351837640473,0,1.9357254605170362,0.08460430793987804,1,-0.0003199265458178453,0.0006813514019865843,0,-0.0009546692328965137,0.0011083862788480254,0
