seed,n_samples,cor,model,r2_mean,r2_std,imp_V0,imp_std_V0,tr_V0,imp_V1,imp_std_V1,tr_V1,imp_V2,imp_std_V2,tr_V2,imp_V3,imp_std_V3,tr_V3,imp_V4,imp_std_V4,tr_V4,imp_V5,imp_std_V5,tr_V5,imp_V6,imp_std_V6,tr_V6,imp_V7,imp_std_V7,tr_V7,imp_V8,imp_std_V8,tr_V8,imp_V9,imp_std_V9,tr_V9,imp_V10,imp_std_V10,tr_V10,imp_V11,imp_std_V11,tr_V11,imp_V12,imp_std_V12,tr_V12,imp_V13,imp_std_V13,tr_V13,imp_V14,imp_std_V14,tr_V14,imp_V15,imp_std_V15,tr_V15,imp_V16,imp_std_V16,tr_V16,imp_V17,imp_std_V17,tr_V17,imp_V18,imp_std_V18,tr_V18,imp_V19,imp_std_V19,tr_V19,imp_V20,imp_std_V20,tr_V20,imp_V21,imp_std_V21,tr_V21,imp_V22,imp_std_V22,tr_V22,imp_V23,imp_std_V23,tr_V23,imp_V24,imp_std_V24,tr_V24,imp_V25,imp_std_V25,tr_V25,imp_V26,imp_std_V26,tr_V26,imp_V27,imp_std_V27,tr_V27,imp_V28,imp_std_V28,tr_V28,imp_V29,imp_std_V29,tr_V29,imp_V30,imp_std_V30,tr_V30,imp_V31,imp_std_V31,tr_V31,imp_V32,imp_std_V32,tr_V32,imp_V33,imp_std_V33,tr_V33,imp_V34,imp_std_V34,tr_V34,imp_V35,imp_std_V35,tr_V35,imp_V36,imp_std_V36,tr_V36,imp_V37,imp_std_V37,tr_V37,imp_V38,imp_std_V38,tr_V38,imp_V39,imp_std_V39,tr_V39,imp_V40,imp_std_V40,tr_V40,imp_V41,imp_std_V41,tr_V41,imp_V42,imp_std_V42,tr_V42,imp_V43,imp_std_V43,tr_V43,imp_V44,imp_std_V44,tr_V44,imp_V45,imp_std_V45,tr_V45,imp_V46,imp_std_V46,tr_V46,imp_V47,imp_std_V47,tr_V47,imp_V48,imp_std_V48,tr_V48,imp_V49,imp_std_V49,tr_V49,imp_V50,imp_std_V50,tr_V50,imp_V51,imp_std_V51,tr_V51,imp_V52,imp_std_V52,tr_V52,imp_V53,imp_std_V53,tr_V53,imp_V54,imp_std_V54,tr_V54,imp_V55,imp_std_V55,tr_V55,imp_V56,imp_std_V56,tr_V56,imp_V57,imp_std_V57,tr_V57,imp_V58,imp_std_V58,tr_V58,imp_V59,imp_std_V59,tr_V59,imp_V60,imp_std_V60,tr_V60,imp_V61,imp_std_V61,tr_V61,imp_V62,imp_std_V62,tr_V62,imp_V63,imp_std_V63,tr_V63,imp_V64,imp_std_V64,tr_V64,imp_V65,imp_std_V65,tr_V65,imp_V66,imp_std_V66,tr_V66,imp_V67,imp_std_V67,tr_V67,imp_V68,imp_std_V68,tr_V68,imp_V69,imp_std_V69,tr_V69,imp_V70,imp_std_V70,tr_V70,imp_V71,imp_std_V71,tr_V71,imp_V72,imp_std_V72,tr_V72,imp_V73,imp_std_V73,tr_V73,imp_V74,imp_std_V74,tr_V74,imp_V75,imp_std_V75,tr_V75,imp_V76,imp_std_V76,tr_V76,imp_V77,imp_std_V77,tr_V77,imp_V78,imp_std_V78,tr_V78,imp_V79,imp_std_V79,tr_V79,imp_V80,imp_std_V80,tr_V80,imp_V81,imp_std_V81,tr_V81,imp_V82,imp_std_V82,tr_V82,imp_V83,imp_std_V83,tr_V83,imp_V84,imp_std_V84,tr_V84,imp_V85,imp_std_V85,tr_V85,imp_V86,imp_std_V86,tr_V86,imp_V87,imp_std_V87,tr_V87,imp_V88,imp_std_V88,tr_V88,imp_V89,imp_std_V89,tr_V89,imp_V90,imp_std_V90,tr_V90,imp_V91,imp_std_V91,tr_V91,imp_V92,imp_std_V92,tr_V92,imp_V93,imp_std_V93,tr_V93,imp_V94,imp_std_V94,tr_V94,imp_V95,imp_std_V95,tr_V95,imp_V96,imp_std_V96,tr_V96,imp_V97,imp_std_V97,tr_V97,imp_V98,imp_std_V98,tr_V98,imp_V99,imp_std_V99,tr_V99
137,100,0.6,lr,0.8178234220965072,0.04817481993600756,0.047804896995950634,0.105089066139721,0,0.711308488982319,1.106451042340193,1,1.0077085106812573,1.0465831964475718,0,0.02626376665399268,0.2964950246084631,0,1.3482320575706794,1.3951405007786435,1,-0.11616626038937321,0.15942035219426903,0,0.10923005469131641,0.08339723367247127,0,1.2320614163484618,0.49693472944524464,1,-0.07423058446152267,0.3109790058178509,0,0.0798456607663204,0.264277549712099,0,0.8142482355715079,0.6903538220101761,1,-0.07694124071846972,0.4041525076308267,0,-0.14205247733304285,0.1680091455374146,0,1.4849060000939915,2.219418281549079,1,-0.14470260212729388,0.6811831714162244,0,0.23875020584308845,0.539407093711091,0,0.2901411085635147,0.7706780829461302,1,-0.35530409467088847,0.604287836509986,0,0.05995209692606548,0.2571679414492398,0,0.9486804582595761,0.7007045832530384,1,-0.13872821536228705,0.11610506694543116,0,-0.0944832761711898,0.9489871232976724,0,0.19819894524784298,1.4403109349905787,1,0.015287997346739735,0.3880512497355629,0,-0.44161950866191246,1.2361204820601948,0,-0.17352544606544507,0.3635591409389858,1,0.011569066003802812,0.11177222606781187,0,-0.035680704418398615,0.11382691574989957,0,1.26681182316493,1.053418754324311,1,-0.5548596897135474,0.6180277793735335,0,-0.009519554622558508,0.4409333717095395,0,1.8946608113172634,1.4661252076369602,1,0.08530866319781427,0.14574741060753668,0,0.07190930486537565,0.57687857199875,0,1.3888879049486171,1.2451227216289389,1,-0.046002060618367493,0.45359651511665033,0,0.3385797930388592,0.4514059452859532,0,2.1543519929464234,1.2597441451541374,1,-0.08231187918859603,0.18041472845482348,0,-0.18986349568206945,0.1496880182490557,0,1.9425212236142477,1.5261478778792388,1,0.16095199553568487,0.4091656767081942,0,0.17990661620892884,0.3610723268857867,0,1.6767231805725764,1.405342074122504,1,0.06655123699584511,0.4543865522585426,0,-0.05336819009806167,0.1638862443730957,0,1.7635395341034783,1.1041713833632332,1,0.4743911937961111,0.37255641633372877,0,0.03369146794404646,0.05487425531613549,0,2.6386345551953214,0.6146582638716812,1,0.16670863833474506,0.1812526550840434,0,0.11140876330295932,0.42541152862029596,0,0.3283392773160509,0.4240780147608537,1,-0.2931570571862711,0.3878469507132441,0,0.19075134053424553,0.6893160698202071,0,1.4405988499383242,0.754318967116122,1,-0.07023399735803613,0.06950558688071948,0,-0.105219039436522,0.6090104565557336,0,1.292161878431338,1.1971438791839408,1,0.011003001201620982,0.06309797282388864,0,0.05937971778639293,0.29801978704572213,0,3.0277830685350398,2.1516037489729927,1,-0.0013199197385035221,0.1700481228007282,0,-0.05361949363814865,0.12094666044192319,0,1.4580670035026606,1.3317228527440295,1,-0.5037659185150265,0.5851675410579903,0,0.46122944554710105,0.5847457926186916,0,2.101691105538338,1.4074565969564,1,0.2026146154578551,0.7906720800334726,0,0.09840257018546053,0.6503956150674641,0,1.2210581958009423,1.6493083039621774,1,-0.2647804658423621,0.6744003145626268,0,0.021282418780505574,0.29322672060705607,0,0.263544617621582,0.9709035460541716,1,1.2729348845469572,1.3606061459585568,0,0.1701492863917692,0.40206522912434894,0,3.558398428590061,2.675770438231965,1,-0.14799635900029143,0.4234215071635053,0,-0.28131890257661085,0.1919284968901352,0,1.6776579934495295,1.293493620603519,1,0.25527370671681976,0.3848228052736091,0,0.23676752157790154,0.4013504244677068,0,1.325077905420164,1.1925633994863805,1,-0.04919650539048585,0.14453174489417026,0,-0.0172780894420743,0.343472518014523,0,2.231821920134713,0.7771059614344203,1,0.7102853682377109,0.6857482781290657,0,0.09184313064039885,0.2581344010738732,0,0.6697768880838622,0.7334442535002682,1,-0.08586812304962466,0.09669459974130708,0,-0.08860680162399803,0.4388579495208245,0,2.899976970628321,1.684016086424382,1,0.12062102398265848,0.39097803668521885,0,-0.019005322207841013,0.5529958475609829,0,0.37430559915465533,0.9450185740168223,1,-0.006627460424266318,0.49607075659421435,0,0.30837992410320486,0.4034788661102596,0,0.4577947308217551,0.4368690757347474,1,0.06885393808216032,0.1595585358561531,0,0.6539394303234853,0.22103383862716663,0
137,100,0.6,lasso,0.39931447503233053,0.03803367855904711,0.0,0.0,0,0.0,0.0,1,0.24938416075770037,0.28355507308822736,0,-0.010256915632523716,0.02051383126504743,0,-0.1323886971998729,0.7305653106212356,1,0.0,0.0,0,0.0,0.0,0,0.0,0.0,1,2.5273032482873945,1.851969129982869,0,0.11227379220752812,0.17079394402855572,0,1.5024008326579692,0.8054727834798728,1,0.03673862156472075,0.0734772431294415,0,0.0,0.0,0,2.501002267415887,0.5892542281932536,1,0.0,0.0,0,0.0,0.0,0,-0.8201452437506587,1.6859729697496209,1,0.0,0.0,0,0.0,0.0,0,0.0,0.0,1,0.3915470051918902,0.5738847425851178,0,0.0,0.0,0,1.8995480540466396,0.3338650137154624,1,0.0,0.0,0,-0.003877361947495417,0.44984602747026137,0,0.0,0.0,1,0.0,0.0,0,0.00420027551055911,0.00840055102111822,0,0.2949510816472879,0.4070737009258158,1,0.0,0.0,0,0.0,0.0,0,0.0,0.0,1,0.0,0.0,0,0.0,0.0,0,0.0,0.0,1,0.0,0.0,0,0.0,0.0,0,1.528108049270237,1.3045524694899364,1,1.7643636346398233,1.863955164129941,0,0.0,0.0,0,8.10858495407748,2.7151254325800243,1,0.0,0.0,0,0.0,0.0,0,0.19880484450485778,0.22981110899537133,1,0.0,0.0,0,0.0,0.0,0,0.0,0.0,1,0.0,0.0,0,-0.19299096757435158,0.3859819351487031,0,0.0,0.0,1,0.0,0.0,0,0.0,0.0,0,-0.3871301199318186,1.0172981503962268,1,0.0,0.0,0,0.0,0.0,0,-0.18341219677599135,0.7029070515778232,1,0.003304434594100214,0.20339023522427732,0,0.049112728245265316,0.09822545649053062,0,-0.002429639408171951,0.004859278816343902,1,0.03224681934092462,0.06449363868184924,0,1.9332346009218824,1.9960713488619288,0,0.4213839729084425,0.9124224091234181,1,0.0,0.0,0,0.0,0.0,0,0.0,0.0,1,0.0,0.0,0,0.0,0.0,0,0.0,0.0,1,0.0,0.0,0,0.0,0.0,0,1.4738322670370718,1.045282935557942,1,-0.17692829150148465,0.3538565830029693,0,0.0,0.0,0,0.6506763829681261,0.7017910706924277,1,1.7954128374566776,1.581045318360183,0,0.3143712436433981,0.45649889831903545,0,0.5000355236034832,0.36219598102739864,1,0.0,0.0,0,0.05405335492503124,0.10808645345110852,0,0.09333193153343881,0.16072458880575655,1,-0.013346990458206148,0.016346770478901745,0,0.0,0.0,0,0.0,0.0,1,0.0,0.0,0,0.0,0.0,0,1.7087553547870982,1.1727266557812035,1,2.5930065607529387,1.8000529149330797,0,0.0,0.0,0,0.0,0.0,1,-0.055804989247873894,0.11160997849574779,0,0.010030139323085052,0.020060278646170104,0,0.5500679337446445,0.278679598076105,1,0.0,0.0,0,0.0,0.0,0,0.3672709458499319,0.4834915806805542,1,0.0,0.0,0,-0.03103229189454973,0.06206458378909946,0,0.0,0.0,1,0.0,0.0,0,0.0,0.0,0
137,100,0.6,dt,-1.2994302626352177,0.34090881293343894,-0.15070123695485974,0.30140247390971947,0,0.2242367868093083,0.36939775159450555,1,-0.18196461690597415,1.0964306266101702,0,-0.4957638273396051,0.9915276546792102,0,-7.067949900816634,13.679718901553809,1,-1.6785776219527002,3.814871351403657,0,0.422450319847428,0.844900639694856,0,0.0,0.0,1,-0.2255833126285527,0.4511666252571053,0,0.07625229921989944,0.1590877734483623,0,-0.18889480507653855,0.37778961015307716,1,-1.2433127480167925,2.265414069510194,0,0.35226977770787304,0.5127777687904942,0,1.1149554944613107,2.2299109889226214,1,0.0,0.0,0,0.0,0.0,0,-8.55783152558747,16.27379524170976,1,0.0,0.0,0,0.17348316948314096,0.34696633896628193,0,0.0,0.0,1,0.681803064593564,2.6703534435323006,0,0.3147921155551826,0.7862353422956303,0,-0.24372902732260343,0.48745805464520686,1,-7.341258055834636,14.68251611166927,0,0.23367824314111135,0.43997952024266085,0,-0.06025305869955514,0.1205061173991103,1,-0.23579631493313286,0.4715926298662657,0,-0.2747441432751598,0.33832534944651455,0,0.3451197597971392,0.6902395195942784,1,0.03080511417200682,0.11141271784445614,0,-0.1194105674398678,0.2714835261246822,0,-0.04137679071015561,0.33987264903741315,1,0.21983886631995436,0.43967773263990867,0,0.8894705698132942,1.6837575990811047,0,0.13809400882017678,0.2761880176403535,1,1.0496559817532456,1.2355264807334925,0,0.0,0.0,0,-3.400935788104197,6.636909765166343,1,-0.7176829808782216,1.426815654086397,0,0.016343556432320612,0.03268711286464122,0,0.9000811432468787,4.883554315283042,1,2.6023771335896972,5.311427360033633,0,0.268637054769775,0.3598717317849173,0,0.28744941698359794,0.5748988339671959,1,-0.1804995430290574,0.3063189732381114,0,-0.014325464015820216,0.028650928031640432,0,-0.48291809730788665,3.0253696963462464,1,0.14046893411911424,0.28093786823822847,0,0.014482707863477684,0.02896541572695537,0,-0.3562817806764004,0.7125635613528007,1,0.7988465614401393,0.8295170614078146,0,0.0,0.0,0,0.8812677174484053,1.7625354348968105,1,0.0,0.0,0,0.3886642123218,0.4811731852041756,0,0.3237045004416311,0.6368037608391565,1,-2.009945613465934,4.123602641133244,0,-0.15508978500276258,0.21608889696488104,0,0.0007422077926480598,0.0014844155852961195,1,0.08632025307244681,0.3766311398601698,0,0.8691177308853429,1.7221226541177812,0,0.07891037236958483,0.15782074473916965,1,0.0,0.0,0,0.0,0.0,0,1.3711243658205168,2.829972999161472,1,0.11719704554746568,0.30390625147749195,0,-0.06397432282935164,0.12794864565870329,0,-0.3297025056745824,1.224745784386947,1,-2.7275573198476537,4.211591483400908,0,0.34642650448981216,0.6928530089796243,0,-0.004891666750725108,0.009783333501450218,1,0.3029921531148,0.6144032312172196,0,0.7578544037086135,1.466268271971328,0,0.005969379107156331,0.06087377345211272,1,0.8852471182644784,1.7179021139238655,0,2.2173118259765223,13.079002555265776,0,-0.6197930731698768,1.8168071853691756,1,0.08058747848257167,0.1611749569651433,0,-1.5121991141924744,2.3191761562755593,0,-0.6897424840895043,1.5498716842180686,1,-1.8763849411858224,2.4316177237126984,0,-6.192637425655387,13.529716683214442,0,-0.03009121085015124,0.06018242170030248,1,-0.20515413812729158,0.9154994974518594,0,-0.7183453493779488,1.4901335350821605,0,-0.8453535404924107,7.226171397016513,1,12.688976840118801,23.88036307613317,0,0.0,0.0,0,-0.0017732315138148922,0.008499707849480337,1,-0.0036108818028953915,0.007221763605790783,0,1.2181024140945649,2.194391377142586,0,-3.623545436875619,6.628110510856595,1,2.119638352926958,4.239276705853916,0,0.2923632022202355,5.592499719105579,0,0.39563473330342125,4.202200505932173,1,0.6027675759555561,1.2055351519111122,0,1.4981241750260716,2.996248350052143,0,2.68692429452501,5.070868111268905,1,0.008973772984406877,0.017947545968813754,0,-0.39963081636150927,1.3858526980147674,0
137,100,0.6,rf,0.1386448205932073,0.02668656107025273,-0.030238833259912095,0.02997448271741795,0,-0.03495229360704486,0.1531867461346951,1,-0.0009494521495272106,0.19083885236748635,0,-0.0411317106259788,0.049994328516824574,0,-0.2108352727416996,0.8566123059773564,1,-0.0071368497611208285,0.10078227349053505,0,0.03701324562456052,0.1789224119159898,0,0.046420491929357446,0.22690174800622237,1,0.6574473228959585,0.39754088219552014,0,0.384680332199141,0.4932736224389657,0,0.1950246515198261,0.3271249518884413,1,0.09439750106387126,0.10867770674821653,0,0.09551081597228896,0.11955932935921937,0,0.0051285644884097705,0.20190531890292643,1,-0.13616597617052043,0.37695666859132265,0,0.0963527915560473,0.20166060090424073,0,-0.9364535827453194,2.8263866551851944,1,0.1635372260766651,0.5854810898981431,0,0.2447269567453033,0.1946146805897426,0,-0.006531387537527397,0.08903061603975308,1,0.4772259332477022,0.5809159893410699,0,0.3097443919082191,0.29030995429839274,0,0.2298157905303464,0.5749798862730562,1,-0.09098681890569685,0.2575975006395714,0,0.3695097344268278,0.34405061018183497,0,-0.03722402535099943,0.17811301168445906,1,-0.009853014976428848,0.19916840460839189,0,0.28435087752753596,0.2574710879135831,0,0.4716411954051239,0.34749156677388476,1,-0.08483054709961835,0.10381902724185606,0,0.10875204063831082,0.19424713104894015,0,0.01394224106722664,0.1828206292327222,1,-0.0601557871984678,0.08736177589720873,0,-0.10736758407581366,0.20785467057706353,0,-0.04479275689397787,0.07910360614521866,1,0.030830695522020047,0.11266757134882623,0,-0.00726753654446455,0.029889686207631147,0,0.10035369781911063,0.6019705294459278,1,0.809111528860665,0.5017281833352822,0,-0.08517675026103,0.24327149395006148,0,2.3834379997384803,1.1916882532290756,1,0.10141328216382324,0.15545583896141896,0,0.2580089855577489,0.4008456211542256,0,0.21625826443619794,0.12194244287926827,1,-0.0038125151425963955,0.20376776464452542,0,-0.103183982341294,0.22045198392000737,0,0.32275691879307733,0.3409896399365896,1,-0.11964498996136774,0.19710080724663945,0,-0.20078877403477166,0.20500446386984753,0,-0.11061561581002147,0.22398959231476218,1,-0.06448983543810312,0.18983136087501587,0,0.03996081538933524,0.16843791863253227,0,-0.38491648406427265,0.7093272011465152,1,0.08186959027662097,0.10086610322547164,0,0.012713150655189197,0.14032869298748976,0,0.08649177887559885,0.5713648838804452,1,-0.11619359484130778,0.6269789040938257,0,-0.11162720752094528,0.21664708044116496,0,0.16687328877956625,0.26758263962400536,1,-0.015239370114382983,0.16440911432777197,0,0.5400506743199702,0.24274864425368747,0,-0.0019485080453877312,0.6084012685405833,1,-0.05971942721798897,0.2622219342315293,0,0.0014310904396845376,0.03909461162728578,0,0.03493595033939064,0.10609757218988826,1,0.6128946060202789,0.5898871977836264,0,-0.13850604665296734,0.14857000948828344,0,-0.06340936148489287,0.23837023982608518,1,-0.12020017245687753,0.16211200115488897,0,0.05969797815964824,0.13758146384359998,0,0.034572035274098814,0.17965388863386947,1,-0.03441460141534382,0.20429120952221624,0,-0.277587209836665,0.2665738980266819,0,0.4959976569176686,0.5061814871924705,1,0.6211408247983489,0.3938337609159024,0,0.9330920175365293,0.36281611068815883,0,0.471909318606042,0.37489190078697643,1,0.11041374122592913,0.0901726726414527,0,0.1913683446070902,0.26187733996950946,0,0.15382294432627666,0.40036856395784964,1,0.17542589575576367,0.19115831269028552,0,-0.08430880722792078,0.1917484882069878,0,0.19447404855105535,0.09914586730670519,1,0.1581164541418681,0.20474560598024952,0,-0.22031192695535226,0.6669584882056987,0,0.7933268955143898,0.39437786783242795,1,1.9954954735549666,1.081742337997866,0,-0.017946632072047154,0.06449074465051961,0,0.05747201637571846,0.20869941765623806,1,-0.1667727947438354,0.2693910879165276,0,0.21306763569688453,0.15331575305156203,0,0.16544520174761707,0.10486290907656533,1,0.11496669508009653,0.0960867492709467,0,0.2738696136846447,0.18108830318193164,0,0.5713758866685825,0.4868071401629136,1,-0.029904078952698455,0.06685507825729689,0,0.03541490958913103,0.2717468558139885,0,-0.025420768887435573,0.16353330470862687,1,-0.02482960898747232,0.07704170057784696,0,-0.09000295711628473,0.19697938743171908,0
137,100,0.6,et,0.20122528913990792,0.055395607684841267,0.007362723693388999,0.05570701176840311,0,-0.15676660671430145,0.2109687965375626,1,0.1161420990381256,0.29483482368037733,0,-0.09632745079290843,0.2547471473419925,0,-0.2091640651581307,0.5171798490276508,1,-0.07024896778648344,0.05695266533134699,0,-0.030921029456234893,0.11254733270558727,0,0.08968988365862154,0.2864672486364987,1,1.3103314501807384,1.1775898521513906,0,1.1051164397210411,0.7121377481895269,0,0.36058539471762147,0.47862871626119485,1,0.022944045590624178,0.2009126161686303,0,0.0008135338328815522,0.2077041822732729,0,0.3094463105387225,0.3456145813336253,1,0.30282468365013565,0.1557444968306812,0,0.0906241845634008,0.11879096794495589,0,-0.6850047090200999,2.3578301258740453,1,0.3712478115067114,0.316654479484141,0,0.21145039357011436,0.27089539319492584,0,0.04240755798449904,0.050376813731182433,1,0.1323346071775082,0.4469752478437688,0,0.6592533139683787,0.7994659115885512,0,0.783875258320004,0.6602314909950332,1,0.22277249394435597,0.34527525491327843,0,0.1876289377485005,0.4579270765427981,0,0.0050607428495976605,0.17491489356810755,1,-0.025445351131961447,0.20356377768192419,0,0.1961502255299402,0.3033558281763934,0,0.5326142109603259,0.4660034708284489,1,-0.015543080686988193,0.15189531365915515,0,0.03571275616821208,0.06500251870024609,0,0.09099190750571032,0.23316752231730675,1,0.09839526876034257,0.13143911535195357,0,-0.02774929655682763,0.14116220969183035,0,0.12364882170201522,0.23730522781945912,1,0.04684191767264209,0.09394497565687651,0,0.058307157579982206,0.10219153930082084,0,0.626109275661606,0.3884481799606126,1,0.6685287830335535,0.7944515818631688,0,0.11287594093337386,0.22734926899528807,0,3.212733313684499,1.6030871275976997,1,0.19136231409086368,0.37078536108330823,0,0.05228871526366783,0.20032840170740032,0,0.09174009948308218,0.09330957711031465,1,-0.05904552923569843,0.1601303455533962,0,0.04828993118097972,0.23137337630223637,0,0.2282306068649111,0.4298185627213705,1,0.0011529381751160203,0.08939915449345649,0,0.07403764451433878,0.1815008224672969,0,-0.16660630995307354,0.26514629221985353,1,0.08143204237490514,0.10862052360710692,0,-0.044760109142963536,0.2045262681522324,0,-0.14665430344533675,0.5165613593979475,1,0.04311539706453766,0.1293861774123923,0,0.024999389604016105,0.07788741836056323,0,0.17403675322705833,0.3764238174768584,1,-0.09175201707793687,0.6622032010121628,0,-0.18108045421148952,0.3064932561165958,0,0.03520868552360834,0.7917450128257421,1,0.1701439622028402,0.11339042353429749,0,0.9880940792735465,0.596469057805806,0,-0.49303980452257185,1.817880965402556,1,0.12651715542341863,0.2579752126814527,0,0.09399393158482365,0.0865999334951584,0,0.2625501692773357,0.3290592000931015,1,-0.032870810940001924,0.19258607342551023,0,-0.10295002749301822,0.20002730797015528,0,0.003369612900823564,0.1505469099211129,1,-0.08365630650891685,0.08082577146718628,0,-9.839960300121257e-05,0.04015706165405435,0,0.04539315057946223,0.12468859376028472,1,-0.12645456907444771,0.1096531402039574,0,-0.04267599577583471,0.09419933078805968,0,0.31853965321250044,0.2679813304689156,1,0.30823593384488757,0.43718954231076146,0,0.7973786721218165,0.5645470076905684,0,0.3967856602795541,0.23002725557736692,1,0.18589590240740902,0.1603316424165726,0,0.05983987557833269,0.1663786128930452,0,0.22169379119047655,0.3859372622129569,1,0.1512327591125808,0.17364723631948778,0,0.05893270621540805,0.05993853986310724,0,-0.014934078026835773,0.28361186094084473,1,-0.12011957776670841,0.13255442939956893,0,-0.28837908742427737,0.4964998303893864,0,1.5530661751999424,0.9434566966894348,1,1.5753689951807628,1.3355654977754723,0,0.09226980672123648,0.14512537805301468,0,0.12156080426654765,0.20937746727172302,1,-0.08161960378684444,0.22477649139751726,0,0.005091317367308279,0.21251956413739373,0,0.13405493588633915,0.19140349914962282,1,0.02697846655908507,0.08256691910840289,0,0.0130171203368875,0.2470183842767521,0,0.25469578600082826,0.22168025998038743,1,-0.033532252023867865,0.1356419527777069,0,-0.34852538534392785,0.7753301627268864,0,-0.24124643647583371,0.6560489769992789,1,-0.0165873296826538,0.08296208755342518,0,-0.12221771914342505,0.22697534176656003,0
137,100,0.6,gb,0.1253538659693048,0.07153756536765689,0.16978114643130418,0.2736206731606002,0,-0.08478150858908175,0.16539252171471505,1,0.25392021349273997,0.21454107759053972,0,-0.2109974583059237,0.43804515701494806,0,-0.4570837014151878,1.0160840260537933,1,-0.08034487033225315,0.14601681652612114,0,0.03679621076988603,0.2799495929319184,0,-0.03084714643852342,0.37213683193480945,1,-0.34943527439443767,1.0353768237205767,0,0.8840583993755187,1.259557873377853,0,0.4042405867891038,0.546960241977747,1,-0.03746437712061322,0.09461779446745777,0,-0.011886876781268287,0.11996798493913588,0,0.35737096543341795,0.5690623990376936,1,0.04904599504308077,0.2147034301760933,0,0.010575725584334152,0.022087471887135026,0,-1.879473199899595,4.361763193560321,1,-0.19391396649193077,0.39972280666479143,0,0.7897575895477226,0.6395489820400828,0,0.03381191878003429,0.05615005094107912,1,1.3332519660325275,1.846279275852306,0,-0.019563658067465343,0.3614058033094919,0,0.6865842025662146,1.6018870422064555,1,0.03077833313414844,0.3556639719251004,0,0.38489737428305415,0.3460694817284898,0,0.06297247411933662,0.1000847837050709,1,0.17928537895159613,0.41901692554913855,0,0.16238900610978604,0.40124694740738837,0,0.6218088153287847,0.6489074577985735,1,-0.24627889700747807,0.38581535963958535,0,0.0023402596541655107,0.35151677596332426,0,0.5384064492738087,0.5172974792073499,1,-0.2377273938820697,0.21952275493119144,0,-0.2501333368600616,0.8004514470925493,0,-0.5800523502518383,1.1803848811708522,1,0.0367285200928024,0.045554160876984634,0,0.02713258818443583,0.06267953758192502,0,1.6954042450895337,2.377361682854101,1,-0.3692198003927454,0.6201968074519882,0,-0.07715306346550195,0.7123390351499025,0,1.6205405303829405,0.8262352896197795,1,-0.08857764997542919,0.20718590808989606,0,-0.030440410907723647,0.0793962481254488,0,0.17243382636712395,0.20615363337980303,1,0.0003344815078486648,0.0038398344876268598,0,0.020451204196733953,0.13682036623288868,0,1.412806469232557,0.93857898910497,1,-0.034901301866584813,0.04674717898517381,0,0.13840639548410255,0.21018152845998217,0,0.13443760100339994,0.3477723645361094,1,-0.10593193997285048,0.20773463974239167,0,-0.014173693771830535,0.2787255925349337,0,-0.4439414999217927,0.85460279809425,1,-0.09935003076492485,0.23535834622589136,0,0.05256380438880507,0.09908828783622835,0,-0.018567767890448637,0.6658737848587204,1,-0.3472399969302553,0.6449829861765551,0,-0.5648788830559532,1.0852758450506659,0,-0.08950321701379176,1.040283704994045,1,0.08067885177206717,0.2253372873004975,0,0.17230735657597643,0.5846687831293658,0,-1.427344032865266,2.8612351542209216,1,0.41999353226669733,0.44099185763139503,0,-0.03281652947600463,0.04227721289535558,0,0.031339092152259274,0.17446766068741873,1,0.12582938912194244,0.6194865133181523,0,-0.03677273635229554,0.2588006326487864,0,-0.0930378721442813,0.2724760322736778,1,-0.0014876915140941652,0.024362253864236252,0,-0.01955432536148535,0.41116734107341124,0,-0.02767693418460655,0.21115523061001154,1,-0.04850047447157212,0.0735926870560429,0,-0.13155940539711392,0.09857030305139237,0,0.12950479668444514,0.3401079013898373,1,2.256679249801752,1.3157801147381225,0,1.4627544450454444,1.1523200990090166,0,0.043915429539867115,0.10821795609290707,1,-0.008997528329229624,0.033558805222252616,0,0.030545703426230038,0.14547199925809332,0,0.12105390327263325,1.089047113637015,1,1.0084875482252058,0.8383863264907222,0,-0.2365087320848101,0.6236414832137805,0,-0.044206524069616504,0.08536890034637835,1,0.13161389332144174,0.4056960379973118,0,-0.006308772352593478,0.023893778427998866,0,1.0754863850499543,1.1757354796425659,1,0.8291300030598061,1.0656246937573999,0,-0.01481775863480973,0.10068892833518761,0,0.22832650081374734,0.2447144328294312,1,-0.6351349582671331,1.1880106850157894,0,-0.07391724398712876,0.5600488094173977,0,0.0783978763966828,0.14433460196416728,1,-0.025170047963103542,0.06540619213971474,0,0.5645037488043962,1.1705467655692923,0,0.06673573087676525,0.22660910304679943,1,-0.042549670397979265,0.088016644953881,0,-0.5600074969445406,1.5055357002385488,0,0.06816843998321133,0.11269137195077812,1,-0.0024528896893667995,0.02616899442489346,0,-0.07963152311747487,0.13414028456799745,0
137,100,0.6,hgb,0.30820698975662913,0.10807719321128334,0.0,0.0,0,0.018062574816225037,0.036125149632450074,1,0.0556269193529378,0.4481541320485225,0,0.0824707888490781,0.1649415776981562,0,-0.5631093794930122,1.5064905428549256,1,0.03895858714674708,0.062164608283314424,0,-0.04368034834496674,0.08736069668993349,0,0.29267999214565493,0.31104268221515363,1,0.4383251599360891,1.9504839027769378,0,2.0322030894644527,1.607329511653807,0,0.41928607413753244,0.7620808168843415,1,0.337862534217907,0.5572444723745481,0,0.23815701957588464,0.3459653534390075,0,-0.09988327403170513,0.2411851752460567,1,0.9871473168036748,0.9401637494403912,0,-0.0004895017960455447,0.0009790035920910895,0,-1.7552900531194293,4.074370595520578,1,-0.2828864769180832,0.5097728075928398,0,-0.018650827979611484,0.31662912890497186,0,0.03430483195126198,0.057551085132908075,1,1.6068811539185712,1.8212033914578158,0,0.95407977395143,1.6159761399410328,0,0.39706853265057573,1.1070128280105278,1,0.0,0.0,0,0.4311383968098369,0.29077818655331233,0,0.2720126471415443,0.5440252942830885,1,-0.010626897010894368,0.021253794021788737,0,0.05546875656295126,0.2411062479129688,0,0.8977745118982232,0.8097941575683036,1,0.0038613527514410467,0.0077227055028820935,0,0.03226047804605163,0.03251743486264033,0,0.10044854777795251,0.20089709555590501,1,-0.04938871822729564,0.2523709817921089,0,0.05403051492816591,0.07110516786394763,0,0.022147928367283975,0.08812687638765752,1,0.05385749979739883,0.0888790522763297,0,-0.004268492229418825,0.09520744953525324,0,1.9481111204611907,1.3674428175544246,1,-0.07277738684693824,1.2451313279799998,0,0.0,0.0,0,4.58394754875267,2.5687244309321033,1,0.9058003651913502,1.0420900524868466,0,0.0,0.0,0,-0.052710404046706835,0.21013205414793837,1,-0.13643593435339493,0.27287186870678987,0,0.0,0.0,0,0.7040307847046957,0.3371339886512227,1,-0.028061287912778083,0.056122575825556166,0,-0.1852833531335459,0.7199903663674682,0,0.1364554701451852,0.11968221935701127,1,-0.009588740663130365,0.07540932943583832,0,-0.13697703067756434,0.2739540613551286,0,-0.5921182349531311,1.7232386407955511,1,-0.05097406413306049,0.10194812826612099,0,-0.08929916653455038,0.17859833306910072,0,0.473003335697619,1.5327853139648748,1,-0.11776946416430631,0.25646404350285923,0,0.235663954966,0.44766034990626363,0,0.25392336390259845,0.9485183206845623,1,-0.0472310603913975,0.12648748435277715,0,0.09103297021161352,0.4178462463337868,0,0.012225333857385756,2.3133658141660325,1,-0.2016913613470574,0.36338100853694894,0,-0.0668483081542686,0.15867402882108508,0,-0.14665087006460048,0.2660511582353447,1,-0.053722414013487166,0.10980183117784585,0,-0.004383040182508424,0.008766080365016847,0,-0.2638056276020447,0.4800984630687765,1,-0.042162414857969274,0.051946425509812176,0,-0.07304678253871932,0.0915566121999786,0,0.2793618054931041,0.4303067165006446,1,0.7247944506323843,0.5874499082958641,0,-0.08169917259957794,0.13189372882483189,0,0.43595125470699025,0.5661670771014011,1,0.09621094528016363,0.3044752889208384,0,1.118325486320702,0.745761211081848,0,0.9831797397297469,0.6364352826773472,1,0.03964652649646934,0.07929305299293868,0,1.2784704570598329,0.8312770319594104,0,0.31152541873536016,0.48596398560134463,1,2.5118410409939687,0.5425974038407426,0,0.0,0.0,0,0.2434521863845375,0.2953716544366594,1,-0.08315440851380636,0.13895480396228396,0,-0.20476096469446786,0.19888325948293561,0,1.1100043180223131,2.1111416718015494,1,1.4742572136645686,0.5219137755931014,0,-0.0028095079745274632,0.005619015949054926,0,0.6186866588323241,0.8196299809696039,1,-0.6116697547793734,1.2233395095587467,0,0.011348620311140806,0.1246358914982934,0,0.8550528542942034,0.4814202042314857,1,-0.013818342042611762,0.06812206356484271,0,0.22408861615811676,0.4481772323162335,0,-0.08208684127148275,0.2691928352764219,1,-0.11953162172080745,0.23906324344161486,0,0.283137953272605,0.3424604920291967,0,0.4269618751180981,0.5975361389001878,1,0.0,0.0,0,-0.021475148908596964,0.04295029781719393,0
137,100,0.6,ab,0.1638943569323403,0.024779318559546817,-0.09067112175721173,0.18134224351442343,0,-0.05826623552116152,0.10034701112017365,1,0.6649198809606335,1.1346777050283188,0,-0.14777185690990283,0.3023551850641699,0,-0.12230424235662296,0.37308416888445545,1,-0.002396968848833325,0.00479393769766665,0,0.1432281551409702,0.5860023605007356,0,0.21878410311191762,0.8035873183716942,1,0.637373001317522,1.8419248235273535,0,0.5623013414183891,1.2629663393435937,0,0.19711850588958318,1.3757955312853796,1,0.18280457101268244,0.4347999770461802,0,0.004321252051427735,0.05775549578041047,0,0.4420843184187137,0.6542294702040528,1,0.3047401705371524,0.583376959392898,0,-0.031159744833535914,0.06231948966707183,0,-1.079874368831032,2.6622658795483565,1,-0.3883949090015563,1.2576124576050944,0,0.38394216744989657,0.8211546554640315,0,-0.33195079375532666,0.3982828309951071,1,0.021506151565839383,1.5679311976803225,0,0.00802505527750843,0.3038261365844758,0,-0.16894280814344445,0.9745920028658612,1,-0.0025004700466770167,0.2426638949237504,0,-0.15850451402685004,0.6391129228096215,0,-0.37750049564959937,0.6755095060682914,1,0.04854614562265186,0.07061644878008495,0,-0.04261906377101325,0.2851983908644897,0,0.07117068095575774,0.7195417082882033,1,-0.1053927844335019,0.21639401485986798,0,-0.05218849980222181,0.25042167058658793,0,0.008190951064205138,0.007859542134796121,1,-0.14877221357085077,0.578677153008668,0,-0.09524697016534564,0.17879386018409893,0,0.03563849682384174,0.0617963714789367,1,0.0434642547335983,0.11863798001874457,0,0.0,0.0,0,-0.10642466836076574,1.2356743434785085,1,0.09807703682386726,0.8717357876424553,0,0.059078058818779,0.23536673389243118,0,2.4560635477066297,1.0351231270216912,1,-0.0524600070067097,0.4979357371474338,0,0.1930982587926963,0.22930469056703306,0,-0.6667605184096849,1.233203838646822,1,-0.14503967149407243,0.12085059195788851,0,-0.08572862355291906,0.17145724710583815,0,0.1327625977914156,0.4784112033309478,1,0.03512286154165065,0.0668299913659644,0,-1.0209984137976185,1.7103381399251025,0,-0.2479040818792868,0.3352112583839405,1,-0.11374540813133831,0.14461667781874757,0,0.020315468737338107,0.032102837546491444,0,-0.9932599956841797,2.7978154263977197,1,-0.06981204169395402,0.10203201601502204,0,0.0008495916692931177,0.0968999237225453,0,-0.4548037030320261,0.289560399124893,1,-0.3425192904716487,0.8036738098477404,0,0.0010535298179591168,0.002107059635918234,0,-0.41322844876840464,0.9221437241117154,1,-0.03736032213428896,0.12952934169280098,0,0.19509184156856538,0.21534415410584876,0,-0.2550492476284627,0.9019337024927182,1,0.016264820000807156,0.37967593806025324,0,-0.4008554899231579,0.6940848938192192,0,0.35504210257964564,0.5760895666768581,1,-0.0625516386477514,0.4919219089612524,0,-0.5173303529554406,0.9021319576879402,0,0.005944833938504557,0.30715588360222534,1,-0.4244005325897768,0.5106773824313612,0,-0.4184141561529843,0.6719773443819322,0,-0.29959122548703676,0.5857927775494172,1,0.10704246727045816,0.2140849345409163,0,-0.2425550739879025,0.333415826444419,0,-0.4868403793418724,0.6709716365295791,1,0.070207465580431,0.732029298993885,0,-0.11897049376878632,0.32879434727143136,0,0.14394108503955771,0.405557398948642,1,-0.35833372380088385,0.5105154663800525,0,0.2978057941462191,0.24662332670878712,0,-0.07055032542249115,0.7994960604388887,1,-0.2761858806404959,0.895892157112774,0,-0.11198434631652923,0.2186191951831157,0,-0.23312479787038193,0.34395034181242395,1,0.07548231522652449,0.6639846500483223,0,0.03573481262631132,0.314384886316067,0,0.1367295531233915,1.4709706843552806,1,0.91462440740685,1.6185805749024842,0,-0.18518932467276839,0.218983558983102,0,0.788851593355831,1.2699362166028,1,-0.038493640889663,0.04746664227897549,0,-0.37165932083297115,0.5006605884917944,0,0.017157078856078624,0.5575862109871617,1,-0.34289644683889775,0.431102451353527,0,0.33709281108222655,0.4493936547333148,0,0.23514777918167,0.5100887644222005,1,0.058753144377757936,0.08675715203458849,0,0.38076335530322475,0.38083215665261716,0,0.19048970636606824,0.2673758262935899,1,-0.03144368612437774,0.18855993791387943,0,-0.1681212646250414,0.5130382900167534,0
137,100,0.6,bag,0.010722440500413044,0.11876541299256604,-0.023185314534066186,0.2766748421430508,0,0.1513480384729257,0.27692505404256795,1,0.296836659886139,0.5635321181112348,0,-0.38492722891249065,0.4074913861125205,0,-0.15322829953178788,1.2009371899017751,1,-0.014584766715373797,0.0889126821571294,0,0.1301096345153691,0.4769445564243614,0,0.005624492521808577,0.45460592951371376,1,1.413577459882501,1.0920600111109355,0,-0.9465323589385951,1.0471109414934265,0,1.164451598551563,2.074110508476766,1,0.17152816307897864,0.31968237949382694,0,-0.1872829442135327,0.4909934012542057,0,1.0692584244823762,1.6180857895356773,1,-0.002806759813572568,0.5248260828748676,0,0.166413497959708,0.40998901564843837,0,-2.1112627681199467,4.17033641607379,1,0.09547019772937375,1.8242003105891944,0,0.009186589211473906,0.22810433992816756,0,0.024428150806766462,0.08872853741609808,1,0.9618418150931731,1.3987077431297752,0,0.1357112326117514,1.11845976771359,0,0.15190288845298586,0.2713028873947028,1,-0.5622109490645315,0.7690441981407607,0,0.48027588817835787,0.6090103130815634,0,-0.311323834438977,0.8206955518035415,1,0.3029217485092818,0.4381126883082106,0,0.2632779023666307,0.8735382314124953,0,0.09806284464701714,0.5619821898266671,1,0.16138616722187832,0.09189069370679699,0,0.1735817528832056,0.30760091863277506,0,0.006437321895667422,0.11404591950694028,1,-0.2227308116826789,0.2946697992933656,0,-0.2606906148960904,0.7131494904483893,0,-0.17126804659136705,0.6781848753804899,1,-0.10685329105347571,0.18444488854205024,0,0.07977864664890595,0.25667524222271737,0,0.3712224098827478,0.4767553230058115,1,0.8839019378316498,0.3172305704107929,0,-0.027514526796241712,0.36957512983148105,0,2.138296321983843,1.0964087430198837,1,0.16280339608900124,0.40475758771270287,0,-0.13180701324634558,0.6871147552092218,0,0.602065333028604,1.052403652784786,1,0.08925961562896248,0.23426454400006383,0,0.06009456894005022,0.26081489216431664,0,0.9595312099679465,0.7507308150276868,1,-0.16185510727613678,0.3170354128696349,0,0.7090469717679165,1.2833485336332673,0,-0.37097873222955036,0.7365872752699748,1,0.02629176239347224,0.45315926976229853,0,-0.15901207398084966,0.16736087910221195,0,-0.9127964170010874,2.774496473444147,1,-0.009691415006607963,0.6901245805582336,0,0.1035081453078281,0.2374140865953288,0,0.44031425000643776,1.274255017641647,1,0.7979556370085142,2.122537782746388,0,-0.1570619561657683,0.2384328211921588,0,0.2271123284680047,0.4241743696330023,1,0.17013150864215668,0.9277642734788009,0,1.0343640771090492,1.540960585754764,0,0.3593736502774069,0.40152266173599743,1,-0.6567837294280713,1.0413122763283547,0,0.24245089083022178,0.24699600003906658,0,0.6441008564894014,0.8765126367511603,1,1.2929053037431937,2.1886565293951903,0,-0.029487210266795672,0.20739434339133553,0,0.3050802392167,0.4102451626077994,1,-0.2828628194896955,0.8250580126417223,0,0.29408240869596336,0.27645940837951516,0,-0.2061063033890016,0.3036598889811892,1,-0.03478270426774531,0.32633631016119646,0,0.03690711717144808,0.6360209408105997,0,0.4985073046100399,0.730928665754425,1,0.0851220868529694,0.2959016351121642,0,0.9482713006583076,1.762817908205733,0,0.20584595265916467,0.6558451425107097,1,-0.32538092659793194,0.7470953350752321,0,0.017008467921272828,0.1957521037805095,0,0.2567839652575558,1.0169214391380017,1,0.23499461269610386,0.6563146959137722,0,0.05365723516941653,0.33647202568662676,0,0.0372683690205617,0.7307446654935636,1,-0.09245002440313502,0.20302770905780043,0,-1.0647568314299953,1.4546803089490372,0,0.2547783237395404,0.7630182072066565,1,3.0343125956337462,3.524238966767989,0,-0.05299067178407644,0.18721984723697016,0,1.3718836448005252,1.7426064013786784,1,-0.07388359869700664,0.1411199334010447,0,0.2268630446795274,0.44905865652271243,0,0.7286683654537051,1.242118710735889,1,0.33078515444471984,0.6110296803726663,0,0.7975979966338762,0.8614089235313577,0,-0.09722389033928776,0.11379344158145076,1,0.33130306541311527,0.2963076673216182,0,0.23559750998029155,0.39418174486566127,0,0.39046759210459075,1.0345789920951023,1,-0.09120258552234495,0.10703806456159383,0,0.21431787135204564,0.47602449459401264,0
137,100,0.6,mlp,0.8264496665233738,0.025810839321347524,-0.059329508565587386,0.19672517110126414,0,0.23093640134006138,0.27372819489836514,1,0.3594677285308743,0.19346811333943537,0,-0.010651050964442571,0.17188480125382238,0,0.31589024485669986,0.5507401779654006,1,0.08204964349871122,0.2996781817312444,0,0.06238460010629769,0.1585359306115594,0,0.7275906968680166,0.3115910192309551,1,0.1385242095865633,0.1416954130342423,0,0.38744165786046925,0.43810051568148467,0,0.8682731279403171,0.6944435997127754,1,0.31747618321396665,0.2757038618324651,0,0.3504883790858025,0.2904970008587745,0,0.5919578828875492,0.48309251737998,1,0.6001730038994569,0.5445982938068022,0,0.14528516447970424,0.18896499833610772,0,1.0964933890500848,1.026651905733029,1,0.16254969564109745,0.45276424509562974,0,0.07665988161458667,0.08124711115853044,0,0.476666289420267,0.2937310794681771,1,0.6393066776989673,0.5564695836491075,0,0.4758879145676841,0.6795320632045331,0,1.1706038667322347,1.1079388449422969,1,-0.1303841172122247,0.36975692567195856,0,0.7398438774955322,1.2483651943449052,0,-0.37488497302677504,0.30254791427978633,1,-0.24977169165522817,0.22682570032200844,0,0.018430947480404226,0.19108198519673691,0,0.506519598106958,0.21900462336268225,1,-0.0647374721179212,0.148750215257256,0,0.4392325061245897,0.27466778377420803,0,0.539471704232015,0.3734610067465448,1,-0.009162352938265478,0.15449402772745563,0,0.041320818748458735,0.15270526914972457,0,0.4487040556507438,0.36073762934205794,1,0.13110731181491705,0.2386446668469967,0,-0.08038006475773865,0.18196394980687305,0,1.1211028102778315,0.28668200974923036,1,0.5013907883704493,0.3417727226827567,0,0.1934068254795575,0.37462064050591753,0,1.98413077929252,0.6468608993096017,1,0.01542829648795765,0.10560233302765568,0,0.2551934538649652,0.27724961773521745,0,0.42410918149431803,0.5752667919632253,1,-0.05586409540443945,0.4786011331122021,0,0.00932613964747922,0.12453842262122673,0,1.2411991946816685,0.5636487521615506,1,-0.19278868171160363,0.11302620977941254,0,0.4396363950126056,0.38736589756799983,0,1.3698073332845724,0.5284466716049846,1,-0.2281438353678781,0.1632738324534977,0,0.1721266775569665,0.21819989902590045,0,0.2946984719577762,0.37988563020655747,1,-0.13835692425606042,0.12340554875516284,0,-0.09736355636093033,0.21444989973366987,0,0.7489735933505305,0.6422849072833758,1,0.2146636551887779,0.2957170651549469,0,-0.023103351225317946,0.17404416881125961,0,0.2159078219647343,0.12355823613851627,1,0.22341987585970302,0.08760886253760615,0,0.5232006361062392,0.2686124885083866,0,1.1699251607698762,0.36114580246135664,1,0.698067457985937,0.7988711158725376,0,0.032979239048844325,0.3671380722759037,0,0.9263399794685279,0.7338144621887829,1,-0.05099383551588336,0.367738285273072,0,-0.1675085264309415,0.3483356569375942,0,0.26713825751394366,0.615608634103919,1,-0.2429817472259598,0.09635246240766356,0,0.1678114857927656,0.4412486096033274,0,0.5570590242697284,0.3241934357098566,1,0.4012735610664205,0.354349055998236,0,0.09247058579552433,0.20051837456233845,0,0.6632006314796101,0.3959938510872778,1,1.4302695916715045,0.6023241703800449,0,0.2963224279120845,0.3669814984470417,0,1.1745498482857066,0.501603026682404,1,0.4743937674706287,0.5939906481820447,0,0.135508093363311,0.28694310037905807,0,0.39142117750797156,0.3095822630033606,1,0.36673048726240076,0.3037618879801446,0,0.017228754731224906,0.37046434446813675,0,0.21543640432959643,0.15858672522463077,1,0.0012819447459796677,0.04370167231736401,0,0.0762894502767663,0.0785998840001952,0,1.260008902369075,0.36759466711132743,1,0.8725888780584652,0.33750635345184665,0,0.08122595632203597,0.06565766874717593,0,0.19903035620146967,0.23241573896260073,1,-0.10429593994092992,0.48167714002635525,0,0.07415801752061252,0.36309753826111013,0,0.7674445248615461,0.24557878044836207,1,0.026397533314338213,0.1893743649290327,0,0.17327431193994863,0.14323209688739272,0,0.6576545568341023,0.5518213124311997,1,-0.10632790161745476,0.13133526226789274,0,0.4284315406773126,0.5238261151523415,0,0.28449478589094895,0.07968709733621505,1,-0.030908897392893757,0.1414081074598959,0,0.4602790106332691,0.20251839442030542,0
137,100,0.6,svr,0.03365085334001803,0.08943929571050017,0.01760166011885522,0.025340751712264367,0,0.013785151035497618,0.093759454049436,1,0.11017951287499558,0.10418373921604415,0,0.045411130688913184,0.1017523525692327,0,0.062161438078332784,0.07881002586325847,1,0.01367418317433092,0.037941151078465546,0,0.0069068659534287065,0.01977442164163027,0,0.026545732638733742,0.04048166331529434,1,0.12647745406630295,0.03188257272364928,0,0.14973448584962437,0.04781846902036953,0,0.1751169957691498,0.10724711552094675,1,0.10856030519284339,0.02375855425940351,0,0.04027401374375185,0.04976269693782186,0,0.15912937946784184,0.05912296261300105,1,0.08526248885087047,0.02147448840504309,0,0.08511588031823276,0.05110785131263268,0,0.18048764084290403,0.2913371082871633,1,0.12176559608527178,0.11883358435383443,0,0.0655037120057251,0.05734395517195537,0,0.11734210734870323,0.04788331176304923,1,0.22408678692980954,0.18291590596930335,0,0.2533059057307502,0.14872515704335124,0,0.1390482934404702,0.04866210590236937,1,0.015532542485709108,0.06540027622852104,0,0.08622195361075777,0.14275286559828246,0,0.016270044957978857,0.09199371764723048,1,0.03829713924112384,0.13105755162141158,0,0.0337068046502003,0.03157107351890003,0,0.07914227260660875,0.048439645007401284,1,0.011624177942858896,0.09144245920416007,0,0.04367160573409004,0.02057796757703355,0,0.011886218675801929,0.054486089383351165,1,0.04535617665365231,0.1696349589560772,0,-0.004643916710296849,0.032039970907820785,0,0.04014154853051667,0.05732779736289033,1,0.07287505963869932,0.03522663685313195,0,-0.02649689798153267,0.050289692182901705,0,0.1407036972551909,0.0750699923767854,1,0.12343139695062522,0.0576371681901291,0,0.08551538754855878,0.06446029189586457,0,0.3272125091110625,0.07862642699869452,1,0.09066681306527168,0.07192081348647901,0,-0.011597228409972076,0.07181300116983802,0,0.1915812122216852,0.1066958860956198,1,0.011454073178455617,0.04890908624559378,0,-0.0076921035021939865,0.02449371567490243,0,0.028695007733860366,0.034364286933024006,1,-0.03512059874040167,0.03259687785001778,0,-0.052752283523461306,0.06376576436029717,0,-0.056869871174135535,0.0695576659447618,1,-0.03204672137747593,0.04549356338010984,0,-0.04818975223530695,0.11158724824532938,0,0.008661758852331223,0.11989977065625829,1,0.00583314432159034,0.055159486658804026,0,0.04254105773694198,0.04790724321477903,0,0.08029232215990315,0.16458294959446634,1,0.04572213512085972,0.10357247852672068,0,0.027175575867828455,0.09456046981186657,0,0.11173903792753914,0.1064381541755468,1,0.04977226011421169,0.05986105883398954,0,0.254921860406017,0.17145538573214247,0,0.2948900449555717,0.19546552454869978,1,0.0640420334048702,0.12498089646560659,0,0.008159553891962304,0.015619557819064218,0,-0.014763929483220407,0.046732943565710575,1,-0.012422617502406922,0.0296787260498132,0,-0.01580158247762185,0.02792778819195752,0,-0.0415789517394274,0.062028427252722416,1,-0.044937707618758795,0.0657848285848573,0,-0.014241234891504431,0.03069421294708177,0,0.08249931845212524,0.04865402573951221,1,0.08715253958289912,0.0599820998678724,0,0.018158841531360197,0.014779628071336304,0,0.19416972372165037,0.06830006265195757,1,0.17628372620444563,0.04239300631672693,0,0.19176518822129923,0.053722572048094296,0,0.13860567092004508,0.04215382583703657,1,0.007869908743850771,0.048546759039829135,0,-0.010044920273738229,0.04301610884508327,0,0.10451391459260476,0.13321278486223553,1,0.03270715612235759,0.029624489629722514,0,-0.00847596120362488,0.08208377934720115,0,-0.005775927959789839,0.02328181866826286,1,0.03786262689424581,0.07346252947111617,0,-0.004410493699940218,0.061185968076765386,0,0.20917160047377298,0.06341239418184089,1,0.2879997665841697,0.04792010480216264,0,0.01955601481055737,0.026592638042940767,0,0.05919897632805754,0.020079758892643188,1,0.019391532459762294,0.09860679881549574,0,0.041574118561658935,0.03848654107352606,0,0.0458025793621417,0.04488052825266692,1,0.049938857476257224,0.028245127703515567,0,0.024743235506507318,0.024961656142225574,0,-0.012591149616628172,0.033315378069684376,1,-0.005194357768243235,0.05853527104382953,0,0.07904985405035288,0.0683331868313904,0,0.02052382916346565,0.03753063687970756,1,-0.016437966557870366,0.01164431040742268,0,-0.007519241279511734,0.03146224555972097,0
137,100,0.6,knn,0.2388039827234608,0.05076777481457853,-0.5474761906840704,2.499952965916415,0,-1.9980331745559483,2.464087453980485,1,-0.43359457525766987,1.6751597415545438,0,-0.8761006648704752,1.3954439427500385,0,-0.6811502603807654,0.8727852504404127,1,-0.12790233670816514,2.282961665976835,0,-0.08360590525344178,2.4152868750567977,0,-0.9112881208148682,1.8583084315618523,1,0.3619080810199103,1.8448901183541422,0,0.41091720633683276,1.7760267627059245,0,0.4481853886435692,1.5921617788348479,1,-0.8606365978197095,1.1851169952047362,0,-1.6061307284508632,2.1945204920760566,0,-0.38361651083159415,1.5419952349233879,1,-0.605361462888979,1.7318141301673142,0,-0.1384329490637185,1.1237665236523156,0,-0.5205668161990733,0.9035499254988498,1,-0.7733618322959396,1.3242665602087593,0,-0.17860669558281028,1.443466747820334,0,0.23173420243393048,1.0063765286556645,1,0.22149409836641323,1.591029565671193,0,0.35702440897279464,2.227688003911022,0,-0.2864556135611669,1.6204853139267483,1,0.3096594175332965,1.4431928738331248,0,-0.7984746361243372,0.8910070061328185,0,-1.5722532814154575,2.292655386402454,1,-0.6770664722208957,1.4863969019601984,0,-0.8502129857847553,1.7529006433284455,0,-1.1227414507628373,2.4574575853244536,1,-0.23655677925932408,1.2134623205629227,0,-0.1420924604982917,0.7685913531717458,0,-0.32820220104731146,1.3983425430031597,1,-1.3734360787826314,1.5849622537661139,0,-0.9028050475311561,1.2644566599584954,0,0.08867545830680008,1.3413647386437628,1,-0.6214198822776267,1.3186568053248526,0,-0.3253045381596765,1.2464323294027762,0,0.993812284761001,2.0079134680166613,1,-1.037050086363746,1.9612476476604896,0,0.16252524620298386,1.276174295576211,0,0.5634190038622697,1.6185780236594787,1,-1.1125293798127807,1.4184495885833581,0,-0.4538995773376461,2.321424262493137,0,-0.7292130589711678,2.3856824188189947,1,-0.7116774687601359,2.1035159056077046,0,0.5623454666112592,1.5828144386401723,0,0.0001959491471412278,2.120198752585028,1,-0.0020584115412729974,1.1469904365783417,0,-0.8751369455587801,0.9950569708152748,0,-1.4684585230650868,1.713236972713693,1,-1.6355420147815143,2.026042770801724,0,-1.0313552746290644,1.9527641427277695,0,-0.5001361915658424,1.069407611839718,1,-0.6996322008050797,1.2743954362737582,0,-0.7381453808726317,2.3399707364412334,0,-0.33374797504939624,2.225432582324939,1,-0.1460019321445892,1.623120755633786,0,-0.2206366587893161,0.7796225648252723,0,0.18234910667327658,1.6525862914322507,1,-0.786274541451804,2.1647525741480678,0,0.41757394548927707,1.8578068796040483,0,0.8047124754648131,1.7111797096673937,1,0.6340819589831435,0.9394664344468131,0,-0.8354714846688533,1.3986661917191527,0,-0.8001423842862533,1.4404016041343284,1,-0.2597932359225326,1.1305467278430381,0,-0.9492263863205446,2.595966458952985,0,-1.325709059865186,1.0046368222805155,1,-1.0352126211611283,1.4469740038981724,0,-0.39744480833884593,1.1392679952077673,0,-0.48225294869597957,1.2243667203102004,1,-0.21917196774338277,1.4461657295842265,0,0.10611002199344624,1.9886375610628053,0,-0.15513361786779312,1.5316500918793539,1,-0.37656512351451255,1.319482790167241,0,-0.33404344187876256,1.805286566744979,0,-0.19364229281903164,1.8113104481752305,1,-0.08904562332721175,2.2101379268157197,0,-0.42011010447166147,2.125164949269271,0,-1.2032177060813176,1.7690436463186299,1,0.004805742699440474,1.3080666915581138,0,-0.7824230758752805,1.57050909393932,0,0.022161832236661193,2.074724161253176,1,-1.053260069567459,2.4316791738473835,0,-0.4875987740153299,2.1895508392053014,0,0.8585755541929302,2.3334117456345274,1,1.1056937671096791,2.4526525525160854,0,-1.1280342671931884,1.8717005660979844,0,-0.4553287382195247,3.091014058207365,1,-0.5688094228830386,2.5256907531727446,0,-1.3365500128039407,1.5647882717720742,0,-0.9922421025447697,1.4246112702500109,1,-0.7391920093020546,2.315296499097702,0,0.3397887628809362,2.3404789938238415,0,-0.7126306885421058,2.2851552855017503,1,-0.012003106170894373,1.6075380696092818,0,0.20496228035667033,1.6933533927742626,0,-0.2994816651269011,1.0657792506928978,1,-0.17511394111239392,1.6435622846019167,0,-0.5348680909620809,1.5382796268458605,0
137,100,0.6,SuperLearner,0.8585112806410755,0.046740077502351894,0.06020067719998958,0.10318274853592127,0,0.9324002263314588,0.8687086146589825,1,0.8320680651716451,0.45386813656121916,0,0.004394391581576932,0.18475212981064068,0,1.1978573585610142,0.8511360792388774,1,-0.06225213053114691,0.18560131351583192,0,-0.027719980037995407,0.1335332671542431,0,1.2829373395990618,0.8212574452171391,1,0.006993505342552631,0.45150831194993346,0,0.11867676868676816,0.3278043013598598,0,0.9044057682126336,0.894615194307232,1,-0.01812586614599026,0.26751600857075963,0,0.37228015074846377,0.44530320340174706,0,0.7248078156638791,0.5662806235766227,1,0.056360644198154744,0.7974689546197796,0,0.0032284598705797085,0.36303641906399614,0,0.3111767554833954,0.511862633836387,1,-0.08976854295917916,0.1587006689783302,0,-0.12188408866928717,0.046231426378618,0,0.7313865668572033,0.5626690408498854,1,-0.2540247503882283,0.24339518398926693,0,-0.13937766029444032,0.5564805375162203,0,0.29316933853011196,1.4408589272292562,1,0.08596835415119172,0.4232149481892323,0,0.265084054795248,1.1059226072678991,0,-0.18261042541766154,0.3894891004271917,1,0.06755787074148009,0.1770102772820268,0,0.02334186886580921,0.1559407676399623,0,0.9383868301892943,0.5612390590897629,1,-0.30391414089249086,0.4151805806935393,0,0.29728407580550853,0.40151223450674545,0,1.5581522493304722,0.9719938629433624,1,0.004940930989394599,0.3329998741769203,0,0.1992759063539817,0.5848758124408392,0,1.2285040201891624,0.7926505483676537,1,-0.020047343736311795,0.4812829702772737,0,0.08559554796496434,0.18131755139410094,0,1.6766481613379032,1.2189656223217031,1,-0.1974145427788817,0.2652208966324668,0,-0.19346252071277337,0.3728546256360649,0,1.532136565828629,0.6593195043821205,1,0.2667377520929944,0.5347653915219275,0,0.14711974797943866,0.2401688024209688,0,0.9113211770156525,0.6456282613293324,1,0.09934210406955463,0.4399511576871383,0,-0.12081437575649864,0.2261044984640494,0,1.6085715601632835,1.0571029901850664,1,0.17243274321786806,0.32670632145966244,0,0.24315176890932869,0.19883542813148106,0,2.3701081954022434,0.3824514882781887,1,0.053829998375510855,0.18737539748545556,0,0.2403565825773327,0.39921681942483245,0,0.1337553855272551,0.39856483634291223,1,-0.33497171829286015,0.282344252945859,0,0.2767762379317458,0.39789194415906176,0,1.4750477529625368,0.7873490199670079,1,0.2160288043234023,0.23822768698249666,0,-0.030038979677407273,0.3671264559929869,0,0.6241620494955555,1.1508468665219624,1,0.08885708817278741,0.24524477438197848,0,-0.03937725707735305,0.04997612358231139,0,2.6590541452033745,1.4613362942077164,1,0.2507643788209191,0.24975577318602724,0,-0.0307876833094338,0.18132658092121767,0,1.580918917217829,1.211791748183949,1,-0.325078953409221,0.27805076249758665,0,0.17092060995129654,0.3746564498475867,0,1.2294632524146099,1.12831245402045,1,0.2129647387253605,0.6084184304376203,0,-0.13940809899262496,0.6104893214943613,0,0.7104029339794445,0.9171442537054899,1,-0.07494250811342247,0.31386855232383937,0,-0.09811290507199058,0.18588073174772482,0,0.39093170974597535,0.5794208532768244,1,0.9876329959325701,0.8339654007704697,0,0.00786729056930915,0.34771100649276165,0,2.024415650658555,1.7768462633705993,1,-0.04467703771315534,0.8193940352091212,0,0.08003804842646575,0.3417715514853459,0,0.8390539408957874,1.0255414851491127,1,0.33927689980574727,0.4514644096057347,0,0.10121581616427436,0.47361786045709175,0,1.1993937782322661,0.9585767895384745,1,0.037678558210506356,0.07691316144358763,0,-0.018202686868927297,0.22170113760514948,0,2.498959252132006,1.4712359705599802,1,0.7575986790907311,0.3612490011107954,0,0.08745611886138037,0.26587859042772677,0,0.5344069800357202,0.3133334656676909,1,0.006558595151814598,0.06544125063020062,0,-0.02142955183343178,0.47519838772968864,0,1.8564015911985918,1.1678544458756464,1,0.12039759504595518,0.43193891266264445,0,0.06418812111333635,0.37925550837124283,0,0.6616575660676658,0.9878437083483992,1,-0.08111541255042645,0.1721373665956986,0,0.2640141047154889,0.5328737509233114,0,0.24919578229846776,0.45882321976029306,1,-0.052171276135613544,0.15750060375949465,0,0.8700450372302718,0.5226518276462766,0
137,250,0.6,lr,0.9627320485858186,0.008429813957054779,0.00793709024885973,0.011074716601790746,0,1.8712047648458168,0.18569923699639887,1,0.12729947774876904,0.08725532503055008,0,0.012064970511119264,0.030279719263071932,0,1.6909732712204062,0.3875839618679241,1,-0.015721188991006475,0.028279042574334057,0,0.04635752604673308,0.07265444666788787,0,1.7151358612843826,0.46117478897581327,1,-0.03337350384293162,0.0688702862029267,0,-0.005682219828704128,0.05663122892825094,0,2.7906040110860744,0.6773851536077378,1,0.0022015024762397505,0.024313829282584538,0,0.026196377069694125,0.028254582842264182,0,2.0090779396407568,0.6377753694589909,1,-0.012796351577462551,0.07423797221827558,0,0.017463111605440607,0.03967141597848659,0,2.294846444814779,0.3901171050114954,1,0.015131980454858312,0.03934603086536758,0,0.05204360690158209,0.06852467187786593,0,3.1567137213018825,0.695231877927737,1,-0.007684127591228657,0.019120554100347558,0,0.01403522142380075,0.022894774564686117,0,2.313661754917081,0.1502904536849247,1,-0.0016872426354374525,0.017869131058961672,0,0.005382446561034558,0.02338985919850885,0,2.1597938099003806,0.6979983720045863,1,0.054073177177917965,0.10438352067801308,0,0.05739655728136641,0.06767648870882699,0,2.169566875323027,0.25741228256542514,1,-0.0017367957688275127,0.016782617250142046,0,-0.023572130851632084,0.0635606212934486,0,1.718834138359826,0.18006439379231215,1,-0.02350255256900763,0.03896422820134725,0,0.007020309725721442,0.03741728980649887,0,1.9596378206231595,0.64408502572626,1,-0.02003518174919835,0.012158740854703098,0,0.009320846595529435,0.011460895232206492,0,2.5232614039574512,0.7498845344522802,1,0.04268181119901239,0.05586556902081962,0,-0.023779691874129434,0.024092193419274818,0,1.6122616064491608,0.28421284949548964,1,0.1648055451716799,0.06900983026472948,0,-0.0003406323720372021,0.0058595286683675646,0,1.6661697123487234,0.3564299464848774,1,0.04129947206976809,0.03397224831355013,0,0.01934202316455782,0.022084222914009285,0,1.6334427887582996,0.07283361521872304,1,-0.00017099760667513078,0.027941772896904863,0,0.028943504991386253,0.04660926041718043,0,1.416787958076903,0.38479824746782665,1,0.026665089909181705,0.04496023911159599,0,-0.02511658251341851,0.0632758280486587,0,1.6335917793398032,0.40825051857405237,1,-0.025190058142810594,0.025708448025295087,0,0.03187191569264477,0.05675532007938136,0,1.5602427566188999,0.35291668765707507,1,0.006366911802685285,0.020791423754813226,0,0.0053923729709113,0.019565869790299232,0,1.4393018234235015,0.48800614028918754,1,-0.006398338314739624,0.043814895526170135,0,0.007830475510160282,0.028900339302567732,0,1.9249140825429627,0.24588541610093093,1,-0.003639906305592626,0.024654303701974602,0,0.029917587329763167,0.02784679923086354,0,2.6353347858050036,0.5973684243385854,1,-0.04727741660108425,0.11121966901863473,0,0.0023279982149470384,0.05946938654367551,0,2.1463602625143396,0.40412396312699317,1,-0.006953013470720937,0.02176670245813817,0,0.10060964998533325,0.08485875635830654,0,1.1236019296415805,0.3281485211396703,1,-0.006493170478929651,0.025404225913807407,0,0.00341388372067357,0.05036559997602045,0,2.0318652700444852,0.5081549460701497,1,0.03203693277563628,0.04219902784674606,0,-0.01806400374663732,0.025870923508232047,0,2.3680958141726682,0.5797168504259859,1,0.08303433436360047,0.05450596137150613,0,0.029323223813348474,0.029906674316874958,0,1.4805768810548858,0.38425709140099806,1,0.0711318417335716,0.10608147380128727,0,0.010877813312271643,0.02704050003000232,0,1.5455724293916695,0.44241395630086705,1,0.004204181347440343,0.04355145577426887,0,0.016474971771925133,0.05001278107682308,0,2.072707566673208,0.7117059400590835,1,0.008166495400347,0.015423131574193052,0,0.03832811983327047,0.019467286634929866,0,2.0613837698376987,0.22080272075269242,1,0.03172296920128599,0.04816356594761976,0,0.004480756734373826,0.03307917682868836,0,1.2229958366470877,0.3897406708079167,1,-0.009496452985734472,0.03607180037059257,0,-0.0071593933386965205,0.009346779049615244,0,2.2681725621969124,0.8799961893274166,1,-0.025480387632386636,0.02171564390025138,0,-0.008802079233430285,0.038232999650157,0,2.1538722211356256,0.4417209305676149,1,0.04594000492018883,0.03414733412149458,0,-0.01647099846580551,0.024068870791988262,0
137,250,0.6,lasso,0.4546616544803797,0.07136965832695523,0.0,0.0,0,0.00230436301471741,0.00460872602943482,1,0.0,0.0,0,0.0,0.0,0,0.4002927529925927,0.2218592610331318,1,0.0,0.0,0,0.0,0.0,0,0.07726372112604192,0.09662846734625727,1,0.10601386422327108,0.1614382415198885,0,-0.006714971699034665,0.03198556562963204,0,1.7453735077949104,0.5808038176464929,1,0.0,0.0,0,0.3702570835896082,0.35973382245369884,0,2.6929881516469076,0.9641240752575101,1,0.0,0.0,0,0.0,0.0,0,0.4819346807307934,0.32784936797267833,1,0.0,0.0,0,0.0,0.0,0,0.5276293887573239,0.6281296705708501,1,0.02208668746024726,0.03625149275011729,0,0.0,0.0,0,0.5865146026886665,0.3492590703878343,1,0.0,0.0,0,0.044981656665273734,0.08996331333054747,0,0.0,0.0,1,0.0,0.0,0,0.03005611688759551,0.06011223377519101,0,1.1457362459151643,0.6512327767834177,1,0.0,0.0,0,0.0,0.0,0,0.0,0.0,1,0.0,0.0,0,0.0,0.0,0,0.030303115821402316,0.04157119774799654,1,0.0,0.0,0,0.0,0.0,0,3.056192246750589,0.8676734503481507,1,0.0,0.0,0,0.0,0.0,0,2.9911821867511845,1.219898021437548,1,0.0,0.0,0,0.0,0.0,0,1.1853750951056192,0.43153896847825274,1,0.0,0.0,0,0.0,0.0,0,0.0,0.0,1,-0.024915926053699335,0.06391683646208196,0,0.0,0.0,0,-0.031295701992030314,0.05848491094117422,1,0.0,0.0,0,0.0,0.0,0,0.6909380489424761,0.43624794357628816,1,0.0,0.0,0,0.0,0.0,0,1.06118794008444,0.7026251684182797,1,1.195343714341808,0.7618935079399464,0,0.24275900426686228,0.22653227562641998,0,0.4391206458534464,0.29108682606386643,1,0.0010538399401605148,0.0021076798803210295,0,0.0,0.0,0,0.22473939115937522,0.20962615671045992,1,0.0,0.0,0,0.0,0.0,0,0.20277883396529944,0.15780279939812045,1,0.0,0.0,0,0.0,0.0,0,0.10035171109360615,0.09117971696127676,1,0.0,0.0,0,0.0,0.0,0,0.6645419180751425,0.2405556560006632,1,0.0,0.0,0,0.12906024507400593,0.20375659311422004,0,0.5081470674556942,0.14593387065798277,1,0.060669301705190117,0.07863387461500365,0,0.0,0.0,0,0.6209821389699111,0.5144345523670696,1,-0.17194167839688165,0.34388335679376325,0,0.03358695576814904,0.06717391153629808,0,0.010829091136814909,0.021658182273629815,1,1.2558179144707793,0.31464856011326026,0,0.0,0.0,0,0.0,0.0,1,0.0,0.0,0,0.0,0.0,0,3.652341341579894,1.3647064964175448,1,0.31327297667282156,0.3049471557160499,0,0.0,0.0,0,0.05925414144517614,0.08319725703465294,1,0.0,0.0,0,0.011392129514097037,0.027529334789076237,0,0.0,0.0,1,0.0,0.0,0,0.06006447845138828,0.06414260349453996,0,0.45509937126576033,0.2574814980387017,1,0.0,0.0,0,0.0,0.0,0,0.0,0.0,1,0.0,0.0,0,0.0,0.0,0
137,250,0.6,dt,-0.4220788708365367,0.26410196864594426,0.10660453262626506,0.6408817181525667,0,0.13535070268956678,0.1949732717932496,1,-0.3498982316479426,0.4291877101476247,0,-0.5798650972801911,1.1193670287273008,0,-0.2141073641875789,0.38596587001356436,1,0.4953648123556492,0.7575392032740823,0,0.439014814762878,0.6330736398909048,0,1.1724025822419955,2.281106189708349,1,0.22691514119369255,0.25585569596208074,0,1.5319697032400779,2.2054031770841354,0,-0.46643554311337443,2.173880160546342,1,-0.14122873394140875,0.2677008469756193,0,0.391584343312456,0.5298897038502883,0,1.5235814626168014,2.7871097198842043,1,-0.2923475276907487,0.7298808459707712,0,0.017820724496212564,0.06183535715871126,0,-0.13160368133552874,2.2122066329646293,1,0.021032232225208336,1.8157965567574246,0,-0.014174791260706171,0.028349582521412342,0,0.7157294977439556,0.6267723668156336,1,-0.03237479659189135,0.702658398355589,0,-0.13827351280562772,0.27551427562557623,0,0.7598213302216736,1.3457125996974115,1,-0.037876512032145745,0.9405930093056268,0,0.13606608349369612,0.3701669858243151,0,2.3800260675855487,2.9310211896204694,1,0.034465953106524325,0.06384480360638528,0,-0.047033883838668335,0.4615537590265852,0,0.3911038503847262,6.559645186584459,1,-0.4535044815929653,0.7172300368460715,0,0.8942405762604405,1.2175332009503985,0,-0.21352534270363743,0.702652761166894,1,-0.4215150791714062,0.9266879282914573,0,0.13483009910777352,0.5904580149202482,0,0.49120140202634327,1.4240229781256892,1,0.6765481393090167,1.4485359128134945,0,0.08351549643251019,0.9552136573312242,0,5.734170485124372,4.4207122804616885,1,-0.12485216519778572,0.6350112520074415,0,2.494464382195524,3.723727651178536,0,1.3478119254419878,1.7014451335391674,1,0.1701435255113169,0.34529723263464285,0,-0.24981517141318416,0.6521787800050569,0,-0.32197587196924815,0.7372512604353942,1,-0.2898780225399065,0.3996427394685877,0,-0.08890757627155146,0.08283819231130922,0,-0.16317011300108994,0.45508000010177746,1,-0.006000232627057585,0.012000465254115168,0,-0.11458761270533357,0.2313552158589173,0,0.5422007798990807,0.5313619393364335,1,0.3243607505327467,0.4419525054194022,0,0.10771625126704838,0.2304612198516113,0,-0.6604617223229862,1.0068634246826091,1,-0.09187665947329003,0.1673917234541715,0,0.5660106032704396,1.0738400947318538,0,0.8657651083632454,1.6704799694486092,1,1.2527344568046606,2.1421212839035717,0,-0.0026146179485890784,0.5434769668402646,0,-0.10871872907463123,7.359342977142647,1,-0.30208291575415963,1.4291164561621799,0,-0.10668359501891984,0.1329990488279282,0,2.4236907116116067,3.066764357519399,1,1.8546374530718288,2.5062697008017816,0,0.004661136241026611,0.009322272482053221,0,-0.4023445350112828,0.5979914858986508,1,0.09538537564631397,0.18787621010202263,0,0.783073583261283,1.4797687057054665,0,-0.48027595735695217,1.09864272949434,1,-1.122467800583784,1.980158065209022,0,-0.2938182490821991,1.0566019796377426,0,-0.8927141956505424,2.851834826509347,1,0.05535282104066067,0.1127032909360037,0,-2.537105277097333,8.671632033786189,0,0.09714670054190863,1.064374500999477,1,0.32980639857052446,2.277845565755154,0,-0.03287841491827866,0.7608719844613833,0,-0.29418180630218366,1.7255688203488992,1,-0.23563679068473942,0.2756613792014044,0,2.050021816720413,3.964944386876453,0,-0.2545280514705399,0.509614039526584,1,4.097552264578356,2.8035906136458006,0,0.2748736408653243,0.5219149087050119,0,0.03143082949825808,0.06286165899651616,1,-0.2765074409399962,0.5146438083456123,0,0.47168153666961865,0.7907668846306666,0,3.480476438746563,4.481969221475265,1,0.0007199475475970871,0.0014398950951941742,0,0.4740371517276942,0.5818071382619159,0,0.0864851048171916,0.17116865463367742,1,1.7927431929588455,3.5559438219065562,0,0.9440992295233807,1.7873286932721228,0,0.4243147293068337,0.8424557523046744,1,-0.9244621880139006,2.5378340509914157,0,1.3331213171779115,5.513101418239905,0,0.442264716805592,0.850878853716942,1,-0.8913252252415289,1.9642679619562111,0,-1.9970501147949782,3.646335724355509,0,0.1451124646260573,0.38757418525984877,1,-0.11759169653772802,0.21767869278562882,0,-0.03349464009280256,0.5481773763155808,0
137,250,0.6,rf,0.3271919248941245,0.05162055631984605,-0.01806379381047245,0.09460190733525872,0,-0.035419328773454786,0.014304980895720269,1,0.003526539064496305,0.10000092620508855,0,-0.10451516526947187,0.12437770724062436,0,0.24667188185426542,0.24029581344901607,1,0.0041408525062891785,0.023850529559717597,0,-0.005212161024127071,0.08107622987791246,0,0.2705798116321001,0.14012120479761403,1,0.08231966053768817,0.18060786216170097,0,0.3842390244801347,0.7902157611641452,0,0.9707533625380375,0.5498495499446506,1,0.1737004181050856,0.24143333567161923,0,0.287704117773817,0.20369593112638845,0,0.4990469845329457,0.2192285292060337,1,-0.08601272942794341,0.10793891150736128,0,0.17467436348018445,0.07504125964612059,0,0.25870549645026947,0.09465845306545699,1,0.03065558954493563,0.18641371519839703,0,-0.06284608432369936,0.2760359060262807,0,0.2574715912748411,0.30077097547620224,1,0.04861992928781742,0.24045427455724885,0,0.03980996176992933,0.1538830330655042,0,0.07856896507795637,0.1578071307915409,1,0.09344664383783553,0.0499512252503335,0,0.09694095494618916,0.0847235832045696,0,0.09893316474872885,0.08714707116047789,1,-0.010484768744241766,0.11875266693818921,0,0.07954219576020836,0.19852413350588846,0,0.4930996466174161,0.2543095071835606,1,0.04709188533733506,0.2062378198466797,0,-0.0397141606384062,0.048690774514852236,0,-0.0538588521235945,0.11389852220354806,1,0.01632172579494383,0.1218931682013401,0,0.03834902562380458,0.0420101688405508,0,0.17476157942810905,0.1421664153334616,1,0.08871427068422351,0.26330292907538855,0,0.2102912746036904,0.21615358979856766,0,2.707216787588345,1.0595542970880405,1,0.07481938075599735,0.14396747803318038,0,0.2587549771608692,0.37065198279299916,0,0.6867424964957319,0.5695129236850456,1,0.15082269599886278,0.27581965911312945,0,0.09540848923435744,0.07759094358140796,0,0.24000364721702389,0.19430663271082213,1,0.021321496272114916,0.049931097850056776,0,0.05022194895315631,0.07552549915529747,0,0.004332318974050528,0.1476200233953216,1,0.045692952483027086,0.08741080697771578,0,0.17962415275945753,0.13133894945178737,0,0.07907240065770653,0.2201962323892399,1,0.0431633442129901,0.1587710013385906,0,-0.03988361915353791,0.14217219205960063,0,0.40403494034316917,0.2430372353163229,1,-0.023386365829354588,0.16957733676572107,0,0.07859604676809676,0.2223180872931413,0,0.7305366211802191,0.32428768803073654,1,0.45861938041138195,0.7161838655565792,0,0.17303921907135358,0.23662132675485317,0,0.26453250367740117,0.13127292301037097,1,0.04532948949692156,0.17644007735934403,0,-0.019612556932131923,0.10883519751835238,0,0.17083545464085334,0.2939355554456253,1,0.0208083540941486,0.06344206183589363,0,0.04764903584173806,0.10308587765857384,0,0.2686443841882858,0.3056884828309847,1,0.1471324997313109,0.1490600046522179,0,-0.07731473255927808,0.03327092080431279,0,0.06070979741535052,0.09126997785900416,1,0.1324775469432832,0.18224230816876907,0,0.07461130535998445,0.04817272832248769,0,0.14711157910049116,0.09839167342696384,1,0.023698509383148488,0.07299095233080896,0,0.021447592675020676,0.2222492756377816,0,0.3201346409785987,0.20809023849407607,1,0.14141313757369964,0.09039601806082387,0,0.054934538105278354,0.15188368766417956,0,-0.006364632674313755,0.22145216817111646,1,-0.04828817396440231,0.1565334223012887,0,0.3569759964905777,0.20848070957406425,0,0.25743145923188127,0.15549343901271673,1,0.6799005244447216,0.2854410174429228,0,0.16664219145977183,0.20315153893823237,0,-0.024880254755870752,0.11236920872822796,1,-0.03206737857362298,0.06005637664382309,0,-0.00847907384458475,0.10407814038874294,0,1.1798875530827397,0.11786535721782895,1,0.6518802430320706,0.28197205383292817,0,0.13975696200283322,0.0687380099224044,0,0.04736822002918203,0.1137291504561687,1,-0.02384485262194775,0.17617978023945002,0,-0.09020540420685633,0.16637985396603674,0,0.09748041285286681,0.1260123336371267,1,0.0469714824982497,0.027183086765357297,0,0.0563071111174029,0.1905889545180068,0,0.07558513597182187,0.22069809777223828,1,-0.044459877324087536,0.24033567245808,0,0.0052014196651641266,0.08287011441201833,0,0.02768164556012091,0.03437801117458218,1,0.03220600986799206,0.064704831160211,0,-0.01528208269714681,0.1464700143375642,0
137,250,0.6,et,0.39257829717448384,0.07610714396792397,0.07170551981560855,0.088023428224381,0,-0.025893915885818696,0.07460199875221525,1,0.04280662244127194,0.1612555402922999,0,-0.05483636679403919,0.2279293095817763,0,0.23781320587887128,0.2857147210303701,1,-0.009231117563470675,0.10012093580404062,0,-0.017369026792251448,0.11460608429883873,0,0.11438998030519634,0.08281371332832785,1,0.14806568470610434,0.040787170521271454,0,0.5579345153851344,0.7281159752370692,0,0.7575382579695058,0.46007543701830256,1,0.13915039071749669,0.3700617718295223,0,0.45845938121692686,0.26261515980261463,0,0.4741090879647416,0.27473601305903345,1,-0.012886206090467978,0.11679098381668794,0,0.36000729296390255,0.28868208438857834,0,0.05377226631412226,0.1412063361230057,1,0.17231774244012082,0.08587585115547597,0,0.08682675072510457,0.1404212947191994,0,0.06282385622080827,0.22976267509063353,1,0.05950684572705138,0.17855429203654022,0,0.00841000873250714,0.07336038736640199,0,0.291255099611725,0.09936157429707043,1,0.19924541002332352,0.19376438322450698,0,0.13167430994114704,0.1071586501559261,0,0.1399976438695754,0.14393252502601717,1,0.12402703587889077,0.14722747236116537,0,0.22065427312324237,0.09372592681493666,0,0.3748303320734602,0.14088159192119146,1,0.0706581874747306,0.1933229467507121,0,0.03368009943847375,0.17456214043207136,0,0.04247583848669827,0.08448100816512856,1,0.07617788063279474,0.05190550289402078,0,0.07888559337243103,0.11853660030951677,0,0.13889625774946576,0.19209260294390834,1,0.09419781293005727,0.26598637826125926,0,0.18650103365827403,0.12941304918335544,0,3.3212799281017324,1.6275791157475938,1,0.20909360539781147,0.13499278152909236,0,0.5419608513317394,0.369926746429485,0,1.164675238592745,1.829971712359736,1,0.2175016379795685,0.09421626383577547,0,0.09999435751403976,0.1723280523641301,0,0.38328487286219165,0.08893728299081223,1,0.0017319543217307128,0.07266933230203806,0,-0.040688481752986505,0.0709640032668916,0,0.09395481970419908,0.3604063263183078,1,0.11313363331756825,0.08115432512489605,0,0.10510212607465101,0.10782210629122332,0,0.23403511510524258,0.18841481915823705,1,-0.02300844288787455,0.17748567226676015,0,0.10702529183761919,0.15676592527634833,0,0.49056998416954656,0.4203595129516447,1,0.0044563432156522805,0.2204432837668536,0,0.10727760351682361,0.2626865015937144,0,0.6341877286897242,0.4385765421906935,1,0.7891414074503693,0.4431557183983671,0,0.26152902948523016,0.15849486404206378,0,0.3337809434581645,0.15632971486181088,1,0.1619274642488499,0.20294844161994133,0,-0.004127954630733453,0.10463947628748924,0,0.21940659780554359,0.2117630733380108,1,0.05573780626959055,0.14956101116880355,0,-0.011231624711305685,0.061648010850905634,0,0.259613297296781,0.24860376472039797,1,0.16352042840044603,0.09909129781647749,0,0.09759342269847765,0.16496188024676892,0,0.03873599520413647,0.06299698970769434,1,0.0720151236722746,0.0683964102995578,0,0.03494990654955391,0.11668751735995793,0,0.1941686144915016,0.050368616656311815,1,0.08820787707830198,0.114700427004506,0,0.1149544963986234,0.15630599887667737,0,0.36937365313719694,0.17638318824074584,1,0.2875684108274751,0.1662804457215998,0,0.026379155419857154,0.13136433290879798,0,0.2116792747233723,0.08072112479828844,1,0.104897477092833,0.20188737329710493,0,0.2791291873659372,0.07825502257943556,0,0.18869695308362594,0.16451415447735762,1,1.0893261125992069,0.36419066621812396,0,0.08043702900111818,0.20675091305890467,0,0.013625316130147553,0.05751592064740355,1,0.0019256262509636727,0.08189756701778936,0,0.04586335586513576,0.2495116363400599,0,1.675047013554708,0.5315604548051036,1,0.5470606641609445,0.25224973189256406,0,0.11033082570436381,0.10822755403109048,0,0.06076386685972677,0.1756210296594154,1,0.0018700323382133497,0.042976714298115705,0,0.041680933732978265,0.04628585875273697,0,0.08382356765399755,0.1358501110152811,1,0.11212062998604763,0.1406607499242064,0,0.0706952539803782,0.11266095810653065,0,0.22278443761991645,0.20894166253084162,1,0.06482240758473529,0.09921791764295898,0,0.06498042645971872,0.13739734713207238,0,0.03951680944241366,0.08466591606729676,1,-0.015237140927121107,0.043307849241103445,0,-0.06727626861999295,0.026734463090198647,0
137,250,0.6,gb,0.41293411782369993,0.04325399649042443,0.024932764785474702,0.23173766780750682,0,0.021114551535173224,0.04960722808191071,1,0.011367232694603102,0.011589334611769588,0,0.07111020559363314,0.08026439076703452,0,0.2373823818348531,0.3148022304955559,1,-0.034022634930037855,0.04408236662532398,0,0.09394798318695267,0.19257550576057111,0,0.10495554918416268,0.29648490365832464,1,-0.052317511120339666,0.13353232232675522,0,0.7682678050423728,0.3721769127203601,0,1.0025342781720294,0.5033231195966508,1,0.13814139369499082,0.40244450321384995,0,0.34483555110516406,0.4311022867542018,0,0.589200650136723,0.9740512452590787,1,-0.22120739720399776,0.4325295961380741,0,0.22232661803724213,0.3698423915895908,0,0.37257308919404697,0.5715822561286089,1,0.025907975353827085,0.03734926112927507,0,0.044282776982039126,0.1414873969869537,0,0.17187053193604318,0.601909172324413,1,0.048026465907528446,0.5279178222549391,0,-0.06885036757075759,0.12780276687268374,0,0.10888725686417655,0.38613069424340246,1,0.32391410384365865,0.16746134823653458,0,0.21888302251743513,0.3003254323235552,0,0.26537106848831316,0.1444796757832245,1,-0.07474322898670976,0.1294655279641046,0,0.5344042579569142,0.19138747529332584,0,1.3972106454095237,0.6394668032316185,1,0.0018314142233154917,0.27249583637029623,0,-0.07353061182206329,0.0691007779953427,0,0.03388793149701287,0.05539677651071744,1,0.02099734562757649,0.12944309339546936,0,0.0685496356405902,0.12377409314078643,0,0.5488067656965535,0.18041700355260218,1,-0.005223725727862369,0.3854340455355599,0,0.15831488203775282,0.1850242843456043,0,2.9910816272623357,1.6309540258838287,1,0.1614558326710159,0.11773512619190396,0,0.40246854974668667,0.3737501860508246,0,1.6424057776586949,1.5419836506259756,1,-0.01356076348968956,0.30832980876718596,0,0.14287972724966388,0.1915155597655539,0,0.8422756472152255,0.33302979223235796,1,0.012745236509797036,0.07622132356743744,0,0.0030559206821891686,0.03726810914072428,0,0.07792620610568725,0.15466948137165898,1,0.08191498622413648,0.10491680924850423,0,0.10726149442260506,0.15070482011533823,0,-0.11522318559198094,0.420963261554197,1,0.1254140740108244,0.18958487888592487,0,0.06607565959375991,0.1385492781421308,0,0.7910854007563161,0.3369376872798166,1,0.034218462346741856,0.07220812306223925,0,-0.1056069917892751,0.2301241532279726,0,0.8026789255820802,0.8584115245255141,1,0.4703654929084661,0.6545903134950289,0,0.17603932719553983,0.10020443062568592,0,0.465985183627991,0.503619438502347,1,-0.03763509781833855,0.09350370073632906,0,0.10265842909059716,0.20703137764716903,0,0.2504624140792252,0.4994218894963004,1,0.08312739319785863,0.20840080652145143,0,-0.010702390380189641,0.009440008749968424,0,0.31027351930075836,0.41826969882769105,1,0.06550539902242192,0.2445958880309933,0,-0.0035654713493879194,0.014650557896127693,0,0.11500661872342295,0.11693767256833425,1,0.03134237389050647,0.13108959004769022,0,0.05280694391368923,0.13159896317393732,0,0.09343069588231889,0.2220399106106861,1,0.09138432585938891,0.1019495033031629,0,0.09178940693240925,0.39480030951669276,0,1.054145827349738,0.8170731011188018,1,0.04861371673867708,0.16149252789164797,0,-0.0016137171721622664,0.21294262203131295,0,0.5035862139488481,0.43051141832638273,1,0.08223244307528525,0.1467506072017004,0,0.9476539649818816,0.484714245962688,0,0.2670285554540125,0.16221373769287106,1,1.3607515495356037,0.6534659052642795,0,0.011656341883619463,0.04903144901401618,0,0.03703429107538596,0.1348459774799784,1,-0.15510940416304775,0.17731258185690735,0,0.04659707221359246,0.18317354146307385,0,1.7216238289502699,1.169778526607852,1,0.2107668644513699,0.14172837224873377,0,0.0957205844035651,0.17239351294540547,0,0.16875314765168448,0.30568047420696254,1,0.07789574826244483,0.12118757990186574,0,0.08630969064298497,0.252845682832098,0,0.14955756931445557,0.400468314309106,1,0.09989778964291551,0.13475031277154725,0,0.2561529416366409,0.5334686498632586,0,0.16444702933560257,0.26189711405838156,1,-0.2143136120165519,0.2881552923041252,0,-0.10318473262512214,0.20295341792156893,0,0.1575935726299756,0.2465296695167122,1,0.024367673101873495,0.13897833001406734,0,-0.15600317143958545,0.1827738995615315,0
137,250,0.6,hgb,0.46661129013470876,0.05697320374431105,0.058433834446653746,0.09572164013706266,0,0.09187449337846365,0.19022595324517594,1,0.08800155796239857,0.1614412409220538,0,-0.04501610677521507,0.2373896507140625,0,0.37191997424614315,0.2838773011406975,1,-0.021389756692817345,0.0536079465460973,0,-0.0598377761295549,0.13776351808991052,0,0.6608562175651328,0.3329621801186105,1,0.21745797797254957,0.3018021026875359,0,0.6131878941053465,0.40451010651186603,0,0.6869790101754161,0.3318976320137769,1,0.2072927810653109,0.3782313411755392,0,0.27739076071379504,0.14166288596568813,0,1.1528779935627236,0.9845374811458776,1,-0.20186945920018493,0.33925475863611665,0,0.49650966326955526,0.6287197585879141,0,0.5823502694007896,0.1842951461376067,1,0.06369318953813193,0.1457852738005442,0,-0.010470118888933753,0.10989414531130208,0,0.5271837365221219,0.5420321899016273,1,0.3977236769857466,0.5452330465814156,0,0.01667775975052956,0.041882737468315744,0,0.2636269983372846,0.21983973396750553,1,0.15144483829247243,0.11762162849936063,0,0.3568688799052554,0.40658072800428086,0,0.07223741052510493,0.26285409575305113,1,0.11392159393877241,0.1890533262445364,0,0.1412590072123859,0.19099780978916694,0,1.987326808646904,0.9638199968809713,1,-0.1254924519528441,0.2552166476831231,0,0.0039493545146587206,0.07768578193571526,0,0.06691422358603087,0.09939400370957623,1,0.010504883262613503,0.10634949792208231,0,0.026375173284787324,0.04323257700930524,0,0.9554605763014272,0.3735753831994301,1,-0.055225212908621056,0.1798540052015705,0,0.05741271109587487,0.12591265631560658,0,2.602127039040549,0.9872430585822631,1,-0.08024930381952432,0.8721646821288888,0,0.08981367791360015,0.3413468626849114,0,1.139203707378698,1.7099580062614164,1,0.13702289202793153,0.14579134645178585,0,0.10519446751108015,0.2727110558638649,0,1.0484790588369928,0.7323832184162617,1,0.028146231647302032,0.04719092853382988,0,0.023092764325606738,0.07043848359793997,0,0.24296475816489896,0.23558633017736344,1,0.14780201439210644,0.3871764317570939,0,0.1581127927330947,0.3547467393254837,0,-0.0010637743327019445,0.2894535961167651,1,0.023120462509101027,0.15732137124295936,0,-0.06103319545920932,0.11165921438768843,0,0.9437101173858904,0.40376721164795726,1,-0.029963085036395408,0.11853716175909725,0,0.14964477761324907,0.2055372263099118,0,1.4783120762196258,0.6349170617063342,1,1.1523487204023912,0.6206468613548544,0,0.06914041293849965,0.198090078083316,0,0.09710113385588515,0.28385674398155647,1,0.24061239974713064,0.21025431405946957,0,-0.04846663674158526,0.07797892610539577,0,0.43173108754923806,0.5251200782896084,1,0.058519415139113115,0.24805859010338852,0,-0.003887505355602002,0.011504731981984758,0,0.29481158769895527,0.6166639752593791,1,-0.12078359321087875,0.28709521471909316,0,0.013915148575383115,0.04033557375480841,0,0.4119435944063289,0.5521092227059479,1,0.06627916042540485,0.048242270986372446,0,0.05855743256774728,0.08507094749343064,0,0.1613815228646987,0.31042491989277776,1,0.34594585236186026,0.1985647042588187,0,-0.03856190229018973,0.7513040406792807,0,0.7570378601798093,0.5323634899341024,1,0.3931600407162569,0.3914689236834389,0,0.06335468255529517,0.08115885072912968,0,0.6237667406494547,0.30742218441438307,1,-0.048207754528859253,0.1987092391422834,0,0.562037316975433,0.37379960311525484,0,0.3621472987274389,0.37634208752867315,1,1.4023005211159585,0.8190653915203319,0,-0.03042446676274051,0.04156999502969597,0,0.14088473443590496,0.16924835598022359,1,-0.08234753250955243,0.18260603743653583,0,-0.00822052170327471,0.07429066313138746,0,1.1863225653903549,1.3246285054345053,1,0.48448972055115025,0.5801941493938572,0,-0.07303549936207748,0.042367659300701105,0,0.2050419953411764,0.15886466807276256,1,-0.014621242659514422,0.13637711494521276,0,-0.05907997888871649,0.29031224927581334,0,0.23536355852346308,0.21243966824342045,1,0.12293672477966064,0.18923045571777014,0,0.11769393893739313,0.13760683422228834,0,0.22994705990360353,0.49997939368950783,1,-0.03849805897366909,0.10081646822461533,0,-0.08816326965178112,0.0363633737395976,0,0.2350582290354771,0.19640630386571858,1,0.029795608607896606,0.05298016535878869,0,0.027618405999159917,0.04531225428299113,0
137,250,0.6,ab,0.32810441240820437,0.06394146604477968,-0.05019461289188996,0.08278326753825374,0,0.07253937591574916,0.08901713055086388,1,-0.024466470748500502,0.3590593815827113,0,0.07152917688961366,0.18781888927534432,0,0.23824572677098307,0.3730659025636292,1,0.08982942860802626,0.17167438310244862,0,0.011254533133979778,0.06585349853640823,0,0.12092768986920262,0.3849677828592088,1,0.10411745148753444,0.25985738182302903,0,0.19847701844002108,1.0793374860907579,0,0.4605078118036768,0.2817805383305192,1,0.03028820311889676,0.18554044957836494,0,0.1981474265716136,0.38951151936642797,0,1.0789096456069027,0.6516529457318931,1,-0.13680926100720253,0.12087557839594112,0,0.012070360046016438,0.3658623272797227,0,0.059843438440695396,0.5690487649273197,1,0.13134260709269274,0.1953923004470424,0,-0.28758273681510543,0.5679333062252853,0,0.13741127558262173,0.6089028643255859,1,-0.3953266608412034,0.589856804228317,0,-0.05388920760572743,0.2672274244749444,0,0.13238452879725654,0.13853705726912882,1,0.03474499139998648,0.06948998279997297,0,0.036118703538972084,0.2090603391064061,0,0.01170124739606769,0.12784958178025685,1,0.018356607877114108,0.20502940844011544,0,0.23455852305618857,0.4470655804213379,0,0.5058408854885015,0.31079397700608474,1,0.03707296845839301,0.22584442935179677,0,0.11689983126171373,0.17084025458423166,0,0.07827838736587506,0.11724687140414573,1,-0.08269814512451384,0.13656163282972222,0,0.23688779759298012,0.14097047228121454,0,0.15408957502170934,0.1695768851818053,1,0.03160528931052048,0.12717283538556307,0,0.19675500107790178,0.280975989723104,0,1.6461961050874514,0.6753724375153496,1,0.19632350257836922,0.12187587689320836,0,0.28807006427567367,0.29511479316783823,0,2.682101103642579,1.2078652966530723,1,0.03350053176084354,0.06594642332783782,0,0.0004397528073964166,0.021064008261153736,0,0.09626218988457169,0.6061672401733584,1,0.07392403961889767,0.12088087247068134,0,0.0,0.0,0,-0.14751720906776428,0.191763852491876,1,-0.06214387243878727,0.17661000971496318,0,0.16060561169790108,0.2445004506161251,0,0.002928588969814255,0.12144454884389246,1,0.03020866137469457,0.05340695481300225,0,-0.23432964127520955,0.31009668626492365,0,0.7528470204474947,0.2728946439514212,1,-0.057880828190730906,0.23231767494248795,0,-0.032482803724286954,0.16183076978772054,0,0.32269084273056325,0.5599334019291814,1,1.179542917794804,0.963165093556104,0,0.06649242302424427,0.32523035752510365,0,-0.04628459946894294,0.33997472634470344,1,0.14938465690451375,0.4495705901506834,0,-0.29619582288343566,0.5730692426243313,0,0.1374550179067403,0.7394148274778958,1,-0.021596012211015498,0.202893815340568,0,0.0009418297822749366,0.0018836595645498732,0,0.10123595895863677,0.37198326249204583,1,-0.046691172494596575,0.3411570590331921,0,-0.07114114647442824,0.14228229294885647,0,0.23372930540638848,0.4879963813098684,1,-0.19884020713729053,0.2674093735845846,0,0.06950833577000831,0.14374855894763536,0,-0.14751808486663148,0.38503406867752815,1,0.01942570234666018,0.08861498786972542,0,-0.045836645677774554,0.2161429053306284,0,0.21157606375635002,0.2234175669875509,1,0.19647248084638913,0.22769789483576391,0,-0.17093070608713978,0.15936197381611247,0,0.3149302099455733,0.7024135430755012,1,-0.06576903453217525,0.09927292209057008,0,0.15962604647755602,0.7372212201712354,0,0.5971947763283818,0.6691857856865364,1,1.9565425038151276,1.018353336524295,0,0.04568498101746713,0.09300182738816817,0,0.0038023259988751194,0.036113306388423944,1,0.029923416190564777,0.05984683238112955,0,0.0037050910784506936,0.09426548455419359,0,1.2239505559150037,0.6815012822214415,1,-0.08755545599749545,0.9868514664353826,0,0.06295570639948737,0.07487645587508693,0,0.0970504805441004,0.19744248290699531,1,-0.08433231054033453,0.2391036562249949,0,0.006137533159553843,0.26261538008483826,0,0.13860107241686054,0.25113512425678064,1,0.13633318509688708,0.15393421298012738,0,-0.008849158124237932,0.07537348932442405,0,-0.03157469583673382,0.48570944858760984,1,0.17268445686091294,0.16918832616843985,0,0.00797451839064528,0.23712497370593155,0,0.04333194805829345,0.1350918838239708,1,0.0,0.0,0,0.05889632991407016,0.12892802967238418,0
137,250,0.6,bag,0.19710002151942602,0.0658081698714707,0.16053150551408354,0.36255671726300037,0,-0.01850284298714661,0.13281341415752143,1,-0.1699115686056713,0.4257182777800578,0,-0.11961220474273797,0.28961491034936127,0,-0.028883114533450376,0.3038124293672976,1,0.10701541356241455,0.09804054822510055,0,-0.044500693979437914,0.3261264844438072,0,0.13093751465784892,0.5419455680245707,1,0.4143061443338426,0.49444964958463605,0,-0.48901057263810827,1.5447329714078692,0,0.061619577927552835,1.6653196163411514,1,0.05016339759900597,0.5551199396703558,0,0.3997120130763645,0.474834274887434,0,0.5412195103250401,0.9259548293656031,1,-0.15389234071823446,0.23186076460264257,0,0.07650701052315399,0.36053401150467007,0,-0.011718320459711235,0.19027358905104325,1,0.17871368713213626,0.28285031579281467,0,0.06906270685165214,0.07907951743027651,0,0.15347022269079308,0.29126316424283494,1,0.139923109631875,0.35857409954243863,0,0.01377545617136539,0.1464502639221506,0,-0.08944629029449006,0.29339169839460677,1,-0.052185301715642216,0.3773495925848001,0,0.11100450476411734,0.08803675242308916,0,-0.13785898452710246,0.3866442195813897,1,-0.18507750890471536,0.3515495916132824,0,0.08756505165196853,0.12343609847934107,0,0.13688978677877423,0.2941650780586794,1,0.4111339322379378,0.9356449965280044,0,0.022037357080873708,0.09600590551188902,0,-0.11142998959310665,0.15669217319137088,1,0.2713667641715412,0.49485161219312224,0,-0.19863213384968806,0.4066689057810783,0,-0.12455270199559301,0.6253529336064305,1,0.076759670071096,0.5890604682180399,0,0.3076426178940736,0.5234318538548337,0,1.9959000745592441,1.9031792675206016,1,0.053262564779641995,0.1568797922326143,0,-0.2509786814768286,0.5489893408865789,0,-0.02647788393563233,1.5638463855401827,1,0.40166595044838155,0.22571143458984666,0,0.269494136698111,0.4703622232037144,0,0.037736802079256226,0.50164332269325,1,-0.07579359297184768,0.07170025762049663,0,-0.029072667226511573,0.271851595381858,0,-0.18186025304721865,0.46139313187331993,1,-0.08927555194507197,0.29230039186555457,0,-0.1686246192728794,0.6850099810763131,0,-0.13856522556094883,0.3975382499361418,1,0.053666114980075896,0.1706092981346401,0,0.021478622584708895,0.3900557765139478,0,0.5082135448179378,0.6556711242419805,1,-0.155224887203348,0.23723714817493863,0,0.10341033088290023,0.5856716472192719,0,1.129651359955808,1.9078729635376774,1,0.5914247941588499,0.5797379028172995,0,0.13870590302606553,0.11561652698562486,0,0.18936622731249836,0.5241629124857203,1,0.21606553262918685,0.26084333940858545,0,-0.024312233431175462,0.31540161358861213,0,0.07677020116093129,0.9588422561123477,1,-0.10139305723771082,0.08704451184490067,0,0.31263041684462245,0.25598073366277013,0,0.5190109360649481,0.7395019653684001,1,0.272744916268971,0.45731741260438213,0,0.19682176943463295,0.47536876021879515,0,-0.5313073578176859,0.35353156599387553,1,0.3045138203581523,0.3935450590443119,0,0.09909622201523965,0.3073818305186535,0,0.10438654282763901,0.6983956931016222,1,-0.24140488385021794,0.3909368930585924,0,0.03066856225142909,0.44911899621764967,0,0.3297471107539355,0.5553561540206909,1,-0.11230527263663684,0.6035275985729586,0,-0.3735687439306414,0.8418729512921487,0,-0.06969713481869147,0.48885140475630023,1,0.36433773997799557,0.4093193212090034,0,0.4539048654372449,0.7865268149916287,0,-0.07851609019631751,0.33427761172328546,1,1.0184678114927481,0.5202825434398328,0,0.5100778918677412,0.2609315623638173,0,0.056863441270812706,0.18287749756847163,1,0.23061204781799582,0.30281976533896754,0,0.4554524541174879,0.38824379533882547,0,0.3314323819192773,0.8133524482932136,1,-0.02344182220772133,0.6145062419925214,0,0.13609725956306146,0.5891567014123591,0,0.3967018233842373,0.8748457091029547,1,-0.11328390554186718,0.04881651536755623,0,0.3501322336907679,0.37345717381943627,0,0.24349549867585277,0.2694097524452299,1,0.1352781949660761,0.3611241485183265,0,-0.04853944153460425,0.33691866614883764,0,0.294955722927399,0.6273815456930666,1,0.14998241236451787,0.269899128584401,0,0.10205367668575716,0.4150646216341779,0,0.026054664509893365,0.24099521243360567,1,0.0025553123327348103,0.08612520203708103,0,0.14162698432930562,0.31721573915811774,0
137,250,0.6,mlp,0.8981865769479194,0.022517196670226246,-0.05452249169637145,0.05664232409073967,0,1.2801363352771369,0.20410188809070992,1,0.18152716991537582,0.19164654786361462,0,0.014520197846497301,0.1053009034941375,0,0.8566952608836667,0.49665433243831386,1,-0.051979969059212164,0.04806266550548496,0,0.19264595314620903,0.13851036609010423,0,0.9613026578129397,0.18258865477939887,1,0.0008607478017391201,0.060604071457713696,0,0.07368932672577372,0.10233214378244825,0,0.8709425578710814,0.41677995581621985,1,0.023079291322350835,0.13271931538250312,0,0.35406845897637834,0.20068855126086454,0,0.952565438296858,0.22430949809606723,1,0.17176356815737134,0.15219381652951125,0,-0.03562450047118361,0.10483245381806522,0,1.5351960038711283,0.3582097075092496,1,0.1440201538344929,0.04446973382905664,0,-0.028712555273731642,0.008945534538335975,0,1.5333568446934922,0.3451834991600596,1,-0.03403322258711211,0.14153554334666954,0,0.012826505677718297,0.07460150097429984,0,1.292573496845926,0.08230228524259894,1,0.014809544506638466,0.11545903078797387,0,0.40358524458756906,0.15555288871038309,0,0.37881520752278763,0.2445378464301048,1,0.18826694417205977,0.18893161847746912,0,0.06834095497025516,0.09625541203811354,0,1.2049941479847748,0.4152082845474099,1,0.0741913498945747,0.16478317014742147,0,0.047831544873617814,0.08825509111965388,0,0.9915936597356108,0.21966664208648276,1,0.1248859636864488,0.13177373213505855,0,0.09215810485935043,0.15495782995914892,0,0.8745567395648093,0.36106154482761127,1,0.010459902272641106,0.03380396196298542,0,0.007715616825662035,0.06703993308112763,0,1.3619952614230106,0.4276960665214965,1,0.10289178362818178,0.1336711894737609,0,0.14794306878549396,0.16106597620518026,0,1.0977350269436088,0.4844704426550327,1,0.05943139953257803,0.10292952082091206,0,0.3533255202641913,0.14430715999355972,0,0.5122395894789407,0.3049725285889364,1,-0.07893825732271939,0.07905579715660017,0,0.009763375996988963,0.04087304055297712,0,1.1361781878906934,0.42173086754076594,1,-0.07232519119389341,0.1393209719160957,0,0.019913135093031158,0.06486831730186797,0,1.0328479338374712,0.43440620043742395,1,-0.01098558601976482,0.07138376446741623,0,0.26468752546475327,0.24412638864143366,0,1.0932978263355715,0.44916590533643935,1,0.010862935450671083,0.11477693477846446,0,0.07537549325358414,0.09390737900685785,0,0.8461830563550313,0.49569693709271506,1,0.28640121237551847,0.24399558191417126,0,0.07769578115499867,0.11207500282122897,0,0.2418883529633736,0.19238039565877324,1,0.04149999418605637,0.17308834426901573,0,0.03327723374276147,0.04984861582796203,0,0.8361226047970742,0.16220376904820086,1,0.04250496087900908,0.08981298974228294,0,0.016995078507603976,0.09049273678689784,0,1.841773933787548,0.6407521264826856,1,0.05154428654920643,0.12049643745674887,0,0.09236234722356151,0.08709200333827576,0,1.7182157065798953,0.6601643613966363,1,-0.039073389653326934,0.1092031054335219,0,-0.004167748244833118,0.1269025131722948,0,0.5389449611220759,0.422815710661748,1,0.11225108258356822,0.17847396912206567,0,0.13081280652751434,0.13985916320655103,0,0.7918937519568056,0.5639393636042633,1,0.4167598201092645,0.25191643540779934,0,0.03754091881911157,0.08675288459074425,0,1.1597406076685162,0.1560560585634185,1,0.04257770960226475,0.13693747714236165,0,0.0589045408399548,0.1384934265935713,0,0.45425664261349824,0.19881889037213574,1,0.56644193402996,0.25979150483519964,0,0.10456092655653984,0.31277350140469423,0,0.8850856346744476,0.3994117836925968,1,-0.00818092226462685,0.09536364064019069,0,0.04477995736065662,0.13711130814962902,0,1.4621847442046523,0.40429175457403255,1,0.07434203523062713,0.08969511175048642,0,-0.0406929974329844,0.08232970690125974,0,0.7096734505816685,0.22915192884328767,1,0.09749171335732834,0.17474334714542808,0,0.07841176742881659,0.09302180437158851,0,0.689429670240274,0.48317706470901356,1,0.04322237826300113,0.0401064391730887,0,0.1854098605421303,0.07337390376938036,0,1.3715947173367407,0.8452021958616514,1,-0.00444060620891758,0.10918611059897512,0,-0.004568396305693001,0.13262539205702087,0,0.9392009530303916,0.35772403419750054,1,-0.07547672180815278,0.05655409210332216,0,0.016492011464241778,0.08245339710344232,0
137,250,0.6,svr,0.3088117831177547,0.030594733238429317,0.060544102282323195,0.08820316100716927,0,0.04906487952199693,0.03579201447141107,1,0.06966045559179601,0.06763796222857575,0,0.05545180175501244,0.16766717660815206,0,0.1893960957592975,0.11562132072125536,1,0.06837656795294397,0.06574040500493332,0,0.060789263585868135,0.09270543807344085,0,0.1652545034485835,0.12412868673428124,1,0.12131249150383831,0.10084947685399251,0,0.24265336797310014,0.1480492204630801,0,0.4882577278970549,0.2127045972109384,1,0.34501652075893763,0.12286720647435098,0,0.42971470438244497,0.14118662150685463,0,0.4324429024916646,0.10234098164189297,1,0.1220369298440245,0.08528584771070788,0,0.07784398154804754,0.04847064203452065,0,0.25283692810818575,0.1454750583834003,1,0.09588448936263959,0.06380532263648603,0,0.13658499313550795,0.11731937567889157,0,0.22126368566283344,0.19557532425506824,1,0.12846754610693376,0.15732073134389568,0,0.03653120340197591,0.03624709402866017,0,0.17646365465032246,0.03838951793745446,1,0.13710179073509682,0.06044205220781022,0,0.17802104934689528,0.05853989687288013,0,0.1455968006342797,0.05619141104792675,1,0.14878869037251086,0.05969873108748781,0,0.14345074348628056,0.045400496615575985,0,0.2071225807248463,0.06222310067711927,1,0.05866835591782271,0.11329490049304662,0,0.13184060197071562,0.0803234312461414,0,0.07738577967922516,0.06743052242709649,1,0.10413437542481221,0.0878586266673161,0,0.08413376972613833,0.07112195166664775,0,0.25076499462093693,0.11241382007520406,1,0.21303336036757453,0.05898667742879867,0,0.1608774264145387,0.11536978349075912,0,0.4817100775744372,0.17456490747009032,1,0.19279733971775892,0.1520148212597845,0,0.36306858009967796,0.2053064013671,0,0.49792324382306463,0.2327486168412094,1,0.1759138548954145,0.12422684743366874,0,0.21155565838116636,0.10373308255028892,0,0.42618152268571785,0.11255605602122536,1,0.07788097420615611,0.04720052474770243,0,0.06631249247862364,0.06658726479484288,0,0.06170577997081742,0.13415649080050004,1,0.047671628458509356,0.07819662956183389,0,0.08278044668235532,0.04592619526658753,0,0.013594768273832932,0.1023962943838862,1,-0.0358070870140891,0.1320785626698734,0,0.06823035549865031,0.08685313587232132,0,0.3141581969924335,0.07141274072455855,1,0.07759662770580075,0.05627166045312998,0,0.05120944589168107,0.03456537756686578,0,0.3644617048444604,0.129083163306923,1,0.414741083758625,0.08122834927924903,0,0.3381923509965109,0.11888866065730375,0,0.24528940945703281,0.05485489418889047,1,0.08760268338465241,0.05780617471814777,0,0.08327955271135974,0.05255315345765715,0,0.18207354849150192,0.08578605008433661,1,0.06231448433197605,0.06023821579355039,0,0.001709255350693753,0.04506808027624341,0,0.21476710511109887,0.1413769517150409,1,0.05570775376427421,0.0612628420490123,0,0.03508966697120369,0.04858528061244854,0,0.18851679482175512,0.09582104374512726,1,0.048581005477725044,0.03810226990202061,0,0.028845062741601268,0.06314112462336798,0,0.10788021262286995,0.06431360545170273,1,0.05575367063019885,0.051969750756237026,0,0.18761303063538287,0.09262039364455565,0,0.2209916145899923,0.09685384061320049,1,0.2623778938121751,0.10896290293398549,0,0.1164347227378115,0.0458460217294457,0,0.30413920977539777,0.12556337522314798,1,0.11136583111921827,0.1900768684061391,0,0.1449249186734663,0.09018410446826655,0,0.3280468336553829,0.13473086197521944,1,0.4166056656508587,0.134115841976127,0,0.12388908542270749,0.11799467897785379,0,0.1181109529214724,0.10921260866996102,1,0.04617257608706807,0.24522478648187793,0,0.11142489333993107,0.16859294286796253,0,0.5484076206336296,0.1882796930916219,1,0.44681154738655876,0.16836206726837882,0,0.1302900750583687,0.10129436760968871,0,0.16866614889508383,0.1347795167811862,1,0.013208440981308227,0.05751061368920374,0,-0.005445995024224118,0.07299520314864955,0,-0.005527243809674786,0.077534622835578,1,0.10530523186358506,0.06176929685396764,0,0.05290013769151012,0.07313627285921664,0,0.028971713514891605,0.02868946371332185,1,0.01251674294332436,0.04646312595845606,0,-0.01975930631382651,0.02259477336494932,0,0.028559281331514797,0.03220705873240542,1,-0.005605182636315477,0.053470671712817594,0,-0.011884100400750655,0.07747369669223338,0
137,250,0.6,knn,0.4117077499725107,0.035272539181253004,-0.06129783335009868,1.570288843617356,0,0.1765381159564678,1.3445871205061266,1,0.14943820227539084,0.9566784645869092,0,0.06329727202849371,1.1099712581885546,0,-0.3350373639804693,0.9365328865150824,1,-0.1919636387706168,1.2291459861233,0,-0.19887152560148985,0.6818505170073134,0,0.1860676997663749,0.4576047729889587,1,0.5618221765511999,0.7293640329544016,0,0.6933994532445996,1.5311112420232473,0,0.9126348828813157,1.0768996298929379,1,0.600801272957738,1.1938551846911876,0,0.6024549191313384,0.8792469377073047,0,0.518192557985228,0.7355986294199726,1,-0.7067150878964379,0.8463190056058417,0,-0.05600726325343697,0.9529674229860221,0,0.432618167922523,1.3938166435006774,1,-0.9009145980222766,1.4213746093892137,0,-0.37835496564007237,1.2423256467633768,0,1.341357910022499,0.42948917389712954,1,0.43031922185966903,0.5997489600329693,0,0.011352030223548536,1.1022986251914366,0,0.7093280359070212,1.3144265203443022,1,0.28250369156022337,0.3906337880925557,0,0.5185388932646602,1.034637777669376,0,-0.08751174321297761,0.7008698546372519,1,0.5894824235906932,0.9642526526351273,0,-0.032159020235353795,1.4581904481213674,0,0.38842594375614403,1.2050652277203364,1,-0.13503009884863396,0.7692751188175577,0,0.29347766694656885,0.8389174870055761,0,0.11384837237640229,1.0912437499033774,1,-0.29853864986509054,0.48357590097817493,0,-0.45249586797828645,1.152424989208542,0,0.5653582973638596,0.6523886947874524,1,-0.1734434698026793,0.44375302921607873,0,0.38428284331241414,1.086764246796208,0,-0.4075361716665502,1.88394298698087,1,-0.48450058252073214,1.024668105089006,0,0.11363501998538421,1.4050763785330085,0,0.6238710996066061,1.4264635683537736,1,0.2035363120993856,1.1581819243654292,0,0.04195412804301237,0.9540991349161714,0,0.5857811178645191,0.4732724167756452,1,-1.040665273655355,0.8475698007803215,0,-0.5392348064261866,0.8382172863404308,0,-0.13444482409725142,0.787757768347148,1,-0.21453758607360607,0.32373036814407535,0,0.3871660453265783,0.5016802079983366,0,-0.34657076788832564,1.0070576012262016,1,-0.7435272869559256,0.5209814435712213,0,0.34844079794754457,0.7733512635708639,0,0.723916088793332,1.7370026760596375,1,-0.4606860721322672,0.8705794931865931,0,-0.2023479786364634,0.7854367257831609,0,0.20764773191957167,1.1807069932039604,1,0.5432264624500822,1.028686918777546,0,0.17203462238166542,1.3425937638144763,0,0.30816496015061967,0.6449842724166235,1,-0.11076663345483913,1.0432202521133656,0,-0.022989980208379345,1.0208446043452029,0,0.4493601613792606,1.1674972839433526,1,0.07809423489317502,0.6003566999172124,0,0.21605315131698571,0.9139506163330725,0,0.322876709850466,1.350786334198712,1,-0.21389024801473777,1.1262103701366912,0,0.337147778667198,1.1498930334857391,0,0.42680944721953795,1.0906704836673577,1,0.2205863358166759,0.8088512766019621,0,-0.2546001599481095,0.7908704655949284,0,-0.21734938693299738,0.4811819607801787,1,0.0809908176782349,0.455522614638528,0,0.3080286093659236,0.902346094613489,0,-0.5217429910629813,0.6123579088756728,1,0.21171471500864528,0.9418481995112539,0,-0.16279426134459332,1.7306076814187923,0,0.4251898673853415,0.6853160024502309,1,0.2033102443636988,1.4519617686833224,0,0.16319539502241281,1.1525130625165574,0,0.8553979887645651,0.7241490306691019,1,1.2104812388676247,0.8456897143870414,0,0.2305615490575205,0.44675944871424095,0,0.171091928453442,0.633248870669256,1,-0.43815605898138105,0.8040418242070897,0,-1.1245297800191627,0.6296832010115831,0,0.3747394855890539,0.7252790799078379,1,0.695068596723919,0.7718719477594557,0,0.7104149936060341,1.2160308711124521,0,-0.37046491527587444,1.2060571868657388,1,-0.21802031289462512,1.0031296338502715,0,-0.5416244749027943,0.7561522699271167,0,-0.16999707538683037,0.9913943700307042,1,0.14994757439170833,0.7684561022471176,0,-0.034105221537604404,1.018150762948801,0,0.7035692244462477,1.4283628831682036,1,-0.3264626023019833,0.670076453632083,0,0.21548694020904774,0.5992375668548275,0,0.3052631684224488,0.6229802564118719,1,0.5661611125011786,0.663064175158803,0,0.10136945441939837,1.2538453548926893,0
137,250,0.6,SuperLearner,0.9621083034313956,0.0073353402190855605,-0.0020197108561246877,0.008271351276447741,0,1.7862548520142574,0.12431739074396804,1,0.13513981908340733,0.07058116167989144,0,-0.002719098484196921,0.0314359963461444,0,1.5536902329519264,0.3797976501746542,1,-0.028534717635923783,0.026932309327662697,0,0.05302340186166225,0.08679727870805279,0,1.5979908230797981,0.4005128294756954,1,-0.029819582887783014,0.06372062965285516,0,0.036377143994505375,0.05747765515069983,0,2.3491681391772326,0.7311916234388276,1,-0.004332471947800763,0.015378560703241327,0,-0.01915331139661956,0.01579271498283285,0,1.8862949944544962,0.6159100797271867,1,0.018843031047445093,0.061318414346836776,0,0.010331735958379142,0.036670671298184826,0,2.3066371815772557,0.4226136799159982,1,0.0206746727453698,0.05605718627677483,0,0.035739247329906354,0.04207035286463193,0,2.9243075615854095,0.5835026849178298,1,-0.0298368089165093,0.04177503784707167,0,0.01599493793182987,0.007566456755855975,0,2.082446601737556,0.17722111976134386,1,-0.009904550177510208,0.01623101684753818,0,0.00412552169768177,0.019848181748944295,0,1.7860609885427052,0.5869280554518176,1,0.06387558763160663,0.11070260150891675,0,0.048719007119808935,0.07793584054883566,0,1.9259029861277253,0.26360284804488643,1,-0.004168823127007547,0.010052068979428789,0,-0.02256053548779033,0.06102434729380827,0,1.632959484496314,0.1916005581200374,1,-0.0174967990592929,0.036428652791038525,0,0.015442632758306225,0.02986290969812501,0,1.7654853689090948,0.6132336137483841,1,-0.0029037311749672725,0.012861880071073573,0,0.0020995638609954616,0.01165875075279243,0,2.220990743558555,0.6106865660726304,1,0.005704042945748926,0.03959479080003586,0,-0.008422084348571363,0.0324689178824639,0,1.3938801944568264,0.29418210664025596,1,0.1585817561283136,0.09810413140360381,0,0.02417735248109025,0.010007045412133939,0,1.4650419334126774,0.3720683600711789,1,0.027368710180431126,0.025903564336410386,0,0.026061843565764454,0.02128160534694462,0,1.533371991184302,0.15975778264587806,1,-0.0015771568816829995,0.03128586818076132,0,0.03961975786026321,0.0395283982537995,0,1.417942664401798,0.2512727355509042,1,0.039834862277534897,0.034308140172188806,0,-0.00015346176720781312,0.08673344762200277,0,1.5012866449007423,0.43520958106351654,1,-0.012352290489049345,0.02238267934943423,0,0.03676503383989973,0.07334404335841137,0,1.5059341316511696,0.4659460548696002,1,0.0014127013083538435,0.02700292905881548,0,-0.0013400189135284013,0.027084550137420657,0,1.2076597684896353,0.35313345743952657,1,-0.0017003131627800025,0.036430846196147997,0,0.010173281544191571,0.03777235694119208,0,1.7743940100645734,0.22807533455256507,1,-0.017001613290941426,0.02009644296062213,0,0.024162024212826937,0.015151039052353701,0,2.5628808052383745,0.33028084035804667,1,-0.038720059432944876,0.059380489846752774,0,0.011071367931751643,0.05317580648860507,0,2.1723481422788935,0.4674717452599894,1,0.004139810340230321,0.0023918592866635975,0,0.06974701302151146,0.06265646003531664,0,0.9962414715970436,0.3220969288315295,1,-0.01648240388227857,0.03496055125787005,0,0.0061957236299479326,0.05210486750081289,0,1.7493310131447994,0.5453598482860845,1,0.06951579219021241,0.06967737882121745,0,-0.0010837257388624864,0.021635179240516122,0,2.2178971856293166,0.38083228350711773,1,0.02842765730783266,0.03641981706735202,0,0.03461759759186545,0.04416768473948561,0,1.3393465295210363,0.2114309895159905,1,0.14548690412328652,0.12651762601343672,0,0.013410118578443186,0.06945037247823546,0,1.4286965453211415,0.38286275988807666,1,0.006654461525189175,0.02936368804543106,0,-0.007141924196812116,0.0840224256386922,0,1.9121799669368893,0.5877772624807482,1,-0.008872711924344173,0.030697116462730708,0,0.03405046234089472,0.04929408630593272,0,1.8113962571326927,0.25887912327251594,1,0.0403289260472878,0.06840219891787275,0,0.010651564478151082,0.034207082741892804,0,1.1689191690598757,0.4343216234488146,1,-0.008262541406384714,0.03649525964455021,0,-0.0010103480151643749,0.021031375099079968,0,2.0124034657189958,0.7468089299209407,1,-0.011762992424768012,0.02190603106823727,0,-0.012240225619892835,0.012421105495332912,0,1.97181256597793,0.43925526698144357,1,0.03438601589460904,0.04115821508580102,0,-0.006359388911973426,0.03108022684031711,0
137,500,0.6,lr,0.9762842088194814,0.004110348902119734,0.009655667127791402,0.0111577382810593,0,2.2184460783114903,0.3914005644961705,1,0.0015211833244628144,0.0025104571015399507,0,0.004219226172987931,0.02052997024217359,0,1.6119831160904432,0.359160248654893,1,0.03279471227226722,0.029804547946097524,0,0.011645721543326664,0.014530215702467063,0,2.253228103252399,0.34384746072003924,1,0.007642668254173137,0.005577795811492855,0,-0.0025426244340306958,0.005832694467231741,0,2.1869861612980515,0.44747189515583696,1,-0.0023513443945711015,0.0043193025852554705,0,0.03002419160960154,0.023212001688516254,0,2.636571075980842,0.33086612586671854,1,0.004482343518263812,0.006459985989568006,0,-0.008247379852599539,0.010124754697073484,0,2.242667808924186,0.5394371971907765,1,0.006090801666914914,0.005038358512766327,0,0.01291560785651059,0.028224203875197376,0,1.709174434457801,0.15733385511822162,1,0.0032921284753814574,0.002505007103434466,0,0.011976175359142648,0.013983867282937103,0,2.587255321918201,0.19405124779784486,1,-0.01040627858088746,0.007992161998512966,0,0.0876420875729885,0.055735680233242345,0,2.361234082872598,0.22873131188085777,1,0.003430363989597213,0.016805728266639758,0,0.01307119773871295,0.031110818575191795,0,1.7508983917653211,0.110957418933947,1,0.009229972156565904,0.006279559239430182,0,-2.8542319124811624e-05,0.0039586418183215275,0,2.286400147917642,0.6822985375688829,1,-0.01070120155360196,0.008215267451524145,0,-0.002289109852342625,0.01560592888806507,0,1.9113013879759841,0.33036810071839184,1,-0.0063534473638929,0.01742447703417247,0,7.1704071940034e-05,0.0058044208626842975,0,1.9878020820758096,0.16906637310241496,1,0.0019851559895083673,0.003116432667198199,0,-0.002967681437565026,0.00551824983402651,0,1.8536594847906414,0.3460374703162779,1,0.015605891567462418,0.034106444225336346,0,-0.00021672576519873033,0.0150523140175619,0,1.7372227682295478,0.31377009979640624,1,0.00236941607196008,0.014406485331756135,0,-0.0003944049899685119,0.011863911891693679,0,2.603757877949909,0.23846917654895625,1,-0.004974424074462543,0.012191521876119561,0,0.002339667589785803,0.037878638406045766,0,2.214006837017359,0.23021810720514388,1,0.0066790642042067055,0.030161124237361257,0,0.008652313307783434,0.01617754868442638,0,2.0519095694890943,0.32678505000992125,1,-0.0014262670947727196,0.005426743527325808,0,0.015356744148757156,0.010814680581516922,0,2.2498934478982497,0.2960935918489038,1,0.0010137771595494023,0.0024632593332877583,0,-0.002289837498382324,0.006435500022119058,0,1.8901649900475213,0.23825709348864813,1,-0.002060906933416867,0.009187302085812615,0,0.009327659454076934,0.005159759375978269,0,1.5642675477496621,0.12172510800841159,1,0.0697657386150752,0.016616613058525662,0,0.04941881515041789,0.01763719096428424,0,2.3447295390458387,0.36047877040902204,1,-0.0003430095307799811,0.006730874298946475,0,-0.001462050900356324,0.005223987997721901,0,2.7009006714217247,0.25988194079753996,1,0.006102090233353875,0.005033089060083226,0,0.0018564191724304486,0.0038601499416263843,0,2.260403928965889,0.2643134372530521,1,0.05174962634486896,0.02960794854371922,0,0.055430704236797926,0.049451327572140005,0,1.8302964878999368,0.2497015374679432,1,-0.0047463033929162225,0.012745388235565218,0,-0.004378106428168792,0.004239935228889585,0,1.9172208848367245,0.18986583801469256,1,0.018904491245391515,0.020988392079258733,0,0.046353924418776976,0.03779388500846499,0,1.7305394902866122,0.18202189034911145,1,0.009843851706570683,0.021341835298279276,0,0.007390638529200801,0.026599938127914325,0,1.434893126855076,0.33611970497611926,1,0.00577585800565082,0.006794528627307139,0,0.0055633708564213295,0.010797229520343989,0,2.222759256627689,0.248092946912394,1,0.01651321416194287,0.020149526161835962,0,0.04909965124139616,0.01978172795295589,0,2.1146473239942494,0.48790666192071186,1,0.07016319325982491,0.036516264810423284,0,-0.014056312401417175,0.013132429110648972,0,2.0766091916755474,0.45417018276669335,1,-0.0014486234096601058,0.010161026850773993,0,0.014941642312373517,0.02675963860285984,0,2.3714978356923435,0.3647185440546705,1,-0.0031237042477860245,0.007694710030339829,0,0.023491784563135304,0.046788255196060856,0,2.110908753295354,0.6531262657089362,1,0.016586653515572404,0.04072213826420478,0,-0.0014074062512052382,0.016320104175361914,0
137,500,0.6,lasso,0.45106685042228845,0.0372362346383851,0.0,0.0,0,0.02364445653790388,0.03295386926455257,1,0.0,0.0,0,0.0,0.0,0,0.1843700335329141,0.11374345931281597,1,0.0,0.0,0,0.0,0.0,0,0.7211106040363576,0.32883869153306616,1,0.0944977330412878,0.14658078580475417,0,0.0,0.0,0,1.2268563564042116,0.3414469315418212,1,0.0,0.0,0,0.0,0.0,0,1.1423773575051233,0.3849038380991446,1,0.0,0.0,0,0.0,0.0,0,1.3603858843585173,0.2634764881657046,1,0.0,0.0,0,0.0,0.0,0,0.04617843361571924,0.0394325567128214,1,0.0,0.0,0,0.0,0.0,0,0.7733436476009581,0.2615525665174533,1,0.0,0.0,0,0.0,0.0,0,0.0,0.0,1,0.0,0.0,0,0.0,0.0,0,0.691040192994835,0.1740248766063107,1,0.0,0.0,0,0.0,0.0,0,0.23491034363310231,0.16497784978700628,1,0.0,0.0,0,0.0,0.0,0,1.5009605690459975,0.1340338448969047,1,0.0,0.0,0,0.011013956167602559,0.022027912335205117,0,2.1290858125801484,0.19592100419359626,1,0.0,0.0,0,0.0,0.0,0,1.8106558662125463,0.3118430462249387,1,0.0,0.0,0,0.0,0.0,0,0.8400856156327723,0.18365440653933696,1,0.0,0.0,0,0.0,0.0,0,-0.016397927447398004,0.03279585489479601,1,0.0,0.0,0,0.0,0.0,0,0.005749764557768813,0.011499529115537626,1,0.0,0.0,0,0.0,0.0,0,1.234964848093128,0.404356168448095,1,0.0,0.0,0,0.0,0.0,0,2.6104987160895567,0.8094810728620709,1,0.013659140907300683,0.02731828181460137,0,0.0,0.0,0,0.05598898728033622,0.07260622562002876,1,0.0,0.0,0,0.0,0.0,0,0.41495171841929473,0.2487007990185578,1,0.0,0.0,0,0.0,0.0,0,0.44143992824049755,0.09043016748203833,1,0.0,0.0,0,0.0,0.0,0,1.5889701941498722,0.09583871685171326,1,0.0,0.0,0,0.0,0.0,0,0.5958056503539448,0.19394329403496915,1,0.0,0.0,0,0.0,0.0,0,0.3694532790550921,0.25750391334404515,1,0.09857706187159138,0.1181215817210347,0,0.0,0.0,0,1.6279867248175932,0.3242741596729585,1,0.0,0.0,0,0.1983401705151953,0.23146506817717588,0,0.25939582579212817,0.255002284620717,1,0.0763173800074551,0.12705222248783477,0,0.0,0.0,0,0.18205716730204052,0.15168871041180818,1,0.0,0.0,0,0.0,0.0,0,1.261021261024845,0.5616286236768766,1,0.022714074883559348,0.04063426242521744,0,0.3357238862518338,0.19521069622490475,0,0.5727801293025921,0.38218698198794454,1,0.0,0.0,0,0.0,0.0,0,0.01125824159438733,0.022516483188774656,1,0.03089256649207318,0.03802946789013218,0,0.0,0.0,0,0.789448001881421,0.2030853518762069,1,0.0,0.0,0,0.0,0.0,0,0.00452072794300436,0.009041455886008718,1,0.0,0.0,0,0.0,0.0,0
137,500,0.6,dt,-0.4780424199384418,0.3262365551124657,-0.01597005528928696,0.2546719736051532,0,-0.09365023278209714,0.18610323545447688,1,-0.5721385417596403,0.9455688780922543,0,0.08399237854039121,0.18417578823000844,0,1.9483152491789988,2.702813256932218,1,0.05961523875725301,0.6949505962647546,0,1.0804033867122906,1.042073318041605,0,-0.142571455593086,0.8565439475703129,1,1.1368101952825522,1.1631654075418794,0,0.2111342706269516,1.5225815218497023,0,0.2649772834586662,0.4136365560714769,1,0.03826205172984156,0.2997222493916042,0,0.16388416950988044,0.47782222752171877,0,3.882797823510338,3.2154747997837267,1,0.18054415656391054,0.5536978861491698,0,-0.15768985669470195,0.8002461310474556,0,-0.31977052568696573,0.35210872259688586,1,-0.4742561075667512,0.7870698646252715,0,-0.009288387969279827,0.41568980629291924,0,1.3802857999183147,2.200688786504296,1,0.1839871443891397,0.20982923308097953,0,-0.28331054462951555,0.41986709486104096,0,0.6728423327430821,1.4292959649326578,1,0.09592107164297,0.18848208028016508,0,-0.22189662493197057,0.33004894031533877,0,-0.29322091944593087,0.43518469534324034,1,-0.6418055329114992,1.3033255122622038,0,-0.5666381910680528,0.9345100913951949,0,1.1107763020554875,2.069206921937103,1,0.08059546989571822,0.4856250960469907,0,0.10913352086656676,0.2427334213517974,0,-0.28169032568409025,0.8198174500196279,1,0.6997365506019533,0.7967777444159964,0,0.025147550141926867,0.47207911792177465,0,-0.39912343042901527,2.0484337754262607,1,0.1572904069487722,0.5172002870071251,0,-0.08232433973185191,1.305881886974091,0,0.4937523479278216,3.4262821363057676,1,-0.531910816758846,3.350043287903837,0,0.5619269603403942,1.0920913757842405,0,-1.61753428741078,4.996614879067568,1,-0.3802227956529188,1.9606792600701746,0,0.09912377621798918,0.11964176712299739,0,0.8731255148133179,0.8853281565648455,1,-0.15538624694684586,0.34241952129811243,0,0.10600652235553402,0.17040044765085963,0,-0.16331686777639792,0.1715565169390299,1,0.034144429980134276,0.08943286481941072,0,-1.3773343677181484,2.0029046192137785,0,-0.9370906846557195,1.2428406012303315,1,-1.5871701276233052,3.5020413218854163,0,-0.06211911968766983,0.6536314197621483,0,-0.19326269537825155,0.8860988174226518,1,-0.05642671184598168,0.27218112492031016,0,1.0283599903585499,2.2783555480929354,0,1.8456957611157834,2.073228927492815,1,0.11724127812577079,0.27248890500850065,0,0.12310736108304839,0.8527656060750575,0,0.5146629406187507,0.5974278440122075,1,-0.4271156094335942,0.795702489777628,0,-0.5812057552826679,1.259156088732987,0,-0.8553228513456428,2.099522776272625,1,1.2897978657683067,1.1192787480276507,0,0.02066226952669612,0.23283787313693857,0,-0.14681534783965736,0.8183741999181288,1,0.025396857398709106,0.28024320746114245,0,-0.04307641099065751,0.25112350797611827,0,0.6348444107029684,1.0524237131035332,1,0.6011007716143328,1.0005043500210433,0,0.10756744376016074,0.16072868504663002,0,0.28423025443561084,0.7906364976199406,1,0.33794944023298534,0.28048576574547623,0,-0.17876488978670432,0.7728680317329094,0,1.0934826180015842,1.5746519847085982,1,0.16927004153051017,1.0640008155381826,0,-0.07875294681183903,0.2876721710708861,0,-0.26703196374285026,1.2248661193028112,1,-0.6058981804782035,1.0649377618481308,0,0.2888478716794037,1.4497342985491162,0,-0.48479194688967847,2.230184761481188,1,-0.05653834729800909,1.0170644946645726,0,0.7720576990901686,1.7561947999567609,0,-1.340151500466124,1.2287666819109815,1,0.43085478454287784,1.0112456852081841,0,-0.021168779408067735,0.17379478701004955,0,-0.3388073961632414,2.8654482321434402,1,-0.17836884044808143,0.3439800524994463,0,0.6096474685783917,0.6212299236906035,0,-0.12657722886281064,0.6470555393725251,1,0.9388105571932046,1.139377933233492,0,0.07259116365184272,0.397406209128732,0,1.498545490108538,4.196643225427969,1,0.28092571851296916,0.9988292452795647,0,-0.04730029283452183,0.12066244299050219,0,-0.0464236012403627,0.1383759656197673,1,0.35936312194349246,1.1121466868385588,0,0.02950553705787686,0.07091882018587933,0,0.04905413691379631,0.44232697596875126,1,-0.664568804302647,1.1693934398656165,0,-0.29769733764678785,0.46318056945590635,0
137,500,0.6,rf,0.40088658215667616,0.028434622673515708,0.03331782005307472,0.09241738593494196,0,0.04166430343424746,0.07043368284471001,1,0.08407730028454785,0.06521305638557331,0,0.06905338781154019,0.08523657663602853,0,0.12577415181631596,0.0633277105418338,1,0.07519283307452952,0.07133423440319674,0,0.11030444449819114,0.035179644195193295,0,0.5190148343054348,0.2576372268150825,1,0.18856940802637617,0.12748928119514247,0,0.44746662218111555,0.350242010765915,0,0.3251562942376815,0.27262477957676806,1,0.14125298481299853,0.17552076843366868,0,0.1809662737674662,0.1738013153776608,0,0.5141009634019549,0.23928661221243053,1,0.11270643973390046,0.09710811796082848,0,0.14271858971805193,0.18171716085287143,0,0.34827645989586875,0.2175839460494138,1,0.1112162824070485,0.1475269147685544,0,-0.02722694180286629,0.2391879445707602,0,0.10098346139386079,0.12706157725214504,1,0.17113939090396085,0.1395214627837878,0,0.09283766342232097,0.06785792532456386,0,0.3439370204932142,0.23286047794980586,1,0.053221949761192856,0.0698293811015887,0,-0.015747265950429138,0.05200979259843482,0,0.06433415943175651,0.07197034539324819,1,-0.03444683378817057,0.02487832218966604,0,0.047085862382759414,0.10833798646735537,0,0.4256923733800971,0.10456559159970853,1,0.17560702770259637,0.1362487312325387,0,0.06021262870900718,0.03473968820654681,0,0.15391602679339483,0.05054486358302398,1,0.08798157157883488,0.07218133246951837,0,0.06809616890159514,0.03359170633049867,0,1.373236238243453,0.07323149201231631,1,0.2646407404517054,0.15683364874675532,0,0.6086379583700906,0.30405834629806283,0,0.990510390636182,0.3801204300221682,1,0.2129505903356285,0.20048320843444836,0,0.122577111161869,0.11334447616436157,0,0.942906190838257,0.38092911329061063,1,0.012934736724164753,0.045847330492598176,0,0.05213702397648732,0.07206860742337522,0,0.20244114906578967,0.05037056631936836,1,0.010161326267019603,0.08211874844977805,0,0.017747146118377802,0.08782107695492541,0,0.029339747996609433,0.1855507859653677,1,-0.014437158165147188,0.06812204866016798,0,0.05273623151320295,0.0756559946523991,0,0.18792383429400744,0.05558658022042871,1,0.024519622030217385,0.09057904879438618,0,0.07489276798142717,0.10561905614285887,0,0.43179417420102145,0.4343917184299334,1,0.08616546937727501,0.08976787755980463,0,0.22660739160797191,0.06383828081287451,0,1.3403495363989886,0.4571784850912333,1,0.2770094185248372,0.06382556576647828,0,0.08222515922434484,0.04779462291054378,0,0.2607061783951158,0.17921626623450357,1,0.06348045739594466,0.10487135278667385,0,0.019428256982684508,0.05530083923599952,0,0.2594473538635236,0.12402863174591637,1,0.20700259514425784,0.14235922440679052,0,-0.013054439217023683,0.05640104049314855,0,0.16783701865696474,0.09660459688140527,1,0.03307449397938857,0.06296224891301679,0,0.04570665097526163,0.02212318610776466,0,0.5023011960614353,0.08238705163189296,1,0.00813625347741943,0.048924829019235776,0,0.08517790356515043,0.0458221939484377,0,0.2811108055362478,0.1358377077427736,1,0.06501135823321105,0.11372256655267289,0,0.12940485879579994,0.06680462642814552,0,0.13553066177770107,0.05933835912056497,1,0.2703756775801135,0.10840356465457292,0,0.09479504433548328,0.12438705217427905,0,0.5501891899938673,0.13973069400886237,1,0.04393237221371501,0.10370112945936749,0,0.6944771468339491,0.3235949873287189,0,0.14641047197017037,0.04918388284912831,1,0.2755163531543413,0.09015090308061949,0,0.10064458555465317,0.09936355334012202,0,0.2549979772343693,0.1344147949606353,1,0.03331883140472507,0.05660221175094447,0,0.10024876076735692,0.039373880892473796,0,0.3394242072745203,0.6004541366688055,1,0.47223200560603934,0.14816074678882474,0,0.2666733393776482,0.09886732705021262,0,0.43261378032956177,0.12481111487674106,1,0.02022534634988675,0.07196674864106654,0,0.03860903565370015,0.07620307271356079,0,0.32155901895691497,0.1715438100148878,1,0.06839948673700907,0.03726874822223568,0,0.06762265976445234,0.06605157669977718,0,0.2034190617367418,0.16462586886047534,1,0.05418503005910991,0.08944709130443727,0,0.04072041235581862,0.05548331983162819,0,0.11029195092493142,0.06573836959553814,1,-0.02084783875526635,0.06892442591910149,0,-0.001887486665076081,0.03904717293073282,0
137,500,0.6,et,0.40578915937429205,0.0340748030827308,0.024824401539232384,0.058596110485140386,0,0.021386308901329983,0.11775344942680248,1,-0.03471392283935867,0.07330609249351741,0,0.07294243340886593,0.11670130078151307,0,0.1061865059406919,0.03848566445614446,1,0.0276691430645822,0.04866332763065179,0,0.12208120584678703,0.07919924638418753,0,0.9782843762892022,0.2817311534879378,1,0.2075686635344825,0.140066067206439,0,0.3367003440504813,0.08979024990736009,0,0.2688385617952479,0.15322073801738142,1,0.1479320429928826,0.1021315774099546,0,0.06323128957249581,0.06894371600025749,0,0.4653297051091795,0.19458438414537294,1,-0.002809511805316303,0.0609426687557779,0,0.08466431015496081,0.06366161497343409,0,0.4258117075479956,0.1810779859258687,1,0.017147930616383082,0.18759317725125907,0,0.02541185996719328,0.10023451429664924,0,0.13435459906380084,0.09628672872458267,1,0.07905028634348925,0.11462358559087611,0,0.15206739307022848,0.07539108871815305,0,0.30778775755424786,0.0907153229963351,1,0.1526011315778993,0.08311454909005948,0,0.007894452220729695,0.11581130367534187,0,0.27792427201479797,0.10746749425408529,1,-0.02717801317284012,0.06038372503245927,0,0.12536168211853288,0.12332454908841699,0,0.28806708557408595,0.2912603460998403,1,0.25363358967578437,0.17342721864360863,0,0.04147290970481701,0.07718780429223533,0,0.1865423695311558,0.13849733991001564,1,0.12089694986229974,0.042875769325494174,0,0.08378555217706436,0.08699013803773228,0,1.4411427668793741,0.10133263426326762,1,0.18605437157469876,0.14535195856429792,0,0.5528876242171835,0.3907662384877865,0,0.9065306124625785,0.35859427011653067,1,0.1729593818850947,0.1185386121814873,0,0.06352972738400807,0.07182782535772393,0,0.9225615480429455,0.3242862352828631,1,-0.00946188823837639,0.09367831637257178,0,-0.022616724014889268,0.06585470470309197,0,0.2699229373460835,0.14266638910159518,1,0.01747083555503188,0.10964148809508906,0,0.006094356835919001,0.060728577245299814,0,0.04607117752302799,0.14793628820693652,1,0.03607188398219287,0.10485122215926601,0,0.05995123990499622,0.05831464676858778,0,0.14699815038992017,0.16281866135791434,1,0.007325227704195285,0.08686770751886598,0,0.03590374214380385,0.10429223217404172,0,0.7067496022447128,0.4304143187052412,1,0.09071087893328862,0.06875351630377678,0,0.21367693397971546,0.09228803368453464,0,0.9391858085127549,0.34538389118986507,1,0.2513323721087526,0.21253454189834706,0,0.06823002476437001,0.09694858293052788,0,0.10285835764114593,0.08216467724436587,1,0.10591592797678673,0.079116804776713,0,0.0536743504459888,0.0741796969803341,0,0.2843391823732417,0.14882043010594107,1,0.06443852609807628,0.03309236031213987,0,0.009449697821886345,0.027290259134306553,0,0.35526986418074313,0.11353469618560606,1,0.11193109469889735,0.029636070495576265,0,0.11033778019996732,0.10857298376312487,0,0.3496266538440162,0.14069554764300635,1,0.005531039065794605,0.07338803422183654,0,0.08038738718246495,0.0646577281704931,0,0.12254151780844191,0.0528831118172631,1,0.09631235426963931,0.14417509982972573,0,0.026247503444580017,0.11270018366017906,0,0.3195134986534835,0.13448605255553736,1,0.18710593753655058,0.0759746204904117,0,0.041898279216193504,0.10449206723804691,0,0.5123373955705903,0.25369754669257805,1,0.08965937459208277,0.14685927361797388,0,0.20810783906440083,0.2952697457932905,0,0.2223710361238676,0.18951141889334136,1,0.40044769712804096,0.22738109802765713,0,0.032005589731416,0.08411315081406501,0,0.33906918619516485,0.19012413999272906,1,-0.01404352163556689,0.05272909756079234,0,-0.04419669167540737,0.06287632053993156,0,0.4493618320609503,0.5995559794485913,1,0.4097268338398735,0.19285710022743222,0,0.21380450244574156,0.0754955564188061,0,0.4299757723070532,0.08355103044883326,1,0.03312901577458542,0.047732651455126604,0,-0.012665430806299057,0.05204482219921981,0,0.19289885581565303,0.05703997545731595,1,0.0995966584348796,0.09570283364710955,0,0.06155955682451938,0.07636117643361642,0,0.2610408241921187,0.17959084380297516,1,0.04306474899622093,0.03069399453911998,0,0.07818264324011569,0.0888864624231924,0,0.061018874738119365,0.09372840536357815,1,0.04705698033351116,0.052932979937732855,0,-0.04081198723570074,0.07104454583286922,0
137,500,0.6,gb,0.5459991315080549,0.04932998023364062,0.007099370758405938,0.06079734738257286,0,0.10131216644205643,0.0895401663014258,1,0.04361193886437701,0.025065293258275258,0,0.01072651870297157,0.09750715753520157,0,0.12656927432599546,0.11538049957791333,1,0.10491311895012476,0.11429713468888981,0,0.06681349880108753,0.07543744703089217,0,0.9739855979003135,0.627023357146468,1,0.28527124381291413,0.4772598340818927,0,0.26515297962387363,0.321336272486516,0,0.3931845253627057,0.48390019810707824,1,0.0549844827973973,0.13814791325732415,0,0.064550404541903,0.42093187304479646,0,1.0510489765997815,0.298909537503229,1,-0.012925251908290334,0.02310304448519575,0,0.04055661263904598,0.12815643303570068,0,1.2468966998098232,0.42637172614334357,1,0.14677608121006427,0.2977495307990862,0,0.10558454888348942,0.1931033726796455,0,0.12299727127529911,0.20609606842374847,1,0.10497914296141772,0.09630085968961832,0,0.06986503592683121,0.0749927899970194,0,0.6314228789053922,0.3543948100618783,1,0.06590754660156602,0.1822345386811875,0,-0.024682516767795093,0.058215600785226196,0,0.6473259565680506,0.4000531425755695,1,0.017271078296960184,0.024304954820456567,0,0.0806635521149488,0.12127875038730439,0,1.2507690706059558,0.5006434445930947,1,0.21297734848201025,0.1307695200718096,0,-0.056939172914155775,0.0575347198952322,0,0.30576955433055053,0.19017868719111633,1,0.243816458484521,0.11237674554750837,0,0.04276443489633179,0.026208489533541872,0,1.5083433132641164,0.6420734251628327,1,0.1452621415036661,0.127186981534473,0,0.39945179102702605,0.0382157371051387,0,1.0756480886843305,0.1661640273195263,1,0.11958011994204751,0.1608468175172647,0,0.02029189921035946,0.05504709005832095,0,1.510211284969725,0.37896687724274825,1,0.030290869911635536,0.0378210023119572,0,0.029298928967127692,0.05481051989434254,0,0.631377055445524,0.36481285131937896,1,-0.10469721352713149,0.15478832087066743,0,-0.03908094772066596,0.07732771132146422,0,0.24122321939971228,0.1924059022817685,1,0.1810325202915924,0.12115224438655785,0,0.11139754798137687,0.11581274713311533,0,0.36037627701491787,0.22642385519049635,1,0.04013539945878441,0.4302006001970412,0,-0.006935989967733577,0.07558680081822809,0,1.1759488955311796,0.7259945570173035,1,0.08892074623895255,0.06510457029153345,0,0.20855372639255662,0.16489227130516274,0,2.129310372084142,0.6586212401664727,1,-0.04273084543089265,0.35996869358851313,0,0.02090709943758131,0.11522076897136768,0,0.5742365369449527,0.31481016536998035,1,0.20975701514397552,0.18157364217705635,0,0.006893391561179754,0.012015550282504173,0,0.8109328205863051,0.2338004853883108,1,0.010968124671204237,0.10128918832238377,0,-0.01994764340295997,0.03737206533983903,0,0.5749417180904325,0.11073182434124362,1,0.04389198867010415,0.11378320335636283,0,0.007714058837842629,0.013529641390349954,0,1.1888055080293554,0.22276345181982096,1,-0.02529609681907455,0.02886957641687797,0,0.013802219993885104,0.010618757461183681,0,0.48971515761275697,0.22803261433354707,1,0.09624878285003863,0.0444333556992524,0,0.2293662687261448,0.24800055433024568,0,0.28659711541801847,0.2304200474233494,1,0.2071115716536227,0.11241494846178053,0,0.04880364197318428,0.033279268886346046,0,1.2509072463865856,0.4598707717758544,1,-0.07763665324652022,0.2042106154927051,0,0.5663964912944838,0.48182213569257504,0,0.263401606429163,0.2149476619769437,1,0.17940822658695854,0.2756852537322061,0,0.0901510723207985,0.10278302156013644,0,0.49401343450398494,0.3098799803824468,1,0.006390947314306952,0.08899869258458379,0,-0.00956832699845944,0.011748965872715353,0,0.52492235352631,0.5948646049595441,1,0.34318427159557807,0.24548695810232152,0,0.5437432161162005,0.17705807420314412,0,0.7925506093948307,0.4862647148826387,1,-0.0007636527456765238,0.011933133561742658,0,0.055107453458621794,0.080354317044546,0,0.4214607894840617,0.23450819003059806,1,0.06169472597530269,0.08304923875577444,0,0.03774785421235163,0.07671222196543323,0,0.6327365898044792,0.5000080160433268,1,0.1152236335562328,0.09837467068259634,0,0.04975077440438961,0.045434851507865734,0,0.1939252669870986,0.11795702947665955,1,0.03019748465474471,0.05370773467380442,0,-0.004860705334516367,0.024350016934209413,0
137,500,0.6,hgb,0.5603280649057634,0.064631030319942,0.09226365905127228,0.0746978874893715,0,0.16807006949700107,0.13228332586456512,1,0.05474286573447849,0.07916711088007003,0,0.014487133277044604,0.1372956260106444,0,0.22501655197961923,0.1616595231730071,1,0.04635238955246716,0.07161488545198615,0,0.15433060573011545,0.13247123553899914,0,0.7477140326344255,0.5737814324334007,1,0.43731967592090937,0.4133329967738621,0,0.17923530438383403,0.3477851992570142,0,0.5104371855628667,0.1613863283041556,1,0.14484745845189773,0.1304031105641954,0,-0.020561044413478613,0.2879919989039596,0,0.6913638675202415,0.37527432635376956,1,0.029831627247074693,0.10274217192845715,0,0.2518346952274905,0.1720282364774299,0,0.85245053684684,0.21936301580600742,1,0.355217955327282,0.2708904069486947,0,0.1682325741014064,0.15792937356459869,0,0.24868307821839902,0.2844150628563635,1,0.14632049160371938,0.09041877785041283,0,0.022365564570592456,0.0428502455067242,0,0.614655290194867,0.4718863500352408,1,0.03457767757748577,0.1652752470622515,0,0.034087460736602675,0.07049112530791643,0,0.513627368017389,0.2544296774390529,1,-0.01543618887443209,0.043680896632681834,0,0.12209327411145607,0.21728135384710628,0,1.3826343857251924,0.25958870084911,1,0.2282842913577395,0.061808478015330695,0,-0.0017089855405495718,0.07538491983411005,0,0.21013163247087227,0.157984396686201,1,0.15902213098359008,0.2780957449517426,0,0.10650720797033239,0.13978951902762646,0,1.6598619055411459,0.7201472688299106,1,0.206970569638773,0.10983145360620454,0,0.45374581684435966,0.4050614871419006,0,1.026933057002807,0.6351471830033444,1,0.13178536278143724,0.26281204837763494,0,-0.06008972403170598,0.12749253512724912,0,1.020074234716597,0.9276478487295547,1,0.017283425324153667,0.06996016203206078,0,0.06410610238658895,0.05344130627566055,0,0.4062982866715753,0.6754276392557382,1,-0.031033062391339572,0.05273682320508824,0,0.009695103921260995,0.09037126533457282,0,0.3997107086022717,0.21543798398244998,1,0.024297178258834134,0.11560780446896618,0,0.13616039887949033,0.11201351295445923,0,0.36040485199842437,0.2552750417402612,1,-0.056532462365703265,0.6102719434356152,0,-0.054484980964004184,0.09490253600899744,0,0.9859989048454612,0.5397768387862453,1,-0.00018280490072239696,0.15471196067947407,0,0.09671642319630702,0.17717963540477052,0,1.9619064666945065,0.7671803516838035,1,-0.10273416263251327,0.40361315630013367,0,0.05381182489558869,0.11041987211243058,0,0.7117658406618539,0.3002867230718922,1,0.14100701249266168,0.11316507240159678,0,0.03374837915923602,0.03637973970789576,0,0.6814314148448994,0.22243136919117706,1,-0.0010499144367522382,0.08433489352878171,0,0.015329532121517959,0.03777214444847384,0,0.6235263580104882,0.41550676619701676,1,0.10191941019228959,0.16511099716647065,0,0.042028532168456124,0.05090812397066514,0,1.3656219288529543,0.2820660801625365,1,0.01724249890379507,0.05093914910476822,0,0.012669747630700301,0.023787106259285516,0,0.33822407700703633,0.12112512195141967,1,0.06265139989343446,0.04614593839950878,0,0.11685444978697875,0.2478645214778275,0,0.28074966537978774,0.09524177632293142,1,0.14443199187266104,0.2585619173096461,0,0.06144149733521239,0.10949739825605624,0,1.205235870758346,0.511093130342795,1,0.023155101677312925,0.0696936597307036,0,0.5447999942997782,0.3230989905917584,0,0.28963261379818217,0.16535141928646488,1,0.3490130734184237,0.2513335658070503,0,0.08710801436213708,0.10826278480072589,0,0.682861026615852,0.4285694707133122,1,0.09015862899902073,0.09631219305452403,0,0.059256132223750424,0.08600706381905965,0,0.7226509922740914,1.2166864344810078,1,0.4245561311575532,0.31629366165583456,0,0.2767174909565576,0.1558619591026564,0,0.631685712594055,0.2406972920103367,1,0.07073665879304898,0.1511865337325309,0,-0.03186786583071411,0.09554571029908121,0,0.6801656504738283,0.313977804280488,1,0.12183011694473603,0.13454139938841048,0,0.023725162168933833,0.037321354079029236,0,0.8149157136651575,0.3995593691317032,1,-0.03121736566398987,0.18630971250988693,0,0.035099954949388466,0.12894624004613264,0,0.2653663811550047,0.08877517805674044,1,-0.03536222340263858,0.047866603203732615,0,0.0185713786705562,0.028596747011428822,0
137,500,0.6,ab,0.41800394075656433,0.047483943308585304,0.04805772940748618,0.08320561203733243,0,-0.04664526424079145,0.13356916846534153,1,0.10150251470656721,0.14917786222983137,0,-0.008050564684431308,0.028588823305911903,0,0.07595114623492287,0.12264099299756305,1,0.08636796471291347,0.07820266374477557,0,-0.0024480396877894464,0.005303140912085572,0,1.4241583276437488,0.40601636394756363,1,0.26501038342111743,0.29073831742970924,0,0.7237027459601914,0.6818589805606005,0,0.1601093929383622,0.11512316541160181,1,0.25561324156395243,0.1870966285960312,0,-0.055046921346681835,0.12455409190584653,0,1.1922999418031621,0.574909124639505,1,0.1385994633801373,0.25577644638098007,0,0.45196289171345494,0.2745986147376937,0,0.41905738130117254,0.1525410803496863,1,0.09335763070392336,0.11180736601238479,0,0.20322228765461672,0.1506829696460787,0,0.3331054561650988,0.3268108862034598,1,0.27214599750347973,0.1765637025100593,0,-0.014277359581438744,0.014940247723198977,0,0.3739868420114447,0.3364429810761568,1,0.062027522617180184,0.09114654023985125,0,0.001102200622161206,0.002204401244322412,0,0.3151704905688855,0.29866897978962476,1,0.03352183724290697,0.06704367448581394,0,-0.03351152755307539,0.09377921525730676,0,0.9403583666307768,0.41822494017064143,1,0.05564441351751916,0.08148025081307884,0,0.017185749737806944,0.07331896565815224,0,0.034905663249411745,0.0665237304303,1,0.1880134955296229,0.09641271449558397,0,0.2933839865243125,0.35113933736146963,0,1.5009241007884029,0.766365033520951,1,-0.00014808914037359872,0.027372722744028473,0,0.9515911044769787,0.5008507711767242,0,0.5523708128201102,0.3858303403166974,1,0.0727303055904136,0.1023645001520175,0,0.07486213019228742,0.07074418332564902,0,1.9852854363471455,0.224261682756703,1,-0.00359275265138929,0.02227415898079705,0,0.07579592872864561,0.06550932568112869,0,0.5344460625948055,0.7238331116615032,1,0.06754064984298995,0.07169804575218154,0,-0.007733418622629743,0.013809001669891751,0,0.014501723386515536,0.022460335437643923,1,0.023620044812451085,0.03847096944719837,0,0.005919247004858108,0.011838494009716215,0,0.4688262659377297,0.5502151862541604,1,0.17913296648821792,0.3408676713402749,0,0.22187138890816,0.2248888717427262,0,1.1523826951210174,0.582578667512936,1,0.14545282195701278,0.04381166698388689,0,0.6899619822218648,0.7370464257401944,0,1.1713133923178327,0.3039249737230315,1,0.31777154035117944,0.519552734995625,0,0.057918144360398896,0.12424280834897522,0,0.23938013262362481,0.2434640169455418,1,0.061837948770525196,0.09114412754419349,0,0.04489366927677144,0.09837432222267573,0,0.3593360089994935,0.25044669956263543,1,0.09305090839876698,0.1363497162872265,0,-0.006231810993916866,0.012463621987833733,0,0.12638073824042265,0.14696887807833878,1,0.03924828187776548,0.03937802587835768,0,0.09677753420240114,0.08910108351097212,0,1.2779449779158738,0.46276337953782054,1,0.021517013854276422,0.15317800536026363,0,0.14723689560414993,0.16086919961010784,0,0.23950097844389098,0.17086053361366899,1,0.09051649605477959,0.12630207063308388,0,-0.04960600913251331,0.13764616414247863,0,0.4266913613209799,0.3740335529834262,1,0.4196924998466843,0.2986267721838506,0,0.3590667244620574,0.4058185190303848,0,0.5831221681684464,0.3175679139562843,1,-0.01567193827401084,0.04098907871743258,0,0.43128970878946954,0.2574794714858572,0,0.23991474227992748,0.19247528781004114,1,0.5161691494392874,0.5165467217052563,0,0.14716627123281104,0.20388638687289692,0,0.43739187823401665,0.14369619290207652,1,0.0,0.0,0,0.029887199699678246,0.03871126907740666,0,1.42963454691982,0.7857299118376333,1,0.4279363903436958,0.5312030607943299,0,0.21462352045520272,0.1969779663280926,0,1.0989163747338722,0.5035897138093424,1,-0.029287596284160784,0.05857519256832157,0,0.0737178033836133,0.20220115346097242,0,0.16183708533007413,0.1981830190418725,1,0.11767735788615548,0.152557348091243,0,-0.05555843766068709,0.1445315910177882,0,0.7925820171995064,0.5933852354284384,1,0.056104325690195675,0.09242826393353325,0,0.22029342824538797,0.1394779089804069,0,0.04040223054170472,0.156506264727767,1,0.0026457745016832206,0.010653325631032851,0,0.0,0.0,0
137,500,0.6,bag,0.32310963764726314,0.040973079624016306,-0.12423040503658181,0.20886660046458852,0,-0.09204635768349492,0.3077211008364192,1,0.18722570291999707,0.25054513332918443,0,-0.11391133510938294,0.22608816771562115,0,0.32414500815517144,0.422824759575144,1,0.16442485185807326,0.14499043237734033,0,0.0526464916294044,0.28019328022253764,0,0.024730167778768665,0.3385131082121382,1,0.07910659327417184,0.3633511665342661,0,0.6762925677887894,0.7540501298410948,0,0.5767048390086937,0.8377709166131957,1,0.19339413094841967,0.14750224425240707,0,-0.037800208154197455,0.29892140124237404,0,0.5566315527238445,0.4200381475947293,1,0.15654523232930506,0.20661024360153685,0,0.2892133938363618,0.3350293035602157,0,0.17673877161561183,0.44875692053592514,1,0.2785276486174949,0.35896833130496325,0,0.02949027429586537,0.5515015453846195,0,0.18527456146467278,0.20723989210582502,1,0.33875968805254514,0.46204739832189373,0,0.041483468959635346,0.2230386736085283,0,0.40276497917019033,0.4137099246464448,1,0.26939404139273687,0.33179421543112636,0,-0.15215478228399007,0.14621408266078656,0,0.15876515874473607,0.42656425552927146,1,-0.011657550953122204,0.3217628113106059,0,-0.011616875324515575,0.21892893033604152,0,0.2963309900139385,0.48157421233837777,1,0.23268271284488512,0.09251197021879472,0,0.01808392180005256,0.1831348923018475,0,0.1345408901919521,0.3511958626689402,1,0.03421465250704314,0.07386038738367881,0,0.020012498600946383,0.15409925368820274,0,1.8485195793656868,0.7445183980618012,1,0.29480526221944886,0.3134330928170362,0,0.12920904425690632,0.2853347039041279,0,0.9489418165745629,1.1749431580860306,1,-0.051338897301625816,0.4859022189730808,0,0.07333901621845523,0.269002563879518,0,1.9303639747766286,1.1430778003799371,1,0.08298006513839845,0.20983040578504758,0,0.09285173295882514,0.1129360469503402,0,0.32968700928213285,0.2558706876761814,1,-0.06835914773368221,0.1969723401242715,0,0.08881229143809556,0.21469578227230438,0,0.02600540085091607,0.1492923394326464,1,0.08737161843178123,0.20649270887182883,0,0.09236041248376758,0.10178084385616838,0,0.25085962547128654,0.4885935917253787,1,0.027981702344805882,0.17947725975699103,0,0.2560015602197496,0.4511856067612565,0,0.17903847980601795,0.26411840026029815,1,0.07542319575535192,0.5052084378143258,0,0.13593427271240147,0.2522416563403116,0,1.403247721669882,1.2624113384354814,1,0.3412287924590163,0.6780627228119074,0,-0.036269804623936835,0.23035918333273359,0,0.1436343896909868,0.05510276152679412,1,-0.11618426581341065,0.26985603184585316,0,0.06466687343825886,0.21525104581418808,0,0.2766451453481171,0.2518210860803285,1,0.11596732664173719,0.5113011947199473,0,-0.020224947244880057,0.08994912005755112,0,0.30621008323356735,0.5018326219970284,1,-0.08830840631245807,0.5554393263178966,0,0.03586916083166699,0.20601065573794178,0,0.56268128999671,0.5189949248030803,1,-0.17144562840124386,0.44181473837613355,0,-0.0023678313565604716,0.13139998231119557,0,0.07429941642710029,0.2731408670923735,1,0.0709026410082361,0.24299177718000528,0,-0.004448381772467552,0.11913384675349438,0,0.36318349205309475,0.2509505761138499,1,0.40258548551190376,0.21445636536846677,0,0.11368050537036063,0.2041061457549291,0,0.37070989401395765,0.4523608525075565,1,0.23149285853689228,0.2213886785603094,0,0.39505440020822435,0.33559163946305354,0,-0.33357630758871937,0.2672807959786037,1,0.1576953257846942,0.3892405596754229,0,0.059467571702819653,0.1340224111977763,0,-0.08671390596653704,0.6691057590606363,1,0.14043586530720514,0.15747269212028728,0,-0.02925234437087821,0.4281577594645805,0,0.8003101535690806,0.8047061960129149,1,0.14207048669406763,0.16252859143383716,0,0.13129155062580605,0.1953136708293712,0,0.784320845967482,0.486664980964473,1,0.06694561866983512,0.18646544868656306,0,-0.1377545274156304,0.41048866713683096,0,0.32736644562073774,0.2750996827109346,1,-0.043156991421234456,0.167897130563272,0,0.09913988449785024,0.12294568371010071,0,0.42811842032166625,0.31545760837030284,1,-0.02195970127482771,0.2135411003391457,0,0.08927337661309609,0.34354721573039737,0,-0.13126008088164365,0.1456964998915858,1,0.10316362425174704,0.1935285746851665,0,-0.02630083937986949,0.2038557540573394,0
137,500,0.6,mlp,0.9388281803433184,0.010024641079047202,-0.007530711671953197,0.023159671932671363,0,1.694158765899958,0.18995182055900886,1,0.09174355339861931,0.038822769802307075,0,0.029230701182359674,0.04356600873651508,0,1.1415819490041115,0.4129649859122987,1,-0.02973330702926702,0.04922158574223178,0,-0.05109168339650636,0.04046849715891713,0,1.8310335096876649,0.4539888712731587,1,0.0263392103205409,0.07854310121747772,0,0.006264730977991351,0.01755007117739246,0,1.811092729846895,0.44739541799839977,1,0.02536857857315335,0.03891940915585489,0,-0.025584502820088666,0.09800095109519019,0,1.7203437758459077,0.31917025373684366,1,0.02173209683569144,0.05000017576508372,0,0.00040384887847804557,0.028916562757172606,0,1.7681128921109353,0.21428124056870326,1,0.023136737388055464,0.04752270693733653,0,0.004259194837547625,0.06825579536941893,0,1.3519478878516171,0.1830484344189779,1,0.013399240971125922,0.04851563134894263,0,0.03459282366374506,0.04031468641700902,0,1.5249141052432031,0.1140276300598211,1,0.0004580520123843676,0.042746146382613696,0,-0.04492420115725601,0.02569731944931954,0,1.3545102914775817,0.20945817834473823,1,-0.007498196223525573,0.05712018862777046,0,-0.006043340813920097,0.06599114694959134,0,1.3521761158923788,0.21262220875272628,1,-0.028090767359123713,0.06140619094172191,0,-0.026978225183412363,0.050475270119351594,0,1.5696069105120327,0.4884205652077468,1,0.04139458006423304,0.03233846712963904,0,-0.017218470154127592,0.02987408676740934,0,1.5113331615336663,0.16978869808101676,1,-0.002834884226151229,0.026083070795722037,0,-0.016516427933219578,0.02710280175685232,0,1.6550644495470586,0.19129557487014526,1,0.012466740251713829,0.061894187104764686,0,0.014479279600322192,0.028721334446218362,0,1.5976588432723933,0.21594495660627164,1,-0.044632807042994785,0.05832384762504301,0,-0.03536220002070543,0.04377960997302102,0,1.2814010399065792,0.15596863611933776,1,0.03495399887340743,0.05631874939896425,0,0.002629840608041828,0.032279686624076015,0,1.9988072770678904,0.15804866414106758,1,-0.03632538018513751,0.029602274264802015,0,0.02020446182701332,0.040164702653649846,0,1.8491096450664735,0.17134779592859012,1,0.03825115511599395,0.06639313939900074,0,0.016426143779921926,0.05545602731537476,0,1.5350665287762169,0.27959633088026686,1,0.007961638282826897,0.03443406599348473,0,0.06287517658721903,0.04396008366309722,0,1.7653534617663031,0.38605540846153985,1,0.04748001429540459,0.06072737593405384,0,0.0042858868087710025,0.03345119165819658,0,1.1721952623928606,0.25486831640400126,1,0.03383989563495888,0.046270268442697264,0,0.002196901573299974,0.03790207082789018,0,1.1608624732393564,0.10270585676755672,1,0.05777301938776382,0.041417756188507585,0,-0.017586054009958572,0.05605611280837473,0,1.9404563847763572,0.18060289315631806,1,0.001690029687993494,0.04855880987102474,0,-0.01261453320967581,0.020719754760480123,0,2.0861941196385816,0.4400542721406032,1,0.003775010950919158,0.024237057453701753,0,-0.004129781804212652,0.050186739658327414,0,1.2898816563026174,0.2036923486537832,1,-0.025970728452538172,0.008605324897312057,0,0.17431114664846709,0.04697330452325484,0,0.8725556719680524,0.21895247658491782,1,0.08473539063305191,0.14203783624039013,0,-0.014205849715459651,0.02892023794156685,0,1.4330216490545307,0.22394568831025646,1,0.014574220728052045,0.02238480337987403,0,0.029967063174371346,0.0615650221972488,0,0.9971628231176238,0.2418615727688894,1,0.0753898231171463,0.06371459067551272,0,0.005928568850471214,0.06515700887296429,0,1.2135979887488655,0.357298509119097,1,-0.013554699061104913,0.043982946320475017,0,-0.0462612925740098,0.047318895459390276,0,1.4512346959702274,0.41003609953340703,1,0.019336962997158084,0.047115755414432366,0,0.0647203442541188,0.043838210682403185,0,1.5429342390688447,0.39314915761833846,1,-0.00849385374680692,0.03286382689004755,0,0.019694698472688028,0.07036371799859892,0,1.1616277513788948,0.2572173993242388,1,0.04382729053798679,0.025381799476358158,0,0.0036205369339682133,0.04204771882729664,0,1.5100485388867857,0.3996016998641616,1,0.023217447428924332,0.01853616494093231,0,0.04553845812053066,0.07740148218355687,0,1.4995909652151251,0.40896536564035263,1,-0.040463985292315936,0.06348080250671109,0,0.04837828042625859,0.019148096362483352,0
137,500,0.6,svr,0.48663369455687516,0.013590976164950828,0.11601747745448851,0.04966712994105525,0,0.2673124212322508,0.1485215393165661,1,0.21010717472226975,0.07329070026652243,0,0.05872820544816133,0.12309357228229735,0,0.16959740772538137,0.06075209710239799,1,0.05297716966921932,0.05746955900347319,0,0.12130416930516412,0.0906941411625813,0,0.5267062035491972,0.09268147083469574,1,0.2817664455816012,0.07043417604406571,0,0.15849663645373116,0.0501144926565512,0,0.3741961431271636,0.148158714329428,1,0.21610540593749472,0.08451035687500029,0,0.2449712359802146,0.1662087604562298,0,0.4500223111440257,0.1391845809833002,1,0.10588766735972222,0.016758435695500663,0,0.2286623394671805,0.05660657420217659,0,0.45673578592815434,0.23901788913820238,1,0.18156367959116573,0.12513640255018574,0,0.17189257995703497,0.10247839587566085,0,0.23930125911997605,0.11563010750986036,1,0.18854749969690987,0.06675688113802428,0,0.16314627254020989,0.05800903311724503,0,0.3807875851106538,0.09987198793870145,1,0.09919610400613275,0.059914083791132236,0,0.0714706655132589,0.036733110056534256,0,0.285710244476859,0.12429689282860293,1,0.10559803173225127,0.05925828646332507,0,0.16710261988486447,0.07523086054520818,0,0.40214225381675933,0.1225076421212216,1,0.202104686220761,0.0732499433358232,0,0.20374188149815903,0.1436140311913635,0,0.240389291426103,0.129941678752333,1,0.13843067945376195,0.13459807708836388,0,0.16123652681418638,0.10638786278713705,0,0.6268069922478195,0.1368834813690379,1,0.2828202620815181,0.10883532776675095,0,0.25834219284265986,0.07194580524497426,0,0.48864061120375035,0.0395905635022573,1,0.19884207354294664,0.04595586865918049,0,0.19657638148793083,0.07831999428346922,0,0.5409824774671036,0.15294553837796412,1,0.07936121201992259,0.08934840337691811,0,0.09421439888849323,0.08234875327050593,0,0.3482310624185477,0.1462163265288912,1,0.15960284332000232,0.05407661990847835,0,0.03837178828312203,0.03705714855262626,0,0.21760491734223836,0.16868271599472404,1,0.033415428688636326,0.05610250498360069,0,0.07919293915187278,0.06136908826959295,0,0.2310232784488329,0.13638470892642227,1,0.09848975612685282,0.04317795289847685,0,0.06987408775709861,0.05359314544087699,0,0.4208734563189852,0.12836596098352496,1,0.24417113233580956,0.07663751316799707,0,0.2329846439530936,0.07807780626050462,0,0.6880533079221987,0.23317910954769508,1,0.2640695513835064,0.12225899558075205,0,0.1068591987375616,0.043417371937965,0,0.23219188002189,0.033037120932612754,1,0.0724088250784966,0.05003783145578869,0,0.1267871263296078,0.03644216444560927,0,0.37197123195308024,0.08201895203342434,1,0.2065769305746521,0.046552474354196106,0,0.033830152838186696,0.0761068208337085,0,0.361979810481926,0.184695031992693,1,0.04994683225947311,0.11362417749660457,0,0.0517160883551549,0.04988590124868368,0,0.39752885813480543,0.031774362909628776,1,0.036163682740926434,0.026538844236934755,0,0.06351773947975844,0.012162627192297914,0,0.36167638381467476,0.12175477777471391,1,0.19424553472870715,0.12154606717483425,0,0.1830004878833092,0.07622731271084501,0,0.28437292497609534,0.15151851999441757,1,0.3055988103724762,0.08507924112907143,0,0.1666226186453285,0.12450397413403566,0,0.5194568873711141,0.08541929368772336,1,0.20918304506860821,0.1251900646603946,0,0.2290506463339613,0.14024419977604102,0,0.4455648157414956,0.17753020027138758,1,0.2946315282105251,0.09488575777619589,0,0.16114874789827444,0.061581662752585156,0,0.3590260991453601,0.0853483080778737,1,0.09280694243556417,0.0522142097639245,0,0.060628320210891005,0.05720955347624309,0,0.4138725258516602,0.2000837370894211,1,0.22280427597057312,0.11730926708004215,0,0.3014233511708505,0.0956330713636532,0,0.3805358409437588,0.166292986206447,1,0.08794913308696818,0.0336658450020508,0,0.16557691652930653,0.023012524853303906,0,0.2945792242109766,0.13327157613064616,1,0.18820958586566347,0.035897735893513465,0,-0.01195265807155087,0.04276991073706239,0,0.256401561119261,0.07824543390504672,1,0.07655869422837139,0.0562438700098993,0,0.09378819445021157,0.045429789804273896,0,0.13039095658895744,0.0325862264480562,1,0.028259156901813087,0.05872348202095845,0,-0.019232817551387327,0.02391423565117929,0
137,500,0.6,knn,0.4252204822223238,0.02874155805445526,0.056860714941207244,1.1355432658096438,0,-0.00944085677110017,1.2740901892374488,1,0.4238051657613967,1.1744964747415834,0,0.19725469226510214,1.4906277858578083,0,0.004445907956441436,0.5730535710783499,1,0.3222625142754905,0.7588736537232723,0,0.40580039221085135,0.7118354277954667,0,0.6794623264088362,0.9893679800359336,1,0.9417189944952071,1.3196163708977713,0,0.28203668988426883,1.0974699560947412,0,0.3848610789879243,1.290782932283224,1,-0.06324562840777141,1.166404917153821,0,0.192002189648837,1.1599692434686628,0,0.633586044463962,1.1640658182165347,1,-0.369665418523209,0.9381741474461278,0,0.026120676351570903,0.9347193742313856,0,0.5361392830768955,1.0747314245553625,1,-0.338228856912285,1.450101972901889,0,0.31276579710665725,0.8959155796107338,0,0.11417387927828034,0.9376063965030604,1,0.35853458621994283,0.7073426428235364,0,0.46345897908427836,1.1127906708179802,0,0.4830451073730737,0.823402798403756,1,0.21516156061704636,0.685214254723213,0,0.6595406516046995,1.014030998171456,0,0.5319298576409948,0.8246577072032494,1,0.6355494638691115,1.1444471048126057,0,0.2606897975953095,0.6835418590428366,0,0.5416764993781558,0.9520559007810484,1,0.15195740324293103,0.8839819772964085,0,0.0487719440012465,0.902856863469296,0,-0.2834122597050378,0.47712328799744474,1,0.34274816190711355,1.1822791698693544,0,0.27017902887219536,0.9517635784561874,0,0.6844006491211968,0.9315611407610153,1,0.3034849221077442,0.9201346951890649,0,0.5517807028333845,0.7147037592595902,0,0.9338048028888475,1.0559254037987091,1,-0.07714859528621085,0.9882035663625568,0,-0.2947030655562958,0.5971453023612501,0,0.440692081032131,0.6182602019494884,1,0.5692627839638114,0.9280278990055963,0,0.7124360389192135,0.9816081182701446,0,0.49945948011691155,1.50290386289721,1,0.4763784868290074,1.1020095037647355,0,-0.1444774114646148,0.9411194740200277,0,0.03259918285592922,0.7236266083004378,1,-0.07534787123692059,0.8423741231309976,0,0.4191854471492425,0.890431752647148,0,0.18340487674557013,0.6002155954301993,1,0.0032202519086017233,0.8506664942993096,0,0.6004845545143238,1.1396416613930778,0,0.7791182208296824,0.7380881795916417,1,0.029171431925584836,0.42305585666721923,0,0.20686706806941918,0.5562261767880442,0,0.5371417627375132,1.0448582396620398,1,0.5064199619241866,0.7464782234162074,0,0.37067434279506817,0.7558275916175001,0,0.21335882189673505,1.1437634578342384,1,0.09866200012024591,1.3432769747355426,0,0.5804011079292295,1.0612121906175407,0,0.3291406089027067,0.7835865825368039,1,0.22796930594876255,1.0902318468867638,0,0.1893886988664443,0.5331871685803258,0,0.19059756163902614,0.9821442795006697,1,-0.10228761556135113,0.63789076111057,0,-0.021822481372188618,0.7425539229465037,0,0.3427757369963347,1.2156218440076325,1,-0.030532876399169927,1.1626815014296286,0,-0.3319362871517877,0.658399892452528,0,-0.19427970372927655,0.9540039933290224,1,0.034366950891250345,1.0261250018869967,0,0.467457695397653,0.4603915867721443,0,0.9260711877964086,0.6621034868572852,1,0.7409708766829646,1.516315788927827,0,0.5259981175693927,1.4593748695073925,0,0.7669001091229628,1.1758862013985976,1,0.28113661926942146,0.9058806810521535,0,0.16444596785765653,1.1605427294104553,0,0.8940638644130381,1.1728805337422932,1,0.8183247255466526,1.368106832297165,0,0.10999924431118609,0.9425604965215051,0,0.5545567582731502,1.2993586216509942,1,-0.1321784557799121,0.9189818970471478,0,-0.0857638613173239,1.3045020788214943,0,-0.09111243206563364,0.7728603058858764,1,0.8255869509725648,1.4381220901208167,0,0.3999152620345486,0.8550469557858221,0,0.24575641357158445,0.853708985272855,1,0.4954988527524858,0.6180591623326218,0,0.7400934832393355,0.8540615677510955,0,0.26458550204066855,1.4472623109258567,1,0.2574696244859675,1.1172102228904337,0,0.23837261514492442,1.045806732157346,0,1.1533047773470695,0.9978900920522679,1,0.503154138460653,0.7508635909037851,0,0.14719443945856034,1.1148691188582316,0,0.1628274758093307,0.5387797819168079,1,0.13740340688531422,0.7631232845912321,0,-0.035425056158717695,0.8328778043045332,0
137,500,0.6,SuperLearner,0.9761186774397952,0.003447494199476304,0.0073190136611636205,0.011585086591288547,0,2.149120911325114,0.3939629057667582,1,0.0024740136163083903,0.004746630151837422,0,0.004410699603006806,0.020372764111835324,0,1.5667549785436454,0.3540989663997256,1,0.029196875549997548,0.02936599566661519,0,0.006298475039756701,0.011028893363488272,0,2.198641355347534,0.31315784655066636,1,0.014060011529410615,0.008203384767915668,0,0.0023093433334046595,0.010594718895553832,0,2.123292827053279,0.45371988683386305,1,-0.0001124835446279314,0.004362373194760789,0,0.023231692180239228,0.01937606148252088,0,2.558863873248912,0.3118494753506698,1,0.0038483620342119663,0.007728379507149134,0,-0.005704096820123262,0.006127783965584644,0,2.2435546716020154,0.5566467406398142,1,0.006844040928789971,0.00659128268693301,0,0.011862045691145398,0.031424978064994336,0,1.6482269479009957,0.15987657890975504,1,0.00830397291623222,0.008870127082227732,0,0.008571685731526705,0.0098775038266427,0,2.504492579053367,0.15583658121452743,1,-0.00868364296878137,0.007192072012304553,0,0.0774051254188353,0.04726030454350398,0,2.253191294840148,0.24556263552480695,1,0.0015479254733003303,0.016359597980042315,0,0.013671075991387501,0.034531800673870364,0,1.7255451755094804,0.09699863437136393,1,0.008285827602958403,0.002965251090258804,0,0.0010688995686285977,0.00526695526596509,0,2.1983722490286537,0.6390357978317381,1,-0.012213113663679229,0.006656952656283378,0,-0.006083111576363047,0.013709426023212198,0,1.8774263169894514,0.27604234622565904,1,-0.006620344530249574,0.012472833701227369,0,-0.004458766488018966,0.014043265124964328,0,1.940843264355135,0.1530745817120157,1,-0.0007674774775819244,0.004694747183325643,0,-0.00641470108516833,0.007806030021819617,0,1.836949844047296,0.3027650400092009,1,0.01615795465960305,0.03427799790713205,0,-0.0012219257302925218,0.013997104966723227,0,1.666730293968492,0.27696465877532367,1,0.006299021374651248,0.016100786945779235,0,-0.001093680802146224,0.009799464918427661,0,2.508949917255687,0.23764044737770004,1,-0.006541197542018107,0.011202334233594971,0,0.0004621485812708815,0.03270092768164621,0,2.1496505010433395,0.22245642332929402,1,0.0031114289526083154,0.024049989906048827,0,0.006268363926263967,0.01664888737364654,0,2.0253574782207684,0.3300482574620318,1,-0.0004842675084230627,0.005755382736219852,0,0.01392764519516699,0.01369634505546734,0,2.2216294035726105,0.28670298066667804,1,-0.0027084990627858872,0.004473362802573551,0,-0.004691985842188886,0.011628988965223058,0,1.8271672240408485,0.2505587702478713,1,-0.000229589589221411,0.01054804070281776,0,0.003355575356337178,0.0035226362829772883,0,1.5148579663891133,0.1207218839059196,1,0.06565019959821639,0.016197627853389657,0,0.042437271832205636,0.016450130609954546,0,2.2804408347952494,0.3575221194514899,1,-0.001881495758235378,0.0038228009225375085,0,-0.002610132735504879,0.003649569096707334,0,2.656953410449103,0.28374833196771115,1,0.004064946542543987,0.007545300239926115,0,-0.005092805179883926,0.004413291718632296,0,2.195318396987672,0.29872737838905383,1,0.03440037475672023,0.024083030225339308,0,0.061842843171254824,0.04979976829130538,0,1.7579529649307322,0.24634241642054308,1,-0.008756909469672818,0.02377318015988665,0,-0.0024000416139678196,0.003129244556624525,0,1.8867000151085307,0.1821968953491654,1,0.018106213271776955,0.021544219294296302,0,0.03897621604107056,0.03476360709801579,0,1.6799521823507046,0.1971309420724363,1,0.0012085487300903682,0.018524163934457057,0,0.009913430970597256,0.028838940080306828,0,1.392308488735555,0.3442694769634509,1,0.0022211628489794072,0.007399616716792278,0,0.004067201526992678,0.007617361127501293,0,2.1222418924449897,0.23989499581440782,1,0.006637174670411365,0.017232203349968837,0,0.05576218949061945,0.020027896585502213,0,2.0535743955008434,0.45650541891362184,1,0.06310624150612146,0.035991734191699314,0,-0.014388112477248157,0.017420525869212868,0,1.991496056450212,0.46140381321450114,1,0.001979718349356063,0.010249881505604772,0,0.010747887101413422,0.023317737066983802,0,2.302178266685414,0.3766738649348943,1,-0.002357466375671729,0.010320823726271279,0,0.031823305681976485,0.04748468660680974,0,2.0490375785804305,0.6223375372252762,1,0.01434650482918659,0.0357233756075435,0,0.0014361485924240815,0.015399032656717864,0
137,1000,0.6,lr,0.9775271899332096,0.0044073827904068125,0.0005973019614967625,0.0021710745499109864,0,2.1517227027099315,0.21601119639578528,1,-0.002239444059607257,0.004504017950475852,0,0.012163713742291122,0.012031740148118648,0,2.164740321389611,0.2514091933454199,1,-0.0029296593305531164,0.004782416522352433,0,0.005873949949705175,0.007326433311683995,0,2.5214349117302692,0.26811710157980156,1,-0.00012877619888245067,0.005067707058841027,0,0.026558453453126844,0.018664319588030453,0,1.9382897362301357,0.4725596668052377,1,-0.002413779762737105,0.00354697741409616,0,-0.005643877933451763,0.00785290877983705,0,1.8507858464795557,0.14839360729883988,1,0.0010146266346028718,0.0009827537098088925,0,0.0019741130051438823,0.00336832964363364,0,2.433441905931916,0.14261241812814812,1,-0.0024492428652178495,0.013650676769235306,0,-0.001172952902896978,0.0030693611486809313,0,2.111660425466733,0.10370212339880946,1,0.0016395623342515086,0.004723164372026429,0,-0.001771434349253349,0.0028359828014093975,0,2.233417434222246,0.147267137332492,1,0.04250649366788382,0.013092392978374353,0,0.009005956130315927,0.010850516200387895,0,1.8859657091131843,0.14361380752227926,1,0.002454895565637571,0.0053535893233584856,0,-6.892085025025719e-05,0.001942548910409324,0,2.012737573015335,0.18178407385484244,1,0.008207851249276176,0.005981553228775233,0,0.005645045184253473,0.006188905041437218,0,2.3298447164681795,0.18179621218960262,1,0.00011041471715362372,0.003310352394304813,0,0.021661018259528857,0.00553300700928416,0,1.8620213519560012,0.18405717590883036,1,-0.0011383366012230529,0.0024540068000727454,0,0.0054514523496192804,0.005822836346792261,0,1.7607759204463918,0.24736554625464235,1,0.003377031039177688,0.007720239686985903,0,0.022098063262529728,0.014765993124989626,0,1.9052616560846787,0.08350018628135178,1,-0.003927103360297066,0.0053999910502893775,0,0.008486681653472723,0.008715313347795796,0,2.0420799643436656,0.25743381341935917,1,-0.0005020891368795284,0.0016795769530331373,0,0.0006196915227090484,0.002296401507253493,0,2.3475562164041737,0.26098223808113186,1,0.0030967860857515892,0.017476573398124595,0,-0.004065595922900851,0.006826769529400582,0,1.7476459301509053,0.15095563655848454,1,0.00816400965188043,0.006081288226561744,0,-0.003614993863029249,0.005192441187981248,0,2.209968007092596,0.11409467791642133,1,-0.0007500800310598281,0.002227709252223474,0,-0.002076551963827884,0.0016118320068219,0,2.282893440629605,0.3594298476793803,1,0.014783722842131263,0.009096709267512243,0,0.006606486266464763,0.003909626804708722,0,1.7478221776374867,0.20270723321719203,1,-0.00029809583761905014,0.0003453846211848177,0,-0.002072844850906171,0.0014972131681246631,0,2.0433663508143325,0.16657896346751913,1,0.0003309275643450545,0.002073362089749398,0,-0.002617013149907555,0.005144709254648834,0,1.9392420915314954,0.3429770389851613,1,-0.00020563189367506316,0.0021471773579355246,0,0.000600479485409567,0.0028944339158120313,0,2.054798602067767,0.21347035479199888,1,0.0031482360725600526,0.004833429436607157,0,0.004411755717689088,0.009217430324601239,0,1.909788574837476,0.19280324924374884,1,0.0055660685463856385,0.005619614433271979,0,0.005196467910779485,0.006336407972370012,0,2.26901876586829,0.07457372802622576,1,-0.0008320362198491278,0.0009905717522004345,0,0.015109751265460002,0.010991968543508276,0,2.222517565034553,0.31465209245006703,1,-0.0012678222648615594,0.0028368493747393487,0,-0.0014116318260074174,0.0013979349841272385,0,2.092102442802323,0.3569576744717105,1,-0.004647636952819249,0.00954316563057806,0,0.006617764295210857,0.012216939268554137,0,1.977137980133012,0.1183876300556685,1,0.0018733309251416862,0.0025245605363855158,0,-0.002519504968697046,0.004437409970447459,0,2.250825348916668,0.16493507268517751,1,-0.000542585489286786,0.0016974910993396916,0,-0.0019735890570301918,0.0027314594865817735,0,1.6890033437820164,0.16508245618812575,1,0.003936981112318664,0.005146656528504924,0,-0.0058212751437147995,0.022539459240840966,0,2.155584290408962,0.3735645679420637,1,0.0008809598003751394,0.002939948822998013,0,-0.0007007836684039636,0.001811067614011368,0,1.6460837965026645,0.16038586613852712,1,-0.0005388671040459015,0.0013938678217577864,0,0.0007450618761603041,0.0007823592356515269,0,1.836170043167129,0.21381640146033296,1,-0.0004304440825964836,0.006031487288062118,0,-9.356421857554627e-05,0.0023497720143841085,0
137,1000,0.6,lasso,0.4988972883931472,0.027669860618532202,0.0,0.0,0,0.8390543242052114,0.046036852109899044,1,0.0,0.0,0,0.0,0.0,0,0.4777509104817648,0.06886009509226226,1,0.0,0.0,0,0.0,0.0,0,2.1474799176756085,0.3923164337227412,1,0.0,0.0,0,-0.0019818462511552184,0.003963692502310437,0,0.8306869461534749,0.25480185966400715,1,0.0,0.0,0,0.0,0.0,0,0.6509942591341227,0.14368688055207743,1,0.0,0.0,0,0.0,0.0,0,1.2010871275574813,0.18767928806474635,1,0.0,0.0,0,0.0,0.0,0,0.7342822403939264,0.11641845576697471,1,0.0,0.0,0,0.0017574862122684463,0.0035149724245368925,0,0.7673700028144724,0.10145782554908737,1,0.0,0.0,0,0.012419520555732576,0.024268656512476904,0,0.03483612257513454,0.045523459723108305,1,0.0,0.0,0,0.0,0.0,0,1.6196439637351094,0.16149908091455834,1,0.0,0.0,0,0.0,0.0,0,0.4468385916374965,0.19816617294761663,1,0.0,0.0,0,0.0,0.0,0,1.4067067233822625,0.14291424441786807,1,0.0,0.0,0,0.0,0.0,0,0.6678103704586582,0.12987561112675503,1,0.0,0.0,0,0.0,0.0,0,0.7158264884065033,0.1630287366952862,1,0.0,0.0,0,0.0,0.0,0,1.2656870657085186,0.10730953052094319,1,0.0,0.0,0,0.0,0.0,0,0.10726524484366387,0.06479741001902745,1,0.0,0.0,0,0.0,0.0,0,0.38685847076042823,0.05150872018113658,1,0.0,0.0,0,0.0,0.0,0,1.4516690472386558,0.14908248706831528,1,0.0,0.0,0,0.0,0.0,0,2.2173763035872613,0.163275488812027,1,0.0,0.0,0,0.0,0.0,0,0.37388836542014225,0.19696445433226661,1,0.0,0.0,0,0.0,0.0,0,0.7143336339519678,0.12467140456205074,1,0.0,0.0,0,0.0,0.0,0,0.4763170169498824,0.25715463989760384,1,0.0,0.0,0,0.0,0.0,0,0.9547076115680617,0.2696524335506367,1,0.0,0.0,0,0.0,0.0,0,1.2872758016215422,0.22848221157015522,1,0.0,0.0,0,0.0,0.0,0,0.9016463193560998,0.05441167288364406,1,0.0,0.0,0,0.0,0.0,0,1.307359218661714,0.18550687706271,1,0.0,0.0,0,0.0,0.0,0,0.39180611531466286,0.20974819887740495,1,0.2851800333160752,0.15059845763210658,0,0.0,0.0,0,0.863466840472622,0.1947087599204893,1,0.0,0.0,0,0.0,0.0,0,0.9985227155689881,0.05603454404080971,1,0.0,0.0,0,0.0033337432339499034,0.006667486467899807,0,1.3285834916362922,0.14002106671046077,1,0.0,0.0,0,0.0,0.0,0,0.1431835839703703,0.11890068555646675,1,0.0,0.0,0,0.0,0.0,0,0.3896123527921772,0.07025234851408242,1,0.0,0.0,0,0.0,0.0,0,0.06505606750585897,0.0585088249004218,1,0.0,0.0,0,0.0,0.0,0
137,1000,0.6,dt,-0.2877515216620237,0.09226903940693862,-0.05759700551549114,0.35122801647762797,0,0.5713219065689179,0.5181833295471363,1,0.24473594136956806,1.0562491145171768,0,0.47812038500186577,0.42795011747321215,0,0.7234087217467986,0.7205044218145433,1,-0.4785433328491656,0.42284480085131587,0,-0.3207078571583507,1.1660429909971934,0,6.8382818003181685,4.153878753695406,1,0.07858354739330023,0.46725514291575554,0,0.7803923817756581,4.1431228163571046,0,-0.3481845023353308,1.1846511186583053,1,0.015504051832672205,0.390333211854076,0,0.028187045800410093,0.08999085023711008,0,0.3212606861220008,1.1411597558712205,1,0.1321905293059656,0.1481899345501544,0,0.8907469013018087,1.3818175415725573,0,0.17853534321725836,1.086752881545912,1,0.05973329175876364,0.15164090949224146,0,0.15765369342513397,0.18291653543391145,0,0.9025594435423834,1.6776007397980817,1,0.6150392852441172,0.8173073380620077,0,0.08057517253474983,0.13328004660738058,0,0.5718942570846617,1.0035851568269654,1,-0.3218868449245688,0.38217011904332293,0,1.0453423250237284,1.3913652422857146,0,-0.30410833449072266,0.4737211841259131,1,-0.20641803576367002,0.15692676919307072,0,0.11995244423626579,0.7053373601379987,0,0.6707279227131361,1.5111347541559108,1,0.11253866853040306,0.08986950114273926,0,0.31871732726454594,0.3717148082226209,0,0.18943101136982324,1.1563789117428118,1,0.3979012683029393,0.5361215129176248,0,0.33855632789843176,0.35867038636581655,0,0.1463036816588282,0.4607036529002666,1,0.7978738413652012,1.0316148707476946,0,-0.06322338788000403,0.9207733659193855,0,0.6169830346402472,0.8501646184799422,1,0.031231211989052744,0.5534445045949195,0,0.06390915330900478,1.7612369629528841,0,0.4577425613246838,2.1514021850305527,1,-0.13569960102841894,0.38056154727613484,0,-0.5464550001470947,0.6188363002921737,0,0.7982338815240624,0.8072060340920242,1,0.17679995446732705,0.8916759143542741,0,0.5599417187219016,1.741361255467598,0,0.5185406129046073,1.5105467407919453,1,-0.21369421127742738,0.21274878608928838,0,0.9594231489341134,1.4814910478394003,0,0.6485151238751256,0.5749776082971959,1,-0.15779413961640804,0.3230477042251165,0,0.005135756924257118,0.3419763310243226,0,0.02138658876766899,0.5579438332454946,1,-0.10766280756551871,0.6634947776843922,0,0.4246866915581629,1.2444671366792734,0,4.30025574983501,3.881542539146733,1,0.21635205181554434,0.835859346007641,0,-0.4514253528765682,0.7300826265136621,0,0.1839329768694419,0.5342830597991556,1,0.18675603129113127,0.20102257494716302,0,-0.1017186306996541,0.15856557578679256,0,2.2779609918082095,2.0506238238824523,1,0.33706724737709715,0.6598735595082494,0,0.6799522775326141,0.5937976606934474,0,-0.21843992308214616,0.7749898600769751,1,-0.3160117995657192,0.3608330416737805,0,-0.14256163431542643,0.3255178799869718,0,0.07788007797210383,2.3582745663810556,1,0.09520588969053237,0.5520374377185102,0,-0.10223959613869313,0.39736097829852346,0,1.0769757057307152,1.3343417894452259,1,0.018302300154882278,0.2850622651111481,0,0.4339073330437183,0.8366143080185202,0,0.03631898610684044,0.9036873788605271,1,-0.013746403736184215,0.37751897595093215,0,0.2609604686588286,0.33399453782375005,0,0.1079321489165058,1.5976036655310073,1,0.06683998445788479,0.37410305579177855,0,0.7388597585709823,1.2843150379380144,0,1.5728596435293587,3.040668825181789,1,1.3602390727288998,1.6241617805995303,0,-0.3130353379317209,0.6013393630317753,0,0.5761835021494961,2.101888429167075,1,0.09656320593709868,0.28172685230758826,0,0.13082662054641717,0.1319489100084297,0,-0.6393443215003366,2.0824243321877143,1,-0.007302393642237154,0.9491807970604603,0,0.4845334231191366,0.5541152238536499,0,0.007038784876415782,0.24261691488228618,1,-0.25471559188943677,1.29020042206762,0,0.024012597770054357,0.2859249933341346,0,-0.10433622415730934,0.9633546253477547,1,-0.3782542963211866,0.46078280669948357,0,0.6271874120019255,0.7678473435539414,0,0.30532431007685684,1.3789863355316754,1,0.09728895350993509,0.8778906764972322,0,0.3061069519052503,1.1050878355087532,0,0.40983293762015177,0.2290289672185505,1,0.25562210233703375,0.6418173515506128,0,0.2522797762093726,0.2582721541262554,0
137,1000,0.6,rf,0.4615077313642237,0.024196437388917375,0.029559052716146384,0.02167020036825039,0,0.1729396680712429,0.07375498013030965,1,0.06327422071142233,0.030302913591141362,0,0.041669916785195715,0.06756068591063041,0,0.3513262569825909,0.11335371960605221,1,0.04796422049174427,0.050210603662651156,0,0.09187463559755918,0.06569305728891094,0,2.7717019374709118,0.549444063414465,1,0.1626442835149894,0.12132084055665672,0,0.13136858066040677,0.11666373872454716,0,0.3247868697171956,0.1627084785968034,1,0.1368323029537756,0.07896047341714307,0,0.13222167247905026,0.09933110420638373,0,0.27968060388604454,0.12481911239475967,1,0.06064363922384071,0.03998451066558395,0,0.10125117597122027,0.08742107152494144,0,0.4143796739803059,0.1314577627791426,1,0.18381168592715863,0.14204870170891704,0,0.23733665411014848,0.09233534657710164,0,0.413964994681009,0.12396455559579236,1,0.1312440420925864,0.0650370586066626,0,0.06645440271106043,0.05808387641478705,0,0.21581192292646847,0.050063712251578865,1,0.07933413207788453,0.05522862938316603,0,0.19470215687539785,0.1116031841855063,0,0.28736982057246685,0.13857690656080748,1,0.04130010108846159,0.03247919844635924,0,0.14658025595192276,0.047527129995073025,0,1.3017403545056225,0.22060161099652345,1,0.1400466745940886,0.04028169715420157,0,0.07608737620374018,0.025807130173488423,0,0.23631223225269454,0.056348421586560525,1,0.05428868081595937,0.04967454362552696,0,0.118113095516195,0.03828250358101426,0,0.4587638855873443,0.1303295536799325,1,0.32705699675353755,0.060997850738117254,0,0.17677617221624883,0.08300269133009189,0,0.3503352285672548,0.11986222101747658,1,0.07384927679694062,0.03594948583703327,0,0.043422033176776356,0.06240152458642767,0,0.41744784847406124,0.2128799620622544,1,0.07341740049132653,0.06119027843329148,0,0.0502896803169043,0.024687652181353683,0,0.25649735401849966,0.07495674302197897,1,0.0812520170129071,0.08248423009853913,0,0.13040685156337703,0.08105374478272921,0,0.10370269401140893,0.0755387097681813,1,0.06453621977083929,0.05787610642393065,0,0.08817563437916795,0.0476407492096076,0,0.2557972679648264,0.06845761529570922,1,0.1295623043075379,0.0799217794918282,0,0.0293645880746073,0.0468597114936167,0,0.45508107771798845,0.07195684242807183,1,0.12929468460693344,0.07743968344356177,0,0.23458674414317843,0.040600032748274034,0,1.605841301612077,0.42721618541910056,1,0.16826272330302156,0.1404219494380663,0,0.08889474193653257,0.04005911373369479,0,0.2416190517292766,0.11675420779269877,1,0.05132780368974501,0.022336487301144715,0,0.11447808050721915,0.036775930945884085,0,0.34358865012671436,0.06004156686629771,1,0.037838500991346,0.08070296641001753,0,0.06297152661436803,0.023979948525809574,0,0.2922252853360099,0.14382983287957707,1,0.07560143823827543,0.03199919611167493,0,0.06747359717683903,0.10666140169174314,0,0.3237375172407609,0.1635428305228887,1,0.07058068661388704,0.04157449785749468,0,0.054781079694897684,0.05497525529043831,0,0.7693949900889352,0.21282687802991238,1,0.13873624392770195,0.05867329420446057,0,0.15548977781381143,0.07987300388015556,0,0.23353816779553246,0.05548917767452595,1,0.14800751521655484,0.06086694968942012,0,0.09649147995095184,0.05140818986719969,0,0.8732325679911271,0.34282651574081524,1,0.15150150862975348,0.0982381581981186,0,0.17611622411896782,0.07611719506619424,0,0.2923816069319416,0.1199491315719695,1,0.3744960030990944,0.20031081795908076,0,0.153524414378494,0.05271281321416162,0,0.726520794730692,0.30217910286946087,1,0.05316206337493652,0.029470748634043278,0,0.0472234006382148,0.06320512998510414,0,0.46051796406061696,0.16742295542920813,1,0.059512988004016665,0.03170861875946157,0,0.21074956139173612,0.06375842255801599,0,0.5659344380089776,0.12421589059786754,1,0.058488261041600986,0.12026173875831828,0,0.026321334803335546,0.03305909162867821,0,0.10655282878203728,0.11878352630270897,1,0.03138872470687497,0.04859561775382026,0,0.08595625444996509,0.0916763817094599,0,0.18687474645871213,0.08288730748002719,1,0.08539477188169184,0.05823841266966525,0,0.03455821431261963,0.05499013205645235,0,0.1264669827602537,0.07045932266415479,1,0.019139951942001774,0.05091317732786942,0,-0.0071429583332714795,0.03632532988047923,0
137,1000,0.6,et,0.4682518436590013,0.020313748206678656,0.07693853796172799,0.054827128603103965,0,0.24397167043392617,0.07989080774345701,1,0.11220563822481404,0.07089523620334442,0,0.1186286137720454,0.047160376031086707,0,0.2402265037815591,0.12658806739829073,1,0.10535361443114348,0.0647777381419948,0,0.07123956362619173,0.05241311272720807,0,2.431754944919949,0.4877269751432063,1,0.11660163183577868,0.1101927672195984,0,0.13521646756164177,0.22090715811887762,0,0.21985054377158558,0.12523936296841817,1,0.16663243670503392,0.20027630008445346,0,0.20286193340304054,0.10183437375155974,0,0.36590752720765074,0.2159699306210324,1,0.04599964886072891,0.047012949577707866,0,0.15478003938521528,0.08720529836425692,0,0.490260975750603,0.11515707141233925,1,0.13009301741194665,0.10701316637984357,0,0.15882622377828254,0.08851466423789146,0,0.4183715083643292,0.09322635654603678,1,0.10084992592792108,0.05991463982671025,0,0.17588532526232542,0.05994657746863068,0,0.2952164548271684,0.1196670970368451,1,0.12949234619272368,0.045192018696328065,0,0.2922402347328198,0.09055909435318592,0,0.27916831555209976,0.020123710013348624,1,0.037738426266064454,0.024759344620614597,0,0.18967645100460157,0.0421180236412884,0,1.027858159330301,0.3951713380516002,1,0.19725065046546966,0.0398660892228451,0,0.15243783059469748,0.06443502702000327,0,0.17119472675357678,0.10597902174851767,1,0.09105559505268943,0.06234179797989395,0,0.12523284400073575,0.06375988583273068,0,0.5154234194947536,0.09096565529085107,1,0.3534670173328319,0.10816061254192254,0,0.13134079387196165,0.1289510397241309,0,0.2986765710006668,0.14083563219664724,1,0.12021681276945022,0.07309446157533035,0,0.0031033733206441106,0.08495097561602252,0,0.6379490822771341,0.11264647342717062,1,0.0299694116197397,0.039785887251884866,0,0.0801880142559995,0.0967914937004582,0,0.38690987258460463,0.10452644527184358,1,0.08695913899231313,0.0987542275558224,0,0.1348033878661759,0.07746057350920352,0,0.14314367600242522,0.06601148851363646,1,0.06038649325362342,0.03184679621526128,0,0.10948223837295101,0.054436183605722305,0,0.24031348822943918,0.06793567253576914,1,0.1448886842298869,0.04274184471978425,0,0.07687011999439462,0.02887332328164097,0,0.5019711911329261,0.14430225314157205,1,0.1672483238351783,0.10648827749098438,0,0.21475711375965179,0.09052457257594947,0,1.2907408338282595,0.25313250793460756,1,0.2641213870877494,0.14052826686827422,0,0.0831428519361059,0.07063236523555994,0,0.27680287055672265,0.18447390997166815,1,0.0654906591940016,0.05661987210792029,0,0.16546302009447372,0.06033272604492968,0,0.28252284101024683,0.041238508807442203,1,0.1131581460787845,0.05844465568091019,0,0.06570269075820112,0.036243303957476776,0,0.25248981695879624,0.12717032901546574,1,0.08308225150436764,0.05531163376909055,0,0.05290460537181331,0.09589090393461708,0,0.3517335818218076,0.08882428513115667,1,0.061297291261466325,0.05332407476253505,0,0.08263305740372526,0.04456873643905112,0,0.7400677113726829,0.07781871690103226,1,0.20850526403349073,0.07751325813250877,0,0.18090976180682947,0.04584443632552,0,0.3418691366434762,0.05095225469274159,1,0.13269126825812486,0.06468209903499526,0,0.06954252985874679,0.036381397843561106,0,0.972621352680496,0.23188639522273938,1,0.20350289885560055,0.06709898526875907,0,0.12370835788126641,0.04795628525105424,0,0.2554890620372191,0.08380295779221424,1,0.4288756296879154,0.15205016571011054,0,0.15062668403439233,0.09671827629994872,0,0.6737441617769703,0.19905276610438916,1,0.034303451864637166,0.01672412660365742,0,0.08837427361808042,0.05586587148293476,0,0.3835994864318696,0.09508024157323934,1,0.1020584921748684,0.0777973247517618,0,0.22633911437164259,0.12776488482265286,0,0.5848775945114564,0.11995892512181137,1,0.0641424968241694,0.07320243962881173,0,-0.0009165954649031818,0.0388585073425672,0,0.16314507063316713,0.11118204542249747,1,0.07684716724750221,0.06824145994151216,0,0.10709470888818669,0.049986656639827445,0,0.21489805702107043,0.06792761989884424,1,0.11083560568156389,0.07845222809641894,0,0.0733995969249484,0.07744237620318435,0,0.1101556975959002,0.0677872914297678,1,0.02595453608305704,0.03505069370929005,0,-0.006785370401498611,0.045363534669584434,0
137,1000,0.6,gb,0.6393576028095823,0.026103443025280785,0.01681176361477425,0.016948927997108603,0,0.7478357471291983,0.16208123397872445,1,0.13422182361594798,0.11459462671204161,0,0.05198247569205901,0.07066181682965597,0,0.4045597757278248,0.17081444488001185,1,0.07095453295612546,0.049617593149530397,0,0.08546660152846604,0.08263213737547875,0,2.7089991212709585,0.7164357405940801,1,0.020500560757226328,0.09263197078190474,0,0.17322298572678646,0.1548118452298458,0,0.5528229027211926,0.14706666979470284,1,0.16175404255196,0.15112131200653184,0,0.09134123563781307,0.11301343296703183,0,0.7109308256696484,0.2949113091151891,1,-0.038623711120786,0.077247422241572,0,0.01766638962382504,0.04907096969843335,0,0.9834812086018874,0.1912095556818003,1,0.09653069465122219,0.00604025218949953,0,0.15348258295945255,0.05132505370571831,0,0.8810397926851682,0.3104113059503074,1,0.12887800556648077,0.08795527819835595,0,0.09256925110240097,0.08790165276073293,0,0.5032032854974668,0.29307991157636826,1,0.0778263126130471,0.08989809747870843,0,0.0937024509572909,0.06744419034058345,0,0.8159901930056972,0.22177956053168096,1,0.027413289425753475,0.02190721765419809,0,0.2272686486461582,0.07657145790908221,0,1.7607264217426137,0.5799744989897315,1,0.04742708739575162,0.029147462140396214,0,0.061072096432759085,0.03613038151394904,0,0.539501018213166,0.18550759205078401,1,0.07153825961193873,0.09945501534678601,0,0.013260839208831102,0.029158792873301354,0,1.2149832279852215,0.27049532643371754,1,0.27865136341812574,0.1309459768338182,0,0.06916597221841748,0.07801713307798239,0,0.6530094206408625,0.2835860563909218,1,0.08444881514467258,0.06235854116169089,0,0.0063804408771668195,0.011300211339921842,0,1.2835148263173266,0.47432882132589693,1,0.011232828300188047,0.029614652813469193,0,0.017734673824636532,0.037644536966936426,0,0.9987464518671988,0.12894720088989547,1,0.015611188550969957,0.0624935903048034,0,0.10268175559924134,0.05395988481808377,0,0.5126121194399242,0.1593906436847353,1,0.0010734030461404414,0.00418566376784354,0,0.061230263777717044,0.04387052868762744,0,0.7542370215133234,0.12786494552849237,1,0.07707236282998892,0.07023362988821485,0,0.004131906954767686,0.008736433356756505,0,1.5400042014202904,0.3900835003331135,1,0.03680236275497085,0.07557345898134306,0,0.11297966495059382,0.03934471990677461,0,1.2655705993243556,0.34736736856218037,1,0.2947379392867884,0.06722005687359162,0,0.05454871118833312,0.07569991360403532,0,0.6188172323314358,0.1505538777050729,1,0.05045623217237093,0.06695792862735221,0,0.10761505311227507,0.0870777655166505,0,0.9773738231045719,0.30088655033285705,1,0.034782333444691935,0.03470720311960505,0,0.015476690690406015,0.0471421609124024,0,0.43388285418554806,0.3326061982166484,1,0.08855184711514641,0.09045793200222786,0,0.011882805765095775,0.04762587654569889,0,0.9700645159413378,0.28933811527076614,1,0.014818128574742942,0.025460177053671058,0,0.04753074762528996,0.07683548961320717,0,1.5631693561762714,0.2572581837928179,1,0.10918009099601474,0.08042498180717468,0,0.16166998369779234,0.09564301230610023,0,0.7984127658110397,0.16059292772206407,1,0.1250426330604119,0.12797522619383236,0,0.04387626497817611,0.06960948181821278,0,1.4008093099791545,0.27966039513529756,1,0.05783338471731975,0.0355346465535775,0,0.12253477381360049,0.11380723431328028,0,0.4647535373446673,0.13299452860893782,1,0.48821938168654705,0.1945115894144069,0,0.03180743237841538,0.032661764638763906,0,1.0947199402539096,0.14934173708436438,1,0.008106808797105458,0.015317536054420312,0,0.024198323625031576,0.05377501749306675,0,1.1144059251769909,0.17398150245171445,1,0.04425316956968574,0.03229067893768458,0,0.2152823083579168,0.10238005142848577,0,1.045196940255972,0.3696758970387098,1,0.02025298924508856,0.17477415952532513,0,-0.02088088077310544,0.021099856394525145,0,0.4013877692457686,0.1740964213198681,1,0.1234664243939789,0.08189067462948087,0,0.046406882782471515,0.04227464105256792,0,0.5877854552756281,0.22462906769465657,1,0.03886681785572098,0.08568784728163298,0,0.002164100360286099,0.02078872102361931,0,0.410642199817613,0.10935521302205742,1,0.03833886487393498,0.06510540593616433,0,-0.0020520247663925765,0.013019550085971348,0
137,1000,0.6,hgb,0.6342555826292963,0.03815739817328971,0.03162753498988624,0.03184708785790606,0,0.6434578944266321,0.14932927902982215,1,0.10475620605556565,0.07429154697349877,0,0.029170689364208392,0.06140142158973532,0,0.6545304124071072,0.16978012180619115,1,0.0823786214659216,0.04688433108765706,0,0.17955772386667915,0.12439282853241952,0,2.762679167039596,0.17274484749463825,1,0.14010562973203136,0.0651041714780345,0,0.13213966182203013,0.21205241517242654,0,0.66213272495772,0.32309994785019674,1,0.14433329566604916,0.12327707117640968,0,0.14265256164448598,0.05213110221863857,0,0.6541011896878707,0.26096346320711467,1,0.05322112017975304,0.05391699099702581,0,0.054347259088343834,0.15287788610565858,0,0.8668894487199266,0.2882650304459084,1,0.06463418240763927,0.0463338610560103,0,0.15409496569416553,0.06877459785951905,0,0.8503488894569593,0.20867961211167446,1,0.15069726236999365,0.15302399217671306,0,0.1394389288011015,0.16955054565579614,0,0.4814101825028712,0.24235506852073638,1,0.06937986251507419,0.0913346912320894,0,0.2377712405940276,0.033114306596607,0,0.5117030607251224,0.17938454178002453,1,0.008287494649095927,0.04917021980940223,0,0.18508562744125773,0.07944934509671586,0,1.7245820692356155,0.31935139834911913,1,0.06709249734367834,0.13640549681219416,0,0.11809798441097796,0.07720789807844251,0,0.5678817248017103,0.1482367172498499,1,0.05362993484586789,0.07796898188099088,0,0.09070367480313633,0.06660089213664747,0,0.8625235792042247,0.337039513645404,1,0.37059658285577035,0.2918928725646634,0,0.14161423960055647,0.1097252215375649,0,0.5404170645802203,0.1642118964568355,1,0.07145591508536686,0.056504481508983476,0,0.04364810190929395,0.04150590874867615,0,0.968826127944204,0.43744830688805764,1,0.10431446907235815,0.02881138342998314,0,0.04718879898762331,0.053363194087098775,0,0.6721504255204397,0.16695636855454318,1,0.011864693998894721,0.11185941573062877,0,0.1823722840027266,0.19266362227616946,0,0.2929958550420891,0.22157065550238927,1,0.024698803141451668,0.03174031399884279,0,0.033322697984499654,0.10176406255261287,0,0.5370554248329666,0.18891594137122442,1,0.055937334525383534,0.06501385545610552,0,0.04860383525323765,0.06591204885188355,0,1.0383141462529617,0.3127894092350254,1,0.13037025362550497,0.15100441810309956,0,0.13521999181605482,0.06500738605851016,0,1.3973764268511608,0.21109914758754997,1,0.42101738933242727,0.17523857072831958,0,0.015094632648094585,0.026950393464622892,0,0.5168928277160132,0.21386541476202317,1,0.0788994329627036,0.03911416001928056,0,0.06955295362376536,0.06641884790674052,0,0.8898865886795742,0.33169928155337136,1,-0.021891181154215324,0.07859011623364064,0,0.02999190617179285,0.044521854427176856,0,0.43365375886523083,0.2718433930025829,1,0.1470442835036935,0.0682410575952979,0,0.049751460298577486,0.03190272873847629,0,0.8086045951419043,0.3554849426089355,1,0.03813996136327471,0.04571753466668423,0,0.02950457962462813,0.03317551669387186,0,1.2414604410167391,0.3690551628766353,1,0.1537423001366836,0.0728766151162677,0,0.17255663973492172,0.14498156993342898,0,0.5488839864299863,0.09244710387936732,1,0.06328279000266342,0.0595535534687196,0,0.06672352494796281,0.06833332435182264,0,1.7196755798810082,0.4818127810398268,1,0.04438090550572001,0.09947163842510844,0,0.08706690372253259,0.07081015764946931,0,0.48854799306723695,0.12274855963299701,1,0.5930171480541726,0.4423717507657864,0,0.04790240976033548,0.08147265981404778,0,0.9410470020129429,0.33668208186291443,1,0.02815010065078085,0.04326524073124424,0,0.06805823054202875,0.07300169195666714,0,1.2049985987929865,0.24331981456673657,1,0.06873219866508133,0.03329072529047435,0,0.16901077046706145,0.03646785261332201,0,1.0686110896256718,0.243378326204499,1,0.17097175852477225,0.03997073600948845,0,0.06638374071897332,0.07937361646450479,0,0.39174344036206077,0.24269978530544545,1,0.05026100693537028,0.04111372493997146,0,0.0405622225943006,0.03584466702609334,0,0.5396848090754218,0.2903154153961638,1,0.10308413511298202,0.1490296907208855,0,0.03290081173549963,0.03812243956629381,0,0.3891370488518987,0.09948817914590827,1,-0.006611124818067718,0.05093190607784139,0,0.009186543028511707,0.032024106008380335,0
137,1000,0.6,ab,0.4585576570475415,0.04010852636234188,0.07149345716002528,0.1423187867994068,0,0.4373481778163576,0.3682241800891846,1,-0.002290990407989894,0.03394852898144824,0,0.013744107051429708,0.027488214102859416,0,0.5044221980860429,0.3941093500276935,1,0.16118069704963767,0.21989714089017207,0,0.25041440299402956,0.18455323859635525,0,2.154242557263085,0.9675016786331,1,-0.09875456594788372,0.10973807952399714,0,0.4281917590974662,0.6121472309813825,0,0.3354009937290437,0.17933326315114193,1,0.043622444323339324,0.09019118013096268,0,0.28331529922997634,0.3573530701097699,0,0.7871829838470539,0.181787887509179,1,0.009207925892694943,0.060741545470245704,0,0.04095115735227195,0.0819023147045439,0,0.5306076126740372,0.3141170243768161,1,0.08353004372174398,0.06070343410919809,0,0.18560489372430103,0.12310995189588247,0,1.1363110487849255,0.3703896608422494,1,0.01808237067090603,0.05596792011845018,0,0.032415446697876736,0.09951253056082902,0,0.25174532005860106,0.3331466214764818,1,0.07950824926680027,0.06620520001595678,0,0.3395159813073644,0.11093246988696098,0,0.35144735729961746,0.30899365221515673,1,-0.027190142297894026,0.054380284595788045,0,0.05025654337734734,0.08239009469224974,0,1.6871606229121396,0.5290641314356268,1,0.227982632953814,0.2801767674412619,0,0.08036061365601033,0.14902925864655492,0,0.10929400328234351,0.12469372569621447,1,0.006746615285559088,0.013493230571118175,0,0.12339035854488307,0.08307550625459445,0,1.0501042288012221,0.5998400067941382,1,0.21132665873137885,0.29307190793409427,0,0.24487364176337087,0.34183045859115563,0,0.22687364623192013,0.10557900103787493,1,0.07211956212735562,0.14964606890896717,0,-0.008540095654692294,0.0617355367434061,0,1.0754025576532595,0.7297978444849145,1,-0.009815251023451311,0.013791477705278533,0,0.004456204454713514,0.00891240890942703,0,0.5159384046246821,0.31302113162499073,1,0.0112971298729762,0.03439938347307586,0,0.05467732081785259,0.06143995588004889,0,0.18384963071930485,0.2290009287522874,1,-0.015496729193061142,0.030993458386122285,0,0.020819663772641106,0.02412170513908467,0,0.34368598257699157,0.21910159057250744,1,0.25800369331508105,0.2852305856557385,0,0.0010271938868346806,0.03234173996649704,0,0.7691780191476496,0.3125111005734561,1,0.09918214327273867,0.13848029739510276,0,0.24964361654803588,0.13346688954861413,0,1.4708952030331655,0.6296473293238128,1,0.6272120777918136,0.47291554467062774,0,0.07660310443679458,0.09598230821011122,0,0.6395504938981966,0.2027930249971645,1,0.1144088222135438,0.2092717403903374,0,0.16804914266338633,0.12474716545269625,0,0.7965647305215512,0.5313145307994351,1,-0.010674551778002552,0.03184237334312784,0,0.018667290333809844,0.04879497074548325,0,0.14206287529831393,0.1446956394332038,1,0.058362772236684214,0.11672554447336843,0,-0.014686824912762913,0.024922777818035407,0,0.8603499742344679,0.10532484607068511,1,0.014467284713477607,0.07524442495876275,0,0.08364329459505969,0.09850569696518183,0,0.7593536067679196,0.18298933764716824,1,0.15725556768317953,0.22536345898710755,0,0.21237740721736645,0.12525889992677247,0,0.41221239614358157,0.3732448780689672,1,0.08527603011553805,0.07226216225335078,0,0.06299906367872082,0.07181979336044636,0,0.553724416121952,0.4591158047605683,1,0.020824830015150054,0.1426509321582226,0,0.08699811164422123,0.08551360677933381,0,0.37338887961408906,0.3179253051079164,1,1.0579060905572428,0.39036440222760577,0,0.043276098517716154,0.06721051897819806,0,0.644172838459677,0.17664654654355968,1,0.023523808044327153,0.05464527881913728,0,0.014020148527906668,0.09405583213861858,0,1.1062844512602292,0.3544084133576707,1,0.022178220344262967,0.09786992084210805,0,0.11199518035782723,0.13376139537568865,0,0.8394015231751691,0.36861014502887174,1,0.15520030043291383,0.06924488729682808,0,0.11860780493043255,0.19363717790067778,0,0.11772381292874064,0.1354955381400222,1,0.08496740121316422,0.11138486921668969,0,0.14082912517539392,0.13051346459926821,0,0.36450750317199787,0.2849514255523033,1,0.0727218794689017,0.0689486217265354,0,0.07217127099209379,0.1407445399105888,0,-0.0017996123405277342,0.11186530912442556,1,0.0,0.0,0,0.0,0.0,0
137,1000,0.6,bag,0.37514272877794164,0.042020071304375226,0.002143371464549315,0.2004483178549785,0,0.12242120444377516,0.2541570818896193,1,0.15654007057715574,0.14867687830569262,0,0.07687896455124099,0.20549120898443393,0,0.3248050252363194,0.15635312156523667,1,0.14386202740474768,0.07526188587094292,0,0.018552575126947433,0.36284516164947545,0,2.7737505704056744,1.2525220736395966,1,0.08010147159288886,0.2801793260686489,0,0.17561452607197436,0.3531857085476087,0,0.2540824660529111,0.2792976147286922,1,0.3372721059872552,0.26893219295620396,0,-0.021631079499198347,0.21256791645135123,0,0.2452523194177408,0.31788573489778277,1,0.004519373899801763,0.08806050943156882,0,0.1324425652413663,0.020020450923461094,0,0.33413431349440614,0.25534146012337416,1,0.16781423194421666,0.13940464940772335,0,0.17842990006848564,0.11012182816638216,0,0.43691129468183404,0.26467911468576943,1,0.17519848063141275,0.11136568688538337,0,-0.07371907800368528,0.08046951638167436,0,0.14009750525425663,0.1994363086036533,1,0.12034397057360538,0.2763800934032412,0,0.19757616063177064,0.17285161943729188,0,0.11343470656473428,0.1931528637468822,1,0.04342718844990067,0.07767183221175412,0,0.013003081033433731,0.1603166684326117,0,1.408553862064117,0.734074601162578,1,0.23938066155156826,0.18197584025208843,0,0.08091814139214171,0.1503968315900466,0,0.08939798960818054,0.1730228787902216,1,0.09466108367532014,0.22143357989605564,0,0.08448485112445019,0.2448568532364871,0,0.38990991398289176,0.38337255294595174,1,0.10958877079854919,0.2024121424460608,0,0.1246580957306211,0.2627792954596437,0,0.3748247374230793,0.2945313735727389,1,0.05961499052580799,0.1301580731221892,0,-0.008588039127085025,0.24043104724855455,0,0.24870059162239624,0.6585750586301568,1,0.0812993647698463,0.13814408021853009,0,0.026127046604745668,0.053908722430316566,0,0.322748149303939,0.4106724592795505,1,0.05597783788384834,0.22310061918743737,0,0.03731716976662261,0.20158261911731243,0,0.10787334960407906,0.10034454446205668,1,0.1375582263691572,0.11340126828050709,0,0.10184114667358975,0.10918932961555468,0,0.42146930060985566,0.39775123979045296,1,0.1012569107333479,0.30422473864409166,0,0.04832118561453769,0.1499381511868586,0,0.35625227640803214,0.2085179669243829,1,0.1530247987966151,0.23776447517281743,0,0.092195280808015,0.2712926945110816,0,1.647479875606368,0.6231164459766104,1,0.002506278485561786,0.3435629532237064,0,0.08700907091355511,0.11041405159065108,0,0.35405862364790125,0.3012698597032136,1,0.11481423050161335,0.24243071349268444,0,0.1887788610822833,0.15692003939226024,0,0.3399798672407672,0.2012801901407427,1,0.11899614676281833,0.11541645622633814,0,0.022696850649490643,0.04060442644246137,0,0.08377292781309643,0.22569653810118295,1,0.13692003071776543,0.2137839823193091,0,0.004893067073320887,0.09599061235171577,0,0.4346326109320019,0.6004618664129096,1,0.0675232632759736,0.1395506905468816,0,0.13397876785827215,0.33336506026395596,0,0.5960663748380955,0.3276737953804445,1,0.23330550006566103,0.13557577195290157,0,0.19172858226055778,0.3345069889350297,0,0.12077003882985604,0.07129119636270252,1,0.08162663388763539,0.07321620160417251,0,0.1944743507121409,0.11786448908066269,0,0.6927819326802978,0.49848310877133317,1,0.054814484464601,0.0740315188346723,0,0.1970668341726636,0.15049343683320143,0,0.31069283466525843,0.32062257175872233,1,0.5428539210099945,0.28490593141470816,0,0.21110970283212324,0.20692682241169041,0,0.6105848711891627,0.30879927684918856,1,0.03323539097374767,0.07646728868739103,0,0.09592583539662385,0.19115936679097967,0,0.5008904083102946,0.5347608544153434,1,-0.027616382779993863,0.07542719491933571,0,0.1411850983699484,0.07392161449247125,0,0.5561482834515626,0.6831442890528759,1,-0.0982068138519176,0.3262505070659858,0,-0.07490993887034111,0.10880603955964264,0,0.20254917216228052,0.17293453946529364,1,-0.048840939315150725,0.1380546692803096,0,0.1292600185984113,0.2996851490329162,0,0.10220846433600636,0.19693386149401135,1,-0.07976851220082828,0.39926344092279153,0,0.09144456320171024,0.18425830314261496,0,0.13861113162458677,0.1509418928428789,1,-0.05182174987319865,0.058360061162402395,0,0.03404401834026334,0.08705523087708335,0
137,1000,0.6,mlp,0.960735251038745,0.005089840241567688,0.013353163903369335,0.01438061685800068,0,1.8149903622621537,0.28173634927092983,1,0.021257638925893135,0.031126848115863665,0,0.006444360318619477,0.03120376661757438,0,1.9689227399005085,0.27339097363444015,1,0.014006675543956779,0.030502894679335493,0,0.009818084246743247,0.008183000520564613,0,2.1791246136607567,0.17821061094612167,1,-0.004157340514378981,0.01727592854249443,0,0.020388158756525575,0.03006819036032276,0,1.741863826802303,0.5372343887959502,1,-0.007317917621466244,0.01598934667117915,0,-0.010422645029491936,0.031305493090626295,0,1.5660726932046676,0.20312270557643458,1,0.0078290627564327,0.0241084661647624,0,-0.008462455187038236,0.007535524186482593,0,2.361339189561309,0.2808847928067462,1,-0.027005236551093582,0.02519282505894626,0,0.017808445651705813,0.0482888810855466,0,2.091470643809491,0.1625939362005001,1,0.006368068814022495,0.022570544597792605,0,0.01575457631969017,0.02302039341540201,0,1.7879396701293424,0.21039698825844141,1,0.035506962343198153,0.024182272368800755,0,0.030684800897309822,0.0318040240057136,0,1.6240325739406938,0.15570979531387505,1,-0.010056465162961565,0.03104107569022942,0,-0.007195816592857276,0.026282230711372145,0,1.6461416729437204,0.2160617786771733,1,-0.010510687664692262,0.007365353818697012,0,0.013190765215282734,0.024011110286769697,0,1.7417609161748568,0.1769919453933098,1,0.00130422823955181,0.02256047478903912,0,-0.0015678203691400904,0.020192865228011468,0,1.5484426851273196,0.2603419880179773,1,0.007176174850839484,0.03271698505368198,0,0.0334458123762638,0.035636383296150605,0,1.5421449132785372,0.2528380632299427,1,-0.006132953127699266,0.02746555219316888,0,-0.002078229334837732,0.020851136806458444,0,1.8711287875031317,0.19890948834254332,1,-0.011086657378258678,0.01078705120529162,0,0.00827757507306206,0.029635084031569843,0,1.723566883666615,0.23025659176993032,1,-0.015788797541365054,0.022810833299625778,0,0.014699997445453413,0.01933123161187085,0,1.9117467316825425,0.29102676157130225,1,-0.012577430782194695,0.015041074075434358,0,0.004824766917172746,0.023064648849969525,0,1.5551808645916698,0.15229156042731398,1,0.010920579726933092,0.004287810015640076,0,0.007587924570242417,0.012949034247102129,0,2.0356500279299192,0.117773459007483,1,0.013778447206839453,0.036078377669182655,0,-0.0038678222865507275,0.007626903769151975,0,1.7695430406369226,0.3625687500325858,1,0.04340202906937343,0.02422012676161174,0,-0.01570174581100852,0.018722870746666346,0,1.2783010531486285,0.17749354806172943,1,0.021608199872449056,0.02093108421096817,0,0.001955454446197727,0.03087062479459791,0,1.6653949724539945,0.2129600477342968,1,-0.0019246064027696088,0.01850440773444544,0,-0.001806589889992547,0.01646552158391105,0,1.6834242766563239,0.28769813157973684,1,0.027307515805646627,0.020022377912415675,0,0.01415971634200277,0.02226539952971666,0,1.850425332709812,0.1637589693216237,1,0.04465091418062826,0.022221471205965824,0,0.01839287280674825,0.016080536233691274,0,1.569182982076758,0.17350073305913255,1,0.013694970592327316,0.0192053454109282,0,0.004707021442277792,0.021579833864857997,0,1.9509775567149998,0.12337439845167537,1,0.02054905165832874,0.02004858210235265,0,-0.019906742140959242,0.028316441416036557,0,1.9044880881711592,0.2726270113912006,1,-0.0005471448881719935,0.02480314324876034,0,0.00425927613287725,0.015362377423513698,0,1.5774819161897935,0.2699173621444899,1,0.039642925688987654,0.036410976497612206,0,-0.0009048590579698774,0.016843687830327317,0,1.749520749303374,0.09979660942998313,1,0.01411281407032651,0.01248699376593834,0,-0.010606271513484955,0.022735872348666235,0,1.9341691707066702,0.1401643430974317,1,0.004284444383938179,0.010023961605159573,0,0.04665519738495969,0.02245205243932834,0,1.4468079567898458,0.16954886994155755,1,-0.016160822759825406,0.02710717077381062,0,0.012656153699218181,0.021367646214149813,0,1.6163575579499867,0.3251315794355334,1,0.003778063527907917,0.027281171991114996,0,-0.008623717183776127,0.019114686127618435,0,1.4534298071046279,0.10251394320521,1,-0.006430757797308085,0.014207675138129826,0,0.016628097692335152,0.018974986464914186,0,1.6062351659899572,0.16961574186364475,1,0.011550368465093167,0.012238365781486167,0,-0.007500077008223957,0.032902115920281735,0
137,1000,0.6,svr,0.7208616570324685,0.014726250762431151,0.15316199080700166,0.05868820044958582,0,0.6925511295211688,0.08643320853736153,1,0.16188928874294534,0.07318999081704916,0,0.03953879238997961,0.03990735916970886,0,0.45202148892449456,0.13838095623230084,1,0.12495882754074816,0.08106808514863792,0,0.1853988147475701,0.09745634740090608,0,0.7820875486750766,0.14571770842503187,1,0.2384507515791663,0.10097924450159447,0,0.22305411805423941,0.12132607746796341,0,0.5617422577211326,0.1559891244505471,1,0.20535077922173195,0.14076437278452403,0,0.19156962933388028,0.08022906726880001,0,0.5784994078610382,0.12601185323747943,1,0.1245145446083904,0.04726715023217139,0,0.2389635085584434,0.07334414056616648,0,0.6564257459626656,0.2085658688579167,1,0.2078703103168471,0.09003317850268502,0,0.25401531932332705,0.050484929787621216,0,0.5833060472263366,0.05335456335442795,1,0.11854421798491388,0.032873601086734316,0,0.303594750087525,0.0759419841523465,0,0.4608860969781631,0.09895431590977856,1,0.08008854456072341,0.023652323865446013,0,0.3185463856657717,0.09189623796650452,0,0.3416181791804155,0.07905962825529607,1,0.06371387408178661,0.049684390226681516,0,0.23825467292769908,0.019223071848645933,0,0.7275898868379753,0.08075958369142981,1,0.18310605489925455,0.06778612181814288,0,0.2544546325585374,0.07078467028926183,0,0.6254128692241567,0.16392329718296503,1,0.12473003957064836,0.09817524620305502,0,0.15141818580087069,0.02765526348170442,0,0.745958018881259,0.048714320171317,1,0.2569050089187572,0.1056018562490177,0,0.1286009441726058,0.04088464437477523,0,0.5331667383106646,0.1053768462902937,1,0.1449657245286353,0.04139612129010224,0,0.10280268121278158,0.08034833661190675,0,0.5602870913480128,0.12881995706819802,1,0.09255115705331467,0.032869264781752575,0,0.15836029925579193,0.06449244639059214,0,0.5270239891069342,0.11106927757168054,1,0.1673366600234754,0.08505210202346215,0,0.13390977528538478,0.09808468090954102,0,0.4124982928584718,0.12512300665510245,1,0.06797001484452482,0.07906309027688406,0,0.10750946454552324,0.04246132771212095,0,0.38887864284513085,0.06292119085634504,1,0.16859031978577863,0.06726667383552379,0,0.08220862403400313,0.09178190651430768,0,0.9842446900891133,0.1415778316803178,1,0.3451889541749898,0.09002894995869498,0,0.21637089171568982,0.07357746362614556,0,0.9044311728887641,0.11301926047387308,1,0.29306702831380027,0.04781062692179368,0,0.11327545962893046,0.05426062252958871,0,0.4608499041496044,0.04784388479670998,1,0.05693276466664826,0.044645005038411616,0,0.20368914315566386,0.08450977827160722,0,0.567774053289362,0.111724121795841,1,0.06718462499812483,0.08891977062367332,0,0.08229011023061414,0.08274856940197792,0,0.5776248395793198,0.12486353547588694,1,0.14692399423592756,0.048951619828938704,0,0.11859146803897225,0.06802646532027193,0,0.5843666245967862,0.15027333430213907,1,0.06501271221557223,0.034180934802785314,0,0.16907606330578956,0.06780481075096724,0,0.673322962442294,0.10930996847688489,1,0.19343089432121174,0.04131063728649858,0,0.171189677376322,0.06611380818818884,0,0.5792670322907957,0.09324744704909005,1,0.2126153414555735,0.06328387366245931,0,0.10564573420095887,0.04882631770170177,0,0.7134257553699174,0.173189614047866,1,0.1828893903676183,0.06630764064861186,0,0.1873614783193127,0.09339443512601252,0,0.6193945876603871,0.2035047012385514,1,0.2921242718208766,0.08482298232314889,0,0.1476544915904808,0.02659447049068992,0,0.7026901079545321,0.05405189264341832,1,0.10029315658164714,0.012913185782006379,0,0.07010600503808014,0.024043002994202204,0,0.6826768311357589,0.09682103916436899,1,0.1556522455855161,0.06503334904950375,0,0.22391071927899003,0.05873342607933376,0,0.6671490815144694,0.0695372782217298,1,0.1732335708766623,0.06161247869280538,0,0.07430576750325657,0.05925343456538229,0,0.4014730277324797,0.1304496086543184,1,0.1380946116922108,0.04128633767458781,0,0.07406856361528462,0.03179910163297414,0,0.3706446457857734,0.08449718811635343,1,0.08130853206771824,0.06155652484075589,0,0.05684556807756973,0.042485662488400376,0,0.3997498318579832,0.04189048491536451,1,0.053653352229295306,0.01923508844576639,0,0.0076377678578357895,0.02226648650661988,0
137,1000,0.6,knn,0.5135460034070699,0.01072524567511945,-0.21566980397951313,0.250837094948658,0,0.043846883128720135,0.34447150881433963,1,-0.11690919134057587,0.18039406482068768,0,0.006035032266956236,0.14339109376199302,0,0.31085600039047445,0.30279684580305616,1,0.06413512018796486,0.29714440377271223,0,0.3015127203746738,0.4398032371476337,0,0.7401517693405837,0.4170036384006701,1,0.14432993647409884,0.3811318844575833,0,0.30617945919361444,0.6498894720805116,0,0.5698013988900021,0.33494970939073593,1,-0.16830059200987726,0.3435344714247548,0,0.23462607363874105,0.471220759480189,0,0.3029152655533204,0.4596395968985367,1,0.0038071299399870862,0.4117999767152576,0,0.02053404243575515,0.5230587947117982,0,0.20062915621580807,0.257329160184104,1,0.1340714427798802,0.24316998487029917,0,-0.21886997910966133,0.41268310270041375,0,0.05296688994160152,0.3715704566606787,1,-0.20437941153174002,0.18436225427344602,0,-0.13514820341994233,0.2641257344176947,0,-0.02613948360363525,0.351395770645134,1,0.10108611828131475,0.2438402286546789,0,0.09240854009445491,0.6003347607458842,0,0.06669002445539224,0.3299567970792715,1,0.037668594177166406,0.3665113934201186,0,0.16457839016380732,0.43438885545621553,0,0.2327198750588031,0.5595649386606723,1,-0.09936654569424949,0.3526064357062625,0,0.16650743676471394,0.30442177426797906,0,-0.037127090492808455,0.15360510546819894,1,-0.2916045419907678,0.24499122402445167,0,-0.37505696549088074,0.4375773786036806,0,0.5597974141631263,0.3223794072232503,1,0.20334013708768245,0.3881230147456706,0,0.13475662975976022,0.28369886722425885,0,0.4905525466559128,0.5208544776616768,1,-0.1069147724012404,0.22093509403080272,0,0.32534775054130255,0.4558165187582211,0,0.3881975477705676,0.44335537162068844,1,-0.2214897471125561,0.3803338848414007,0,0.03787797534191726,0.5678599107061582,0,0.3411514812317634,0.27191377951401313,1,0.4397192510551369,0.6278941670113473,0,0.3166351500496735,0.31669275887658466,0,0.33969864666583066,0.6400179023389807,1,0.18548173605711749,0.3352056598202823,0,-0.010219678369588425,0.33753286806307986,0,0.17284408282032246,0.4483493514522655,1,-0.04109311542136448,0.2899305145270867,0,-0.18796208895874472,0.5365355589125966,0,0.653333452191186,0.6592785833896017,1,-0.023835534258043255,0.7822930400158619,0,0.2130047976694212,0.6700562496012086,0,0.6902986061632516,0.34981550655391463,1,0.09413320618081973,0.28263321657560014,0,0.11216533791958778,0.21006192825193304,0,0.09028165473548837,0.5192111265511844,1,0.26278916435961197,0.27508024006870746,0,0.43221977958012986,0.3302439881992884,0,0.39866955488233374,0.6077994138690357,1,0.0681406520522461,0.572096308188283,0,-0.35730336065248214,0.3078967656384499,0,0.05306300005900143,0.5158672908533952,1,0.1939736802991471,0.30468281271883363,0,0.41671958729332265,0.37049316962688095,0,0.23022340371697902,0.2369932495557251,1,0.2550015987366544,0.5240044665249717,0,-0.05771549638505395,0.5164172128119153,0,0.7950802975153388,0.3804345230671905,1,0.18868878819128249,0.2518369212278092,0,0.15715863802714528,0.24835287338872206,0,0.1983260033259829,0.3271576555663968,1,0.3004253378458361,0.6552538445344127,0,-0.14381436734076783,0.13097568789671038,0,0.13925603998818326,0.28742194229238544,1,-0.2084714500356745,0.5368078038895897,0,-0.30087024650994787,0.2847317646302839,0,0.25580539727377694,0.47232013999124534,1,0.06074945784284358,0.44275523179791826,0,0.18651657351587647,0.6391500472360746,0,0.8204965406292495,0.3148538464230121,1,0.1748499868184487,0.14655694037343248,0,0.12389029235132873,0.5369195932725397,0,0.36937668532931356,0.3835601059411423,1,0.18365764985379449,0.5340044877145402,0,0.060938926664911075,0.5305995415463376,0,0.3244639009680737,0.6857432509122227,1,0.1575871258948339,0.48198278168021436,0,-0.3584135349078669,0.8286682100938264,0,0.09933027874633524,0.5811882761572593,1,-0.046563922052380115,0.6973408657959148,0,-0.08498793036826569,0.28131341154811745,0,0.29478941252714713,0.5238574353665116,1,-0.003809055065428868,0.38536504193163035,0,-0.17492427245325032,0.12547503241777455,0,0.006767574950692223,0.41319759512585874,1,-0.036397651693177754,0.4836358504326532,0,0.004225071554227533,0.5777279985515004,0
137,1000,0.6,SuperLearner,0.9771020844566349,0.004320035088778788,9.631694992797002e-05,0.0025675077369299087,0,2.1306360870596732,0.20738600058997025,1,-0.0020228408997473267,0.0056605816679612024,0,0.011423902665383706,0.01204724736716475,0,2.113861596349411,0.2358133649531156,1,-0.002208270090260587,0.004440859318338987,0,0.004490626106342945,0.008634171554112176,0,2.520573201401487,0.28271832250535756,1,-0.0013747515338638065,0.004082675510566298,0,0.027326892072296643,0.021699534382259498,0,1.906212375966168,0.4690899917521821,1,-0.0036103919932223213,0.002975536289516128,0,-0.0035311679913884305,0.008339591776960987,0,1.8372642537305848,0.1336953292097537,1,0.001488426265916799,0.004726753673997953,0,0.002261176652894971,0.0017316211623321777,0,2.398268246257491,0.1441919125794441,1,-0.0033309762301789907,0.01132320612505178,0,-0.0013583161534086066,0.004865252593202903,0,2.0803749767363398,0.1204639492296262,1,0.002019758886424097,0.005174884072937698,0,-0.002804056002695156,0.0015955370509356229,0,2.2073454034658013,0.14160768428507958,1,0.03834659878636619,0.010920267185336783,0,0.0076634883278326295,0.009075988237372464,0,1.8613518268988454,0.13167584977433797,1,0.0019344379971042093,0.005090921592680634,0,-1.5336557462053922e-05,0.0032048463594916646,0,2.0095991030920515,0.1864233701642404,1,0.008451155253123524,0.0066746921527101955,0,0.0065477630767511895,0.00648053440397715,0,2.3091291967307654,0.18926280671238543,1,-0.0008893588021701259,0.002426970417689912,0,0.021552508929081372,0.007166726737374836,0,1.842347669361582,0.20320298515410795,1,-0.0023470608281549337,0.005117431055190602,0,0.00512100606098013,0.006550161612843615,0,1.7564937263428912,0.2586218559125924,1,0.005010825591711521,0.008370897625757932,0,0.020553132888889634,0.018236054684996648,0,1.8687871189321847,0.07423202260921995,1,-0.0032644720315073926,0.005823153419046226,0,0.010142580052365681,0.008203688416572796,0,2.0242495480957086,0.2485140645388984,1,0.0011941729214543651,0.0016515819736547253,0,0.0007742478460713463,0.003528702483604733,0,2.3210186990570616,0.24518323971005695,1,0.0019082282053658722,0.020265328027445958,0,-0.0009297493690748046,0.007417182965745117,0,1.72316908855192,0.14221695669331708,1,0.008236513785120646,0.006750678324513516,0,-0.004249805452931408,0.004393051198440242,0,2.1792903554098237,0.10515738074639364,1,-0.0021836586695608484,0.0035388603792586735,0,-0.0012182526324398192,0.0035735288817196143,0,2.2998360972660303,0.35549624144943504,1,0.011540391884398721,0.011842379970211972,0,0.006624546368238386,0.004692960488509115,0,1.724279519478689,0.20918316943971588,1,-0.0004242566269576091,0.0012847770411793774,0,-0.0018996313995385376,0.0021587453969199952,0,2.0351401497154047,0.16471006891479162,1,-0.0003036957739063997,0.005209961343168204,0,-0.0028190639366985474,0.008271627262535488,0,1.904129763061,0.3424316872985157,1,-0.0025556016459972186,0.0027056469866402317,0,-0.0015922215009260966,0.004793740015435789,0,2.0505259089536345,0.20451554048411738,1,0.0009086660583935578,0.004705458285511525,0,0.004312666001422251,0.011472258550418217,0,1.919504838778746,0.1885001852013631,1,0.0036923532565529367,0.004808649946744985,0,0.004366608738965666,0.004230783330625453,0,2.244603365575511,0.07340765590233801,1,-0.0028867365371541007,0.0036271114346877356,0,0.011685061111798314,0.00846608790328535,0,2.193627127324145,0.32566621649332356,1,-0.0025942703009328373,0.0052786678430085405,0,-0.00033855486951165487,0.003968567680031534,0,2.074330377320414,0.3468494854829901,1,-0.005584003566053595,0.009165685206824793,0,0.006839674814984165,0.013309742628326172,0,1.9637354763034807,0.12563970031775992,1,4.692374852314305e-05,0.0031198821318346092,0,-0.0014987373134128879,0.0034926320039604156,0,2.2201124950084856,0.174314824999792,1,-0.0031103419463348126,0.0027226775387772986,0,-0.001905753500966638,0.003402479875826014,0,1.6678399537087323,0.16185145730784947,1,0.0051088816183767335,0.006835513563672967,0,-0.004942223348866901,0.0224143311029762,0,2.1405324566571364,0.3675400565621722,1,0.000376620606693943,0.0031675449488199523,0,0.0013700725055322488,0.0024606433167895484,0,1.6293871209780122,0.15157830487927726,1,-0.0004481829740548374,0.002629213075635866,0,0.0005196897918861149,0.0014439175854347446,0,1.8192045146416518,0.23445711302198027,1,-0.002238469725214287,0.006759246894849646,0,0.00016804639816488405,0.0029541936199720576,0
137,2000,0.6,lr,0.977326671564659,0.0029089696517445463,0.008593068345336588,0.004750680481569247,0,1.7330550720888003,0.20575933947109878,1,0.003287662667445229,0.004851995514214054,0,0.017750133649912948,0.009372443729999567,0,1.9505727692159784,0.1825240255270759,1,-0.0003105291869525964,0.002103159507215609,0,-3.7891345091236367e-06,0.0007761479663551634,0,1.8971966366256603,0.16539951657858867,1,0.005490583672188941,0.008090203006092778,0,0.0014856928887113092,0.004717218532072081,0,2.07196268252844,0.15359585008506735,1,0.0031142932800348874,0.0029260370649914387,0,-0.0007533294117787313,0.0019859325486332917,0,2.3051349428950028,0.19844284319022465,1,-0.0005265264800467927,0.0035573923619500337,0,-0.001042525978616065,0.0019121999474222575,0,1.9529727633684761,0.11310890026812677,1,0.0019804671033494202,0.008899937292151548,0,-0.00024997466530757566,0.0020061767629881108,0,1.9417598889337608,0.1491050988733664,1,0.0035713218397327036,0.0028065411799949526,0,0.0015820448656242631,0.0011760253531687749,0,1.9462528979874736,0.09725171074946537,1,0.0027070191019822392,0.0035037387149056123,0,0.0028122420082655384,0.0033297517562793054,0,1.920756569188212,0.14099808521594082,1,0.002437435483033468,0.006285938560167218,0,0.007032100085300115,0.005502379866759311,0,2.1224002881210406,0.10174308854144846,1,3.475499487235788e-05,0.002047796841095055,0,0.0009111915234023776,0.0010938512438680092,0,2.040671865871591,0.19644396762527142,1,0.01011961307896126,0.010531318544907084,0,0.01368599245359125,0.010615426835264416,0,1.9980532131575999,0.053102738457426656,1,0.002082819486026947,0.003790468520372078,0,0.0016436192838080207,0.0015911908931953791,0,1.9504444346569856,0.2597726638405537,1,-0.0010794375953211337,0.001656627055493767,0,0.0020402659394221077,0.0028836477568853582,0,1.985656103075573,0.0721617052399797,1,0.0012678852003943915,0.0016888243281024755,0,0.0007788380299990503,0.0018343881340253043,0,2.2154041359828183,0.1089533650224396,1,-0.0006245732596030025,0.0006847932636537076,0,0.0015758341005229323,0.0022804070873327885,0,1.994425083801002,0.14865724452835988,1,0.0008851276771269581,0.005767851896114566,0,-9.274812316746803e-05,0.0005982704006799882,0,2.0280224837243943,0.1239462190810963,1,0.0035334625282730744,0.001553883126271056,0,6.610496179201997e-05,0.0008715484681033432,0,1.9289651893515085,0.06448808501186172,1,0.010247299954508866,0.010392489300468846,0,-0.0008633773327447209,0.0018835181120097201,0,1.7856063173415553,0.1592199508661118,1,-0.0006517139778845994,0.0009176209465574343,0,0.004712945862378983,0.0037177362283891506,0,1.813246172848396,0.06834881295224611,1,-0.0007709160700496737,0.0002992813636661481,0,-0.000356239304274712,0.004794005721564636,0,2.1477973077288293,0.0918625535120273,1,0.00385093624299003,0.005266965940332406,0,0.0005198856933425926,0.0020661337226132877,0,1.8074162198363903,0.11742648650480633,1,0.005285222961287972,0.0029022645529230926,0,0.003297966717537162,0.0035319422648843355,0,1.9219403443432252,0.07518163611552164,1,0.0010890807600004,0.0012954765545416633,0,0.008792275566396276,0.004627796260297976,0,2.3679389119645626,0.09204900672863642,1,0.003103853491132529,0.003628834526613552,0,0.009857773924258824,0.0037886372156400727,0,1.7915230522994317,0.04688175080727478,1,0.0014002087847666367,0.0013970310415090596,0,0.00010107974511582763,0.0010014477643406918,0,1.9986008213016386,0.06017272164637135,1,0.003845039377800881,0.003595030429639393,0,0.009853619413493945,0.006087531157796441,0,1.9132777935383403,0.2040660863367113,1,0.002720131446341973,0.0032078777402478956,0,0.012737045304524625,0.007386621864452882,0,1.8309004865467622,0.12201087430174892,1,-0.0016454258853242497,0.0021717864935201815,0,-0.0006828951139852531,0.0015815921290728366,0,2.010269431723269,0.22264647960515668,1,-0.0002228738540770401,0.002776333964597122,0,-0.0006941755048598575,0.002774771917276432,0,1.74424237392816,0.09219719175713456,1,-0.0017134145164300855,0.001948745125230013,0,-0.0010850905733154237,0.0016461702613282366,0,2.126145488127281,0.1692721647427614,1,0.0011415266308203984,0.0032673918476216614,0,0.0008514995667736605,0.0016906567333668744,0,1.9703438162197902,0.16780599201029445,1,0.016243166150070786,0.009434025127671131,0,0.005796754250333994,0.005475371526129557,0,2.086260341665325,0.1708239115886671,1,0.0005401032904556217,0.00047917335553756673,0,0.002971104381809845,0.0015218241975310496,0
137,2000,0.6,lasso,0.4793744850126096,0.02830281117421338,0.0,0.0,0,0.18745982263575584,0.11999238668201193,1,0.0,0.0,0,0.0,0.0,0,1.0668234814355748,0.06526201232730491,1,0.0,0.0,0,0.0,0.0,0,1.0806869560837793,0.0990859191607502,1,0.0,0.0,0,0.07966621652591276,0.09835714056192317,0,0.65098461286885,0.1426869721267166,1,0.0,0.0,0,0.0,0.0,0,0.3558095173845292,0.10846211259105093,1,0.0,0.0,0,0.0,0.0,0,1.4114718642583246,0.08597952926531921,1,0.0,0.0,0,0.0,0.0,0,0.5107946601173581,0.06019454242551039,1,0.0,0.0,0,0.0,0.0,0,0.696777321979661,0.07760732419577955,1,0.0,0.0,0,0.048945408347277945,0.0978908166945559,0,0.9825320718057282,0.16424386338357452,1,0.0,0.0,0,0.0,0.0,0,0.9686203621353,0.0942564280025337,1,0.0,0.0,0,0.0,0.0,0,0.4765792931961573,0.07715021078215493,1,0.0,0.0,0,0.0,0.0,0,1.3704259078205394,0.10949431811766168,1,0.0,0.0,0,0.0,0.0,0,0.7127105488802111,0.14304270152510948,1,0.0,0.0,0,0.0,0.0,0,0.9745947907355887,0.12308996558912375,1,0.0,0.0,0,0.0,0.0,0,0.9965614131909997,0.10906602766568564,1,0.0,0.0,0,0.0,0.0,0,0.49229931657813175,0.09392242711945889,1,0.0,0.0,0,0.0,0.0,0,0.5017398734626318,0.09030593688941146,1,0.0,0.0,0,0.0,0.0,0,0.7200736753295842,0.11420210415305938,1,0.0,0.0,0,0.02906462947648237,0.05812925895296474,0,0.9628590301679087,0.1525089745547156,1,0.0,0.0,0,0.0,0.0,0,0.30497624459720785,0.15027068564203894,1,0.0,0.0,0,0.001393190186549404,0.002786380373098808,0,0.8018751375333151,0.0876766388083667,1,0.0,0.0,0,0.0,0.0,0,0.8343624828415027,0.091001459809044,1,0.0,0.0,0,0.0,0.0,0,0.7523081011247437,0.15119109959081506,1,0.0,0.0,0,0.0,0.0,0,1.8791496239041265,0.1990958077909011,1,0.0,0.0,0,0.0,0.0,0,0.3864730623593782,0.10624156021750439,1,0.0,0.0,0,0.0,0.0,0,0.7773294437353654,0.039087930722047456,1,0.0,0.0,0,0.0,0.0,0,1.0070168109789581,0.10754526725948964,1,0.0519468555286864,0.08858957011655665,0,0.0,0.0,0,0.9808210105428025,0.09431194381301056,1,0.0,0.0,0,0.0,0.0,0,0.5707303463125438,0.04496739444342164,1,0.0,0.0,0,0.0,0.0,0,0.6985050885540842,0.0866960836737207,1,0.0,0.0,0,0.0,0.0,0,0.5632488206348101,0.09172403702194001,1,0.0,0.0,0,0.0,0.0,0,0.385384043940889,0.11823332243680935,1,0.0,0.0,0,0.0,0.0,0,0.44899848735187964,0.12797858538110468,1,0.0,0.0,0,0.0,0.0,0
137,2000,0.6,dt,-0.3222180491687886,0.12566166791537675,0.23616723987564647,0.5566057178190624,0,0.030398400021059445,0.3929071829542882,1,0.05273384731303352,0.18663154038209726,0,0.35160447329270156,0.7268056921627015,0,0.22045448304683504,1.222059891899987,1,0.13841745180633677,0.26678962344753365,0,-0.04480838688630948,0.37677434938952997,0,-0.12060709812888663,0.8155516151301739,1,0.06803188670957425,0.1495314581078781,0,-0.2726724561934172,0.572301488882859,0,1.1273504326253085,1.0565545275859958,1,0.03407415212698873,0.3638419224618283,0,0.7377490638632059,1.2150342326918149,0,0.4656446534904286,0.9789746850238974,1,-0.004260221056594135,0.05616632172506891,0,0.176290201485051,0.3375009304895224,0,-0.2581810410027475,1.5124835137724144,1,0.6292604100524274,0.8725282394721797,0,0.1288630323864656,0.5158758795876057,0,0.8451330719730816,0.8941383266915525,1,-0.26120770741394195,0.25580210432746564,0,-0.15018013491524046,0.38535808292298934,0,1.781946014253429,2.1494958294883215,1,-0.24748607308709752,0.9492641397093112,0,0.2099258287246682,0.30674741322770915,0,1.6384660469989156,0.8227978058591282,1,-0.025880718593637258,0.2409617714469741,0,0.46909539768629827,0.7327693555600335,0,1.3117385435641713,2.49136547503652,1,0.13197075024951627,0.7602783912727199,0,0.13337704406065884,0.42449969335686866,0,0.20398209781843404,0.2778213345559745,1,0.0364214483153563,0.28873569582259817,0,-0.20110969587834276,0.41904582548776964,0,0.6749567896681383,0.8561018064693261,1,-0.2485553990401849,0.34479470643645077,0,0.030134828326310665,0.2260014161716708,0,0.20008464725948497,0.1625920064317994,1,0.9119865070818568,0.7137814550984074,0,0.4909197580241367,0.5137698811506307,0,1.3297883580977208,1.4060062008623007,1,0.013132562191097374,0.26553284563564494,0,0.16294457991613226,1.303397094054574,0,0.7343335047550217,1.075376992161152,1,-0.806906591464165,1.1921702857210181,0,0.15228109402705511,0.21175016549226724,0,-0.022637257956532618,0.8973550078356757,1,-0.36005624472456643,1.0785058230302766,0,0.7461694195361959,0.5087029644865275,0,0.3857413987994956,0.4999369076211358,1,0.17381100267324584,1.3650437675592149,0,-0.02963152110439271,0.37774742850469045,0,-0.13660313479709402,0.4909426463929206,1,0.13831197775128606,0.21740836546217351,0,-0.03248417506407297,0.49210278075020364,0,0.6034211851411524,0.714542726362031,1,0.3982161365890038,0.5857580377507491,0,0.36448108466348517,0.3900409930555733,0,0.8804117812113411,0.7855863815502463,1,0.5300874651105172,0.6135431228659296,0,0.19644172013466193,0.13716309561753964,0,0.14299409086223647,0.6718961345320373,1,0.18116435582700863,0.053253627166463854,0,-0.2115948088266819,1.017926013502227,0,-0.19939303060789626,0.9163322398043499,1,0.14620368910537274,0.15091060629703903,0,-0.3052259471754288,0.6179943011768677,0,-0.19181245043603629,1.4734430961975453,1,0.04717431279370339,0.119232990325876,0,0.2064964396230689,0.4010159592614693,0,3.418834981932285,1.5947402082961295,1,-0.02487374206907429,0.3376127445446223,0,0.2696944397215119,0.286378404998406,0,0.22812881526965065,0.2675359389956761,1,0.007361321730091791,0.30279689069825066,0,-0.04682925968565633,0.1572771297786847,0,-0.04638513307213108,1.5301582845312225,1,0.4680319522704612,0.7505727378005859,0,1.0165036694334177,0.7679189886536064,0,0.2991104212260249,0.4506843738837948,1,0.9038537377059294,1.9795081138286037,0,0.24465919943466008,0.7366129639513486,0,0.3575301066172218,0.7174849642927467,1,-0.08304168768727263,0.07993649088751216,0,0.20448869324538804,0.4399836284577496,0,0.18919317341499514,0.600054421472398,1,-0.0007947476476034999,0.331603678389128,0,0.07130716535139557,0.3047366927220886,0,-0.020881950553126093,0.46175994045519575,1,0.08265236664084435,0.3080157020391524,0,0.15551895719908276,0.055498021612321244,0,0.8245156379015878,1.1675249275373913,1,-0.06481692759029109,0.10290245888652115,0,0.027597994629211937,0.4730675665701878,0,0.746520135614573,0.8888092632546787,1,-0.05074809107632798,0.21645353324693525,0,-0.14356020775247405,0.19960540188869377,0,0.9974439341608455,1.0511287539588223,1,-0.20860956774501593,0.21625747663600267,0,-0.08449601288696282,0.2135677460292524,0
137,2000,0.6,rf,0.47950977008884166,0.02162663769576724,0.035929973371829405,0.027022394435282107,0,0.21772697368318736,0.08117000265554586,1,0.06603182731326356,0.053633381787569843,0,0.13879686953606074,0.0366081761304307,0,0.5708955091875942,0.11878189719399761,1,0.07829775033624861,0.04114376011782442,0,0.10072277895540757,0.07573913848903986,0,0.8598201266022825,0.21805812307897082,1,0.22801392465783094,0.10965467342192589,0,0.19553604775782735,0.05759782674333921,0,0.3219146887342565,0.060863102153859795,1,0.05215673364410829,0.027806873991960315,0,0.12294049263145905,0.041086148854253504,0,0.26107062838094375,0.035467748574008674,1,0.07586528959742903,0.034062789761390204,0,0.06636980418835517,0.025650578874234463,0,0.6703751326627514,0.114630149360237,1,0.18512904989131712,0.04085267929478702,0,0.098323683393335,0.03948570678923511,0,0.3831834564331397,0.08696254128139351,1,0.07583040644639112,0.06163303666937994,0,0.10999972481794347,0.05104898010196705,0,0.24076898112562878,0.11291289950600152,1,0.22882213229560472,0.10005853176315166,0,0.29724325578496685,0.06749607599554915,0,0.7279986492978614,0.10460785177260395,1,0.028131354636058713,0.029944587476609212,0,0.10615517564431287,0.0481592176184967,0,0.6423991944487456,0.06779657700966676,1,0.2520534424753365,0.04192791454040716,0,0.10094790743132773,0.0344513250390442,0,0.19152702625375287,0.11856721535600782,1,0.09900792811204269,0.030729606404403493,0,0.09851387250430757,0.05745323495221891,0,0.964913316194548,0.22005773083063798,1,0.1529371452606785,0.06508204501845079,0,0.07346526417695039,0.06630338437723914,0,0.46962866371193446,0.14494686131132636,1,0.07913961103283873,0.04518590786259448,0,0.03592697010805456,0.049206395955372385,0,1.0240549567338302,0.15599130569798814,1,0.06846796315839673,0.04722321189435236,0,0.09404394077387815,0.038769794524413204,0,0.43404763387161377,0.09470168297401435,1,0.09258952524626904,0.03544233995165579,0,0.07023625260584263,0.04085646741855851,0,0.4117759939611707,0.08079028719044341,1,0.09284559479470064,0.014458656819174052,0,0.07177696484188442,0.031135767301931724,0,0.3021657932177463,0.04103990462494146,1,0.07957269768039896,0.03410423856346125,0,0.06614275836189183,0.0393816986166745,0,0.34200111288962826,0.09052282243031426,1,0.1458387175169172,0.058754616845627064,0,0.26797556331564654,0.08719301668625776,0,0.44898396244377814,0.05479189511115293,1,0.1609049080491207,0.08317525402128459,0,0.1363958870428394,0.05582669019169466,0,0.22374125695598038,0.046732512025731365,1,0.09716526963279459,0.05769628448325854,0,0.238495817097128,0.05565565638714295,0,0.34940822113115366,0.0859798330169079,1,0.13515777733760304,0.05216663128074413,0,0.08699055545218931,0.02879407568138583,0,0.4003259717698574,0.01432919850178753,1,0.13760446269469914,0.055185621862874394,0,0.13470657156646276,0.07243168005028536,0,0.39345892697487034,0.11952235381073306,1,0.06293604897739903,0.024019821062716308,0,0.045220673193006024,0.04173920489477231,0,1.5161290686984945,0.22238350284022496,1,0.10120940545425756,0.054504818578573554,0,0.13003752500577903,0.057370575564158345,0,0.1907219392957402,0.06412086478769052,1,0.04200979986852064,0.03475703153350781,0,0.05934874269501707,0.036881656638171396,0,0.44471466886375444,0.050692471852813774,1,0.1525904264255967,0.07842095768477209,0,0.1836436132304256,0.04483684228224628,0,0.41339728517067165,0.15463254751996328,1,0.4473642647578314,0.10509426447549372,0,0.07193441874959886,0.12195508661320326,0,0.529556135593234,0.11626985966200128,1,0.03458089792319075,0.039574107204385055,0,0.09934761640918202,0.04863343599796009,0,0.35541977312449813,0.06769726857527456,1,0.10002703464963489,0.0373285021839155,0,0.101666701956735,0.06270354155444777,0,0.438046410825621,0.09135499137550436,1,0.09538240687632656,0.0552537525014661,0,0.07687831998834052,0.02924869537962133,0,0.38102883953550876,0.08108502054212717,1,0.12227372243456451,0.03657570234007725,0,0.061224740039468636,0.04324420918835707,0,0.22733449536612788,0.033980093134392604,1,0.09808701040021447,0.07436306981410618,0,0.06989575670088971,0.05498463667949514,0,0.38343211584456655,0.07782954296460744,1,0.037721435540393276,0.02772102021607767,0,0.02084236896152467,0.040245136018672405,0
137,2000,0.6,et,0.48394241011146316,0.025319967515934256,0.037532006594483594,0.023715544593583673,0,0.18133744236853322,0.08262562242278364,1,0.034656271886283965,0.059658817812706044,0,0.1616829427933139,0.043661485415706656,0,0.5754292864997389,0.05057712377230935,1,0.07069016989371829,0.03008996270470885,0,0.09509998561023285,0.04052984863236638,0,0.9851358523385384,0.22703368851340258,1,0.14993224514886666,0.04493021474676913,0,0.2594084955943705,0.07749215794085834,0,0.32632504438636706,0.0959496981325518,1,0.027455865871530434,0.03607946953790208,0,0.14562812009676976,0.031431284279629164,0,0.283683005627403,0.07638131117517627,1,0.05155933006614566,0.04589885296142625,0,0.08765627292943926,0.039396691663619136,0,0.7205890768691343,0.1816678738621253,1,0.2804207754028843,0.026076355433448942,0,0.11751405441738268,0.034570853291339534,0,0.32635216583616405,0.05341607888319132,1,0.12117391295393612,0.03560946461045094,0,0.07645763410526837,0.038349441145070114,0,0.3057395102502319,0.050797223706702796,1,0.3016181101880916,0.04459061810928467,0,0.28471745922667396,0.09718528273326378,0,0.6985072650539188,0.08724569152507758,1,0.01709307011059357,0.0432580491611335,0,0.11761967908353288,0.03623472042823521,0,0.5001226109682932,0.13848766067988064,1,0.29045766656055017,0.11316652069398217,0,0.10874185720077383,0.04716804875318374,0,0.1928977504478863,0.07794521431739199,1,0.09489487741234011,0.019773979333299833,0,0.07220623964144694,0.03057467863397838,0,0.8689704978526066,0.18640806955049985,1,0.16276980622851042,0.05366011295467603,0,0.09077341336751492,0.05307573925971129,0,0.4307017399632569,0.08466211929094654,1,0.08924947110019239,0.09733037992817364,0,0.04645300376278723,0.019649288102454907,0,0.9026634565772212,0.11624407194876325,1,0.042552698595839954,0.040059902189324086,0,0.11111893546959291,0.03697940342384986,0,0.45663693422480967,0.1371054707626005,1,0.08069723032453589,0.022768691766648117,0,0.11636796300202312,0.03477531873783558,0,0.25116595861659685,0.045596302311324555,1,0.12053882892317955,0.06640624243998769,0,0.10107274197042315,0.029485166153606256,0,0.30951980017777936,0.03884305393627051,1,0.05416388105538476,0.02499621270302077,0,0.07107153472897236,0.019079283486875317,0,0.3118530629196806,0.03263214259477941,1,0.17359328650803382,0.07960850737387522,0,0.2878979619823586,0.09721040856561253,0,0.5165123703374005,0.07656677760033341,1,0.15524219978962364,0.08830107769586397,0,0.10989422856736801,0.05936451204476051,0,0.2185855685667421,0.06540004658149874,1,0.08025973451919116,0.0358090065160887,0,0.2154144146188682,0.053685821505518753,0,0.36718679744795574,0.05381872656745441,1,0.09543856709737303,0.07111436902683083,0,0.09747193970725261,0.012545546354147934,0,0.3785167020608472,0.08595978531590161,1,0.10459697402579815,0.03898829496338925,0,0.11021934449623991,0.06032494830815058,0,0.39905112688326394,0.09060350028172477,1,0.09512180684562092,0.022079615717667856,0,0.09169316882333353,0.03597646062278545,0,1.2913363937079905,0.1570416848388944,1,0.07474115287243115,0.0364408792978308,0,0.1172092556190794,0.03192975702882637,0,0.22501360942245854,0.11296663515103011,1,0.08347236322635257,0.019274717434517287,0,0.11317270416160778,0.022451900292676023,0,0.4644024085058713,0.1403120443102169,1,0.15568425510852757,0.031747777465008876,0,0.20188367432571605,0.14155928402980789,0,0.351167592466891,0.11482672547561952,1,0.418139813774447,0.17356609149808694,0,0.0755555631726244,0.11417931298375433,0,0.5254967924443777,0.13532014719278423,1,0.055704535290889534,0.027343676767681947,0,0.09669298458011005,0.03304568837589593,0,0.33851793955452397,0.13585700424874625,1,0.071002714480905,0.06690699848018603,0,0.11569602337390494,0.0230317900968696,0,0.44430767147703865,0.10671072400071842,1,0.08945701129087678,0.023327861025751337,0,0.08413743625374266,0.031701671270208065,0,0.36329291257914814,0.03991725228043713,1,0.13563786877620282,0.05876372832746743,0,0.06187448344421152,0.025917777073575333,0,0.23092631240889322,0.06021808498496272,1,0.12329035469710055,0.04936976763329721,0,0.07245298488874871,0.02337887242159532,0,0.33484276623252585,0.047777564823285504,1,0.03618010280277788,0.04831169819560656,0,0.0016349793865871177,0.03713087122305565,0
137,2000,0.6,gb,0.6651924014860313,0.01675481416883921,0.008408810307597128,0.014292008161960395,0,0.7246868757703787,0.16304538771483357,1,0.00042827656234325703,0.013965470762422704,0,0.10111973537912919,0.06152636169100315,0,1.1441066688214807,0.13442637059370224,1,0.030028377376457978,0.02746220327381968,0,0.012234720932647753,0.011328048503820803,0,1.4630419475182808,0.22196431093998387,1,0.09535225321051849,0.085220514190886,0,0.11235644190463083,0.04677976527372314,0,0.9009055230930123,0.13803307751314217,1,0.022334974739228342,0.030530496376544,0,0.08192087661358172,0.038084554423503066,0,0.8096352726298572,0.16732852328736594,1,0.0014917888139532281,0.001814037502314135,0,-3.066451694162704e-05,0.0023209752469589185,0,1.167656008576413,0.13813543955045302,1,0.13352758328924733,0.07905942582477228,0,0.08430139434295643,0.04729538466817411,0,1.0726015429236848,0.22576844240371488,1,0.05745662474237789,0.03139574530899735,0,0.06595062636014093,0.036311715057398705,0,0.5226319326176952,0.09397263870632902,1,0.1436263895255871,0.0721172273621674,0,0.20753500198374822,0.13595534060210981,0,1.0017444559773672,0.08728289997396459,1,-0.003436722128175397,0.005794747979965238,0,0.007628564101481473,0.02253724653279419,0,1.1636427518393309,0.19024223565733567,1,0.2582895171646495,0.07557101156329432,0,0.01723952018182429,0.019117913303869007,0,0.6776965606368822,0.10646337580168598,1,0.017900770455022204,0.021813221523824006,0,0.02505160043559493,0.017039115133681445,0,1.4331480384585622,0.10677058945295108,1,0.043662287195183835,0.047642812695270986,0,0.004166017194704919,0.07655396282616964,0,0.9277921923986824,0.26480596602146816,1,0.032806971076271105,0.027749891831414242,0,-0.00043346956301877523,0.0008669391260375505,0,1.4922074905336833,0.21344411165142949,1,0.02116266242380004,0.027943349171871534,0,0.026129885155319516,0.03730042003082969,0,0.8886602723217744,0.05703538278916381,1,0.006404454919357953,0.007888751883340412,0,0.023017048057971147,0.025174687405526353,0,1.0613579408266482,0.13643883830447923,1,0.005177500924626571,0.0073685995462599956,0,0.007349821175312678,0.02476682931435688,0,0.8318237280116503,0.09336316359105169,1,0.009600576659421727,0.02653652855288278,0,0.021290221529393263,0.03765744550928206,0,0.960089409372058,0.16334670314400432,1,0.12519061987185492,0.052767385110351846,0,0.15109088262079323,0.12345431267639112,0,0.7020893276678167,0.15260836070413247,1,0.1538418119293652,0.06268166029275223,0,0.04556622339769566,0.04473056000562571,0,0.7836168151019839,0.14094984232036964,1,0.00910903973267276,0.04087584290731313,0,0.25624648787647775,0.05100580873269349,0,0.9129840829183978,0.10369787138272653,1,0.024957446658339235,0.028949923935709165,0,0.032363978905780064,0.023002100999289714,0,0.7537026480791289,0.1655178179398253,1,0.08072599671428182,0.0284772477862491,0,0.02455158075773196,0.021424637406167166,0,0.9797764393749968,0.11150190520542838,1,0.04113153330570697,0.016106384591276113,0,0.006832215093704371,0.010269351248756149,0,1.9011466169929505,0.07107802009424129,1,0.0737239253080102,0.0629265839744389,0,0.04827823191184194,0.05876099474991511,0,0.6731529038107806,0.09635308465532684,1,0.035524813530573414,0.025547100546543324,0,0.030587605338217534,0.02651802109038047,0,1.177099382790101,0.24708421217131046,1,0.0076601010405169135,0.035100278848198094,0,0.17437137291196836,0.12039342333581245,0,0.6911606351839357,0.2011721084312624,1,0.26169447013642994,0.12558045020442227,0,0.012873104839617086,0.07112202616790776,0,1.196233712810625,0.24804746314446174,1,0.006148259445326076,0.015261943713831059,0,0.022181506011677114,0.023120941242511895,0,0.8247685115419173,0.04874252726370338,1,0.027868387402047452,0.03347252498428632,0,0.0037942217099403734,0.024963117439216437,0,0.8116409137772942,0.21654581169089687,1,0.04077428496864758,0.016848053788017077,0,0.010924753271647384,0.020416451144385877,0,1.0094629651202762,0.22567464217823852,1,0.046473274940735124,0.017939257997382607,0,0.010032338905001275,0.017571507277167376,0,0.7470035194855872,0.18768446504147474,1,0.035688401953036804,0.030219525872247924,0,0.02720034740686882,0.01943897473565038,0,1.065477011813964,0.23305771813041573,1,0.001954124271926588,0.005209421833023455,0,0.0,0.0,0
137,2000,0.6,hgb,0.6790930582060515,0.008923713580550253,0.01588683298163094,0.025194154460195618,0,0.6291198103598208,0.20821047316202967,1,0.03775167535767529,0.02489536555474056,0,0.15282558977605992,0.07713590658760983,0,1.059031234934847,0.19579964226140034,1,0.0500929950445687,0.033144433629962965,0,0.032369116110888004,0.0187791734376696,0,1.3027051320763672,0.4160880362462222,1,0.14313386067902845,0.07130412927186351,0,0.14956186999322502,0.08098887064945164,0,0.7348041171251543,0.16336716693266798,1,0.023498918631748588,0.032319001806751194,0,0.06848557973998215,0.09536838938112593,0,0.8328023858610258,0.2560732814809609,1,-0.00453426402347317,0.022120437221042785,0,0.0352503881185887,0.0437639668068492,0,1.119977865144651,0.09050779088572171,1,0.13085784399210174,0.09570147802183618,0,0.06910911741189661,0.016293602690072056,0,0.8850840684100569,0.273661053678126,1,0.06269934282639994,0.07687099874408218,0,0.06386372762756107,0.04281421780663364,0,0.6638657262210848,0.035242152981695724,1,0.18910420728426874,0.1952292183083058,0,0.23460281665988614,0.11438749368149864,0,1.0665538586677483,0.21846640984134483,1,0.029972616403909504,0.03388346351850002,0,0.05385036166282823,0.03032923027661245,0,1.1271877941458774,0.25988035321188946,1,0.23077788015669096,0.051915487566946444,0,0.0435065692489338,0.0367490704428918,0,0.6455045696673493,0.0808486046155001,1,0.03787812848550461,0.02156837100390439,0,0.0364743890178827,0.05053394648707676,0,1.3018242219850513,0.12963188574638515,1,0.04199031859199951,0.06525012368237214,0,0.0567842639724957,0.10256430855071093,0,0.9006304381417374,0.2243727926511071,1,0.08769449414536676,0.03886473905872374,0,0.015256915022232498,0.03935664871816444,0,1.394956851767906,0.14594951486442445,1,0.018781980742916364,0.024084616886225065,0,0.05883686566991377,0.054250244110698356,0,0.7871763981260682,0.142896050078258,1,0.05438674559179761,0.03509778149450399,0,0.03401884128916797,0.02017936233484172,0,0.8782174148932544,0.19314507830492383,1,0.03483887363408842,0.018945649790902207,0,0.046033136686459676,0.04296135953570821,0,0.8041424241035504,0.10736476763615004,1,0.0668572019059344,0.025093674786585047,0,0.03405778974919681,0.055240483267678206,0,0.931573922695007,0.25558125684745836,1,0.1328439889096667,0.0667221258607072,0,0.17950455854261335,0.08043397411600903,0,0.668624979810019,0.1960432333113759,1,0.12072287229911985,0.0594935255146245,0,0.028724359998199216,0.04497548049656122,0,0.7400106833462317,0.23443271833783128,1,0.0726753834936374,0.10463244796833494,0,0.1642153731024178,0.07825924937826025,0,0.8008574946616835,0.08623094188551654,1,0.06915160623190605,0.0546659129050891,0,0.03405062188291304,0.008838483030531327,0,0.6519996141800817,0.06740992025076459,1,0.09814016337980497,0.054834913960954364,0,0.045523688778957294,0.053710360646734824,0,0.8939712871683358,0.2144268801251539,1,0.05491716565775874,0.04617872806128569,0,0.024033017753812874,0.025835252176585853,0,1.694990516717289,0.1233794283386005,1,0.08276481151066181,0.04774650945614719,0,0.09782677073856699,0.07288337309157308,0,0.5546496248881567,0.08915527996556832,1,0.010782161711818752,0.03270700021817455,0,0.1179970052743889,0.050677885687659664,0,1.0306132009416618,0.2066440790621459,1,0.05126008507962619,0.04808395879868831,0,0.08019108261047722,0.1281349418097253,0,0.6744314725569384,0.2659390599158225,1,0.27768585523044725,0.2350744468689496,0,0.13499014748075716,0.10091394915568361,0,0.9790685748353205,0.10851834609447898,1,0.030852086667946477,0.01923105722595115,0,0.03833008442250005,0.0328003334144511,0,0.8660659925607298,0.19070819898075758,1,0.05776775706496038,0.018548144777825962,0,0.039902993602528566,0.04231729402256734,0,0.8824786233595864,0.16453796043514002,1,0.06824307189864412,0.05438135922209254,0,0.014312855061147763,0.029515868215399036,0,0.83420063611001,0.11528572389758886,1,0.08151467479359356,0.03149277542570639,0,-0.0008953385759682246,0.032112775530645614,0,0.7212453905711126,0.13995515776131287,1,0.06621002632263255,0.054692716328924786,0,0.07271626622524113,0.04105488379021829,0,0.806710634593529,0.15829743285783246,1,0.017268476433993513,0.027264704868519014,0,-0.0012639961530133306,0.007205118757618072,0
137,2000,0.6,ab,0.4874299851640642,0.03146390394785133,0.0,0.0,0,0.3475602418953556,0.24632382730056696,1,-0.000989402734920531,0.016945110266018196,0,0.007590506470373057,0.015181012940746112,0,1.2853585782121777,0.16407328371736032,1,0.12055185404517452,0.12264327724775786,0,0.1179133142346516,0.1259837059917167,0,0.8107588747857992,0.15746464556928014,1,0.1851349169492776,0.2132313212627093,0,0.14977869478034447,0.06145491037596848,0,0.6153352607506755,0.3832518858608945,1,0.015561913884267453,0.03951038830785634,0,0.35203413500259007,0.2205074908529563,0,0.3874056586047695,0.27593940326583083,1,-0.00019879807911473788,0.00039759615822947575,0,0.11506241476845787,0.10863100362017407,0,0.4592763688884399,0.3739108233115791,1,0.06330797725593358,0.06991662794875265,0,0.22010215114666742,0.19294418656113915,0,0.843079962110276,0.25598119829466404,1,0.04537973583038428,0.04870968626088303,0,0.10816221364737984,0.11831052152875914,0,0.3584974758381009,0.2722689894790954,1,0.062373692132842475,0.07504192928497039,0,0.11254588135006731,0.11223491516463883,0,0.484427816211627,0.14249016135315246,1,0.03828065703967857,0.05246365872665954,0,0.013634465133699166,0.017094629555864715,0,1.277287567622319,0.3206451353950218,1,0.22668704884540042,0.18499314908581166,0,0.08534479427956633,0.08055808632679011,0,0.20216241517135733,0.08405692805059219,1,0.10866679947753304,0.18744340115375904,0,-0.0014963939097828694,0.06933603486249647,0,0.8353862775022118,0.20730757055597504,1,0.014750980873302469,0.13141996328970276,0,0.06523378444998666,0.10277981818744061,0,0.48026705564551275,0.22460954246442488,1,0.1275934158167285,0.11199515215333271,0,-0.0010357315546899173,0.0020714631093798346,0,1.5717678912354747,0.36936822737162334,1,-0.031304676990522654,0.08130629606825732,0,-0.0007444065946940273,0.013158207234314519,0,0.37128473797829864,0.14159693131723006,1,0.0,0.0,0,-0.0025538736108878055,0.009236325680349976,0,0.6048381418515225,0.21629537293455217,1,0.03855308413328423,0.06060287087423639,0,-0.0031902970241256836,0.006380594048251367,0,0.45542559027211615,0.21147031878690944,1,0.0027168109154401487,0.04827601689118266,0,0.04659166676384399,0.05541190686796056,0,0.3297921072635937,0.29986495860577866,1,0.08785695840349164,0.09788036777084291,0,0.3395553256908933,0.16343740234973106,0,0.6223928127182122,0.35486481394905933,1,0.12270623354876711,0.12929547235127287,0,0.026639261677337357,0.06673691219755891,0,0.37812224478859563,0.17030727857773093,1,0.03271809996855753,0.041588290675633834,0,0.2542333001696246,0.16475585094018208,0,0.38148357579958136,0.20374236315128225,1,0.032471906742253566,0.05374441856000925,0,0.025027228772685206,0.07078183866684024,0,0.3534107315365772,0.3294887092338126,1,0.0006817710373092891,0.0094752467860088,0,0.07595776296259012,0.036979263948556156,0,1.0227909434416027,0.15320328067860073,1,0.013353767667413663,0.07855978994442141,0,0.032184053740777444,0.03848667590382059,0,1.2588386748848965,0.4234174580732311,1,0.20224087364207,0.0829990000423128,0,0.13959554227703364,0.11494824000348874,0,0.3659074128218074,0.1942300033583706,1,0.032739272345185824,0.056506971755923396,0,0.11361611627167705,0.1515188995861445,0,0.3749230750117696,0.14807929572065268,1,0.13552148310979467,0.03797851683539475,0,0.0015089704108247864,0.059892666735880416,0,0.46966739309060407,0.2566310862360705,1,0.33085740867242086,0.2613738221350719,0,0.017406229117710083,0.06776635549931502,0,0.3973374026549762,0.15809975682230717,1,0.03091812699432262,0.040841446561847905,0,0.030965972957896538,0.0384949419994946,0,0.7249703552291077,0.4421464178806478,1,0.01986508286363086,0.04416644153794397,0,0.010805163336922033,0.03160004321003524,0,0.2796266747941331,0.3384276487945004,1,0.2262996575027662,0.10788117031675981,0,0.03388124420891501,0.031143221042194486,0,0.8535546288302627,0.23203937515536704,1,0.04833075317290303,0.08360856371009333,0,0.043985876982710566,0.05891545293914771,0,0.6942534001345381,0.17494648933129314,1,0.1578720025568234,0.1298683699047988,0,0.005136735801327048,0.07983063781431303,0,0.0883590893848403,0.09696051073096468,1,0.0,0.0,0,0.004777445941723286,0.009554891883446572,0
137,2000,0.6,bag,0.3940019073128399,0.032991665862693566,0.028958842506098002,0.05871481828116469,0,0.32033282782591466,0.17958857367137143,1,0.05286409607820849,0.15373030436288226,0,0.1056210043564912,0.18287935247740195,0,0.4884863308920214,0.1907221200632025,1,0.013099444185743553,0.20186153141358307,0,0.16525414460934182,0.27713041028818486,0,0.8149040570752236,0.46278695489158994,1,0.20046408544819938,0.14927245361233515,0,0.19702804411840433,0.24057516561940123,0,0.4067149824939963,0.1820395656757843,1,0.06285839025733121,0.12829392543909496,0,0.052585535468555974,0.09023401620839852,0,0.3458222793644595,0.11538017585233465,1,0.007186353851229577,0.10969441806662754,0,0.042881709212967266,0.07677123286021355,0,0.4339393004979021,0.20774737269378055,1,0.268457299149868,0.2512346807771555,0,0.06427200756545923,0.04773866002479071,0,0.4364877659903013,0.22227750634289076,1,0.03611424903198463,0.10802773290191886,0,0.1290113018491699,0.1180914781204473,0,0.1607735989858833,0.16631112394324168,1,0.22100335150161463,0.14219128130687123,0,0.2080327674646924,0.18710722697082346,0,0.8010766434793917,0.12849837471976586,1,0.009513063641235326,0.19144984630020412,0,0.027315502892603503,0.09054796802675279,0,0.5379733705452878,0.12429576163007058,1,0.1506455036110783,0.2768832407001233,0,0.17189700597502028,0.07434619792750527,0,0.1970381303768215,0.23603149377048052,1,0.1080115874303608,0.1754699222532121,0,0.07738550099228145,0.10094036050497451,0,0.9340454901431858,0.2704674885091693,1,0.17757250953978865,0.21080425130240524,0,0.11724577065348037,0.1658373130235716,0,0.46976596193575054,0.34093342530346826,1,-0.07636985635560442,0.13352647413064236,0,0.01682507771093515,0.1311977569606356,0,0.9647964044648303,0.40603781016577617,1,-0.05431057619999543,0.1605630862128141,0,0.07472105292664236,0.22760718972378466,0,0.3383239426602335,0.2318623201680413,1,0.049050121311048384,0.08591997827150659,0,0.10836111119256335,0.13349124350908834,0,0.45235819783988757,0.24614185089271065,1,0.08573612646083031,0.08145105117852383,0,0.054131807377218774,0.06858773570361608,0,0.2721956220699887,0.21772135559489528,1,-0.0036810054767435923,0.0391548399049406,0,0.0581609582420803,0.04973100886629187,0,0.4739025553898384,0.3993459289637501,1,0.018806274929323637,0.15728662098309323,0,0.22950876016417396,0.08294434082724643,0,0.573275034279212,0.35495436857870594,1,0.08284949723942578,0.12553052522030042,0,0.06346058858036611,0.06859381644628332,0,0.39312809211913324,0.12387338663934906,1,0.02612250290114144,0.15535694433599342,0,0.3828374965342933,0.30901523583309504,0,0.31797377023998513,0.13244302212022474,1,0.09103405500662734,0.05770565165247623,0,0.04817815997861635,0.13112681056029735,0,0.33387273821607705,0.2220093262314473,1,0.08248252154395619,0.11934914041105917,0,0.20572873265380048,0.08763816127417565,0,0.32842141731307867,0.14315990131389308,1,0.04055631332455829,0.11582758595548201,0,0.09925336500688323,0.13263683158810113,0,1.153276852324306,0.6105907798251726,1,0.08124692468992448,0.09465802490002406,0,0.12231614902105332,0.19456193333831495,0,0.22461951624956172,0.2318429446090114,1,0.01397871012394512,0.05189636108576741,0,0.05649928072863686,0.1242737734060929,0,0.3950378618143019,0.09274265133890781,1,0.16626389017470716,0.1390002092885832,0,0.22010331014228773,0.20255946594270727,0,0.31918997732503307,0.11404464524387978,1,0.5724471747471488,0.37315463746038446,0,0.1506138966907032,0.13854475210738373,0,0.4138411834901291,0.3275713691586337,1,0.07029520486438248,0.07357497803010926,0,0.08875026163222317,0.08365680967388198,0,0.23605066494394578,0.17023251039338552,1,0.11982989518855514,0.16443201502043803,0,0.18585241535854657,0.07510692047257723,0,0.453359708200648,0.32221224172080215,1,0.15548149160906838,0.12580897045813583,0,0.14477474072215088,0.09422227258010366,0,0.13543159266143834,0.12462710049781696,1,0.13727625911707333,0.09073076258025763,0,-0.020800300447679075,0.11326674345105857,0,0.2631557337686933,0.13206759703186505,1,0.12856008884650602,0.14047732977949298,0,0.03108953682457788,0.13265136000389915,0,0.48532001536675046,0.28292293236282867,1,0.06952715929754696,0.06125153585520388,0,0.05617131058687415,0.15832334952535995,0
137,2000,0.6,mlp,0.964409850379429,0.0040687892462464,0.009133484648158007,0.02170489559912448,0,1.6120662793094607,0.24519240798008451,1,0.006092753482916257,0.013030221224631754,0,0.02873178596515331,0.040505301790821034,0,1.8595817793360236,0.20562271055725842,1,0.004364657645281119,0.0062058460254847585,0,0.007056679217714121,0.012975840707272068,0,1.7112129235079414,0.17490359997689592,1,0.01678350329802053,0.015964765491984688,0,0.011580980133565677,0.0064580911703680365,0,1.9592971539028017,0.17461336862404023,1,0.005982850583014275,0.010316105059329882,0,0.019959980495905118,0.012096763043221435,0,2.229081024793536,0.1450604317061673,1,0.0044844419258949116,0.022331209456901903,0,-0.00017215769084240605,0.008619114930576223,0,1.9920819289744993,0.13721153553778648,1,0.013464725611694022,0.015475831524236964,0,0.007992178943953966,0.011747272911529945,0,1.8902781043449775,0.11811123632422167,1,0.018271422832232365,0.009927426757600506,0,0.025951178863598656,0.013582983417103432,0,1.9012375677093292,0.09889271044548495,1,-0.004974933280329346,0.016520459172026884,0,0.022955755097531654,0.010318015278027568,0,1.7179984149951095,0.1555018231178149,1,0.012333629516685238,0.03202239172067433,0,0.01909846868535287,0.009310818849619748,0,2.024575131435728,0.09566486992455027,1,0.020066485316706194,0.01982679960504617,0,0.02622192548315331,0.01676991986256472,0,1.9244142938822901,0.2338170984755894,1,0.0104212886159565,0.01730893014180344,0,0.02937400176981627,0.029641418921544687,0,1.7866826022396718,0.04661648720103686,1,0.0006136351036614876,0.01241870112699236,0,0.0018618126907185644,0.02410651192674339,0,1.9027310795514172,0.32876575056214646,1,-0.006140813508590264,0.0265844043592414,0,0.0033402829189880462,0.009363799432349627,0,1.9048220020521789,0.07187485080040672,1,0.012085921897487532,0.012018642167554583,0,0.0029527522610850523,0.020747915975552998,0,2.242352739608004,0.21190639214494297,1,0.0033096938681427073,0.018923272074856123,0,-0.0005717217774764497,0.007669590609492297,0,1.9529801598525345,0.1415919481913153,1,-0.0068463682606650185,0.011776645571216715,0,0.006544016592555895,0.009981613418637129,0,2.043936422102631,0.14602924603825532,1,0.024499650404020433,0.01831871254082499,0,0.0018977207899635647,0.00453618230259647,0,1.8971977220355494,0.11094574397943023,1,0.015267764907517023,0.034529958064695776,0,0.001789955642277983,0.015531916129331405,0,1.657698540420429,0.3072353644573228,1,0.00855874385306429,0.024198289012833236,0,-0.007043348644157313,0.009701147082198451,0,1.687086132736216,0.12370717537989236,1,-0.004731623683538721,0.013589667409782942,0,0.015712673127535468,0.018624025649990255,0,1.9612499174872144,0.11688254133309643,1,0.02665901208929382,0.019685850596021078,0,0.016920408444781904,0.009340797449745026,0,1.5812747971126453,0.10601886863366074,1,0.013976491207329017,0.025764025654114623,0,0.01284108680477119,0.012001602765445181,0,1.8967105970735125,0.11718411686846147,1,0.006908048975821318,0.022539689506948308,0,0.0054371744500645,0.020769983161035125,0,2.2227092134329505,0.13041802167692,1,0.003886506214164269,0.00597151434338683,0,0.036212862664982956,0.012501368099566252,0,1.4537370901290703,0.057767277807933566,1,0.01508553310494035,0.011719817639724826,0,0.0003418940684568756,0.010230904967297545,0,1.8949056696278308,0.11147370766011552,1,0.031275699410585944,0.03164508252474954,0,0.01178927069715439,0.020773110772414158,0,1.635840908089365,0.16344541176637548,1,0.01157168002983668,0.016588951027462415,0,0.02088237972668048,0.030083802418625002,0,1.7685471998174525,0.13151789914334763,1,0.013821349318800543,0.024768485088957848,0,-0.0021144307028716993,0.013708270308830914,0,1.9753241446557588,0.25989380995394923,1,0.022136661461171114,0.006538573139258673,0,0.01082052913078455,0.006567146881852138,0,1.5824953948602736,0.1177959783378764,1,0.010763084989222432,0.010678598402417541,0,0.006529122300088783,0.015989954218879866,0,1.9010765055616574,0.2104694076723121,1,0.01580963586959782,0.01434268969127895,0,0.012684798711444224,0.02045045862912769,0,1.851450608283696,0.1045156910902365,1,0.01625062490104267,0.015415244502671064,0,0.024092460864936455,0.023593869416569175,0,1.9668031118836313,0.12185554048916149,1,0.013768491184339255,0.007701793019085029,0,0.008555993225015202,0.008716000300457999,0
137,2000,0.6,svr,0.8388518946887006,0.008095851314690875,0.12134641546427027,0.01832266767993317,0,0.7679226828305082,0.11230201900573163,1,0.04337903622139207,0.019551369522013085,0,0.1736696587177748,0.040889192572261666,0,0.831687134852691,0.10502226334101554,1,0.06629712278358482,0.021280768386387174,0,0.1038748780293346,0.034377456670057815,0,0.7780576287439487,0.09630682259367775,1,0.11163803050483061,0.03349612956392861,0,0.13403103715950376,0.037029935864355684,0,0.8617564294173347,0.06351856132662274,1,0.0556778926600628,0.033042018818522055,0,0.08004554273356236,0.04352652834571863,0,0.9926035782761173,0.10635709276149619,1,0.048719125723851946,0.011458728391803532,0,0.13736760091420752,0.0421807854080355,0,0.913854804171846,0.08485399946066816,1,0.1521788922502823,0.03504513146363812,0,0.09834682987572815,0.01796067197540803,0,0.7435515814757161,0.09450393726598982,1,0.057386065559464,0.028042257217694867,0,0.13370463496893376,0.036356864970482204,0,0.8197275718151339,0.09135368138257711,1,0.10007530014848887,0.02864917457587216,0,0.21766597100250692,0.014670822721714851,0,0.7903125380567367,0.12801359277960955,1,0.0611024077695827,0.009351612402387011,0,0.08614088294561242,0.031166024970527794,0,0.8523355792191281,0.07692786519948241,1,0.16049018821419836,0.07593368159182588,0,0.08412256264569078,0.04231804738426087,0,0.8234013134077843,0.1941006732791244,1,0.08285775699906599,0.05462249798442461,0,0.11879342739653367,0.04352871347683225,0,1.047031681286116,0.09846902386448178,1,0.11386502771222799,0.05006075096322592,0,0.03651021816996908,0.032599242105974396,0,0.9405806563752354,0.22702525550933775,1,0.08453642165007462,0.034333469285361434,0,0.0599950571488231,0.018054719997825614,0,0.9150607439370949,0.05846774249350023,1,0.06992765340185206,0.02452832571620183,0,0.0821042785376538,0.013990364650344209,0,0.8390926423244067,0.05851904073655351,1,0.07735693357898209,0.03334838615494346,0,0.07441573986880004,0.013795113693461312,0,0.6923320120106929,0.08620837513629118,1,0.04083925818261537,0.03005679711130376,0,0.07417082053942124,0.021602151116959335,0,0.7905017481797663,0.05526331070414253,1,0.059983122761284854,0.016763825059071785,0,0.03278188530660732,0.03501029190148721,0,0.8874686691125062,0.1137217698992825,1,0.19950251862689425,0.08445174259681214,0,0.13369252761412093,0.054362296331234766,0,0.7212111288851274,0.24536150839296153,1,0.11940261777513687,0.10594038665498952,0,0.05241602712288096,0.039355580195457616,0,0.6674824268513935,0.15162677571276525,1,0.07360645695889483,0.025005179812174743,0,0.16682206587684792,0.038100077055689616,0,0.807844421042453,0.09960296628073809,1,0.05664820998076001,0.020163428358437076,0,0.09278326048940161,0.027940830161883295,0,0.8268841455697953,0.03557368640582748,1,0.13731854482276518,0.05561980957262148,0,0.09019607935095501,0.036333424333032896,0,0.868391783697885,0.1281935186587836,1,0.10407575402326774,0.027377065470212077,0,0.06147541370466649,0.021282574808690245,0,1.0847202271411438,0.10505900281748533,1,0.13410431648760895,0.036483389167527476,0,0.09992748671187354,0.05153154157219162,0,0.6924254872688753,0.10097260525565431,1,0.09380163917829733,0.044280724146353936,0,0.06491016078746184,0.03206769082055257,0,0.8959361501041636,0.06590173832600023,1,0.12797196940811867,0.04308082243032153,0,0.12118596418239722,0.04073495073087266,0,0.8686262641062583,0.10602866245578833,1,0.15942079166212655,0.042744372558649074,0,0.11855070758756998,0.047353123422180905,0,0.8333464485846813,0.09514458701415503,1,0.05885085915627314,0.03013374589352932,0,0.043083021276883945,0.031044306478462038,0,0.7861444825789297,0.1131055651056634,1,0.06530112268618962,0.027551092699601393,0,0.15072083474622583,0.021245091175701367,0,0.670250604381434,0.07912698329192269,1,0.0902259057955177,0.037899743455106175,0,0.08324037084244684,0.04674987486783896,0,0.8431317742087826,0.1391330857010066,1,0.13045988741208897,0.05260631907998918,0,0.054222751261187904,0.052597900785993676,0,0.7235689177198635,0.08180139785782964,1,0.04501294894214251,0.021392905880483024,0,0.09855258454923999,0.04021122026608691,0,0.8349575319154118,0.10545878032987772,1,0.08854529871398475,0.032361135072417405,0,-0.007570998383088103,0.01664442834051982,0
137,2000,0.6,knn,0.5288950142240344,0.017865796836759016,-0.13223481896148787,0.15230637732660848,0,0.14960005058800477,0.16592440968399422,1,-0.05090780617168604,0.281520583262337,0,0.2210012723309676,0.33748165982348277,0,0.36079981305007436,0.23261769585846387,1,0.02775811002167724,0.4285886870923964,0,0.01135919563025265,0.2898080540668758,0,0.36275044429494985,0.2583524111609386,1,0.3252396153330692,0.13674727718872634,0,0.30756739060903715,0.2901795383507207,0,0.4008110510076165,0.2936609697109369,1,0.15993549407232105,0.2669800309270008,0,0.17743405822341712,0.28161863526291125,0,0.36113790201878965,0.22084907559689868,1,0.09257502829395488,0.26323408846728324,0,0.0495383703791142,0.19576369342161679,0,0.16785494376796112,0.37688385352767456,1,0.30316534699084885,0.3141669983685992,0,-0.04407920053665861,0.14741083029130878,0,0.2381226065390038,0.19825406041186788,1,-0.011521831898030268,0.11841459918811326,0,0.002679756992480736,0.22889711558333406,0,0.3901117552274552,0.29584185079231184,1,0.3854301027435176,0.27556122814794476,0,0.5422536635293714,0.3969536305950753,0,0.8193281817035427,0.401211000002684,1,0.058413200631606356,0.22928628876962479,0,0.17598557526814124,0.2417155507524515,0,0.604144717987601,0.2248439363914903,1,0.05795386668470829,0.4757210959488913,0,0.09109435962794102,0.3942363418172965,0,0.3019104509403016,0.16714827383170797,1,0.12366099132714985,0.28833147314658214,0,0.12272049113129727,0.38411822714435373,0,0.6125039075741937,0.37115212126346053,1,0.21234072408300478,0.28555184522054183,0,-0.1452421950687289,0.3247095211791398,0,0.5068030538258167,0.29461930594470875,1,0.1625866067502884,0.20537711771885803,0,0.1994194807053496,0.3888839981164861,0,0.4981481303533945,0.48008831951088043,1,-0.3611424317597406,0.2961622810812471,0,-0.04414191910805506,0.21170830880701746,0,0.19247766057943552,0.3414716035777022,1,-0.05265543445433074,0.15699563770150587,0,0.19693234358995496,0.3765421578744272,0,0.18831482883919498,0.26640556592933956,1,-0.042492598296471576,0.22623738454367032,0,0.06782490184989717,0.30371153072151263,0,0.24688727837791621,0.43674878138225104,1,-0.021149756265951926,0.4611804407045983,0,-0.0966584699220225,0.25009436648395866,0,0.4585608012910699,0.19678236489093676,1,0.06054722560660301,0.20205205991862404,0,0.0019868358270827445,0.38359244558865796,0,0.32778659708252905,0.17946451052310455,1,0.20108943644451513,0.3803074753505636,0,-0.009587410051466377,0.18735199837537372,0,0.13798417869359705,0.1935682235189535,1,-0.13715301820720643,0.2789202866357992,0,0.16618524270023305,0.2415722499989319,0,0.35163993289472595,0.2580471082368069,1,-0.11715090269145327,0.32307977152326744,0,0.33717533025985513,0.0943178210488414,0,0.2629905917826975,0.34199015780536707,1,0.14439490672195446,0.4171093508397666,0,-0.10780582118654713,0.2895877278710836,0,0.38559843325668863,0.2951777910326269,1,-0.009378081466544386,0.14553583675509532,0,0.09372779976986931,0.3625253569446472,0,1.0376567532826537,0.30589945586414496,1,0.19092305167702764,0.3930916823369639,0,0.30585887403835776,0.36004006789279414,0,0.389781268666491,0.5056225149903618,1,-0.0683521878897215,0.14287451818668342,0,0.3610615297546523,0.20474467468791602,0,0.2942805031330276,0.3024714901830997,1,0.25976480381805,0.18529296270069087,0,0.28776853407193004,0.2561410246377796,0,0.44924733364007424,0.4045347009035098,1,0.0814550859689144,0.36031752020096924,0,0.23694527621941042,0.279504881999255,0,0.28356049733314703,0.3277555268613429,1,0.2063334972138458,0.3411778143175956,0,0.00809521706892689,0.1845923362094972,0,0.22178957074129985,0.25041155950014926,1,0.004405069231455022,0.1973855333088764,0,0.08493621875799003,0.3082875367951539,0,0.20678599685384458,0.2890509598516721,1,-0.02323648440106336,0.10410585136527893,0,-0.17233010083265438,0.2120194200579628,0,0.26195113769600126,0.12102513812369324,1,0.10639889301936156,0.1822863815418633,0,-0.21541643267258692,0.12159287353808297,0,0.3348229097696594,0.44521481431727633,1,0.21243428616726617,0.45094399241532696,0,0.1154890300861479,0.46161526279430287,0,0.16831938735092628,0.3234337343652962,1,-0.10275922546992211,0.2885719994792861,0,-0.1557253574324635,0.13709758741963052,0
137,2000,0.6,SuperLearner,0.9772783180854349,0.002918305481811141,0.008170825736427486,0.004343647314314382,0,1.722738886818373,0.20022737216746406,1,0.0035874099669876034,0.0047092468810582275,0,0.016710312827119496,0.010201957291231358,0,1.949374107162393,0.18628095522764027,1,-0.0007108553235160357,0.0013795686519603436,0,-0.0002466107681498345,0.003163058318833965,0,1.8888197137646827,0.17292473609482056,1,0.006475516433671219,0.008353585828342967,0,0.0021076138149331634,0.006713569020262868,0,2.0798586620644612,0.1519283772993384,1,0.0025290700409657295,0.00283426199101504,0,-0.0012696404587961418,0.0020881186105388503,0,2.311199211338443,0.19524258857399196,1,9.134396501889247e-05,0.0024030129408955134,0,-0.0014503297261932904,0.0022869476536291817,0,1.9674907789872038,0.11158518446170855,1,0.002552583871719275,0.00806326418895126,0,-0.0005384180530418066,0.0013463961606795362,0,1.9333543625473566,0.15362290276926985,1,0.003745468856807673,0.002055542417715871,0,0.001893070398719773,0.0014372214950535036,0,1.9589529830919699,0.09286893909370346,1,0.001354383763527559,0.002158619835465052,0,0.003203298123042722,0.0032169684374245226,0,1.9130013315923673,0.1361885081798045,1,0.002877016431877737,0.006354603623279797,0,0.007075815607988209,0.004882134074845376,0,2.1234135917326165,0.10259175354611337,1,0.000210691579257633,0.0035898402424501714,0,0.0013099545507736943,0.0012870836893651455,0,2.047261070957184,0.19174047616066345,1,0.010479102509531848,0.010612509708299288,0,0.015041645960345806,0.011343890248779846,0,1.9921641460523936,0.04565986246434646,1,0.002878121167463209,0.003831230384265825,0,0.0005632729051457659,0.00127024712845552,0,1.9583867248337412,0.25775776199400763,1,-0.001853621884553991,0.0019423152710474217,0,0.0017674363658304309,0.002320827357948043,0,1.9798477546529338,0.07108035253196292,1,0.0008723530173837611,0.0023651093054565665,0,0.0005163308934147174,0.0023345742673190777,0,2.22960524366939,0.11268684348445165,1,-0.00041798736220268666,0.0008969362993819282,0,0.0010517332287570311,0.0019109514541313737,0,1.9866353348614765,0.14661696893809678,1,0.000507329040040053,0.006132330900519763,0,-0.0001915440470501708,0.0008324002393126829,0,2.034122541420672,0.12398864219180292,1,0.004616867005755379,0.002165004317356441,0,-0.00013918606284831552,0.0011851419601147883,0,1.9339187524502364,0.06336458309260805,1,0.009460525109028114,0.01051732591230479,0,-0.002148040430750952,0.0027541290876668223,0,1.7901285266346314,0.17083331321291517,1,-0.0011085838008824385,0.0025654302056359385,0,0.0030566706250418386,0.004133953517463777,0,1.808325405770273,0.07869322925284641,1,-0.0009389087444609415,0.0006332319005483139,0,-0.001083892066310248,0.0041581058641993775,0,2.1587850957834673,0.09179459888351921,1,0.0028613929091361725,0.005775085266020994,0,0.00044165313571331057,0.0026489749233867994,0,1.8037235989859695,0.12127530759072612,1,0.005779954560565575,0.003333996144341525,0,0.0023998005935719604,0.003920566390657257,0,1.9306734184575365,0.08292116837629072,1,0.0012241512143838975,0.0023830105707883346,0,0.007160470207915337,0.003740193961917186,0,2.3629349106263247,0.08973548671134148,1,0.0023094150417965627,0.004787507815082402,0,0.010333086870968438,0.004027404697638823,0,1.780985353797838,0.06512364026478475,1,0.0013951374433573817,0.0007487635428372444,0,-0.00015458876264421795,0.0010679935604015472,0,2.003345032668317,0.06539013119315917,1,0.004991248232541666,0.0038903487604995835,0,0.01009487654127027,0.006223691390808221,0,1.916310227457227,0.21821862295492908,1,0.003297205006747831,0.005057869779592034,0,0.012900693697072297,0.00888775044815285,0,1.826470725017834,0.12184369076280484,1,-0.0009730525140635091,0.0019311792799878553,0,-0.0010533709012723262,0.0019048033912936518,0,2.016902063614249,0.229133218420529,1,0.0003033654189804497,0.0024873642555308588,0,-0.0004374791897082963,0.0029506827269417044,0,1.7410503618127937,0.09067543400354378,1,-0.0015337016436932638,0.0011799579739447015,0,-0.0013859787757562793,0.0017145348373989457,0,2.123301896596744,0.17412529665145254,1,0.00129508195704793,0.0033924427359534187,0,0.0003129430574271094,0.0016742545186743377,0,1.9679994858503052,0.16166410740377463,1,0.015170193132183304,0.009563791353080477,0,0.0061029763924215176,0.006215450027980349,0,2.0833218818338133,0.17284306215060818,1,0.0008111831559885303,0.0010993018635626717,0,0.002848421732724571,0.0017427208673157348,0
137,5000,0.6,lr,0.9793465853167719,0.0011178582314119831,-0.00022265443351811645,0.001842943438397878,0,2.009492246809618,0.0639974885833141,1,-0.00030973569148695873,0.0007288645007039542,0,-0.00039981039001554835,0.00043079634663481476,0,1.8768030333116166,0.10109576185671047,1,0.0005156365438549465,0.0009630627463545532,0,0.00016627727734127264,0.00046210849622985433,0,2.0507631560357047,0.056436969943708885,1,0.0002660353982759558,0.0008103594489570354,0,0.000978394104599452,0.0010069131245701338,0,1.788373167259418,0.07632329404112231,1,-0.00027785467009439334,0.0005986337183755741,0,0.0001489378526492992,0.002445546207443846,0,1.974958453825715,0.1534651744623439,1,0.0003470411830465845,0.001421511363389698,0,0.00097973527862006,0.0011128940556384876,0,2.132890330309658,0.14814392531133552,1,0.003423040536999522,0.001791263018314162,0,0.00020831774755726866,0.0004674693139478283,0,1.8965253956414212,0.06161468715472319,1,0.00011602434690016628,0.0005158701183981112,0,0.0003493426816371632,0.001089325852486527,0,1.8919829574717415,0.08130238338498502,1,-0.0001626594154419556,0.00037128943573132425,0,0.00011351359958433572,0.0004006574814974793,0,2.041258705957757,0.08436876113410981,1,0.0030595385034104692,0.0018860978497341608,0,0.00012900966548410464,0.00061086490088241,0,2.0053966297672248,0.04154087871073152,1,-0.00023577586140436773,0.0003412928582959238,0,0.00017453011566929356,0.0006361004699260326,0,2.0656283768331067,0.0816989742095683,1,5.2192589853147884e-05,0.00017567558267155256,0,-5.172558255346929e-05,0.0006362920750775687,0,1.966657448775171,0.10016814820844999,1,0.001046867466516074,0.0006010437206647493,0,0.0005254336140590677,0.001156867053805158,0,2.1019906673624518,0.10241098929474082,1,-0.0010873142603125975,0.0016395125766407862,0,-0.0004833729578002286,0.000651668294712704,0,2.1160805886706946,0.03238321455492589,1,0.002320697596649974,0.0007988630648755901,0,0.000670848615065029,0.0007145861447108321,0,1.9881972576256834,0.0938636863145973,1,0.00012592253304145377,0.0006983805789319266,0,-2.57770117390299e-05,0.00010874997826695086,0,1.894908140470967,0.06377115254864577,1,0.0016779092771504773,0.0025312571359626217,0,0.0029462716024292843,0.0025830063538326183,0,2.0560106004123346,0.1493435985127623,1,0.0018109395230285687,0.0005278876132739443,0,0.0008869377811210114,0.0008798822234023729,0,2.0962026736022645,0.11361739551994395,1,0.003478086219347052,0.0020310133242871418,0,0.001084498052404181,0.00121282538706721,0,2.155009601401099,0.09394815451024882,1,0.003428952403023544,0.0006410144147042829,0,0.0011307985068897553,0.0006540813522568218,0,2.050437892053986,0.10123225505048192,1,0.0002290120042946717,0.001151501497503289,0,-0.0002145174961298957,0.0007175379875348619,0,2.165272609787832,0.12176130064075907,1,0.002762423536477504,0.0018234782015681338,0,0.0005596727643057958,0.0006314039231035665,0,1.9595449346923393,0.09034994586794115,1,0.0015315481024511146,0.0016174903948703236,0,0.0002829377406916493,0.001674690957579897,0,2.0611727867691303,0.04242017087082501,1,0.0012039499099690781,0.002020182456737287,0,0.0009472407787355635,0.002405737699348487,0,2.1417368772600724,0.12430008886046107,1,-8.710970594837186e-06,0.000557634108393319,0,0.00046698993234445035,0.0005294636258613255,0,2.1205417947841396,0.07843033297821936,1,-0.0002692730318097572,0.0002840493495316365,0,0.0005866081424182035,0.0018397297473316842,0,2.161573778809017,0.07527516015760448,1,0.0006450151668102052,0.0011093053856916684,0,-0.0006187872971749142,0.0016659313242099474,0,2.1618535340342384,0.13768739454104248,1,0.0005758444201787229,0.002509906729225207,0,-0.0005503255332920247,0.00069915900774247,0,1.9310941508263473,0.05364950348309417,1,0.0005060683780991742,0.00046371534628028154,0,-0.0009244004986995183,0.0013973512005338985,0,2.0039531185359905,0.15964068882703883,1,-0.0003526233936682695,0.0034223882916958838,0,-0.000500026572471715,0.0017156019758662797,0,1.93421482373817,0.1233934766574739,1,0.0005063100720420959,0.0004606741714055472,0,0.0015569573562984663,0.0008944085491495577,0,2.0154810700334265,0.07177939923284775,1,0.0005662778834636644,0.0006104550013167836,0,-1.642724791472716e-05,0.00025839491412204694,0,2.1554937303321426,0.1614391392375756,1,0.0019185166264933076,0.001431424169807344,0,0.0017922750700323671,0.0012345847077676465,0,1.8027530764125337,0.08311960795783076,1,0.0018383812289873309,0.001096175397098202,0,-0.0003462754667734859,0.0007885387582862372,0
137,5000,0.6,lasso,0.5283592955986243,0.01827164365157399,0.0,0.0,0,0.3327533287622445,0.04220440386256503,1,0.0,0.0,0,0.0,0.0,0,0.5635146632058765,0.019709156258466694,1,0.0,0.0,0,0.0,0.0,0,0.7806278740314058,0.032835618075901546,1,0.0,0.0,0,0.0,0.0,0,0.6919668738047473,0.02532377485003795,1,0.0,0.0,0,0.0,0.0,0,0.7363649218017478,0.039951533474234496,1,0.0,0.0,0,0.0,0.0,0,1.0778813029622085,0.04024159850854352,1,0.0,0.0,0,0.0,0.0,0,1.0180462951545663,0.04735556410109909,1,0.0,0.0,0,0.0,0.0,0,0.6279618631846794,0.019941300580581307,1,0.0,0.0,0,0.0,0.0,0,1.3089177430023764,0.09858958877285602,1,0.0,0.0,0,0.0,0.0,0,0.865641129082165,0.06254452193898291,1,0.0,0.0,0,0.0,0.0,0,0.7697038016246239,0.04037524036510339,1,0.0,0.0,0,0.0,0.0,0,0.917213877494931,0.038611783382402634,1,0.0,0.0,0,0.0,0.0,0,0.9532680679439366,0.04910936788441535,1,0.0,0.0,0,0.0,0.0,0,0.9346100050147829,0.03738422961157433,1,0.0,0.0,0,0.0,0.0,0,0.8101851474639558,0.035789829492169245,1,0.0,0.0,0,0.0,0.0,0,0.6703329134827687,0.028860863522268347,1,0.0,0.0,0,0.0,0.0,0,0.8235704227446441,0.03319395865187488,1,0.0,0.0,0,0.0,0.0,0,0.8705049233244792,0.09311373523184573,1,0.0,0.0,0,0.0,0.0,0,0.762471138286799,0.036034434727381,1,0.0,0.0,0,0.0,0.0,0,0.8340707638693863,0.05860271897232155,1,0.0,0.0,0,0.0,0.0,0,0.9185934002690544,0.022783816178798225,1,0.0,0.0,0,0.0,0.0,0,1.0097093358947398,0.02693905933612395,1,0.0,0.0,0,0.0,0.0,0,1.0106905182936579,0.04722305804675983,1,0.0,0.0,0,0.0,0.0,0,1.1552304981750838,0.030506616272879275,1,0.0,0.0,0,0.0,0.0,0,0.9658210563162344,0.07682111410053422,1,0.0,0.0,0,0.0,0.0,0,0.9849212798229277,0.04100580435631364,1,0.0,0.0,0,0.0,0.0,0,0.714017615365034,0.040441272681254074,1,0.0,0.0,0,0.0,0.0,0,0.9262390894974455,0.029630631532398553,1,0.0,0.0,0,0.0,0.0,0,1.1191631278029603,0.05169045713361091,1,0.0,0.0,0,0.0,0.0,0,1.2048724843822627,0.03633595097122012,1,0.0,0.0,0,0.0,0.0,0,0.571083685782223,0.03804448707253707,1,0.0,0.0,0,0.0,0.0,0,1.1974064017532122,0.034204767104512514,1,0.0,0.0,0,0.0,0.0,0,0.5683155809940421,0.017538920411204768,1,0.0,0.0,0,0.0,0.0,0
137,5000,0.6,dt,-0.25654530898554767,0.09228702418866624,-0.004100703397095342,0.24075508425011097,0,-0.007152547591888237,0.3415102173540628,1,0.2210688490787111,0.3931685419241242,0,0.11268537116008068,0.48423439763442305,0,0.08308256873897003,0.3470463418110792,1,-0.2943465101862476,0.19637875099708177,0,0.08304051249245142,0.26223948866129904,0,1.0590348390608826,1.1743393412948564,1,0.060362541569261616,0.416607888845366,0,0.4291711492383733,0.5044967433691715,0,0.39629863859738296,0.35195736683733225,1,-0.07576998404427401,0.49297388150051324,0,-0.15005462910985243,0.3261038999340728,0,0.40161039740100835,0.1664126036065236,1,0.19653888640868805,0.33444441595427343,0,0.34734874858470866,0.2373065510612135,0,2.2362204091289204,1.595187617436056,1,0.2041035372141528,0.11839554860210472,0,-0.008275350802328352,0.323473821721737,0,0.629675224345253,0.7636934323109364,1,0.016952773077473317,0.4583698901745696,0,-0.08558220113444523,0.1449988224951084,0,0.2731293869285428,0.4279782133290321,1,-0.10734017208721643,0.2512753715903793,0,-0.03273096571409951,0.2552606115582254,0,0.6917699307976563,0.7121088339222907,1,0.3990349566058247,0.15280285065318522,0,0.050185905209246054,0.2108040714279419,0,0.7166144850443925,1.4226776960533793,1,0.11361162890986351,0.19819055738440952,0,-0.020520815932609925,0.5390131898799807,0,0.4953627301798787,0.46042652931830574,1,0.40862082101300823,0.23060184424087105,0,0.40497926563714026,0.4036949404538595,0,0.8678233649760484,0.5329523520295754,1,0.23897749684288874,0.24746833682449348,0,0.09406328976397449,0.4280422296623841,0,0.4415513727526961,0.5852516924507467,1,0.17347655456315447,0.27143973262338633,0,0.24235700978430658,0.5052334627437285,0,1.0848204775678854,0.39784757124502146,1,-0.12256015065888122,0.19307219058184338,0,0.26184415781096254,0.3357591203626093,0,0.31884140805379285,0.29249031731412956,1,-0.04016455766672937,0.4119733055229512,0,-0.1666327010321885,0.4251821995843664,0,0.36857292465490554,0.4016533826884138,1,0.021527822363490535,0.35697094580904776,0,-0.05952597784835523,0.4425623515069246,0,0.46804289932004456,0.7898387512946824,1,0.30718808191643526,0.31149301549464326,0,0.006201154391076958,0.5324141559107181,0,-0.22038564478633765,0.7680672439664156,1,0.020278050148789018,0.22952342037816423,0,0.46680025622136834,0.7652974305625663,0,0.41297616995303416,0.4970096215059696,1,0.31891891346588896,0.4977395270333645,0,0.1645826919544131,0.22678975683679745,0,0.5641654569700163,0.25989233155557556,1,-0.2556123216650182,0.4394384865016953,0,0.01601598031744254,0.22301512240412433,0,0.5678909087858814,0.5314222052462783,1,0.006592623536623465,0.31545882550688864,0,-0.02566793927387847,0.40232706921190914,0,1.8138353885259826,1.8091742032724307,1,0.203531782855843,0.1687021342393328,0,0.011309423716706369,0.20416005648721888,0,0.30926475516349805,0.5175053654270816,1,0.24335022317516533,0.17807217268584224,0,-0.0569416289563849,0.32009285836818463,0,0.8769917882042708,1.105356369423469,1,-0.03303838650424991,0.23434994768171657,0,0.43635095680115193,0.5215134480897736,0,1.242953319602167,1.1568506180280977,1,0.17814247962583718,0.2183913378386171,0,0.2638942542421957,0.5407491848995728,0,0.48153276495732344,0.7603878324409967,1,0.10090594571669449,0.5023489024440321,0,0.1825777792942342,0.457696679664014,0,0.37144544447264727,0.9673263598169058,1,-0.07611086164054985,0.3343524518574185,0,0.005026096143789094,0.1663933465570573,0,0.4855405249044111,0.41264994529062,1,0.3500141733726007,0.30894480006018643,0,0.21342583838854884,0.19667925935753766,0,0.35155773615090435,0.7662662508964745,1,0.04717201189761917,0.2544046447343193,0,0.14827304881277223,0.3845038673240384,0,1.0244337033433963,0.8063467934997519,1,0.18576111932716202,0.32711244970896153,0,0.3471209836132909,0.13837947458546573,0,0.0856434057691087,0.5586443723884913,1,0.060306444398907144,0.46675858342106874,0,0.5808035276151464,0.6505209098305216,0,0.8568012920092677,1.0649655427982796,1,0.25128012262543203,0.3611844781822992,0,0.0905744972429591,0.40399812021916803,0,0.5573085073887064,0.4621885654798948,1,0.26382186635400157,0.44813588741410254,0,-0.018390668514923648,0.11308995541739661,0
137,5000,0.6,rf,0.5371674809122682,0.012751224918407522,0.05818519637551347,0.014194419668467313,0,0.2585128959228067,0.04052922698134506,1,0.06926568842078694,0.010294672390546999,0,0.09969831342275977,0.023818221005354513,0,0.4099577894629694,0.02481654873576553,1,0.11528818390853893,0.01743264447661681,0,0.11356784312890666,0.022336978072630808,0,0.40155064912450344,0.06604632101973576,1,0.13375469493783246,0.026044514951867447,0,0.1536001429957021,0.024319903665520132,0,0.3708985870346744,0.0359203027350456,1,0.058650853641966,0.04114333583445848,0,0.10967723781022846,0.018741742334279086,0,0.3497562602311936,0.045599852032724424,1,0.05099960220268875,0.033574136876161426,0,0.0994519777996327,0.03807528439015125,0,0.9995697840650978,0.21024361383463905,1,0.08395390542281381,0.05039435360392441,0,0.10790314434212174,0.025844138255225513,0,0.5703798572677351,0.1013247059442033,1,0.14595548342483375,0.011627133184448005,0,0.06796183906356243,0.019062505349502497,0,0.3798790272570791,0.12080720204639425,1,0.10302470775035828,0.019620564667132592,0,0.08994817331092411,0.03279913591658169,0,1.0598512794170696,0.08890039138200387,1,0.06147047949924078,0.02988086609787624,0,0.08662445255649562,0.020527351388911264,0,0.6887179163060215,0.12967917978411908,1,0.14104518669665425,0.044001772460819114,0,0.13001357981182626,0.012946367368351145,0,0.37705109925651087,0.05841527796143415,1,0.0934041802660309,0.02698857326930944,0,0.11321221274358184,0.0153887103896485,0,0.46248484620703045,0.07702793234811336,1,0.16185770222327617,0.023163739150615745,0,0.09880593141055687,0.02787349858929887,0,0.713073782505772,0.1105479025182084,1,0.0965805708568864,0.021213754263457264,0,0.09249997857935112,0.02529047490864856,0,0.6863652554167736,0.0910257239364131,1,0.07820389424125698,0.0383095637862502,0,0.045510549997309885,0.020677980638505067,0,0.4066780308338602,0.02739431784552514,1,0.11651026839313303,0.020235287198478783,0,0.12535219821655172,0.03807166270769994,0,0.401204578102308,0.04507246637590725,1,0.13366491843836556,0.046708624469572975,0,0.11090060013750924,0.014852059777972831,0,0.5108741786295866,0.0501511829173627,1,0.0908093000061089,0.044461203634754025,0,0.12548674593735382,0.0263959911238294,0,0.5173354765766146,0.09434298394842712,1,0.09276767841974436,0.03794776441217708,0,0.12976283831336655,0.012317663533406206,0,0.5222278889227517,0.021122059191855433,1,0.177410257930374,0.04300853315098372,0,0.08658391857946567,0.03239017255434012,0,0.4738107709236886,0.05879210086030637,1,0.1240260839617425,0.014524917016657098,0,0.15908414830127277,0.029891076843957663,0,0.5572586449092374,0.05607027226736592,1,0.10006325237995779,0.03160365623593798,0,0.10645838436420563,0.02696452553992343,0,0.9863738149392546,0.20480534475846165,1,0.11024120873971932,0.04473665942662936,0,0.14026264662331434,0.030510460738618617,0,0.5898400882118197,0.11269253096110883,1,0.10694361982523207,0.023204098561599395,0,0.06387037507178726,0.03176018885764281,0,0.6519618824792521,0.1402451756570581,1,0.1418514116220017,0.029350256740075364,0,0.11015325471519269,0.014134347267988479,0,0.6106611293770734,0.11994874329220337,1,0.0956283319568223,0.020707402148748763,0,0.09951475661044328,0.043389814912598176,0,0.6021673674115908,0.10258699675730915,1,0.20855589680380177,0.06704254790968554,0,0.16878241398878197,0.05062371373881929,0,0.5120537232504436,0.03235011505236711,1,0.10503327863690312,0.0222501010805095,0,0.08057268549768118,0.02429513694762843,0,0.6115839613298001,0.03489405138660054,1,0.06411405779474261,0.019540792283425548,0,0.07007414695663053,0.033760921225119776,0,0.8050544646309834,0.1225802790340655,1,0.12133825061761547,0.041550427629245344,0,0.10066398895620736,0.025962954861841303,0,0.9142374145430967,0.11921231363795141,1,0.11836351286483013,0.03931967200801606,0,0.09245372586200604,0.024672293442173965,0,0.316202343254787,0.03344180158111847,1,0.1044175781676134,0.04153701275847155,0,0.08370515631399933,0.025783596572034544,0,1.0743957783215368,0.22037394866347057,1,0.1352290802821313,0.021780918681977065,0,0.10960215357334106,0.028950612426615827,0,0.44318532980058817,0.07733301003403903,1,0.04396544130046686,0.019258901683932076,0,0.0054917139367624225,0.01983998299762133,0
137,5000,0.6,et,0.5398520603496204,0.010775990948694655,0.058633967414747176,0.009988127685072823,0,0.2326524152897022,0.028098641138898935,1,0.0747057846177521,0.011351531010704347,0,0.09744669932273944,0.05722787251119766,0,0.4205345068218649,0.05079381934999165,1,0.08975736653674622,0.026015256455963434,0,0.08828028740976404,0.03787779518863796,0,0.3799293183504591,0.0402397201026421,1,0.16242504354969528,0.03425256072302637,0,0.16115333467583806,0.016279877158811445,0,0.3809823714015155,0.06140837214056563,1,0.10283146093378726,0.015958182801111064,0,0.10989989488162463,0.023148765079549216,0,0.40099570708570464,0.06948947720155678,1,0.05549792662620325,0.020055469922018655,0,0.08647702413129342,0.020717101723631247,0,0.8434289366168807,0.14116460087639995,1,0.10585463655834529,0.030911199781093582,0,0.08979581879588058,0.01320922438783985,0,0.6616192151781461,0.07884848822685955,1,0.14659983788916295,0.04281770533158999,0,0.08379839160255148,0.01898048685389033,0,0.3627773047624997,0.041564519597553855,1,0.10238255235200863,0.019317576032234274,0,0.10365390690489959,0.031743645523329166,0,1.0749218511006915,0.12962821949007106,1,0.07091324511667699,0.03797718578877023,0,0.09327607888633087,0.03173630553970171,0,0.6272459502263954,0.0988001351284444,1,0.13624617954119225,0.03615706565431784,0,0.1333267630163064,0.022971109480797055,0,0.3414145424350449,0.026191767449721147,1,0.10237234281235796,0.032008720929044554,0,0.11947264419242609,0.04582363212213878,0,0.5007069822363341,0.08823232415902056,1,0.180931150292681,0.033978443748685035,0,0.07969666312281157,0.026654650697210906,0,0.6892029416758678,0.08286024638280298,1,0.1335336523288464,0.010327495117806234,0,0.14586561482369798,0.055312726783816456,0,0.6194462144522468,0.047668658571941684,1,0.08239851259020056,0.02428505491892425,0,0.07144941174158838,0.026725542326608624,0,0.3693327432434867,0.04922314765711575,1,0.10741474966452065,0.02992483537621335,0,0.12504346483232137,0.036675516492411867,0,0.38909296840450597,0.05840460552742835,1,0.13761553638711166,0.028918430885808658,0,0.09142406646414213,0.029357024172393883,0,0.5904582017789011,0.1081747423351532,1,0.11087190578662602,0.014424562526495726,0,0.10739677019980383,0.010510872135562843,0,0.4317262843674753,0.0941566594043907,1,0.11268325205288625,0.016322141203703348,0,0.14171530316378197,0.04861090056192691,0,0.4888540596650587,0.05956271086927714,1,0.1776666817093801,0.015867860768190266,0,0.09161356920911538,0.03038845487058479,0,0.4781859882945314,0.04245041847016267,1,0.15184731864359288,0.025672648567730896,0,0.146492991526933,0.04031316545994557,0,0.6279897740678384,0.09108215364515959,1,0.08681306524009437,0.032256056488937736,0,0.11475986349151117,0.017081926846902854,0,0.7519942726778016,0.02200576165582627,1,0.15288982271938492,0.03374265992037792,0,0.14526745221412,0.05108110583592255,0,0.6452006148735879,0.08109548800969725,1,0.10113428459980997,0.05020764644225925,0,0.11054635346192132,0.03490224455862486,0,0.7037697820671476,0.06947645456268954,1,0.16018569166676358,0.024463895557823714,0,0.15809229128502617,0.036080753469875916,0,0.6737829645403458,0.16818060307792038,1,0.1006632349191807,0.037620647170664955,0,0.10431805535864794,0.04846655661329922,0,0.6475908856852463,0.047013201863720884,1,0.16414967311378592,0.04276424026013868,0,0.15850631395921733,0.026533531812947587,0,0.4316431500258869,0.047311442433851505,1,0.11928155941366514,0.04324361845900281,0,0.07746810198566198,0.0336843124386281,0,0.7100403672723312,0.10530113598358526,1,0.07429527464377031,0.027629968286683355,0,0.07771757422161546,0.011995238238961594,0,0.8109097793969585,0.14929464238410162,1,0.12427236598686706,0.044388664513678386,0,0.11476621435027548,0.029896686201374097,0,0.940867667895622,0.12065766152489116,1,0.13098894653094645,0.03837827301791979,0,0.08898694211410133,0.02074889613638663,0,0.3679539453129473,0.02885727889588885,1,0.11210212669239464,0.01225111354309756,0,0.09727484775394263,0.024152027425779078,0,1.0384067282098908,0.1966477971742781,1,0.14353531397704766,0.03451244295065945,0,0.12346222059059968,0.020326446900907173,0,0.5193507412601561,0.03347817592631408,1,0.043284096873663094,0.023901224032243467,0,0.01849372818344821,0.015583093217417463,0
137,5000,0.6,gb,0.714941527400964,0.0076646508537253875,0.0009958204085055654,0.001991640817011131,0,1.0012890616370531,0.08009606861294885,1,-0.0008491169501399157,0.0019306670909949226,0,0.01140169660658755,0.011922178013423247,0,1.0632356762780604,0.05173229045580156,1,0.0195228505183073,0.004726705162015132,0,0.015614805988896493,0.010730450200491671,0,0.9228890702572489,0.0639906864494802,1,0.053844447318448216,0.01712528859846293,0,0.06479853523412071,0.041693011993261385,0,1.1420333687690196,0.11752476306218229,1,0.01827543479994054,0.018575943151909437,0,0.023031499538051614,0.022097983208630455,0,0.9868692467817228,0.17334210711574438,1,-0.0008378053258224155,0.0012772157884834762,0,0.004290120298118055,0.009217170085929736,0,1.3967767666272792,0.0861812913717801,1,0.011244120742624425,0.008979991795909595,0,0.039554894933450074,0.03399811711556051,0,1.3090225451007975,0.08998942314960195,1,0.09641594172322596,0.03672867644131305,0,0.006786556167657806,0.006321439842530007,0,0.9303427279193848,0.03946070112263622,1,0.020161610567622952,0.018508787384715574,0,0.034250842960647294,0.029684493489876868,0,1.444224903034176,0.15917966945911743,1,0.006063004497474793,0.008062572102530634,0,0.015386432574179446,0.01028048502689938,0,1.2536453476389402,0.12142622852982876,1,0.02417577416980726,0.025099586561225518,0,0.035196510110083824,0.03418338067005939,0,1.0872860182200585,0.11331565277366425,1,0.005244307772198979,0.006904154459787673,0,-0.0005192822870576279,0.0013561591333040488,0,1.2438030709871675,0.12193525499285468,1,0.09735997566005244,0.08018952366439537,0,0.002602613917354702,0.005307980203931552,0,1.3074649359820412,0.09373353984683294,1,0.03406390804022369,0.018913777012550672,0,0.01082192180173766,0.009555109142599341,0,1.4149425466855414,0.0824784600787805,1,0.012916934734902661,0.022060338762578253,0,0.0009309590541860828,0.0018619181083721654,0,0.9746997244947007,0.06409121202192226,1,0.007847295751687711,0.01773886685536729,0,0.01564795889731296,0.023143219402378314,0,1.0831011614865196,0.13751038645458546,1,0.029185880861968827,0.0332418488757429,0,0.028616970458255436,0.023907264239949256,0,1.162274268515215,0.11044889280378847,1,0.016942446011055642,0.013356812403852331,0,0.026759901628531823,0.018788364884717815,0,1.3213380204010814,0.111836974420874,1,0.0032256698263354554,0.006441748938305082,0,0.010803892461004386,0.012403074019339282,0,1.062201848946635,0.123268148419496,1,0.1250038208386697,0.01855114891561766,0,0.000954175594288216,0.0064916748138804554,0,1.2565104928797062,0.09067361842112066,1,0.012785613180572733,0.013729302523767768,0,0.08132877725452908,0.016672948569365433,0,1.242885248279455,0.13315820031676084,1,0.013794685046260049,0.013362293616257388,0,0.009617507798448499,0.013399374453749674,0,1.5094116067315482,0.12028013254431998,1,0.04544658856629239,0.022231209040708404,0,0.032409705672532665,0.024333143586014846,0,1.1588028599684075,0.14390065956219364,1,0.007939705375927104,0.007906202897825591,0,0.006837464368338793,0.0065868852313606405,0,1.4834833201093482,0.08422504930150018,1,0.02730539025653153,0.029362830512075687,0,0.012353113371556455,0.020335295674861118,0,1.3019150593046933,0.08768631164997079,1,0.0030518053856451815,0.004719053197050648,0,0.012431216133621071,0.007681244893564276,0,1.1204421131717341,0.19887097575940157,1,0.09400549262605515,0.039450066098591335,0,0.08497057297180788,0.027541932339323245,0,1.1288605982866566,0.07543859715207554,1,0.019118907303060144,0.027307738274993776,0,0.003895510439628367,0.004630312382055808,0,1.2995282322042034,0.23275955012174485,1,0.0060485743101335605,0.008674621075613696,0,0.004367337180558188,0.005366821614535298,0,1.3854947874240877,0.1102682010616282,1,0.025162281348920228,0.022832273796881138,0,0.013176380850097553,0.019209405476277672,0,1.3773618651014188,0.07470776522337114,1,0.008711982023700528,0.012555204145668963,0,0.0005500880956498051,0.0008782281900714253,0,1.0612100784592466,0.05503666675448661,1,0.02285854559645554,0.008204672922623708,0,0.006517870365614939,0.006712792382299921,0,1.354991705384171,0.09698039692234077,1,0.03817314455908131,0.02362195158865979,0,0.0330461850538729,0.012946221585571434,0,1.1446104977649822,0.14641048819923036,1,0.003083171813558245,0.00616634362711649,0,0.0,0.0,0
137,5000,0.6,hgb,0.7848323759737695,0.00857423615432685,0.00941045440857608,0.005422254403525636,0,1.0949085996602743,0.08059609312608926,1,0.031740739776600996,0.017551193988107883,0,0.04263644555645555,0.024007099852774216,0,1.0654602157061663,0.15007046974845062,1,0.023740387098200703,0.005469744815997069,0,0.05370861318847436,0.018880609242450646,0,0.9856827816374498,0.08199964836336048,1,0.08527567928344956,0.03894641497080979,0,0.0656089830056458,0.029544471533666683,0,1.1374119370386389,0.21616031577415437,1,0.04320349956279514,0.02234130108952401,0,0.03964721742538583,0.02904022813828668,0,1.1735554884715649,0.09450933026372321,1,0.011352349584558333,0.00829107807994973,0,0.031571447380595884,0.01733545607619932,0,1.4962681882213384,0.058428748446143465,1,0.02568780658662607,0.008225659489117545,0,0.04036451342317924,0.016547818182224058,0,1.2815834346293076,0.05693885174582115,1,0.06908205580593244,0.025915432354599435,0,0.03144817558532683,0.016233387589519376,0,1.0201840223473257,0.14531336621669746,1,0.030374957408278523,0.01159605142346117,0,0.047347977576707084,0.022972330681007323,0,1.4746240890719648,0.09317979776769167,1,0.011747903762552418,0.011707818892897435,0,0.01197845101450892,0.01456404142349525,0,1.285152737531663,0.10387971550990273,1,0.06361110797906092,0.00974472974129385,0,0.07260665732787376,0.027250095493911913,0,1.1251997188761031,0.09197230106521798,1,0.04096679641313066,0.029590135595756465,0,0.033008965096552365,0.008768914383773366,0,1.115777255859543,0.12230862665641537,1,0.06782619339880998,0.054623020847744716,0,0.030372643722176174,0.020671837978159965,0,1.3724557518428626,0.1482196355122347,1,0.08499105564689116,0.05436954963956924,0,0.03880585352230967,0.013789806684929823,0,1.4279256867700247,0.08743290485108597,1,0.022512892206389565,0.019991090188521896,0,0.013593377099640059,0.018837965281385424,0,1.0669226847981406,0.13133481486707504,1,0.04406476203536825,0.02948250489851257,0,0.04869576034327835,0.01415712520700076,0,1.0254025846254848,0.09047501913559133,1,0.07590913185894924,0.02615239083481025,0,0.05803540314920717,0.032690570697066004,0,1.1643536856768946,0.11467636484350333,1,0.046581452558740064,0.03458412117304762,0,0.05461212120988779,0.025116368896653585,0,1.3632726764222263,0.17972776212815994,1,0.03834017563076984,0.01561633431291736,0,0.06602885681590889,0.03943683594950608,0,1.1453436046517225,0.10299505986074081,1,0.0861421637586551,0.02633015799808209,0,0.03129227906741735,0.015528606785330981,0,1.135345054333383,0.07614860847288245,1,0.05686266932539239,0.030748848704583543,0,0.09964583653435065,0.03315711316783641,0,1.2647674887329334,0.0637535277321336,1,0.036259232539395295,0.02775678300152294,0,0.05995644625771233,0.027404860120926824,0,1.2941839336630723,0.119522818785016,1,0.08849997612625744,0.010883552136882033,0,0.05795390916159665,0.013053127147420811,0,1.1789503683036335,0.09199976266000125,1,0.025200714441598694,0.02313984870730039,0,0.017956506570684424,0.010015929950264516,0,1.4132997241847878,0.13684279081445982,1,0.04370904108908952,0.02078735926044472,0,0.03690117724259775,0.028985466634465034,0,1.3580593473688756,0.06965743456850763,1,0.03199782190981554,0.016733122292300253,0,0.04120732398160097,0.03672923021566639,0,1.0550481790835389,0.11492845905824742,1,0.09609523541881036,0.0536168122359916,0,0.09133821881112511,0.015299179639724736,0,1.2259029326924076,0.051683720816424944,1,0.01929177822070399,0.028378376806064656,0,0.019142800875540673,0.015013777773317374,0,1.2884139168823765,0.15335230880078352,1,0.019172799366673998,0.009710253724183025,0,0.025591943522676804,0.016352255868670937,0,1.4616809852029418,0.07580562093990434,1,0.03692893194529305,0.02948712976986221,0,0.04554849221917712,0.02210920985888997,0,1.4197342246278934,0.14499274124704456,1,0.015589398935342651,0.004974774521769866,0,0.018026688473799738,0.011397512868761355,0,1.0662138138718125,0.11022747133109373,1,0.06767824060290023,0.020004152607366783,0,0.030439274291525254,0.007642676980570634,0,1.398222732130921,0.09791136356903431,1,0.05152929200380317,0.03196582668697309,0,0.06305673859353321,0.023722908233347578,0,1.1555893131055235,0.08970711809850598,1,0.007278431853379494,0.0028402718883685928,0,-0.0020801923052630187,0.004472312610245597,0
137,5000,0.6,ab,0.5438996030277756,0.019112020878200835,0.002595817470067047,0.005191634940134094,0,0.6256745241837092,0.12127612456448174,1,0.012823471201797715,0.019247717284982604,0,-0.0003884469547210192,0.007564190516616944,0,0.786120435313822,0.13431103292264882,1,0.02734189697919881,0.05032218159918936,0,0.02688422941895412,0.03001890097804774,0,0.3480741599436755,0.1333984448718857,1,0.23109172416352855,0.26809252631646174,0,0.026788204339668043,0.027693942839069004,0,1.0126241940474445,0.35229728405296434,1,0.0007892346047999724,0.0015784692095999447,0,0.09867479175846948,0.07705910764182564,0,0.525481049825348,0.19886044539907702,1,0.01786628988572815,0.02209654943720442,0,0.021107217271295255,0.02517335695987768,0,0.9659370249036107,0.15313476402542012,1,-0.0006727243725697607,0.023918081128274316,0,0.24465489616821068,0.216611616733911,0,0.9697216473107566,0.413699581857409,1,0.149345347097895,0.03960090650830474,0,0.0016999350528031129,0.0035166062223213994,0,0.49478533935959546,0.11144494724070236,1,0.16174518927321882,0.14130348413368343,0,-0.010636297356816002,0.021272594713632,0,0.8164055564226551,0.24165059155779706,1,-0.0007669893870944405,0.0010192421261650056,0,0.03425795732708205,0.06163847621353384,0,1.2760556964632697,0.2392822893154879,1,0.023597786297679918,0.08413145711675138,0,0.08229991531734063,0.09262308945907756,0,0.4708963421419664,0.15890779251837997,1,0.09600837620222931,0.14367078537825487,0,0.06593012016651992,0.05386204944453774,0,0.5459106681217645,0.14665853955435648,1,0.040034113821950115,0.03575595261112948,0,-0.0032135356854212627,0.0064270713708425254,0,0.851686694514053,0.24848908152940252,1,0.11109485127559796,0.06965420634770184,0,0.021657885442159124,0.02723297740154953,0,0.9634750098238563,0.26346048118763393,1,0.0009598854040432486,0.001919770808086497,0,-0.0012878089683537295,0.0034715969679102072,0,0.7869102209446476,0.1944435232023317,1,0.016843017544727078,0.013674652269288205,0,0.0014586680768401692,0.0029173361536803384,0,0.44490240336266373,0.06555544157917431,1,0.01666193979447607,0.03332387958895214,0,0.08875842105151079,0.13396743653355883,0,0.7851222659932315,0.14150968898948735,1,0.0893220787125688,0.10243277583315903,0,0.13809564040182312,0.10653089248662773,0,0.6178076302125113,0.10684793319416525,1,0.03547270097686622,0.0482615503171778,0,0.04533211154905707,0.08225775190683889,0,0.8048016640614625,0.22474784642966494,1,0.11491827406499774,0.1021995431260745,0,0.04064662939885015,0.030542324059524846,0,0.9611928503294298,0.2163485990464272,1,0.001668590021706379,0.00787947226311874,0,0.109333368984015,0.1032699357862773,0,0.7404087416489775,0.352433015223861,1,0.029060993372746334,0.02443564972271653,0,0.02215993035551398,0.03987942056697728,0,0.7221402216384893,0.21786694559738384,1,0.08119177632532433,0.12375003145259161,0,0.1659945164685647,0.09387291699390218,0,1.1578759250295025,0.2990353661825966,1,0.0,0.0,0,0.006097228714481871,0.01773025599704208,0,1.0251599138791299,0.40179780563003303,1,0.0407549221773618,0.07075011327416077,0,0.0861274951585979,0.0785018530974606,0,0.9912435198228238,0.143790136789681,1,0.04347022479571955,0.043310387781930776,0,0.04180157004764688,0.02913112446178333,0,0.31539585002776366,0.15797449346486003,1,0.10664721970433881,0.06591708477293455,0,0.08118966104968761,0.07240900492584745,0,0.36255825811491815,0.1420952955434005,1,0.10538742394066207,0.09043537255955841,0,0.06950772033227544,0.04308943706076571,0,0.8220514017754704,0.44844303267756097,1,0.0012762067709804939,0.0025524135419609877,0,0.031637906767540344,0.05593795212962219,0,1.8131952107452718,0.4976950903586233,1,0.008093077423699099,0.015473600699209309,0,0.02955390737088955,0.039131639698742164,0,0.9827974781946163,0.28144742298521996,1,0.0343332768279722,0.04455211396376502,0,0.03011279185224087,0.03791678594085735,0,0.5650025073334832,0.16219066759105236,1,0.06864847242139331,0.056584926245352704,0,0.09625824050250721,0.16174377337671034,0,1.5273407618460997,0.4155476826810663,1,0.06287825549839816,0.060241968502770527,0,0.14742212777343192,0.04818758387210015,0,0.37433728054221593,0.2697000231147077,1,0.0,0.0,0,0.0,0.0,0
137,5000,0.6,bag,0.4604063678159835,0.024386709013348086,0.051294532080375196,0.060089564137398126,0,0.29226766972322193,0.1658022746793551,1,0.04381982313180697,0.040593520909496035,0,0.09096120490246687,0.0674958142523188,0,0.44749182237550933,0.0860021343223492,1,0.15199619813494447,0.03693580177767445,0,0.11480625237113629,0.08325132100347829,0,0.26931709725093184,0.11470895578232525,1,0.06459965306656294,0.04166166915720041,0,0.12020810446449645,0.1140477110685505,0,0.3738046069326084,0.08504385143697121,1,0.05193497595158954,0.0896955494019119,0,0.20290204587555044,0.06174717190736819,0,0.2854927638920753,0.14544767378183437,1,0.062029702283418885,0.026178003267415637,0,0.06320017698383167,0.045865636681492815,0,0.903273155396637,0.36186371389137073,1,0.07632366819121335,0.04617398007198616,0,0.1413256677684385,0.10968251847938713,0,0.5539790878100007,0.3088001302057892,1,0.12207084260183251,0.12207601335191992,0,0.05943765856207213,0.04096493226635123,0,0.39290680578277215,0.13718590394731434,1,0.10040835283665817,0.0741700551984324,0,0.1434528722224587,0.09872066030464138,0,0.8601314005426005,0.5843612472098362,1,0.031847235418659366,0.09529730012880473,0,0.11865662458766402,0.05706465787700623,0,0.6234209728350745,0.2729694680734751,1,0.204667141994407,0.1208307810448866,0,0.07409723201660859,0.045803766887565045,0,0.35141193629342454,0.1688550037623114,1,0.11008946166058249,0.16110955844583544,0,0.08412727176360593,0.048292680817531554,0,0.3978309913773695,0.09182766468078467,1,0.1766660973542791,0.09133464789267305,0,0.1321182929589491,0.04426620286742579,0,0.7352998219804252,0.18711902202242334,1,0.10779075507285854,0.04858170609170249,0,0.11047235943211083,0.08669361870818112,0,0.5807162838013344,0.17755777729480998,1,0.07956279672964627,0.06132305146055724,0,0.03394623585462618,0.07263179672413086,0,0.39302222313143326,0.03607915419262017,1,0.11972592239854538,0.05705977813864171,0,0.0521176324776656,0.037106664663899926,0,0.6457852733648053,0.0973033233681117,1,0.11075132635973658,0.06213230975586615,0,0.15318398586026735,0.10451468276548556,0,0.5216861528199482,0.24175726253630664,1,0.054230394165199904,0.06380178354013659,0,0.08321703895824148,0.0523491776682652,0,0.4750928592828374,0.19830341854357517,1,0.13515619409872798,0.06086056590048048,0,0.1680790567558371,0.0775657718745815,0,0.5251876057425321,0.17622356027311956,1,0.19933774402936075,0.166243965992243,0,0.0652847957760048,0.11047972361191097,0,0.4181186305717544,0.20339501509750052,1,0.1939138563103699,0.119523422513219,0,0.14843269327075853,0.11799308721571447,0,0.48827977654145843,0.22075830166825702,1,0.13041239389928141,0.08756546336937648,0,0.2488711817053117,0.1328738285367535,0,1.0326342730439588,0.3747345150423729,1,0.12475084469202732,0.03043655999803983,0,0.14525284868034163,0.12151312794206362,0,0.7451372817875408,0.14356774367275552,1,0.14478729686822242,0.11442051350315459,0,0.02567634794674059,0.050775230702858914,0,0.6255576010436759,0.19636376511579756,1,0.12550247208433496,0.060180908886202214,0,0.06604304846521718,0.0367135633998582,0,0.5785736296388018,0.14036631205011998,1,0.09100073975791534,0.0648183039028665,0,0.14951199936261458,0.09976029919293179,0,0.6582423899723346,0.06528366394407646,1,0.14473859720965673,0.09686918847597985,0,0.11649126616390189,0.10174195101147067,0,0.3946934689387296,0.19378666388401344,1,0.06408693917110725,0.10962971554322487,0,0.13029088852712956,0.05269094425244962,0,0.6769098476539521,0.222431463642816,1,0.050556936514581055,0.10930794546800425,0,0.07159135772927343,0.024899883977390055,0,0.8684790164070917,0.41361061356960915,1,0.09994237001830923,0.055009585197167345,0,0.0894327670711041,0.15080864094624838,0,0.9391505114378804,0.307140393295695,1,0.09220762528686341,0.05754750143735975,0,0.0713409742638397,0.04315028483168562,0,0.3113116214261492,0.16952792704913375,1,0.1230985446991687,0.1418966173736057,0,0.07909081460845527,0.056843399285251915,0,1.1394193587592532,0.21711915409201904,1,0.12037800276093384,0.06663515145410616,0,0.06235013526847229,0.059021987708593265,0,0.5907860210790211,0.2416769347747708,1,0.04792489889957197,0.04271337471283498,0,0.016033571286690973,0.04212762399117985,0
137,5000,0.6,mlp,0.9581709536613137,0.002398349643147157,0.01673165039650277,0.02068061895585843,0,1.9991144738722437,0.02861708620253921,1,0.01948043087593868,0.00825083874412252,0,0.006428822375830157,0.01297611942212616,0,1.8158975471199443,0.1389687298886778,1,0.010359286563568635,0.017550670658617887,0,0.03838652201339659,0.02876869437346132,0,1.989258029767258,0.0891192809103444,1,0.0161257312136599,0.0109365433937603,0,0.0249759032204876,0.012285710435251201,0,1.825913844189823,0.0638320141504157,1,0.019097623160027177,0.009462844021518615,0,0.012944756830147692,0.014546956748338415,0,1.9229445277560082,0.14423198266735543,1,0.00310769237426247,0.015538267504738221,0,0.02834210341977708,0.013544435244821868,0,2.3048743432069143,0.1281868464568983,1,0.018265076412801652,0.02566122097990716,0,0.018020435049203337,0.028081264406430287,0,1.9544045421090028,0.08221042624510908,1,0.016670363114521795,0.01594808739706548,0,0.013243906353309843,0.018063813747544177,0,1.9900700795437352,0.1517524129304449,1,0.024084000706102174,0.009577381134944662,0,0.03349619543242614,0.022671570570822794,0,2.1690717574348595,0.104591175385413,1,0.024438745197888165,0.017431592101529725,0,0.023241770885731223,0.009979550903207518,0,2.0605360273592375,0.05257509283653753,1,0.02783057616747709,0.015489705872383372,0,0.019238761417566533,0.011036832886262907,0,2.1217182649319555,0.14739521337153683,1,0.01010555736409222,0.008931998470346675,0,0.011767032444347772,0.010471799008406486,0,1.8183071268863187,0.0743293253492978,1,0.02312818897229655,0.011661764431664837,0,0.03126077389505525,0.01449492888492843,0,2.147663084337479,0.08412246531711727,1,0.022911312693654894,0.016770470860366034,0,0.005078233811743144,0.009472881744227645,0,2.1417044988726346,0.09671516235121351,1,0.025978103321412694,0.014897885515926627,0,0.03973458828945756,0.009050702201530545,0,1.9795563248377679,0.043517816019870814,1,0.03808792558113325,0.013262299485621347,0,0.012420992053130629,0.008876931400616397,0,1.8618836410644921,0.09255497770439451,1,0.007077960952113131,0.021759083428354066,0,0.012965221426114896,0.02532953774116826,0,2.0203391619478586,0.19002231545003198,1,0.026799404329459642,0.020950234039251267,0,0.016524556359471407,0.009394210949879647,0,2.0939455788346573,0.16862477542533447,1,0.01587761759791214,0.0295122914114884,0,0.02294594098583608,0.012163464312866877,0,2.19238139315895,0.08836051070547493,1,0.01529788783718305,0.007067931613069875,0,0.0007307053129651097,0.021423909928295043,0,2.0510739053086757,0.1442865190085351,1,0.011844574143350951,0.016979763999676465,0,-0.00315768236802682,0.01877131255643525,0,2.1092706279314735,0.1823205477663483,1,0.01741769194824879,0.02441780284549758,0,0.011051925209034622,0.010772671179001946,0,1.9796442101746414,0.15268073721827108,1,0.021912938000285726,0.01840949127011384,0,0.008282541125184631,0.017493774846671188,0,2.159805386158043,0.11076346703217513,1,0.029110817734167006,0.015378392497389695,0,0.006173800418412903,0.01717883374633449,0,2.111912360412041,0.20276341127232508,1,0.00488168073726486,0.007822572731340589,0,0.018484123868311282,0.018894346345924646,0,2.131205128903522,0.1408014906501867,1,0.02615364777307038,0.025229864668016754,0,0.038901403313059524,0.02384962961344243,0,2.15240805044745,0.07122404260877492,1,0.015076576176807525,0.02552033737347759,0,0.01720001657162882,0.015168154474258967,0,2.1764802486366563,0.15917848078007674,1,0.020677903189574166,0.015560786284151905,0,0.024426072301190076,0.018515166691933923,0,1.8923741878319795,0.06727192617376328,1,0.005727872255184944,0.017474358985652017,0,-0.0034547057229864266,0.005589027071734265,0,2.023760040662446,0.1576969318636946,1,0.03080580562775335,0.0209679351401208,0,0.02469147754404222,0.010733290968787543,0,1.9551604395615,0.16163355414598393,1,0.01753806280522888,0.025768849712762856,0,0.01634077662582143,0.02284285113120811,0,2.171881690851216,0.1746722331138188,1,0.00884327738075973,0.013735888596027895,0,0.013031767414426163,0.01428698443746287,0,2.269670426951309,0.1359631244134027,1,0.01606090197857484,0.019383184900593365,0,0.01588578754358436,0.018242309361186086,0,1.866064721810999,0.10528668523883519,1,0.009616277164939919,0.014603413546870045,0,0.00374139983308574,0.005795743257887628,0
137,5000,0.6,svr,0.913405008421669,0.006808603500994931,0.04186285163175734,0.007258156456368323,0,1.2441985217897922,0.03676444301899137,1,0.02232148376352398,0.011318008456758837,0,0.0023946846238973455,0.013833197069167502,0,1.140510919360025,0.04422585764549013,1,0.04392104987430538,0.017598027873077453,0,0.02800405136371782,0.008337185459350829,0,1.291015700262855,0.05712362110798818,1,-0.0022053902727732348,0.019893885395539594,0,0.028820350596267735,0.013184458630466004,0,1.1045557589450727,0.06856447474253967,1,0.025010770156431723,0.012701133534239645,0,0.016676105317705765,0.014849259947577647,0,1.4918569958095078,0.08644164269665033,1,0.005983964066902702,0.01920598518860184,0,0.062193341057058114,0.03330045605966705,0,1.3655429895207012,0.11129789587194443,1,0.022488613048872584,0.014289750852007637,0,0.031257748689162416,0.02325131800260622,0,1.2234087493979144,0.0841038010172598,1,0.04374110986571651,0.018421969734493993,0,0.04367165737879578,0.016134576850302933,0,1.192904585392186,0.049133055876916354,1,0.01861944315277129,0.019714583161744265,0,0.03326903048148755,0.005252497804359606,0,1.4091418875123873,0.06597944049943064,1,0.007068021565610047,0.021622508719619647,0,0.03948340049497222,0.01589252855079487,0,1.1699572286928523,0.055080993959881586,1,0.044061444767861765,0.012316725710904433,0,0.04811866048906406,0.016103375906013614,0,1.3259410322880647,0.05236102025033737,1,0.03829324055557834,0.0196497498044621,0,0.0185778074586884,0.01882314074375954,0,1.2937112593401632,0.0598465230386421,1,0.04602319103156222,0.0033396371733915055,0,0.002239546491733058,0.009493573835433073,0,1.3372714517775717,0.07986329371298392,1,0.03883592877262564,0.015950952851927602,0,0.017754365189206717,0.008950816177526836,0,1.3483102000813847,0.08167834834946654,1,0.0276710872843642,0.007422456663846312,0,0.017212169465135613,0.01670851470683751,0,1.2469638447596618,0.10346738438190337,1,0.03649365440974337,0.017371915093365043,0,0.016394078994654084,0.01702759499109944,0,1.17567096140734,0.0783579654015945,1,0.019058779451891404,0.010828955619892585,0,0.0028071770548543035,0.011031612140020134,0,1.315074146644971,0.1418441290052433,1,0.009835669010079056,0.0059129293315291955,0,0.022181153331357634,0.012497592677435209,0,1.2331037231771846,0.09893433495733338,1,0.03627516016167789,0.016750053122266483,0,0.031715435807020985,0.011694456283100608,0,1.3471570783728892,0.10279380642665031,1,0.03884995975626015,0.007529862709534331,0,-0.003633018021966347,0.017670094823387196,0,1.3342641753860423,0.06793279032359859,1,0.024057541165162337,0.01513643270866682,0,0.046950224435010214,0.011306046927553529,0,1.3832935051102202,0.08976867921042835,1,0.019087252567721473,0.007314361768649995,0,0.015105127068680996,0.019711276942170137,0,1.2178374942054966,0.0955609067824083,1,0.04004121629302417,0.014230249103400852,0,0.032962604364393494,0.01115283641081117,0,1.3947825331683688,0.0352002342561288,1,0.05027028329185179,0.01761204998980162,0,0.008857893821023111,0.012771210072779796,0,1.3951909067007855,0.12741311241298417,1,0.010549183449551717,0.01510886849149603,0,0.05476734531850265,0.020874021494846982,0,1.3493579935909896,0.10298326872934731,1,0.01434972315629755,0.023107255803204243,0,0.023584584523597768,0.008256193714742077,0,1.3610242267143366,0.07712747016990038,1,0.05794863976644734,0.03047863845148891,0,0.025052473769878607,0.010188484704430512,0,1.2770275316044724,0.14775688577429372,1,0.039567903525212014,0.029657938660533185,0,0.01722393662936219,0.01654378914285952,0,1.336773130372991,0.11245530237689787,1,0.026925413143643644,0.02575154866466882,0,0.029094488268222928,0.015916218745830185,0,1.30064515625851,0.06287685915013647,1,0.04610494428514987,0.021426585082975406,0,0.0514045475182854,0.010104417770647722,0,1.2549132229432243,0.07295605735315773,1,0.005582620906965443,0.01678661833836975,0,0.03258512581949531,0.010181105834502123,0,1.2239397446475957,0.0633195070137431,1,0.02194603148793875,0.017968438471850277,0,0.032293800195883335,0.020252741715883378,0,1.3502338835161756,0.08858905375134356,1,0.011411545832738824,0.007014861349139318,0,0.039614058619108786,0.009351581505765748,0,1.239868386174296,0.061628254981105884,1,0.03439962519035664,0.01933116022940574,0,0.0016765826488713998,0.017596808510195034,0
137,5000,0.6,knn,0.571471466167717,0.0066261793475738545,-0.18997909755904682,0.17617143422505988,0,0.22998476012578645,0.33496321333756884,1,0.005277514900864618,0.3674438352879978,0,0.14783779122153348,0.28196246368052075,0,0.4592174494550016,0.25967852386714785,1,0.04104778404874647,0.3076687677778522,0,0.0254741379222142,0.3271932368734559,0,0.3462673732839528,0.29262167543543255,1,0.14044435972902633,0.2337536848075648,0,0.3144416860728606,0.322102187974152,0,0.3940252255854541,0.31611631313347116,1,-0.07958161225667407,0.19537881255192757,0,0.05132964944446725,0.29081408580232243,0,0.2820789151090928,0.30437406094331854,1,0.08174474190555117,0.2612208090642244,0,-0.02117737371046568,0.2921301432489653,0,0.3700594161061236,0.30565341191375234,1,0.2452241253080933,0.3190683981217503,0,0.20325448946559116,0.2223716303074836,0,0.2701183173544814,0.3696215612662044,1,0.060482462223060876,0.18995910533520358,0,-0.042280995451265777,0.42521105589124936,0,0.4489198713685682,0.19050159950352438,1,0.06382409742307632,0.24859927527597175,0,0.21337855006982814,0.3600297762841154,0,0.5256631888686313,0.12238764115851387,1,0.09246898417822957,0.22663338504750302,0,-0.08877614282614296,0.1196308440291009,0,0.339153296598008,0.29087311033308566,1,0.08483389873544198,0.15459063305734044,0,0.2731240247446859,0.22565859746081007,0,0.24978588133995389,0.20055738914766208,1,0.15834943668871918,0.1783124725719805,0,0.03529514008895635,0.1808550217145209,0,0.3209019967553971,0.1699927187779666,1,0.177078732082965,0.29230612197654626,0,0.026973037421583124,0.19193255175294235,0,0.37515321143622177,0.2863520881279047,1,0.07467080740699852,0.1302425416019334,0,0.1299459592288847,0.21587575013350108,0,0.43108502116003855,0.20632281051366977,1,-0.01883185405335881,0.30461164365647964,0,0.00746013880240391,0.22310646877296758,0,0.17090184031505162,0.14505174544689653,1,0.06926693731234843,0.2665616352336372,0,0.14279992751462506,0.2539468833465118,0,0.35572646167890876,0.28360514299979106,1,0.09698428323472644,0.3475851501077528,0,0.21538290853724304,0.1774587934788802,0,0.3943616600177508,0.2374446988722209,1,0.15272693166556708,0.2838213879988656,0,0.081765424066772,0.26832610547718955,0,0.4479326265740339,0.14524286517709675,1,-0.013831153348927127,0.21128183528401598,0,0.1747230184158663,0.26156593860219995,0,0.2915911916939183,0.10766571436997541,1,0.010212101995455133,0.15167138817553003,0,-0.012637443436607807,0.31841926991477165,0,0.27959761306028985,0.3206903078041202,1,0.11195131008285061,0.1632015500985023,0,0.1461433130718027,0.2141170227106243,0,0.42292605353399315,0.24771993787659732,1,0.10501962477019737,0.2444874364603268,0,0.1800437393357246,0.21587922308034038,0,0.41990593495099393,0.10789858333067387,1,0.15225049286225198,0.2618058605881767,0,-0.07114986182133581,0.2996496270507912,0,0.38906869947981504,0.2514765687309224,1,0.05634457564807142,0.1256437398850356,0,0.10642089276030316,0.2631450188201204,0,0.5352862104701376,0.26668954762217983,1,0.20774691420569372,0.28833369351249255,0,0.2872436643153501,0.36655169299198953,0,0.4303857926133743,0.2530918139289525,1,0.15276025021035888,0.19686108256601534,0,0.1475648163978091,0.3759530254141336,0,0.2859604314121743,0.2976306799532507,1,0.13992294921959755,0.2863410349177043,0,0.21032773662461568,0.2583107014725058,0,0.36141149088942126,0.20837564741882714,1,0.16525625535884322,0.23981074290724644,0,0.10571660718749668,0.30601722253093483,0,0.350202686196152,0.39209899127749437,1,-0.0612977950215123,0.31522948434452647,0,0.08667322249235479,0.2526102626362893,0,0.4872143341531108,0.16130763657677327,1,0.07818349109858787,0.22235696467959176,0,0.1371254491850953,0.2647709446880607,0,0.3841446866518378,0.2222142004042259,1,-0.01431860637940897,0.41939871442471804,0,0.19160739366411766,0.35794493693654295,0,0.3425582096238827,0.15575145406696697,1,0.07376370541824687,0.2585564448850333,0,0.11678817819900315,0.26613763219811565,0,0.4495380346960518,0.22103526902786094,1,0.11158785173193167,0.18818826695491256,0,0.14105449301756073,0.2224810544133326,0,0.2754159687283036,0.38432750702726143,1,-0.14062310472720888,0.2780111788828976,0,-0.03257481362136644,0.2203665758467627,0
137,5000,0.6,SuperLearner,0.9792393340531161,0.0011421831091608919,-0.00024845905061763934,0.0018241928474206305,0,1.997615026377023,0.059607399984522816,1,-0.00035592668188736635,0.0004096099234772276,0,-0.00029339677373532735,0.0005710022699975229,0,1.8710530262534433,0.10108475720308296,1,0.0005444121286397996,0.0013392012753680716,0,2.9692544926331455e-05,0.0003885609621578295,0,2.0522550535898607,0.05587802921447603,1,0.0003063125134979372,0.0007287668814520808,0,0.0011135767549491147,0.0010117153740075186,0,1.7837958706204262,0.07163432777434998,1,-9.356485065656673e-05,0.0009444522466115597,0,0.0002809924035156204,0.0022428073315454043,0,1.9734203214121724,0.14833602147450595,1,0.0005172413114257872,0.0013764862812299474,0,0.0008787264500960063,0.0011267959819764959,0,2.1387295500910244,0.14877776360223344,1,0.0029357024739987136,0.0017048620626917694,0,0.000598014227463457,0.0007599741379486484,0,1.898400673967204,0.06611980103294683,1,9.550048865161778e-05,0.0005769269301481423,0,0.0007057683376338377,0.0010500295914620521,0,1.8885210654132858,0.07984923450952243,1,-0.0002714516628740094,0.0007516320037916529,0,0.0006326743019435903,0.0007980454516216981,0,2.048630892125709,0.08225882276831753,1,0.0030315319818735656,0.001811364729090549,0,-7.283375589895469e-05,0.0008290148505093448,0,1.999269913444963,0.04731102408705826,1,-0.0005077143402272158,0.00036459880930187643,0,0.00039545607227097526,0.0007987630576079414,0,2.061777450793034,0.08426330066902256,1,-0.00013042150897615425,0.0003656594170887608,0,7.087883604631616e-05,0.0006511123343727292,0,1.9620344129413325,0.09808555294928402,1,0.0011671300226004798,0.0009264440021062063,0,0.0008255112273479077,0.0010218781580879559,0,2.101720152642254,0.10265079038488453,1,-0.0013071508297940035,0.0016902269495796358,0,-0.0007048494690858505,0.0006148320571799763,0,2.113116279052933,0.03135702028291121,1,0.0023789393246450336,0.0005868420353617266,0,0.0008460807785323849,0.0012834247327841396,0,1.9823569656814641,0.08834161999634198,1,-0.00011015229122264403,0.0007396675922309644,0,-0.00012821023949539213,0.00043025369199312314,0,1.8892579283812032,0.05781483583147462,1,0.001725087437955071,0.0025342142669271925,0,0.0025871830258896557,0.0026602589953463288,0,2.054191981609917,0.15183045964986616,1,0.001584987066981645,0.0008521289576903743,0,0.0010477150289898735,0.0011019928301649255,0,2.0919772408286597,0.11568669648565884,1,0.0032103246220781035,0.0021331380185428033,0,0.0013999339023992494,0.0014080787701366304,0,2.153716174701357,0.09693451409683997,1,0.0036057764087976687,0.0006043929682316876,0,0.001046898197812334,0.0004968979693244834,0,2.044480744805986,0.0952628962868451,1,3.536402113097888e-06,0.0017552555358522478,0,-0.00016863764209887753,0.0008578220443328756,0,2.163620881920851,0.11926717847208977,1,0.0024431201894676425,0.0015423921038708057,0,0.0005786625126204491,0.0011149200247375245,0,1.957778443801347,0.08990830170097477,1,0.0015086578884103833,0.0013516998074413074,0,0.00023155306958443897,0.0017794454728952,0,2.060943104216057,0.04479027010367588,1,0.001033075212346583,0.002136674051488101,0,0.0004215260099613119,0.0019582945700429735,0,2.1401337792272326,0.124029296888085,1,-0.0004408211116001887,0.0006348332767581266,0,0.00030315305723885104,0.0006497236420549907,0,2.1186386669907518,0.07458755569460747,1,-4.998365931649974e-05,0.00047355146442981905,0,0.0003627997252499173,0.0017393620654117582,0,2.1566640419652967,0.07646748711194709,1,0.0004342515045675767,0.0007421018723891615,0,-0.0004735867340009121,0.001387645128179331,0,2.157203949392607,0.13965887449139117,1,0.00025507320434564926,0.002821879631248696,0,-0.0003882493870644184,0.0006229228990706312,0,1.9291873846140202,0.04877334005193282,1,0.0005618151235475853,0.0008138210777557501,0,-0.0010624192034994879,0.0013314190163059387,0,2.0057549010264095,0.16515508008347446,1,-0.0003162541158014645,0.0032853938974976207,0,-0.00048377807425969575,0.0018845381555118096,0,1.936836597412686,0.12912536097082938,1,0.0007027833717992498,0.0007217801139279142,0,0.001623132492767457,0.0006792702607626129,0,2.008006052000926,0.07060352701608832,1,0.00031219087533317146,0.000516698462465025,0,0.00010497776381864066,0.00039246348110581926,0,2.1588139678056684,0.15620128464287983,1,0.0017094814850589547,0.0015261602005643433,0,0.001956629997609817,0.0012384758489495265,0,1.79877824928669,0.08528839730873762,1,0.0019154129436937991,0.001056238846453827,0,-0.0003893314169214178,0.00044656876626480974,0
