seed,n_samples,cor,model,r2_mean,r2_std,imp_V0,imp_std_V0,tr_V0,imp_V1,imp_std_V1,tr_V1,imp_V2,imp_std_V2,tr_V2,imp_V3,imp_std_V3,tr_V3,imp_V4,imp_std_V4,tr_V4,imp_V5,imp_std_V5,tr_V5,imp_V6,imp_std_V6,tr_V6,imp_V7,imp_std_V7,tr_V7,imp_V8,imp_std_V8,tr_V8,imp_V9,imp_std_V9,tr_V9,imp_V10,imp_std_V10,tr_V10,imp_V11,imp_std_V11,tr_V11,imp_V12,imp_std_V12,tr_V12,imp_V13,imp_std_V13,tr_V13,imp_V14,imp_std_V14,tr_V14,imp_V15,imp_std_V15,tr_V15,imp_V16,imp_std_V16,tr_V16,imp_V17,imp_std_V17,tr_V17,imp_V18,imp_std_V18,tr_V18,imp_V19,imp_std_V19,tr_V19,imp_V20,imp_std_V20,tr_V20,imp_V21,imp_std_V21,tr_V21,imp_V22,imp_std_V22,tr_V22,imp_V23,imp_std_V23,tr_V23,imp_V24,imp_std_V24,tr_V24,imp_V25,imp_std_V25,tr_V25,imp_V26,imp_std_V26,tr_V26,imp_V27,imp_std_V27,tr_V27,imp_V28,imp_std_V28,tr_V28,imp_V29,imp_std_V29,tr_V29,imp_V30,imp_std_V30,tr_V30,imp_V31,imp_std_V31,tr_V31,imp_V32,imp_std_V32,tr_V32,imp_V33,imp_std_V33,tr_V33,imp_V34,imp_std_V34,tr_V34,imp_V35,imp_std_V35,tr_V35,imp_V36,imp_std_V36,tr_V36,imp_V37,imp_std_V37,tr_V37,imp_V38,imp_std_V38,tr_V38,imp_V39,imp_std_V39,tr_V39,imp_V40,imp_std_V40,tr_V40,imp_V41,imp_std_V41,tr_V41,imp_V42,imp_std_V42,tr_V42,imp_V43,imp_std_V43,tr_V43,imp_V44,imp_std_V44,tr_V44,imp_V45,imp_std_V45,tr_V45,imp_V46,imp_std_V46,tr_V46,imp_V47,imp_std_V47,tr_V47,imp_V48,imp_std_V48,tr_V48,imp_V49,imp_std_V49,tr_V49,imp_V50,imp_std_V50,tr_V50,imp_V51,imp_std_V51,tr_V51,imp_V52,imp_std_V52,tr_V52,imp_V53,imp_std_V53,tr_V53,imp_V54,imp_std_V54,tr_V54,imp_V55,imp_std_V55,tr_V55,imp_V56,imp_std_V56,tr_V56,imp_V57,imp_std_V57,tr_V57,imp_V58,imp_std_V58,tr_V58,imp_V59,imp_std_V59,tr_V59,imp_V60,imp_std_V60,tr_V60,imp_V61,imp_std_V61,tr_V61,imp_V62,imp_std_V62,tr_V62,imp_V63,imp_std_V63,tr_V63,imp_V64,imp_std_V64,tr_V64,imp_V65,imp_std_V65,tr_V65,imp_V66,imp_std_V66,tr_V66,imp_V67,imp_std_V67,tr_V67,imp_V68,imp_std_V68,tr_V68,imp_V69,imp_std_V69,tr_V69,imp_V70,imp_std_V70,tr_V70,imp_V71,imp_std_V71,tr_V71,imp_V72,imp_std_V72,tr_V72,imp_V73,imp_std_V73,tr_V73,imp_V74,imp_std_V74,tr_V74,imp_V75,imp_std_V75,tr_V75,imp_V76,imp_std_V76,tr_V76,imp_V77,imp_std_V77,tr_V77,imp_V78,imp_std_V78,tr_V78,imp_V79,imp_std_V79,tr_V79,imp_V80,imp_std_V80,tr_V80,imp_V81,imp_std_V81,tr_V81,imp_V82,imp_std_V82,tr_V82,imp_V83,imp_std_V83,tr_V83,imp_V84,imp_std_V84,tr_V84,imp_V85,imp_std_V85,tr_V85,imp_V86,imp_std_V86,tr_V86,imp_V87,imp_std_V87,tr_V87,imp_V88,imp_std_V88,tr_V88,imp_V89,imp_std_V89,tr_V89,imp_V90,imp_std_V90,tr_V90,imp_V91,imp_std_V91,tr_V91,imp_V92,imp_std_V92,tr_V92,imp_V93,imp_std_V93,tr_V93,imp_V94,imp_std_V94,tr_V94,imp_V95,imp_std_V95,tr_V95,imp_V96,imp_std_V96,tr_V96,imp_V97,imp_std_V97,tr_V97,imp_V98,imp_std_V98,tr_V98,imp_V99,imp_std_V99,tr_V99
106,100,0.6,lr,0.88021241252309,0.028336185292017993,-0.007412479752268214,0.04521733820001722,0,1.5912737897970632,0.4775106463631062,1,-0.12467567534178961,0.18984630042347317,0,0.1822111092372047,0.18650615160847603,0,2.5341681178383793,1.1866492467835947,1,0.09448561988449242,0.06201281053087645,0,0.0562319655683776,0.11216421464698652,0,0.37077439401378254,0.39541783186961404,1,0.17834636327672435,0.2768583449626061,0,-0.0855317790130491,0.42374496477670937,0,0.49048404904561094,0.36239251014299395,1,0.08205810401725763,0.12264355255892888,0,0.1424819571813686,0.17490009159928205,0,1.4126881933126654,0.9343069313007261,1,0.10276593969827723,0.13558323146298598,0,0.15353413972445235,0.23041190480564117,0,1.8444454417906346,1.7812461578533714,1,-0.007758457956901409,0.0799851605339491,0,0.13161593078849157,0.1900416388689402,0,0.8622821700135009,0.4843718071809187,1,-0.16883165336239422,0.31385009202772973,0,0.4409546559479135,0.7851060929555729,0,3.0477352001996243,2.2177683998669684,1,0.4247964899667974,0.9685310665880559,0,0.22620568577123037,0.5824735434707095,0,0.3079541126314124,0.8053773152440444,1,0.10911474154578774,0.31667422230120895,0,0.0759370706190873,0.07445510626056139,0,2.5136056779600104,1.60051639343742,1,0.0776599875310129,0.3612622847104209,0,0.11891218185750436,0.3199578399760496,0,1.9292248742573612,0.5315618084161899,1,0.21206713869594335,0.21187356123704576,0,-0.06207238503348382,0.13632419639605758,0,1.4208350454947147,1.1757094288614438,1,-0.051287554598121954,0.14435343205995158,0,0.07524719796578014,0.5357159995883851,0,1.6188348918844373,0.6379658209325507,1,0.10057028494224489,0.40673740590826357,0,0.02837741640315363,0.24796684573751823,0,1.3888414743874762,1.026550959149177,1,0.07810814060154389,0.1909161812581884,0,0.5735230779517867,0.5501060530946662,0,0.9008315620183567,0.46867545850045916,1,0.11277455945882524,0.32783171756747886,0,0.05714027283381247,0.2189995025645224,0,1.3123165654721407,0.5232144875464555,1,0.4135554898263364,0.7102050911997536,0,0.09792675269214787,0.7696875826097243,0,0.13887654947844913,0.44516844009445605,1,0.2338533055035045,0.31330798730808274,0,0.14600485425052065,0.20505151069878694,0,2.507339126531895,1.6554200685211387,1,0.041957994006605645,0.06725236383202053,0,0.06667141071821528,0.24506089030283726,0,0.045278165920844216,0.3389810918727628,1,-0.013765140439436451,0.21870772133120653,0,0.24209757170878024,0.4667903781265317,0,1.347802924423826,0.8207198911878322,1,0.14598031020991592,0.14025785283908043,0,-0.005939986927131215,0.15129163170619842,0,3.229886597649898,1.9929662819999698,1,-0.1646921322662768,0.40303580184246257,0,-0.04943295629298623,0.1956380328068086,0,0.9533564161038287,0.5845253610927033,1,0.19787054740597895,0.33533458592465437,0,-0.01603364592254965,0.24119441051900728,0,1.1127043956890526,0.5876391736938905,1,0.20256127652537997,0.18821553246954673,0,-0.1312645801322014,0.2972654916365966,0,0.022617317609468675,0.2713342566246067,1,0.3121476609400511,0.2882624268066891,0,-0.10629595119097586,0.16191420676206805,0,2.593230259446997,1.4642152025735657,1,0.08279016167595296,0.3267312514127276,0,-0.07153063864524015,0.08679052161880572,0,0.5324827303850596,0.6255373845938694,1,0.2918195577151209,0.5356411184354256,0,-0.02345095904350394,0.08048718436528142,0,1.5194929698607642,0.47523985205225666,1,0.07028562476609182,0.10232993114970741,0,0.10533057175174625,0.22863809584278855,0,3.207991266572873,1.5899118890635355,1,0.17031492381452118,0.23275392316374272,0,0.022476942853747545,0.12235998732228873,0,1.6715300161871443,0.5203100502646718,1,0.08720612005498864,0.2612544225798657,0,0.03768915405141343,0.1330621448619019,0,0.6312004218982296,0.6176451871923759,1,0.22752012743574695,0.5570659956211674,0,-0.042407985629350844,0.29765776370990765,0,0.21323135249038958,0.3771924969307105,1,0.03021206614037525,0.3783416194682163,0,-0.036506118291686755,0.08170335541395073,0,2.6765123324266,1.8892896177811154,1,0.28337523891460165,0.4530551851433085,0,0.01390249378011571,0.18676012483711427,0,0.7190797786986356,0.7285709506107293,1,0.07847653699794019,0.14929392736689692,0,0.05052737427138478,0.20375892810613758,0
106,100,0.6,lasso,0.3426458528635343,0.17525204818822374,0.0,0.0,0,0.5368901354497313,0.6520192546378689,1,0.0,0.0,0,0.0,0.0,0,0.8773864108779922,0.5950730219334662,1,0.0,0.0,0,0.0,0.0,0,1.648079641172501,1.6459734240326398,1,0.0,0.0,0,0.0,0.0,0,0.0,0.0,1,0.0,0.0,0,0.0,0.0,0,-0.30540953524368947,0.6260454866085695,1,0.015580434303280242,0.031160868606560487,0,-0.01643524607640302,0.14421878353915377,0,2.7338913977554142,1.325178137666132,1,0.0,0.0,0,0.0,0.0,0,0.0,0.0,1,0.0,0.0,0,0.2126689998762284,0.3369624976550399,0,9.265440568961376,4.588015590355887,1,0.0,0.0,0,0.0,0.0,0,-0.10994656405581563,0.21989312811163125,1,-0.2981863257684636,0.48058808712076806,0,0.0,0.0,0,3.2611549934704156,3.216014139381014,1,0.0,0.0,0,0.0,0.0,0,0.47893994480753027,0.34056737494063777,1,0.0,0.0,0,0.0,0.0,0,0.021178253234400514,0.04235650646880103,1,-0.07784948894324291,0.15569897788648582,0,0.18362356952063724,0.5206433339664358,0,0.29217450297665126,0.5314133394729261,1,0.0,0.0,0,0.0,0.0,0,0.5194942418059123,0.45617981624945736,1,-0.1957503274325027,0.3915006548650054,0,2.0207012225007133,0.45102894852346553,0,0.0,0.0,1,0.0,0.0,0,0.0,0.0,0,-0.00963583222835061,0.01927166445670122,1,0.0,0.0,0,0.20376812524914842,0.16728416106621719,0,-0.005914492757417591,0.011828985514835182,1,0.0,0.0,0,-0.05416063559731029,0.10832127119462057,0,0.2706324859776382,0.300784562460258,1,-0.443914175109467,0.8878283502189341,0,0.0,0.0,0,0.0,0.0,1,0.0,0.0,0,0.0,0.0,0,0.0,0.0,1,-0.01899898964519383,0.03799797929038766,0,0.7469427238840001,0.46190477939599894,0,1.3437526158462865,1.9592917815716326,1,0.0,0.0,0,-0.12572764764928918,0.25145529529857835,0,0.4748208798179732,0.6502130394414016,1,0.15327419482362353,0.15343554746154905,0,0.0,0.0,0,2.729368232568017,1.4716286281640096,1,0.0,0.0,0,0.0,0.0,0,0.0,0.0,1,0.0,0.0,0,0.0,0.0,0,1.6763918350362208,1.8917092996880023,1,0.0,0.0,0,0.0,0.0,0,0.0,0.0,1,0.0,0.0,0,-0.011843230223219266,0.025028645248648406,0,0.8751000236010373,0.617770472292267,1,-0.004918230290416534,0.07673143596087753,0,0.0,0.0,0,0.8748803250277282,0.5580307800608707,1,-0.009450621823163943,0.018901243646327885,0,0.0,0.0,0,0.0,0.0,1,-0.07496175636172592,0.14992351272345183,0,0.0,0.0,0,-0.02551445555619793,0.05102891111239587,1,0.044045647736169716,0.08809129547233943,0,-0.026910479745050852,0.053820959490101704,0,0.009138194859433355,0.01827638971886671,1,6.515530370393207e-05,0.00013031060740786415,0,0.0,0.0,0,0.8614851111579632,0.8310297055055845,1,0.0108989181340325,0.021797836268065,0,0.0,0.0,0,0.0,0.0,1,0.0,0.0,0,0.0,0.0,0
106,100,0.6,dt,-1.0059015041566597,0.6122905934564118,0.11030701578614303,0.23414701439122804,0,-0.048889861783391095,0.09777972356678218,1,0.08904706360633843,0.17809412721267687,0,0.051750987215772114,0.07263219014547061,0,0.16501594674336909,0.33003189348673817,1,0.0,0.0,0,0.0955071549513184,0.19101430990263682,0,0.6626967195784157,2.896504898679075,1,-2.029546273943809,4.059092547887618,0,1.5293500697738154,2.9505233699898237,0,0.06384257757772907,0.12768515515545814,1,0.4046608559615909,1.1225403669091758,0,0.02240480227482237,0.04480960454964474,0,-2.8265291711691343,5.653058342338268,1,0.0,0.0,0,0.0,0.0,0,-0.43677295828469126,3.1342002505364466,1,0.5092919047639789,1.29018485302717,0,1.6595339360675283,2.6330737568253775,0,0.2875935327293157,0.3476607556082472,1,-0.10234880714542745,0.2278599478111809,0,-0.43920509437748556,1.3239831052352515,0,-1.5431615516365296,1.9262642450864473,1,0.0,0.0,0,-0.010370752297676063,0.02074150459535213,0,1.1936159362277117,2.3872318724554233,1,1.8295754095642134,3.9396303024822696,0,-0.27294947207621123,0.5458989441524225,0,2.392126351895402,5.19432228480624,1,-0.00196575985007712,0.003931519700154239,0,-0.013238591587301358,0.02647718317460272,0,1.2190319772950853,1.4018144653643816,1,0.13509955241321403,0.37356948505608034,0,-0.03220124537573355,0.06387331081104135,0,-0.03790589169079446,0.31996856346297137,1,0.0,0.0,0,0.19745357766709176,7.504683176703544,0,0.8167211739406486,1.0181779278240422,1,-0.5067631484257852,1.1837156412905343,0,-1.1039128405472478,3.805112945600543,0,-0.761801263407767,3.0474035690474457,1,-0.48097332130781056,0.9085740013748007,0,-0.033660963956942624,0.34331372735091953,0,0.0,0.0,1,0.6163572241158451,1.1522404836663112,0,-3.504322000000941,7.143282836839285,0,0.28267481954428864,0.5653496390885773,1,-0.37476850488273883,0.9281356918437978,0,0.5314695536196378,0.9589965187971206,0,0.0,0.0,1,0.019860937984940763,0.031150769649011516,0,-0.0773062715924458,0.1546125431848916,0,0.756883226423082,1.513766452846164,1,-3.212212214353186,8.611830743218368,0,-0.16531785818150252,0.33063571636300504,0,0.03102717362723817,0.06205434725447633,1,0.33376383992837655,0.6675276798567532,0,-0.12672918224769256,0.2703208208389768,0,-1.0904449377467615,2.180889875493523,1,0.0,0.0,0,4.577064272030936,9.10915825890706,0,-1.203843678781979,2.3735542132125733,1,1.4356949922417337,2.9461551894692684,0,-0.15961229364248825,0.3192245872849765,0,8.370931043847666,13.299951379060866,1,0.37040610108173666,0.7408122021634734,0,-0.5898147221919002,1.201228329835484,0,1.034321749212137,2.0249995830499556,1,1.7222656931421727,2.894686441116466,0,1.8375875627005143,3.3966555187871434,0,-0.11201217370392533,0.22402434740785065,1,-0.00011092501936172992,0.00022185003872345988,0,-0.9443297671768265,1.480289088431437,0,-2.963418370993958,6.380717295804347,1,0.6901350368239625,1.380270073647925,0,-3.1921137242356274,6.358131414650297,0,0.0,0.0,1,-0.32388731007706406,0.700617210306772,0,0.16619632625519482,0.3614607742932576,0,0.0,0.0,1,0.15683566321612735,0.20393075592545665,0,-0.8573666578387179,3.0923493787227585,0,0.1390011989970426,0.2780023979940852,1,3.13075028111503,6.717209343330489,0,-0.8384205324669314,1.1953946505812283,0,2.0588119780039436,4.117623956007887,1,0.0,0.0,0,-0.37670831864185816,0.49544328398948484,0,0.0,0.0,1,0.0,0.0,0,-0.20474639545107481,0.34566023044848493,0,0.0,0.0,1,-0.006729520990777928,0.013459041981555855,0,0.00437486883833685,0.03410133395796692,0,0.22010823731313037,2.3533220896150113,1,0.2813340015736711,0.4609973091378227,0,0.0,0.0,0,-0.13122194487574462,0.26244388975148925,1,0.10587942315023276,0.2117588463004655,0,-0.05222124520149336,0.20339695726052534,0
106,100,0.6,rf,0.17084029353455704,0.2100276028927465,0.12362195310607152,0.2095713432705861,0,0.14864462229533,0.13414983959543678,1,0.017673129137983808,0.16204463310402462,0,0.12455072050216884,0.12388896842549323,0,0.69657690294092,0.7367664218434385,1,0.022085453767477465,0.17295139228284298,0,0.007753319814081977,0.05101451334307691,0,0.9074758046739826,0.32533887950807555,1,-0.14014121644661912,0.15578091047159426,0,-0.026754511797969387,0.10917481869364068,0,0.09995322231755623,0.2039303099662395,1,-0.014203211378525838,0.10480716883452086,0,-0.15749041042071074,0.19919811301028648,0,-0.36351449175392203,0.6885839235312594,1,0.1746879361575892,0.17186459481219754,0,0.12332762582147423,0.27807942468775193,0,1.2358282061023065,1.4042787265114327,1,0.02801993417981687,0.07485412544318529,0,0.07258014840314278,0.2345275946207997,0,0.3015566070618896,0.23880892513542362,1,0.008578454514476804,0.11556004648552322,0,0.6575883187650592,0.4722070837425824,0,2.449260811090865,1.4148051280810128,1,-0.0023546503544808585,0.3893349295135822,0,-0.14850028173659263,0.2655876242795536,0,-0.31778440192402674,0.7904752327001053,1,0.6488454381686587,0.7061275734157593,0,-0.007965376087611586,0.10177164319690436,0,0.7700329411190782,1.0000020583617242,1,0.9030173588835748,0.43449658287996695,0,0.01985812517412775,0.13383359378686285,0,-0.01127744051434828,0.1775448412949005,1,-0.05766214141777387,0.08431252218602284,0,-0.15080736033719536,0.2219628662987374,0,0.3587949474858048,0.4307107996260545,1,0.11873229949437106,0.08248676260617634,0,-0.16419266585718578,1.006190404001335,0,0.13337439229443845,0.4698560661822196,1,-0.07634120483736577,0.742369976716557,0,0.21344278835205563,0.2345453391572547,0,0.5486982613494672,0.6925347147761121,1,0.0414567192183922,0.23525141301104122,0,0.23714433307650698,0.43369950520649014,0,0.15265161242676084,0.20237927824210997,1,-0.040939409002388,0.05537816296383664,0,0.04065567261344253,0.2532063248350104,0,0.044158362716756,0.15663716478897655,1,0.03674793417028987,0.04953869834366938,0,0.06605766117025548,0.1617643263321564,0,0.17493125317782807,0.19413390204244704,1,0.08597621546357129,0.14841748159116475,0,-0.0025033656259214033,0.04685418821987598,0,0.19565343356304077,0.2775671193952693,1,-0.8436971353277102,3.189257589330505,0,-0.0299090499756391,0.18927695922508408,0,-0.10986022417700761,0.19163157607206194,1,-0.036833368148935904,0.181103236987703,0,0.11913480295430223,0.11575163901173784,0,-0.10594163568481947,0.21704234824152704,1,-0.014324031146172395,0.144060709951572,0,0.7609010819129116,0.616718233762489,0,0.44991179425762357,0.6119099260058195,1,-0.014295760252268142,0.15953787556212035,0,0.09999569829056057,0.09723762879721554,0,1.3828620274066898,0.42225784243872805,1,-0.05250074070702819,0.14140200461701055,0,-0.03198674569653807,0.2418580549808413,0,0.8324960059125951,0.313913171857038,1,-0.028961332713221776,0.0833225525900367,0,-0.019612053587548396,0.1762976963874262,0,-0.0616269234759639,0.13542145293998273,1,-0.08474951033871995,0.1086086178027798,0,-0.08043577581285666,0.17276922999841834,0,-0.03291789253565443,0.30844383333318426,1,0.6128273519683679,0.16128137942097412,0,0.03569891885255637,0.09229426283328047,0,-0.0004416209407961724,0.09678598990056222,1,-0.0004869384497060994,0.27486854877297534,0,0.07419017284315174,0.13370174366085458,0,0.45415813032111724,0.2707520123153182,1,0.2175162797732848,0.16510817873959655,0,0.3127395560342615,0.3763742062754259,0,0.10469514402319206,0.1411988341179462,1,-0.013063466468913492,0.21762688132683486,0,0.022924142540930278,0.12350824662141527,0,0.03454381775116011,0.12680368458500824,1,-0.13586917901826273,0.14204866413200257,0,-0.020878526311272398,0.11157969617336018,0,-0.11970939894690709,0.2756242792761017,1,0.27271471391105584,0.2549401106786547,0,-0.0099401665684633,0.03882970790363545,0,0.07024961241217509,0.19863470380212603,1,0.06721363541482449,0.12650626425816255,0,0.32622053375880783,0.108485769349419,0,0.528934483379156,0.5018759030180434,1,0.16293093606335246,0.2185843271859017,0,-0.016172975668696916,0.11066712297407466,0,-0.037628839425304275,0.13014562248436407,1,-0.06699565778589837,0.03837199595905498,0,0.12218253988727734,0.13725402207084408,0
106,100,0.6,et,0.2122172736329842,0.2357621315043804,0.016806058773396672,0.12096685316032475,0,0.27269646007057424,0.19192192556705331,1,-0.07385345731393474,0.1730823054503962,0,0.03478753518233509,0.180708136651649,0,0.7152161688237723,0.31263222155304243,1,0.1313106418757393,0.07369942183850485,0,-0.1031107674438875,0.10433368328561199,0,0.5334999352683938,0.30782467211169195,1,0.1457314436028785,0.1835796753039991,0,0.06284515997844539,0.10577761467180208,0,-0.021327741054846687,0.1370868950101843,1,-0.031425937026913674,0.025890125272022228,0,-0.05756474791517463,0.035837950850926524,0,-0.18657502260136366,0.4224809092401233,1,0.318025382486364,0.32616372547770855,0,0.24795504772989538,0.4621498342462312,0,1.422268827048433,1.0166129919944014,1,-0.05584370887643475,0.16313731107738336,0,-0.05648103799768296,0.14747896628813859,0,0.14838392184410995,0.08006648556185342,1,0.09932572196918413,0.2403156795294275,0,1.5031460238945178,1.203948838814154,0,2.6080563905074676,1.492862315366364,1,-0.6079165198795243,0.6836487523750957,0,-0.047367074937653485,0.15456264001532485,0,-0.13437278056588242,0.5860964216754545,1,0.9408890616967687,0.6617978207875949,0,-0.24340356480117897,0.24269443888399275,0,1.0707214003863619,0.9389508600413967,1,0.33558518382264324,0.4035355489257081,0,0.13450588391822932,0.1410696360572968,0,0.259280980322823,0.1639236284109609,1,-0.001705482653522853,0.09989975063632586,0,-0.10560283756738209,0.38999436402418675,0,0.1681872731438736,0.2977522450808152,1,0.27214757894462893,0.14801583374699664,0,-0.0882720667656208,0.7995316792231624,0,0.04592492453431183,0.41183169585446794,1,-0.32719931889589027,0.6186212719228059,0,0.16309074857568515,0.25461044452226994,0,0.6531044109211933,0.4530385203326546,1,0.07932564373721915,0.10071042802974922,0,0.5854726303643409,0.4898251827571695,0,-0.10146701427853937,0.07828997968791683,1,0.07032784926514916,0.1638161053553076,0,-0.021212234551926484,0.19750264883213517,0,0.18517388575313043,0.2813693147083111,1,0.007088406612340464,0.06776102555076687,0,0.1066947443237412,0.06668625989543803,0,0.1540872102299718,0.23699395354218447,1,0.05308705635280374,0.12118154675259057,0,-0.06319987716523487,0.3875247691999457,0,-0.22256965369453302,0.44820946385100663,1,-0.2788703133028228,1.6937015152837853,0,0.05691745472781338,0.11889199680364058,0,-0.009512077266175131,0.16691026050727625,1,-0.034141844867172096,0.10882688207600115,0,-0.22975529909016718,0.4706389423079351,0,0.08598430792447152,0.25234381941799533,1,0.09279361233798512,0.11887578542846443,0,0.7094420035652006,0.5198152910152112,0,0.4767255896538936,0.9579167445136542,1,-0.04981416413666517,0.07150248434916641,0,-0.0007377504576780325,0.2593674630023201,0,1.505042677358488,1.045014618925391,1,0.12149570557885984,0.358969282273891,0,0.020666136662334113,0.04192896494012143,0,1.0556419589378732,0.2789321602742635,1,0.11916417161617439,0.10693378237029108,0,0.01751235372109098,0.13154635858750033,0,0.025205816846451113,0.14898301645474352,1,0.06973438355575184,0.26771806420810096,0,-0.13536314957500345,0.1485138412386906,0,-0.17412862006150737,0.35337115272556224,1,0.40678217329180805,0.34987256336276845,0,-0.02689485474098021,0.0801596975171568,0,0.04531666978227232,0.24086084005831643,1,0.0928210689960157,0.1198956598258778,0,-0.02257554804578423,0.14857620864146676,0,1.2339983638616971,0.5516794863454624,1,0.1336346340539075,0.13143883329043923,0,0.3641787142320914,0.4120300914229401,0,0.1477938064047735,0.19882178846968343,1,0.02242189945823665,0.15172777641900023,0,0.047523659631078304,0.0994562644271796,0,0.09302702201759748,0.16107088496614752,1,0.003951574096752355,0.10414519560325695,0,-0.027895752411182428,0.14729146332573015,0,-0.11733023694162337,0.1293034207751687,1,-0.10511449877446229,0.0768330775247968,0,0.03130147732539564,0.16297545689668305,0,0.5506657055658393,0.5572365014322442,1,0.17175982328289946,0.26212973340578355,0,0.06261528833155061,0.1530772908283694,0,0.45985401454742825,0.5259524749714836,1,0.2651821880277788,0.23356098942708836,0,-0.014891720967497551,0.17117228976375942,0,0.04442803481952081,0.0898832681993686,1,-0.03304183833495729,0.15407999911990522,0,0.02357802814805327,0.13694377865728186,0
106,100,0.6,gb,0.1934235026468269,0.1850731552932514,0.18951060285097848,0.24707983996060884,0,0.41041434796522525,0.4072451195518427,1,-0.05562842930383492,0.1137158345137306,0,0.12787750777606136,0.34168860500943127,0,1.0266696410765603,0.5319831800343872,1,0.003336701786382631,0.17030051853134068,0,-0.035326014345251525,0.07783230316009829,0,1.0041708643032983,0.5797863462555769,1,-0.12462172599225116,0.15940059632653403,0,0.09248384318362608,0.16951234824345668,0,0.31612149550553403,0.43078676586655995,1,-0.002652439036225786,0.01600844932519678,0,-0.0245514331930448,0.03137036234487731,0,-0.31558748935005954,0.665609942027332,1,0.42935194635185675,0.7177726790418901,0,-0.2284568423531749,0.5201286970774528,0,3.334744738361967,3.1251024729575567,1,0.060477822837488406,0.12265099754595742,0,-0.11149870188203406,0.4501174853849799,0,0.1843977680974095,0.2197365222108847,1,0.11624740727512917,0.24591357884558618,0,1.1802923588260712,1.5804339900716193,0,1.7358872888058343,3.086015204317209,1,-0.19405741761926737,0.8144912198980601,0,0.031992696126663445,0.04508796992918459,0,0.08191831701300265,0.7193836187859588,1,0.3714648945487732,0.6970826071617879,0,-0.06494847942950721,0.09985714260767894,0,2.3272544991083257,2.6200629446479966,1,0.4843944687340323,0.4905502412627876,0,0.003449615720133382,0.5589187556727333,0,-0.08307894394062827,0.15362094572100193,1,-0.059049460770243326,0.09832825070532654,0,-0.1054929078973246,0.1629214033508305,0,0.07617529621716755,0.07682636050655428,1,0.3471962148582249,0.485776960371737,0,-0.7716790226463328,1.7786221316217654,0,-0.2665769882532737,0.6598487309144614,1,0.42130421655214256,1.0058593838455956,0,0.3191734189129602,0.5691632741122823,0,1.0722617694968253,0.6080647670377586,1,-0.06482739048055763,0.3159221996147182,0,0.37455742849887014,1.2007601548634754,0,-0.03378321980264079,0.10479910173526374,1,0.019524123617856277,0.09560699382712316,0,0.026565602568832863,0.19945544804998752,0,0.13060580057977003,0.15832312113242572,1,0.0028943252282365105,0.03561126899187417,0,-0.027361431589407802,0.46986629057742885,0,0.7258182011089159,0.39597350471431636,1,-0.11230188473252074,0.3284544827644013,0,-0.0238572481178405,0.05175762553378591,0,-0.04153509972392362,0.710700960061195,1,0.7124742263459597,3.5927989650667946,0,0.50098284222574,1.0667865045013096,0,0.061424877032200634,0.12200455230470068,1,0.19490375651387545,0.3149787753356113,0,-0.04252625963061872,0.1732416759351425,0,0.17961504478491136,0.36931626576457705,1,-0.00562227326865297,0.15629176531581346,0,-0.07835151864458918,1.5588710484586479,0,0.5589453632006101,0.7939344808713004,1,0.11783913572063001,0.21157944692780847,0,-0.11037365711546218,0.2407677689458647,0,2.1931291545996308,1.8659233114804505,1,0.03197625701487681,0.30212055039533053,0,0.2057471952910026,0.35436064665921907,0,1.6334085922851806,1.0880889877775088,1,0.21689795419693061,0.26206472707927997,0,-0.10115300926080247,0.17127701420217695,0,-0.08843189482543883,0.14910639919069993,1,0.07648494010047795,0.09287191232720168,0,-0.20700302725902375,0.37071688286426646,0,0.11266754647460583,0.8541660895302894,1,0.7838870811235212,0.54696596877505,0,0.03791835960409312,0.03462461275847951,0,-0.06917624686039345,0.11514607321079855,1,-0.06792283415838497,0.15597323881919628,0,-0.016561525107108777,0.22531743865399403,0,1.5714834100630743,1.6277570477006669,1,0.3002164305723093,0.28881472271226416,0,0.9091706588896799,1.1893763057050688,0,0.05879277189898434,0.08762724274057923,1,-0.010021572762287614,0.025139216979125193,0,0.1570118682556806,0.2425413047372985,0,0.10349629467288317,0.5384435237180311,1,0.024227161000887152,0.08887864350032625,0,-0.031863293824031955,0.03267774897232537,0,0.061923954559803894,0.28306795812895114,1,-0.0976470118940062,0.24227268613989253,0,-0.07623591902514164,0.23644209960225038,0,1.0454661582181786,1.2234966630312363,1,0.08124717572646996,0.0873256861906926,0,0.06461013490447245,0.34752820898615927,0,0.17040850305520056,0.2683737501583474,1,-0.0019391917686340022,0.08214478910639264,0,0.0023234723867307425,0.030390784311635454,0,0.16416807183631668,0.13214485660383474,1,0.02606528524561878,0.06730168147125895,0,0.11856207665282308,0.20579800066829804,0
106,100,0.6,hgb,0.1417134616911429,0.28701719402078907,0.0,0.0,0,0.1846027192953727,0.24457006101879156,1,0.0061370935610826184,0.0743553525263727,0,0.1098073582563995,0.16520936528195002,0,2.8807073470366076,2.430907343886278,1,-0.040255805844047574,0.03634128498200874,0,0.0,0.0,0,0.7061079179027262,0.9701372422982217,1,0.01920472132165649,0.08531152203341198,0,0.01519530003463609,0.058822204497185275,0,1.702491509121295,2.2408908970129557,1,0.018497338432876646,0.03699467686575329,0,-0.02807740475400027,0.05615480950800054,0,-0.3133068655435851,0.6542606726892802,1,0.005209476965947829,0.010418953931895658,0,-0.45918489752769337,1.282701496796666,0,2.1653677352154443,2.4807882965676287,1,0.04067819055280285,0.0813563811056057,0,0.0580470125137774,0.5437987543905612,0,0.19227989629649625,0.5618207645684989,1,-0.09808762888699697,0.2604989303531692,0,1.0413141956236438,0.8285178823005407,0,0.47203193788756953,0.3649928241888136,1,-0.694917885348689,0.8627034918184217,0,0.0,0.0,0,-0.9997436497281151,1.278895605587969,1,0.0,0.0,0,0.00551259541369636,0.01102519082739272,0,2.759766340029231,2.0394701390643957,1,0.022739515172702184,0.3296814851668957,0,-0.03339642138517078,0.06679284277034156,0,0.7332239092087594,0.544713348187231,1,0.18477427017728715,0.5734120735647993,0,0.027865301264709617,0.0418424228662844,0,0.581979545494303,0.8786376073938998,1,0.07326211632786983,0.3517103213946395,0,-0.9349153923528501,2.505990081020544,0,-0.10364674293769058,0.21688298278085716,1,-0.14120958673825046,0.5818030986269919,0,0.4128300422801118,0.53871670248059,0,0.4595516886187596,0.46813545567145154,1,0.17957688594703383,0.2041536666715244,0,0.36130154075217435,0.3461900990339262,0,0.12029939449276561,0.2463803195308561,1,-0.04227405741248132,0.091919277193262,0,0.36855274214224,0.29345078077153663,0,-0.11322386592178169,0.22644773184356337,1,-0.015060127447078542,0.11199201057565787,0,-0.19835750865176607,0.5255390077053171,0,1.0252407703616055,0.46584948990797925,1,0.0,0.0,0,0.09186493766173769,0.3090521802005939,0,0.1561649692131734,0.4411917378534523,1,0.37754129087688537,2.4402485030326995,0,0.010002981304228229,0.02000596260845646,0,0.0513113827628406,0.07471076336523895,1,0.004131126928826816,0.008262253857653633,0,0.37325922588171667,0.5226097292848046,0,-0.22488458414773507,0.535721316464102,1,-0.04081371638126194,0.08162743276252388,0,0.4974732444945154,2.235651756728815,0,0.18861563403017578,0.737952654596919,1,0.03038090602148762,0.06076181204297524,0,-0.02914833022343406,1.034546986388174,0,0.878136657989562,1.3948337724411157,1,0.3066555700739143,0.46465366407231107,0,0.04411913353863252,0.1437240471214822,0,2.0404575498240267,2.2342134033373906,1,0.0,0.0,0,0.016427981494002097,0.032855962988004195,0,0.04938323621464163,0.09141280568785869,1,0.015144575821180667,0.05401241017463279,0,-0.04534442831374115,0.738545449665709,0,1.3498054980740726,1.3895888119421056,1,0.01555577591599914,0.24082205317262342,0,0.009065405631402118,0.15691943999292443,0,-0.08519527195277606,0.1703905439055521,1,0.2471033635522945,0.4236556498719129,0,0.0,0.0,0,2.430776258411698,1.040055156340934,1,0.11257483347447592,0.17186948100266838,0,-0.09541957860906507,0.11973419402224666,0,0.05636074801502379,0.08708224585699953,1,-0.02424946135029694,0.1223765998134144,0,0.0,0.0,0,0.42954832940310617,0.3983428513758602,1,-0.021190248694073488,0.042380497388146976,0,0.22908777129844307,0.4714220798181886,0,-0.35382760577342476,0.6042265505323092,1,-0.11115966502430388,0.48071239083813033,0,-0.019958141462286604,0.03991628292457321,0,1.4007434920818975,0.8657223318079037,1,-0.00031344324312143623,0.20254542897921454,0,0.41196014443288026,0.23446571788809653,0,-0.3227886272634369,1.424072142536717,1,-0.05923133008569655,0.11846266017139309,0,0.0,0.0,0,0.04150068781606669,0.05457940644037794,1,0.0,0.0,0,-0.2246083454191541,0.5272972198804688,0
106,100,0.6,ab,0.19882348431759106,0.2704721400235307,-0.05395928615737046,0.12214803242123871,0,0.30266177905539693,0.41998050602194764,1,0.11409017454031156,0.19798421757213272,0,0.3238807218134692,0.46951708420011656,0,1.8639907465862262,1.6374529520011727,1,-0.008107088171061039,0.15237817852845825,0,0.5571473189694212,0.8364672417862776,0,-0.03596053587511079,0.6804566249063199,1,0.530782006222064,1.0012369570684858,0,-0.04249824544879997,0.07854113915089277,0,0.507993397514039,0.5067004636134995,1,-0.0229780177696787,0.06073489596296677,0,-0.004472587594278281,0.00843658558708159,0,-0.2718085344748793,0.7154897056928556,1,0.33659110752798627,0.26680692242077764,0,0.3125750223101914,0.39705074689259123,0,1.0365086376435289,0.9615979186648126,1,0.0,0.0,0,0.2184369359122405,0.2710502916734942,0,0.30919577809497534,0.5495270446291942,1,0.13774810776926333,0.34953606082750155,0,0.9515767160390929,0.9549470880372178,0,2.147869614807332,1.8487419830964023,1,-0.345463411526944,1.0660337088637282,0,0.05862808977141813,0.12814214441459912,0,0.04242010737443054,0.7364760343955974,1,0.9485795402602262,1.3202647415756148,0,0.19287558442569647,0.3857511688513929,0,2.817598379517711,1.4102054429730133,1,1.399016507996872,1.0024052393384197,0,0.5724285979547465,0.5094641931629073,0,0.7207547878324246,1.0595229918283404,1,-0.007133053564801116,0.0326324023060259,0,0.4270750745034637,0.37355244568580276,0,1.0385844191921971,1.8056237132529482,1,0.6069776952817795,0.5174292200382702,0,0.36454497195393254,1.437266690195474,0,0.34156691337454875,0.4287198814741428,1,-0.049697789840134246,0.4978454269797159,0,0.8935749441956793,0.9205234531147393,0,1.0161594604150115,0.729586599279895,1,0.12880305628468533,0.21585915662637542,0,0.5636609233462897,0.611892534408064,0,0.006865830795981765,0.01373166159196353,1,-0.04104878579150755,0.07157237354625616,0,-0.10774372402852524,0.5834683694419875,0,0.12686360461457716,0.17120411382419617,1,-0.05599228627640879,0.07484934475241511,0,-0.04851732943045045,0.296835790701471,0,-0.19846768027774236,0.27254524009010433,1,0.12617577797748183,0.25458338184177975,0,0.04268309486525166,0.08536618973050332,0,0.2588440364576913,0.5910153692487594,1,0.09600820806501612,1.293805617526592,0,0.0009571890341023351,0.3322700727049782,0,0.09870584928540407,0.35004997174253255,1,0.09207951989175386,0.11290437377675686,0,0.19448039937399203,0.26236582285978177,0,-0.10947316195907689,0.4315190471883441,1,-0.0015324807023693267,0.0030649614047386533,0,1.7102430911841267,1.6735948831966514,0,0.31843817885169384,0.6435831813932799,1,-0.1297894659904994,0.20671932370814416,0,0.2584675969008881,0.648377160286705,0,1.3077669057023251,0.3694096301206533,1,0.17821343872205525,0.4529926700414454,0,-0.011731099689554093,0.17554064926802646,0,1.4699884611481029,0.7342285772030477,1,-0.025076449688276457,0.07539465321179353,0,-0.04954986448608983,0.12812661385972507,0,0.2244826916929897,0.14678631366376263,1,0.07353428329175703,0.29862690546248694,0,-0.14964947255034317,0.3126225078445944,0,0.22064237999954087,0.5864961629468749,1,0.4586184812362399,0.49661663343454043,0,-0.19582258842829223,0.3481832933214693,0,0.11946215945558876,0.12476561640185628,1,0.31684303592483765,0.5774994609562629,0,0.12062737335898899,0.10093468491483296,0,1.384920157305384,1.3540117180345848,1,-0.11132549728050949,0.781993790216086,0,0.5559920943002871,0.3292674124805202,0,0.11345603754178721,0.5643303798402728,1,0.05863704288853,0.058751345542546754,0,-0.0034113068309076767,0.006822613661815353,0,0.22316532496195532,0.42801150277710287,1,0.1427094625107206,0.24896697851289382,0,-0.16429454900196808,0.25292784477454233,0,0.03973029799180452,0.14393358211360108,1,0.6809341944368954,0.971247374845008,0,0.3171438003096305,0.623971949178236,0,-0.0007323179444516714,1.0764413785330749,1,0.37074233906777815,0.7463172226290418,0,0.08106534656388895,0.3521091580550678,0,0.0925457507986267,0.7575124884902376,1,0.382709424853405,0.42221947043935454,0,0.277047160121801,0.3464928663477603,0,0.029275102779262097,0.31343571356497274,1,0.13782394909562515,0.29826650145583317,0,-0.2144477953370115,0.4740037070526473,0
106,100,0.6,bag,0.08224378564343482,0.3213471921099232,-0.3134223903817891,1.0702961429495383,0,-0.013390197839128277,0.09853495480024257,1,0.2277672259722039,0.6605146308067793,0,0.007652780061395553,0.2396210458488799,0,0.99446604852082,0.7124112157311407,1,0.19870841438532824,0.5473542805167534,0,-0.16500949420106986,0.11110974045228705,0,0.32269646813431146,0.5115486053016957,1,0.12328703428782006,0.3751990165640486,0,0.053604771405436534,0.23627797257879055,0,0.2698049608980845,0.6399055181550322,1,0.0957500794460089,0.0857732181124251,0,0.0451621628733037,0.1655480931889687,0,-0.5089806753973025,0.7760888065127188,1,0.2113451641835915,0.14927608830279016,0,0.3542467946863363,0.11085391776030742,0,1.0824469871781164,1.081137592888337,1,0.04624397976168486,0.1336823178090084,0,-0.11975529633989054,0.9326789110469461,0,-0.36495200586981646,0.6968855821378449,1,-0.16816516497101877,0.40551374404644297,0,-0.30145654268132765,0.4236979821926842,0,2.6099821059878883,2.7957827583910912,1,0.27579965778618215,0.2958909674559399,0,0.11045815294480758,0.2910642861292147,0,-2.111055889314753,3.2321259359402985,1,0.8543405242921202,1.4126757800701015,0,0.27600181742044494,0.5258921801868139,0,1.178302017351484,1.6075272963872573,1,1.9802958494177638,2.088449313692504,0,0.23461431595719673,0.782012712022738,0,-0.9240945703419511,1.6021656096504207,1,0.01949694051709679,0.03899388103419359,0,0.031437094050347225,0.5685162902097561,0,0.576688554891089,0.639844888190225,1,0.4256447126934694,0.9795763254599708,0,0.09533998950985474,0.6887435819422583,0,0.09558107307267256,0.17515929345884265,1,0.9662110948392455,2.001513736314941,0,0.35411219149960854,1.2925839351198596,0,0.022551549356351352,0.43820612313978713,1,0.41639367473093564,1.0060730075562796,0,-0.3032106456318398,1.3726487659459352,0,0.1758703808605186,0.25798696149254463,1,-0.10115002943610774,0.16052346049037852,0,-0.32232617928775326,0.5159036211669525,0,-0.056387559839660775,0.4761991295476525,1,-0.005064160200908474,0.2592758314059132,0,-0.12401629973220134,0.4163717208271013,0,-0.343187898478087,0.4893375710266917,1,0.29068496250960674,0.43595733288218486,0,-0.49698845358401844,0.724086851490952,0,0.3016478181369661,0.7758269387931059,1,1.1228009746904324,2.4525841159055,0,0.07463877228827029,0.3696020549332513,0,-0.014017466098917866,0.06757347943138381,1,0.24763269877561456,0.4760163756152014,0,0.014903784842179912,0.2257838793529002,0,0.0013439733391485916,0.05057341467179568,1,0.08529604729765924,0.3425758968050853,0,0.944307338307157,1.075693406380675,0,0.0851131644430703,1.3330687563158459,1,0.25826804519063973,0.4149188412982582,0,0.11867856589966579,0.3598068350421333,0,1.1156754525271848,0.9205136032708874,1,-0.00018671258873052924,0.008180391266936322,0,0.18669020875401987,0.3832925673986391,0,1.1611361281699513,1.4981182273526663,1,0.31382393435991845,0.24984954893656297,0,-0.36131025970282205,0.5920511674519829,0,0.012369435176960299,0.14278069464354456,1,-0.35642717184442285,0.33710947822658055,0,0.021797290832936588,0.15709257502491278,0,0.029109253214179277,0.831618999883059,1,1.5725306541342259,0.8469674974543361,0,0.20816162275543276,0.6161236309347743,0,0.06980026285652768,0.13863389890779865,1,-0.11261910829479557,0.3323365369990598,0,0.17672329589929825,0.21359307666739,0,0.32231154650932836,0.4565998717588987,1,-0.009155150619083305,0.19295037878831306,0,0.23548370770981122,0.5392428437330117,0,0.04760187382977299,0.33985505000491106,1,-0.19796726378405252,0.6520986038366877,0,-0.006306764277780328,0.3106557967282073,0,-0.11500964017296231,0.19845904447808788,1,-0.32450953142662586,0.4107962335009823,0,0.07339314069382104,0.23733469501996332,0,-0.2202965456859023,0.10496760653922142,1,-0.31935089104930453,0.8472279656736917,0,0.12413983816006843,0.23516045284750728,0,-0.026739235833938956,0.8171226630132766,1,0.48463248083524135,1.0187016503886333,0,-0.16158321936898595,0.3244950618504148,0,0.2561580200070122,0.5547290389161132,1,0.41145353931297174,0.89823651167684,0,-0.019520250816474884,0.35477174340043827,0,-0.18016370518497898,0.45376215882571713,1,-0.17912031269673434,0.36734538768688163,0,0.28869596463245767,0.40150639196288307,0
106,100,0.6,mlp,0.7936634143492071,0.0224973931471117,0.2258936105653777,0.25958224239738986,0,1.0818951048926262,0.24804885495840356,1,-0.09845534157693411,0.12635017891940578,0,0.39439444435669885,0.41185825374410534,0,1.5295453885783796,0.881133379944823,1,0.1459626698228202,0.113436945731263,0,0.05236149671703597,0.07916491644235196,0,1.1055154353190566,0.3825979249332307,1,0.42570592238391747,0.2791264050932643,0,-0.10548882525155494,0.22355095997354857,0,-0.028156610456478715,0.2505387453905631,1,0.06858723530455377,0.197346521439971,0,-0.15020809690024234,0.3472579906426223,0,0.42214135401361197,0.6950579619070759,1,0.0518385710954121,0.21354593794921856,0,0.2966112132489901,0.4118797567158861,0,1.03080882163095,0.8964398764146159,1,0.24266720941881886,0.37857444663629664,0,0.5098054826020079,0.2879925351324282,0,0.4111781215383937,0.2509363232001094,1,0.11169926410781586,0.12477078280542904,0,1.2646679626369315,1.0682274896861812,0,1.1200760165047243,0.8108485056063977,1,0.4625406597685092,0.934921859954562,0,-0.17395909078528934,0.22415948844510059,0,0.2330276977495449,0.3693688983982666,1,0.34071982689634533,0.3728820965784757,0,-0.021258900225330665,0.12743294749671727,0,0.6946584114949991,0.6983475287621023,1,0.9051854007172022,0.7762073312305855,0,0.24038403199317107,0.30580113479676846,0,0.9310129690425274,0.3474218628496178,1,0.48195106058132764,0.37861879165236023,0,-0.007464629761175279,0.15770633547846877,0,0.9752579359690072,0.6433130752770809,1,0.06701307773207113,0.06885508064598134,0,0.44218771338779883,0.6040850289615806,0,0.8320569882598015,0.6360472192754909,1,0.12505986538770264,0.398659236071041,0,0.4287305003833022,0.15348526604483892,0,0.571711624639897,0.19899584167448325,1,0.20392824362465908,0.19071721463554253,0,0.9807806749022868,0.4463404719287533,0,0.015920483634221806,0.28268212871423076,1,-0.0798814987968192,0.3005683039394521,0,0.2502645446296306,0.21763774724300208,0,0.34034380769846034,0.24255466645322946,1,0.24451258567095074,0.2717799279887371,0,0.05386499595079995,0.3054871613763234,0,0.5714669125045575,0.6027341716660889,1,0.09985378375453632,0.32187073566909363,0,0.7864307939830564,0.5865024169016266,0,0.7158564175212009,0.6205722428294919,1,0.11500837966601851,0.599720259245068,0,0.1923064623416369,0.26181253636311586,0,-0.05068022509920515,0.26592746632597997,1,-0.16308166747130384,0.1504923202932961,0,-0.02152979295168736,0.33914267485900795,0,0.15354039965202232,0.3496205528612267,1,0.11714092106759115,0.42832016496951936,0,0.451879127390754,0.24467695144503465,0,0.5375945947902208,0.4459424775412395,1,0.44072035467034826,0.40629637906705834,0,0.1539678633523922,0.30359873996005,0,0.5058619683048056,0.28074438309081146,1,0.2999764797194797,0.3905207299646661,0,0.02429035484320169,0.30644567502634046,0,1.1446430260976286,0.27183829132120074,1,0.16733791639219137,0.22347095256117164,0,-0.2542247744418522,0.32792474088218676,0,-0.07766763709036528,0.46611976413125683,1,0.47440392754254185,0.29813708371654,0,-0.09070894607383849,0.25155060476304575,0,1.2155390084473114,0.9864792729024732,1,0.3249765262264962,0.521435203089274,0,-0.09252990494816642,0.0774759148625911,0,0.29316013263995294,0.5781982825717266,1,0.35813215622759104,0.4778518695491907,0,-0.1526229524301873,0.532498804063583,0,0.7303763995432099,0.10903769370299073,1,0.6150007924003852,0.22917373091048857,0,0.048814008782143384,0.15100996588192891,0,0.9807767741920287,0.33113250627356217,1,0.07314323160268706,0.3511114272105431,0,-0.006776698776770932,0.13999052575825063,0,0.710164515862221,0.22702361700680815,1,0.07641655942812074,0.3127678425379002,0,-0.08202299289478107,0.1104919032785409,0,0.09272385021291565,0.4598310772753567,1,0.5566622695506649,0.6437768602508698,0,-0.07747985442026065,0.19623648129523438,0,0.4583627501202844,0.638050345543983,1,0.32886964847035044,0.4250853817059519,0,0.35402586528468405,0.25688462823922414,0,0.7672552486426262,0.606691927386989,1,-0.007298841021543867,0.5513717686885644,0,0.011596488413458284,0.4989504593500276,0,0.5724798163395061,0.2752076037102342,1,-0.07152693656841144,0.1726946932300299,0,-0.1282884967519179,0.2740030417484768,0
106,100,0.6,svr,0.038838704868838426,0.12077732911200986,0.01059526121305788,0.04744441208271049,0,0.18999141348666787,0.07148380952271992,1,-0.03680504105749051,0.03869010924161055,0,0.05423070523801331,0.04719051728526862,0,0.13292199253840759,0.12115449315818955,1,0.05022773046058584,0.052468975528972055,0,0.0330426083707342,0.049693689758443044,0,0.18966820794909883,0.0843275321502091,1,0.1326503452162878,0.06554659193935955,0,0.05104393449250224,0.0225421453426078,0,0.02304409350496465,0.019813433049517448,1,0.011696663780278215,0.019468609852541258,0,-0.04647556255790389,0.049579890154917004,0,0.0012398949351205557,0.09734700546682859,1,0.0591392667310026,0.08287961681484798,0,0.12192485208894041,0.13274842513944338,0,0.29813788226627597,0.10388938133665193,1,0.08161983051926334,0.13387730103648524,0,0.1428177735889587,0.1244614283285453,0,0.0974632302576789,0.09470661677758246,1,0.0594495863663397,0.09979425518348556,0,0.30028810655217236,0.12176035281936197,0,0.46022202985234895,0.1826265771912316,1,0.0521766038568237,0.07738122439885176,0,-0.019482350916799646,0.07482278441214314,0,0.15943888795176364,0.20002743377713203,1,0.15446050859580046,0.19971552037092039,0,0.03148659100604292,0.07308920347237917,0,0.1782798318222058,0.13671911409113566,1,0.16049495225765292,0.12329977434970933,0,0.09256291869298108,0.06871140494638264,0,0.18408568983974444,0.1308043792725669,1,-0.012841492192742068,0.0873108353204885,0,-0.04513048893484501,0.08109473997716646,0,0.03309069389437292,0.033979256561492914,1,-0.010928819906861575,0.033986134184543645,0,0.17012172027385034,0.09968001124170091,0,0.04651209333741824,0.04994127731383144,1,0.008465409333062928,0.09948801549613334,0,0.053677483195509926,0.03663731997123205,0,0.12923137878318863,0.027665235750573752,1,0.07038905434232164,0.13980669866561662,0,0.1353388811163898,0.048207084100774726,0,0.04161412715795294,0.013065030808907472,1,-0.02139717865355294,0.03151657352020741,0,-0.0032814847032588495,0.06687602773549013,0,0.04804576305425337,0.026731452025186706,1,-0.0018830342262008907,0.031748054357985174,0,0.022859919636249025,0.0273182526237775,0,0.030033257420781022,0.10279467518757425,1,-0.03500965936412632,0.08677315589846536,0,0.03874242699171867,0.06847183351550619,0,0.053448313771433185,0.2204159763150585,1,0.1458155461596392,0.28929080048303274,0,0.019153980391841744,0.06427202758569783,0,-0.0009597510758623847,0.08723389890868445,1,-0.030686274621775877,0.07314908771695883,0,-0.03597021204849886,0.07809884780248542,0,0.007370314756755192,0.036865913468645185,1,0.04303027673008257,0.09733307387800186,0,0.09582145197102745,0.052356082633845585,0,0.18713930693417133,0.08602517378867236,1,0.042913357383570515,0.03420399312149326,0,0.09338326414774759,0.08546167198423661,0,0.0870232731639425,0.04365066392704976,1,0.05202764480224535,0.03949730098344087,0,0.012507355424674498,0.04415099663453703,0,0.19938644815145687,0.022865073099753226,1,0.07601457733490091,0.011526371210554996,0,-0.009506846093734823,0.05785887917962377,0,0.0033156654133636916,0.08524511630234416,1,0.003718346000260339,0.041216602828372466,0,-0.004752561330663242,0.04020460872239149,0,0.0871819742902475,0.1826998327388756,1,-0.03833693435003011,0.10530526429377882,0,-0.03386205963081566,0.04084069882020408,0,0.016069670013555255,0.06296441489963649,1,0.02222303770126464,0.04234206495782708,0,0.0761767056264799,0.06111843846720625,0,0.16211664127784148,0.08296768608543838,1,0.06702935070571645,0.09020397047852682,0,0.1198928613866305,0.10405846801261824,0,0.14481484018708374,0.025314257593352655,1,0.05036033044028363,0.07655371003395034,0,0.016671088006244818,0.03297785890113641,0,0.05092551945128232,0.03404314545451912,1,-0.031115937546390887,0.027708476652753927,0,-0.002030187917497955,0.04741685049402643,0,-0.023217735041279608,0.0672085851506027,1,0.11672288257615253,0.08654284274345217,0,0.074818715031364,0.08106379088119116,0,0.08852049674217541,0.05378747469482969,1,0.12167084896017495,0.03990321380489846,0,0.13124074056481322,0.03335219924946794,0,0.17198886614965875,0.10629124904422246,1,0.08569663798495716,0.06825965133846114,0,0.04343164991808147,0.0577146218468815,0,0.042750347681002755,0.049819149389842374,1,-0.02764757905220569,0.031092726495630805,0,-0.04837045613547721,0.05983551011750254,0
106,100,0.6,knn,0.33483343712882285,0.10610954112040442,0.7331532379294683,1.7018072533818425,0,2.134843061062756,1.23953790151919,1,2.0632350832255635,1.7046084226693234,0,1.688445153968297,2.1794288272869897,0,1.1442658272343194,0.9371044817692606,1,0.6749847153711696,0.5630848643632816,0,1.4813033327996536,1.0766042193789884,0,1.336903194399097,1.1356933927485608,1,0.08217831597598466,1.0915873178752986,0,0.5170345909066427,1.107043113589098,0,1.0782055645486461,0.8562792624432104,1,-0.15215666361551086,1.3496481898158121,0,-0.48702256813448735,1.7184300484943766,0,0.7776856181668064,2.405302521823243,1,1.3977836460701698,3.0696283328514054,0,1.0834947290367265,2.5519685889268025,0,0.6316691868218249,2.2008261654124586,1,0.01551181735597391,1.2940131836776319,0,-0.6378949998102417,1.3312215032514076,0,-0.30553935320221076,2.886928560146609,1,0.9288998671913481,1.5890829581344863,0,2.0470785594481287,1.5659668338789061,0,2.7773426698986072,3.012508628813376,1,0.3116528099799047,1.7617109753009768,0,-0.3020791389160951,2.596768608280929,0,1.1729828743121842,2.8054589043234937,1,0.1682154054486217,3.539282651006828,0,-0.30383960220054956,2.2521951718326756,0,1.2930659659352448,2.3118835423673563,1,0.3999144785001524,1.0251065234753616,0,0.6340469062293185,1.050610496967314,0,0.7043200582780399,1.2008852619580563,1,1.9532877563641702,1.8699378076345001,0,2.02148337496446,1.430843783069268,0,0.2759693538169681,0.6717802931152718,1,1.4420630314824168,2.298012023995018,0,0.5108165815200774,1.883610435577609,0,0.5709989792794259,2.2142345604765956,1,-0.6465027931757354,0.8389229792994296,0,0.49904963522154916,1.424050876157473,0,0.8735407560714883,0.7970301941357665,1,-0.4699296076360698,0.8280728683254401,0,1.7048548441755114,1.9980771745287746,0,-0.18465497099405642,1.4823458804565979,1,0.2882818609674416,3.266121565555416,0,0.46508406680425673,2.6652157295753227,0,0.7106493804041618,2.3345350507768026,1,0.2305695694501761,1.5955624106307975,0,1.584543778225565,1.9997581377722344,0,0.1241624722633456,1.1440249906895779,1,0.3586927234133051,1.053806288748393,0,-0.6643380407204817,2.0966219062855167,0,1.2043585388994766,1.1639488630006367,1,-0.40495235329797896,1.5168360642087946,0,-0.05558585858124463,2.194366970419158,0,0.609531473744253,2.08321429379782,1,0.43894058625795873,1.503651330642253,0,0.1816837099381703,0.5429981850844758,0,-0.11246066246889899,0.7857361103258821,1,0.8552801174556313,0.39797106406107047,0,1.0110317602827494,1.6269809681514347,0,1.685665259397312,3.8975855240291586,1,0.5856734670499815,1.5564877099403678,0,0.30818283530169455,0.6706682109153057,0,0.2590246240652034,1.342890917887843,1,1.0536863995424903,0.9745772751023691,0,0.9693190161937622,0.9340394987066192,0,1.4659504515136317,2.5166203387375763,1,1.3156159880391176,1.6265392144142272,0,-0.20748477233587312,2.0876099924095635,0,-0.867763284893407,1.1287015082294307,1,1.6315162159258718,3.0345292731526152,0,1.097465274678332,2.184473859283749,0,0.9307638826019404,3.4290844677332086,1,0.32424242650642054,2.100993374326198,0,0.2869780081507936,1.673544816289575,0,0.354856035173089,0.8475881992389678,1,0.24564499459478997,1.6916381577288342,0,-0.1943633410066982,1.1012846245654817,0,0.2976320332666204,0.6914305153771217,1,2.0536294451943022,1.7693231717493414,0,0.6573842109302176,1.3284647251478028,0,-0.5460738120983681,1.2217657827766777,1,-0.06908502057534242,2.269728480714141,0,0.2718948852773854,1.348535184903525,0,0.5976411439106187,0.799984617727315,1,-0.5914217491542564,1.9858890188723808,0,-0.03674584609188086,1.1987045544385346,0,-0.08748142594646455,1.1952522713794225,1,0.06830267953020389,1.3305752066620742,0,-0.29274707310968084,0.9413992321182993,0,0.8633521610871486,2.426908570494972,1,1.0426662361959118,1.1183909273952233,0,-0.40894049896110707,1.2159846503874472,0,1.31608692324777,1.3286066683396889,1,0.566551449150508,1.3534490216514488,0,0.857726670704184,1.460290820612455,0,0.7884409389355364,2.5911057907981667,1,0.5245876823266686,2.2002867184119848,0,-0.33811230680855464,2.541658203156627,0
106,100,0.6,SuperLearner,0.862647075785109,0.04435256613641324,-0.03613274647364603,0.1635404300511908,0,1.6852549948641549,0.861418553288358,1,-0.03965959463528547,0.14579511803350803,0,0.23980362319093101,0.3450041466726919,0,2.1644812469619406,0.5272592373690143,1,0.1204480806954773,0.07895422112678331,0,0.04828774743787564,0.14183114895223778,0,0.327693516928753,0.2400983881108703,1,0.20288293668951943,0.2584913264621792,0,0.003248226620738576,0.5910812278660345,0,0.3421291489991765,0.49250222802885796,1,0.08341154607985218,0.1176968445030846,0,0.1986410374840574,0.1908748503673652,0,1.2344058512810088,0.9329911566051226,1,0.22349290891109347,0.19427811469207473,0,0.24120776496631033,0.23813931691345913,0,2.0478578288511335,1.8265689843095727,1,0.09332256927044584,0.2434180740306111,0,0.22050568619353936,0.13574001303775574,0,0.9752692685210779,0.41388065898720394,1,0.13098209110415104,0.08910808223153684,0,0.7708421893520481,0.8273662523821602,0,3.813096490645383,1.8696106550237672,1,0.45550325327081875,1.046490022916694,0,0.26635725013813133,0.4798065837492703,0,0.4800865695601562,0.8760788776112763,1,0.10521555423598557,0.4353272827656116,0,0.08039777164893083,0.1464193021611935,0,2.222949907536092,1.1523508198436914,1,0.21415207514163961,0.34928472791525506,0,0.09924560130096054,0.31030770656938605,0,1.6283103375760546,0.4830429138282624,1,0.3953339978018923,0.18785489059933627,0,-0.0015245670292940187,0.09011612501960616,0,1.4570432709476,1.356317428369411,1,0.02601090020499665,0.10792462500112221,0,-0.017869787478760245,0.6970444596962954,0,1.3500102491788077,1.0660754674337383,1,0.2723748812626258,0.4500718979139917,0,0.0401945204335518,0.12031502210913007,0,1.3513695987895136,0.640155774859848,1,0.10605053158481051,0.28358424525507797,0,0.8536230016299193,0.6573100161756086,0,0.7878987285241082,0.6493851729959454,1,0.14394964723536077,0.2433625735085514,0,-0.02780702253895574,0.3711302342301139,0,1.0433128672272372,0.5378388032442496,1,0.48209374428157065,0.7049620961817904,0,0.04564147748869488,0.8905829509858273,0,0.12324666174718242,0.5169694029764891,1,0.32833980263051926,0.3793716013129103,0,0.13549603158690773,0.29602481088934685,0,1.8547776014275386,0.7532945774815639,1,-0.015287306508390682,0.09369193877953329,0,-0.007253469627129461,0.25925985939120916,0,0.21642152172664292,0.40380567733139144,1,-0.022859474329955144,0.19790600832006694,0,0.10297238160643787,0.1412252128714101,0,0.9764694779022568,0.10655295439642809,1,0.12183562906524392,0.11709721298689414,0,0.09530433898986285,0.2032381318516078,0,2.5373610937881943,2.008031780723507,1,-0.12325314824309708,0.44969136341024624,0,-0.15394558166651479,0.291949305713823,0,0.9725722222936453,0.8176467188310191,1,0.35431765040587127,0.326002126438195,0,-0.00984378051355404,0.24652432165495422,0,1.27335843025851,0.5043189771066027,1,0.15753374952843738,0.15882203736547193,0,-0.12594059421777476,0.23625437602777008,0,0.05724837084544282,0.2598043682004599,1,0.35115091845611945,0.16755236924164718,0,0.019106479160979066,0.13903067770589947,0,2.845780840475112,1.001478594508502,1,0.3373881395687065,0.4733620987974122,0,-0.025305710709474516,0.08341661832058805,0,0.17497030505611696,0.39481388485268554,1,0.27617933560958796,0.4602903354938031,0,-0.058119318304136726,0.3354715781198212,0,1.6162856658591411,0.3421752797609734,1,0.17516571843705572,0.21278761918648229,0,0.015299759704186877,0.2416494066909646,0,2.5238046393624103,1.4361596813813915,1,0.2472584086485438,0.2138605870876496,0,-0.011252351738518953,0.12244272011123587,0,1.4424282795784742,0.4897093260544928,1,0.0679570835829475,0.20282718682849712,0,0.010128079964923847,0.15211531811694315,0,0.7752218707372478,0.6084925780059508,1,0.15791851565079398,0.13301968799746325,0,0.033257166733728506,0.16527965724062954,0,0.3919756113977543,0.35850214978104694,1,0.19418109352032814,0.5396643098375119,0,-0.02041346787395733,0.1022344663775536,0,2.6202424292785413,1.4769228015636728,1,0.05923258484882636,0.30564409842483536,0,-0.009603875739526929,0.11552546994248225,0,0.6933997134945037,0.5383152569661315,1,0.17834757312206584,0.20485322999447667,0,0.03190228966335096,0.12001418702528717,0
106,250,0.6,lr,0.9551661238215446,0.018352354204845156,-0.024861274610871193,0.02146320289032549,0,1.573301356460098,0.2676197638279926,1,0.01964170050222222,0.07417197873013483,0,0.01688061847256332,0.04446893197033053,0,2.4128700277833555,0.35960697905752026,1,0.07370347447306384,0.07658202178078793,0,0.007378547618961477,0.03315462442699989,0,1.6529479217767125,0.39009380166196667,1,0.18906676952077167,0.1548328381603002,0,0.08079323360470328,0.08993757309290325,0,1.3270587774210378,0.26654837043130364,1,0.07583058022031479,0.06971840433307878,0,0.0320887747032019,0.026026316987580067,0,2.107844512146233,0.781186551737376,1,0.011665608329959134,0.016507365181201553,0,0.01225882606872009,0.020822908736081298,0,1.8227948190822763,0.3945831997982871,1,0.06592876810841007,0.0943192065919103,0,0.02118315090063346,0.02957365254987247,0,1.7932104219708527,0.5076824546313986,1,0.018655143993942476,0.0607302553261135,0,0.07881899905454508,0.04439169340343062,0,2.8094727596464324,0.8126066307514965,1,0.00947914026173742,0.02516906419651903,0,0.01749956459270508,0.032591813707097635,0,1.4112694555217915,0.5369279716527734,1,-0.026601392328407986,0.028790103882708522,0,-0.01216223216095146,0.04952194863719879,0,2.0782386389270506,0.7246487644144934,1,-0.00917702472911574,0.02077829990398105,0,0.004805056991635259,0.04883403786132523,0,1.1718927982928367,0.33966130374479453,1,0.0004987522194874194,0.013210362094094454,0,0.03823942459638916,0.04967517556414006,0,1.6905071457897904,0.3010005487885256,1,-0.013934842189179711,0.014290537361162392,0,0.029248478430089514,0.06489755126769722,0,2.112241819468447,0.20404862602157528,1,0.002113047707390233,0.004494764162414172,0,0.005361290008085638,0.012009801692595275,0,2.0576328376322968,0.6612036243573799,1,0.04134863218205214,0.05900311721622461,0,-0.028315769447397464,0.04868338787458892,0,1.8161232841240036,0.6463345940788053,1,0.009738983244965357,0.029523538127481017,0,0.005769775623441173,0.02950966314842552,0,2.3027033521652527,0.53455674455936,1,-0.01907781029933912,0.02078638034793864,0,0.09902558292329186,0.0391903691882093,0,1.7672854643984444,0.3187543800316158,1,-0.0006856236003071447,0.013553054317554125,0,-0.007859769745546981,0.012432285540821543,0,1.7603245618195076,0.5933580812736938,1,-0.006297708929886954,0.02931986661147572,0,0.00455335887101622,0.04967392630271763,0,2.129347850819531,0.42521296881330833,1,0.040117219077776406,0.03272297344934915,0,0.0002834877350751792,0.014669432176935218,0,1.8425915321914157,0.861659700442374,1,-0.0013014867761117898,0.012012026172446306,0,-0.009992666218404975,0.01792860659454031,0,1.7742525551092854,0.5371599176934682,1,0.018802256493736447,0.02766134535384072,0,0.043650409658792404,0.04969417997100777,0,1.2964949267547745,0.25583677480002714,1,-0.03121071916752426,0.041785602056958776,0,0.09427172676852105,0.10154621673483094,0,1.6493032806781929,0.44233494446051097,1,0.01433082798560473,0.04299301431579756,0,-0.02362291772614628,0.018717253606489095,0,1.9681822191370002,0.5856528456407103,1,0.0008115187069836702,0.00579717454817781,0,-0.0005688028481663276,0.009886597062754706,0,1.7856719708831652,0.2718956227935069,1,0.014389898488470398,0.019519813808387913,0,-0.008943746423798369,0.034242082585344266,0,1.7563933837501835,0.4776396192291661,1,-0.07549458620278428,0.06117952551206683,0,0.07577460598481524,0.134391759683366,0,2.5086797293098195,0.6014175343156991,1,0.09522127195974199,0.08391730042210423,0,0.013071484766938254,0.017231165913156356,0,1.6472720567037673,0.34090263932786047,1,0.006051029757324927,0.03394482585020534,0,-0.02232174750058258,0.03818313700021053,0,2.1307887927556526,0.3702792015101223,1,0.02147590037114904,0.02756204968059654,0,0.018725927025122997,0.04572900272858647,0,1.9823072250143288,0.9122515221512291,1,-0.010138867781691287,0.02861692712034958,0,-0.005792651648117363,0.056996059541079384,0,1.3879117365769669,0.4620155275024818,1,-0.011829291278560255,0.02719585951239985,0,-0.010535327097155909,0.011030347199345522,0,2.232618901676901,0.48117407732966555,1,0.0009774842131642825,0.01588317916444169,0,0.00772379569076489,0.01522239847382443,0,1.5978222295016,0.3398950637714841,1,0.04915663895264026,0.07226846522655771,0,-0.005293570365006824,0.005792360578721927,0
106,250,0.6,lasso,0.3864600985072443,0.05292489605256694,0.0,0.0,0,0.2686561498218937,0.2235988693284235,1,0.0,0.0,0,0.0,0.0,0,0.15598159029743597,0.14603233329700543,1,0.0,0.0,0,0.048120485430383594,0.23729634920354867,0,0.49162078461470554,0.5163436175427897,1,0.19091675977638595,0.316444093711377,0,0.012268042278453847,0.024536084556907693,0,0.0,0.0,1,0.0,0.0,0,0.0,0.0,0,0.0,0.0,1,0.3706091095381837,0.2754307141315849,0,0.0,0.0,0,4.680012316978955,1.0574515994809448,1,0.0,0.0,0,0.0,0.0,0,0.13981064693600292,0.12837236843778066,1,0.006720539456801106,0.013441078913602212,0,0.16640699855483881,0.2136816808472835,0,2.2003489871635793,0.4873016791869406,1,0.0,0.0,0,0.0,0.0,0,0.0,0.0,1,0.0,0.0,0,0.0,0.0,0,0.792186081225526,0.12352520545120847,1,0.0,0.0,0,0.0,0.0,0,0.24734613276951092,0.22900797436791454,1,0.0,0.0,0,0.0,0.0,0,0.23657955681804363,0.1805631980482319,1,0.1258976311746933,0.2268709663855106,0,0.0,0.0,0,1.433032798581826,0.5441881208203172,1,0.0,0.0,0,0.0,0.0,0,1.1249078526289182,0.6624363922553657,1,0.0,0.0,0,-0.0025705635192575186,0.005141127038515037,0,0.7179947632319371,0.4410949488636631,1,0.0,0.0,0,0.0,0.0,0,0.9370385742086214,0.1686352091004715,1,0.14243635459613352,0.20414418285143526,0,0.016687371622174162,0.058148040246055674,0,-4.393720137090184e-05,8.787440274180368e-05,1,0.0,0.0,0,0.03085949829764522,0.04320185799618983,0,0.0,0.0,1,0.5481156369236448,0.11909951443496754,0,0.004188318635356894,0.008376637270713787,0,0.0959130596091287,0.1526230358635652,1,0.0,0.0,0,-0.012065199812107607,0.024130399624215215,0,0.0,0.0,1,0.0,0.0,0,1.358476350515914,0.47802516384803967,0,0.0322040879398611,0.1399681060119841,1,0.0,0.0,0,0.0,0.0,0,0.002982861080028755,0.005965722160057511,1,-0.041831267488642694,0.08366253497728539,0,0.0,0.0,0,0.9361007473675638,0.6412404490480333,1,0.0,0.0,0,0.0,0.0,0,0.03343329904855189,0.08395921132996643,1,0.0,0.0,0,0.0,0.0,0,0.0011186496245673893,0.0022372992491347787,1,0.0,0.0,0,0.0,0.0,0,0.0,0.0,1,0.0013995312981236196,0.0027990625962472392,0,0.009105941287050712,0.018211882574101425,0,0.8940878877402252,0.33830692594339035,1,0.10645550111457835,0.09677174074872522,0,-0.0011345213934906583,0.0022690427869813167,0,0.7260242442317912,0.7023361754645654,1,0.11012870768432208,0.1519957064368913,0,0.0,0.0,0,0.47456456609178466,0.24475518448976646,1,0.0,0.0,0,0.0,0.0,0,0.02009959749193,0.04019919498386,1,0.0,0.0,0,0.0008092306534194192,0.0016184613068388385,0,0.0021237576608795694,0.004247515321759139,1,0.12853711881704127,0.25707423763408255,0,0.5308424485197358,0.40276854800721373,0,1.7791338602199716,0.8411950782283742,1,0.0241937199598097,0.0483874399196194,0,0.0,0.0,0,0.10331252557537321,0.1646268072273585,1,0.0,0.0,0,0.0,0.0,0
106,250,0.6,dt,-0.5446065821673015,0.4465175799314375,-0.1080363483307735,0.15167958523142624,0,-0.09126322895114755,0.2924797310661127,1,-0.00797014913650233,0.017958104998071444,0,0.049051877806713,0.21134211555894297,0,0.08625452996862315,1.548253370929224,1,-0.0013818741733843468,0.0027637483467686935,0,0.09850707045010007,0.6354422868233044,0,0.09651357129611542,0.2258601862517753,1,-1.1789780119586406,1.49983682162575,0,0.11665879193961462,0.27057154546013956,0,0.3009637946654099,0.34537402227899716,1,0.7078184608194084,1.6807591469760903,0,-0.41074536717049437,0.4739335335813683,0,0.08015228544255604,1.092412740530056,1,0.240019840851618,0.9130593628126484,0,1.0577607768163093,2.1584207217488234,0,4.665896507783022,5.868001291524248,1,0.02912467657487037,0.2257432173970839,0,0.19469024501841736,0.3673722738453556,0,-0.6862499919835578,1.386441249761805,1,-0.55933507793225,0.9933008330693907,0,-0.025273240235266815,0.23015876855440306,0,0.6733902283663641,0.6294354102221994,1,-0.5756511791722454,1.1896912486846873,0,-1.8591906539544631,3.687964607691976,0,-2.2935330601459016,4.678067542478024,1,-0.4394808189069259,1.0638029814319028,0,0.05391501184578314,0.1546785120528873,0,2.02676974281788,2.703693210381348,1,-1.4632353903443374,2.927657604465625,0,-0.9438096250035836,2.0822786100214628,0,-1.085804712261766,1.5652458591193876,1,1.2364156086339573,2.8138251698514636,0,0.4700858053046762,0.9401716106093524,0,1.541699850215397,1.8214538171668508,1,0.0,0.0,0,0.049986750527311274,0.07205467156759159,0,0.3119531639901291,0.5878554144167413,1,-0.6872368456637508,0.7427044112895504,0,0.1859819328210982,0.6795477011637803,0,1.4225641166669196,3.450519416172954,1,0.07872063073315069,0.09642799176805886,0,-0.18563437279925515,0.5943130144488187,0,-0.7559079438596429,1.8080927703408278,1,-0.21314737881009044,0.7274062263567126,0,-0.49877327786824777,1.5574083102981615,0,3.3945271834371553,5.298713101409714,1,0.307752938268742,1.534404978055655,0,0.18645288807868202,0.37290577615736403,0,-0.08169441712898186,0.16064274288819888,1,-0.014254558633359327,0.42921273380189995,0,0.19810394576498985,0.1936506364016559,0,0.026376337271604655,0.05275267454320931,1,-0.021171856496059887,0.02693524447194107,0,-1.1245998018901822,2.1014419709844416,0,0.3905683289421861,2.3116823731078644,1,0.024888942757020315,0.049532728686694096,0,0.2318596936833019,0.4593179468255177,0,0.3294873927545787,0.5560944567863338,1,-0.08193567879737344,0.07690869090240805,0,0.32754835771312035,0.8913958028468014,0,-0.32357119431041925,0.5329501304975583,1,0.13766632421689418,0.30908247245166354,0,0.04088352923369223,0.06332984996114693,0,0.050376682441716635,0.10075336488343327,1,0.15271197723580804,2.5410644937813376,0,-0.027038409407008374,0.06955457523338364,0,0.8695196169341092,1.1867879458138884,1,-0.45778678625135144,0.5082808585220512,0,-0.7320142020696601,1.1399661799417842,0,0.8690636050011842,1.5588579944298333,1,-0.5757817612172722,0.5019988531225031,0,-0.16374317279305864,0.16000521573635162,0,-0.0019222385070698622,0.04506069392033701,1,-0.2439799505031059,0.46179958699710844,0,0.04777087096281386,0.23272395251563727,0,0.419342982518126,0.6403462706024697,1,1.4759621929786213,3.0907320309011945,0,0.23013047089436264,0.5369751857465918,0,0.25143398609588685,0.39621694188145434,1,-0.0054032026748666254,0.7522073426072722,0,-1.5937476922765716,2.9765530049296456,0,-0.0018704498259459676,0.02846311609686708,1,-0.019750118958429423,0.11431584360562144,0,0.3194431037079814,1.1179209612876808,0,-0.016245562324075907,0.10341583400435571,1,-0.01665038815691554,0.12808644028848884,0,0.032870204828783244,0.2119463023412191,0,1.2277588143797382,1.9328774649610823,1,-0.686819800057169,1.1285516145331118,0,0.00402031791147192,0.008040635822943839,0,0.5989745108254836,1.3820191448765686,1,0.3210334287043459,0.665089284913628,0,1.6533405970314496,2.1789184407003295,0,2.6851800260136165,5.5199304808842795,1,-1.3412806962529173,2.9595325934097794,0,0.5937034634846781,1.2416995326831983,0,-0.008472945889960327,0.4961628400712852,1,0.6342647015490519,0.7611183345292947,0,-1.4214427387896482,2.7996082520446794,0
106,250,0.6,rf,0.38081092127951627,0.0547686510816417,-0.02883380207543399,0.07208353675415687,0,0.095028740033302,0.1009452598479881,1,0.005131058670794516,0.053207185855183796,0,0.09634780812199473,0.1049525544554593,0,0.29103561479815054,0.15085794874400443,1,0.03116729332479224,0.14645236183228025,0,-0.015803885950661907,0.15757069507910904,0,0.15330800143473494,0.40461229387604913,1,0.44851969262450486,0.34511043906733785,0,0.04095917560140515,0.10852670198868723,0,0.055978242716051486,0.12007694187274556,1,0.01783086323928206,0.05517179865427009,0,-0.03554911802152092,0.05904420325525195,0,0.09522308351811064,0.078945487224874,1,0.18895604569942145,0.2309260155494347,0,0.5552618339862841,0.4866927139314512,0,2.3473123489175958,0.8677963246110668,1,0.18171484519382025,0.2174764023283239,0,0.13092468688296402,0.11785539342734597,0,0.45063954741248474,0.3046176782618185,1,0.13455979847827187,0.15325398345909533,0,0.665996352634393,0.36011606741794233,0,0.411952837896826,0.2857549558647858,1,0.042464812102811854,0.07635451948471383,0,0.012274621733886574,0.0294807388152683,0,0.16612767921341934,0.30523749897088304,1,0.012369317647800162,0.10541927966388193,0,0.11731588635913663,0.19661848878717444,0,0.3518525467351147,0.11563556963440744,1,0.2118934848281317,0.1525350881523822,0,0.30809992475983616,0.1657313690322919,0,0.25174397319857017,0.13303934410584015,1,-0.019488703025342134,0.09515985196200544,0,0.056442920080777746,0.13370356375920636,0,0.17276911395893227,0.06525974672152594,1,0.13408580283880564,0.06463365541906842,0,0.3193784502135865,0.11457307807448026,0,0.5304841715291057,0.2029991101575018,1,0.25798316735778676,0.15057561840930636,0,-0.026285408208201088,0.27193180923414645,0,0.9672802616664944,0.6436488598205107,1,0.08887344111302212,0.05226036177775599,0,0.26549204465770954,0.16696845409985775,0,0.2629150658641543,0.14508323969972556,1,0.11394604182414607,0.11187918915775814,0,0.15311133636843108,0.07591791056633561,0,0.5885324139516663,0.23187188706355374,1,0.10491792070801882,0.09788379547562813,0,0.14718644928516128,0.16436779342060895,0,0.16760538391600047,0.13893158787182977,1,-0.03384752218091363,0.052756881782164075,0,0.10590557821301776,0.1867588224105589,0,0.08763911988180037,0.09755095767781428,1,0.4067883558383299,0.10112981321475871,0,0.13072997801827504,0.027675989134246598,0,0.10063124560014178,0.1568257896273418,1,0.01016537831789582,0.036472059177550344,0,0.07915933727770277,0.07086479329831984,0,-0.0003021178400453156,0.13662233185980072,1,-0.008147731469051267,0.09771826214885673,0,0.7235985016292795,0.5458854258969884,0,0.025256728936680302,0.2248679927416279,1,-0.079345515314584,0.10664286392886049,0,0.02573951087496119,0.08181231348335061,0,0.17652407603561612,0.2691439539961938,1,0.14978462034201515,0.15980560696032028,0,0.07265349243537593,0.10434372740077946,0,0.4392713037839117,0.2469994166414379,1,-0.028933384391322776,0.14927954032012145,0,0.03471435918141138,0.05543869705064383,0,0.11849863264551341,0.22316197287258452,1,0.012640146192112947,0.05299489768115467,0,0.026570822579120995,0.1114538684145291,0,0.024477729471184418,0.04864260246766025,1,-0.007550754091991986,0.18069475188398101,0,-0.03774916880030743,0.04662417827144509,0,0.07725298162165392,0.1333860456710876,1,0.16327552065384235,0.11308046120420062,0,0.12378149089971587,0.15079493490284213,0,0.4484887382623036,0.21361534605825183,1,0.1582793004290152,0.1355495166924687,0,0.2627913699222211,0.1075443821304692,0,0.28701768760783125,0.21825153973028136,1,0.2609153211263793,0.10250290388654545,0,0.10683358090101272,0.1916996844031034,0,0.17531759243023362,0.16130808216336517,1,0.05769983045892561,0.08614208065912468,0,-0.022526360799527526,0.09547310701378213,0,0.002974619720267818,0.09841775378245306,1,0.14887500690659441,0.06471876420431077,0,0.11466712721904751,0.1288773168232961,0,0.08450185972728703,0.05332572086419353,1,0.30825164517303916,0.3933158915643621,0,0.5541320998976711,0.2597478052131618,0,0.7944345865416838,0.49776413331115077,1,0.18492538878031775,0.09858986512908403,0,0.024312160411820768,0.0420933098390371,0,0.006729301404659294,0.0931043511546457,1,0.02772367995919074,0.06103145856775958,0,-0.04137233484331034,0.03837443181821978,0
106,250,0.6,et,0.38830938799713727,0.04109685607288961,0.04863897377696205,0.08060922645033664,0,0.16288946956672148,0.1075561753927478,1,0.015107948807079141,0.06926963042971238,0,0.05453082491493087,0.09637124069763266,0,0.22883079652516547,0.2016072686807112,1,0.11900649533388723,0.1624974981064321,0,-0.08541676934855351,0.13865906539438935,0,0.10579162491333491,0.27162209584751373,1,0.07608527666427171,0.6189698684972404,0,0.1479775758278919,0.14359672899467563,0,0.1816924345012761,0.12405177093689139,1,-0.03188113879846782,0.023517947680347654,0,0.058555827290770635,0.14558139103015874,0,0.09074090049748613,0.06911121078300686,1,0.20853851085823405,0.205079114540915,0,0.4089966023219863,0.24263807967600276,0,3.1122377496544535,0.6274606325582611,1,0.1688252909410118,0.13488018239922756,0,0.17192669849699285,0.09269297577373552,0,0.2002973480422366,0.11221500530079905,1,0.13568235688160207,0.12904282036114126,0,0.7227798878251998,0.1788312768353102,0,0.3341299942912751,0.11963435381001003,1,0.024928728973452958,0.08326733077690383,0,0.08878356053043215,0.09522465373435807,0,0.09565447110872838,0.2197462917692461,1,0.07912332044397899,0.0918508325920533,0,0.05434932597312544,0.10265710281248136,0,0.4182391077992003,0.2576750081072937,1,0.32895869789533827,0.14931523590587853,0,0.25083840059424045,0.21389901899986802,0,0.25136171467065316,0.1397718964281724,1,0.041271611935605704,0.09611866508165637,0,0.05452029283160202,0.14382435187886647,0,0.13176273620703804,0.1169725458393716,1,0.18938598249084934,0.10770633029009502,0,0.21401133160703614,0.12633911233294318,0,0.4996799192528041,0.5104086305258115,1,0.026366115762798115,0.12364051656725969,0,0.17494660022319153,0.20517248290808512,0,1.0639720516889182,0.799254830001677,1,0.1698035698206078,0.04396070797290486,0,0.19006322260101385,0.06397219478405042,0,0.23290214792901595,0.12266367573169118,1,0.07713120610205966,0.07860381758461944,0,0.003441565994807805,0.16111423564753571,0,0.6541175331652751,0.2656981646460837,1,0.08750466007006075,0.18665953214125147,0,0.026833275062280903,0.19407837733916278,0,0.06814382311212916,0.09372836212779194,1,0.0006085483000002445,0.1630407065350067,0,0.0664484672995345,0.1376110088511853,0,-0.005718897353831865,0.1033343568495086,1,0.300882096294319,0.24177176138448694,0,-0.032765999557883146,0.39200359594208545,0,0.06063076092480725,0.23238501877203405,1,-0.005319310392495724,0.1869051649686941,0,0.0253020503058288,0.12055764918940039,0,0.04355786153245014,0.16706624611872653,1,0.010295303382309195,0.07080194097042286,0,0.6660336639770416,0.24085633173225415,0,0.02203119103012713,0.041249598033544325,1,-0.004590415593853153,0.08522994344474777,0,0.02457759851259019,0.09050049266881278,0,0.05324178639786409,0.24571959308073835,1,0.1668022655408527,0.17326260708423,0,0.15842470148775628,0.1303707758412744,0,0.6471610853012358,0.38381038826666214,1,-0.02141464479311752,0.1969344468977017,0,-0.04505320742487652,0.13919283918743236,0,0.16682099052144952,0.2171093047597327,1,-0.05609475689501322,0.07887264449266349,0,-0.03059750149166557,0.1004358619736159,0,-0.06889239662972677,0.08907937242760978,1,0.008557411321026364,0.13521474245961337,0,-0.049479615792931,0.09066764597827573,0,-0.013427799485516766,0.19316295305691117,1,0.10881802173882542,0.04520499467955146,0,0.08142978737737973,0.0909191404965406,0,0.6412245914102109,0.4056079115268612,1,0.11167085927594952,0.11631687191720312,0,0.320376502110938,0.036298820283522694,0,0.1681931047893749,0.09149137640631025,1,0.22702935370148825,0.15102406774113422,0,0.07562614553913331,0.12933164042428819,0,0.2612761107111996,0.10492631406208311,1,0.08881908366948188,0.09972925250784197,0,-0.1049688004800404,0.07164184051267974,0,0.13114532097105855,0.07580389552999217,1,0.10857470890056728,0.15072264724969484,0,0.07304152844605523,0.07533988325184776,0,0.07824031857188715,0.0960740915371785,1,0.35175692369990597,0.5705218186251715,0,0.5864278473601371,0.20405825745792075,0,0.5828022710417164,0.36037909850828437,1,0.051412727100636116,0.09774161797321194,0,-0.005242629390380312,0.12823295947596777,0,0.14766645357520844,0.12883999365405793,1,0.02172637508786579,0.11171918846143922,0,0.05288860614373525,0.035279923562839814,0
106,250,0.6,gb,0.45328169056092127,0.060230851273359816,-0.009617352474892194,0.038778564910637955,0,0.049962427364316594,0.3059065176821423,1,-0.008325093006275139,0.05794831377957803,0,0.008607135168192389,0.09383379997232588,0,0.6057762639821584,0.41636673278390673,1,0.10174871717477782,0.17285733494489877,0,0.04056097041872216,0.12478869510208046,0,0.06249712284667536,0.4192315810237009,1,0.4187802985707855,0.5232207670899934,0,-0.02462671730048592,0.12223910027908028,0,0.06992598901284833,0.08956596075572885,1,0.06906150626148758,0.1540735972495787,0,0.054004733348416004,0.2116573432125234,0,0.02523738117495563,0.05377765227290561,1,0.18876674366284524,0.39451272071813553,0,0.43116594997709595,0.28855091850600373,0,2.790076020481773,1.217093944553387,1,-0.01669435482922804,0.16051145347054446,0,0.02454149747726752,0.14637420361384176,0,0.2667257589877491,0.22232085055003273,1,0.1261706767810437,0.13298248480295471,0,0.5202437256411129,0.24651474424899414,0,0.5806752329605258,1.0075861368615686,1,-0.02604713726991299,0.03357196482318487,0,-0.030225845396577362,0.09569079342160854,0,-0.06541467115839654,0.32752456143705844,1,-0.06799734146129233,0.2842384338910817,0,-0.010901338607317769,0.030232786335431302,0,0.6708319061650143,0.3973188984571705,1,0.11425963015812657,0.18173778699629958,0,0.3527134148183252,0.34863430584591387,0,0.02520855206748098,0.19902080213958345,1,0.3256332939288838,0.2521604747815502,0,0.01946863400557585,0.05163679940258535,0,0.21460383919416537,0.142273194427976,1,0.17720636060049216,0.2058262237841089,0,0.4342650423351594,0.26129702725289783,0,0.8568064346301781,0.5645432474263177,1,0.26643516602037326,0.2695588622428318,0,0.012260546090947006,0.08434782513315682,0,1.5351872609351047,0.9288578622880159,1,-0.0002855941095726387,0.07154446958391637,0,0.279314838276883,0.2084470889395762,0,0.5685428181215917,0.4896271831706558,1,0.013007831217556689,0.10144102046665703,0,-0.051542594506955884,0.0854763151120307,0,1.1670598451881355,0.6682552119726942,1,0.1572997837484921,0.13862737325185984,0,0.2242538907167349,0.22250789227859386,0,-0.02173520972823617,0.2293896312865146,1,0.006753340199752707,0.040186344567994046,0,0.09013713669874476,0.1513930540809962,0,0.12950824716059245,0.05989180038701109,1,0.32603819398234124,0.28828029807346217,0,0.1465093678242119,0.3358709184482737,0,0.0879374382927525,0.43811910069761817,1,0.007973364659287404,0.03205317490205927,0,0.16033844078663034,0.096950687589374,0,-0.10104933692355016,0.23310070196243887,1,0.05734201937886407,0.048562610382004406,0,1.1635057681078655,0.6526246611990509,0,0.08577702965427582,0.10816180501472702,1,-0.02547998492995005,0.1349989257470083,0,-0.028110012252455203,0.06272596210184854,0,0.014310989520940575,0.32400958478575975,1,0.27423282938860066,0.31819642613437576,0,0.33501081255229925,0.491528292675847,0,0.5770174634378261,0.6769635649194665,1,-0.05045664653977065,0.06027739600326321,0,0.0015425552383876134,0.1614577681563869,0,0.3851733833287088,0.3171544923843959,1,0.03535434352022966,0.04737105615620256,0,-0.01492765639003136,0.07825054475513497,0,0.23531683250558078,0.15708746520462183,1,0.018281974324604364,0.025241604967045354,0,-0.05781416010697275,0.06639055672050206,0,0.07944499887438017,0.07891773879483574,1,0.5893840511232741,0.25412938850497563,0,-0.01482273149870067,0.1802409128105525,0,0.5795126136195246,0.44491071075872474,1,0.07050335517331807,0.08581977372669779,0,0.34096290916932814,0.31541983202379664,0,0.4079442275435864,0.4268339668998736,1,0.32948117556186923,0.2765535433941166,0,0.3105353485878018,0.308451482424448,0,0.45539899503340464,0.3090071857474069,1,0.020679616315327942,0.06150817533958001,0,-0.01058620931331641,0.017267748715338403,0,0.0919152860785916,0.07263233346419311,1,0.20280032283746902,0.2907044249407817,0,0.07390695597274997,0.20823617305690492,0,0.06858811922396091,0.08481944635504629,1,0.030697824216864716,0.048523179230431535,0,0.6609111667770116,0.537040885263297,0,1.3825806297810508,0.9389979931478319,1,-0.03097283972665,0.21376406673868503,0,0.015981123326001732,0.08275107399498915,0,0.21757905977024414,0.14965034235720695,1,-0.049403122365609856,0.10412721090096581,0,0.018840001699102497,0.025362890822119233,0
106,250,0.6,hgb,0.5223693750195266,0.04314771267319925,-0.02473308445873245,0.014057889024476944,0,0.2988730112523009,0.292927140948425,1,-0.028598609183687403,0.09966388605445858,0,-0.011930307393937165,0.08181639663184556,0,0.8756942283742692,0.14932129360691168,1,0.09280518058521663,0.2000967865129333,0,0.010476452108704912,0.07498484551645385,0,0.054936115444821666,0.506944897154613,1,0.34884912557354564,0.32914025997515023,0,0.03595584996384798,0.10255731552494891,0,0.14617694776448578,0.15592245647630296,1,-0.06734073468628567,0.14232706276208631,0,0.01636374989081423,0.1245284641627984,0,0.1271619733476436,0.10725012564833758,1,0.064825792343696,0.1427478883227043,0,0.2821123792526687,0.2361318739851775,0,3.881286845920004,1.3948554773847375,1,-0.020011945004174754,0.5242614447548862,0,0.026157111880222093,0.05085024704925973,0,0.4479125138003779,0.47822392070606917,1,0.13264343711128282,0.20659604683556324,0,0.5359810895518949,0.6580181875708581,0,1.1041069102558927,0.6716592224984477,1,-0.010459072142584496,0.042108154023235415,0,0.016128542465998093,0.015376597988831975,0,-0.029196519892368343,0.4305347321778579,1,-0.0006378513851551743,0.03437624581130361,0,0.05112821581503736,0.12188024843753657,0,0.8269732588627928,0.406578976568867,1,0.4548021264330007,0.5062538892800907,0,0.3271540343197469,0.15724191293556689,0,0.14834671930420523,0.21961894010209201,1,0.22112729569428505,0.44716050112634337,0,0.02949371037459621,0.08439537969583166,0,0.564557673251876,0.2560143982388573,1,0.5937882810025679,0.3196090542804534,0,0.2615005128042469,0.28360023666561296,0,0.6063612842040296,0.6612545665319937,1,0.35198833165531856,0.1798919228841981,0,-0.15316611717303247,0.23253394813019143,0,2.4106694146927485,1.0327804196630979,1,-0.0062428984770121,0.09216672369349187,0,0.13032924179958982,0.160242632412484,0,0.38731957812877116,0.2384857624533971,1,0.0774945930078377,0.07521647295513637,0,0.08096504248336536,0.15132593381271608,0,1.2105290822668775,0.32726380167146624,1,0.3983326355905846,0.5211107417921372,0,0.40948827598842674,0.5448554089562213,0,-0.033424511463515105,0.22221654070705127,1,-0.019016987918595792,0.0646879210349505,0,0.02537230056978924,0.03846427250845005,0,0.0574661046552172,0.26016412288275703,1,0.5369226183590358,0.2580779596434143,0,-0.05429696972709105,0.13140865824115977,0,0.09745628157783787,0.37256750345083134,1,0.05528185402130829,0.28746131737241387,0,-0.05960961091999012,0.2688052864345245,0,0.03517325635323674,0.06912933569579974,1,0.020176980446910787,0.14530653726622111,0,0.8655768654791327,0.23517388516412968,0,0.30778926872379747,0.333833425576846,1,-0.029573161349787658,0.05748938909276042,0,0.06553808017546431,0.049626593328256176,0,0.11060340799496995,0.22500867445511294,1,0.3813374175367262,0.25041747229149103,0,0.06030083315595465,0.09958295630756804,0,0.6109530606461476,0.7532909614336583,1,-0.05297832519496633,0.041639529261257205,0,-0.007230660198073699,0.012462182302275202,0,0.6501573813243592,0.46165234673754446,1,0.032802748442601636,0.04242861402106584,0,-0.025521959805401628,0.14564452204085396,0,0.37975379816864796,0.2263697377787128,1,-0.016424175111381403,0.06576566993250132,0,-0.11495847875882988,0.22072238909745548,0,0.15142796109027712,0.2258879720252286,1,0.7350600671943529,0.3682576633110924,0,0.020486110835876464,0.10322474225216698,0,0.8765315442882731,0.9377115939020374,1,-0.007824786946128459,0.11242131368523955,0,0.4102415209984773,0.4763863827362533,0,0.2937983501318425,0.26128902309380864,1,0.478717245724318,0.0826167797133043,0,0.23342135049747842,0.23936010821187637,0,1.1293160460082543,0.47470842312005107,1,-0.013237755310004507,0.02610494632344296,0,-0.013841599902115292,0.035497616296208005,0,0.18485719405139575,0.1827289073484721,1,0.20706862780884555,0.08147399037236928,0,0.0033340128404501005,0.05514973858707717,0,0.23402728843211257,0.26717010793027846,1,0.11201889752531087,0.2866995329063713,0,0.500120818982892,0.4787086330641392,0,0.9149692392954419,0.5708802963024627,1,0.07453362248924246,0.09972886847810046,0,0.012619079167389982,0.04931932152768314,0,0.14823113012008787,0.19404953857802226,1,0.11939173764748143,0.09692258639171807,0,-0.011666870250957728,0.015763805995323232,0
106,250,0.6,ab,0.40613008624059266,0.053066678837147475,0.005003813933274629,0.010007627866549258,0,-0.005545113412946534,0.10866904488623313,1,-0.09303597183249339,0.12007876065217636,0,-0.00765899492574208,0.23909152340068388,0,0.5514126219541555,0.5589853420291527,1,0.05567012617436742,0.09162359929556055,0,-0.059378931965578044,0.08812273613079132,0,-0.09070644863415042,0.36432571959079696,1,0.5741406973271086,0.3600563751341237,0,0.02849085830790643,0.17155201123134392,0,0.05696213894626412,0.2615866695104775,1,0.0009800687434522366,0.05727607911086793,0,0.09465080870618515,0.2001516160781338,0,0.014600804220234964,0.020919680191883328,1,0.08678055041795234,0.14322350600003245,0,0.2946203857024023,0.09579835333878038,0,2.677821321067917,1.0266663835723666,1,-0.023843438985289157,0.13559189458226667,0,-0.044027954752310514,0.1102076707026902,0,0.7908381746186912,0.5274104002388154,1,-0.015006039064799437,0.10617527041257206,0,0.2659398763589454,0.35431223834536496,0,1.1520052126854123,0.4287965590634698,1,0.04414146452953853,0.08813742623481752,0,-0.12197182166437062,0.25517934140786924,0,-0.0251367049502016,0.22611395537458429,1,0.0781415505734642,0.14256414262000885,0,0.12215338391571384,0.3208767219881945,0,0.43889879639227064,0.23048915971101022,1,0.7658367003060174,0.37503570364442157,0,0.09150279749041057,0.0858836975773504,0,0.3083938356749079,0.25488348967810437,1,0.08890961396876096,0.1172011335685447,0,0.18149280506609666,0.2597630194129906,0,0.07887527470952704,0.2223319697000578,1,0.08484067133022391,0.16318613492588924,0,0.3094677778277478,0.37387916395562776,0,0.9012738110216059,0.6437301651153697,1,-0.04221160046479072,0.08442320092958146,0,0.006154427825792161,0.1497874077602306,0,0.8902189185702525,0.9157210371157513,1,0.08666317571012169,0.36334931921689695,0,-0.06307845207067705,0.0857279428347116,0,0.08196714759619421,0.25922626404920923,1,0.09327988566303706,0.15228492426311682,0,0.0879193040063208,0.11598600078721796,0,0.3906613314279851,0.456870647023638,1,0.3391738044507223,0.3081847753589414,0,0.19513391828232826,0.5229042558643177,0,0.04075184123071611,0.3243183588519732,1,0.04039176617316761,0.06258510936204585,0,0.1182274673277329,0.2267044321486434,0,-0.032718959329183575,0.12984539326680086,1,0.939924526685864,0.7674833605558722,0,0.18651828996475878,0.31861273067676377,0,0.1795645681473076,0.19955388261694101,1,0.03242405571118521,0.12627994310326343,0,-0.06267666269477465,0.21424465466959092,0,0.019930503056453285,0.13690135681984697,1,0.06773836657828383,0.22070249602193778,0,0.7132570198525597,0.7838246431310462,0,0.20693710445790323,0.19879936498879516,1,0.013324742570921982,0.04257736527950327,0,0.06186697226853387,0.11292465663405439,0,0.11537164166625558,0.2586804402541241,1,0.2279793593871023,0.23012775940464672,0,0.07385832354994515,0.1559600637081678,0,0.38774867494560816,0.3546668222865135,1,0.02854194724218581,0.05989935469282503,0,0.03884349602147781,0.08248641031949372,0,0.2944394683238917,0.6069355856060097,1,-0.020939160524204407,0.05119278633946218,0,-0.04044469352005261,0.0573400101537101,0,-0.11623442887106661,0.18863894323019748,1,0.06532996139028738,0.06584037324047312,0,0.08833499438089006,0.17666998876178014,0,0.024384309396402692,0.14653871004371313,1,0.24632456574585712,0.2157250451397768,0,-0.003053554754541567,0.06050061447983729,0,0.9899616851619385,0.6338609785799857,1,0.007379787206156019,0.16281910680237718,0,0.4136661877316826,0.40373187075940775,0,0.057980519809766796,0.0904732402231197,1,0.265148766495466,0.3553536280144952,0,0.2738482419618681,0.44378749961949326,0,0.895549989197268,0.9140498303359981,1,-0.020643089834748735,0.04128617966949747,0,-0.041247375369991415,0.04245814706760637,0,0.06956712707108668,0.23828990565316405,1,-0.0010030705590434509,0.26558523979096477,0,-0.06322431226899136,0.0859853622485739,0,0.2653992686734109,0.2707451985996612,1,0.2785488972985036,0.1941693497069758,0,0.4831886911972788,0.4140682010355802,0,0.966814767137065,0.8633524976800409,1,-0.05221919307789323,0.2935082071582153,0,-0.0559963389221488,0.09110836123984943,0,0.029799568353248505,0.0335090823495678,1,-0.008246303892483098,0.016492607784966196,0,0.0,0.0,0
106,250,0.6,bag,0.3070073696239306,0.040648930333531764,-0.07436544735816009,0.1362831719896016,0,0.395988552712785,0.38611503335688024,1,0.01916229061951468,0.17415360471532756,0,-0.06805795056301081,0.12811462006641783,0,0.12254992823364819,0.5480694687533868,1,-0.15721160505153492,0.152907486978006,0,0.3110849014616357,0.7488392293056211,0,0.38131143523659655,0.9091917734576695,1,1.2680646943192497,1.3890001220726713,0,0.08106199568330955,0.17796602488051586,0,-0.1126078161078635,0.34478463906479895,1,0.07235563398435778,0.12749665171398897,0,0.037364500840809854,0.12078528283792762,0,0.10135650821456801,0.20350395219300116,1,0.18453135494786602,0.6216629141375882,0,0.3110896326602009,0.4070618350199795,0,1.5401575311849511,1.7212261975790537,1,0.12522994045409447,0.3541013704226688,0,0.3764322837579304,0.34314554735816427,0,0.46595188386413133,0.5212835292805013,1,0.5085780256610528,0.6706993061463704,0,1.4428359906335144,1.4435998081525152,0,1.1113059185016874,0.7172758665440686,1,-0.021950596692928703,0.24211378247837512,0,0.07381733039062141,0.16082077716623272,0,0.07216357747470618,0.8285205645096573,1,-0.010364837551286987,0.22299196432408352,0,0.17296692920908327,0.1336119170683204,0,-0.006928044143279547,0.7037461651054242,1,-0.07215990540781443,0.4060714146798892,0,1.0800802998007373,0.5509402617277026,0,-0.01679008693298566,0.21249634618435329,1,-0.1738233440611417,0.2399238006255214,0,0.09963158467468818,0.18327663147595905,0,0.18219240068830542,0.21677646614246496,1,0.008607380871476483,0.27906481882043555,0,0.06725427730984472,0.1242842406916763,0,0.43439395290366123,0.6192490118124735,1,0.6091907821654108,0.7868040353832191,0,-0.44594242893503333,0.7785984321568241,0,0.5682420775816143,2.021068043927551,1,0.14455909952699228,0.13139963083003312,0,0.5835524086205741,0.5477452995797493,0,0.6686585991387808,1.0165925728900658,1,-0.12139677835090854,0.1269424159750426,0,0.2037157289612614,0.22010893765686942,0,0.6751658798927584,0.8972869116153102,1,0.06132798222988991,0.8885817332034909,0,0.035263788732162196,0.21265155304556668,0,0.36485490641818036,0.2782527438128535,1,-0.1347488065074786,0.47471141038769027,0,-0.033446824093812985,0.1708408256987217,0,0.23571321596214942,0.34911277887352926,1,0.8069063484169204,0.7608670049242416,0,-0.14185811467140547,0.5775180756668103,0,0.6398086750995288,0.4395574764883776,1,-0.19719720089823872,0.09855517622911183,0,0.09130640411162994,0.22492426192681705,0,-0.19599353580209045,0.2811939095369967,1,-0.13774689759990794,0.11879478346840594,0,0.6914058568394938,0.8836724378236274,0,0.22637054802218365,0.23870308160635467,1,-0.03803549931825882,0.2639814410655083,0,0.11157265306004323,0.17656526276290832,0,0.4111897098967063,0.7323199682951722,1,-0.123795497074773,0.6238215082043762,0,-0.09887149254761728,0.2490396381339501,0,0.7745563909068885,0.7156061707486296,1,-0.006922097531590654,0.11655779622829607,0,0.25975498755138327,0.4304862920297434,0,0.4126558467190624,1.3511449673894662,1,-0.00257145485697815,0.04264835059547569,0,0.20178493273013437,0.4493166125921763,0,0.05305808504752586,0.35646723333573155,1,0.12800471526670149,0.4215483989135028,0,-0.02170084440409657,0.16120938027365997,0,0.12989574683559657,0.24207987022768726,1,0.022171863357947942,0.21297730226063794,0,-0.1454665609983313,0.41698758733878194,0,0.3072547871025289,0.38817490581192693,1,0.06723205600074658,0.1947801226890795,0,0.25037010979034,0.33889394238887766,0,0.42917973793844444,0.3457278519468988,1,0.5614442962476253,0.5676873163280673,0,0.08524129789697635,0.25425567286268075,0,0.17097471540831344,0.3056583860123142,1,0.09962283230977063,0.2873921214641697,0,-0.05510781109026012,0.08494134133646526,0,0.10963731441968719,0.23095517095548745,1,0.16860416722101906,0.23352708111108245,0,0.06993721939242484,0.12405536059487762,0,0.4285216301855126,0.35195338776767005,1,0.30307507422329405,0.3099787477267127,0,0.47354677443734117,0.7288790990409687,0,1.006258929920723,1.1060790936807068,1,0.0912997900944268,0.6746660637263031,0,-0.00934454874857494,0.11950382671180759,0,-0.006120097409659719,0.1784930998527035,1,0.1769400064592053,0.12191802440148039,0,0.1893110979560491,0.21771517880041596,0
106,250,0.6,mlp,0.877929846874494,0.02779898644690751,0.030986893421249505,0.02850683406596409,0,0.8266050754701515,0.27693633041341614,1,-0.02197244631143865,0.03150134538611815,0,0.2883439301505202,0.0805748834518073,0,1.1287198623661034,0.44406228936435344,1,0.07448439147185651,0.14230747384995934,0,-0.1246452495247475,0.12049077814981382,0,0.9025287967186199,0.4018973188038514,1,0.2528731173626869,0.1189013329384552,0,-0.03868622467313458,0.09820655520382829,0,0.5251892179361861,0.2723222228464669,1,0.05381580129479278,0.11010730279241927,0,0.06981248618128323,0.10769523845664412,0,0.9257428296572054,0.34570786030123796,1,0.09293474583351757,0.14582766265229039,0,0.29948686899602955,0.24700912596429084,0,0.9503475309408225,0.26753442748082074,1,0.17983440801990466,0.13179155172333396,0,0.14662472362830242,0.12613832093296842,0,0.7248017034906733,0.09484643779785237,1,0.019974281454432575,0.1438622620807552,0,0.09385900958531598,0.14209510683009255,0,1.0011729783416325,0.2048561081195833,1,0.21844881263113156,0.06775303634751884,0,-0.03402409407024336,0.03057824809701647,0,0.40621803076579344,0.18841334770696389,1,0.02378542061835332,0.07523068312414623,0,-0.09609096348997774,0.0875329085159136,0,0.9659863704408853,0.3755700494542952,1,0.24853481550329065,0.076067008763786,0,8.827915071072945e-05,0.16151355341265736,0,0.3128479992956157,0.06669451183328923,1,0.24134108127922405,0.22128177358379272,0,0.18145266664054296,0.17492327186599882,0,0.6188053432337551,0.3996231664662976,1,0.07925458012701327,0.12081830541954501,0,-0.06008164703559332,0.16437470735111157,0,1.2702435974165927,0.46085644012926075,1,0.33436286375389923,0.1924966490789115,0,0.25202730174567184,0.2407154796323196,0,0.8200773412107389,0.5883512406783064,1,0.02868948843974517,0.2620969562482366,0,0.18547385582868614,0.29220159746479407,0,0.2953771435807526,0.15927439302449534,1,0.14638816634469545,0.02172429532384186,0,0.12202134389997912,0.08054048607661263,0,0.26951011756716764,0.1865065990684197,1,0.12962062377187447,0.12301064410074188,0,0.27215302647954215,0.11231856030757192,0,0.7221622636435596,0.31465945202845164,1,0.06679379277367685,0.12625078191735836,0,0.08121882033679495,0.23375601540971797,0,0.6466107218135151,0.4754796709035042,1,0.0593617263066948,0.16913540895569912,0,0.0643451017901719,0.13892698857034597,0,0.9555060028759639,0.31811837301889373,1,-0.038885844679321116,0.07369216442062997,0,-0.0068341285118379445,0.14372870481771624,0,0.5437822440065543,0.43548108468545293,1,0.0709543492591612,0.22189797951058696,0,0.32574460311488357,0.24962681354132385,0,0.6617767313003016,0.3369246259706227,1,-0.08601686483030277,0.053968128767507346,0,0.21084502838647307,0.18339579785937515,0,0.8239251520776885,0.2599651791428212,1,0.22459478376070727,0.1372947561763425,0,0.046825255625483383,0.0748342655138268,0,0.8301703569203008,0.31013760005644897,1,0.267326651990415,0.2550650289313007,0,0.0993403402691584,0.17507054148472656,0,0.7217672217254252,0.6022266120264195,1,-0.020109524616865028,0.05854019600378578,0,-0.031566358164094345,0.11569415490615476,0,1.3928341257376404,0.6624119408354373,1,-0.0402414257028101,0.11585487800786234,0,-0.08038127795080083,0.13590588946347743,0,0.49052174589235387,0.3300159654967345,1,0.09209899191661917,0.15954177801432728,0,0.0036948191886985796,0.08203121877453182,0,0.7004231201805051,0.3744655251546708,1,-0.041978776882429514,0.08260912524387959,0,-0.056592126898022156,0.06320681455808817,0,0.7572502299320981,0.30871932990907136,1,0.1742326421147857,0.17020470134171536,0,-0.024169810432053556,0.18650893827063575,0,0.9793305195761522,0.18536228258293835,1,0.13457229933511303,0.058616449202953474,0,0.03757933275671962,0.12441151836545576,0,0.6104002850098826,0.3960443734003749,1,0.19108976443083547,0.21523039599231478,0,-0.07205801247249476,0.07124262826660985,0,0.6659692371361854,0.25533977964951593,1,-0.00660859287854945,0.1141851922571603,0,0.10910697064680992,0.11440097612546826,0,0.8613288129852672,0.37190186882164483,1,0.11117136960425322,0.21276288545652008,0,-0.04038901082339508,0.1474423998634701,0,0.4376389474277939,0.298523538619624,1,-0.02010155126420985,0.15787258341214572,0,-0.06867567108429753,0.024394849228736457,0
106,250,0.6,svr,0.30500349155270906,0.05130022791708166,0.025533414717292684,0.03301206497377412,0,0.2925331504588167,0.146214973215623,1,0.017341020022041086,0.03700615543882378,0,0.03909816007721384,0.04611396019635348,0,0.21772377621116665,0.06872192163782544,1,0.13998634352763734,0.07896114412726166,0,0.11095088498418135,0.19994358412828367,0,0.22378980315469046,0.19891524382232664,1,0.2617009821287348,0.1441658574731953,0,0.12783459927749924,0.07921652512653461,0,0.11984628031281686,0.06909811744761307,1,0.03326010619795341,0.04549128323511141,0,0.04172916771524524,0.05618626913237224,0,0.10668774529847617,0.07280502720897213,1,0.2366482858467409,0.10188906960702891,0,0.3224568907755326,0.10940012957408432,0,0.48795457759225513,0.07688752449487671,1,0.3022048942881943,0.08454891313507781,0,0.15289141904540932,0.016469099425669265,0,0.22172721850340915,0.07387302536969069,1,0.13847494163604707,0.07572058578041548,0,0.22995808987495003,0.11672547649753733,0,0.3991286424815268,0.09040257236286826,1,0.03261755402900195,0.03483554825115203,0,0.034667484568063886,0.042502748249850106,0,0.10755498841480152,0.0822545821161093,1,0.04121376275918173,0.18505514377736235,0,-0.0075052983532194655,0.08141089554561633,0,0.26239122430471606,0.09904864344390527,1,0.2549175301761897,0.12576362985729866,0,0.20150620915630787,0.113116835434035,0,0.16374525150897173,0.08229830409156406,1,0.09290032174224375,0.10013699573824293,0,0.01732201985559214,0.025113466679149467,0,0.16281762117060755,0.08672260475679472,1,0.10028625969875549,0.04674076281471052,0,0.10894842852620176,0.07805390429497915,0,0.33034321581182696,0.11845805921568611,1,0.1735736461348661,0.03613364927254999,0,0.05835361145553832,0.05305015627604272,0,0.34008857862622927,0.1826067880489554,1,0.17325225306594452,0.10056495042142047,0,0.18418047106648305,0.12322847501598094,0,0.15954264597712617,0.07279452600112418,1,0.04882037132920206,0.05422572897781936,0,0.11912787557291456,0.08124812497991513,0,0.40186953163533207,0.11511983008955756,1,0.2379571974567551,0.08755903903340649,0,0.17907243548778987,0.1376953763091782,0,0.18222100314420903,0.12015505177499348,1,0.13632539305219532,0.07593373596787609,0,0.10762028980945618,0.06356023464769608,0,0.12008482542347199,0.06565980338573385,1,0.23475404294794205,0.09579386594529989,0,0.14225926884052584,0.08814212005840513,0,0.21751722422207315,0.0722313979317064,1,0.034357560219846296,0.06614968992530613,0,0.03223569677514311,0.06116717077232764,0,0.08373267223171528,0.07244456037159547,1,0.1065908753223711,0.13200703339388584,0,0.18823560850100052,0.16057901154418594,0,0.17043671893417298,0.09615285336959889,1,-0.02323412687120226,0.07172795062681708,0,0.01773070739162687,0.032249564742426594,0,0.08527502360253486,0.06737008408046138,1,0.1368222567556871,0.12235829993768754,0,0.07147542223205652,0.07391339792494929,0,0.30935778871256964,0.14597559931907467,1,0.15142822466976136,0.12902383031159695,0,0.07519388432155535,0.05292581089814855,0,0.08853420077529035,0.07268108050414843,1,-0.00896827164482712,0.03171212949055675,0,0.03484882646438686,0.05473702299794355,0,0.0935371267144598,0.07602362427973379,1,-0.024292373210764738,0.017404022301198974,0,0.001937852371301538,0.047779856341067774,0,0.10938618506045947,0.04605763294183311,1,0.10680993501231577,0.06349012432694666,0,0.1457974973571077,0.08984393963549166,0,0.20997962271895404,0.07843619821298448,1,0.06352318052812525,0.011164190776854469,0,0.16101183199992697,0.11867737722821092,0,0.3362916077614727,0.09225470774460563,1,0.26705588644237355,0.10631392419872611,0,0.1579751686254197,0.037096659014191055,0,0.24811015989350946,0.06750910856570382,1,0.00019891305845737284,0.05315177089450373,0,0.05198614801687025,0.07762720665337772,0,0.10038547303673222,0.06698324950768372,1,0.08166189607376009,0.0630638814735428,0,0.10540385679827398,0.05924388098536021,0,0.16390310997333485,0.031295456133257106,1,0.21602384216136022,0.04367080423211879,0,0.34975546193222345,0.11018830237541918,0,0.47150718241422973,0.15837972798135663,1,0.19916675996416563,0.07019113591264639,0,0.05591341716915073,0.08030142235462003,0,0.09791146281123633,0.0800918631302073,1,0.09470702598526914,0.059147145014119024,0,-0.014973410919505237,0.042885702517135395,0
106,250,0.6,knn,0.4581824196867341,0.050534410272779384,-0.24936596819783746,0.31664565498739744,0,0.3788586578503629,0.5527278793387044,1,0.06898514136420826,0.23996388153130002,0,0.6066437789379511,0.957640462185724,0,1.032859448027272,0.7026656724710182,1,0.26526333850297024,0.4866293244026736,0,0.22293572195329317,0.5717094020545631,0,0.4103378420302728,0.8201367301606023,1,0.8031066635350012,0.85855866650673,0,0.6897636367719363,0.4524844512822095,0,0.3634434724998755,0.25378108829864493,1,0.37858462943772037,1.1101026723326688,0,0.05444007761045975,0.35839456176047574,0,-0.17699044507859907,0.14421770306968545,1,0.3709669835573147,0.507044838683392,0,0.5709219049645261,0.25513781152148185,0,1.606984777999227,0.9094757774005636,1,0.7877052174890822,0.25386639857592047,0,0.4936164180127699,1.0903784758967578,0,0.5666022220257836,0.8919992369214716,1,0.3775071494467541,0.8753875468134911,0,0.8792913196657812,0.7111624384817128,0,0.8735755292720627,0.4951660146342091,1,0.48855190891304134,0.5983664922675781,0,0.28803104733992785,0.55543720577439,0,0.34513363425519616,0.3643149006921648,1,-0.05147809951683215,0.7756892239623978,0,0.11019550107062596,0.7169719957844821,0,0.9348234097018295,0.7240993487542919,1,-0.029462381918280746,1.020124433910224,0,0.31312100875442517,0.6785907701925971,0,0.7981438365331454,0.6462325857941995,1,0.34685129228527284,0.4075276978970583,0,0.3006319210434022,0.44162884513817363,0,0.2363910932362141,0.5569874613314072,1,0.531283706530574,0.4709980366663857,0,0.41120128486251256,0.5759412466755904,0,1.066576872161116,0.5044292707005316,1,0.6772221478320837,0.4442419492117972,0,-0.46042500377424095,0.8525549096662985,0,0.9610193185483087,0.4909217891437541,1,0.6416997252461719,0.3874837871464413,0,0.27591002476866233,0.6804373382112441,0,0.3765454055412568,0.4829258109353467,1,0.3248966104648077,0.44096997156749246,0,0.3060311971057544,0.824567561201747,0,1.062655086185871,0.6688575814474315,1,0.6331759693421859,0.8168794415080373,0,0.2534978781506772,0.7341373246890609,0,0.45168333677878836,0.27157246589460315,1,0.6391904281010157,0.5577944553730854,0,-0.2609536464938905,0.3301070011966223,0,0.2296492661694766,0.6319816598057536,1,0.5690767570476934,0.533907944454136,0,0.6687301963607744,1.3073757239599826,0,0.39380732073331404,0.6719612380626167,1,0.13112791605974702,0.3739823443549518,0,0.47826813845102184,0.4712224926682618,0,1.0753919992285574,0.6781424485209898,1,0.20804378163050563,1.1261697008785074,0,0.7078935657322882,0.5227277448205235,0,0.8652320080264857,0.9657248672061293,1,0.2805735331421594,0.4143316220950094,0,0.07992435675049424,0.25678265319376664,0,0.11858351282055639,0.12262048669100893,1,0.21557427259090556,0.5350679396105619,0,0.9537321378413584,0.9000330936858552,0,0.9046664833192584,0.8641813398975392,1,0.5633969571328621,0.8422524564846022,0,0.22158836266797785,0.6446493149847011,0,-0.07789095364928153,0.7147159318414986,1,-0.09431179716003615,0.8846018639759272,0,0.0677318394615252,0.859154094319041,0,0.1652320313443132,0.31132047610132924,1,-0.08240764341832109,0.8085829225478736,0,0.2170004021119733,1.0368287346852592,0,0.27538168465171753,1.623348613427475,1,0.05992492327438877,0.6592091760599511,0,0.09633107243739955,0.7001875869401807,0,-0.12277520013995975,0.6512124106290926,1,0.08545571555772627,0.8796810554054596,0,-0.21115313261973395,0.7354855912351435,0,0.34691188490386576,0.4880633334743623,1,0.18697185079971596,0.7206562142295382,0,0.48824003268386074,0.4360892855666778,0,0.3297720123014697,1.1369131221664777,1,-0.25333944954499366,0.6672901769237692,0,0.37735901015782797,0.6011111255341052,0,0.10615878192692615,0.6226780321366963,1,-0.3201180809619153,0.8555651055579556,0,0.40260270333738657,0.5197119857625656,0,-0.02370277140527526,0.5012098311659127,1,-0.005241335906528649,0.5241941092413679,0,0.21392055576675775,0.6253924318275742,0,0.9148484714992771,1.0140088483957017,1,0.3102464944765346,0.6562330289694989,0,0.4664502960280295,0.5942824352472003,0,0.9520049359292736,1.0234269659526007,1,0.7246255922727477,0.2728042234487035,0,1.1032753077201538,0.745565027118114,0
106,250,0.6,SuperLearner,0.9514565395680583,0.02103845979044045,-0.03604531158417686,0.03186207596478467,0,1.4096754556502389,0.21688124968147734,1,0.006635394651786632,0.06149454714678811,0,0.028233904973201218,0.044622294830824964,0,2.030159482943128,0.3683319984443064,1,0.011488619410627045,0.017666450575674817,0,-0.009086256360461401,0.036695465967168335,0,1.417090930783401,0.29379273697999597,1,0.18502375749239366,0.10817493674719504,0,0.025197184683470496,0.06436620479083746,0,1.0766829164852059,0.13559537815356143,1,0.05751659639929237,0.03467798077833971,0,0.05771909055033626,0.042319562471462915,0,1.5972629587762903,0.5354771449096711,1,0.005886089099914478,0.0539226883906229,0,0.01611683693935102,0.05538048326612622,0,1.5578749150265119,0.1880087107529657,1,0.05861811283740228,0.11240310088818742,0,0.0012660235261586126,0.023086767368993528,0,1.455900012800022,0.28391738109799947,1,0.01758864696930138,0.07109033250044132,0,0.009387019602046265,0.04083343340154668,0,2.4223838557764568,0.6249951364005034,1,0.02395589601702194,0.04751764326578509,0,-0.0003503531088017892,0.012991862435255705,0,1.1396495808196847,0.5073607286064982,1,-0.0397880478646583,0.03235403431497964,0,-0.022138412316735363,0.040543202849561165,0,1.7477041965077837,0.5789077824062561,1,0.001328156658286625,0.05409594030255662,0,0.011349468786861461,0.05767879903499474,0,0.9380416827450322,0.15345282982733424,1,0.03748761342519556,0.0515945315271679,0,0.07174659387714895,0.07106048728464559,0,1.4789921534124908,0.33633040421034677,1,-0.00657847760015622,0.02384548699896761,0,0.02803239617463969,0.06222824631962162,0,1.8703060808240548,0.20410356866087587,1,0.03189569583263631,0.03693798858382153,0,0.023667962907339978,0.017103230065640282,0,1.6442054972385123,0.5107073037860294,1,0.023470700927413587,0.05178594749559936,0,0.004085870512626258,0.08541276212443256,0,1.3800649135964806,0.38480828940623946,1,-0.0032622964904407913,0.029085225112786505,0,-0.00395767874590972,0.034797840939519355,0,1.7765829448387174,0.33095944488186435,1,-0.02154795014312142,0.026391175233046606,0,0.10892287498242773,0.025985063427837022,0,1.4529533150960563,0.3829135008672397,1,-0.00426142686483891,0.034187922319287974,0,0.002769692166747134,0.04001696848635654,0,1.4623730053591273,0.5682164846946662,1,-0.014857598956752826,0.009465287293970908,0,0.0192692136718814,0.0435265723725394,0,1.7204717861673753,0.4574985574364928,1,0.025639348085164493,0.04525310991763193,0,-0.004623314384432956,0.0441320777648719,0,1.4829219543021084,0.8208079517691672,1,-0.017566730818366297,0.022216184334707484,0,0.0024284356521239473,0.061576435965846645,0,1.4911134688069771,0.479733851525343,1,0.022862711698543068,0.04053805632735758,0,0.0675979353255757,0.05361562997374564,0,1.201226441223962,0.24468613110687612,1,-0.009821670504881913,0.07079622074770621,0,0.09011537799857174,0.0701838126366561,0,1.4702215547537345,0.37558530420395997,1,0.029876333603862448,0.051362271145479366,0,-0.016443577479301013,0.03749078631386166,0,1.61598600765129,0.5044097804535267,1,-0.013328235825602469,0.009167517982698686,0,-0.008194118533667319,0.02581539533023371,0,1.6336488723253606,0.29662261525527994,1,-0.00422326346593181,0.018372719619397765,0,-0.02558696610203749,0.02533934752751388,0,1.449918739850593,0.37033390489441814,1,-0.06319080723274355,0.04863762153001428,0,0.022739539044920758,0.06898937177319668,0,2.0591290218952474,0.6060716774205359,1,0.05179667496080688,0.05104625341301381,0,0.006935275056852238,0.026547636381359204,0,1.394990552124094,0.32708644930576564,1,-0.025599692396655514,0.04228969231225243,0,-0.04447280715753872,0.0650488463182609,0,1.8265343801699117,0.322592172542127,1,0.014473097939643173,0.029460168419924666,0,0.016822895953356932,0.034945689194159635,0,1.5009042962893184,0.7616351726300797,1,0.004091249221516878,0.023199091185725846,0,-0.01076981383531889,0.06225902700875374,0,1.17429232377188,0.41556345825413044,1,-0.055188242914068764,0.04279611281610637,0,-0.011875201172679328,0.02359392472779397,0,1.8929274589363438,0.5523271297108795,1,0.03529154335182656,0.03541000024781407,0,-0.007755274387320423,0.014966543468999826,0,1.2570767240794936,0.3072574840326207,1,0.060571711280059115,0.054515517669474226,0,0.00332181259011956,0.032346292239337285,0
106,500,0.6,lr,0.9713328797834853,0.008657280152712596,0.017785805223900282,0.019705092815364676,0,1.8452788792960697,0.2442053208165277,1,-0.0008224389908811677,0.006396077460765766,0,-0.0004642051659903214,0.0042090620214574204,0,1.6242227175753947,0.29511021549302674,1,0.006872920248699744,0.010559129372970235,0,0.004711268222859222,0.006619444689176619,0,1.6821523211385903,0.36758165384953956,1,0.00650855539496187,0.0068113935029657695,0,0.07058121478295618,0.02208619107456715,0,1.6108485678201376,0.26554692593301304,1,0.012573626081753076,0.013558034560733505,0,-0.0032292238538732055,0.00420106551346339,0,2.22368501826261,0.35468142126761526,1,-0.006949209512739964,0.009279775898477057,0,-0.0033427984220630426,0.010994143037777487,0,2.1603284547413866,0.42943233821683635,1,0.006584961102317306,0.007502101539548144,0,0.001673359435261854,0.005088336824498221,0,2.208067066965752,0.31964204277355474,1,0.007746943520875573,0.009999753759044914,0,0.00391959913708346,0.011286282474916958,0,1.9022319554164266,0.18666215997305585,1,0.024637895895683236,0.028023391417449143,0,-0.0030001612394582092,0.02573050078281667,0,1.9945495108706037,0.24354294899883755,1,0.025533373223036653,0.015162666109739934,0,-0.0007003060539703019,0.003459229079338795,0,2.5126146021104603,0.36018630198474755,1,-0.0050765744379507914,0.02994988979901192,0,-0.009220138450079511,0.01935273806421467,0,1.8370271287950355,0.3725028159174177,1,-0.0065258049503768446,0.0040225479736719924,0,-0.000512823300469311,0.009416329033668729,0,1.902756833237931,0.44813179248442353,1,-0.0036751759523954547,0.005441860732207816,0,-0.002702421284246411,0.0046838573785380165,0,1.491184839888811,0.1380864278286699,1,-0.010520611183631356,0.006941849802101136,0,0.006006154181224041,0.010131895897849852,0,2.255551790687791,0.10276180875792315,1,0.018868857487971652,0.017632984302971486,0,0.0032511363031678146,0.00511289539089589,0,1.9694755707805338,0.3911385278657877,1,0.0006859687315118161,0.012891216201244154,0,-0.0006346374826359892,0.0053017819163267395,0,1.8839012093855085,0.34726200171677096,1,0.06102200780307716,0.07315875058647069,0,0.029913157067142194,0.05219669040700206,0,1.97490282955363,0.46368995000662944,1,-0.007921261838511204,0.009788503622715963,0,0.0031115124748662864,0.011630379429889417,0,2.1356910195338137,0.4320444806317294,1,-0.005560101513571804,0.007620181527618351,0,0.016365585466672446,0.013936854768597793,0,2.488719139925179,0.24691606891617085,1,0.02254675684143852,0.01800757262751772,0,0.05463769265455156,0.03763149447503333,0,1.7574928037266857,0.26232590462848043,1,0.004430700785424241,0.008783246377555167,0,-0.0017991864835759015,0.00848622500741348,0,1.1774993453828904,0.26469216145820035,1,0.12125014136772509,0.07853246523929303,0,0.0017894835376523882,0.00515896095139835,0,1.7854786455187395,0.3200857270789727,1,0.008790114986993787,0.010006552542936442,0,0.015114147452020808,0.01978729856080762,0,2.1946807839114455,0.16187917135164087,1,0.0034039168497166476,0.004131948679285369,0,-0.007081553728705205,0.013652806257066748,0,1.7464120689768863,0.2877131581518193,1,0.04383887125051955,0.018372847055646832,0,0.001970063143309763,0.0030893033996710665,0,1.9937958992788325,0.26595226017049967,1,0.0032617159717976637,0.00550023167534231,0,-0.01440728155398493,0.01865858187864647,0,1.5488219284339328,0.16351351087519206,1,0.004165088878523354,0.01132162386186635,0,-0.0017990250705241996,0.004127689305830626,0,1.3168189466182312,0.1582852367737052,1,-0.0016664715669208198,0.012614199821535187,0,0.038811281294847705,0.04093376449763481,0,1.885012672397308,0.17882520978022118,1,-0.0007870803949212972,0.007402124510715717,0,0.0020022648596370665,0.023687778231955618,0,1.9675587260642242,0.3008884870318664,1,0.010106925854144974,0.0123024713390243,0,0.004742348016315157,0.008978504868660805,0,1.2054377024717748,0.19578609468278113,1,0.030004458188596105,0.012123284591650291,0,-0.0019249073018987658,0.0024072769160668737,0,1.7202922211670653,0.3574984777465166,1,0.01813914188614242,0.01510546021658772,0,-0.000447487384279663,0.012257617125782352,0,1.9631144660933662,0.17847809253518188,1,0.009302876449656343,0.012822756753462738,0,0.020549866387326133,0.011927583513611026,0,2.038850521106229,0.44162495404334023,1,0.013145433640413113,0.023339423127687074,0,0.005578203000373536,0.009706647270917787,0
106,500,0.6,lasso,0.3692366439718918,0.011534478003649793,0.0,0.0,0,0.022398052146836506,0.04479610429367302,1,0.0,0.0,0,0.0,0.0,0,0.010744248392680036,0.02148849678536007,1,0.0019771809271083214,0.003954361854216643,0,0.0,0.0,0,1.844431695217271,0.29438625186837786,1,0.0,0.0,0,0.09005589586445059,0.08019272860564017,0,0.06623518210684463,0.08371909020372043,1,0.0,0.0,0,0.0,0.0,0,0.0,0.0,1,0.0,0.0,0,-0.0010676184834486264,0.002135236966897253,0,1.170111325991426,0.18842779276085325,1,0.0,0.0,0,0.0,0.0,0,0.9803698543045204,0.06875724734008434,1,0.0,0.0,0,0.0,0.0,0,2.4959298294914207,0.48677485530283787,1,0.0,0.0,0,0.0,0.0,0,0.3665396717529853,0.31466747117003413,1,0.018889577817585816,0.03773034799660897,0,0.0,0.0,0,1.1006587994813588,0.20974526086889558,1,0.0,0.0,0,0.0,0.0,0,0.32533147002036544,0.12801836821347123,1,0.0,0.0,0,0.0,0.0,0,0.06335177264867295,0.07026849885791972,1,0.2265133224596662,0.15274183982041425,0,0.0,0.0,0,0.39357939158620736,0.1685435615172243,1,0.0,0.0,0,0.0,0.0,0,0.9845785747070177,0.23413901229684977,1,0.0,0.0,0,0.059957137824011575,0.11847634696942866,0,0.45031767200011225,0.22926733068637198,1,0.0,0.0,0,0.0,0.0,0,1.3566257835115505,0.47482033127455026,1,0.037229519236333615,0.07445903847266723,0,0.0,0.0,0,0.8121180896117162,0.21280816208243591,1,0.0,0.0,0,0.0,0.0,0,0.01765358291767053,0.028053569815809608,1,0.3601387018383889,0.15653146727077694,0,0.0,0.0,0,0.04865895312168585,0.05960436455818265,1,0.0,0.0,0,0.0,0.0,0,0.8467497830054175,0.2006803258742028,1,0.0,0.0,0,0.7200301303503907,0.1893705604625706,0,0.07418943898638493,0.09340832510685042,1,0.0,0.0,0,0.0,0.0,0,1.3345842612815197,0.17693259180333434,1,0.0,0.0,0,0.0,0.0,0,0.505425177326917,0.3208016813363067,1,0.0,0.0,0,0.0,0.0,0,0.22741331313455912,0.18136350115446853,1,0.0,0.0,0,0.0,0.0,0,0.14168476352682408,0.1395970681245385,1,0.0,0.0,0,0.0,0.0,0,0.04590370758808664,0.05720157992480101,1,0.0,0.0,0,0.0,0.0,0,0.49947132944031986,0.2151035023431843,1,-0.01643060553742508,0.05957725741581886,0,0.0,0.0,0,0.5459186607864395,0.3002243609930371,1,0.0,0.0,0,0.0,0.0,0,0.09471404551650427,0.09117451592786004,1,0.0,0.0,0,0.0,0.0,0,0.037476460210913956,0.046386917174718975,1,0.0,0.0,0,0.0,0.0,0,0.0872965102351345,0.08182606385265921,1,0.0,0.0,0,0.0,0.0,0,1.174786351723637,0.2448748497221659,1,0.03522408670295223,0.04613330032370323,0,0.0,0.0,0,0.005815133261586282,0.011630266523172566,1,0.0,0.0,0,0.0,0.0,0
106,500,0.6,dt,-0.4850743873431309,0.1517725977254168,-0.2633858556263733,0.29756568300337216,0,1.4404654802380632,1.3629031451714826,1,-0.3865220276741639,0.46406800946969995,0,-0.0585294149454896,0.11473185826577749,0,-0.12087092405977269,0.36220596624527646,1,-0.3383779348478774,0.9730257731926101,0,0.11825570821033689,0.2702551646603497,0,3.398999079568344,1.787839618932339,1,0.34697719957815754,0.8545594872540372,0,-1.8769988744850319,3.9629823404037032,0,0.02262277226509084,0.4284657660071679,1,0.5319893265399246,0.9370247399106338,0,0.1158759376458488,0.41236198157571075,0,0.08435727548413587,0.14601741551112624,1,0.4271753213995268,0.6909358917388162,0,0.16528068132311508,0.3492454829759055,0,2.2038490261308157,2.7019422079915114,1,-0.6272029173298475,0.4313987512372199,0,0.09194419881748103,0.14864453926401186,0,0.11367116329312518,7.530294668379614,1,0.19215093113485732,0.5508824268549327,0,0.1471569191672532,0.36535772336207295,0,1.1125977026841027,1.0708189500859466,1,0.03795331459644593,0.6025974837726483,0,-0.14334722037812925,0.6729669251899476,0,1.114306025186806,1.5546587717446403,1,-0.6717256161103343,0.6602022284375479,0,0.417413908541059,0.6225886129942504,0,0.6859561404809098,0.8725598096279295,1,0.15009248166395747,0.2815484211441512,0,0.4230729439332973,1.5178065535771765,0,2.634230750618649,2.4654361161471265,1,-0.010740520420925489,0.2488588774498273,0,0.12777849884604534,0.4877686951681427,0,0.0699525489620068,0.17210671847752787,1,0.15051307803694272,0.23207030364421138,0,0.1426153646537392,0.17798904166855395,0,-0.02134197442139214,0.6184384047445969,1,0.2579161675725305,1.4258335758938394,0,0.3965694988783037,1.3266143783912028,0,0.11075841189519564,1.326900337259799,1,-1.3776752369387126,1.43380063421221,0,0.5269860598861396,1.0170798253944602,0,0.34861243259024316,0.5480745667180893,1,1.8951633917105268,1.2116529479756175,0,0.919556427008416,1.9001771660086348,0,0.12254264936779083,1.7196937882189827,1,0.3277337926918732,0.6283428393472053,0,0.05737155232923922,1.9789211143653351,0,1.2676256432192088,1.7706971335724473,1,-0.029837039223439075,0.3624942537154199,0,-1.2415562678677687,2.3653363558259106,0,0.42837324255130654,1.776835401357145,1,-0.4059466455156303,1.7241172449069677,0,-0.13833250228137378,0.8729040042577504,0,0.5077645061864321,0.4711627988524314,1,-0.17394604778484057,0.4948243606587931,0,-0.12712818345183918,0.22462571037226764,0,2.5628023387187957,2.962741278964791,1,0.17902968951116827,0.42413162195690296,0,0.32804422985877,0.4359262254585555,0,-0.007262655570764281,0.1205517195689185,1,0.06223599837884862,0.19112151648205197,0,-0.27883490635569896,0.2650060494735536,0,1.9379722679476763,1.1836826205820552,1,-0.1172561024657323,0.30514342437559433,0,0.08058670345939264,0.15887261692549473,0,-0.14285300034250076,0.8791116138187862,1,-0.43833177041236115,0.3635235016103853,0,-0.10560105993311422,0.23538459528227373,0,0.17829959246762833,0.29759293756064004,1,-0.6152059332479537,0.7998514413660627,0,0.3725090998875423,0.9477936478938004,0,-0.40586635819106887,0.45338320002446153,1,0.5633364266080024,1.0976269202952518,0,-0.19374405844622083,0.37154546232246555,0,-0.23150579278861066,0.4243099742152558,1,-0.6998919274374508,1.5138965130689743,0,-0.48790625286231154,0.7771366163802614,0,1.2238199115352375,1.5463248155297111,1,0.5501369141868959,0.841308001080875,0,-0.5198869027906332,1.0914348683881827,0,0.4947777180126055,0.44655914356254406,1,0.010402200352775837,0.5895725331848448,0,-0.7433222761598055,1.7669634160410026,0,-0.6442827340461734,0.8086839066764391,1,-0.5428353504774717,1.1094139760894315,0,-0.21408203321186173,1.6918480922710666,0,0.25090180250373306,0.37380776924646136,1,-0.08711806299502696,0.35942328466715473,0,-0.14946725844526196,0.18455574428800145,0,0.8441814217880058,0.8496982179712212,1,0.035430200265503344,0.05998625640654141,0,-0.1425154811206236,1.3182623249267793,0,-0.4605718049996422,1.4111930053542985,1,0.836149733836604,1.5753155055742836,0,0.4403978655452718,0.8099858508047556,0,0.9591604154994104,2.113547537794188,1,-0.04206424737524213,0.13900793338856468,0,0.12395039129613236,0.232198762769315,0
106,500,0.6,rf,0.3707884995215225,0.038095494703946346,0.015668388878633123,0.031553757436540396,0,0.19368940486420638,0.08762606422567579,1,-0.0049148033993350855,0.060547002415004054,0,0.01052310709777841,0.10890861931179724,0,0.15460002535004824,0.04051130126647399,1,-0.012556186225169168,0.06083102319729967,0,0.023694955286764696,0.11131518051694267,0,0.6135989018279505,0.21258257676974868,1,0.46423622027214656,0.2362412364525698,0,0.07702062231718701,0.050461295481062186,0,0.18662309869152527,0.1326831563208332,1,0.020078123036274702,0.04125487680855101,0,0.021998282077324984,0.05622531159836332,0,0.08446319914173074,0.08496330460122191,1,0.06995385674859013,0.08021658908036323,0,0.033744464199871135,0.13434279883275832,0,0.43029597875674097,0.16500929397400008,1,0.45338616509450463,0.15114843364739317,0,0.10636930951095865,0.15524932230358712,0,0.8119002880325563,0.4081252467472035,1,-0.013365163375998862,0.04165769033040434,0,0.04913703637532727,0.09109476175698308,0,0.9530920619931404,0.2511401876261572,1,0.25467704932734037,0.0664207219780238,0,0.12237068961206846,0.11613669318399812,0,0.34269420962987124,0.10391785061019876,1,0.2741716304007874,0.1553230478840724,0,0.002588201524475325,0.09925629499050632,0,0.5876191394821918,0.21466893943248397,1,0.10929290844873138,0.11421866786964695,0,0.03941387021934259,0.16812292001986692,0,0.5408832681176319,0.2459786018129643,1,0.020136391944669898,0.08537315181705356,0,0.020361798766656336,0.04590992969925474,0,0.1664894583374817,0.09306452019458546,1,0.160559053222005,0.08829892610876523,0,0.05511858487999721,0.14454838064855094,0,0.11172253047819729,0.15030000115446474,1,0.08100802722349919,0.0850711015018259,0,0.0792947715368619,0.15777919294005485,0,0.3191583350531748,0.41253759807450613,1,0.11901419856202458,0.15314571915238614,0,0.2985307636626045,0.3013148530065053,0,0.15596689985554824,0.07439895836862029,1,0.10122818979196595,0.09473528824609476,0,0.13609481830154838,0.11270843421305778,0,0.48810246699346316,0.13069459088039173,1,0.10767829214672534,0.04705993919265515,0,0.056019662788259206,0.07017623674325024,0,0.6008212590078805,0.26563199178528923,1,0.05370986534983686,0.06805123341622067,0,0.21124066434551575,0.17012511544533823,0,0.09326863549462514,0.12745381149099094,1,0.24688730178557022,0.057394492357724744,0,0.22304404667786987,0.1300311184768337,0,0.21972184578791584,0.06357993425776437,1,0.013210937187600918,0.04400563977948724,0,0.06368684292958093,0.105615589923876,0,0.5594178891500133,0.3192366562596117,1,0.1034601834510102,0.21331200374811554,0,0.5861578401015339,0.4518319422067542,0,0.16517399018903461,0.14887299836622425,1,0.07201640235349577,0.0525891944161131,0,0.015455530656281025,0.04677633567220024,0,0.7621147571164312,0.1610983945881425,1,0.15560706102854716,0.0538522859817614,0,0.12620046482289923,0.06300098234308178,0,0.37490451184799783,0.18586772241027869,1,0.008558421586981653,0.02298628994492474,0,-0.029603319300760635,0.04431715632505981,0,0.16718692233404459,0.11231881550323204,1,0.016490770274805326,0.042975541812467905,0,0.01825679851535247,0.061063168724813315,0,0.05598828488415478,0.10167983284175497,1,-0.016945890514050207,0.09606058313417012,0,-0.009298376977354764,0.11957886906890482,0,0.22452670320282025,0.13285450828488762,1,0.04384395718906201,0.036068160737482036,0,0.09139050099017389,0.09731998636663972,0,0.3114214036028905,0.169163296985992,1,0.1020533671548967,0.2771648275173661,0,0.20349583977226135,0.1485457947274052,0,0.2529690885296598,0.1571293917394815,1,0.14352149605120518,0.057856171312134316,0,0.10875715215312516,0.018250152029323615,0,0.06418789994944729,0.10734815395598268,1,0.06388411211083242,0.04749568511849202,0,0.07039181153699092,0.10844350873936874,0,0.09412377322785034,0.051612086305751474,1,0.07028774709280193,0.10462497173116601,0,-0.02154928119726738,0.08291203612899994,0,0.06179056693634115,0.21464536059700332,1,0.09919360546490681,0.1337962511710417,0,0.16430868948926874,0.14044213450569204,0,0.5526547143379805,0.20333744002994641,1,0.11873076995888938,0.06943819381734456,0,0.017462570734449505,0.033743394237822744,0,0.12917526617212288,0.11678315412367818,1,0.03768724020025159,0.07017223015835396,0,-0.024562628338573173,0.06540026913006941,0
106,500,0.6,et,0.390768705234865,0.042325968277388056,0.022449469397110462,0.04206313205636466,0,0.10285351204426267,0.13366811575630758,1,0.02305242443286612,0.042667701027141125,0,0.08782207846545215,0.1623266084210291,0,0.05491338564393931,0.1313989476102002,1,0.052490792373301245,0.05138515200946963,0,0.1374370707490523,0.04727989685672956,0,0.5907756321639257,0.32404523682506964,1,0.35718651380351135,0.13077017141149783,0,0.16380782146320966,0.05887502606464088,0,0.1891522571289353,0.10322143299788371,1,0.028664835284333452,0.03938133352432227,0,0.010234623389750456,0.0569247981810085,0,0.04611018024134814,0.10266846903229408,1,0.005736605995913041,0.09653900229572678,0,0.0009365741413030537,0.14881724605830032,0,0.3293988455756467,0.1869956186219713,1,0.4957631721208138,0.20902403663494984,0,0.29367049538577206,0.18645778255231504,0,0.6526798003644287,0.23503282520553762,1,0.010336463156916931,0.09818246719767316,0,0.02819476299942857,0.11279527799566844,0,1.1546579246750244,0.2609219962068503,1,0.28074361637545225,0.10085232573055601,0,0.15776871495871211,0.10021653846407992,0,0.28378227327730954,0.13157333400205976,1,0.12050234440220342,0.33702361136616493,0,0.011437965777443371,0.08843312040556417,0,0.5232574056355748,0.11637316965194901,1,0.17006913876029667,0.04635421772086928,0,0.06410485843288186,0.05076450848190237,0,0.8093467392598583,0.1994403229342347,1,-0.0035516991858859787,0.059418719304818526,0,0.017836343741716963,0.019464662281286894,0,0.24546388588070917,0.2035610664236743,1,0.030094275815038384,0.09141950646513702,0,0.06054580812765777,0.09143593567206866,0,0.1747760618710693,0.06987319143478174,1,0.1561368524219396,0.03287455676986824,0,0.03638767229622112,0.2110126120958239,0,0.3281058351199609,0.5302536646019327,1,0.24203032628286564,0.08838001485282758,0,0.21873296957545504,0.13601423127880374,0,0.2465328735558175,0.09404863187524178,1,0.09982752108030682,0.14321259689864954,0,0.13759807324824447,0.12036203120965969,0,0.3015229638107274,0.33957905148041556,1,0.18730032193324164,0.04714984565078618,0,0.13862716671151176,0.1094413828202917,0,0.5808571352433912,0.20453940277468027,1,0.028275620695762373,0.1299621345487146,0,0.26947463566527274,0.15363537633827196,0,0.21004519075786007,0.26441385939080647,1,0.18747449241506445,0.14934734651844642,0,0.14590025065447232,0.10697774496237318,0,0.1576154498631837,0.1308514765819128,1,0.009663618762837629,0.041600424296674814,0,0.09460830103213085,0.10135175266130297,0,0.3879121832824953,0.33692833890622376,1,0.1307346480812615,0.15957160634311546,0,0.39015122218518544,0.5102472319884747,0,0.1570480014769366,0.1338047350832954,1,0.05495251148175582,0.06819526851482191,0,0.03727258877709936,0.08176621200821203,0,0.8063223261530625,0.1901504270376818,1,0.09558485149567086,0.08956877468911727,0,0.13676163026404095,0.09012144308940952,0,0.3529299546810436,0.1311408939931234,1,0.04094192307115725,0.06106348160305735,0,0.03783932148930499,0.04776126360818799,0,0.1956421553378483,0.09762758691448155,1,0.06704346988270724,0.09730257843100795,0,0.03819872572830305,0.06177864186732129,0,0.12320409818306452,0.09571567866542906,1,0.07178298593100338,0.08289980268397201,0,0.0668366395655719,0.05026061640242255,0,0.19024527494572754,0.08717448248268207,1,0.1476014356388983,0.12930617746742262,0,0.05385771604865761,0.08911818311893929,0,0.5593388608181507,0.19785580418450566,1,0.16640346969335654,0.08881862796880982,0,0.13645286875264392,0.100128723344987,0,0.14293850565572475,0.1421294053367134,1,0.1337920167822761,0.19797337064468784,0,0.0819358542855662,0.03870966507377544,0,0.22846714991395972,0.10017483827953567,1,0.05814466738696263,0.05661135196231071,0,0.055769852606170886,0.07675343354214097,0,0.062435156483441986,0.10539387919459492,1,0.06407597385203156,0.09814471137443548,0,0.04715529777509033,0.03257732183537118,0,0.10610019073470682,0.2708787740786535,1,0.11166681502161295,0.08385679674738623,0,0.21469126573916242,0.1297377204401853,0,0.4681017396967265,0.2837886049006646,1,0.20708317164896073,0.14172141511461867,0,0.010201198478686451,0.05882653985412325,0,0.1172412596332693,0.07508443865847392,1,0.036788414495229106,0.06702786597734224,0,-0.04388854894917549,0.0598852058292503,0
106,500,0.6,gb,0.509812909417157,0.0473852629860481,-0.004430991585881656,0.01415242849883258,0,0.6981604318814745,0.14994054375226176,1,-0.04138388982686088,0.06125772670781047,0,-0.09229084566458107,0.16467350672031236,0,0.3245605401872942,0.16575727933814585,1,0.09536586363266225,0.09997936380551292,0,-0.027567079410479478,0.04222320028080349,0,0.7256775865059398,0.39985499049440065,1,0.3713315590486522,0.21746960329822665,0,0.07471751984465616,0.06716565700237817,0,0.4334228104596585,0.29168332365615923,1,0.005384661618043978,0.025720557690675508,0,0.021528569873374807,0.019582791247078322,0,0.27391684719296777,0.24247009869586927,1,0.045403757322707156,0.04789303105231225,0,0.10688461200571224,0.056852960961699076,0,0.9183153248629319,0.2731771709685399,1,0.4167658482005847,0.24347916527743,0,0.20741596658013953,0.25472488006259936,0,1.0974539285721714,0.4407911579098313,1,0.013109689209248584,0.055944066225078144,0,0.015328863001242551,0.08350881167517588,0,1.3817663263878115,0.5304524444271064,1,0.12685453919102632,0.19796835000469404,0,0.16719156925241818,0.11661668784845132,0,0.43753696347515697,0.238796437484169,1,0.18327563028001898,0.3032195492664668,0,0.01456050085968769,0.0678986808485121,0,1.1108442928374864,0.6486120128880392,1,0.14409740945981978,0.13274672805261148,0,-0.012982287723555868,0.06273726214344624,0,0.8888505749701163,0.5578667507879393,1,-0.006582601469092153,0.0604504030628395,0,-0.0068122575736068985,0.02016568152026337,0,0.3686045207053179,0.2100516030830451,1,0.2629458000554167,0.13068397987231267,0,-0.08706420097377962,0.21931262740424382,0,0.4714885875067839,0.2426956282413531,1,0.06135342613837513,0.09023571041633933,0,0.07106190897302225,0.11222352191625923,0,0.5209039651104851,0.4840366719831778,1,0.10520612349188116,0.11459782512028185,0,0.16936153058985376,0.14586346864702143,0,0.3397966586955086,0.3047480455855019,1,0.2199837619135884,0.17062817942662167,0,0.1856439102678448,0.11048842685452626,0,0.6086242537203248,0.835358499162499,1,0.09249592282085757,0.13374930049860295,0,0.07045106411059673,0.06953870546585281,0,0.9560683266733324,0.410260572910545,1,0.0278602956742141,0.04286208263707236,0,0.30906436457156533,0.09415836314410256,0,0.1947996809781288,0.2284533270776124,1,0.4890336596889441,0.1615824297404171,0,0.2147753628461766,0.07075786643568788,0,0.23244217271478584,0.15337544568646974,1,0.0050314857433590415,0.025675327081404523,0,0.08082110517528293,0.07971723939458386,0,1.0358572589697241,0.36121223287337323,1,0.47642237566651396,0.2427466619050597,0,1.012523999160875,0.4523126004597535,0,0.5221583806439458,0.14269362308185685,1,0.020027509983858067,0.029862329009599436,0,0.0059978661258396505,0.027133656229940614,0,1.0748854911995178,0.2753231286340222,1,-0.01415546462416914,0.14093148403470135,0,0.06680887266599031,0.04386102113150561,0,0.7915889883178808,0.33285505277161653,1,-0.023462964838776704,0.038309403928095474,0,0.005166466455554427,0.00873338414328302,0,0.6969818020212062,0.2583557219804975,1,0.056119146817098876,0.14027944764532238,0,0.041903085382927883,0.0996704497708652,0,0.1429280156647328,0.20648137693104354,1,0.1072858839151114,0.14052496828145966,0,0.048768232709279116,0.07603828730943732,0,0.23446793984148506,0.11725256148688236,1,-0.033119902658918135,0.08292264465441923,0,0.04069387371529235,0.19004220597857474,0,0.8045172519439756,0.4285629882582886,1,0.03240599987150463,0.41718672412031826,0,0.17366888567925384,0.11963704839688477,0,0.36445481306557437,0.3244022941091722,1,0.12337727425645224,0.1794442892601437,0,0.03868474477224335,0.05512283504345729,0,0.285145354687977,0.10145787523308714,1,0.07838996957358582,0.061133170488892274,0,0.0029629364371621556,0.009487967517273587,0,0.2217639619005385,0.09178396782326423,1,0.08153239812684197,0.04091143533784411,0,-0.027286745062808364,0.06433723503521319,0,0.6822167055809151,0.35709719812234814,1,0.03464057124018238,0.05136079889031139,0,0.1690122389346746,0.05776950144522254,0,1.0331403961006216,0.390358554668145,1,0.25071912186867695,0.24539369743264244,0,-0.008124671133770349,0.02436243178996515,0,0.37393445587270724,0.29698110994691057,1,-0.00728462205393221,0.051698369050865854,0,0.004014954917302774,0.024825946836818134,0
106,500,0.6,hgb,0.5511544967541612,0.044360312958183865,0.027332046914213027,0.03168450602580272,0,0.6460536860926676,0.12434190033166713,1,-0.018640923071909017,0.14977055169773323,0,0.07277396619271762,0.12007108762786008,0,0.3904005508560946,0.20739948790791302,1,0.09009061166894672,0.07417277855130877,0,0.029591019914643524,0.07564479180791019,0,0.8995465356993941,0.3908204502038617,1,0.4927390038426706,0.2322444433343416,0,0.0796167223446277,0.06044043668232204,0,0.47604390389984486,0.12970112584183782,1,-0.011891946522986956,0.03448812695713297,0,0.04847027293799898,0.10142335588535262,0,0.24880246603023987,0.13503022891384325,1,0.0962831587581569,0.14517260578581673,0,0.13607081534551085,0.08541048040413447,0,0.758177314138659,0.3705854361175627,1,0.4977086086474296,0.33350378308299233,0,0.16420196422898964,0.14207020291389996,0,1.4223127466445293,0.35742382251748434,1,-0.004676381901948958,0.031315782182012156,0,0.006149792728612253,0.06039063348537719,0,1.3083749373422775,0.4687506888428167,1,0.10591508654156385,0.18133126675180514,0,0.23044574175414073,0.27105168299648136,0,0.536640488063887,0.3145186034029588,1,0.27400043248016487,0.374977247140327,0,0.08441963710606266,0.04935849751626529,0,0.9388890464916667,0.4721836663505735,1,0.23223747760202823,0.16747067856935915,0,0.026229869542810792,0.03753742545525459,0,0.7235352330182595,0.2681268311793399,1,0.07775169169349544,0.04668681758641732,0,0.00015668334556210027,0.03451456999765992,0,0.41453600433920573,0.162383782436367,1,0.29681785530311616,0.24304918763833913,0,0.03434240141703236,0.04867556415743069,0,0.4815865208547085,0.4068338586394481,1,0.0944892144687033,0.16364898213052603,0,0.11738949882921364,0.19600774172589824,0,0.7158989037805459,0.44882538835186636,1,0.2154484732244096,0.23607727370443127,0,0.27005189847487976,0.25940272685378074,0,0.3457599812367329,0.11975416404465672,1,0.2244401204829966,0.07372504386573556,0,0.04922949443711253,0.1391096503064261,0,0.7718119317236052,0.8331483405641532,1,0.30197532494116863,0.157150879661966,0,0.14666786362798226,0.16281041587292538,0,1.172585504249745,0.40174392091656336,1,-0.01732044124486943,0.04889503696481092,0,0.20126031057562438,0.1320109970002179,0,0.1596766891088266,0.22305038033913208,1,0.49125213853825117,0.20244916921500844,0,0.0629309966312664,0.12345941289974614,0,0.3294070010905869,0.08929140536129726,1,0.02208923792440916,0.05555154558848768,0,0.14045220798631297,0.0702511236406655,0,0.8075829534433078,0.36813222519509636,1,0.3063502460334137,0.23714980997859797,0,0.7920764659168736,0.3163280705914737,0,0.38904603286674316,0.13577054931164878,1,0.03300990688581816,0.10528749485721108,0,0.02932193713788081,0.04260315590853019,0,1.3777535617434373,0.6566368793508625,1,0.08456128955248035,0.11896031559224382,0,0.04931978521092171,0.1183900365365639,0,0.6928315081981702,0.4041232725828418,1,0.12756502270659978,0.0733070853539064,0,0.008687525229478906,0.031002402768082356,0,0.5366281307682236,0.17965513336169403,1,0.09422615920459797,0.09766019214390712,0,0.09142928224323563,0.11805686622895951,0,0.24369355209387403,0.23080520267221025,1,0.054617107919276486,0.14961899676272208,0,0.024985681909114394,0.09585724159837944,0,0.37299852127898714,0.19344946718577513,1,-0.04320818024584993,0.23072786475275592,0,0.010792865971599997,0.07038000862274471,0,0.7294675515191561,0.49256069226510646,1,-0.05121354396200264,0.25512125060788116,0,0.18368041810135355,0.13302937978746554,0,0.5003311250003147,0.3015655130287727,1,0.011454249981207452,0.09954784473182067,0,0.08706105159339976,0.07402209842165423,0,0.38089989317702666,0.3541630691285946,1,0.19614824845948658,0.11673919074570745,0,-0.0025480912465100564,0.046580921461861366,0,0.16379025887264112,0.1826843727058576,1,0.2397809178569684,0.0895385616518795,0,0.05498649539186756,0.08607275063509136,0,0.3955305789736565,0.27565727684023783,1,0.020743683565647444,0.030770645868051553,0,0.1896950451900805,0.09791663915931186,0,0.980590239034583,0.39264034580242835,1,0.23860770177436202,0.20458851626145708,0,-0.014495624605279306,0.04590078422948832,0,0.23813891195549558,0.14936390156087656,1,0.09345635494101749,0.1328279382166671,0,0.009587223216961321,0.04023911623967248,0
106,500,0.6,ab,0.37481859859936656,0.0660485687344227,-0.009533139657354339,0.026104499040333278,0,0.13470445723845254,0.12550804653053904,1,0.014583591242634086,0.03884718381073041,0,0.01422835208798327,0.12854679603451072,0,0.16815627880245831,0.45793640310735717,1,-0.05397247607559885,0.12103589825310508,0,0.04235986769953466,0.09916214563749026,0,0.8277170143524144,0.5305395767962084,1,0.1473363967213202,0.08073634053662945,0,0.20354170576362995,0.1750349000956732,0,0.1684647013078016,0.23991138334622253,1,0.16268117128619558,0.26116547133939044,0,0.06112971766088301,0.06779417533270961,0,-0.002285077948703716,0.004570155897407432,1,0.06278190956136044,0.10522916739630558,0,0.11564822573841053,0.21141283660933538,0,1.0607108286536193,0.5673480981469625,1,0.33189805170515896,0.3415684080133501,0,0.11086649908554946,0.1871392308055077,0,1.0985568049843317,0.6516377929762958,1,0.08223902895338245,0.15308283934901082,0,0.035230117903197064,0.10035078397024053,0,1.812176318774484,0.7198212667633821,1,0.060780153719118026,0.1263769287204208,0,0.046518200212202335,0.05899344147525555,0,0.22938249460366614,0.4859982658384932,1,0.31450047231694284,0.30195907879314454,0,0.1458621424408199,0.14878822432441902,0,0.5317179136083792,0.25536036795571554,1,0.12763822125469065,0.059770760181125926,0,-0.040309475957122476,0.044767449123655705,0,0.25225923039284776,0.28252041934776756,1,0.14732371841822928,0.17606957663125256,0,-0.002164797246973648,0.07283062513990599,0,0.26242407069381096,0.12668355996771863,1,0.4813038276964038,0.40671456309909226,0,-0.007191608524288018,0.23939958566677547,0,0.3928736085657797,0.505210588006577,1,0.2865681773980742,0.3440286620897126,0,0.06617165887710144,0.25586497744423886,0,0.26198546985043675,0.5519121268329061,1,0.26596737864873127,0.326607545021651,0,0.14437333146933568,0.21773834729353184,0,0.4778792041431851,0.33072829460741193,1,0.05859792669882615,0.1437949606062099,0,-0.07405791570434062,0.0721589019961567,0,0.6433370952257966,0.9679502082364156,1,0.021226714522906538,0.08993299544734931,0,0.3827812022938811,0.5453498323236059,0,1.674738882034843,0.901231466154342,1,0.017958406719412623,0.1163891400364609,0,0.22746421823657342,0.3612526691203068,0,0.029447437756678317,0.22034098775547517,1,0.48030042271115436,0.5236024231917956,0,0.2727084043755819,0.18625700584262486,0,0.04409106997301872,0.05207870251563,1,0.025309024384909194,0.031226521643698414,0,0.016783195162130112,0.08113019550856142,0,0.662727263273122,0.7357230617187134,1,0.18226601474156376,0.19247801860646702,0,0.5778766869913543,0.6589696591158344,0,0.39723619791364645,0.3326662828302588,1,0.02116555695052648,0.04050399728750362,0,0.12146620007244516,0.07092508773604884,0,0.7388387424092906,0.2514504393823675,1,0.15853102753182663,0.1797945170726574,0,0.08310257192036548,0.23022770001379722,0,0.5433864223142771,0.31928658343204025,1,0.0200262828543635,0.029729607157630823,0,0.010308897951739043,0.020617795903478085,0,0.34153597045455447,0.5359168749557132,1,0.07476867392845091,0.14611796057157053,0,0.04659908524058341,0.09010484582657947,0,0.0600734311997176,0.13384285033748805,1,0.06714313357560867,0.07632439970038815,0,0.04019077857177963,0.1352663235242429,0,0.17733498400317532,0.25446060708183965,1,0.07456353206581752,0.13263153922425525,0,0.04047138281948689,0.11722571804971466,0,0.8094070905422001,0.8979785771607209,1,0.07205364741678545,0.33301495350908955,0,0.31468676554497815,0.32459883471239676,0,0.14108797218506655,0.18930311770908384,1,0.12041491493956702,0.3846490282801195,0,0.0555296254519714,0.06912873700494529,0,0.18547888910846427,0.19371466705463036,1,-0.033235838994998844,0.10620679267279279,0,0.08082757884104196,0.10288481721423828,0,0.09569078252355676,0.09569561941964927,1,-0.07228876118345277,0.09684108764715349,0,0.02747565252544192,0.054951305050883845,0,0.46458021852862685,0.3781843413508349,1,0.10343679643338395,0.1347390537298826,0,0.20520634469613927,0.17071053731320646,0,0.2720766564807403,0.3239030230783078,1,0.15725244764539242,0.23602097235752836,0,0.0,0.0,0,0.08920261154756486,0.31294706434297703,1,0.02950154421152983,0.03764606382464323,0,0.010581520234689876,0.02116304046937975,0
106,500,0.6,bag,0.3225735363936253,0.09009437915334718,-0.07286859322916066,0.11089177260749811,0,0.4012308651148267,0.4400477487488044,1,-0.0691348473820536,0.05631340555236443,0,0.23821796369001494,0.2074786181351119,0,0.08498067490793651,0.13658474060065007,1,-0.0011598278376131089,0.17684708667952104,0,-0.021150049220691643,0.15072453945989583,0,0.7212523752278491,0.7131910932244085,1,0.6962022462567438,0.744343535228397,0,0.16303956520009769,0.17095290810627106,0,-0.12976367358287016,0.313100198828531,1,-0.07561959290165422,0.1641136218798944,0,0.01181107201654626,0.10808661302065652,0,0.03169615919690875,0.15986065127808363,1,-0.07692038008752307,0.42601466497895746,0,-0.04913996751176356,0.13223527939309573,0,0.49225075446724764,0.4231829842475681,1,0.5790889480318686,0.4876500376886878,0,0.6139986556999915,0.4227351884650332,0,0.9551251764638777,0.7722309258469287,1,-0.023151028277348457,0.1452122797789563,0,0.08416587550530383,0.22280524816173075,0,1.2917331704314352,1.148976756356819,1,0.3215226331748954,0.25901895391918967,0,0.05916314869201953,0.3238329875472713,0,0.16318178577195566,0.3641434729689229,1,0.5265356540992198,0.5510159314108941,0,0.17460369756660837,0.21958412693570908,0,0.5711356244473589,0.49830880954256834,1,0.5288672959284629,0.8257475960188461,0,0.3422037504239832,0.6497585274679782,0,0.5217482165227535,0.3257771881282331,1,0.017513415341768323,0.08551571172300852,0,-0.0124934324959102,0.09536625184753271,0,0.29319434351814005,0.2799687615625054,1,0.06535182503222914,0.15981670696248923,0,0.03988765726955282,0.08866438212975518,0,0.19689184813459934,0.6067617749972121,1,0.08136724018512319,0.12291357070526363,0,0.03728887741785011,0.18463393302478906,0,0.38412500486495676,1.1765191794765582,1,-0.052138504282116936,0.3195663850245335,0,0.34997657908021673,0.33205858106614794,0,0.04309844498771026,0.09472630073307102,1,0.30453528757458115,0.4529720792663441,0,0.08656699174212121,0.25473726295554494,0,0.47242449104343676,0.49769033594946727,1,0.27122086326708694,0.2244761164569181,0,0.10253216276823487,0.2393125302783925,0,0.6567535602732549,0.45432958655853184,1,0.09653202692912442,0.16868426372776354,0,0.26940949467780745,0.42902810431719424,0,0.09107504969362126,0.4393068907420336,1,0.2169754889253265,0.22005920645919938,0,0.26870364105824807,0.366857862947312,0,0.07548480991143311,0.1488413428858085,1,0.02336592897614447,0.15115076549954057,0,0.05850203360908277,0.5033595826286156,0,0.34868393141046466,0.3550352792673836,1,-0.28978078969891125,0.7109731414402513,0,1.0163787382783611,0.9568873820402501,0,0.10204497411195508,0.3916147257588336,1,0.03729634774868462,0.10974015986788639,0,0.10229765431220676,0.16594592237078923,0,0.6667618614742186,0.7950633025437922,1,0.030037961016250902,0.19308652409656832,0,0.2981616556199388,0.19117539578492132,0,0.029737707337746243,0.08214593103997232,1,-0.028636276179790088,0.07652823837356063,0,-0.10366342766254291,0.20941578341750236,0,0.12509919244277493,0.20129692012152364,1,-0.024565489950791813,0.1183150496619218,0,0.04012081537314835,0.0879330432049843,0,0.017796016956107795,0.2226285022398423,1,-0.14755000692628562,0.3405284432442637,0,-0.02817829058956216,0.13771783334737223,0,0.32268938915317025,0.42188544746870377,1,0.05891858768605144,0.16467490406080684,0,0.02758896810876995,0.17726424214698785,0,0.5357877769250503,0.694921235151979,1,0.17975892563400148,0.27535754149835817,0,0.40578210196944225,0.22378704991739623,0,0.1409098259354568,0.32172509330919735,1,0.09817412865268757,0.2623906859677648,0,0.16113862151927102,0.19914917896515233,0,-0.004236281717005514,0.2586060052498446,1,0.08858878078984672,0.13524063412318627,0,0.02164228803176336,0.16142340882868042,0,-0.10717219517424688,0.1692320379915787,1,0.28686709801934096,0.3397140362218067,0,-0.09097300737652336,0.1776044098809279,0,0.025527870290463456,0.22527859638022338,1,0.2118761147670285,0.24632718624498867,0,0.3185237688884889,0.22767257819997214,0,0.6916397313489595,0.21101195192574543,1,-0.0014473988812831907,0.18432291192431607,0,0.17101297997848802,0.19176657036103512,0,0.19294509575466362,0.32582962581731867,1,-0.06203159432084117,0.3629927820893344,0,0.08370499050062061,0.11877469164831118,0
106,500,0.6,mlp,0.9320237472243182,0.019378105314046514,0.0711364392712138,0.05038717641257379,0,1.2999390396948274,0.5190623988135863,1,-0.0017947434054687975,0.06807975244432324,0,0.013432177402413533,0.06386360576295304,0,0.8907648770772243,0.24361284226381025,1,0.03428007011311531,0.07572779791840277,0,0.03204530745571459,0.05655177534594645,0,1.3441121658995674,0.3856136884058586,1,0.04604491653235936,0.055704900419110415,0,0.03366520964730753,0.04134295386632721,0,0.8916854920408281,0.25623295415020025,1,-0.007529883958966838,0.04883381071214874,0,-0.01703971014948673,0.026838429136129938,0,1.6947144716528069,0.338075781019789,1,0.0002768780238313017,0.054457567373153805,0,0.004696986970586089,0.04279633935578017,0,1.5626103950634083,0.4108158477461981,1,0.006632567546409613,0.04821407709859145,0,0.036752121484724336,0.03427334115870954,0,1.3868434459841859,0.20115872079230718,1,0.0007552384884777809,0.02623594028215022,0,0.04068173839610227,0.027219995495670998,0,1.195228411810664,0.19060026041611497,1,0.1439650712358822,0.07860032553643263,0,0.007060799903226808,0.033977479722689344,0,1.339973773811734,0.245449583021654,1,0.07702518001173535,0.14965290087381897,0,0.07010364599402105,0.06679979414336175,0,1.3695896355393224,0.3176034896336959,1,3.822122391052667e-05,0.04546058128764085,0,0.011310976225474735,0.041195448010375786,0,1.1715629033865966,0.2910293344033136,1,0.039889546038649755,0.05892590049626339,0,0.058587217508371925,0.06755536209935742,0,1.1329968622202062,0.34896231575581227,1,-0.00806539050109914,0.03826323498736008,0,-0.008776377110392294,0.03593879371165343,0,1.2740053476377329,0.23256237898329732,1,0.026494339208622653,0.1346031143530161,0,0.0406774229941875,0.07148020653102277,0,1.1026459605590584,0.12154000157837393,1,-0.018657095439112474,0.05472528521467068,0,0.07811437312431917,0.08508816943269171,0,0.6749949684629802,0.3106185926619696,1,0.028099154230181687,0.06702214704199753,0,0.03653913159392304,0.07146226006682144,0,0.6470894793198986,0.28779977646095595,1,0.1055914417272649,0.16174313443983157,0,-0.024722929466105433,0.08541793484750522,0,1.675083012782446,0.5569624017460365,1,-0.024411338451575396,0.03980629602919363,0,0.02143177670878956,0.09553985370590892,0,1.2352103468090274,0.4222039848069724,1,0.05264766273193159,0.033793408633346705,0,0.015174938180509323,0.07067060826337689,0,1.522829808099775,0.24306269797068902,1,-0.01381684113413297,0.03183247209181519,0,0.059416606294431996,0.0890027907818363,0,1.0682704137554975,0.14501573708150273,1,0.1423320683273964,0.08301923510282475,0,0.04471793323210386,0.057718949602630985,0,0.7518042493158301,0.18312948498884904,1,0.08638113601668286,0.05242812228444674,0,-0.02708430668449587,0.03620671905039679,0,1.0536163619422025,0.2724286101053156,1,0.1759924630177875,0.06791645174511486,0,-0.0034823696283596524,0.048395307958764115,0,1.357860041781914,0.2159085061623059,1,0.04528514859009858,0.06471525645993523,0,-0.001376231750431838,0.02478606326460716,0,1.204737832564987,0.3272823425869544,1,0.11895480437422579,0.08416810114157358,0,-0.00102847163686621,0.03884644705471979,0,1.252019906781841,0.27758950555672096,1,0.011012200061196343,0.04134949119396623,0,-0.0025556189701621767,0.04753498643754153,0,0.8523894108546848,0.11247072852589819,1,0.061747433766585355,0.028902214624261645,0,0.013576058321233691,0.028460093048094288,0,0.8954290322336437,0.19239518046124163,1,-0.014795854992348026,0.04925196483602067,0,0.01961589653742005,0.060385526525981725,0,1.876817985120205,0.28406464787691654,1,0.10393294853760285,0.07672174647435523,0,0.04511965982754173,0.04316964028552278,0,1.2910099306814398,0.38687103084746083,1,-0.0072341568974961246,0.031180956802930166,0,0.06641956547167648,0.0460379549584578,0,0.7806151825706679,0.23386591188604763,1,0.17493278936536974,0.09238618387483763,0,-0.012481002712147433,0.04375750641903385,0,1.289345314395748,0.10397461931163912,1,-0.0001763319462432418,0.026660428058687895,0,0.09343633272683124,0.0683418189191426,0,1.1136565684337294,0.17806856026245213,1,0.005283660736076493,0.012673139887923663,0,-0.029594837123057348,0.045410569637024986,0,1.2323832085648743,0.2801777326918274,1,0.10769040376476355,0.07050854788718887,0,0.046000760886270343,0.04934919856038098,0
106,500,0.6,svr,0.514887710268652,0.0221694531287611,0.07659353361468094,0.02317011768176733,0,0.25400991291286235,0.09457237121436458,1,0.045419002561427585,0.058492212895278665,0,0.10861575843444068,0.05393192045846859,0,0.1853131981858998,0.04149069046165152,1,0.17183890356098983,0.05480602815151892,0,0.1535341452356235,0.05161499392391588,0,0.5107915616123799,0.17049386523091326,1,0.2435652316775106,0.07121657683443167,0,0.20386101276525936,0.07326894277874582,0,0.25684934403149307,0.05711839174897171,1,0.10124945603656874,0.07457313673554762,0,0.07172654456866388,0.04075753863828796,0,0.18220192206325367,0.10873557377846159,1,0.08689418585078143,0.0559467425348215,0,0.10385122487675198,0.06306598663771668,0,0.43573543597681186,0.0885134046776792,1,0.2671100272762714,0.03979878047350699,0,0.18221816775189786,0.011831433394366738,0,0.5892682946544034,0.061990333688717716,1,0.15995431611386593,0.08868105616191516,0,0.21085143541242463,0.1333058755972477,0,0.67567001256311,0.1272971681712626,1,0.30619503174279666,0.07255498673938034,0,0.21023367567494722,0.11705000740251598,0,0.37140860105236484,0.14542894179087587,1,0.26423425905057585,0.18088500463099097,0,0.1654020714668202,0.14220796354711834,0,0.5389039856120688,0.12694641582993377,1,0.32182149086426265,0.059524852939701334,0,0.20272288036355562,0.06334575060537789,0,0.38875564003061347,0.09406193590375765,1,0.15768476332838036,0.10598977258189604,0,0.06072010478924359,0.0953266704293962,0,0.2741163122343019,0.1293885787234602,1,0.17193500040886817,0.08182892693496645,0,0.07674113432997597,0.028811396445442186,0,0.3567155813848021,0.03555028868690097,1,0.13030121865835198,0.020141522127292092,0,0.1992693370688639,0.07510451134144595,0,0.36392282914158675,0.12846582973286022,1,0.12265436128255118,0.0689057853431467,0,0.2870551578459971,0.0615671847766537,0,0.2099966176585614,0.036460693319551936,1,0.10286092901425577,0.06300646578053994,0,0.14902816093424334,0.06304816967600164,0,0.498484695912828,0.24436097701964837,1,0.22891749484413584,0.15960487151523836,0,0.1290389172821973,0.055543688178920726,0,0.5023189738472456,0.17048645639261886,1,0.21192691929896568,0.09331371575852798,0,0.195743521674635,0.13194508881043684,0,0.29790789130036244,0.18434541248335048,1,0.28336376093780213,0.07266774790831865,0,0.09270307334082689,0.04242645770779385,0,0.20461628671025264,0.04047706908391076,1,0.0029419448565485575,0.05057505958269859,0,0.10725982514266633,0.02822959650740931,0,0.3552218286167456,0.09621304630279356,1,0.2899895427146947,0.13782200515353696,0,0.23737789070063675,0.061443601144276626,0,0.3169592618639715,0.03057744069337849,1,0.07076053284432443,0.06333382055944412,0,0.12057320022437105,0.07129510161816757,0,0.5044474144435107,0.18309802611300463,1,0.25054019450505505,0.09090872925819542,0,0.2049295749958417,0.08516445863229305,0,0.401901862959274,0.12935289259285845,1,0.07954876531023272,0.06366168128563984,0,0.03326208586792996,0.02799299647797461,0,0.31676703363846004,0.053890742286728424,1,0.1649403751998294,0.060376117173595784,0,0.12096841544543072,0.04072622280542596,0,0.2812099838306742,0.1390424342794545,1,0.040298227660807553,0.035574513718695105,0,0.08776650426027292,0.05094852396107194,0,0.2150556130415023,0.08409474362671246,1,0.12280825582650598,0.0826804970819364,0,0.0953560919540807,0.06699043821938658,0,0.31883177190027423,0.1339142108001957,1,0.18486993662356718,0.15143109918295317,0,0.17636121927631349,0.13386933913034177,0,0.504403571171115,0.24032144387585877,1,0.26024793230921234,0.16678360635109218,0,0.20605922332145826,0.07587810977808435,0,0.2984178496473203,0.07569578757948266,1,0.06784156203219707,0.024903485199525316,0,0.11092655707202996,0.030245926782377718,0,0.209405110887619,0.05306277966181595,1,0.12160255082626267,0.046214881733364764,0,0.12127081087947897,0.06239116930298953,0,0.2552293868211802,0.0925940956577857,1,0.14732898583398155,0.034793662466917154,0,0.19814611897098003,0.0569479570567457,0,0.468962577986093,0.05161810817386716,1,0.21637181980973783,0.08200554127819902,0,0.01299524713697935,0.040465309779995975,0,0.17442175007133504,0.05764688494989645,1,0.13999505053210665,0.08110066664462123,0,-0.023752952393452403,0.040029958057591686,0
106,500,0.6,knn,0.476429873287913,0.058371228448312114,0.0336138451696698,0.623339560125534,0,0.5184821158648408,0.7864496576694356,1,0.43255836665009467,0.35560302165178725,0,0.31714477655439405,0.33963158117787096,0,0.3350849683977546,0.5059135970062387,1,0.3371744012092357,0.7058004669221913,0,0.19302384765560926,0.3270771549039242,0,0.5043802600005014,0.6097339824754703,1,0.15023069830989036,0.6475542108357032,0,0.23104414566632064,0.9630083250751132,0,0.47108618981081885,0.7206784068052203,1,0.7314722479904331,0.31473419428004573,0,0.2522885609704495,0.6707404753091649,0,0.37519196250563225,0.9238989432205728,1,0.4814043586243386,0.8730952486453813,0,-0.07544286554496328,0.6794360346589355,0,0.3975213817884777,0.7292863015037638,1,0.4224384507641611,0.5486527594763113,0,0.1874605794423342,0.8515581757198569,0,0.4461774331616236,0.8246065404566951,1,0.2766083839325125,0.7873726168494258,0,0.48012762744036747,0.9494006788564983,0,0.6632854941604864,0.8325521214427705,1,0.35662233013414363,0.6297022677436137,0,0.33671207200960535,0.9082757818820987,0,0.1865948889666731,0.3513093306939472,1,0.05218690812238478,0.6894290968164314,0,0.025535853741099714,0.6270128535663885,0,0.658930887939666,0.6065674260218309,1,0.5350827899286299,0.5940702820884344,0,0.11958480933487718,0.818327240736026,0,0.5638218198238689,0.7550954089552963,1,0.020735712412029175,0.7481224408974453,0,0.02079157211865499,0.8582986853886239,0,0.9162284686264203,0.7431975168785636,1,0.7792911877887485,0.5451857411025266,0,0.1916596485419953,0.3855263716978609,0,0.5907162444167259,0.6038808162011686,1,0.08235101216248857,0.6522254972927671,0,0.24087288683315,0.6670694697646269,0,0.42146304818903746,0.4651085964341925,1,0.22982427105189673,1.2069625576470526,0,0.37888690153146737,0.8809407675737657,0,0.2509440126094671,0.8731187656167514,1,0.4692444052220912,0.8478597141633268,0,0.1601622656267533,0.6100398850389588,0,0.6784279110754957,0.2131611369610685,1,0.44265301923362904,0.580392829489898,0,0.0719422199220271,0.5213654415442757,0,0.9676409634832452,0.5756641551486423,1,0.4425919084175208,0.6798630220065156,0,0.03093491245855908,0.7438977856798623,0,0.49629223516138615,0.932858959426092,1,0.9119917199122719,0.9279281282380284,0,0.5203758327252094,0.7323497833801222,0,0.6020686086228284,0.7331552129006244,1,-0.20636609962406954,0.5246771313769876,0,0.15306060320153428,0.7380548083770146,0,0.4497154725884741,0.468386373965284,1,-0.3932337611486074,0.49606812054245014,0,0.2628744805060495,0.8581910944832664,0,0.8101297580445473,0.8003278486392993,1,0.20459021567345254,0.40059192413170386,0,0.08611878055056035,0.782275363845306,0,0.42511009104812414,0.52291517114461,1,0.5214178205646731,0.6005544190985868,0,0.2415471691775486,0.4270988680224975,0,0.17073930568538417,0.57070106734091,1,0.3585710076176909,0.3251826173463131,0,0.23555618801545702,0.45922886816216135,0,0.2883808024166138,0.5503659259693973,1,0.07580635791807742,0.4139081396134391,0,0.049665290522613634,0.5382861591549785,0,0.5538482215081599,0.41881196285123434,1,0.20707577617323544,0.5915082878874982,0,0.01837551771935597,0.8205974001841221,0,0.1812184165612912,0.3849951626667819,1,-0.010375254125126614,0.8873728106631044,0,0.04199109126712347,0.7637902318775435,0,0.2099224434779746,0.7857602090454637,1,0.08880752694528082,0.48084247309371125,0,-0.3074293584189353,0.41912629783721944,0,0.3585133929467378,0.453321675702831,1,0.053275920058204765,0.3513886478102653,0,0.3264671913694406,0.5665124632051962,0,0.2460198069172647,0.4004330094494427,1,0.051362275919586566,0.532715150731157,0,0.18405827858574092,0.7967732009620777,0,0.13254281481720914,0.6818248950359541,1,-0.5066304104113362,0.22554389909883021,0,0.48109366167033557,0.24605627193822424,0,0.3012860399138105,0.6382035937650448,1,0.6278981551549545,0.4120927165656011,0,0.3629563402108474,0.4124779032004358,0,0.5404280428351179,0.5789894998766981,1,0.4488470390942775,0.814031479288417,0,-0.14286208910383208,0.5994838989477286,0,0.056962342289792064,0.7587856470399293,1,0.3481129594872639,0.897132396999164,0,0.36119686521439187,0.9376568125696463,0
106,500,0.6,SuperLearner,0.9711452576412979,0.009391820477694617,0.02232776344576746,0.01878674939504959,0,1.7898042562012098,0.2442382107769659,1,-0.0017249515851938755,0.009389004861729972,0,0.0013214559668613924,0.005974688805698857,0,1.5581248123544458,0.29505458599859413,1,0.011839498123599718,0.007313642397192909,0,0.004010514030610151,0.007026319511027171,0,1.6424554898772308,0.3682758769417773,1,0.004805407832876812,0.004935007133551716,0,0.06556675640082148,0.023347842202479045,0,1.5518685382528383,0.2625608333444433,1,0.013086029840975788,0.014021300092432671,0,0.002937279343127147,0.0024186021965811196,0,2.1325615808507763,0.3092249543216396,1,-0.0057353628197728155,0.008257682890548547,0,-0.00401751691213491,0.00783291207105581,0,2.127065433210489,0.4089043037228432,1,0.00994114496221405,0.01235528528270565,0,0.0008857190130367126,0.003987661649411104,0,2.121388527788079,0.3178112516489061,1,0.008641104648062177,0.008802766473021771,0,0.0035105548488573953,0.00936072352001613,0,1.818755827192652,0.16152238718802292,1,0.032802102669102315,0.03525089599032287,0,-0.005251303178926723,0.02023196423861799,0,1.919817707762041,0.2467718247446541,1,0.025922304876685877,0.019148730716762426,0,0.0026937695432014673,0.004164115246123495,0,2.427046375101179,0.35010807990182286,1,-0.002880100681676103,0.021822346809826504,0,-0.006477447693070161,0.013524243476768678,0,1.7721633274168103,0.33009198146547675,1,-0.008715444422224848,0.008514811643992119,0,0.00025534403578556804,0.01069911761403933,0,1.8076690445296308,0.4506879895238697,1,-0.0025873901381511986,0.006186657770003969,0,-0.0008148734102482056,0.0031029333184808263,0,1.4519228904703487,0.122607883686056,1,-0.0100083598113684,0.011342406501288095,0,0.00711521430692684,0.01085086045406226,0,2.175930896438482,0.07324428076762188,1,0.010168170398803017,0.014122369261986222,0,0.00576455640091249,0.011559848773898708,0,1.9037363659466853,0.38712043161596027,1,0.0007320352249832729,0.017005018900142353,0,-0.001714913286260461,0.0044841835644973665,0,1.8059702249215035,0.3587656415115001,1,0.06400450133878226,0.08320970011632678,0,0.026207556956595955,0.04381387045458518,0,1.9242780945726967,0.4711558397688984,1,-0.0038087738225601694,0.012703503286158888,0,0.009071149447140717,0.008310777974261436,0,2.095207340235091,0.45056918975113464,1,-0.0013718496992307313,0.010394963469327919,0,0.011892391670670677,0.00944022281530531,0,2.4199891635289736,0.21796589612382397,1,0.017257286454651855,0.018654865591856546,0,0.0593208410001526,0.036943193906355705,0,1.6622795511540673,0.2491174045783315,1,0.004683504788855751,0.009397345025087817,0,-0.001039085194941,0.010301528664852387,0,1.17635434590916,0.2750564029329347,1,0.12507410600938657,0.07190571275913565,0,7.32900105652013e-05,0.0032208976902420405,0,1.7362979499694418,0.3098564195443362,1,0.013094657937052329,0.011318414990408022,0,0.009719068435472666,0.016608132659875395,0,2.145282563627259,0.18174317829286993,1,0.007369644838570971,0.008327067708983622,0,-0.005401645506815222,0.013397053254124729,0,1.7228223258025626,0.27157088367385723,1,0.04931660791997327,0.019377679139861034,0,0.0018831787350777056,0.006149812608927464,0,1.9449936245317834,0.2513823175296679,1,0.007651694967525238,0.010523182433621985,0,-0.011207996872784402,0.016512271033487284,0,1.5019079871230627,0.17030914113324722,1,0.005963389552657782,0.015350589105123044,0,-0.0010402548208563907,0.0029112059290337575,0,1.2700692105721552,0.16341148897900173,1,0.004208564709699652,0.019715580200806486,0,0.03996736595153136,0.041424322248233614,0,1.866245351761299,0.1978778164867194,1,0.002727007555990972,0.0041517841752828355,0,0.006270825678316173,0.027898101171216785,0,1.9234346244369636,0.2888506525068982,1,0.007354469956713275,0.012887869674963076,0,0.010795609495125102,0.01033267223559407,0,1.174991934353685,0.20038224987463032,1,0.03674993037547032,0.012614043565513525,0,0.0029749168000667184,0.002617967129761117,0,1.686667462675399,0.31760447416224485,1,0.02009266642822228,0.013936208033475506,0,0.0008398915625911222,0.017642237045984176,0,1.9208607818892731,0.1902596899075581,1,0.007132283856440181,0.014749113471113576,0,0.016522054691060762,0.01674729462061173,0,1.9736883827683958,0.4449528545557704,1,0.01765664091299388,0.02446265349259135,0,0.007738708293435802,0.012279182991560559,0
106,1000,0.6,lr,0.9756457397349083,0.004086115527823105,-0.003640499328872089,0.015012353241122175,0,2.165418862129798,0.3141701279652147,1,-0.0006800516593561965,0.003743331387321486,0,0.002953989285214953,0.0033725898802334,0,2.1503844692032343,0.21756737026514608,1,-0.00224716031320328,0.006127904497344711,0,-0.00012085778689980981,0.010589391541227119,0,1.8242262411958823,0.3167221453149871,1,0.009292602649790118,0.0065636613183197735,0,-0.002449326056728312,0.0043563072947906045,0,1.9683401924998296,0.172330469805511,1,-0.0015226785342017954,0.0019863164463790133,0,0.0012155921637887381,0.0032478055963078866,0,1.8273881938314656,0.11784076462721924,1,0.001445409717344211,0.003234391553381774,0,0.006222368301179906,0.006484755395138747,0,2.1525799629399094,0.2943533083880075,1,-0.007894127119880325,0.010655977835093169,0,0.0020727712730224017,0.0018892902801737564,0,2.2615488658972547,0.32449490190519853,1,0.013432891963857474,0.013533670121674968,0,-0.0013511194956251555,0.0013575171390354133,0,2.0286285937608906,0.2313417034168834,1,-0.004901670176796397,0.005002257820745531,0,0.01856211452606941,0.012517717091154575,0,2.3839951028967996,0.19180062131341805,1,-0.005800989832877685,0.008502244786783967,0,0.004252561094874667,0.00850621462738256,0,1.8386301444817055,0.1768793558122513,1,0.005734128520288233,0.008105831400975377,0,0.0243653613602217,0.01102784141426666,0,2.4330804039312524,0.2393349775927864,1,0.004178682933629021,0.005435432689199879,0,0.0004309041554967865,0.001887964394295783,0,1.9105482944318388,0.25509193511417294,1,0.002336961409345749,0.004563115254962215,0,0.002990761593343488,0.005359480032861998,0,2.117795248042163,0.2539481439584646,1,0.012518897938942434,0.008409697767108294,0,0.0013155225791387606,0.0031966810455713317,0,2.143549221009278,0.27330668430634686,1,0.0008068387787517073,0.0013317530312544745,0,0.0005646152587294774,0.003667979467121334,0,1.857505432421695,0.15200793024462356,1,0.0002665158483797513,0.008448035074831182,0,-0.0030078112260017906,0.0053834316703558335,0,2.544504551797167,0.2799701387417507,1,0.013726016541392102,0.014429974408553342,0,0.012024274662093297,0.015838267181663916,0,1.4647822536208008,0.17429940732014865,1,0.0024789124500287467,0.006155592097867752,0,0.0003238529035818587,0.0021879467900675358,0,1.8191252398013522,0.19202587570642066,1,-0.0029632586211784826,0.0028970653771783423,0,0.0035256186668415485,0.004172356128292745,0,1.612199900342376,0.1624273514215857,1,0.01572288588888742,0.009906151664998761,0,0.0005402462757722555,0.003729938347016483,0,1.6768677713404192,0.1721006577415768,1,0.006620608992279004,0.00857010072626108,0,0.006693476983185759,0.00895530731511701,0,1.7387058730225255,0.10001852747190416,1,0.00021274181665474542,0.0012238377548162876,0,-6.059741212676856e-05,0.007435610725390337,0,2.2893986766535503,0.22236071129674626,1,0.004356994509390188,0.00467765820945289,0,0.00038177498549518284,0.0016970230660329868,0,1.8433308355989024,0.16897394578284095,1,0.0001924632782537783,0.0014844241348640674,0,0.0005565647420635686,0.0033500946710530075,0,1.5824259073442173,0.06661538694247801,1,0.0051273022841366285,0.009629696758218084,0,0.0007960189574964145,0.003590519684591498,0,2.1791995480629183,0.1556852477101756,1,-0.00019476777934081648,0.0015834719620823085,0,0.001649978855072284,0.0015649086459668493,0,1.7969080566686337,0.321533118949487,1,-0.0023619745070072016,0.008698221715307567,0,0.005217165920489208,0.004066497671356807,0,1.7169453456792012,0.1388108012905899,1,-0.00048093283560761283,0.0025210893551971124,0,0.000669178021054529,0.008873260362931722,0,1.9681500785596466,0.20341932078373318,1,-0.000585722942229162,0.0025061811716644788,0,0.0010283634248695432,0.0017634099851559465,0,1.701907664683851,0.1627526834397644,1,0.002174038502333294,0.006599003276044805,0,-0.005703036277985007,0.010813562755559732,0,1.9260688220116111,0.18700059175765546,1,0.0009193476544202559,0.002456990520084906,0,0.0031933781555398117,0.004778924467205167,0,2.02538746941726,0.22790285036786143,1,-0.002067970781415113,0.002441949408332064,0,0.009489977606403383,0.009128006505202948,0,1.8621611445307007,0.1722220596269654,1,0.0014028945168743422,0.0020099828568567253,0,0.003953895045788996,0.0049485009560418045,0,2.266479398033579,0.2755979887514392,1,0.0040855511541880735,0.005215525564589985,0,0.0029734929145215257,0.010214809594405622,0
106,1000,0.6,lasso,0.39097002827763266,0.03853086969577661,0.0,0.0,0,0.1927779674970868,0.07414967418363776,1,0.0,0.0,0,0.0,0.0,0,0.21340345202171895,0.06499794826959791,1,0.0,0.0,0,0.0,0.0,0,1.0272913783618223,0.09246520093443436,1,0.05956325275944141,0.08811386846619224,0,0.0,0.0,0,0.5242640088636265,0.11780175895627001,1,0.0,0.0,0,0.0,0.0,0,0.09567448817267254,0.14582547375567695,1,0.15844122940858812,0.1401594108282242,0,0.0,0.0,0,0.3038081680538074,0.15721188817925782,1,0.0,0.0,0,0.0,0.0,0,1.8944941250736829,0.28884173851856615,1,0.0,0.0,0,0.0,0.0,0,0.936104561973119,0.185009671458116,1,0.0,0.0,0,0.0,0.0,0,0.8957582086702978,0.17225139947134605,1,0.0,0.0,0,0.0,0.0,0,0.565405256180677,0.0531854253443338,1,0.0,0.0,0,0.0,0.0,0,0.3628780602702766,0.07853084492269491,1,0.0,0.0,0,0.003765938982210741,0.007531877964421483,0,0.19890366682345512,0.16290669172207287,1,0.05893241332226042,0.07217808930008353,0,0.0,0.0,0,0.8745139648953074,0.09771411093226187,1,0.0,0.0,0,0.0,0.0,0,0.19957988617087336,0.14664195279892583,1,0.0,0.0,0,0.12468942615410945,0.09730799532788674,0,0.3770737371631571,0.10780719201332248,1,0.0,0.0,0,0.0,0.0,0,1.9476018066993528,0.27523578224038425,1,0.0,0.0,0,0.0,0.0,0,0.8634018578302808,0.16558394760341075,1,0.0,0.0,0,0.0,0.0,0,0.26456364792745857,0.08619335995915313,1,0.0,0.0,0,0.0,0.0,0,0.39571829713667117,0.10409802645390359,1,0.0,0.0,0,0.0,0.0,0,1.0670539792399172,0.26395701127878,1,0.0,0.0,0,0.1080357456089461,0.1147852854211388,0,0.3359183923994121,0.09041101694951544,1,0.0,0.0,0,0.0,0.0,0,0.5451039438745925,0.15094087286779473,1,0.0,0.0,0,0.040480473648060046,0.05024828370838787,0,0.5246259018834817,0.15591215183412474,1,0.0,0.0,0,0.0,0.0,0,0.45387874226830294,0.06375329009077646,1,0.0,0.0,0,0.0,0.0,0,0.5560051224782042,0.07478693524771711,1,0.0,0.0,0,0.0,0.0,0,0.1052805400073129,0.09508321849203794,1,0.0,0.0,0,0.0,0.0,0,0.5804853651960091,0.12648766677242687,1,0.016642248909333433,0.03328449781866687,0,0.0,0.0,0,0.40342040002029034,0.16850762171385747,1,0.0,0.0,0,0.0,0.0,0,0.33750270329031073,0.1281588789961956,1,0.0,0.0,0,0.0,0.0,0,0.15617601171830528,0.11843530705799724,1,0.07018562979675355,0.07543003465544043,0,0.0,0.0,0,0.5049395650385693,0.03804954923276038,1,0.0,0.0,0,0.0,0.0,0,0.9301846546513437,0.20828831760696906,1,0.0,0.0,0,0.0,0.0,0,0.5222997849033764,0.14180770057798228,1,0.0,0.0,0,0.0,0.0,0
106,1000,0.6,dt,-0.5103389112870176,0.1566514959776613,0.2539111451153986,0.5269024962070323,0,0.4439321350723868,0.6837873624863674,1,-0.005821829050937738,0.11521988077115977,0,-0.44500111866086345,0.6090721503850438,0,0.5646884376776602,1.012796855068168,1,0.8435882604118534,0.7988428965755353,0,0.2925460734741505,0.3478530473183317,0,0.5829932479482389,1.2241181511141606,1,0.16046170007993743,1.1702076557428873,0,0.6116949113899327,1.1839389692844846,0,0.18850380029964467,0.8525844109998121,1,-0.6050371816459628,0.46203221844405384,0,-0.17442435940079176,0.6238061913545272,0,0.044171138082629395,1.5822402990721083,1,0.07128950897345676,0.3344489603439015,0,-0.29042829279244897,0.23595790953153944,0,0.6559590521064904,0.8775957252020387,1,-1.201150211081467,1.4881098069943188,0,0.7234860618152152,1.1864326027718761,0,-0.47029031271904875,1.8544351248553506,1,-0.14965917767956735,0.17687831419118044,0,-0.3079256697299527,0.5164139793215281,0,0.5402631865691279,0.5376374830173363,1,0.25855645192611526,0.461439332228676,0,0.20030380589299074,0.13730997904842093,0,0.46011591622232284,1.0308813206373604,1,0.05359058034299193,0.4034101446542925,0,0.1439255949930989,0.3539966822270218,0,0.861940936839724,1.2452491762390565,1,0.6762467571544086,0.3636816731214442,0,-0.04492591234668538,0.17184218946767424,0,0.7670114652090231,0.7651612704625266,1,0.10963261520364957,0.48085668917156765,0,0.8607368389827356,1.381710627901499,0,-0.10011066332538388,1.1015828175341233,1,0.07767895095971661,0.21401287507747083,0,-0.9813195415358603,2.1769063700532207,0,-0.2220011322414463,0.5802387490894259,1,0.010292216099320151,0.354398380808855,0,0.23681455739392746,0.09581177582756395,0,-0.5553266179681002,1.3247402026464266,1,-0.4015753897571569,0.5444345376463267,0,0.2753274264154387,0.3869528877855783,0,0.17177307220808447,0.3836049841916688,1,-0.2206225136084669,0.7335508088180892,0,-0.49893340343787507,1.6350221543318304,0,0.4952291193403002,2.600848391949949,1,0.49226828372815357,1.5269318133112844,0,0.23457987459708435,0.7828227666510061,0,0.5700465075381266,2.720534694223623,1,-0.20194657621153386,1.3799810191300188,0,-0.5514025674511331,0.7000121959639168,0,0.92769830180195,1.5965199077341155,1,0.1219654489688847,0.5039351813062133,0,0.4438174426968466,0.8337476452574227,0,0.21387453484526847,0.6366841232375077,1,-0.607799323124444,0.5250878954322905,0,0.3026019294854595,0.3000220912080248,0,2.1160856287043055,2.064806209517653,1,-0.21100783124182,0.5279947674634355,0,-0.24322522445264286,0.27875069361458416,0,0.322367545883017,0.837401011040438,1,-0.1327886995563491,0.5000789833771172,0,-0.34741854001221195,0.6285649282740521,0,0.426402786508511,0.8182673861656754,1,-0.09105318184945758,0.6152903355099821,0,-0.8700250156520533,1.831099341619317,0,0.20184241229135158,1.17134226437969,1,0.13851762651615132,0.22252683923847952,0,0.22774320193355196,1.0231334400894925,0,0.2639093690720831,0.9747359015449759,1,0.2744921871181752,0.37496659684733946,0,-0.721342760218711,1.0194238594628748,0,0.34341173313466644,0.663300794832336,1,-0.9225850752266244,1.8016595817641323,0,0.028404212062399774,0.33076383375098045,0,0.9093437739327545,0.9395331101762929,1,0.008261209466617436,0.48111036877560714,0,-0.2488455944968772,0.2962212194077251,0,0.4569550220522651,0.7266719448537806,1,0.1511180810501796,0.5090458853589821,0,-0.8053879379273126,1.5843707232745432,0,-0.527313236508133,2.2700220507297213,1,-0.02848233576592473,0.24894910619554145,0,0.3493835552444848,0.653269778753395,0,0.3923823536334809,0.6199290902388186,1,0.560131181880688,1.3911972343482828,0,-0.37349247405159475,1.4361306738164497,0,-0.6029301402020524,0.9065322326122707,1,0.013999458076218224,0.15269397719134847,0,0.20257738898247074,0.4016641026847877,0,-0.0924293547931114,0.3901993371033333,1,0.2669650405895895,0.47830066062321647,0,-0.06951121910369408,0.3745716722179244,0,-0.5189618606202485,2.3360767077946702,1,-0.22531853749010314,0.48097356912460154,0,-0.1743393977802628,0.41861841428699353,0,0.39507723434105063,0.9535168803382742,1,-0.2245666577535717,0.30033651877250583,0,0.10876545973904275,0.43486357814054744,0
106,1000,0.6,rf,0.4499463858717386,0.019197161719982835,0.023922170302595944,0.03460259835191195,0,0.24126304512002467,0.05355838438899812,1,0.055517295147285636,0.041075729387179814,0,0.10586623912855923,0.05418408519324521,0,0.1988387812435625,0.07410412440118752,1,0.0814664220135666,0.04538339959529929,0,0.09769768904976343,0.07639217404860779,0,0.5825696960784835,0.1780236943809659,1,0.17371708536062774,0.05467061527107114,0,0.08490077915734356,0.015808782370305047,0,0.283331413949614,0.07815415152701653,1,0.0983961603886391,0.05406909184614731,0,0.04838326832562207,0.03539260562358464,0,0.20614984450246876,0.174510210366898,1,0.16616254056272584,0.04614472279716362,0,0.1643354995043903,0.044954845233149424,0,0.15482359535991483,0.06025253365388858,1,0.09745168829558006,0.05630281690330443,0,0.25896955328565274,0.08139074527544297,0,1.2158931798658261,0.21134965759128393,1,0.0706066425111185,0.03170977667624406,0,0.10473603220087761,0.10519470714827618,0,0.3783168406447217,0.17346338552757024,1,0.11398957981538627,0.03649213806838174,0,0.09760295650593005,0.06806568963281914,0,0.5215550254958095,0.20720121454771567,1,0.2700632756727425,0.08410411159751671,0,0.05877550193270925,0.06418026462426571,0,0.4156425696026185,0.09568032617582488,1,0.12007131423016112,0.0652992891553526,0,0.06885167999187317,0.06107321862668183,0,0.3362135389137285,0.17628633514426356,1,0.08334360461048981,0.007361342104354866,0,0.17990620177861433,0.06489409497458394,0,0.2319123992989617,0.09904945249089614,1,0.11338025753161292,0.05360153292558767,0,0.04820078629917666,0.04337141965228615,0,0.22288427961228754,0.0715884295370264,1,0.07657862356713359,0.06320760236660382,0,0.1183607723737558,0.08335522199903786,0,0.20346896335744055,0.06592967644360127,1,0.0668245949896308,0.06932424358016963,0,0.32735694719977343,0.09388041647853441,0,0.27007978023578894,0.0808930095021592,1,0.10450819806735359,0.05465912625484858,0,0.13669739455156663,0.04134688886339718,0,1.0663017913988533,0.17965170550451828,1,0.04301557413191963,0.1471786214104476,0,0.12672155560805848,0.11814048696115127,0,0.9412425405028324,0.42313255758893664,1,0.09648021759142411,0.023380991752486594,0,0.06414909918333903,0.051372741135450116,0,0.3838039718264742,0.13292132991615369,1,0.11633280295469464,0.06662627543161129,0,0.07246357436834662,0.046815684818930975,0,0.3116734825633815,0.10867438249164955,1,0.125975723891151,0.06601370697535902,0,0.1420218591324814,0.07353979664457853,0,0.9637038907743761,0.3110169819537313,1,0.10990174058103094,0.05562026928879914,0,0.414166675779407,0.14781008186511066,0,0.34154897801203626,0.13043189730239324,1,0.012009607056171392,0.059717598506401945,0,0.04096104290873892,0.04400079034452183,0,0.31132189969265606,0.07339571275190436,1,0.15756595299583753,0.034024630930626965,0,0.22095924164381214,0.1236452872216217,0,0.1973630716643505,0.034129257201115426,1,0.0883795810214965,0.05136992228090568,0,0.05890817727454565,0.03447646073879213,0,0.33010718038345066,0.10289212229866257,1,0.06289982108128093,0.1365583713870036,0,0.09707846809959475,0.07515104589330383,0,0.24879349670787007,0.11635655343532832,1,0.09223051450459503,0.10370787846857153,0,0.07551230965899049,0.04296322970218912,0,0.13158906345505156,0.04421378108747481,1,0.07094209477501434,0.025284836946874,0,0.026530664222124883,0.03933247520992534,0,0.4314396124334672,0.08115569106246792,1,0.13637966690418463,0.05692559849379939,0,0.14420060052582065,0.03750405180146742,0,0.19240101848698715,0.1306471134876765,1,0.11475555201354823,0.055269004316060064,0,0.14323757783576568,0.06968456877337008,0,0.17503853689605653,0.03498339897859767,1,0.12160428601767961,0.04828862852043058,0,0.05189174204833071,0.06384529036457301,0,0.16741345885834097,0.12735273647962736,1,0.09169779094528337,0.03947484863574853,0,0.09532616299945672,0.05219376001683111,0,0.451189146622564,0.06098080233739118,1,0.05716751776099851,0.03623959148589956,0,0.17949458354677683,0.08588233616945651,0,0.7550796164015914,0.13981530496510564,1,0.08134643935265848,0.06208963257488083,0,0.012476631990971002,0.038280203247969526,0,0.25010802493883233,0.1165287039848557,1,0.039131604115889305,0.038419779903901725,0,0.05330784476060616,0.03883041585675265,0
106,1000,0.6,et,0.4500284881840401,0.014391138880845486,0.030097481011633332,0.025236253762030803,0,0.2920943922505652,0.08407527098276564,1,0.04953714531005788,0.08955994537035007,0,0.05733380013928853,0.06041023126051179,0,0.20202688830870366,0.0765494348699225,1,0.030161547694125546,0.04979186331442156,0,0.09362785292961534,0.06434431092368759,0,0.5399584277803492,0.1434459906032,1,0.2111381729917156,0.12164677228473136,0,0.14395371068925428,0.0363084312591839,0,0.31194352864792674,0.0483590228102873,1,0.15803293528022225,0.08097262082139811,0,0.059594210549029136,0.04750037241684457,0,0.12011773510973807,0.149073419844263,1,0.1674893877373512,0.1448752354664224,0,0.1053143401642815,0.11138093623310384,0,0.10780663316858656,0.038510479573995046,1,0.135189071864441,0.04279894367941206,0,0.20802281964524733,0.144303937286342,0,1.3809041233347858,0.21315368123162245,1,0.010946324111941949,0.04200153179477143,0,0.10140193891782394,0.11114835165614587,0,0.34064000489833846,0.1306242584174897,1,0.11193598331783408,0.07072009209711416,0,0.12383223923780244,0.06232529170001217,0,0.6380279919326723,0.13700091285613364,1,0.23444737339967747,0.04863179886331147,0,0.1850300205263856,0.07015945014968625,0,0.3883871588228626,0.1008749030965177,1,0.17171999055071166,0.09751925953993432,0,0.11465118545441733,0.06105142421186197,0,0.22847040580397127,0.10009331994467602,1,0.09554791237795342,0.02971094015100509,0,0.15686004421148525,0.08210175098974509,0,0.23030114262895354,0.05194308208388239,1,0.10714460704905109,0.05070061548614117,0,0.1131654708434507,0.05842641419681935,0,0.29243037740127903,0.09669844315872621,1,0.09281528855299258,0.050625054798920995,0,0.13507089344372744,0.04935018092536667,0,0.23563053334396833,0.11447223000394376,1,0.098640858669829,0.051971344463779406,0,0.2982674749233766,0.06307066055693769,0,0.2459650397604798,0.0444571671394799,1,0.10740291074686774,0.06648213132956043,0,0.2509536535029977,0.0777252179732517,0,0.9006177095384764,0.2811154383133029,1,0.08618967249019927,0.09658364750185057,0,0.1695767424675403,0.11279738491327018,0,0.9776554360797943,0.3988194288511789,1,0.12524601803353516,0.10212556630002,0,0.0959392277295309,0.13286311547163443,0,0.38479187732970976,0.1718586358616442,1,0.08493619473599716,0.043083566929224354,0,0.04367618767169936,0.06451139482465455,0,0.20140517581031273,0.0756998141805323,1,0.12626949713676003,0.03649527176205306,0,0.10478748522921918,0.029558852816397682,0,0.7342227901276845,0.182520412349918,1,0.0909540549563013,0.03211248940014667,0,0.3797800645540982,0.18680202432028298,0,0.2621613254029879,0.10249057252430166,1,0.026773955513836822,0.10907487541623428,0,0.0411491942060412,0.07499471031292183,0,0.3355094080915419,0.05091145312058279,1,0.12054998524296645,0.0556776396939719,0,0.23438514531273702,0.0352980485346628,0,0.28432754561665263,0.0657283330711241,1,0.07708117070290178,0.057421310595389206,0,0.05748122746082408,0.04848953854316634,0,0.2418346808120473,0.08064081229667058,1,0.08817651894524421,0.08336301994554977,0,0.11564454439013941,0.05076675093091216,0,0.2269459756785263,0.05882466822670489,1,0.09078313847559248,0.10037323229988858,0,0.09726363051671551,0.06952000577797512,0,0.13740376984024033,0.058391902791245766,1,0.11858529615121412,0.1227267756563605,0,0.08926971810294171,0.03304916501824343,0,0.25571740295848827,0.08632256327992051,1,0.14577705127165305,0.0691129230978258,0,0.1384908967590987,0.05803895070737084,0,0.2673201390208323,0.10612324719691024,1,0.07295835612224717,0.0682774583365495,0,0.17425538401878676,0.08150820361680124,0,0.21624050793683597,0.09466878408487199,1,0.14506488921076283,0.06534717383904429,0,0.06463793930990912,0.06060201792081331,0,0.12663085920026118,0.11917573441329624,1,0.12085458713746042,0.038838808880444865,0,0.1657563785220341,0.06108234456022195,0,0.4000909634210935,0.11695540407723501,1,0.07570231241212401,0.050317966998467266,0,0.10408840264333954,0.10603964880535456,0,0.8134221410535863,0.23002117491082869,1,0.06313055019763933,0.04782250724512995,0,0.0356373386726465,0.04659896244293554,0,0.3053240644887237,0.06197523431091041,1,0.02327540987502788,0.0745452957184898,0,0.011107198714431606,0.04679850996632042,0
106,1000,0.6,gb,0.624628184305311,0.011039082328815454,0.001224921901896252,0.0033274310388574026,0,0.8058898300969901,0.1822543500434642,1,0.003630228904994191,0.013719628489503196,0,0.0673383666907057,0.02707245468806767,0,0.47970292222985667,0.11635917198574018,1,0.015247146668435746,0.0381701908708297,0,0.07733171470926094,0.04924005337020696,0,1.0193978564342348,0.289367087296246,1,0.1216617330037437,0.12996158588369544,0,0.021545241426521342,0.07365061187005613,0,0.685272881972191,0.25503495805842247,1,0.11906287914934395,0.04005389892824215,0,-0.00304180848212875,0.029642177922220004,0,0.35340190966282703,0.23660985876687832,1,0.3963479023779513,0.2651346926682156,0,0.07445274284025734,0.08463271017518417,0,0.726695141102969,0.23214883038050768,1,0.14400445255989675,0.14207654477395465,0,0.2150643445641836,0.17659403672709886,0,1.5488259495139742,0.3424135653530643,1,-0.011384403369213942,0.024655843837597342,0,0.03691191759542987,0.12841233343510025,0,0.6892417562012403,0.13906156671571085,1,0.03259917049829688,0.06304546458616697,0,0.009193088955840877,0.034339249269880315,0,1.0500495898235342,0.26737747768611,1,0.3296737777910088,0.26695922327690774,0,0.04033109242044254,0.04206824108622599,0,0.7428576926874711,0.15250974512072943,1,0.10743194544849285,0.13057253943276131,0,0.007577380781115359,0.023823604003870704,0,0.798728637555224,0.3067587674539439,1,0.022824957026765916,0.08288641885033415,0,0.263371125271618,0.15132682178682497,0,0.5082867477423445,0.15557772593867392,1,0.11489129086633343,0.07329457439786793,0,0.07011385549671789,0.06883278101232915,0,0.654361576665432,0.16087836169201836,1,0.0755948322150963,0.08979836297920588,0,0.1561623569205046,0.10864078157368193,0,0.4807907197726148,0.19229529252637478,1,0.025425711159447945,0.012451965234635418,0,0.3376049379273861,0.2422525497802402,0,0.5418262003232174,0.31680085312344086,1,0.09074237931132191,0.15165701264120524,0,0.06452902053452156,0.059078783736563334,0,1.2924797950837976,0.3436042480609986,1,0.051424454668051844,0.04616995273609612,0,0.15043410420768327,0.08101777103055209,0,1.1547755809255014,0.4454571425343191,1,0.024961535258096454,0.05253866081929406,0,0.05684738875147512,0.11699944782316131,0,0.7808123752848787,0.16776396065052665,1,0.056647811153939166,0.04790062687618153,0,0.05689452088756036,0.09235916134133158,0,0.6743140768596991,0.16784281321757277,1,-0.004859973454601601,0.04623556650590396,0,0.03255303015206871,0.05089545799403355,0,1.2662630866952624,0.2514179623884788,1,0.06997006162803335,0.05292236425816669,0,0.3150275185430954,0.13853037816119965,0,0.6901373559748649,0.32901581031948296,1,-0.024724223821893727,0.06820347197603555,0,-0.03490716755801583,0.04259728644504527,0,0.8568402571093804,0.24205762560103136,1,0.026981679098710132,0.043847697668573556,0,0.2437879349424595,0.09694568743955459,0,0.47979671633191884,0.11075334849871185,1,0.02866258132186216,0.01975664737999315,0,0.015179421776347879,0.01315417657948272,0,0.9454973549104713,0.2534417704727448,1,0.03237668009863171,0.05278506727484849,0,0.04200766676307867,0.037727975725555064,0,0.537198001123953,0.1385467239730242,1,0.11933125814637917,0.058612866942778015,0,0.0746399344758051,0.06062181099788183,0,0.26265726799984324,0.12422476036358439,1,0.06173529641834208,0.08158959668289317,0,0.0021420629252967274,0.010486999529238438,0,1.0263120652891609,0.17874986182534028,1,0.026878669325325216,0.050603101362648055,0,0.04963923474020997,0.03594407766423321,0,0.8320786735991994,0.11783463180284222,1,0.04428991753753103,0.0391633352569416,0,0.11754642821055358,0.055927899557522004,0,0.6825357297507627,0.1699282273469352,1,0.14885276361821603,0.13627133528562774,0,0.061240298392583714,0.037011632088902575,0,0.22758329456515156,0.08844599528460838,1,0.07981302835818371,0.07069810563221983,0,0.08535740735133437,0.06198586450377694,0,0.8860016407030293,0.26736901767075716,1,0.039127033818444984,0.01710002622017165,0,0.0785785941547464,0.05745527625904369,0,1.369754155677342,0.26903592218159017,1,-0.0019809881407162858,0.017248526898687496,0,-0.005013038495164835,0.006104089453390602,0,0.8400590691575495,0.2883973329914918,1,-0.0022556500271040322,0.001888312877256122,0,0.0033512206886542233,0.006089609960420555,0
106,1000,0.6,hgb,0.6117346117230491,0.011870348226772664,0.08687767233222478,0.0867196793524261,0,0.518812455003345,0.14257293404919485,1,0.022023634851975178,0.045234541238403383,0,0.09163232869478541,0.08498162756126071,0,0.4997216775938558,0.15442090093633715,1,0.016550647052083214,0.023418350551113434,0,0.06960095430990898,0.07243509811371024,0,1.1082989178116784,0.31390505020224174,1,0.1593523913166996,0.06983930233773936,0,0.02154088867322572,0.04300615181800629,0,0.6295039948052468,0.13916551850367426,1,0.12994501838674888,0.08416796939012558,0,0.009828561511898265,0.09034707748813425,0,0.2750983480461291,0.2984915126858701,1,0.35528479909790567,0.12167531112693286,0,0.13130233671902927,0.08824036787710775,0,0.5814556874433154,0.24579582327781851,1,0.14209902426656149,0.08345162543755354,0,0.24827381733820825,0.11080040111677285,0,1.2898107804892072,0.537032027638891,1,0.016627454597880807,0.030597350241939703,0,0.0331584307159095,0.055680268434995045,0,0.6601599228201334,0.11181677131336912,1,0.05373406238682428,0.03897150240577303,0,0.017912614551241927,0.11956467958149519,0,0.7701850776433105,0.29910304398821796,1,0.2669260009905224,0.30367252537651346,0,0.13358689034301724,0.09970533107602328,0,0.49398990689499334,0.27154118350525774,1,0.07983424167126613,0.12475996462102543,0,0.1278533200656374,0.062236682212608786,0,0.5381987254925493,0.06129170853195019,1,0.06181414590337686,0.07149095972888463,0,0.26104228425364645,0.1576394723819282,0,0.44784353652709674,0.22191540549851493,1,0.08726560076455889,0.08576274263600021,0,0.06095656036518202,0.06403154044684951,0,0.5110126203424157,0.20566835555340457,1,0.16502575442678927,0.09247810743069576,0,0.2917087482575663,0.1734117461903951,0,0.5628680991570774,0.2611888383622718,1,0.01609118965084706,0.054850857780673855,0,0.27990002539363346,0.18796096630484446,0,0.5655278554260521,0.1845101424697598,1,0.09930943861726255,0.15263091781665822,0,0.16845549230628887,0.09598609507682877,0,1.4741333036736672,0.44035549626231496,1,0.007159235392349731,0.10496138750614231,0,0.10803231297039224,0.056318303162696266,0,1.168464196025532,0.5672415618730385,1,0.05381339180988556,0.0674629463714749,0,0.029529270448639365,0.12459768223237966,0,0.7356503241496846,0.2536282818050481,1,0.07600537168312738,0.09542605577414338,0,0.06724890359599575,0.08508245869831542,0,0.412166585078085,0.0798061062302921,1,0.07149183364777706,0.034400968226668154,0,0.1099366954438544,0.04339514113850302,0,1.1497925946506893,0.335576277295813,1,0.034563703277066336,0.06082896694175992,0,0.2174318531939964,0.1762989006522298,0,0.5992556867631406,0.4449160935871951,1,0.01985834173321424,0.11251358317313812,0,0.03311103705679817,0.009628788926505769,0,0.7017586964209637,0.18294088222218408,1,0.14280674673932045,0.08942187944620236,0,0.40357424420413146,0.11330991236358073,0,0.5563066558104435,0.0662292017655787,1,0.07349922832687064,0.03868104938726591,0,0.058289239433508486,0.04346862415679685,0,0.7441641077424893,0.09341501040841044,1,0.0799510206706962,0.1222334590418683,0,-0.00016763177399702205,0.06218351785094359,0,0.7664394989173056,0.14086499583967171,1,0.1293203139082549,0.034149186863219855,0,0.016825921803568362,0.02357063630409331,0,0.33989422612247433,0.08811519174052733,1,0.10553628216450384,0.06316193988799639,0,0.015725077043913772,0.050349163387032124,0,0.9810517590650593,0.18003481349225448,1,0.04710254301362494,0.09571884161088404,0,0.09732876572366232,0.08545722811939736,0,0.7953538647077704,0.23680809580741938,1,0.10276072046588114,0.0403114524906777,0,0.10728427048850202,0.06818933154626602,0,0.637193392558296,0.1989044483102831,1,0.12471017681635095,0.08156231840944236,0,0.02421531812233974,0.048971553323808995,0,0.2069600720676211,0.10552087219969081,1,0.11832895235484693,0.06859423153239179,0,0.08280535064207377,0.0667311409336911,0,0.6555727083884395,0.1433823315890617,1,0.00914139665789595,0.08968049811343456,0,0.20105396972992134,0.14591907551509628,0,1.1976261272053268,0.14726831022031403,1,0.027222090858010813,0.034098521597783656,0,0.024185760443072617,0.03933953867995902,0,0.7982669181481089,0.32725209372324804,1,0.019563869154360296,0.02874729855839757,0,-0.005680078865474037,0.014720832274700366,0
106,1000,0.6,ab,0.4513367071549924,0.01683373175608468,0.019170902324911664,0.01665392781672587,0,0.15694472369696227,0.14021332106042858,1,-0.023990731317568674,0.029746500068455736,0,0.10150460691598358,0.17758202682220547,0,0.23601750542757047,0.3210869819525351,1,0.039936441986020005,0.08239167768992242,0,0.029293838115307908,0.02823756129713072,0,0.7538368412695393,0.46330675707836294,1,0.11352905375981612,0.16413309330374942,0,0.08626332347030816,0.19807464380708242,0,0.4012058073066919,0.1990357958351521,1,0.0761073033399517,0.1757613068008551,0,0.005687278400739913,0.011374556801479826,0,0.06238681324593106,0.06197578692463795,1,0.6454419708588024,0.41059454190208616,0,0.3129838629141065,0.3026646589575727,0,0.28449280167998936,0.134003371301245,1,-0.03527866348840947,0.11045111808190966,0,0.5384707350707252,0.11786098326098852,0,1.2769881676725379,0.8415258470925886,1,0.025957069625061523,0.038964380081194044,0,0.04887797650206969,0.07498071758319878,0,0.3979078403963139,0.20766495036461308,1,0.10827666384950858,0.21526383161944845,0,0.0029459762804525695,0.005474100478082073,0,0.5331112525885672,0.20005313658491142,1,0.5617817524731217,0.313710518808917,0,0.0706805370224258,0.035058805995947205,0,0.23004775404546535,0.3791856261141396,1,0.031165122342558044,0.047277247271977206,0,0.07334194603117432,0.08541535471006247,0,0.07524984933346468,0.1762169131008146,1,0.1824816633328083,0.4135873491973965,0,0.20806209147360333,0.12586573633210538,0,0.3062186336410454,0.13590068494485846,1,0.038394564111157284,0.05089289805176317,0,-0.03500988665690784,0.060512445971561864,0,0.38818475950910314,0.17341405977348787,1,0.16396617665969096,0.2063925486270835,0,0.1342083556789311,0.08163880115647808,0,0.22226097800060138,0.15447968343265175,1,-0.00026684517003121717,0.04035668032598308,0,0.2875678723809433,0.13402434967597857,0,0.15680950270316557,0.14809978978522045,1,0.11780168612058947,0.07946011778425627,0,0.15982589140889533,0.1772294660758977,0,1.2608535747309575,0.2616079673572169,1,-0.04121270834295106,0.13121195722170645,0,0.20806206517496456,0.22177600418873952,0,0.5840077989164154,0.5324955791442383,1,0.01841733231845575,0.02098465906359099,0,0.24879723232087653,0.13153182528367946,0,0.5195611432216446,0.2492488678202695,1,0.040224547516015174,0.041092561718487276,0,0.03494859514330477,0.10849452467123159,0,0.3043864586999347,0.2063585460334491,1,0.08101631281463541,0.09410075524462935,0,0.08067560960576821,0.08539861413236789,0,1.0156313908675405,0.566170848781261,1,-0.03525786634367943,0.06051909395317811,0,0.1152177262337009,0.2243117729890176,0,1.0407278373190596,0.3104893336687769,1,0.013404085861107204,0.026178871651407386,0,0.0,0.0,0,0.28833593905310156,0.22181863740383218,1,-0.017327259076269714,0.10441718008622572,0,0.1432235003773461,0.13621872635758908,0,0.2117700523439126,0.07834626064965626,1,0.01038596371421599,0.01721245748540418,0,-0.0005014799852236819,0.0010029599704473638,0,0.7849928087433835,0.37560236769743344,1,0.01745247801680861,0.022044962621470515,0,0.05207252389124102,0.15999830702958884,0,0.5381738925008505,0.235909810529805,1,0.08286904958427432,0.0503488406162214,0,0.040199056534980536,0.09348540107789849,0,0.1322129150008208,0.09774174455283881,1,0.21153974682475996,0.3446226988981497,0,-0.004880393010553988,0.009760786021107975,0,0.9398231726144652,0.14174568574854576,1,0.10951243272538427,0.1752684549543626,0,0.02842323304312342,0.039248319407681045,0,0.17468088514156038,0.14647574431106852,1,0.033554961039215514,0.08640805250169238,0,0.052476679026511916,0.07028969993877175,0,0.450718506960582,0.2251855987698398,1,0.016560190750643564,0.1474747569795482,0,-0.0005917482925835618,0.04505553349061325,0,0.024121158786434123,0.031004132929750162,1,0.20967078293909305,0.2621088829723989,0,-0.011995991485953966,0.08163674104212779,0,0.6913265291746239,0.3986411439618139,1,0.04153249062577894,0.16857525061774598,0,0.19167438221730831,0.17725932925274943,0,0.9856056304896027,0.4451087183919002,1,0.020871890693032157,0.08819213332876567,0,-0.003499425633465606,0.011032041658008437,0,0.30348577368092555,0.1761437465800887,1,0.00011488518571459848,0.00022977037142919693,0,0.0,0.0,0
106,1000,0.6,bag,0.35968643981710247,0.03286779725545842,0.0029876393839439407,0.09293853970037237,0,0.13055326327341618,0.21403512346498024,1,-0.05185947699454642,0.18325994389141959,0,0.08611678714875101,0.2809577961566947,0,0.29933214334385555,0.3286410148310774,1,0.2113331583718121,0.2707413144301499,0,0.2410809947326177,0.2116435443320809,0,0.4979947746813326,0.5605164613483211,1,0.25441747480349386,0.22569077760059097,0,-0.004845689731702085,0.13593080548383454,0,0.3598382888383104,0.3639530203468536,1,-0.0006236979311209867,0.05956673131442029,0,0.05510075354645013,0.2766416264052705,0,-0.028522268813272335,0.23986374309015052,1,0.2540169759723644,0.1615645298377926,0,0.21694967076754498,0.3442506842419821,0,0.33210524432330857,0.06697103301392922,1,0.07135783827994026,0.19315235809837306,0,0.2699385850168558,0.2596593656515358,0,2.1611938712360024,0.19884531517078588,1,0.0690719080407585,0.12869516825846908,0,0.15235068540863556,0.11847012317789729,0,0.14928016545722586,0.22875729547084508,1,0.17824727740859336,0.10850216546572852,0,0.1504881142942121,0.11773930135326297,0,0.19741314769164633,0.24738502947508365,1,0.2571983705472148,0.3867562459168486,0,0.01808043179567774,0.09251992557733653,0,0.42145011827332546,0.40573733008843804,1,0.17006425201370506,0.07090940178199318,0,0.25757286306651045,0.2777697646509703,0,0.12469001998084799,0.1661382225230151,1,0.21320950777390144,0.05153426630548129,0,0.1307373532686057,0.17453680209733236,0,0.3257914167609701,0.32844755586408336,1,0.17143290510832015,0.21676147396745868,0,0.021844318205716945,0.10452119972846588,0,0.20074101169125808,0.08128370289192441,1,0.09683370146260561,0.15431725163606835,0,0.2730271174478408,0.3811560571472689,0,0.07499882945728782,0.1635226303199277,1,0.0808272244991719,0.18365337193684733,0,0.18908946178435762,0.24042939353753726,0,0.2400597732111207,0.1929145591025725,1,0.20027982484756088,0.11424674799409293,0,0.13355245949612696,0.08830236898180138,0,1.0568721482348233,0.520889566338706,1,0.09009161477702451,0.217261978565803,0,0.036634836668500224,0.3594046660207824,0,1.0988976973495326,0.660936024384822,1,0.009663878086702524,0.3950278193178688,0,-0.07532778259859627,0.15733204708854834,0,0.3795758547833993,0.2563019203295934,1,0.1510802192360658,0.1653320671359197,0,0.198152079769231,0.20452550452250784,0,0.4316086333245413,0.22004606627710285,1,-0.02829697972953118,0.20613506503898413,0,0.22040014826847446,0.18972217808941588,0,0.7386758845414707,0.2286051087885602,1,0.05249396050938965,0.061232275395458016,0,0.265345844409543,0.2061558932872747,0,0.2617238122328359,0.5803430587828229,1,-0.026141258564987953,0.2313732685747809,0,0.0569124747621953,0.20748823012379047,0,0.32828651915403306,0.290458552281088,1,0.09467692075327358,0.3003886035094563,0,0.19740876657185707,0.3605489833847971,0,0.23433077761898086,0.1528003706136383,1,0.17479175274349873,0.15171831522126736,0,-0.005067763412674564,0.10732328588906212,0,0.4595219957598218,0.344639082509256,1,0.16345007382600277,0.22565028324732558,0,0.08116558863508017,0.17046716935869177,0,0.4052014347849666,0.6478056987231438,1,0.10768311616418128,0.2629644035999999,0,0.04517951067638428,0.09340440995250578,0,0.29227234284690085,0.17887211563824737,1,0.043472043504280446,0.19358214094588813,0,0.1156697185838202,0.16547647729402407,0,0.6075061039028663,0.28182655103552723,1,-0.010374735912986238,0.10493705714132236,0,0.16495308813187443,0.08779834734437322,0,0.2832599643021519,0.22851707530947696,1,0.1313530850931211,0.22865147198106014,0,-0.04029340644091704,0.21553343816678058,0,0.05809519992749802,0.09764875581607506,1,0.18651750213110804,0.12792594812386934,0,0.09989588925714621,0.15580038376705233,0,0.021694066778067133,0.3313759844242382,1,0.04176972978501948,0.19563534055300258,0,0.1659353116935256,0.2741741574446104,0,0.2686357907050061,0.38085029293485245,1,0.10466013542070803,0.3323056198166961,0,0.11590447390771211,0.08143887568493545,0,0.42146536020335823,0.2687840176405454,1,0.022702509159718005,0.21775126756439034,0,0.029518644289442085,0.07293246137646751,0,0.4257562040027699,0.32305510507831176,1,0.07324744492522206,0.130227394857525,0,-0.07138988494039787,0.07392657007240992,0
106,1000,0.6,mlp,0.9587287014449124,0.005760821373458647,0.009108071772818709,0.028321401082910362,0,1.838982230082027,0.3451530874128792,1,-0.01982604361131105,0.009442667242092707,0,0.006859885851052408,0.01606102682813917,0,1.9148692519130321,0.22536348062167202,1,0.026376111264152634,0.037375398657948554,0,0.004466890915991912,0.02015835126461522,0,1.732299192633952,0.27441018284120505,1,0.03163799415942582,0.023810669008060396,0,0.010045037428218214,0.017647380079848094,0,1.4955215031706035,0.20642817561451823,1,0.028957238608948083,0.0077391220236905246,0,0.008638006812469665,0.017238055155665063,0,1.613485578009153,0.1405875885510665,1,0.0009579096670472243,0.030146158971821286,0,0.010220288188299769,0.009194877210706812,0,1.7778608498637294,0.33686746243205723,1,0.0007108814215722265,0.03579734969743982,0,0.004383934635825062,0.01845934166717272,0,1.8962685206966785,0.16859321789109363,1,0.012519315426508831,0.02001967109210064,0,0.010132593312326976,0.028590533649810936,0,1.5966418825943365,0.09544158261074258,1,0.024969847466047246,0.020867452603945607,0,0.010091654421150982,0.022323526908833782,0,2.0211250892382826,0.12440520608132148,1,0.020774264755259415,0.024194933690925794,0,0.007293307614829879,0.04237612719680144,0,1.485888988826661,0.15679977012267163,1,0.051332971116463,0.004092951726959275,0,0.035270965694347386,0.030035511049788504,0,1.9441210539044338,0.25674113095886664,1,0.008917517782143404,0.015218383406070285,0,0.016731229143146734,0.010871762400545005,0,1.4565069284584513,0.20915490355978417,1,0.021546473497984366,0.02320907487081784,0,0.0067801679144071005,0.014561968429236025,0,1.97007359581811,0.3019848343763175,1,0.03079798006151784,0.01038695859578673,0,-0.001575645953260186,0.019936713902599868,0,1.8062913188190333,0.22980935263851848,1,0.0024829104503902057,0.013993856847209172,0,0.03253172082749096,0.023567409100083356,0,1.358665527840953,0.14628499158044875,1,0.00930064912906939,0.018956937741716275,0,0.04097980019994153,0.022981149082656374,0,1.8113771304980042,0.11924657815322454,1,0.014527617097521659,0.061319504052850415,0,0.037549912025365104,0.02189303107081924,0,1.4211367690476464,0.20141277200789903,1,-0.0033266002155237576,0.020349889631550995,0,0.002564600625168298,0.01749802799316272,0,1.3810045958162838,0.14981501925624846,1,-0.0030477419402366772,0.02905234328332164,0,0.01757060784858306,0.02838474460886619,0,1.2987834371169316,0.15311146838646678,1,0.045413704983597404,0.04553634924000584,0,0.012890506122163373,0.020824106315642667,0,1.3810725234161283,0.12825342493179384,1,-0.006252611147234163,0.009516542755075576,0,0.02322918123932168,0.02211658903281324,0,1.4359318464834285,0.16644404727370177,1,0.02090808618370048,0.011756614587910216,0,0.023544386208548276,0.030803310603270736,0,1.788619008672768,0.17912019424470685,1,-0.008240111081028137,0.014335487993193492,0,0.011095093802947098,0.008934894382147505,0,1.5055055874422216,0.2320941988995601,1,0.021340991691490032,0.029830858364577103,0,0.03384202437083979,0.02317369667894298,0,1.3446733053491808,0.07889146548134723,1,0.02316213456002334,0.035994615186653374,0,-0.005397484083432479,0.0237106863263153,0,1.8215428993325333,0.15730411978686484,1,0.0028528142126757147,0.019132087027905254,0,0.022562899234294453,0.02745469389089423,0,1.3982201750038716,0.2270358511808593,1,0.03512068932563385,0.040371588893027006,0,0.0029583679758171167,0.023521320009640988,0,1.3562094064176566,0.20235331495866474,1,0.017895674766022083,0.013861326057397112,0,-0.011503929602232524,0.024971499392421718,0,1.8553371701471626,0.2456812259564021,1,-0.00430352299653817,0.024060499788413823,0,0.02493957971378538,0.018224321184821896,0,1.4825820794379545,0.15535130679484516,1,-0.004482858998680978,0.01260472103887888,0,0.011044038908227147,0.028866218894853662,0,1.6075987926302127,0.09082321740599741,1,0.004084466942570602,0.02560418168541313,0,-0.012778103151615348,0.011749861978140555,0,1.8499133532315912,0.18619703458943368,1,0.01209829337085928,0.035767452637509134,0,0.029065248450635007,0.03780168161635039,0,1.6310095133559996,0.3190906069131307,1,-0.0028350567983584,0.02487597077696155,0,-0.0021859380738805828,0.029055906367752855,0,2.046930516094316,0.31468086916000293,1,0.0124807072589149,0.011296655468837017,0,0.040732383179530304,0.022606596197358057,0
106,1000,0.6,svr,0.7203858540812945,0.0138340616836344,0.054397708550478395,0.045961470365245595,0,0.49709211989925245,0.11629111982476929,1,0.08238343384530945,0.05486345885250031,0,0.17224061253313555,0.0440300012824203,0,0.39848961384936915,0.05071775310961336,1,0.10826405009236029,0.028188300374813673,0,0.16738254463749247,0.05199911151813967,0,0.6268001180227161,0.08150779679373772,1,0.19474677046380728,0.02165317863687768,0,0.15492252665964973,0.03602956283092136,0,0.5132120048535501,0.09904049353877308,1,0.14887056872329346,0.04407602698977001,0,0.11407560776989145,0.07636767140603762,0,0.37290904737162256,0.18288057894641685,1,0.17945149178244552,0.08275901299793845,0,0.12470032442568055,0.052656288684374865,0,0.5210474521624185,0.1727414604871325,1,0.22464003924092593,0.12101453059158576,0,0.15729788076725537,0.05625370150680703,0,0.8319179302428292,0.153756005063238,1,0.11093459277401847,0.04661066812913704,0,0.12993908521274677,0.09774973877299938,0,0.6520919286119851,0.09314919987850605,1,0.19932803093460075,0.02581743214606325,0,0.13737625864810848,0.06241645775593215,0,0.5392244588731635,0.161129060311344,1,0.23667529090594147,0.04512272103678851,0,0.16323399716355255,0.0654758602444755,0,0.5638543465408729,0.16978054933932973,1,0.17688495006554653,0.03561203402729926,0,0.12084464947171562,0.029238282344357616,0,0.5313399976163817,0.0968760827950553,1,0.18887714830307048,0.09295108833278884,0,0.1436668384293696,0.052033023734804014,0,0.3394627846104692,0.10874583645966214,1,0.15712177318119586,0.03337609186528783,0,0.12967576172348666,0.06476777231886532,0,0.6385059006961697,0.09293845021491129,1,0.1425820115352999,0.07373344922162833,0,0.15701629224078736,0.06594264023080611,0,0.42904239402421795,0.04104075762617558,1,0.0859108917417132,0.015282809377585095,0,0.28376609213143156,0.1353181874095107,0,0.4152597433364361,0.08912179214182366,1,0.09288899598646357,0.041433589388346265,0,0.16573102051378985,0.08508699879378846,0,0.7050863791347519,0.1799872240752808,1,0.234776421526035,0.10057981553145481,0,0.2171286080690861,0.10267336812203648,0,0.7024881898836083,0.17112438912212175,1,0.1108404452545922,0.06042963076628557,0,0.14724287464168803,0.05551795692864662,0,0.5758125099109482,0.10811144257918244,1,0.11356788596194707,0.03220208414566517,0,0.08099615322210552,0.04833426949532587,0,0.4664367447182993,0.07999368341684028,1,0.16218775429546434,0.007823093594974507,0,0.14296192798485702,0.06520509483893092,0,0.5410954972740007,0.1332906023673297,1,0.26153332365744625,0.07498577046260957,0,0.26735091822011714,0.09826961213119892,0,0.460941978803988,0.07909491071262113,1,0.07860192381488286,0.06506533737434925,0,0.07377157059505166,0.06020604576703361,0,0.5058042057126274,0.0986416204712165,1,0.14761131977039071,0.03342015072562048,0,0.2587414709482474,0.07454382759030387,0,0.5316653272453082,0.09461507952769306,1,0.12067337982466615,0.033417669721257315,0,0.0837493179791027,0.053865302301170356,0,0.46552617602669527,0.061132379583768534,1,0.1777525959023331,0.05546344353522292,0,0.09262744830592617,0.023984991915021254,0,0.5233033531287303,0.14663623282606955,1,0.07085311895271479,0.03088482759687842,0,0.13296934914658282,0.052287553400871295,0,0.33574990322075143,0.04743944812926928,1,0.1056337954612944,0.04727156016620069,0,0.12091270604621507,0.026646108871598382,0,0.5601567447791151,0.061777777644012176,1,0.1352017340428103,0.0729718048644091,0,0.11337998059261603,0.025545949858115643,0,0.5142631404364159,0.10201796372857526,1,0.17020221875164956,0.033303373829047536,0,0.18273366626801532,0.06767957131194136,0,0.5029743640750356,0.10397993126392611,1,0.10990045067231942,0.05547068890779701,0,0.08500585571195203,0.08564388104304908,0,0.36023245386608405,0.11744042404326313,1,0.23912674714215965,0.022179279960099208,0,0.18867452098143014,0.03500479410927545,0,0.47814376644068773,0.05713193218896386,1,0.1564102974845775,0.042163895228577324,0,0.19121591630495557,0.07875248922906725,0,0.7486403475271493,0.23898571497552623,1,0.16580280947350381,0.07828407874938735,0,0.02000914291666385,0.04285979182617883,0,0.6092044369988141,0.22971508532675336,1,0.11416335212022351,0.04827771177526185,0,-0.007446004335210468,0.03867877544739334,0
106,1000,0.6,knn,0.4995673857010942,0.04774035360307297,0.2763414485348321,0.46772525256179354,0,0.4413386269159698,0.4745318976051318,1,-0.05329109340659142,0.5087299209372753,0,-0.07881756630135453,0.6128858453321463,0,0.17708756806619097,0.6471721014476088,1,0.19500361955880763,0.3385165205143582,0,-0.11073444095856437,0.3803962661291181,0,0.4977471420568775,0.7559688259793299,1,0.28708766669421076,0.39448864912064163,0,-0.11154330556485181,0.2092223542783236,0,0.0913140330523609,0.30806133464907476,1,0.12681996555257205,0.5840836577649208,0,0.005655768197900292,0.6963643200252667,0,0.0432536652792727,0.5103801255890285,1,0.11575728385936723,0.4745729878923033,0,0.4609002743838729,0.619977994353582,0,0.17574772345749054,0.5276286373120449,1,0.18038080157871797,0.4226412142919933,0,0.3010578733523598,0.3180175050453997,0,0.7866462146798592,0.17982215370974988,1,0.36129374773899,0.3253201497361726,0,0.2744681257292999,0.47252533638182964,0,0.8690598370414566,0.3330535502057881,1,0.6827846325377542,0.7750723331299239,0,0.1183134429969865,0.5175432998471083,0,0.3813427945192225,0.5868384342118889,1,0.024096527228455834,0.6189922852843005,0,-0.026384224541876094,0.3149837092219717,0,0.07113335117466493,0.7789059232451948,1,0.3757936262466042,0.4776081943746801,0,-0.011265516886165939,0.6122632478812611,0,0.3764776819070083,0.3823174653315025,1,0.05127305832858205,0.39845265370135485,0,-0.24927575319083273,0.4198232001868198,0,0.2734453516167477,0.16655129075809366,1,-0.25216196115729894,0.45614087981160223,0,-0.13312929192851236,0.5456543230079044,0,0.4893373215621898,0.37122962079103217,1,-0.023826939306575222,0.5021577074210068,0,0.3367525548192897,0.4972072395926301,0,0.6597499463407897,0.3583703579867324,1,-0.33653401756392143,0.6287689756144527,0,0.07864021798067386,0.6375422319738949,0,0.5151971942833449,0.13835892703788816,1,0.04730203104839835,0.4302089432846808,0,0.43359138638242606,0.32612423111510536,0,0.8591728356223316,0.5611746063516942,1,0.28324504160372965,0.4415497202466637,0,0.058865253994216646,0.6019407172480855,0,0.6094687348661164,0.5611415079800005,1,0.12573258045328783,0.19951758186144664,0,0.28516816687919466,0.5092583361733467,0,0.34095826543637775,0.2899942009943487,1,0.06774883991657157,0.5580206751373882,0,0.05292786434415556,0.7179523789653377,0,0.4260431409719649,0.38157962728114797,1,0.05927601497669677,0.7000328709511355,0,-0.11293720419937839,0.4413975268726921,0,0.3627039488401437,0.33873020130392567,1,-0.0326107431559286,0.3781281597906076,0,0.5936486539690802,0.31246607599748316,0,0.5087422229311683,0.3309555765095566,1,0.031079393107280084,0.6589590319615692,0,0.10886363754016141,0.5153857213820359,0,0.2889341293743816,0.3270435247006195,1,0.08050438457028472,0.24095400604319434,0,0.2850679649971203,0.425404477753655,0,0.25754366599937717,0.4492567039822985,1,0.35438154662168636,0.3111847579337971,0,0.21783272592756772,0.15851411850664657,0,0.7104364283219011,0.7893192612667985,1,0.2730513374402415,0.5095031199021254,0,0.09207658109413722,0.4054701782452413,0,0.22897010585655292,0.5177897066336857,1,0.019322529975154934,0.474690087630489,0,0.017039762389524725,0.22490617315210365,0,-0.02573892619252437,0.5258670566442937,1,0.4367401869667572,0.5410626688930533,0,0.267074190341706,0.5767981876141841,0,0.7094101310304064,0.6608448966739158,1,-0.14625308159029812,0.44170776698630526,0,-0.06301589325078683,0.4320206391546122,0,0.6388781673980632,0.37627562749848026,1,0.30865157572009483,0.528299065106491,0,0.29574156340661223,0.5712344576844225,0,0.30979885319276307,0.7504708515183001,1,0.19621213060630865,0.167196705929915,0,0.088542535421127,0.5401715829159633,0,0.345738698135899,0.5427104565099629,1,-0.0980524500736463,0.4465961698007972,0,0.18940622960395176,0.5906494099745812,0,0.15506057510286622,0.43553955586182863,1,-0.1619443142855432,0.4803775003992113,0,0.2852681851313811,0.37937018267306616,0,0.37726943645041305,0.2905967417213178,1,-0.04758586640937993,0.4406284339715477,0,-0.3834559972577235,0.4031279311676889,0,0.6043624782997448,0.3023999290819478,1,-0.0578921732440925,0.4384555218792628,0,0.10806249387494829,0.42809281488238743,0
106,1000,0.6,SuperLearner,0.9752481461143642,0.004392118541291572,-0.004672355200708947,0.013215163606055572,0,2.140679202271069,0.31109152760723086,1,-0.0034736791144614936,0.0037299847995580482,0,0.0023053607179502333,0.004481657778048037,0,2.136342745323886,0.20314107389849223,1,-0.0010134969260682345,0.006916409261786305,0,-0.0010734079820896698,0.010317674674615196,0,1.8144471129732136,0.3312277605459063,1,0.010435187422728438,0.008637630791992132,0,-0.0013247741697401873,0.004647906859983227,0,1.9457403014072636,0.17667423713547128,1,-0.0008082511143944378,0.002458455650279317,0,-1.7360730307983477e-05,0.004115721347902957,0,1.8410591845461681,0.11398985124003339,1,0.0011410699010298959,0.004780226643825458,0,0.005509627331829127,0.007696170013438224,0,2.1388432714248617,0.29000557197499677,1,-0.008947226835255052,0.011637686735061652,0,0.0013349642672274844,0.0013704596092138908,0,2.2465482607432494,0.3216479312803797,1,0.010211266086835685,0.012500575375820567,0,-0.0026639191549572543,0.001806860131070934,0,2.014755842820162,0.21843282303737666,1,-0.004171997178362133,0.003986676875268815,0,0.015355107288745399,0.01136185383642485,0,2.348089156361077,0.1879986530598366,1,-0.005935803794188952,0.011025103548446933,0,0.004930392469237507,0.008350420578370866,0,1.827217285899542,0.17392976113888947,1,0.004379686778696374,0.00812941533986083,0,0.026804339484090157,0.014707956282570735,0,2.410076898018038,0.22326595108987912,1,0.0047201548880123,0.004949764922694091,0,-0.0011961910636890001,0.0039649969680132045,0,1.894127567890696,0.23893854314219035,1,0.0011640984032045354,0.004202627729687271,0,0.002242715741015551,0.006430161808877861,0,2.1246466645973383,0.27293513021355986,1,0.010397110454740585,0.006616835821431276,0,0.0009696633674592091,0.00452683152542306,0,2.145299150543772,0.2747309317008592,1,0.0002553670135629225,0.0016514939438349037,0,0.0026167133902846957,0.0020530372857388564,0,1.8481806001441765,0.15495864170574727,1,0.0009099943746542109,0.008347929195501638,0,-0.0025708355792621526,0.00365533107208998,0,2.4961294625200154,0.27694374653309495,1,0.010784444146558764,0.011945820205486048,0,0.012512752717249071,0.015847796015382592,0,1.453695896668478,0.17390209934492956,1,0.004004839050471036,0.006831389474456076,0,-0.0010932974874314084,0.002583973841903331,0,1.7962202972020342,0.19564588538020503,1,-0.004884019314338822,0.0037736557611874363,0,0.0027721354890956774,0.004271302843710119,0,1.6008055983335576,0.16014584799389828,1,0.014431186610650895,0.010612485607008422,0,8.386448054853186e-05,0.005804333710305902,0,1.652977240218813,0.16452500202023893,1,0.004719497078399424,0.008413291732915383,0,0.007019622101425686,0.007347392475383435,0,1.713042110956128,0.10033565361540274,1,0.0008112958752868321,0.0013028428860759312,0,0.001482920759047832,0.004785206237731666,0,2.275644301175185,0.2198517112968576,1,0.004024980053866162,0.004755917406040235,0,0.0018221971126736014,0.0023861752393970932,0,1.815375813876953,0.190959849853683,1,-0.000892251734309041,0.0009161825679561735,0,0.0017044081828140802,0.004296267804225066,0,1.5595109289384932,0.07441115382199834,1,0.004891241761626726,0.011930625757441615,0,-0.00031516302787426835,0.0042307765804616305,0,2.162259044523412,0.15929192538012543,1,-0.00023458242897989476,0.0016945209157970221,0,0.0008126986380312777,0.002358433492054657,0,1.7889156193096263,0.31498243711041707,1,-0.0021022066956950056,0.009121569175818151,0,0.00398991077941043,0.00500152763742461,0,1.6862839013878799,0.14561790646261033,1,0.00015552517791566972,0.00101757817175572,0,-0.0027915229120181297,0.009689132647919223,0,1.9656491823789086,0.2035099358028996,1,-0.0030064998483465256,0.0045323631072691556,0,0.0004922867636566674,0.002460554969017382,0,1.6944379454444118,0.16420205367377688,1,0.00206509242517763,0.006353723762645689,0,-0.006957676723933846,0.013296971074478778,0,1.908369326948994,0.1973359557251273,1,0.00148151519227034,0.0017142215522794233,0,0.0022389068490717753,0.0057877105312435975,0,2.016079800635955,0.22341492910876032,1,-0.003668040507244465,0.005522537569234313,0,0.013570329842658841,0.00969287620336992,0,1.8377394779434806,0.17816677046221505,1,-0.0010232554685731267,0.0027147501076268806,0,0.0029630231060212703,0.006671363669988002,0,2.2695402440603676,0.2856490274940524,1,0.0019670117723756494,0.0056220155726745295,0,0.0032593301420477797,0.011218336957914845,0
106,2000,0.6,lr,0.9759008485328167,0.002750139676338807,-0.00020382173454443908,0.0005359855822447201,0,2.1071648684611723,0.09541858609159891,1,0.003145810736527023,0.0021846759367259642,0,0.0031387367950293336,0.0029695548906475185,0,2.0594489121823116,0.14936990197989575,1,-0.003572783096559539,0.00402850248164109,0,0.0012104662179332345,0.006686315068564462,0,2.0866355862716714,0.14291328276677118,1,0.003007422487359556,0.00418223451347303,0,-0.0001566409575791745,0.004192505028522206,0,1.77804999752925,0.09891612238744324,1,6.807225008616324e-05,0.000493271527377234,0,-0.0004839484919523801,0.0007159991931667447,0,1.873442571614174,0.2118951373929971,1,0.00139342106180655,0.005919913601524153,0,-0.0036429444444069994,0.005635484116694813,0,1.8842683397649407,0.15907805516590828,1,0.0007416438656551872,0.0015281864714606127,0,-0.001163076673474512,0.0014680167583576305,0,2.0772106042570697,0.18074452356629275,1,-0.0009044212790103251,0.0008625883965819143,0,-0.0013818786254154985,0.0013808200021611012,0,1.9831432817381518,0.2184274595363228,1,1.4347626139041845e-05,0.000997612789556441,0,0.003004139886225541,0.004996517714495193,0,1.923364217901975,0.11716094821169516,1,-0.0012764397969510898,0.001856178830903199,0,8.132125271668404e-06,0.0005105063474975747,0,2.1014531488532167,0.13289838428488882,1,0.00019750091940832793,0.0006819719482599106,0,-4.669368984326727e-05,0.0003517764181818543,0,2.151734307331875,0.1532005180981552,1,-0.0027957521358962486,0.0037228182604002184,0,-0.0004917581187097326,0.0020937382364621627,0,2.0431850057029495,0.11719875249811004,1,-0.0005236728204609128,0.003957675036069538,0,0.001525122617076069,0.0018791975270408198,0,1.9364933961055737,0.18816269703171687,1,0.004258631316806317,0.00421697516198235,0,-0.0004150480682658166,0.00028867967242308473,0,2.0381029566660396,0.08136442703284862,1,0.00010938095190067204,0.0029271332018876556,0,0.009067188627701745,0.007227247528483957,0,1.8542191385193008,0.110430261480884,1,0.0005829156575619488,0.0024203373296402663,0,0.0016488576506149724,0.004487347674650746,0,1.9585093902763127,0.10219471926317576,1,0.0012605729843659203,0.00568702136076133,0,0.0031299545040837256,0.004869819773094097,0,1.9790118685348894,0.21604560477081347,1,0.0039835862399425276,0.004855362458504949,0,0.0019072444298406693,0.0036900175801559145,0,2.031764009071612,0.18055188162843794,1,-0.0007130339504236298,0.0013088608418237386,0,-0.0011464334553391584,0.002623577756747975,0,1.7990992937965793,0.1744973461036976,1,0.0010693680494433231,0.0019891422096610916,0,0.0024027118962602527,0.006653763990874699,0,2.000635511486508,0.1876182412338922,1,-0.00020966828278466739,0.0009213247341894814,0,-0.002650592378337055,0.0050240343210357155,0,2.0476071268311022,0.16717104356520684,1,0.0031907850520755607,0.0066247401532887685,0,-0.001299836842048192,0.0018849543059492996,0,2.1035410685127034,0.17119557756793602,1,-0.0014273241691478463,0.0033564767440301107,0,-0.0015922271948890974,0.005060125369784682,0,2.096226506851816,0.1428962400712114,1,0.0012343622112154493,0.0017907605152915197,0,-0.00022448419787732108,0.0015019654597382835,0,1.8935882827342947,0.15765568671732158,1,0.0059973300956212535,0.006389094221712341,0,-0.0015466033466368261,0.004061906983770811,0,2.074293302033946,0.1639647032480205,1,-0.0015911168468400795,0.0021560640517662598,0,-0.00023976934992955457,0.002705184153463195,0,1.8334289032348632,0.08943459494285046,1,0.0026103513397516395,0.005692424756106707,0,-0.0016852511164734078,0.0019573522275472487,0,2.0674798266298557,0.13705521099376444,1,0.0011709594440524,0.0023783097066248085,0,-0.0023970396988852783,0.005614290366146452,0,2.0156774171037335,0.17717395882443182,1,-0.0006363785076234825,0.001054172102719334,0,-0.0004398302597119078,0.0021661721837136568,0,2.0341514333987143,0.15540065330861313,1,-0.0012624063573986454,0.002536693666982835,0,-0.0004811290324382185,0.0010446969278848771,0,2.06953592910721,0.07794186537592325,1,-3.9003748597535176e-05,0.0007892917027426594,0,0.0003054749760435663,0.0027354878260041266,0,2.1721185775597127,0.15702749119775286,1,0.001236989792866125,0.004998605300837316,0,-0.0018771461721537393,0.004356081942121704,0,1.816389240997085,0.1309518943602346,1,0.013239410639996984,0.008433012428849744,0,0.0011253847600992532,0.0017218781039615007,0,2.1862706969927665,0.1975527012364872,1,0.006177196845124685,0.002274046111952572,0,0.00811180362867996,0.003048700112888338,0
106,2000,0.6,lasso,0.504707968112197,0.014224987809397573,0.0,0.0,0,0.44405906836204984,0.0727906857118228,1,0.0,0.0,0,0.0,0.0,0,0.6744953261305127,0.10476658414414056,1,0.0,0.0,0,0.0,0.0,0,0.8751659289118836,0.043001607687883386,1,0.0,0.0,0,0.0,0.0,0,0.8440736972536239,0.04370828344877266,1,0.0,0.0,0,0.0,0.0,0,0.7842281205906722,0.062144707596536675,1,0.0,0.0,0,0.0,0.0,0,0.7614695518132829,0.023461782683656816,1,0.0,0.0,0,0.0,0.0,0,0.7502422399722635,0.07422269658580721,1,0.0,0.0,0,0.0,0.0,0,0.8575822393935525,0.05031649627550892,1,0.0,0.0,0,0.0,0.0,0,0.5584105497193637,0.06719036454183991,1,0.0,0.0,0,0.0,0.0,0,1.012171951071598,0.06485842838225257,1,0.0,0.0,0,0.0,0.0,0,1.1310120446527114,0.0819495816961004,1,0.0,0.0,0,0.0,0.0,0,0.7798292106605651,0.041025273860102664,1,0.0,0.0,0,0.0,0.0,0,0.8579802689601493,0.11541081718621653,1,0.0,0.0,0,0.0,0.0,0,0.5823709796377752,0.026293555496527052,1,0.0,0.0,0,0.0,0.0,0,0.7638235190722311,0.03829702656643293,1,0.0,0.0,0,0.0,0.0,0,0.7902003018970154,0.060462249871780414,1,0.0,0.0,0,0.0,0.0,0,1.1884496621684406,0.12242481602243845,1,0.0,0.0,0,0.0,0.0,0,0.6944290323258488,0.06349673009656627,1,0.0,0.0,0,0.0,0.0,0,0.9021558744137991,0.0632346742688565,1,0.0,0.0,0,0.0,0.0,0,1.5066306233697173,0.1082435470252374,1,0.0,0.0,0,0.0,0.0,0,0.840430850554436,0.014401399607828632,1,0.0,0.0,0,0.0,0.0,0,0.881569824553708,0.03968076753017923,1,0.0,0.0,0,0.013869448133402174,0.02773889626680435,0,1.1339278427664847,0.05393569383259518,1,0.0,0.0,0,0.0,0.0,0,0.9834046131006066,0.07931739911582172,1,0.0,0.0,0,0.0,0.0,0,0.5461332281947145,0.09813560916293591,1,0.0,0.0,0,0.0,0.0,0,0.28300759424973687,0.14452065854105803,1,0.0,0.0,0,0.0,0.0,0,0.9139592177916501,0.12245874370020902,1,0.0,0.0,0,0.0,0.0,0,1.0211484452667556,0.04626396417946797,1,0.0,0.0,0,0.0,0.0,0,0.5948903833383752,0.06548213380018673,1,0.0,0.0,0,0.0,0.0,0,0.5089259951413726,0.053642482884756114,1,0.0,0.0,0,0.0,0.0,0,0.7764405227225268,0.051132771648152935,1,0.0,0.0,0,0.0,0.0,0,1.0853306140114858,0.050530698334635145,1,0.0,0.0,0,0.0,0.0,0,0.865368299436264,0.07852491645160525,1,0.0,0.0,0,0.0,0.0,0
106,2000,0.6,dt,-0.287737643163264,0.08283343940613537,0.1576979502073489,0.17785117057059313,0,0.4337823918537656,0.6870458383189052,1,-0.13806093333876893,0.7118784797887324,0,0.5018434729295238,0.35582907015580123,0,0.19760117517186213,0.7085434140002099,1,0.08809772760618687,0.10980950128977587,0,0.1109922688477801,0.2915640619092783,0,0.409115180086573,0.8401173176366973,1,0.4264446364180845,0.8754792181458614,0,0.08305222271811234,0.6319451292987087,0,-0.03635649038194848,0.5262652287774134,1,-0.322184126504666,1.1396433828355108,0,0.420945787606852,0.6996592090856505,0,0.5272942936034649,0.6296675450490101,1,0.03732355548232945,0.7440429279754156,0,-0.29160311763519814,0.5819011842458442,0,0.9890651664060428,0.9106369364965055,1,0.12652738713796036,0.619357205254562,0,0.3674899965681676,0.8944602675410314,0,-0.010110117892766978,0.2781031238666132,1,0.13896909502872148,0.22436372390879852,0,-0.6574413243522085,0.9610005559560315,0,0.3293981257999143,0.6780016452234224,1,-0.26915645686712253,0.4713063968473776,0,0.07626411634113531,0.16501234089796044,0,-0.5332305489565445,0.5967891231563057,1,0.7768864385004781,0.11216430462459696,0,0.5283093920569771,0.9880879819121056,0,2.9567833851524123,2.400568247101482,1,0.13933189312546135,0.18206248711865433,0,-0.7141695687304835,1.1202883025705714,0,0.1037070467901688,0.2981813779649903,1,0.35932903485377155,0.6102261633491234,0,0.10803958980132797,0.45081850961990777,0,0.8287868778017108,1.793434098139844,1,0.7078931982012008,0.8958877973498771,0,0.06600310947851551,0.4254901912744782,0,1.3491828046799577,1.3642028032090499,1,-0.11936135675342019,0.07553136770643694,0,0.0586589974857981,0.18313044600867018,0,0.5357885532321214,0.5231552284770866,1,-0.1607975043099781,0.34129221767072276,0,0.08989701956665563,0.2824494892591505,0,0.7380565003832983,0.5040833610982111,1,-0.06758370757815071,0.5839679346652502,0,0.009930341481611427,0.28472111494743546,0,1.4017222712682575,1.2361788514970744,1,0.00016352070879821766,0.16555121476972495,0,-0.13565113897441022,0.49860884148077134,0,1.8222396744612541,1.6511212328358915,1,-0.1707150706090909,0.3272656929717582,0,0.12900532780565754,0.9558796651284783,0,0.18683035525747838,0.886748915969785,1,-0.288449726692107,0.7390130337247829,0,-0.14847406505887067,0.37637019848896713,0,1.3625820520997793,1.1039402033440568,1,0.08392814346152855,0.2053128942248965,0,-0.03937621391997599,1.113355025014133,0,3.7158819004329002,2.243552655965007,1,0.14093337610662465,0.6341030400202796,0,0.1418816800101605,0.4389135391822958,0,0.9328602589644852,1.8735671036689483,1,0.11106705821742821,0.23098228005478452,0,-0.11941708431554376,0.3765166997450575,0,0.4101061307607904,1.2223071733331388,1,1.2945450502312084,0.6494648917021038,0,0.19220737047028452,0.25458376513002834,0,0.8541966671320385,0.4544497893537076,1,-0.07916407589785276,0.5354370809713228,0,-0.021633294574594397,0.4177259819219348,0,1.276481684114231,1.1055427846005184,1,0.37814322856405647,0.5132159491482104,0,0.0032489196492177298,0.3480631311670309,0,0.38756214217618834,1.0901671913864985,1,0.16076978350180782,0.2306834852235485,0,0.13980836226990662,0.32854153852652507,0,0.14925084899972765,0.4148710869262827,1,0.04490631015270856,0.5007810124635338,0,0.09977705227473174,0.26925398838968057,0,1.1331275200599031,0.9121690945577744,1,0.07980980741824503,0.39256132227238866,0,0.4151429296680148,0.7724143982516499,0,0.892045352027445,1.1773813574352563,1,0.7843799644911666,1.0520094164428277,0,0.1148598336710975,0.10969928196122168,0,0.5463684345721652,0.4256207644398891,1,0.07340983520347626,0.3784838620653079,0,0.08359277365629528,0.2847705847512357,0,-0.0684391515319698,0.7276789364712951,1,0.43480423913388205,0.6551714377857729,0,0.02457077311314555,0.31608821265728904,0,0.483071541149659,0.5120526782646395,1,0.6791105560645676,0.9311685464783599,0,0.008667406446328763,0.25641678224763503,0,1.4143163746035814,1.780346141572995,1,0.2554229123524504,0.4377344143646601,0,0.12442431042569257,0.4179602817187114,0,0.8587966746046067,1.0209553128857438,1,-0.10718442702736615,0.3379871929216888,0,0.08613405310999801,0.20885114545559277,0
106,2000,0.6,rf,0.4954346441899132,0.003957277451024066,0.056734595730789115,0.030110859306496724,0,0.36007184642448975,0.10637258703096712,1,0.06800686161363298,0.04675273255642347,0,0.11847889961601829,0.04487675986724465,0,0.4809172286593696,0.16753236318377213,1,0.06790894272578828,0.03658673049223378,0,0.11042759870853147,0.0442235360675289,0,0.39273736481542965,0.08222151147727375,1,0.27495281290600243,0.10620715986481885,0,0.11790071553175352,0.03607551758141627,0,0.4535896725605123,0.14412857229117765,1,0.24036217763520482,0.07860099388696322,0,0.08211378461004212,0.020193368499692846,0,0.4361016106189853,0.0166253104932421,1,0.1452190289826546,0.03270735388155152,0,0.10133238031037226,0.05813142255289924,0,0.3334224913100296,0.05752512665224195,1,0.08809743297132325,0.05901812394788834,0,0.14468100349929489,0.048841837894257355,0,0.4614791702935335,0.04971163652834187,1,0.09006601707248775,0.05557923186236298,0,0.10661655995192873,0.04785032197445559,0,0.4271266217768865,0.0594565771102277,1,0.0538334548692612,0.05045561095347564,0,0.1277164472344207,0.03105026258581407,0,0.289175409626803,0.11064075407336152,1,0.07916326089493075,0.0648018409148258,0,0.04781649733420874,0.042929321001911755,0,0.987764313775583,0.1834426127457648,1,0.09794999081038776,0.016942659676323156,0,0.09736855225002967,0.021952418419713664,0,0.6142427281846394,0.14487029395492781,1,0.1243668527517987,0.03556900405974922,0,0.14995752036093934,0.031169443139606987,0,0.4754074429576999,0.09399772919079463,1,0.12930034892086317,0.048955912669979396,0,0.11629917720631491,0.05203209668028373,0,0.391788601228518,0.1566200787213612,1,0.1015620956175998,0.04757823014453164,0,0.14440595622961694,0.032583676673323056,0,0.31535531655604093,0.0511774607540966,1,0.10815564216956057,0.01735267200637673,0,0.1629343737765589,0.056825844317553505,0,0.39394179265187135,0.09081345448585583,1,0.10264852952467636,0.03807700028423536,0,0.14554559105697748,0.029443083805581194,0,0.3435654932681689,0.0657186831707888,1,0.04747172720036004,0.028965421449019868,0,0.12186422262578378,0.0384658237696369,0,1.1413392396414364,0.21508318399179405,1,0.06705639859519454,0.045309909909765606,0,0.10983887686387939,0.07502204056859087,0,0.7228898966550283,0.15494666770924354,1,0.03214810184701512,0.04506988014657024,0,0.06350997569311895,0.0532072608171322,0,0.5562133583544847,0.07423683017173623,1,0.04104501508814436,0.04044536935377865,0,0.09031428435253626,0.04531408732994785,0,1.3919377614183164,0.2482580997015948,1,0.08561380435506283,0.027221189568199838,0,0.15275058415946025,0.048452770307030706,0,0.6841288650779292,0.1593019739923285,1,0.10092865916483391,0.037210399002521155,0,0.11924204071455835,0.026534007645328875,0,0.3735155416058229,0.09178358111441405,1,0.20190027808343042,0.03590428981826036,0,0.230965452788544,0.06705447588134014,0,0.7119732020286489,0.05446697463110274,1,0.11704390489030599,0.08913649201416178,0,0.039380881316139246,0.04093131877876113,0,0.6681057303093099,0.1442453182069901,1,0.05479321097365979,0.0234457349691159,0,0.09606435722856672,0.034831856676498366,0,0.3712965593636118,0.05561481740200915,1,0.14241806966483744,0.07661770794466131,0,0.07381053150354003,0.04779231476788551,0,0.19767543134912371,0.08460629158859677,1,0.15738751140197862,0.06471993187839314,0,0.07248966955305639,0.05364751555017814,0,0.3427454909539222,0.11671567317115714,1,0.1317138774769016,0.03225294841386185,0,0.18574782135237305,0.07224861392073188,0,0.6069754473725432,0.13016895496700792,1,0.10121958759970229,0.07482673358828232,0,0.10148456495232813,0.040806822026259154,0,0.24755884195877137,0.038901744352761364,1,0.1336553416621964,0.06292009169859596,0,0.08813273617249986,0.048768301879617934,0,0.2495420554571092,0.04060825391481356,1,0.17058415069400262,0.02635265252278789,0,0.12433304909045287,0.03725693788416668,0,0.4079646421795064,0.05311867160066956,1,0.22576985246206654,0.06076427681512268,0,0.12572057438039622,0.030393212065459484,0,0.6455014799854871,0.09964105083028334,1,0.1254588028655113,0.03508054925391125,0,0.06750611283768479,0.034096120981926964,0,0.5118937077844219,0.09149319730505959,1,0.055964849560224815,0.03386273647262977,0,-0.0029593669375258718,0.029373686136105897,0
106,2000,0.6,et,0.5012238721143759,0.009332812375829376,0.04129445188228702,0.024699327936241522,0,0.2915033776188186,0.07392292003969554,1,0.08619094085444853,0.03604529712671345,0,0.15537487029509545,0.050663957660457344,0,0.546764221812412,0.0862875872795005,1,0.09671809585947325,0.041716448937194936,0,0.12977322623091733,0.0563362484931737,0,0.3716576221108632,0.05305876742454079,1,0.2882466833121745,0.06646094010791556,0,0.10360841972174287,0.044569407368644856,0,0.3745263677439087,0.1078704364487581,1,0.22875429086345256,0.051208007047418985,0,0.11603536031506372,0.03858988353902574,0,0.3736120023010418,0.13185682098731535,1,0.14039590135641716,0.06352687322176623,0,0.08783886959390408,0.03676155038179546,0,0.3755743652602602,0.05582231356231607,1,0.11486248160363655,0.05165017952924137,0,0.16357835295692896,0.04555991678038721,0,0.4918246573665206,0.08968530380392632,1,0.08572898966778378,0.032405388841751745,0,0.08232486556104855,0.04585660369000471,0,0.3793676467818804,0.0554057751393143,1,0.09351457171033879,0.061073250969353766,0,0.0606043979847497,0.061978639914828874,0,0.3116121414958547,0.05371133900603669,1,0.04098611900937517,0.06320025333376192,0,0.08166837911381494,0.02814988977599652,0,1.0116886493602013,0.17699469237886456,1,0.15240574887578293,0.034708499753009214,0,0.0908909214380206,0.09166544651264455,0,0.6229610763486649,0.05408464211007503,1,0.10428232458717905,0.060248026314702975,0,0.13352741311352875,0.06392006741766841,0,0.4621337394176268,0.11664478083572269,1,0.12803191135880554,0.03237114979470169,0,0.053352519975994286,0.0526862570239348,0,0.3837655224043669,0.1024671588672722,1,0.1521521522701468,0.051128323638489875,0,0.12541982571334015,0.049528066874420636,0,0.2698441796567337,0.049884753523572516,1,0.10118174879395056,0.04731526773259597,0,0.14873658358032377,0.04853827463138808,0,0.4277685369450593,0.0651053030272561,1,0.09510775942320779,0.05965452299661473,0,0.1753079380497779,0.08949243812955987,0,0.300108496841571,0.10560608231063605,1,0.11003764472420681,0.04728909792580587,0,0.18024165082954569,0.015589796904874529,0,1.3088151889489115,0.15264817236531886,1,0.06268229950982203,0.03619391611079643,0,0.139247575045923,0.09605834238707,0,0.4560456035226549,0.09679311987371766,1,0.11007812923208538,0.044535938878896876,0,0.0823604337112058,0.05380449797524793,0,0.6211221683604818,0.20665471750474168,1,0.0639380615023916,0.0386765984351504,0,0.12325647424418965,0.0562306978641793,0,1.3777088043793475,0.2339958276362292,1,0.05917638953828561,0.04790438643440239,0,0.16440727210429623,0.04131013077037297,0,0.6336921578690313,0.13888343696232963,1,0.1027243231299148,0.057247049874757726,0,0.11087424285364951,0.0224049142229995,0,0.3582300408893846,0.10064351127225356,1,0.25609141041576333,0.06109142873315375,0,0.15320208888947268,0.056144137055562156,0,0.6440431435813931,0.09328135994223735,1,0.16807149887748105,0.0703069380285129,0,0.07396877970180428,0.028345710373385256,0,0.8532874220642966,0.12481456582518241,1,0.09674925799599425,0.04796073900523898,0,0.06011007957747901,0.03725701789342621,0,0.38205103984396993,0.037687296783678756,1,0.08716207224292861,0.041823001532770715,0,0.08284077683734639,0.0342903542685356,0,0.2319829805842366,0.012556855033536596,1,0.11665455402060254,0.047572849722659995,0,0.08530010380180436,0.020009208513380727,0,0.3374271151178081,0.0736942595618209,1,0.1544260064335358,0.06109648689039509,0,0.1680423863429213,0.029104520522719373,0,0.5087452261852153,0.09968890767504691,1,0.1324735016806236,0.04184918095757647,0,0.1047138685155851,0.03043782342394761,0,0.27356486009107683,0.03765989307574382,1,0.11286132772584898,0.0391619487402639,0,0.10514062890696958,0.034238542733404785,0,0.2728611086188479,0.09352731049880839,1,0.1500010503050865,0.030278438836939817,0,0.14887418988060352,0.056806024771075256,0,0.35702717873934087,0.05486572990019243,1,0.1756338613625098,0.028871914286263498,0,0.09616279447832911,0.0503732036170316,0,0.7061535457605681,0.17207339515783232,1,0.10461499054666505,0.05223872757320593,0,0.06702116134633712,0.015558535805211913,0,0.5235451827308953,0.10048664749138865,1,0.03703882402038723,0.019586298453910356,0,0.0010099085510305917,0.03287448952037386,0
106,2000,0.6,gb,0.6839002038236623,0.013635763788881431,0.010159796348387653,0.010810575265596107,0,0.9328715257096011,0.09904803347751953,1,0.016902956252691666,0.02067485062744345,0,0.0996052123157398,0.06919513731531765,0,0.9563507932275783,0.04136234415195243,1,0.015578252024584877,0.01739005022133441,0,0.04006251555097458,0.018535359010936735,0,0.7422542808769588,0.22983906501109413,1,0.287186621018127,0.07077012017605247,0,0.041064352975965925,0.048419885752953,0,0.7795758575905618,0.1457468199652995,1,0.12416331583913964,0.037249671941368946,0,0.02193393371795771,0.03456890864801444,0,0.8645272211550454,0.1659311797454878,1,0.06874063339216094,0.04707879812020339,0,0.02900084470212121,0.038387508417539594,0,1.0775746939226465,0.18189428763561405,1,0.024977493553310297,0.0267016181781808,0,0.06378413281223992,0.04338371723630914,0,1.0371410563318055,0.21585942961671495,1,-0.001000470834304849,0.00267049656610816,0,0.01381326637121826,0.01707061293154536,0,1.1179082807431793,0.18266610608487155,1,0.007658902123215625,0.021727162782516282,0,0.003161949548505568,0.014253766686464425,0,1.0114757177323317,0.21679429122873448,1,0.0017201442847995096,0.006986684857400107,0,0.015051433867057654,0.01262331253155646,0,1.5619429582919386,0.14168592395439839,1,0.0025429376360023926,0.010307283987849561,0,0.04642733959225011,0.06507206089423617,0,1.1782225043164078,0.18843407241653037,1,0.043176467909744956,0.04647406490769869,0,0.03146634330589661,0.024117623478947952,0,1.1018192163596408,0.13155549549417225,1,0.030891949119065332,0.02463864642414402,0,0.0214326972560099,0.02267674620305648,0,0.9809197775467966,0.3444062389756687,1,0.014070485856959355,0.03202064591188505,0,0.07897850504033173,0.06963966605294404,0,0.6114469455838902,0.10224366049661716,1,0.05114360631243866,0.06979818261032304,0,0.07692559511364963,0.07697391443878751,0,0.859082900201346,0.06426729776800623,1,0.015667211946139004,0.015075190870196787,0,0.03553143013576644,0.03807062179076113,0,0.9475340957152276,0.19088666100019136,1,0.03291928384912189,0.056430156970565526,0,0.034818968364321176,0.0394538345965017,0,1.5783265244053855,0.3061499538620098,1,0.025465074512440754,0.03505920193792411,0,0.03532119405398922,0.04191505508703716,0,1.2659120669434485,0.18301733853464078,1,0.007291188952805783,0.018090505993820335,0,0.028771587700429434,0.032882925648105236,0,0.9686338437107797,0.14079939671241298,1,-0.013138326594081762,0.015515426981822145,0,0.015624900502875825,0.019479886810701872,0,1.64322620489543,0.2440342449041913,1,0.028410670025732027,0.01685443864240117,0,0.08790115042019585,0.062330239872151826,0,1.1081527826223607,0.1651362892109324,1,0.03863013306349621,0.038019293735835506,0,0.06879555182485689,0.09064305908617837,0,0.7756065973100059,0.11166596025104494,1,0.2117830845591059,0.0784955307425192,0,0.13989449298786708,0.0795054054744934,0,1.0498149671987327,0.16191968281798966,1,0.07093252729931276,0.026628502004261353,0,0.010560801563638748,0.017278077256871853,0,1.4951071860173368,0.17989952228110065,1,0.004096596262482264,0.008986338847056657,0,0.00503051924019325,0.008460283708559195,0,0.8776976205390105,0.08305081277095579,1,0.04605400579156198,0.024159649276967423,0,0.018246315012541585,0.03676611800182465,0,0.651990913091156,0.0907501660931691,1,0.05738963847809575,0.016511509969351797,0,0.004770038654818058,0.011707704746416712,0,1.0750107932979163,0.13782395724714694,1,0.05961450448415616,0.042572108336250684,0,0.05871378439072814,0.07471730320054626,0,1.0436403916514445,0.13000768127788107,1,0.06767843474795288,0.043187002011738154,0,0.0255702901565505,0.047033909591346595,0,0.7312908686721025,0.05378403705353475,1,0.08420238278173184,0.027370700045043096,0,0.03518658227205655,0.022845112600542557,0,0.9491632613060311,0.1809676133249639,1,0.06620919753705072,0.019184783805505555,0,0.033392267256370345,0.022119346004109742,0,0.8847795843733817,0.10249760525118248,1,0.13484344683031244,0.09980702539180106,0,0.039442083975718696,0.07406489750707317,0,1.084873602390625,0.20182439124040497,1,0.09561999970713324,0.06808381671334886,0,-0.009676818830777159,0.015522362432955638,0,1.4230320373601144,0.21488709224851815,1,-0.004585233971556505,0.008101936612440935,0,0.0011562209482094091,0.0023124418964188182,0
106,2000,0.6,hgb,0.6946757433674521,0.011522309077171644,0.0631351781378802,0.013940019445531741,0,0.9038274880273484,0.1441311961066071,1,0.03069817128532625,0.03753982287021733,0,0.10157442991668386,0.08519921006673281,0,0.8909434157171111,0.09707267758541362,1,0.041620529845911095,0.020841862069199642,0,0.06030617777366156,0.03130513418871522,0,0.7020434225542508,0.10750965362072029,1,0.320618061574267,0.17083227225318134,0,0.06256434644986182,0.06165316364347591,0,0.6544137698550467,0.08891549406625132,1,0.1270673210920766,0.0781314219680766,0,0.043853754509905495,0.030183648114256702,0,0.7043554869879061,0.1343158441798897,1,0.1082308303815361,0.0637282741231397,0,0.03832265991101693,0.042485317410172176,0,1.0102135228479256,0.20162959311189657,1,0.04285900009338909,0.03604627655037069,0,0.09265018506654801,0.050821813823970344,0,0.9653166955109951,0.09367076142084171,1,0.04768477164966628,0.03343171695304808,0,0.0392569787596127,0.0447777098598852,0,0.901474715183894,0.127140440243537,1,0.015179149508828529,0.03829597052638976,0,0.0358242802985911,0.04500209855379343,0,0.7981133745516801,0.08787643681593013,1,0.014019208433366976,0.04445375437051886,0,0.015383759956431575,0.04960196202201551,0,1.4863552633177428,0.20878684286497823,1,0.11968796834502744,0.05066525644176063,0,0.05069764432755376,0.027648428051940115,0,0.9830709441361132,0.18297952439193318,1,0.0919384038188073,0.06909431285269914,0,0.07662284321845457,0.04325534295898138,0,0.9636572948880977,0.1312492211410959,1,0.07959342241730802,0.036650641825244606,0,0.048355022122821355,0.03587581683507844,0,0.8522974073045051,0.18910387409896842,1,0.12047408297937774,0.08185318631354523,0,0.10787702957721831,0.06374437821084566,0,0.7304264706147873,0.10070667564523139,1,0.04471875646011335,0.036551649014030796,0,0.08220497638079949,0.04364471799655906,0,0.6830265612055241,0.06881107801500969,1,0.03262926659405687,0.034260782079693686,0,0.07640286998314108,0.06442117800195367,0,0.7671388887529047,0.1546008899585661,1,0.09440898671502616,0.03246096598917942,0,0.1342512472376702,0.04986357219846298,0,1.3436127232151927,0.22518783370407658,1,0.06775904436001023,0.028551905074050962,0,0.10986767141563267,0.10122048720000966,0,1.0846709522261453,0.12382547284529816,1,0.042108654962602764,0.0325063266810799,0,0.01052234438317325,0.01939911055774489,0,0.9859936944010972,0.13044421247393448,1,0.009974561444439565,0.02059662860333194,0,-0.006081665202170541,0.027311041660060105,0,1.6631076423912226,0.30144426563875426,1,0.04735455476314765,0.035383509588494434,0,0.14535349760883834,0.09936027781736063,0,0.9802090755011118,0.15347593979972313,1,0.06822289791526277,0.0429147198706637,0,0.12949058587739987,0.04449050611527652,0,0.6686970951989137,0.13482183732620961,1,0.24874612878140065,0.07118972460698095,0,0.16815162844589465,0.09779630438689525,0,0.9956313782036226,0.3041314937439988,1,0.11865497590130725,0.05093804446295435,0,0.03903027465488285,0.04282337988884533,0,1.3628202845003412,0.21041505274225403,1,0.04163262332603867,0.0231776971902263,0,0.04748835862211588,0.029369891304564088,0,0.8991188692877301,0.08972862704453899,1,0.1173349969090705,0.04265662527171657,0,0.04026139549026638,0.03189642042658998,0,0.4310925220099767,0.06303936725560148,1,0.10121421977712171,0.07669629679822805,0,0.0024870954249133687,0.028621547840976345,0,0.9500062823153514,0.19870842468800037,1,0.0826091292106319,0.0188822450256821,0,0.0554493148499848,0.0256505358401449,0,1.0042426905117612,0.25491066292644493,1,0.057976654555718855,0.05453876406544123,0,0.0684666195052965,0.03032131854887282,0,0.7646565830543769,0.16630873862899614,1,0.057734642872600286,0.061420512209161025,0,0.08774169626345123,0.07928243906012679,0,0.8037902785937925,0.07778225114639012,1,0.17103405413511494,0.058750735965834876,0,0.0725534403205204,0.04316362895306439,0,0.8285647024844233,0.1633298907005783,1,0.1340251317465016,0.1469434291995498,0,0.11876993726408154,0.021005660207858948,0,0.8593311733499827,0.2088614804994904,1,0.12619498825577838,0.05508342050067306,0,0.03678958158395216,0.05624484798039797,0,1.4847233331958232,0.10179260197286615,1,0.015647280800779755,0.039271033322992165,0,0.012099759519095024,0.006505459438478782,0
106,2000,0.6,ab,0.5081071528107215,0.024897456962631535,0.01563639980093264,0.017674751313351823,0,0.34220005224711614,0.29318130568008793,1,0.03209191842742331,0.026381479815113882,0,0.04373515190311429,0.08614227973754954,0,0.9515664920396253,0.38556044142449025,1,0.043422214058438685,0.02394855083841681,0,0.1928002355864273,0.14408575296853854,0,0.3683108363073939,0.2189756386478352,1,0.15142313403401195,0.09232592352952315,0,0.060416005215146076,0.06518138684316528,0,0.5356510859643777,0.2908426361163032,1,0.09844888045467329,0.0777810929699279,0,0.06954298841257958,0.10293452030597372,0,0.5378859831869904,0.31022001470272553,1,0.07916984292823075,0.14100156839820793,0,0.1433746514194923,0.08111162061087378,0,1.0421658009464863,0.22612428803524284,1,-0.004254170273017849,0.03666215294793645,0,0.025851777578386987,0.031836834777103,0,0.7649887292555848,0.4172281088640282,1,0.008917455461531915,0.01783491092306383,0,0.021478686947337736,0.08197355524068338,0,0.85667011320971,0.12424564517905164,1,0.040727398289922064,0.05856109037249247,0,0.030457117599544687,0.060914235199089374,0,0.6438618206464337,0.31032843226945556,1,0.0737133120925382,0.12200648443726038,0,0.023676255312170484,0.04131491962768909,0,1.1804733824422493,0.3049470111550046,1,0.01156985184855604,0.015186984059094844,0,0.061361076510139966,0.11323429504499476,0,0.4537672411341549,0.19923393193928807,1,0.0785805085730144,0.07429134019055281,0,0.0655203575809574,0.05673908451870546,0,1.222224884562383,0.5472635927358188,1,0.0021143446462672825,0.05724393643194315,0,0.049523382523275004,0.06265972967370953,0,0.5684625326181484,0.17545644203565938,1,0.1057859202212293,0.08729858618449399,0,0.16128864754694644,0.14854619666087499,0,0.3406288069360911,0.1588707089968096,1,0.09649820619444681,0.12867856907571637,0,0.10095654917700955,0.10602858994781494,0,0.7415598074448534,0.32540144026143186,1,0.06226425714009746,0.059257983068892316,0,0.13931305291274318,0.18151457448921202,0,0.4670831879779998,0.18809958966168203,1,0.0031073706206666855,0.022310470760400117,0,0.037355110800448836,0.055871119553512864,0,0.8674083803185777,0.3921794904927881,1,0.07975449143590593,0.1658067149526229,0,0.2819331944487476,0.242986917188324,0,0.9363709236032938,0.2807438869241486,1,0.001481838921110267,0.002963677842220534,0,0.02984886559748971,0.06855909516328605,0,0.8850478691021856,0.2039684932248143,1,0.013056045765808794,0.08671166072178678,0,0.04010361519292487,0.08360654904628474,0,1.8224239838496874,0.5548722369019631,1,0.012816657505546572,0.025633315011093144,0,0.09387577051469326,0.14020908818247518,0,1.0014205882030591,0.28547587077778386,1,0.022283885415274683,0.02028513588764152,0,0.0765873664257288,0.1265757348209562,0,0.5061542207860744,0.28048120426268586,1,0.6048828050585295,0.2791880390750989,0,0.1413038003174465,0.13894600125269524,0,0.7367921948969511,0.3836104527294296,1,0.03022930069141333,0.08113174445171324,0,0.009663501823872067,0.019327003647744135,0,1.5627413030854371,0.5069489195150707,1,-0.021312680103109015,0.03275538160559495,0,0.07267031970145992,0.09836721486673249,0,0.5768051320820984,0.2895457505541043,1,0.04238594854391676,0.09729219830274563,0,0.007018656821391546,0.0406927735013672,0,0.2948804488843894,0.24705771007812544,1,0.11569877564984585,0.10184751043599381,0,0.023797622328538524,0.052249987606290065,0,0.9513662346551701,0.4537307268011404,1,0.23428198766218733,0.12126852289465283,0,0.046037376601793314,0.059428946838710625,0,0.5615464785405442,0.2990096356101328,1,0.0434581112544262,0.04339497513236368,0,0.0632400669081985,0.06970258768837441,0,0.6906802989522163,0.3296397545114787,1,0.07513543570643151,0.06592633358321152,0,0.1029699595049927,0.08662466900550708,0,0.5220247628114095,0.2521131827564022,1,0.08615596940501055,0.12560613904505308,0,0.02564582519433013,0.054552395464149674,0,0.4553693744410311,0.2811429890084204,1,0.2292095288108204,0.22801241794829546,0,0.12541726382790405,0.1146121235213402,0,0.9421305422354408,0.3819614128458458,1,0.038742600929479454,0.07949650316305129,0,0.10934877942506431,0.16024842973410233,0,0.8447399259856825,0.2066820295397541,1,0.0,0.0,0,0.0,0.0,0
106,2000,0.6,bag,0.43526301586753957,0.022026682825882965,0.04443469227767977,0.08900362469210764,0,0.6474623389279874,0.25147264594462143,1,0.027786768300643055,0.12976431185501583,0,0.18383063420775375,0.10739984112744845,0,0.45436746965814806,0.22856966389583866,1,0.03302400783778764,0.06531843289534137,0,0.12302973400216433,0.09590787505887936,0,0.24780282032283196,0.10498082761971843,1,0.3432985626568818,0.32649277992341197,0,0.11935282277870289,0.08814405231727113,0,0.46320516869802464,0.23576084254265775,1,0.3081522275358175,0.23302576509806475,0,0.1802380869180335,0.13790438316589393,0,0.3585131584488722,0.23222834425469288,1,-0.028531052697278892,0.08591352518742201,0,0.21040304522780873,0.10610994336642059,0,0.3910187954803185,0.25066177551284075,1,0.12792700097542797,0.11615453928140236,0,0.07398003491264844,0.15276730217491097,0,0.5261427520985846,0.30713629472019666,1,0.08785833588470235,0.038755338439121254,0,0.11138581074143547,0.08915409978502009,0,0.3150617948559803,0.16946058648643889,1,0.1137716123360039,0.09201569424612946,0,0.32134462168753647,0.2596064639943039,0,0.2940924523278812,0.3382710206717444,1,0.07338455198603235,0.12215807256516797,0,-0.022805460185298883,0.031113965318721445,0,1.1710267771947553,0.3763806328346628,1,0.06085391645086139,0.1203171184656446,0,0.05806030707552007,0.1148305614031012,0,0.5787064740126888,0.4025046976955315,1,0.12060492034544434,0.12632120611579561,0,0.029162665467654336,0.10803716637385567,0,0.6159699636405355,0.1815755424033486,1,0.04388245167625649,0.1369796780792881,0,0.20980295118042475,0.16096021590364498,0,0.515274046338619,0.167999735511277,1,0.1311560131553631,0.10899134252186077,0,0.18227964042220707,0.06939156240185719,0,0.33746209100724367,0.2254323152560148,1,0.15693769839973656,0.246025355761074,0,0.2065840764340976,0.0818115660299354,0,0.6715524552884115,0.3730635689654378,1,0.08330690022569388,0.06295289617271532,0,0.21270355833466406,0.1309965229222098,0,0.4974582495572662,0.2989678853954596,1,0.07236318962767357,0.06459847907307614,0,0.15730119319407718,0.15456081266745678,0,1.4066451258631818,0.41435627991999824,1,0.04354377645994965,0.1654543871275432,0,0.12918836228106526,0.08482142213763681,0,0.7736215019090189,0.3052748602485476,1,-0.013312419629885257,0.07020768563869832,0,-0.009925135194365936,0.05209947462055509,0,0.7912161870599045,0.46530305330340394,1,0.10895849170558485,0.1696313673485775,0,0.174705233057933,0.1542090723660406,0,1.2946466728483514,0.42966953793890245,1,0.12543796572167237,0.18420035877964738,0,0.27522333839813073,0.15474803274208865,0,0.694437855141271,0.30351606607993853,1,0.18326237361748018,0.08959786557271135,0,0.12667378104892463,0.11254445269145864,0,0.34874325593888017,0.25885666188251993,1,0.20650810747942963,0.0646593240516001,0,0.16871475854400178,0.10371848142890208,0,0.7359069503478413,0.1996622566884973,1,0.2419280398973061,0.28842455904242426,0,-0.031575977712247426,0.18262950720765367,0,0.6400792335015734,0.2860560475093067,1,0.022726117757637422,0.16652127817655774,0,0.14565145650324873,0.03776971153413942,0,0.5495166515039337,0.10323562556112287,1,0.17123315267698133,0.040817505955130416,0,0.11167208509045148,0.10602077078719348,0,0.2115726601940135,0.1392761509690263,1,0.06287856609337421,0.10152363792778134,0,0.07550322100655715,0.1494315516462023,0,0.3328985873595299,0.16111280113357532,1,0.27145862919963804,0.13383557299458723,0,0.27449197988694274,0.14623223328080467,0,0.748987909220629,0.42155687724906726,1,0.12587719334633424,0.19739200615170935,0,0.022968555529561088,0.06687075348181146,0,0.1688100269715232,0.14800074974328548,1,0.14977661364231637,0.07315358789847277,0,0.15888523006497696,0.10495014242230173,0,0.3188316065578542,0.08292993554663847,1,0.29419370609245665,0.1317273102027023,0,0.12377895877312708,0.09746936469447569,0,0.28369525104833127,0.24021783916162687,1,0.37333231836057185,0.1394445294620048,0,0.07143822068453738,0.17102624261005028,0,0.4259621356036945,0.20654444322191465,1,0.10595957734056424,0.05549794663729517,0,0.013187359558315037,0.040645942681075575,0,0.4677505450016014,0.20597363610643957,1,0.07573364495836776,0.09352727902469503,0,0.05424805607567301,0.04096250053692024,0
106,2000,0.6,mlp,0.9591329205018642,0.00580484384086936,-0.006634605773672868,0.013103764930580715,0,2.086588150889972,0.13367219541470196,1,-0.0003181349737879566,0.006486079963822292,0,0.004072480101185686,0.013510488898489144,0,2.0995370386551655,0.22237542664022766,1,0.020694496729902763,0.012044729200120941,0,0.014842059407471209,0.022507801937945014,0,1.9673784595224237,0.14944036723709506,1,0.008407233439753178,0.015346322247930162,0,-0.0013006544926275315,0.02364717707347754,0,1.7496834480344312,0.13457953497514802,1,0.014202171585746154,0.03434991376644338,0,0.006645339758967713,0.022292632066706244,0,1.8737495253149823,0.1940493457237971,1,0.0018338362904513448,0.027053052814570384,0,0.002158230957907026,0.011578026192676318,0,1.8427340206987743,0.22831563244086697,1,0.0021297771498325485,0.007873249355936317,0,-0.014484490289588304,0.012969962125130328,0,1.9885824285204268,0.23392170588890157,1,0.013527940393317773,0.019564105513297125,0,0.00023081369613831316,0.01920722955135043,0,1.817520769630266,0.24780357277160986,1,0.007315862562137371,0.021217895450949313,0,0.01038034352786507,0.015431081780719613,0,1.965465158394275,0.14314070136909768,1,-0.008562959769139303,0.019733102517729473,0,0.012031192323736917,0.024477739642438587,0,2.0919930959926027,0.11516152585919662,1,0.023994869239941603,0.008494001410119186,0,-0.006348337711286708,0.03374429201100538,0,1.971029321823655,0.11365544806248848,1,-0.0017410176055370325,0.008076722702536704,0,0.011051310114040726,0.02483286771220546,0,1.8390971957363973,0.08488618650367885,1,-1.8527183760038975e-05,0.013791733123768093,0,0.016778515491752816,0.02249419049301514,0,1.803874564526295,0.15356046024057973,1,0.02487988957154527,0.032281211878823234,0,-0.0005712708982405541,0.01321330832053937,0,2.107099376002896,0.1459989632977852,1,-0.020797593728193273,0.006625220055101308,0,0.009187071364778091,0.009075908280556797,0,1.68182809513951,0.16806716863756083,1,0.004904424276417513,0.011103539598869823,0,0.01716924481922363,0.02807931332254659,0,1.7363390287388618,0.13284020162647314,1,-0.0007252173322511854,0.009040146835760748,0,0.0006174656882399814,0.02312581889706116,0,1.8832733992081412,0.23250103454415946,1,0.030887386456501447,0.02200110919174101,0,0.01806433668550928,0.022894211023527504,0,1.9713171544406634,0.23727233109625337,1,0.004145810677491556,0.016705669255551878,0,-0.01070858068836365,0.010421940703506086,0,1.588864805470727,0.11354650921060341,1,0.03417296872764386,0.020412269127140965,0,-0.009763132569417465,0.016140020768023393,0,1.9045807095803196,0.11417064685293961,1,0.012638543512048123,0.011776975004316143,0,0.004034549099388941,0.01954213555165239,0,2.0586619993506616,0.1893569971727249,1,-0.009008567083347494,0.026633743658727078,0,-0.0018272648826263699,0.028084276371831085,0,1.9826534830481388,0.2218156540668576,1,-0.0026128230741117356,0.010407062029204094,0,-0.0077076794061772865,0.019912221583634586,0,1.9673859229900992,0.10308530291953796,1,-0.005028387252072426,0.01775922390621027,0,-0.01877249409137375,0.016066517054917413,0,1.7495309225046618,0.13327052986758808,1,0.02036104933925337,0.017344820942582048,0,0.013310828798517773,0.025211244285621482,0,2.0340617472002274,0.1873683292864921,1,-0.009952884352284612,0.02083185877195949,0,0.00828692157464667,0.017377270332043452,0,1.742048253302325,0.12530926116756896,1,0.00036994675377336785,0.022952513378185064,0,-0.013719939444354415,0.02494881102855417,0,1.8805433829037228,0.11396860965143356,1,0.0028210834604195435,0.009096336275261895,0,0.03135878464030528,0.019062380830058182,0,1.8739470696095324,0.18768303905251876,1,0.029724304469762854,0.020833403415804773,0,0.010272752176664315,0.01617881716504583,0,1.9673370226803644,0.24201957361645746,1,0.011562816225316273,0.015480791529249608,0,0.002926784813313653,0.011069314737990813,0,1.8458140486109471,0.16718180816708728,1,0.0024776734960692097,0.017863886477270174,0,0.00940377931384372,0.009399490397010083,0,2.1419368478473304,0.18596803099730969,1,0.01159319397645062,0.017599000334444836,0,0.002074965183929556,0.03393089952292939,0,1.7176403716490014,0.18642561888142248,1,0.029854768117179964,0.023885362698794505,0,-0.010437385007336118,0.008851699527161814,0,1.9687044043535464,0.11506957087598021,1,0.014854949281230153,0.029882050095225196,0,0.0021572170723773406,0.025933866437592275,0
106,2000,0.6,svr,0.8462700632205731,0.011403762424913018,0.03962583571622706,0.014794561888623428,0,0.8783245366240221,0.10779552847036333,1,0.0892498136271979,0.05700998461586647,0,0.16621854814494424,0.0275690200363398,0,0.8061455644836665,0.10297468045964815,1,0.08650990231631375,0.01977791000840574,0,0.0870470620680783,0.02079781326133674,0,0.828126157567602,0.0488144961479236,1,0.13033544578208306,0.027716331771021,0,0.16105126337917214,0.026316042767870633,0,0.7605448627821247,0.032707691659255675,1,0.10218305265776018,0.013228785391400641,0,0.06718180079233282,0.025226687070073424,0,0.77889860996659,0.04070865349056149,1,0.09678663182890322,0.020824629272624882,0,0.08177325602270945,0.03294129550764935,0,0.8757236316614447,0.11220760654978736,1,0.10719682428979586,0.02328263990724625,0,0.06542493586473717,0.021695501092481705,0,0.9420207417790085,0.11854605115923993,1,0.045147426175884145,0.017486948179952007,0,0.074181503910871,0.019745581312849533,0,0.8400206088246609,0.10451566425770195,1,0.10621506343081952,0.030909264726924044,0,0.11071569196271684,0.019178101115238506,0,0.761753292314795,0.039195807808392116,1,0.05739801367600857,0.014731444280602335,0,0.11457076011831566,0.027642446520456592,0,0.9699392047059572,0.139979051713911,1,0.0586862580939568,0.01800350210135552,0,0.12893466144711282,0.020937984279064827,0,0.8457197362456672,0.052954254857300494,1,0.14708643227458934,0.029832191806909495,0,0.13050642688146102,0.021438818869047152,0,0.6773947723476363,0.02576409389823272,1,0.1205760440042792,0.01927177151837405,0,0.07867127656717626,0.032687173756801594,0,0.9271157436304606,0.11987542991960733,1,0.11543578955410119,0.03580633204061253,0,0.1001852380828457,0.029543086216688188,0,0.7391345975266724,0.07527853005830032,1,0.09254074181430802,0.03513359550231837,0,0.1130036974784104,0.02981158305716605,0,0.7222276614634041,0.11952049695198179,1,0.05115100971648371,0.02860755913360486,0,0.11065005411596027,0.03299330339198,0,0.6538490890715455,0.07905794739259041,1,0.15126121229947237,0.05105559429462355,0,0.1626047846339494,0.024044086915129482,0,0.8196980636647584,0.15773326255035544,1,0.0488597014466382,0.03801237910550767,0,0.13866968385892958,0.06622054485759449,0,0.9303121713560591,0.11643258833612258,1,0.09739182963098328,0.06141400120909818,0,0.062477457059833486,0.021679704878663254,0,0.7645721797255741,0.08552387757638183,1,0.07298643390397767,0.02853139253754696,0,0.07913743682651238,0.03289569285990789,0,0.9782960999730939,0.06723140419178426,1,0.17218517234573277,0.033305564423239634,0,0.12693624530177877,0.03233074667566562,0,0.6966520858881224,0.04534543850393619,1,0.08715915506356789,0.03051120982506555,0,0.10436145983073478,0.03302830593144962,0,0.7402599743779388,0.09932113481080503,1,0.11154039195961152,0.0175795679689019,0,0.16376646481191362,0.0151703438734471,0,0.9625265362509463,0.0747351017820955,1,0.09441812975291558,0.017428189003960103,0,0.04180819380375954,0.025399471680389918,0,0.9168911104025496,0.06476583384183228,1,0.1452760265970829,0.01568547737344299,0,0.08633774014622649,0.026571249136082137,0,0.7097034885633469,0.13386777132991987,1,0.09660919021902785,0.04348749789929896,0,0.08301833044754486,0.0480847907876842,0,0.554362773635467,0.07143257150704048,1,0.05034963417417582,0.03970960393168494,0,0.07259944219877693,0.04537641496661814,0,0.9019930893671468,0.06236798278561124,1,0.1305646153330633,0.023027203795982165,0,0.08817274635519677,0.04409885382137586,0,0.8465212840115026,0.045014521523199104,1,0.16033912895479166,0.03789431160896525,0,0.09648660730555594,0.02625969026901386,0,0.9210108019860954,0.0661991809501259,1,0.11717514385887269,0.025982164382635065,0,0.07710786691295643,0.041337706308347974,0,0.7252994496346499,0.08285342054691819,1,0.17053192229436684,0.03769956016811528,0,0.12775087451030503,0.02422793272369358,0,0.7225648033697301,0.07701875555726129,1,0.1218331910797438,0.040169477949338325,0,0.10162140078754649,0.05721626300480679,0,0.8737743662838433,0.11405012889021164,1,0.132103495455889,0.04033671938501605,0,0.04066784534889958,0.013937184722420231,0,1.0027203416782289,0.18123426031226517,1,0.09253868034082528,0.056649935690407306,0,-0.011449601583734249,0.01737851241967614,0
106,2000,0.6,knn,0.5507543350688421,0.03115021837443448,-0.0032201623077164564,0.2585484270132444,0,0.4234073376076209,0.35236209792196616,1,0.1430385591493502,0.4222111214333376,0,-0.03176489163810774,0.45195136277659187,0,0.340430829911292,0.4570485618693332,1,-0.09012353510993408,0.3696091917006127,0,0.09240341530568347,0.13228421521274653,0,0.6000099812357276,0.2804558121886459,1,0.32346756934659837,0.18648765671190515,0,0.3682955758450741,0.1831527144982029,0,0.6344324151625816,0.12948487921724786,1,0.0478572837786274,0.5135969591564475,0,0.29379231115118526,0.3825173037474893,0,0.4354674194610263,0.3634376895429521,1,0.22398689959308501,0.27305530060473676,0,0.021803129794855325,0.25303792633048167,0,0.49166114663682314,0.23724871180344292,1,0.2549106479539303,0.26100722115157293,0,0.3276690679828917,0.20241630595341112,0,0.46897348749114576,0.3330696749394452,1,0.08460980502914803,0.43582759714427177,0,0.34063302920345356,0.3205596812712494,0,0.6127976448957447,0.6677714489649554,1,0.248269929393597,0.24928878338287103,0,0.08578008261533898,0.32662037172416675,0,0.1434064208827347,0.4121026504906973,1,0.1869409728105536,0.46802247798579577,0,0.19941338588219554,0.3319142853043359,0,0.2448480581290628,0.11312136616003857,1,-0.10400468886569245,0.0784000016389513,0,0.13656579056788304,0.32927272698532656,0,0.6970806755041935,0.28424279054951324,1,0.21137943046449986,0.34561469823759755,0,0.06682912858118491,0.23667584394148727,0,0.4574770851027085,0.3319238922174544,1,-0.12487300999247639,0.25400183105889124,0,0.017308520487174805,0.5426014158134447,0,0.5492419535125259,0.4526807634519854,1,0.10014102316501394,0.4488157946152995,0,0.13088613827259454,0.4746203493657475,0,0.43892458544818247,0.4627275298461519,1,0.1863879602174162,0.40403896065456923,0,0.198237018627062,0.43455097908128926,0,0.25530859506733583,0.28752678061880105,1,0.1288430246445909,0.2878614579789452,0,0.3392051611984578,0.3003028459674824,0,0.1308933263114911,0.2945285805703295,1,-0.03090035313095122,0.33048062114356114,0,0.3526993141747938,0.10685844155516509,0,0.4832653622503204,0.5564657047354777,1,0.03429852278364512,0.5624205657679947,0,0.024961841502905435,0.3052403396342749,0,0.5060518093035998,0.2866793090618213,1,0.0627888530788611,0.3198890851880559,0,0.01951692103391922,0.49630903504534307,0,0.4952808022396245,0.45541680749472424,1,0.24195226925041427,0.39076836876787785,0,0.16913982914430095,0.4547303937716604,0,0.6766423549214037,0.3223488194142066,1,0.22485214707948878,0.23457320896740524,0,0.3365012342087687,0.3493634783126223,0,0.9626615483899226,0.2919312939746259,1,0.28334931964688026,0.27759194483221256,0,0.2622059088272505,0.3768235431714048,0,0.45884991523380736,0.25276103254343507,1,0.12417711888079944,0.25963911227460895,0,0.1540407654897837,0.3603454991177178,0,0.5203167732418263,0.43217343894925037,1,0.21021968567555663,0.44763380438412004,0,0.12577508622993694,0.20420318602613444,0,0.7456651480228392,0.3791160919002303,1,0.46941848636776673,0.2882912011461563,0,0.0728699157050624,0.3608524930396872,0,0.3301730422455196,0.26604365069133795,1,0.16522746915387534,0.35585531591152153,0,0.15753782760326232,0.5253945990426604,0,0.26373086545989893,0.5066373633122544,1,0.14700055770888293,0.29999222675503157,0,0.24268710370848004,0.26578348950562136,0,0.6331404171675804,0.30621707370625517,1,0.09663918564265736,0.2699128611450317,0,0.1161477593544322,0.14345857365213935,0,0.49033929500047535,0.2570863133396276,1,0.2849012583839488,0.11855663447291026,0,0.046199488460789064,0.4465764979482876,0,0.5863922680072202,0.3464176975783902,1,-0.16238707528032856,0.30312986726252916,0,0.22913992222080654,0.2524957528958976,0,0.4120774293045188,0.21552784258236793,1,0.14084411711611808,0.2449275501125203,0,0.12020128666628549,0.11761028637490871,0,0.2596924937844868,0.27676540511292796,1,0.14873234889017198,0.2836504823229418,0,0.06395936362657975,0.2561221630609088,0,0.4422126502382609,0.41220727125505136,1,0.14630425379127351,0.39508838111382183,0,0.08089714810823559,0.3587479539937094,0,0.3221154049537508,0.11360962200536166,1,-0.1989894524485656,0.13436854005063528,0,-0.16372413074194306,0.21515433608644596,0
106,2000,0.6,SuperLearner,0.9756327399226509,0.0028993825512060954,-0.00035710267718056605,0.0009543550750847348,0,2.103890961323139,0.09325210474906949,1,0.0029166114594044103,0.0016892876086416493,0,0.0030152688867400353,0.0028929678434886637,0,2.051908725228648,0.14594021161308723,1,-0.004360196535994928,0.004738568027648671,0,0.0005230209381708913,0.0057794362427152236,0,2.0701423049916983,0.14645194858407193,1,0.004127785540085365,0.003819605776969212,0,-0.0006219333976591496,0.004272547202606624,0,1.7638832049391133,0.10635098608483456,1,-0.000179150793178275,0.0013850937649796712,0,-0.0011168551284490035,0.0013668872091241737,0,1.8617348167211225,0.1985048093727664,1,0.0008911111811979164,0.006878089372470802,0,-0.004242255569163642,0.005335232390152434,0,1.8773369470244767,0.16606721819997483,1,0.0010038898889903488,0.0016639742694270364,0,-0.0013673356136318393,0.0018884792468251445,0,2.076158879581853,0.18143030812217625,1,-0.0005745556920192846,0.0010455644386583025,0,-0.0018325367748088183,0.0021841854355588845,0,1.9602628022103659,0.22416984429369186,1,0.0004230977838630957,0.0013593774070163758,0,0.003076736972373052,0.00486048897346847,0,1.9174495703301015,0.11484384137219797,1,-0.0014774511091887109,0.001825524292971806,0,-1.685515749808974e-05,0.0009442723842981332,0,2.073459521092694,0.13041929590894635,1,0.00023987051187636155,0.0004678996192523923,0,0.00019616043083775023,0.0010084209832455747,0,2.1309133747851154,0.16892292409249743,1,-0.0030654644642614973,0.00326735933332959,0,-0.000421079434645427,0.002965160100124419,0,2.02031109053627,0.09706718188323107,1,-0.0007213560068853803,0.005337542731018095,0,0.000726634419138838,0.0018009849923269043,0,1.9284522034853075,0.19800121570557658,1,0.004631129934919801,0.00480793216682662,0,-0.0005775460287649796,0.0015326370210483327,0,2.032904120020553,0.08538480726467489,1,0.0002034305909072405,0.0035028896680060905,0,0.008393688735406978,0.0073799061568679426,0,1.8383546852784345,0.11476873644488995,1,-0.0001874835385657018,0.0033146765940072743,0,0.0016636233057993489,0.005264574784479066,0,1.9390303464542598,0.08794405900399221,1,0.0017635033313017404,0.00701374422841925,0,0.0034878924073110016,0.005135155658054649,0,1.924750832819922,0.21238754541974017,1,0.003420928637890698,0.00552879369110452,0,0.0027670506877188403,0.005768844427608227,0,2.0228572213814013,0.18550592382829398,1,-0.001227918967741644,0.0005966964372601859,0,-0.0014581130999247627,0.0021845616616510844,0,1.7914009156677821,0.17911002617949012,1,0.0012135354818863097,0.002523928834677584,0,0.0006111025180213084,0.005874904448798892,0,1.9491185882438713,0.17729083863451087,1,0.000467803090690106,0.0027086771293762806,0,-0.004261644444669296,0.00503517483971956,0,2.0217770915168893,0.1682999940812006,1,0.002593795852531814,0.00695913152737365,0,-0.001411492953601609,0.0021985282567122022,0,2.088195105555949,0.18041019608113648,1,-0.0024389366923173094,0.002961003771016059,0,-0.0026431331909198587,0.003901602302671583,0,2.063678860590365,0.1388195525921277,1,0.002160264050967018,0.0020556533473572044,0,-0.0006221419019528635,0.0018604073028405197,0,1.8634700047319495,0.15254894275140674,1,0.005146891704394208,0.005152524906311495,0,-0.0015753504916757415,0.004383127794905363,0,2.0560846815053457,0.1699216410490187,1,-0.0026832835193260247,0.0027905483505239435,0,-0.0007312484154946378,0.0025209662100544126,0,1.8281055920967482,0.10087903908032976,1,0.0024885952267614205,0.007001132198356406,0,-0.0022944007318089128,0.0017434764409289248,0,2.0502743735162143,0.13994587831236635,1,0.000982234061032692,0.0016715417926208111,0,-0.0025527537896981407,0.004299841826709447,0,1.993193915603949,0.17954969214987587,1,9.705222179825681e-05,0.0006966416748771906,0,0.00046617260834909587,0.0020730221318154773,0,2.0333140930460885,0.1537906836517608,1,-0.0005960716813589499,0.0035738875648878513,0,-0.0007582644798162449,0.0009172944663421243,0,2.055986486675013,0.08570958650704256,1,-0.0002023033556775937,0.00093061300189999,0,0.0006159673713076914,0.003281432757872226,0,2.145578719781333,0.159247649385749,1,0.0012514288253899892,0.005338123933284349,0,-0.0027096770212728717,0.00461732076095669,0,1.7805997006570045,0.13611677697487276,1,0.014232588252586494,0.008773696704279401,0,0.0006216547353413385,0.0023008243125415147,0,2.1643696750873787,0.1927176216130955,1,0.005609664773833815,0.0022570064704182796,0,0.006795095658920761,0.002535056778596519,0
106,5000,0.6,lr,0.9792518060701088,0.0013070661619708933,0.00028144246510697845,0.0003772992479684159,0,1.9008678004870299,0.0896349089936446,1,0.002015763273090014,0.002304789367701399,0,0.003961202721526403,0.0022611056301329487,0,2.3194048324765846,0.061209819721773855,1,0.005168372216617019,0.002031638033472806,0,0.00010465820661181312,0.00041111134171606845,0,2.05475094602879,0.10618945133696635,1,2.069056172796069e-05,0.00019998044559323009,0,-0.0006331271774446305,0.0006101957336851192,0,1.8910302424679444,0.12554012716702237,1,-0.0004054017754164843,0.0004148683912523535,0,0.0008968369562341892,0.0007669515114360053,0,1.9029268851391437,0.07648482770557638,1,0.0016386830147270808,0.002197005791098251,0,-0.0008047359414518526,0.0010126346323968236,0,2.0192204804671072,0.09608368052684,1,-0.001033996322556272,0.000568112438566192,0,0.0010083864822468367,0.001042219066530197,0,1.8345946313096668,0.11167085580510855,1,-0.00040918097070150456,0.002120051225935691,0,0.00021012336702381831,0.001088474208709958,0,1.9816922946879072,0.13014900351354164,1,-0.0007421671554230035,0.0011921262428469313,0,-0.00029695332920310816,0.0006656925357788064,0,2.056496691372561,0.0891723704537357,1,-0.00021603497958125215,0.00030857932606133637,0,0.001060219665694258,0.0016734575669764542,0,2.183534301843573,0.10865295019659914,1,0.0006455601143536977,0.0013144021679073559,0,0.00127546539472162,0.001121830354482854,0,2.0762158404775883,0.0926548647345743,1,0.00014450842472120098,0.00031271988532906,0,0.0011037069355297855,0.0013711744220086858,0,2.170182125422947,0.10768552261921079,1,0.0019972330135149307,0.0010058775683337074,0,0.005064991169244493,0.0017540383226182375,0,2.0687000723308477,0.07690400956878883,1,0.0023146461799660447,0.0022464947091291186,0,0.0014350613638315025,0.0017995473000773172,0,1.9595942845828624,0.12852366994384098,1,0.0001401352886859599,0.0004827597351930353,0,0.00013771991824180807,0.00015793464538962074,0,1.9669135249463134,0.09297046604696518,1,0.0001907519231250712,0.0011606567749396315,0,-0.0006042698444838961,0.0007750121775538565,0,1.9541766176013227,0.040534574620972146,1,0.0011617925179948823,0.001353285695849117,0,0.0016621264981700238,0.0025413896001581686,0,1.8455842211222453,0.055547918209499794,1,0.002209414683741362,0.0036816404958049304,0,0.0020329161200628915,0.0025594705768333813,0,1.9882213623048983,0.131583868997284,1,-6.576087470026293e-05,0.0001880188514052839,0,0.00012482206354935108,0.0004305735683512899,0,1.9240169401398706,0.09680857631588993,1,0.0007800953974749726,0.0008860711025120468,0,0.0009185426177747815,0.0011744140604847233,0,2.0437263776387753,0.03585731694807677,1,0.00020909158624751533,0.0005331197979969581,0,0.0002478820659288306,0.0002280211594886795,0,1.9451628101966514,0.04671984227747856,1,0.0006205469085716836,0.000294952647919769,0,0.00039706408444100825,0.00032010423862132526,0,2.016235511811885,0.10630310378641934,1,0.0006353450668490033,0.0005966954716825105,0,-7.102606538087872e-05,0.0004876623553943338,0,1.8586675498415648,0.1150400050896354,1,-0.0002979909987008025,0.0003970050581010204,0,0.002111801176853835,0.0016406127287399434,0,1.9811817978836839,0.0823491408111562,1,0.001033552197683689,0.0009784879413833212,0,-0.0003787353909975013,0.001506125355578541,0,2.0848186180459534,0.19038213838935245,1,0.0028742899086324964,0.004093807509581495,0,0.0033198050181640847,0.003421591864760189,0,1.988947395044427,0.1514905270865186,1,-0.0002002615640951588,0.000823331394917829,0,0.0006679515719314573,0.0021721856045230753,0,1.9761249248979067,0.12559130959319562,1,0.0003366671087153596,0.001271268670484895,0,0.0006520705490063521,0.0008565628016730933,0,1.9501655216180727,0.06269309516108869,1,3.5170127456695355e-05,0.0003728991330463199,0,-2.5053913482393166e-06,0.001563570779122779,0,2.024847285112455,0.20690024146831823,1,0.0005345670308227319,0.0020722132092037336,0,-0.0007666326512911818,0.0009718198014370042,0,1.875272474341798,0.09702227921587588,1,-0.0005671122348718813,0.0005257792140066803,0,-0.0004311394795920998,0.0005040314447246043,0,1.9361468632392136,0.08896803030307837,1,-0.00014197646403185305,0.00030075587928240285,0,0.00015032600858274145,0.0012739135630507746,0,2.0820249980458456,0.1997928257427198,1,-0.0007550401280819507,0.0011206797374300364,0,0.004146733291440231,0.003490363270349749,0,2.146295032638217,0.07255897523169105,1,0.00035317079272397976,0.0006847241177696766,0,0.0005886258278250534,0.0012870685273864868,0
106,5000,0.6,lasso,0.5244521032283764,0.015003498778260958,0.0,0.0,0,0.22179647649375833,0.03311444577408703,1,0.0,0.0,0,0.0,0.0,0,1.1317618403714254,0.03310861995560172,1,0.0,0.0,0,0.0,0.0,0,0.9268641242350029,0.05751793130657981,1,0.0,0.0,0,0.0,0.0,0,0.9604611238036987,0.02227167598952689,1,0.0,0.0,0,0.0,0.0,0,0.6651337361347338,0.017313767102346608,1,0.0,0.0,0,0.0,0.0,0,1.1558042986046921,0.044407126616880545,1,0.0,0.0,0,0.0,0.0,0,0.503094658297458,0.03850454572888748,1,0.0,0.0,0,0.0,0.0,0,0.8910887163173993,0.03168168863868188,1,0.0,0.0,0,0.0,0.0,0,0.7168748179756304,0.05830628112039663,1,0.0,0.0,0,0.0,0.0,0,0.7916021590960962,0.09473704407450283,1,0.0,0.0,0,0.0,0.0,0,0.9736383385391084,0.03947402227391453,1,0.0,0.0,0,0.0,0.0,0,0.7986847297664986,0.042740007459219784,1,0.0,0.0,0,0.0,0.0,0,1.062525096586155,0.02838661913278896,1,0.0,0.0,0,0.0,0.0,0,0.9304052137961552,0.015921680994022688,1,0.0,0.0,0,0.0,0.0,0,0.735026862262127,0.02808695550187646,1,0.0,0.0,0,0.0,0.0,0,0.8868523828037873,0.037056357756544346,1,0.0,0.0,0,0.0,0.0,0,0.9432232431232569,0.029321592795074344,1,0.0,0.0,0,0.0,0.0,0,0.755782590277786,0.05223597300181206,1,0.0,0.0,0,0.0,0.0,0,0.911863640511311,0.04098125959031169,1,0.0,0.0,0,0.0,0.0,0,1.3836827259074311,0.08380010147859195,1,0.0,0.0,0,0.0,0.0,0,0.7637231410200637,0.07734872574424972,1,0.0,0.0,0,0.0,0.0,0,0.8773690414910991,0.03265176295368548,1,0.0,0.0,0,0.0,0.0,0,0.9105720826103889,0.06964318662118185,1,0.0,0.0,0,0.0,0.0,0,0.7367732848881298,0.01747779276180032,1,0.0,0.0,0,0.0,0.0,0,0.6905011453147974,0.014534234809689366,1,0.0,0.0,0,0.0,0.0,0,1.2665212594860438,0.02895960455684447,1,0.0,0.0,0,0.0,0.0,0,0.9717992917680733,0.022702497832264242,1,0.0,0.0,0,0.0,0.0,0,0.9204246180030398,0.04185707891308572,1,0.0,0.0,0,0.0,0.0,0,0.7658229339933935,0.02231671087194561,1,0.0,0.0,0,0.0,0.0,0,0.4825707357465713,0.04611847936359566,1,0.0,0.0,0,0.0,0.0,0,0.8960180256858342,0.055248651348482974,1,0.0,0.0,0,0.0,0.0,0,0.9072585584868502,0.038745981511873695,1,0.0,0.0,0,0.0,0.0,0,0.5696360223442359,0.031969755545916176,1,0.0,0.0,0,0.0,0.0,0
106,5000,0.6,dt,-0.18065717609192214,0.06454992764037208,0.15038896408097163,0.2298071195790956,0,0.12885879791876703,0.45261203124672394,1,0.03783320615436123,0.2808293014948702,0,0.008715041738993932,0.10093852293924858,0,0.9851027518769799,0.7755626873704498,1,0.25064793395128615,0.3455592215533104,0,0.1667160280601081,0.3141775960954847,0,0.8476255748655716,0.8357541221640767,1,0.06054169362314967,0.190594792637372,0,-0.011953927381576334,0.19110075667143137,0,1.4209837349090642,1.0158003527655417,1,0.11341822291759396,0.12163887016623716,0,0.2633636154729736,0.3097891960332358,0,0.42652900664647025,0.369967996840865,1,0.31607470091957135,0.28848047749284267,0,0.4980572447842886,0.06650194306544784,0,1.1885253992384142,0.4704993219763719,1,0.05549272555112372,0.2616841870164757,0,0.3927281990427326,0.2592720480483052,0,0.5327960300692528,0.6122512064621562,1,0.2744495050489849,0.41266258122340965,0,0.25973976335502047,0.3030075846765193,0,0.39138762756528733,0.37389661351241715,1,-0.005738972137127096,0.201907224679876,0,-0.10764921629765253,0.22228669625790942,0,1.0598912107735259,1.1684569313206978,1,0.10869378110019692,0.26953333323845025,0,0.1056477873610755,0.27026479689355426,0,0.75190799364696,0.7873315407153343,1,0.17322173428075893,0.10448605504324884,0,0.42755601917559777,0.36918587370656075,0,0.4632032221198637,0.25405936987852734,1,0.23082762811906607,0.3157057623988222,0,0.28079483639842284,0.583217815009106,0,1.3679314395189095,0.8006672088062488,1,0.3983507473061244,0.5378676303441635,0,0.35174292509777005,0.5756279777258324,0,0.4254743509510045,0.5635589068995593,1,-0.016318549232970908,0.4171626631382305,0,0.3079729871390479,0.3908091442130612,0,0.9798823938037831,0.6748042973333892,1,0.13911724758300098,0.3250390607798278,0,-0.1812822310262847,0.5714636066756584,0,0.972737751526626,0.8094414307385261,1,-0.0026926149488610855,0.1859914507284663,0,0.03225520820638496,0.3137850973533886,0,1.0044291224639732,0.6616024873768844,1,-0.20683420424958068,0.22156922208418553,0,0.16690760293565196,0.17491470671257273,0,1.8679087429890355,0.4816199545325599,1,0.13845335288586771,0.1285279679018387,0,-0.2515219091695809,0.386783831753212,0,0.5694113105609748,0.47429486952362054,1,-0.14014699696149382,0.13699164153997978,0,0.059067832490414876,0.21607160360330976,0,0.5098196321331796,0.5610271851753724,1,0.012828388834765175,0.12296195135553463,0,-0.12494869998104,0.22833258864675737,0,2.1449342970335143,1.4705491342536121,1,0.10957766081217715,0.4126934360730364,0,0.07478194525937928,0.5744616227983647,0,0.9180166771012104,0.7779333203915091,1,-0.020191107843498108,0.282406206278509,0,0.1421576402286885,0.2802656102438077,0,0.22494540779824676,0.8754317360462454,1,0.3166599122010966,0.34180536804764267,0,0.2623025491569112,0.4270599615348026,0,0.7177960521630167,0.2669959721309636,1,0.8917285380384916,0.6956678968208871,0,0.07777005893053494,0.6930880083132349,0,0.6387736583917196,0.29003497631030767,1,0.13749124594239387,0.2108267261827014,0,0.5659694690325944,0.5580291386417174,0,1.039918290739451,0.7497356395143275,1,0.11909206383420685,0.08116457665476676,0,0.23829484380692847,0.31565634086476946,0,1.3143091676087428,0.4785541911937869,1,0.21551154991265556,0.5442753400676402,0,0.17830174994746567,0.3934791005782711,0,1.2486540029251472,1.1041523898920484,1,0.0022225197497110607,0.23995467623649397,0,0.42268358522217386,0.4364228112865309,0,1.7032862577711243,1.7713207599125407,1,0.8468958113068961,0.6054786364213648,0,-0.13014185870843922,0.2794846492017985,0,0.47452845020894685,0.20219240227897908,1,-0.1611822721595712,0.5213049312369691,0,0.08854865390555977,0.15193333498014733,0,0.5034762904978499,0.7611793906575061,1,0.38652115975490087,0.5991739317353002,0,0.07803215690861663,0.42537131948923895,0,0.22713811721002428,0.351862819212146,1,0.21607090993664171,0.38060081187136185,0,0.24262934589981838,0.16127843062412187,0,1.1083337772181592,0.6014782112141995,1,0.1481971960436296,0.1768915944137864,0,0.0662369199059178,0.10806306980761844,0,0.6462515004524556,1.0891684930840364,1,-0.0620290467285857,0.2216991920592275,0,0.10480797825861714,0.2748472992082576,0
106,5000,0.6,rf,0.5396382552074609,0.007759876403020317,0.06516453918075159,0.02216575311539708,0,0.24851905897515209,0.012705965481427944,1,0.10739260176116942,0.011746292252192774,0,0.10338000598165258,0.01788210606496277,0,0.660486734470168,0.04951255936232646,1,0.10663756453697922,0.02057866062294631,0,0.1149815123177782,0.028838053716525543,0,0.5701064252896206,0.15726833855799316,1,0.08630642622141,0.03920230468803159,0,0.08323742559895164,0.04185832207143251,0,0.8985970193875857,0.20182631637521314,1,0.15028761234725205,0.04806308877599727,0,0.05960369607619627,0.0188816587211086,0,0.4119158725265503,0.05923792096273176,1,0.1002227424182833,0.03546915389993569,0,0.09086969654909913,0.029912373012386542,0,0.6476248193867722,0.07679320658590405,1,0.09544460583959609,0.030731239437575514,0,0.11224568872141819,0.015330132914546442,0,0.3949027456938945,0.06406480172997364,1,0.09977638457073043,0.03221098818779987,0,0.07841494666359881,0.01614695216532831,0,0.43130837509114334,0.026600638288486203,1,0.09467280697713823,0.023167090463251886,0,0.058520520390332086,0.018264494439410223,0,0.5038422530020934,0.06421744616032558,1,0.06395147004755428,0.021177353336463946,0,0.09675424588238365,0.028195269515164895,0,0.5224074064750123,0.09483713029661782,1,0.07663249744925651,0.022754343085476133,0,0.11198531558673075,0.0361911559327644,0,0.6312122780067466,0.14301822479868606,1,0.10316509181699522,0.03689759690146781,0,0.11958570809773125,0.028208618031143776,0,0.5577505137695422,0.07554903129346698,1,0.10113233854810648,0.01759169517008606,0,0.10908920480640596,0.04953912295438929,0,0.6567161412240754,0.056762715050799946,1,0.11980202754050566,0.012405175978659696,0,0.10788860249482565,0.03413084554414373,0,0.5942086517714136,0.05002133290540713,1,0.10298137831000895,0.01009227167444299,0,0.10909970779737518,0.036255102827571134,0,0.5070560978359269,0.05980414026227988,1,0.09090801505064122,0.033658328937187704,0,0.09086176946193546,0.040119439894364416,0,0.4915234529536708,0.13862313805496407,1,0.096082729077362,0.021937476496281208,0,0.1014998572767422,0.01607986855022954,0,0.740860861007916,0.0822572359326667,1,0.06209573281531221,0.02787505423303297,0,0.11783926084476748,0.027038417080584715,0,0.5593221043895792,0.10492655113988363,1,0.0655588834293444,0.02808439686570848,0,0.07469996097203045,0.026338762643262157,0,0.8006044513774333,0.062363821734676944,1,0.06488801847463739,0.033399743012780654,0,0.07516911906861745,0.05289759005759991,0,1.3219628378419988,0.05614688854851221,1,0.12254281749219238,0.03177705962652218,0,0.09989540866821418,0.02327825354916903,0,0.655484764728632,0.14412025320534702,1,0.10452540547938775,0.030157975536889394,0,0.11010512676867298,0.010459424393543498,0,0.38090806913449976,0.0801176167620698,1,0.18846536563617325,0.023923962386888712,0,0.1373020324713375,0.06398107186973949,0,0.5214025602930017,0.08241921467139607,1,0.11518096026370377,0.03600206205751656,0,0.06836026499245994,0.025666317973876286,0,0.4203185645181494,0.045510956201042556,1,0.1550737938448731,0.04118269543042914,0,0.10206789274262558,0.014507071737944457,0,0.5700920827435404,0.0943475050602143,1,0.060933896131418475,0.01482881201562096,0,0.14981441297222015,0.02656091955394125,0,0.8466384922508057,0.06578019913781476,1,0.14404351569358165,0.030351939789527858,0,0.0902730481430155,0.019179011753556446,0,0.7401856299467048,0.11586710303707626,1,0.08260442098320814,0.017729929101538238,0,0.07517240046556664,0.010300420409937566,0,0.76627158252439,0.08788062246701293,1,0.13092957002280586,0.0332333889618382,0,0.08227966424058682,0.023196639099824196,0,0.4229698934209642,0.10764718046160375,1,0.14327686474292994,0.0440602646187719,0,0.09736128856295378,0.016627623715069186,0,0.33130121563087733,0.04031763008163009,1,0.11519097022387485,0.027575520592249422,0,0.11354256853346238,0.04833698969172706,0,0.5302277481371428,0.11302617375280694,1,0.07274108545534407,0.022076872350957937,0,0.11408624418475821,0.018247544277437855,0,0.6830066933737328,0.1410171280417732,1,0.09500711111641458,0.013123979809438385,0,0.05461263546418782,0.01910598474988457,0,0.3512548149006892,0.04111935696336914,1,0.05813790207422389,0.022596647139417315,0,-0.005977787604231779,0.025569109028174972,0
106,5000,0.6,et,0.544333325018995,0.005094714113230016,0.062245121797785116,0.012223238798082446,0,0.23369139286566787,0.018887284507555613,1,0.11134132298703006,0.01935838101035314,0,0.1305075476193917,0.033020072830387104,0,0.5562434524497677,0.0802168457634739,1,0.0971277860670123,0.02587098707498373,0,0.119081759909386,0.020512063947042858,0,0.6141177866955003,0.08014095253496403,1,0.1125703961579293,0.006628014663796877,0,0.08359386194275313,0.01685552386907969,0,0.8212642000711508,0.1418793089185686,1,0.14182114811181812,0.0384266730915749,0,0.09175984208484038,0.027631229466769408,0,0.41185856618603056,0.05837256693815283,1,0.11385099368507919,0.04889887418094648,0,0.09013175981522681,0.04491880120558243,0,0.7114476630152732,0.10512092736678491,1,0.09258278422639965,0.010166617001262306,0,0.15298971789483834,0.03466152483786595,0,0.3972849478339097,0.09567863779113442,1,0.13082984264988928,0.01620293310705989,0,0.12445769498924389,0.0270156927673635,0,0.37001716809344615,0.04230672136828464,1,0.13777516167365747,0.042121393983069744,0,0.07515918163407366,0.03254251868982602,0,0.49685256469982964,0.08064039667618408,1,0.095463702155045,0.02601904216595042,0,0.10764077945546517,0.01827290416844625,0,0.5797805780071579,0.11957911296538176,1,0.06542834868711661,0.02261564861420297,0,0.1678402634233393,0.034931509642774985,0,0.5306726196048748,0.042547391666588955,1,0.10471715654491762,0.028232143599424327,0,0.13520039623046934,0.015389867434374033,0,0.5117638753734397,0.06718395761815278,1,0.15046950150042263,0.015000692836917566,0,0.09396122692261519,0.021064618931645036,0,0.6728102834978729,0.1161235583207231,1,0.13872197597812158,0.016133192381421142,0,0.13655704268275856,0.025704796578472203,0,0.6508728087122241,0.11717096790128581,1,0.11141097486790497,0.03614081476219451,0,0.09522099072395289,0.01135085303693142,0,0.4959934819762385,0.059730014225535276,1,0.0818772395575589,0.02543184357615782,0,0.09707919680452959,0.03507805382089803,0,0.44238606809126824,0.029007122958175403,1,0.10145059039670272,0.016263996806912238,0,0.12485635855677568,0.03692856553039111,0,0.7350660975390955,0.1375933327279838,1,0.09956811265214058,0.02155155919626768,0,0.12433354881015042,0.038673177052321914,0,0.5351645393996126,0.06924402385369202,1,0.08252998737745901,0.02955284259200758,0,0.07456044722722857,0.02002546027358259,0,0.8935713122264707,0.08087402834175222,1,0.07124571479247907,0.010930955657887445,0,0.07811885794502063,0.04675456343783631,0,1.2314103015996838,0.09619265349740537,1,0.12149817122841577,0.038392738505239915,0,0.12765229741600873,0.03408762086558322,0,0.636111140083168,0.09688135832991401,1,0.1176443184138543,0.03712219528873919,0,0.09710953794513807,0.02004759621038492,0,0.4155126198202207,0.07641256793226914,1,0.2114597425113453,0.03507312979713887,0,0.1403972076765138,0.0954717948970575,0,0.6201856410148948,0.18198329045703973,1,0.13863565275038806,0.04586537598733229,0,0.07457882010079427,0.021218481544032507,0,0.5099159411178708,0.07211707153409848,1,0.13976039481186983,0.023235241832287364,0,0.09432705372133003,0.012221031965431547,0,0.5745202133623156,0.06676728770620588,1,0.06697952977903916,0.019197236020015725,0,0.12786038766674582,0.03601675827334168,0,0.9978257396102158,0.041966296668953504,1,0.16579242958140045,0.023642990079939922,0,0.10703385022020137,0.04944879356942101,0,0.7260360659302254,0.15212813879457082,1,0.08935509766947862,0.0374689508898135,0,0.09212101746539736,0.026454044364025323,0,0.7556644422176384,0.06469331194883181,1,0.14268007937509344,0.022246043652612315,0,0.10562757394604357,0.03168949906746875,0,0.46777932741835215,0.05135365984794286,1,0.14897833054212672,0.04924280863945284,0,0.12565371019525604,0.03372511074859032,0,0.3091687177718453,0.05764180585826531,1,0.09143133333203356,0.048561347239927166,0,0.13962104461574695,0.034800703839900644,0,0.5387373428232929,0.05841824371387289,1,0.12959789472102917,0.011001316561604293,0,0.1081275867904415,0.03626205526368196,0,0.6877234482102935,0.040350598085956736,1,0.08309922485937553,0.042425398740849406,0,0.06701167321817235,0.034572388755003576,0,0.37468262537398167,0.05981604564980967,1,0.048965816168992385,0.01788254594907159,0,0.00646912797621286,0.011003495285366649,0
106,5000,0.6,gb,0.7257123860994742,0.00710705779402505,0.00030581258602870064,0.0006116251720574013,0,0.9229387511155147,0.08281953648280535,1,0.014621810056687928,0.021112111367414924,0,0.014341172551726344,0.009741904662339098,0,1.2514939639458986,0.09852750208237561,1,0.0,0.0,0,0.023694384075009893,0.023306325655621227,0,1.1562139512980103,0.1628125785257448,1,0.02801991949371726,0.028330825063262392,0,0.011719698807206093,0.007656476982187223,0,1.2442834267461973,0.1249571524647023,1,0.14050663210790354,0.03402808271379472,0,0.018206917770114572,0.018222391664025214,0,0.8754862357759325,0.1456052636360435,1,0.008559470203318547,0.009161087615878352,0,0.005949890724196237,0.010331184628851424,0,1.5004635130508661,0.11727747072449446,1,0.009472082410521176,0.021002196792559633,0,0.03500637095611517,0.024327758315324254,0,1.0495003028011625,0.1292194361802245,1,0.004785786014243997,0.006345699817868896,0,0.005441170600467003,0.0073614707717007165,0,1.0448815134244316,0.09632963788963995,1,0.013391637089902545,0.012361416721076057,0,0.012448614057573557,0.018273201438898507,0,1.1888416154437762,0.11392827831127536,1,0.010464039109250764,0.01388240565776561,0,-0.001514490155851469,0.003028980311702938,0,1.3150574257489827,0.11316326823770655,1,0.0037375511138494633,0.007361376857689905,0,0.026986445524441727,0.019168149291014427,0,1.1897855227956142,0.08253569640372228,1,0.013574446570473455,0.02714889314094691,0,0.0194903127440883,0.01491640567021302,0,1.243705037383084,0.042689811374084216,1,0.013724267600818749,0.014752272927752524,0,0.011081758423701857,0.016045344353972597,0,1.3678893454806647,0.0498078168266288,1,0.04440556345001223,0.03529077796377032,0,0.02724811558443978,0.014315985994585783,0,1.2154880786365916,0.09547909449597469,1,0.005008794330221918,0.0042567146007049025,0,0.001888382610947616,0.005792444044765254,0,1.2223577805154036,0.08135770795407563,1,0.00366774951858114,0.007922319832627428,0,0.004966841915817803,0.010995087571387807,0,1.1309006458441868,0.16002821870153144,1,0.006546043256684356,0.01413967987288271,0,0.004587292408793693,0.00969949556030426,0,1.3457402079786012,0.06521165769769374,1,0.004946446991705805,0.007301600655052522,0,0.09662375422906444,0.048075121302098005,0,1.1861721130296707,0.15132160166353079,1,0.002849694131932246,0.003894204387014254,0,0.012820369795591275,0.016271974329614042,0,1.463990306732077,0.13740943969920869,1,0.0064192519734239326,0.005550140622099294,0,0.013084075183750713,0.017019763506282357,0,1.54603072978627,0.15246091165171435,1,0.040551549662154567,0.03969383735769987,0,0.039009737462693206,0.0262598893368134,0,1.2601568823684992,0.0632101092017467,1,0.02180941850803992,0.011072190808539325,0,0.012400506804205718,0.015093967638640671,0,1.0997260280157741,0.11776753874257631,1,0.08328803003853603,0.054843357558536816,0,0.033695387789782635,0.025607048227424243,0,1.1367626795144679,0.2016255151854931,1,0.04024938728252851,0.022631886178444263,0,0.0,0.0,0,1.280734409194474,0.09350198182991937,1,0.02935713317130878,0.015268990176740894,0,0.003484522474828651,0.005184462263157663,0,1.1987750528587253,0.1045057809395701,1,0.0,0.0,0,0.03301309160421158,0.042594735440253106,0,1.60017426285658,0.15617178737119392,1,0.015312893122516769,0.016388071139998066,0,0.006500671158174441,0.006191391025386132,0,1.3644758348777057,0.029615782763586063,1,0.013590354803462027,0.008398494859249239,0,0.005948617092023432,0.007307166398077114,0,1.2029884814666285,0.07318831225481887,1,0.032028994091867345,0.024278198024725202,0,0.008898983382399962,0.012314120442412077,0,1.0700055619615034,0.10035688202192677,1,0.038531351695519064,0.028008860983237186,0,0.030223628700824907,0.027422096481657308,0,1.0506729177212206,0.0856616198396833,1,0.01660127488972423,0.012812390018025022,0,0.017321079306732927,0.014715026567564675,0,1.279585124351567,0.1056881022953697,1,0.00820450296121114,0.016437329394294917,0,0.019150661392696826,0.022821184997723367,0,1.2960121948696652,0.09234861521633182,1,0.0013069125145614108,0.0031996100577127776,0,0.0,0.0,0,1.098883997458983,0.11030653055216934,1,0.0015795906776621322,0.004242155944212827,0,0.0,0.0,0
106,5000,0.6,hgb,0.7887397129717051,0.006068507234600099,0.006390179110307095,0.00723356928520483,0,0.9918937166987032,0.07817401434961331,1,0.06631255065253955,0.018773484398794924,0,0.037325662615623714,0.016582848824642053,0,1.3073252023730324,0.0607513490039861,1,0.017615660054160386,0.013061995029125204,0,0.05788604570037424,0.02401243092011137,0,1.189021520470335,0.20742368502938577,1,0.047558838669106075,0.029312269187308105,0,0.027218880927491994,0.02138381383823612,0,1.2460507709023863,0.13321773790037136,1,0.11373004602465527,0.02284112339035594,0,0.024517718032924206,0.012536315246686908,0,0.9386339240074643,0.1094400295835917,1,0.04589122520238387,0.021590654390492164,0,0.017629477828868454,0.013187513378715017,0,1.6200249014049866,0.08969048941468927,1,0.036723491921194854,0.020032349340867107,0,0.041735097299517375,0.013608280674529207,0,1.0809462740172429,0.1701095999250423,1,0.04808156134371437,0.015239844249313994,0,0.019338624903412406,0.01103998158829887,0,1.0872141552299204,0.09702263031048827,1,0.03159366495393008,0.023668617576889355,0,0.022038303509485553,0.023312820150019696,0,1.2892041406943997,0.1581010078851663,1,0.02265129476339291,0.02055295961331525,0,0.041790058069780464,0.011345548688232844,0,1.3560527594502678,0.10201609291715959,1,0.015743915970544534,0.014702213399374286,0,0.06012444968475422,0.02118191414673868,0,1.2375962321784733,0.13254387328168254,1,0.025404737725476356,0.008894373351572914,0,0.03391871393894737,0.01803484231112357,0,1.3002204613599126,0.11871245142659133,1,0.047631010895706316,0.024869884489528458,0,0.05436291376005907,0.02133853666991141,0,1.2880776749946192,0.09543039102824927,1,0.04886669039683574,0.032515035562369156,0,0.03259934781283532,0.01663639020207307,0,1.1905186969561417,0.07377139668978809,1,0.04184919966316899,0.018851567691557183,0,0.03396568841661072,0.016554524048414825,0,1.2707307687420013,0.12893657715293402,1,0.026857552941155632,0.024420240069279092,0,0.0417898951416003,0.03801178508647115,0,1.1498398476642477,0.10721286752614838,1,0.040361610671416005,0.02782452092225915,0,0.02605817856849612,0.009626915775143399,0,1.3537936293610588,0.14765507544162831,1,0.030225069480288393,0.013062466468317754,0,0.05692038390185822,0.030091918869428833,0,1.3419573171812407,0.1979135188846531,1,0.021633223828166286,0.009567789887867726,0,0.017319633568163417,0.007832709398882667,0,1.560409203216531,0.2007598962348447,1,0.018556541444906694,0.010779553011394718,0,0.03781802036397981,0.018329102775930063,0,1.4438858639363494,0.14901376473175726,1,0.05822579758880277,0.020533751079830406,0,0.08913176801542137,0.03701935452923248,0,1.1228089575678646,0.06216408264467331,1,0.035729319908582594,0.011137433635356069,0,0.05289313344865265,0.02297623555407958,0,1.0239337332501113,0.12799577103633986,1,0.12370190306212366,0.01795739933032841,0,0.043250806937038935,0.04947620639603058,0,1.1318015534843187,0.1575271536575158,1,0.059344968948473166,0.022285448960985124,0,0.025288483551253384,0.025874341479949353,0,1.216055751105363,0.0885577349546731,1,0.08745905973975453,0.04527924840433965,0,0.030445199939930067,0.015678894107841047,0,1.1808938866212761,0.1875599147005018,1,0.014062676033544974,0.022646439443224503,0,0.04243148536350615,0.010634882484614054,0,1.4702560619703107,0.11506120581695854,1,0.08301929176943927,0.016813828609648918,0,0.04262887185001518,0.0310467891023762,0,1.3283029899492311,0.06568848313033995,1,0.022953752692135947,0.017669177500864698,0,0.02514904237076928,0.031027835815901017,0,1.2488221578898198,0.12570655066078026,1,0.05203776031951486,0.01648575965777932,0,0.035753647064443325,0.04087000434454974,0,1.1277554816455577,0.13575706126426862,1,0.0678629229033074,0.02626246005315729,0,0.059917126779768945,0.03383708119439515,0,1.050902554389404,0.13801000503808197,1,0.046369797485367556,0.012244351528881169,0,0.033617700292212026,0.014323682176894373,0,1.2545311359512354,0.10782088771195462,1,0.024436390285506905,0.01220295016340238,0,0.04334572484579465,0.020125304874591216,0,1.3306848484060536,0.14898681391863447,1,0.03139795463839508,0.01656932726042631,0,0.02576040428362016,0.010086078501144487,0,1.2601994093027684,0.03363887580663354,1,0.006160095422931022,0.003919092456476743,0,0.001337736972526166,0.001933075882605356,0
106,5000,0.6,ab,0.5636040861129203,0.025218885095338255,0.0,0.0,0,0.5267090959154557,0.2198538928113131,1,0.0035805302244278333,0.012955336653810512,0,-0.0024986624944453553,0.004997324988890711,0,0.8895160207563786,0.12224729879120093,1,0.09960809925080072,0.12231247477667467,0,0.11749740799625456,0.10398187866797089,0,1.2416000158607567,0.5023863604919345,1,0.01784118595555546,0.026901473435214214,0,0.030733543676933095,0.04450101264926764,0,0.7996510975462363,0.18326826115446931,1,0.16357401643955655,0.1720414190853228,0,0.04713514362160861,0.0679546616093945,0,0.631697132589696,0.32310223559298334,1,-0.003706513048393574,0.04411456007429311,0,0.029440473479973535,0.030149510009500745,0,1.8876227348551111,0.24743471127233305,1,-0.006683515715475366,0.013367031430950731,0,0.03023487820863366,0.025748818660506264,0,0.5297032334262931,0.21431367195270212,1,0.02014748575131033,0.02419593844324741,0,0.011240855760512772,0.014344862287855082,0,0.638497465136287,0.30993963961968385,1,0.0015634323662692823,0.003126864732538564,0,-0.0004175060375229975,0.000835012075045995,0,0.8141324802133239,0.16618889295000053,1,0.05376791922280141,0.07355386292606889,0,0.020046748763779106,0.021786335878432796,0,0.8667590033761051,0.1502811397660316,1,0.03691689378443934,0.06362387962556013,0,0.006045822336453668,0.012091644672907336,0,0.49548123585892273,0.1266960867335815,1,0.0214638034985727,0.030598932411860014,0,0.0074162500472368855,0.02389520565592234,0,0.779603295890762,0.21560353416866723,1,0.05131559044733721,0.03664026387088757,0,0.025663091331468352,0.048735111449526004,0,1.0843903328555722,0.20893073298171572,1,0.018392142566860302,0.028112681279781743,0,0.09393006581164959,0.0666720456900387,0,1.28449154781867,0.2816876753248718,1,0.09281415000244964,0.0870559999547405,0,-4.24331509162954e-05,8.48663018325908e-05,0,0.7923685651917475,0.270989016521476,1,0.025644704820740372,0.04461815724529416,0,0.018460820520569184,0.03861979867003811,0,1.0212905674654207,0.21356586486267323,1,0.038665066031948095,0.05042543110445588,0,0.017806192137495343,0.03571934993281484,0,0.7620226324082658,0.24984126411565213,1,0.031714905386119416,0.06623311085443545,0,0.16312863417819287,0.0832771610618658,0,1.2170713594424925,0.2730659311603467,1,0.038609100983546044,0.033053263099196296,0,0.02802062263017598,0.0358286150334352,0,0.9426882966268803,0.21446258377344365,1,0.0010966718743783018,0.015040264459605471,0,0.09660417327755158,0.0637803148846283,0,1.1242357222745896,0.32105035828163536,1,0.14908739221977146,0.1636952162083314,0,-0.014311166743427122,0.022269025459588837,0,0.8386556311524004,0.3508004202739235,1,0.05808407013581385,0.0826569399472192,0,0.02245947657391879,0.02551794423552121,0,0.318010440615224,0.20848823130108038,1,0.20293283916291854,0.16826953238971973,0,0.007419290621284516,0.07448935471870809,0,0.8084869616565437,0.31243478022080795,1,0.012207552053794288,0.03500080657256848,0,0.0,0.0,0,1.281450058942047,0.32530319892463544,1,0.0066889198866913096,0.013377839773382619,0,0.0038326408665236315,0.038132040003067254,0,0.9114548518277154,0.26794485590362754,1,0.0,0.0,0,-0.013072139810460043,0.017907435806979198,0,1.163412574150365,0.3228936829841848,1,0.12128812915803974,0.1360885034901878,0,0.004147940969262123,0.008295881938524246,0,0.8710494416605551,0.14338798915834397,1,0.055015045102279295,0.03982188398253322,0,0.020143561511167477,0.022319910060301748,0,0.8173410382476243,0.17754535657751291,1,0.05886072222015859,0.0492169383808126,0,0.010066867001153284,0.03713077462797998,0,0.8969405692973137,0.24200073692921964,1,0.08899537745728486,0.09333254111008096,0,0.022109364303228445,0.05557221691958267,0,0.6511901959549948,0.16495169320783395,1,0.034074231612701684,0.03848733595352403,0,0.05725789253336662,0.0390645211662445,0,0.5619624043978574,0.18011118707319346,1,0.007968088124399926,0.03327682660025442,0,0.0,0.0,0,1.3693342875301913,0.2734151199211559,1,0.010322356620997198,0.021756888444475504,0,0.022103876502662687,0.027133056714598102,0,0.9733538716952037,0.21111902154365433,1,0.024395863277017666,0.03433759946194898,0,-0.005511496928221091,0.013532586082757033,0
106,5000,0.6,bag,0.45874484298155566,0.01344067223848525,0.0429289873739281,0.05331155899107675,0,0.30760159891489136,0.11000846181227078,1,0.07775935783398871,0.03894318901972543,0,0.05483618778077726,0.06776450238925467,0,0.5612622786469958,0.17587816625321823,1,0.11120563514478757,0.07942523462201152,0,0.1461078895237063,0.043946903597651556,0,0.46871787028715406,0.14743128524877105,1,0.09324289596836148,0.06872384791528843,0,0.0756409590290464,0.08808964974623877,0,0.9670419302360779,0.35443562207161733,1,0.16021500836943217,0.12690217844408067,0,0.07258487759582002,0.0418428152798168,0,0.4009367009384507,0.1872415053946135,1,0.09713309914156734,0.07060769891914989,0,0.07437659621041395,0.05802450942073668,0,0.6814257007010175,0.24952887009109626,1,0.07045684381909043,0.04712347700200842,0,0.028577856564548382,0.030203969849684806,0,0.4254628462650336,0.07602060504516278,1,0.06118885493866216,0.08308413307041514,0,0.04804663986333535,0.07328865505094413,0,0.45561376427837263,0.15772796996260752,1,0.07147088229235328,0.07058780595559724,0,0.020855045785733613,0.07758756292888386,0,0.36003385893922485,0.19352626857160785,1,0.13758417347427015,0.06804999334920322,0,0.09198275407539476,0.07419360703113034,0,0.5291755817544963,0.11985064486718915,1,0.05327611409147892,0.047973969752551304,0,0.16648378814863557,0.116582099268321,0,0.6847287321079022,0.41346329083339173,1,0.13644594180511802,0.13498242116190728,0,0.18175034436491877,0.08342960210280127,0,0.316014496204881,0.19927671468523803,1,0.0042073226341179295,0.08804119750426413,0,0.06538099870162567,0.019340595362650263,0,0.8727317918603379,0.20473768291336694,1,0.1408480541279042,0.10837110082255774,0,0.16401831543175588,0.09186557024576131,0,0.7571402455663232,0.30103204100551373,1,0.07378740665504363,0.10417451630894121,0,0.13294127355926563,0.12557900589228915,0,0.5592295650058278,0.22988065135966051,1,0.11099966876910254,0.07099094855601754,0,0.032428019417811725,0.0579840819726431,0,0.5051979928321235,0.3226320899654545,1,0.0826708931420548,0.05721389882203774,0,0.1109640333351134,0.061026827014942824,0,0.5681051590512649,0.2002132740109531,1,0.05046348043602994,0.09700796371979131,0,0.0547952845333989,0.06595643065312595,0,0.5663896962021695,0.2307448864347686,1,0.01043983523989127,0.08741245552491861,0,0.0835428521446556,0.06585834444856269,0,0.5923210097822436,0.17629393776346797,1,0.0735278226828173,0.07156559053844709,0,0.12257763539428483,0.09609756622587909,0,1.4453554648152778,0.44652291961158014,1,0.019508265233339227,0.07730904389402585,0,0.12799079678247588,0.13631185520414987,0,0.6399149671131045,0.1591660075713875,1,0.06272270164755052,0.06615473239966467,0,0.09314775668889444,0.0813724463385263,0,0.4380325508113888,0.14444761740241574,1,0.13762962734730816,0.13595806461521454,0,0.08990505478956452,0.06648392669968164,0,0.5396851668692374,0.39776822246582694,1,0.16661572160254326,0.08504854269839456,0,0.13618571013782127,0.05786965303191194,0,0.39501378742967197,0.1428211031346781,1,0.13748867972575593,0.07216992728979084,0,0.10268844065410984,0.10358244225383807,0,0.4630345222026294,0.2576830922126077,1,0.11412089467767919,0.13319950474989858,0,0.13798363065979452,0.06002790645016669,0,0.7502225223456976,0.3745277706594436,1,0.16530923492133645,0.10175087961607142,0,0.005874698571060523,0.07355643306522301,0,0.7322759760864027,0.16448677589054742,1,0.09936537565249545,0.0728085596794102,0,0.0641992840781653,0.07067648244266346,0,0.6813152376057484,0.15955681097276372,1,0.17004885097847428,0.04995701446557893,0,0.14404875777078824,0.12421844550996591,0,0.4055686596592909,0.29042133784453755,1,0.22458940763774232,0.12112009184646741,0,0.19341716424614683,0.1618307094280276,0,0.3971520829597211,0.14551081281016456,1,0.06740172715376974,0.05277956774513689,0,0.13783436068815547,0.16785230001420057,0,0.5026913947110603,0.17058308682441362,1,0.07467090665146232,0.0839761675894924,0,0.1577976426382604,0.05575384089009521,0,0.7178494486019555,0.3106248519050491,1,0.08853105287916585,0.06987421298671587,0,0.021624539106162532,0.08859808070438295,0,0.41170200076075664,0.07555324669646718,1,0.0981574557464147,0.043545625441008616,0,0.042492280529288204,0.029503542900386003,0
106,5000,0.6,mlp,0.9578194992498414,0.002610300113682738,0.016739491373281457,0.005355162009073918,0,1.9012276018981005,0.05492030950683877,1,0.022792751775720384,0.021349901982530426,0,0.025058449469459555,0.013809899429686794,0,2.1464876987041293,0.08826523973872102,1,0.01626964064127574,0.02731577290127911,0,0.02861054961790436,0.011939556564810765,0,2.0488777608021325,0.13075681838989037,1,0.023699509615254973,0.02705594775069722,0,0.013320438438280879,0.00860443270897482,0,1.8492551239713149,0.19907191794301948,1,0.009111896472324167,0.015486992124362378,0,0.0003308207228746033,0.01516878041153205,0,1.947437184344692,0.07909510464637583,1,0.003722902609786113,0.011507517801329194,0,0.0019673338894001372,0.02002629594897742,0,1.9673250274050276,0.1279811934193646,1,0.021965721983367235,0.018382736964547633,0,0.02700618945986718,0.022013926412259178,0,1.8473410931259266,0.09130762267497299,1,0.008847043444150887,0.018704913694012486,0,-0.0025265133355179452,0.011862605318760988,0,1.9620940930976538,0.11626813475961165,1,0.028557380868311923,0.018551455036377687,0,0.016481590162054967,0.011885487189877196,0,2.2506153016080734,0.10228999189166973,1,0.024116543952260434,0.015547039111373841,0,0.021561203802373103,0.0173266403358748,0,2.1169765251367756,0.12524568776620512,1,0.0030519140396228096,0.021313798499111802,0,0.015774238859518667,0.00563020356218847,0,2.029998792306631,0.12662565866604494,1,0.020783891121505426,0.011719735883433821,0,0.023580619774898965,0.013513547546936967,0,2.0933492712341155,0.135312789451796,1,0.018511104848806505,0.01806651082242951,0,0.022843796860774,0.010329864999643933,0,2.1503988945565555,0.1012678498337398,1,0.008554432832560068,0.02261100601412048,0,0.021235824110456138,0.010182291623834026,0,2.066577056045122,0.19866167273773952,1,0.014858741947789463,0.009686082313695046,0,0.014825827943948627,0.021706161328554106,0,1.9691360613969553,0.1377261871188586,1,0.014234327373740072,0.018605523031037786,0,0.014158757486020291,0.010620357432845397,0,1.9691709884442798,0.11551567657499111,1,0.015830709497430966,0.018400472303928325,0,0.013759741868633612,0.00922349369831231,0,1.8647372453978233,0.08447669424721144,1,0.020539346273498998,0.015770282070829464,0,0.02976852656983451,0.013568135743540792,0,2.022091777885735,0.1735568106260221,1,0.009110100921341393,0.011589964326954205,0,0.020842151113417584,0.0061989976340658445,0,1.932964626054476,0.1464413521149953,1,0.01720492952805594,0.009828853791454263,0,0.01746467655052529,0.018206816175878028,0,2.0500842017731573,0.0699893366573899,1,0.010544588389269008,0.02546659778454297,0,-0.005188011348861499,0.013890087744228705,0,2.124332968273109,0.11985110686713434,1,0.022581909459982938,0.014957318288336898,0,0.02282217225563466,0.0077439354392348485,0,1.9913192361235938,0.11477603912190912,1,0.01654330403601715,0.015306297861860966,0,0.010279319916268131,0.01453721580740091,0,1.9124301498054344,0.1402276225062958,1,0.015295611752385696,0.009285892898486676,0,0.024043900254101813,0.010072200099597932,0,1.9879370120137956,0.08923537561418139,1,0.02051529130907956,0.014361101944093568,0,0.01367568263813206,0.015211884298033149,0,2.116868914607271,0.26460249234042654,1,0.034106224357994555,0.012850239674584587,0,0.02125905962112678,0.01604244285232606,0,2.029610894725848,0.12581991139363546,1,0.01530694928698897,0.02311388830008164,0,0.00894023320734047,0.02062906614996693,0,1.8997243327155666,0.09834992482126416,1,0.013475434105841424,0.021942628666968264,0,0.02111790039280901,0.012527741276274425,0,1.9152834779372827,0.11078973403123077,1,0.02160638423590941,0.02260735170310028,0,0.03338306459232943,0.019126725872562433,0,1.9186348434802027,0.23060623932401797,1,0.03344286483413551,0.019888202357064674,0,0.026776150762815077,0.01861528296970543,0,1.8736336898838413,0.10613626054493933,1,0.01351895427224516,0.017822757683941055,0,0.022015211000385688,0.014513995647109828,0,1.955141451186543,0.05995645444761653,1,0.019847682655925947,0.016752609161831442,0,0.008777894287206722,0.01721439047661296,0,2.169426277007641,0.2641656157239253,1,0.03574772080244225,0.0163601647512083,0,0.03093571138160628,0.017209497774405946,0,2.2528539056843093,0.06565069152430705,1,0.01369177241447021,0.013633135967536243,0,0.019587839328055866,0.014455140039070443,0
106,5000,0.6,svr,0.9182333544261368,0.002663599011643267,0.02017297258883932,0.018207048452108802,0,1.2143573247602633,0.054831041771102894,1,0.034469595653340936,0.015911109598791932,0,0.016553033449045105,0.025575764516225823,0,1.450857517032697,0.04044936888714268,1,0.005450791702992274,0.015631408060646716,0,0.029988005944307245,0.02625751037521594,0,1.2669462701483307,0.08210983209031124,1,0.03457709126067158,0.01578922062470439,0,0.0296617144432675,0.01699007956931531,0,1.1967152083028982,0.09547902519840301,1,0.029567798504786358,0.01090979866077566,0,0.014278677395000522,0.012957677170895724,0,1.244208179431947,0.09608947885520167,1,0.052356328027153745,0.013276393629895822,0,0.02050560969135231,0.004673548986321377,0,1.392094902544509,0.06784300798637898,1,0.022819942814852955,0.013051444278809296,0,0.04862793299614944,0.008049073003564436,0,1.1590419582228624,0.051584090410361334,1,0.016983721082371964,0.006981336180292814,0,0.012726646517161355,0.011450601218808087,0,1.2039294839045183,0.07655832848915037,1,0.0382579353183573,0.013429865625238152,0,0.01326767887847865,0.01804056861361821,0,1.3087538509108456,0.037630745021484044,1,0.01581550654135702,0.0047632722925679905,0,0.020816994950350016,0.007979184291451308,0,1.5122277642777855,0.08485133686513653,1,0.005950062329100891,0.013006435984666786,0,0.0023303157077074186,0.01663867807738165,0,1.3071749291549684,0.12239134090586468,1,0.023924960953680224,0.016545524567674243,0,0.01812912169448646,0.015237736782591991,0,1.2710968426421407,0.09715833591702645,1,0.004989550730500627,0.013522407258444955,0,0.04905363998904785,0.012862134581228087,0,1.3692617036140906,0.09156750293479786,1,0.03125204173114642,0.01419012361074423,0,0.03820075083437382,0.018110511614109974,0,1.1796413622210498,0.02600286326407841,1,0.027424197718153097,0.00956241362340403,0,0.01056198133296499,0.01583811594993539,0,1.2026275633119194,0.10307196184728995,1,0.02223407284182498,0.013738110610949254,0,0.020433275445640477,0.016503735446194375,0,1.2047894263544978,0.07100615127810053,1,0.02262473969304007,0.014845594348578715,0,0.05570964301515123,0.010561648720222137,0,1.1822195622652032,0.031169733480967694,1,0.02105549133466447,0.010978297873186393,0,0.017887938420154004,0.006545976552359264,0,1.3063602937408618,0.13879098644771462,1,0.02436590478187422,0.023017698351280536,0,0.01664411841071061,0.011786340751672713,0,1.3097389478403447,0.13630297577233172,1,0.022971265601176315,0.02364303986818181,0,0.03699031354523498,0.027876560725061183,0,1.3200259735102384,0.06310803319461913,1,0.04678060299383318,0.011888942314266465,0,0.021376455694279112,0.012250307035847004,0,1.203897356386516,0.04314011231860738,1,0.031804302543799665,0.015796772943514677,0,0.03430533856957997,0.008579971725875483,0,1.0618338461053507,0.07955918856982726,1,0.06608644802911166,0.012604933012482694,0,0.03156548725108121,0.016470620627999505,0,1.1963043015878854,0.12576326396395912,1,0.03769471087487476,0.008833050318269009,0,0.02642789680297457,0.017393535110477323,0,1.2884132186172423,0.09100210700630997,1,0.01590888536017906,0.009384391714710437,0,0.013375372003231922,0.01810354519913072,0,1.322357653625414,0.10961269271553041,1,0.0025264653419055545,0.014309239883556682,0,0.031475589606968266,0.015199258026488232,0,1.346930329000207,0.049864490776954366,1,0.017838615790285343,0.013427802188426438,0,0.05002506386436016,0.022188390594154513,0,1.2801425819078605,0.025217579627858217,1,0.03277566481192533,0.008665972316300891,0,0.005976481106307683,0.014835415405218405,0,1.3499333833304346,0.04763393150671496,1,0.03585293023667106,0.00915669934618951,0,0.0298184656751652,0.005939617425853955,0,1.2655471372091314,0.14270748697155097,1,0.04755037753555583,0.029919102501904715,0,0.027388113741932264,0.02746981280274297,0,1.260308352663047,0.08154446684395514,1,0.01849996689466053,0.011547248678898222,0,0.027479404046201684,0.01263477505330768,0,1.3667207132168675,0.07464462465593152,1,0.021242553894839252,0.01424293416606358,0,0.021247817760546944,0.010819889113287918,0,1.2929728386656425,0.1899962627146563,1,0.02626880236407811,0.0030451788414456488,0,0.010516650425622793,0.014574446621593354,0,1.3885785747545312,0.1121233982381582,1,0.03927004484766641,0.02894264036581854,0,0.003064166953021189,0.02220951277335355,0
106,5000,0.6,knn,0.5875308216987052,0.025587874815393784,0.1671027580509927,0.16513638442174805,0,0.32569933959832625,0.23281871427263465,1,0.12100903871736716,0.28415690308176855,0,0.2415239195516886,0.18586709405634366,0,0.6328230752146766,0.22028090251758778,1,0.03711197792860114,0.2950035855167925,0,0.27853577115693007,0.19009877721917956,0,0.45437592842165586,0.19312443682353733,1,0.22434354791882294,0.2803635241888153,0,0.08860525866460908,0.2171422333451599,0,0.4535911779070525,0.15137676194579308,1,0.2501112139733824,0.17067862578225043,0,0.261936319347252,0.28651537355152423,0,0.42048657889180135,0.2698305507514695,1,0.26145738534713187,0.2973889032295377,0,0.22392562235691713,0.2876605141593254,0,0.4168647746063973,0.317521650478019,1,-0.012637492235418202,0.2908875490455956,0,0.28892359783097304,0.10433476337535721,0,0.3627776724113616,0.18599314461607763,1,0.11467575966228213,0.24060218532791014,0,0.08540270979009908,0.10573624854153886,0,0.631901963458664,0.10871576615539193,1,0.10617272482360829,0.23811385443269856,0,0.04667919673871373,0.14129421406931253,0,0.40930448197452324,0.16324849126757687,1,0.14902402059219008,0.3259584441687115,0,0.1289825923305151,0.34020052739342616,0,0.41697416626641565,0.2646373830559088,1,-0.055951728905830556,0.11760519362152347,0,0.2435514361328363,0.32122423882413953,0,0.42032593841655796,0.21718032112968874,1,0.15253648727547034,0.18606088948015778,0,0.15618621543099506,0.15237305056371636,0,0.5545409201077647,0.1316925025434059,1,0.18496184673983682,0.26421469140291176,0,0.09855972982232299,0.2160854031292906,0,0.4453824704672451,0.23916121210060962,1,0.11553736498785346,0.267082296637197,0,0.20630554897171005,0.2469801215038802,0,0.4769949319539,0.33689802710121763,1,0.145081001011323,0.14118230190166384,0,0.03991168192324601,0.2179070291077816,0,0.354239173128832,0.2329844677861466,1,0.10972725355477368,0.2032554751805628,0,0.08172410272096567,0.28880851025728094,0,0.5189710914552087,0.2216289143925799,1,0.24522104616110535,0.2587947363290587,0,0.06826637710653846,0.104844994248693,0,0.57140349123054,0.11366845580644111,1,0.23545242029465405,0.17817000061613608,0,0.11423235184898128,0.18343629563982197,0,0.5873411891424971,0.2863330200525861,1,0.02564982381153049,0.2266413072576911,0,0.34135982908496676,0.09369751148827404,0,0.5514821160654148,0.15936358086956243,1,0.14086519418995364,0.1728773465006679,0,0.19321890532951297,0.206397354187777,0,0.41369164165809735,0.2756960266836524,1,0.1676371139309217,0.29095676956082456,0,0.17548591158539567,0.31663085928578993,0,0.4126399505998588,0.289215289958968,1,0.12530291889891315,0.25671377531876094,0,0.1599163132754023,0.27343829590525015,0,0.4708973664758064,0.1914414752565055,1,0.3693334118449799,0.29840211557064467,0,0.16151534857316535,0.3796621378302929,0,0.34358303159800585,0.11331424101111616,1,0.12789937307657065,0.23195235045048884,0,0.07407192516592565,0.2936312613849079,0,0.4806408156479092,0.3221785244172866,1,0.12185010308523336,0.23174685350884094,0,0.16137065510125162,0.21751609396229077,0,0.43421513310096815,0.3272370281614109,1,0.20681933183699858,0.3347073001247577,0,0.1595884694251314,0.29168979605366563,0,0.3717317357900924,0.25946429732227577,1,0.17678481593608578,0.18648812026139266,0,0.25662186732533926,0.14969295920080466,0,0.42534292465615453,0.25418235817102414,1,0.1821799131078464,0.10058638358508537,0,0.25765550101955137,0.25778090026120987,0,0.6417913393042685,0.27205420095737554,1,0.17038263237116502,0.21263305814975492,0,0.08192253121183857,0.25047882005207106,0,0.5563372058184336,0.31452953683125173,1,0.2143275216603057,0.2714804112119259,0,0.1112685623776027,0.20895920447087102,0,0.412568919584457,0.1496703018012683,1,0.0674048953387411,0.18103303018865133,0,0.18861011597762914,0.1561097142469081,0,0.3864017620984336,0.24425897507262154,1,0.10934759328445769,0.22864704792380372,0,0.05549199983438717,0.253679661577242,0,0.5540198591929614,0.36671558507134566,1,0.14843060423642893,0.2675161711141797,0,-0.032272551686404846,0.2252585854590645,0,0.5914004959088847,0.21349103978518555,1,0.12716907700355878,0.19341887617213843,0,0.022505754174376398,0.26978981748259667,0
106,5000,0.6,SuperLearner,0.9791586970401056,0.0012890684942557845,0.00041302495545398894,0.0006879874886709184,0,1.898650429215186,0.08825620831875149,1,0.0017510291450886718,0.0023470977162323796,0,0.0038220826210257587,0.0024476667758810537,0,2.3190746860230216,0.05611533783342865,1,0.004973655515192324,0.0018420929616815244,0,5.148757675728218e-05,0.0006200254558723613,0,2.0500676709210635,0.10639063108400403,1,0.00012997209864022263,0.0005112413520786401,0,-0.0005548381817690263,0.0005705700597770799,0,1.8861972767461768,0.12551587437517828,1,-0.0003351665449806061,0.0005184562795481082,0,0.0007124693001834337,0.0009587265556618904,0,1.9028112990791197,0.0718071987237974,1,0.0017740571613965958,0.002502434806035328,0,-0.0008892740223957576,0.001299332605767373,0,2.017111432394022,0.0939989555828835,1,-0.0008982842105891714,0.000853990617093971,0,0.0012675994487273928,0.0011355026291865074,0,1.8319562748974825,0.10913250839614025,1,-0.00041480301949986846,0.002393205809061906,0,0.00010232302896353131,0.0013385017906969014,0,1.9808009003645743,0.13107156206230486,1,-0.0006280619275896395,0.0011391440702897353,0,-0.0002448777398329369,0.00071306846192166,0,2.0505836645331454,0.08565499262487115,1,-0.0001862221494046996,0.0006189558021166287,0,0.001293283716971013,0.0014033357458348211,0,2.181862614298323,0.11427025256186096,1,0.0005363204600830143,0.0012451727010988714,0,0.0011842555686976109,0.0008497429183625844,0,2.074131291218189,0.09151523324175906,1,0.0003918649119993644,0.0005493019584665152,0,0.0011038269640739954,0.0014443302203362026,0,2.16567909497737,0.10406430790755408,1,0.0019456988368854425,0.0011122835725091479,0,0.005304539116148398,0.0017416666644693814,0,2.0661238537654576,0.08003486226419647,1,0.0019656257719239223,0.0018842315416040282,0,0.001407603584216149,0.0021742720608472236,0,1.956730128883527,0.1302235475079648,1,-5.8159749556969685e-05,0.0006069619908607537,0,-8.909020869522033e-05,0.0004071438021552305,0,1.9628347104777955,0.08863870653603582,1,9.451469714295557e-05,0.0012259172708197683,0,-0.0005406098883048124,0.0006065628418537826,0,1.9529059339241086,0.03337376024280567,1,0.0009316313175334398,0.0014055810319933057,0,0.0017548146409139902,0.0024843595594124432,0,1.838517634971198,0.05262890336079324,1,0.002321586503127165,0.0038851399874459476,0,0.0019483050812502405,0.0027754822291168606,0,1.9884146216437781,0.13748255992340497,1,-0.00029897410858638194,0.00034640461801283934,0,-0.00010074404930245648,0.0005811751659502686,0,1.9232570288368045,0.09794213853632222,1,0.0006623374065425046,0.0011141470989747021,0,0.0008056752561820067,0.0014878332794105486,0,2.03639202987706,0.041675750834738436,1,-4.10823562402709e-05,0.0003862507004032051,0,0.00021062804109990996,0.0005166562095103897,0,1.9414057381020968,0.050484137307939374,1,0.0007655792102447765,0.00027677621227081703,0,0.0005681046457265273,0.0003553737880066254,0,2.01068590777722,0.10782552863956829,1,0.0006625887189517186,0.0007455146889775569,0,-0.0003655355329521246,0.0008759401289965527,0,1.8566398601769372,0.11380180176244184,1,-0.00023177405469315278,0.0005763420721931665,0,0.002080299684790058,0.001856814292273471,0,1.9781630802631582,0.08274780538734618,1,0.0006751818807379641,0.0007944782565897037,0,-0.000349115316760626,0.0017222784229964962,0,2.0825260967558252,0.19215277729157385,1,0.0022776852228992644,0.003625963048480469,0,0.0033201892751290236,0.0037854266633422632,0,1.9835719217291359,0.14802002111981596,1,-0.00014164207025626528,0.0008803658101517323,0,0.0007559098555719235,0.001950272112968894,0,1.9745867495427405,0.12473409192757852,1,0.00019729896220898932,0.0014248088698962974,0,0.0006404237192238651,0.0008010138401469891,0,1.9477706456996078,0.06201047149010052,1,6.907061598283794e-06,0.00047526481859276517,0,6.0287263157810864e-05,0.001443042350045302,0,2.0215347326503244,0.2078529651495401,1,0.0005168739950534879,0.0021932888814403264,0,-0.0011023602482376105,0.0008409961320320367,0,1.8721160275137207,0.10250101641959113,1,-0.0005827493434916171,0.0007677249624825722,0,-0.00044588756216636,0.0003858779454103081,0,1.9333896385094653,0.09445244054644229,1,-0.0004334839294990331,0.0003973288670206891,0,0.00013324960359573052,0.0012017904733402749,0,2.0766148946336025,0.20699470076929133,1,-0.0008025704049538184,0.0012346698232381247,0,0.0039191833311447355,0.003187182521802136,0,2.1427005776169445,0.07236039025526751,1,0.0004533303125927448,0.0008374140367049131,0,0.0006877932084884177,0.0012953297704213283,0
