seed,n_samples,cor,model,r2_mean,r2_std,imp_V0,imp_std_V0,tr_V0,imp_V1,imp_std_V1,tr_V1,imp_V2,imp_std_V2,tr_V2,imp_V3,imp_std_V3,tr_V3,imp_V4,imp_std_V4,tr_V4,imp_V5,imp_std_V5,tr_V5,imp_V6,imp_std_V6,tr_V6,imp_V7,imp_std_V7,tr_V7,imp_V8,imp_std_V8,tr_V8,imp_V9,imp_std_V9,tr_V9,imp_V10,imp_std_V10,tr_V10,imp_V11,imp_std_V11,tr_V11,imp_V12,imp_std_V12,tr_V12,imp_V13,imp_std_V13,tr_V13,imp_V14,imp_std_V14,tr_V14,imp_V15,imp_std_V15,tr_V15,imp_V16,imp_std_V16,tr_V16,imp_V17,imp_std_V17,tr_V17,imp_V18,imp_std_V18,tr_V18,imp_V19,imp_std_V19,tr_V19,imp_V20,imp_std_V20,tr_V20,imp_V21,imp_std_V21,tr_V21,imp_V22,imp_std_V22,tr_V22,imp_V23,imp_std_V23,tr_V23,imp_V24,imp_std_V24,tr_V24,imp_V25,imp_std_V25,tr_V25,imp_V26,imp_std_V26,tr_V26,imp_V27,imp_std_V27,tr_V27,imp_V28,imp_std_V28,tr_V28,imp_V29,imp_std_V29,tr_V29,imp_V30,imp_std_V30,tr_V30,imp_V31,imp_std_V31,tr_V31,imp_V32,imp_std_V32,tr_V32,imp_V33,imp_std_V33,tr_V33,imp_V34,imp_std_V34,tr_V34,imp_V35,imp_std_V35,tr_V35,imp_V36,imp_std_V36,tr_V36,imp_V37,imp_std_V37,tr_V37,imp_V38,imp_std_V38,tr_V38,imp_V39,imp_std_V39,tr_V39,imp_V40,imp_std_V40,tr_V40,imp_V41,imp_std_V41,tr_V41,imp_V42,imp_std_V42,tr_V42,imp_V43,imp_std_V43,tr_V43,imp_V44,imp_std_V44,tr_V44,imp_V45,imp_std_V45,tr_V45,imp_V46,imp_std_V46,tr_V46,imp_V47,imp_std_V47,tr_V47,imp_V48,imp_std_V48,tr_V48,imp_V49,imp_std_V49,tr_V49,imp_V50,imp_std_V50,tr_V50,imp_V51,imp_std_V51,tr_V51,imp_V52,imp_std_V52,tr_V52,imp_V53,imp_std_V53,tr_V53,imp_V54,imp_std_V54,tr_V54,imp_V55,imp_std_V55,tr_V55,imp_V56,imp_std_V56,tr_V56,imp_V57,imp_std_V57,tr_V57,imp_V58,imp_std_V58,tr_V58,imp_V59,imp_std_V59,tr_V59,imp_V60,imp_std_V60,tr_V60,imp_V61,imp_std_V61,tr_V61,imp_V62,imp_std_V62,tr_V62,imp_V63,imp_std_V63,tr_V63,imp_V64,imp_std_V64,tr_V64,imp_V65,imp_std_V65,tr_V65,imp_V66,imp_std_V66,tr_V66,imp_V67,imp_std_V67,tr_V67,imp_V68,imp_std_V68,tr_V68,imp_V69,imp_std_V69,tr_V69,imp_V70,imp_std_V70,tr_V70,imp_V71,imp_std_V71,tr_V71,imp_V72,imp_std_V72,tr_V72,imp_V73,imp_std_V73,tr_V73,imp_V74,imp_std_V74,tr_V74,imp_V75,imp_std_V75,tr_V75,imp_V76,imp_std_V76,tr_V76,imp_V77,imp_std_V77,tr_V77,imp_V78,imp_std_V78,tr_V78,imp_V79,imp_std_V79,tr_V79,imp_V80,imp_std_V80,tr_V80,imp_V81,imp_std_V81,tr_V81,imp_V82,imp_std_V82,tr_V82,imp_V83,imp_std_V83,tr_V83,imp_V84,imp_std_V84,tr_V84,imp_V85,imp_std_V85,tr_V85,imp_V86,imp_std_V86,tr_V86,imp_V87,imp_std_V87,tr_V87,imp_V88,imp_std_V88,tr_V88,imp_V89,imp_std_V89,tr_V89,imp_V90,imp_std_V90,tr_V90,imp_V91,imp_std_V91,tr_V91,imp_V92,imp_std_V92,tr_V92,imp_V93,imp_std_V93,tr_V93,imp_V94,imp_std_V94,tr_V94,imp_V95,imp_std_V95,tr_V95,imp_V96,imp_std_V96,tr_V96,imp_V97,imp_std_V97,tr_V97,imp_V98,imp_std_V98,tr_V98,imp_V99,imp_std_V99,tr_V99
104,100,0.9,lr,0.9561134932052733,0.013351547029264626,0.2938992306146742,0.5518951130490432,0,4.983844831378866,5.376910874130339,1,1.224287768463731,1.6552390086273157,0,0.46419025418174886,0.4040549839787731,0,2.171587772881139,2.0524461318959557,1,1.2965628648167784,0.8424010860449686,0,0.36096685028218045,0.3168216917909121,0,0.8581679501611804,0.670800015014089,1,0.3694576107279431,0.7381942606058093,0,2.026721569290122,2.358676937953151,0,0.10963649935833883,0.4615937120318486,1,1.1866527831685607,0.6939616755797211,0,0.7019074551515669,1.3306692736245744,0,0.465877365695754,0.6150014818184865,1,0.4614766337044808,0.6602376579097825,0,2.418817740303299,1.975329011038128,0,0.05363058402668358,0.6154748920731155,1,0.9533802889157217,0.5969169825918389,0,0.08302447137172489,0.2116212502581412,0,2.140567088409553,1.7602543913531565,1,1.1335726949921334,1.3291076976547374,0,0.7408857693749468,0.8628877058363588,0,0.5367631829644337,0.7752141233319613,1,0.6429357703952153,0.8115382631775574,0,1.5973063855318115,1.3841415075943633,0,0.2835092403047587,0.5798372578238934,1,0.5697181592020839,0.983796761089083,0,0.5162113172978894,0.7414922374627886,0,3.6148813798939066,2.869500221074418,1,1.2917424089326626,2.1796751702071875,0,0.44836309142544845,0.6283973149710331,0,1.8716384258418948,2.176219989322733,1,0.005409122293802098,0.167759568216972,0,1.380607852701655,1.6451987089396802,0,4.130847880104044,3.3743189587508082,1,0.07848198200624103,0.20711458482253345,0,0.7857080137397341,1.4416858515702318,0,0.8363858567302074,0.9845352923123493,1,0.07607276468084213,0.30903635118298695,0,0.7819272570672611,0.5966302120184698,0,0.5482263970019978,0.7040585463103889,1,-0.17255940230412642,0.18090715602832164,0,0.967286225041146,1.63368586570452,0,0.1322437961784457,0.7014175635263591,1,0.49519919941278534,1.4583966032317157,0,2.69504310330628,3.276001190715069,0,5.221978348495794,7.419295754052898,1,1.837685918472077,1.6041022119568962,0,2.979921866544468,3.1851547691654924,0,1.6904028767200097,2.372783355752907,1,0.9380699967983744,0.6190645864325683,0,-0.009132144745660403,0.22348956860195365,0,1.5223608996448434,1.238628908969027,1,0.5264395540236553,0.46432791986305616,0,0.5240704388799361,0.3468750026891189,0,3.3566548033536376,4.636340663742185,1,0.43301426750586136,0.543620615757817,0,2.4977287985310292,2.548762237359222,0,10.097737169255117,8.08079276868343,1,0.024510949015003624,0.3541303695578005,0,0.5946100320853602,0.3688587983251298,0,-0.33008859259669393,0.3728352256928757,1,0.15308853909504086,0.3542347588282563,0,2.192578741495991,2.08710568928104,0,3.523015916039745,3.6133558078267902,1,0.18419565170285285,0.7511599343671804,0,0.8577488618083727,1.412361255820572,0,0.14155400383663874,0.08630967228424363,1,-0.12782987869316664,0.327049854305961,0,1.0569119413337593,1.5452280548337793,0,2.2236389081713313,2.757074455863644,1,-0.06284689651959965,0.39279121588007004,0,0.34592561810569344,0.9097934432037496,0,1.924204392482085,1.7579458800755745,1,0.10764454583277087,0.50931647376852,0,0.4338709842773959,1.693764443022164,0,0.6004583909773715,0.3241522498651335,1,1.4674664997083826,1.5449346722496682,0,0.6766324152647233,1.1794517322745237,0,3.124926848917424,2.2014295235599013,1,0.15596825754441582,0.7218956166744549,0,0.8028334137406338,1.1877569958563243,0,2.6930968757956766,3.9393271393204543,1,1.40623528783158,2.126872544232987,0,0.7658887178209925,0.527020954952575,0,8.208938010653005,4.368124787963771,1,0.2404399643412098,0.5242048975998774,0,1.023378292349973,2.126870928689352,0,1.626817460908591,1.3285109305014204,1,0.3940365629993127,0.4699282203092757,0,1.2395931471411474,1.4636905831391356,0,-0.23324916621744646,0.2698096697370429,1,0.09762932448636881,0.8089883290749756,0,3.3054784795900574,3.9334559949653967,0,1.091840908094937,1.6963034813641837,1,3.3022068663431225,2.708823215153421,0,0.013096847383657831,0.40816325674471904,0,1.0965778064703517,1.2829549662130022,1,0.2320492804383952,0.32708681345108054,0,0.7728629183495042,0.4179922390734599,0
104,100,0.9,lasso,0.8638620637406008,0.06763217278206185,0.0,0.0,0,0.8867559296244863,1.0891088486860474,1,0.4432658662477923,0.37469597025078727,0,0.0,0.0,0,0.06361985221793451,0.12723970443586902,1,0.4129262893995893,0.8258525787991786,0,0.944973763767973,1.0050664434470855,0,0.23114189194094054,0.462283783881881,1,1.8857380839369298,1.4588440301054366,0,0.17385854314815433,0.34771708629630865,0,0.8500808950239327,0.9260987466014428,1,0.11676300046588181,0.23352600093176362,0,0.0,0.0,0,3.4018991748706933,2.218908250496663,1,0.0,0.0,0,0.0,0.0,0,0.0,0.0,1,0.3680635438837939,0.7361270877675877,0,4.835391631473206,5.669193865675644,0,3.837174572745357,3.6341277004586257,1,0.0,0.0,0,5.340832805435509,2.736601920406096,0,0.6622084171823134,1.3244168343646268,1,0.0,0.0,0,0.0,0.0,0,0.24205370523375785,0.4959166879076034,1,0.0,0.0,0,0.6862160436932455,1.254109053966961,0,5.5061434081137275,1.946103424302467,1,0.0,0.0,0,1.7852413881488274,2.1666990658152208,0,0.08199291826501814,0.1639858365300363,1,0.004622267935355396,0.009244535870710792,0,0.0,0.0,0,3.343673017037274,3.2417031547424546,1,0.0,0.0,0,0.0,0.0,0,2.810068637990117,2.3739551367723806,1,0.0,0.0,0,0.0,0.0,0,4.925479489632774,1.3477684443437878,1,0.5247393942036789,0.6828527081056984,0,0.21508903429998144,0.4301780685999629,0,0.023194924477682035,0.04638984895536407,1,0.18144703687370758,0.3628940737474152,0,0.0,0.0,0,0.044971734643258945,0.08994346928651789,1,0.04174953460162726,0.08349906920325452,0,0.0,0.0,0,0.10927250352916085,0.2185450070583217,1,0.0,0.0,0,2.506080695493371,1.6903834142356935,0,3.653356955180545,5.251719143468622,1,0.0,0.0,0,0.0,0.0,0,2.851933600470619,2.1450885899315355,1,1.1848389513874462,1.2683014346492907,0,0.0,0.0,0,0.7592494560833851,0.9653248021025281,1,0.0,0.0,0,0.0,0.0,0,0.022121334408957537,0.044242668817915075,1,0.07903866833991344,0.15807733667982687,0,6.825311394629203,3.439968697261009,0,3.3973889851460806,4.571690499369702,1,0.47575769666191653,0.7579767851342718,0,0.0,0.0,0,2.2038847250499405,3.1482992795190157,1,0.0,0.0,0,1.3041697527385454,2.608339505477091,0,1.719693362359011,3.123095297189128,1,0.0,0.0,0,-0.004346665623175028,0.008693331246350054,0,0.0,0.0,1,3.6554474667524466,3.977318765116773,0,-0.08858956213248441,1.3346284308548828,0,0.0,0.0,1,2.0202184572371094,2.3719279470981753,0,0.0,0.0,0,0.712129940956683,1.424259881913366,1,0.34839570840958695,0.6967914168191739,0,0.7661779038262735,1.2872728262315905,0,13.17300633305965,5.51959585048141,1,0.7341791558365878,0.7340011468675827,0,0.0,0.0,0,0.0,0.0,1,0.0,0.0,0,0.07874058018208598,0.15748116036417195,0,0.9334200955634046,1.866840191126809,1,1.3794148856115007,1.145397239880177,0,0.0,0.0,0,0.0,0.0,1,-0.018949796918326954,0.03789959383665391,0,9.228262717083666,5.148357829560602,0,0.2821144474606827,0.5642288949213654,1,0.0,0.0,0,0.0,0.0,0,0.0,0.0,1,0.0,0.0,0,0.0,0.0,0
104,100,0.9,dt,-0.06090994603623014,0.7659502422896906,-1.3775907283008135,2.323654715066634,0,-0.32254422416594025,0.6450884483318805,1,0.0,0.0,0,0.0,0.0,0,-3.4342672034439103,5.035491511039741,1,1.854778104648633,3.7160317664329146,0,1.8738552972335831,3.7477105944671663,0,5.060554023567446,10.197492661420632,1,0.0,0.0,0,0.20397008922362994,0.4079401784472598,0,6.885428426030471,13.770856852060941,1,-0.21663650647883714,0.4332730129576743,0,1.1179389470958516,2.0953417380438726,0,0.8713779888370663,1.7491147122493222,1,0.018655722552142776,0.037311445104285544,0,-0.14879776885675072,0.30833004653611484,0,0.0,0.0,1,-1.631405547849728,3.262811095699456,0,10.931228120809115,22.083383556905563,0,-1.8101485242578783,3.620297048515757,1,8.616303654813912,24.946750041709866,0,15.005688019757391,30.011376039514783,0,6.007796242400289,11.649811734726807,1,-1.4231013589739396,2.8462027179478793,0,0.004006862811868359,0.008013725623736718,0,5.8189653899220355,12.90686425860525,1,-0.32806196433633694,0.6561239286726739,0,-1.1293466411568627,7.9600424893765895,0,-0.06986227549609976,0.13972455099219952,1,-1.7509163976058155,3.501832795211631,0,0.47242272507540173,0.7475466525150987,0,-4.48311026141351,8.96622052282702,1,-4.021763080952519,7.93788783185262,0,0.9155729547326541,2.0535761512858626,0,13.338360543355313,17.049667396036128,1,-0.14639594690818059,0.29279189381636117,0,0.4740288155604178,0.9480576311208356,0,-0.4066736478249148,0.8133472956498295,1,-5.367214933649084,6.682773192724792,0,-0.22562391991351696,0.4512478398270339,0,0.11854018213351436,0.15114636151734118,1,1.0520432442685572,2.1040864885371144,0,4.974138842484398,8.606953563999404,0,-0.3230983319078547,0.6461966638157094,1,-1.5617262490878923,3.1269787221112497,0,1.9856724096831322,3.9713448193662644,0,-8.701644555838692,17.27904820524755,1,-0.5321779151877462,1.0643558303754923,0,1.0464003004260503,1.4270509508669718,0,0.0,0.0,1,-0.06473952459916596,0.8380340577545562,0,-0.005151952437246336,0.010303904874492672,0,0.6238960854592845,1.4026614228836278,1,-0.015918630784747378,2.435973121025172,0,-1.919285159424708,4.012192626515573,0,0.0,0.0,1,0.5187957503750322,1.6590170143543677,0,0.0,0.0,0,1.682094944868996,2.784972450808728,1,0.0,0.0,0,0.3188192768693982,2.6122349390727297,0,0.8950927698914153,1.2324357074929095,1,-0.9251217757277764,1.717649514819925,0,20.038740134525128,25.084646963974638,0,40.19944114480343,34.89580925706399,1,0.2081090319773084,0.4162180639546168,0,4.3718003172024655,10.215673039261919,0,0.27421942643244507,0.4195982748452482,1,0.16004375212450256,0.48825095635295584,0,0.0,0.0,0,-5.850336763739548,12.586497116491614,1,-0.18090860533142625,0.9213621303425731,0,-18.812418575323253,37.624837150646506,0,-0.8022492989349415,1.5097613866601722,1,-1.598290884988011,12.50462354679607,0,4.179827147738534,6.1826763703634064,0,0.0734930498495122,0.1315025725187907,1,0.0,0.0,0,-0.689913410100398,1.6129826105960816,0,17.40054971991377,34.08764259017104,1,1.039104829691082,16.310196601644282,0,0.0,0.0,0,0.7549889193347635,1.5062186840742042,1,5.396997251248538,9.067121720464545,0,0.0,0.0,0,0.0,0.0,1,0.7016887590651362,1.4297338511023623,0,2.5974554850931773,5.58801211869364,0,0.20345288678276421,0.46155828466209015,1,-0.2301312489432478,0.3834998275528466,0,0.0,0.0,0,3.110415770294534,6.220831540589068,1,0.0,0.0,0,-0.8050076911721,1.3488174177156804,0,0.08420319363481836,0.371804656774729,1,4.355095942977522,5.321108455557226,0,-0.4101994247926811,0.8236631179334499,0,0.2105697771568614,0.5461829661379639,1,-0.6374325181570886,1.2748650363141774,0,0.32489431948930303,0.6497886389786061,0
104,100,0.9,rf,0.5881358272493478,0.1763771294782396,0.13531793760244723,0.16218838691794737,0,0.06860089519562713,0.357768989717517,1,0.09937831125635255,0.26873541625525593,0,0.21575174547482395,0.25214121015831087,0,0.792416131144142,0.612846617886245,1,0.5394367747903549,0.5566433171947096,0,0.1089427920190406,0.1982474514675222,0,0.47462258404878527,0.27285454083510147,1,0.27569876247078606,0.7471371854788041,0,0.25404985706166167,0.28476421244805916,0,0.3073279495046194,0.45690437842017634,1,0.6501649016597636,0.6058456155080065,0,0.3780295221700009,0.31271155178476256,0,0.7557235956634688,0.4124923590522198,1,0.10421283582880922,0.2754130664249572,0,0.30343733022450603,0.33271090592520575,0,0.2660624255792917,0.4083614040084282,1,0.4523705372648713,0.6049375563059696,0,1.2881662345201697,0.8198538318940389,0,2.17929107142849,1.4461707260769263,1,2.8734627869851628,1.4350290527012624,0,5.326310690729239,3.36788717459624,0,1.508560917521168,0.4971593746700996,1,0.5060090650454168,0.35676014914132725,0,0.9791840201683104,0.48831372235911286,0,0.4353390524430095,0.24271925986940027,1,0.5580689056719457,0.35018556123489825,0,0.635817676832741,0.6506164531485139,0,1.9576359776128966,0.317205742615613,1,0.5860487147271365,0.3253645458923529,0,1.774764704911707,1.1107848195024057,0,0.7934262096403197,0.313580810174198,1,1.1836661262505532,0.8228997424602754,0,0.2089870664852853,0.3100391599479301,0,1.4039276354672747,0.8661961661163187,1,0.26577839858421964,0.4381918326361496,0,0.03416064710740753,0.290329578511366,0,1.7810025095863153,0.946771688680114,1,0.019757665215270094,0.3555375173055284,0,0.3096639155235428,0.4394863533227722,0,0.43283743617071047,0.21858891822127866,1,0.5085040612489966,0.5623117252253855,0,0.11586161351553548,0.22261910429981321,0,0.3269198951672864,0.27072152811521744,1,0.11624856657573406,0.08253783786303819,0,0.1492610297777249,0.204274211985492,0,0.41107952979316,0.30125287763988845,1,0.08587384099449341,0.21963956017294914,0,0.25468734173778246,0.5272160371433452,0,0.01709741839197785,0.24249907162241024,1,0.21869529764340356,0.2957052854192036,0,1.181476197815512,1.2864361203364911,0,2.0161765627274533,1.8921672175682664,1,0.7644991447936084,0.8964770111377285,0,0.3004584603780539,0.13926243369360095,0,1.3504616129594609,0.4871471141455457,1,0.47391170231949004,0.2907349802291116,0,0.43701805083781703,0.4790485381506383,0,0.4424486610742432,0.7129082836595244,1,0.06922993732771757,0.22074832624026566,0,0.5267064391265898,0.724972925656969,0,0.6592500821588538,0.7837891621444258,1,1.4318876874462423,0.9380079278323781,0,1.6742178808181538,2.211051778716811,0,12.641184841647766,8.621187095572846,1,2.8888906186300054,2.0698781804167288,0,0.4630262907629614,0.14697778778537296,0,2.1295189278309103,2.249837139490642,1,0.4334742977860776,0.585355755104322,0,0.4092450385603802,0.23428149313304858,0,0.5935932706423765,1.4506119948231637,1,-0.3157501997078901,0.49988503889899183,0,0.594287582240017,1.482967542049935,0,1.0684008594138485,1.0897774823750195,1,-0.039579855016643906,2.8757103436729987,0,0.3648747177229027,1.999763179448022,0,0.8081034742330754,0.80249657576653,1,0.7587175286059982,0.49372971390452874,0,0.8059410460196155,0.7653300070970976,0,3.7295239261395685,3.1099285187883967,1,1.3342124283401344,2.161150183400495,0,0.8651486154157275,1.801119125534886,0,0.6357229232616926,1.2814605423506487,1,4.46332048696819,2.955554359053042,0,0.5061314462161635,1.1652892982982523,0,0.703030558349494,0.8024596424058904,1,0.1866612906406035,0.1404516208261105,0,0.0402357771376878,0.6184831169819638,0,0.8235498062215679,0.9553046222962167,1,0.3275193319312963,0.3045676997279042,0,0.6033233769195434,0.512738914529702,0,0.7165144979632582,0.9167330015067964,1,0.8126589733435147,1.2853713147134966,0,0.5434842431200037,0.5944614787531608,0,0.19776083712019327,0.22603703530117392,1,0.3358635531083871,0.36355356144215617,0,-0.15186182887298394,0.12901707975054716,0,0.09007024635907326,0.31510562214414545,1,0.02757307130559658,0.3022835488782162,0,0.04153066509300133,0.48342186686802713,0
104,100,0.9,et,0.6560233195533336,0.1442608177199957,-0.15013669066205365,0.6789354645424088,0,-0.05609782859277433,0.18297064382806777,1,0.12136328213659944,0.4121711889527399,0,0.3172296752777761,0.3206401941383371,0,0.8422399775822476,0.37652354572113017,1,0.6204050835160385,0.2928586201159613,0,0.6179281311596228,0.43057869642716906,0,0.8748197270569582,0.5672368290030816,1,0.39750531921499765,0.43086729538162455,0,0.15090857905364655,0.4532867938674683,0,0.07148372531651663,0.684883144129899,1,0.5661859800790003,0.6586719977283829,0,0.574137984661308,0.42352182895333773,0,0.5920585383303998,0.2320074420406349,1,0.19941503056672044,0.4574985423581686,0,0.5719817532341106,0.4252542982101978,0,0.3473095780292515,0.5259133611362546,1,0.6917121666468752,0.37028206335661357,0,1.6644110347544498,1.01983061525276,0,2.885451166920702,1.4501935115823308,1,2.7882520488333333,1.5197575336913864,0,2.7003608118599036,1.7697967586583465,0,1.7896809154571127,0.6363077308981133,1,1.166000673260712,1.061303488732759,0,1.3778735624568388,0.6446234016328326,0,0.4460569887423774,0.7756217720436976,1,0.313585387187896,0.2206737357084916,0,0.7148527308095479,0.4496888306631546,0,0.5078017563173151,0.3252597158883955,1,0.5651393798588658,0.49054493032005553,0,1.0910451797680085,0.5059702378945717,0,0.38335830852350294,0.3690265169789706,1,0.886891895759538,0.7205774565887302,0,0.3487081912812161,0.5983569528224209,0,1.010158889633218,0.8253620875903223,1,0.3254371306342902,0.22776237752891612,0,0.511013109812526,0.533196230271011,0,1.3485900660957282,0.6280060062365469,1,0.04224108282297368,0.21192078923698862,0,0.4052352043428229,0.3031223570002983,0,0.29300353626130465,0.20225914372786433,1,0.5044519089478242,0.27206760179423833,0,0.31535106246204825,0.774638107283884,0,0.34271210520689094,0.4909136843844302,1,0.11233273386446178,0.16012146635242652,0,0.32481328448603286,0.28354322005501187,0,0.2363215525693872,0.47268336706430875,1,0.19197467752374947,0.21601557413938682,0,0.12023544060279971,0.37804371152401933,0,0.11067649649521887,0.3343793434630291,1,0.34385192411011767,0.16690779959758137,0,1.062494682649612,0.6570108286707561,0,0.7447667063151784,1.356737596278079,1,0.7902846480421678,0.9070356554407819,0,0.3612194397638786,0.22401203309447804,0,1.6149692478369637,0.8936777119848851,1,0.5986591759063176,0.6261701071231919,0,0.21825687449736403,0.12073745549862472,0,0.20415090020991591,0.4580608227202216,1,0.09594825175629547,0.3043733648433654,0,0.009595444188407269,0.09946866427546733,0,0.06802640569707985,0.41379180056081893,1,2.03920742110389,1.065026231504238,0,4.068520808678649,3.9269939022378466,0,6.618366938606657,3.8016260219017055,1,3.4176515771638285,2.9079772750729176,0,0.5484487879521177,0.41104205227445795,0,2.3072761956789707,1.685499251199707,1,0.5776396148071579,0.8291085182179228,0,0.5319738728349744,1.1017079943971235,0,0.24561961518977687,2.5263480447863573,1,-0.31141324925766906,1.1676859388594267,0,0.2736376976519499,1.6380308570878763,0,0.8072176321329797,1.5997465056173745,1,0.3452656863661248,1.4165949929655248,0,0.34412356806707256,1.0253798426850673,0,0.603615062840902,1.0320876541726165,1,0.8423016913015188,0.8899655620982515,0,1.442357039551521,1.6751608108144636,0,1.759398896322491,1.4202342048428174,1,0.5575727044160363,1.4880156739745478,0,0.8196492238845096,1.6168469028352301,0,2.061417977368449,1.1183856695259018,1,4.003479771526459,2.2131336535330117,0,0.14969592260213024,0.9230898037705002,0,-0.15359439739518935,1.3626779576796317,1,0.7335639319244012,0.58888415429686,0,0.3210137858857733,0.4845228140693701,0,0.6988453358803759,0.4329558087778881,1,0.4707198670749341,0.48340371813548455,0,0.16168916806728012,0.15321705653747164,0,0.5310049763044867,0.1745231639548823,1,0.3204984056991619,0.9449637058056235,0,0.5735884863206658,0.38513083763342015,0,0.1942726191022916,0.49395150408667204,1,0.11890623994614516,0.11309077511936334,0,0.13570300984138128,0.3331801857418207,0,-0.1195153015804677,0.3943881090664079,1,0.13080528471380753,0.43836606756726426,0,0.1766112709357061,0.4177434533403499,0
104,100,0.9,gb,0.6309650611770226,0.2034097101823859,0.13522426527401327,0.25949132021435595,0,0.025821097683127937,0.1968602004844858,1,-0.42453678459476113,0.9288604437240735,0,0.10421390735521889,0.4474616722356089,0,0.7543346589738651,0.5635783739705243,1,0.7487140966804384,1.1041972182372783,0,0.296676973004809,0.40064446789519287,0,0.14670859587327761,0.9144957855055159,1,0.7911036266187697,0.9762734406051409,0,0.5846333992633419,0.6548215372757842,0,0.7311144808266656,0.5834667191162982,1,0.13378863214012926,0.12417920367255571,0,0.6980868659747905,0.7533900529508117,0,0.8457536357568545,1.390215867148693,1,0.26574149688299087,0.3661623077551686,0,0.212911993468552,0.2912028388788716,0,0.14360652166425797,0.16846929250835144,1,-0.077688104458432,0.5797550663946006,0,2.0413383226206046,0.7329540183685873,0,0.8439025662947206,1.9114313019964957,1,4.938659429321082,2.5091352599128434,0,4.940685019021838,6.0440392645566,0,4.983296677282615,5.750695622483786,1,0.4138957591403273,0.5643134080083625,0,0.875931919723711,1.5262975928113955,0,0.03888172287299326,0.04862177548700815,1,0.6101244161792312,0.8545883890128957,0,1.1370053192846377,0.9093713037595214,0,0.7949768796082605,1.063441085294148,1,0.6634140289187289,0.2927656008375703,0,2.5092908309982,2.9830444838172765,0,0.22622981682454127,0.28713126838343583,1,2.2587862976739963,2.268931934699337,0,0.027110830330095387,0.054641864395159355,0,1.284428705005446,2.3193918070982877,1,0.02757901677430487,0.05242160128589737,0,0.08444773170034282,0.2472112417699171,0,0.4007545863843708,0.5389684240871392,1,0.01483017047491012,0.02024957224348902,0,0.2832925538062877,0.566484156404563,0,0.8179048119528737,0.8563255297651876,1,0.6611719024553783,0.6382458765127214,0,0.5274681284904095,0.22322102567559404,0,0.06954406395338428,0.6413294626588316,1,-0.08794344974767637,0.29299110860388194,0,0.02885116496418421,0.34852820784753175,0,-0.28651873190498417,1.868620761456704,1,-0.5288971291405515,0.9597222329396209,0,0.19358847158724365,0.32022959895606523,0,0.044016841868231946,0.03724750019423918,1,0.06535296265264352,0.9208350893465498,0,2.336082473117048,2.1850959348360623,0,1.541057573952951,2.891213734710897,1,0.5919010287811498,0.4850189667275616,0,0.11470858423659833,0.17527206814057078,0,1.8200666816033402,1.7718939347748253,1,1.4598472505153288,1.6850458894298574,0,0.11655325509372043,0.29939308959626326,0,1.2757072358525199,1.0430546676092254,1,0.31411712427771366,0.4670135201470119,0,0.3514315866680531,0.5856870998094095,0,0.868578149584421,0.625870732305299,1,0.5848648114954745,1.060483850412914,0,4.749647063116946,4.353987090147447,0,18.531825567087076,9.616526632992173,1,1.8812202989431583,2.7904834710254183,0,0.7551234731821423,0.811385533016556,0,0.617795043198134,0.3333716823810021,1,0.5347400917645522,0.9849561446782861,0,0.23877790405815427,0.5948706416832389,0,0.08457013098019728,0.6115415271511063,1,0.08782270790734517,0.3087583664658815,0,0.8565121478840341,2.0782276605905334,0,0.9597011476756293,0.9796857145117428,1,0.10310790317585235,1.7044670226165768,0,0.448665843422633,0.34910311547294104,0,1.3112142046828168,1.0259379661769001,1,0.31045593042658487,0.6604375808573514,0,0.5628690320977485,1.899369635310084,0,9.771199953858138,9.46257408719146,1,1.7114812377380892,6.389440658913726,0,-0.03263105257334956,0.06424193577290732,0,0.9754757604821556,2.026063641891744,1,4.440350272970335,4.535937499041088,0,0.7454722423231205,0.582325115345753,0,-0.2885345025269094,0.9925916963496833,1,0.4856482965508471,0.7905760780171915,0,-0.022932799904477837,0.3508325613428305,0,0.4464112458476688,0.2938943190989539,1,0.8980759931803126,0.8163212484006322,0,0.13478590584168332,0.13046856718094668,0,0.8460317268992531,0.8839897456525136,1,1.876316841965221,2.5432352860947027,0,-0.33204791347041673,1.1156853362306507,0,-0.09320453662671767,0.19740024255479813,1,0.13803919984292276,0.10296825787174906,0,0.031468910278562676,0.030513125820277036,0,0.03460270431857114,0.11654250185173026,1,0.01852752848593303,0.02772732166249822,0,0.3233725685288092,0.3088285266408041,0
104,100,0.9,hgb,0.7292288843464728,0.07583322123911518,-0.30096029597519214,0.6019205919503843,0,-0.07806130886840537,0.06746197654021314,1,-0.1893244356547376,0.6613537189207326,0,0.03171252154625327,0.11999288944228173,0,-0.024884379678777976,0.04976875935755595,1,-0.030585874599424866,0.212702530801613,0,0.7519061335606072,0.8208847150882388,0,-0.08153134376068263,0.2569481784143332,1,0.5220953742952593,1.8419138533834412,0,3.6885445132542807,3.194775276169425,0,0.7817524796628118,1.4508430494026074,1,0.05277775804833655,0.3315244638890157,0,0.3166597487281424,0.3610492507018656,0,4.554709272783791,4.312257592424909,1,0.23998346379112223,0.44148935629918656,0,0.035831959505751514,0.046654029919060036,0,0.01395195888772716,0.027903917775454316,1,0.5810761255802307,0.7630825696889714,0,1.6120836107208203,2.7128750911846677,0,1.7724817953262437,2.064081680185322,1,6.131056912274156,2.767717792084629,0,-0.25307640646577706,0.5627332642984899,0,1.9447800292929105,2.9741415204064543,1,0.14558357449358872,0.2219990242075224,0,0.3741877551788561,0.567805135543744,0,0.10736296616228891,0.2147259323245778,1,0.19799185477626002,0.29658291738854636,0,0.4713394879171223,0.4437039677151975,0,3.872920267295549,2.813231778626103,1,0.686238450274054,0.9715604138931894,0,1.8622746669315753,1.025833264389471,0,0.5069118980675603,0.6133635177569472,1,1.6147030274188168,1.7923550914249569,0,-0.2317260251809657,0.4782919729485064,0,-0.5260446044069877,1.6437416708851307,1,-0.01570037002137792,0.16287884166629177,0,-0.1320118144983431,0.3187983738134904,0,1.221444237676548,1.3324784250929764,1,0.0,0.0,0,0.1322948587230825,0.21373766215329754,0,1.9697836041255719,1.397982835038299,1,0.9609116134012805,1.0437695819264108,0,0.5711899154239715,1.0657475327165085,0,0.016339021993519453,0.032678043987038906,1,0.061256290468184205,0.1225125809363684,0,0.21531057372662002,0.15695449963869826,0,2.3091847667034133,1.6195542057904115,1,-0.024745692629513517,0.45540007045818015,0,0.034679848451140236,0.05829548069188046,0,0.020966248774515292,0.041932497549030584,1,0.1592744068775568,0.16439311648637459,0,1.739240208627982,2.112435497756045,0,0.4308116309016345,1.816333530517709,1,1.0698604715888103,1.913322614474114,0,0.07031992546456607,0.14063985092913214,0,8.617610223464746,4.274952622051703,1,1.3169977496516592,1.239193836996097,0,0.22083176428463513,0.2666948214332668,0,2.3076729145437884,1.3078740401029705,1,0.12846088673852757,0.16725635546190418,0,0.1957263178365657,0.3914526356731314,0,1.9174414654266763,2.5302670148697195,1,0.1713039427975531,0.23364128197128295,0,0.7233120614516733,1.4466241229033463,0,10.142487148491297,8.072101382020728,1,2.0433390917305663,2.2257458031226416,0,0.9634201575465994,1.4905719385443932,0,-0.0030887114489989357,0.0061774228979978715,1,0.0,0.0,0,0.19132020923016443,0.38264041846032887,0,0.2825075864958846,0.5705619754799016,1,0.12517803600831465,0.115281568627164,0,1.2253429791562733,2.0233740704066885,0,2.160101379155483,1.8128417167499262,1,0.6790159935439154,1.0779623739878355,0,3.393540789815501,3.68223375250647,0,2.6930296028952805,2.5983587216862727,1,0.5483597654354764,0.9528575691559527,0,0.6811720295727566,2.064070170451862,0,8.975920160065938,7.4772349470311115,1,0.6156599384859307,2.2939964115914093,0,0.0,0.0,0,0.9928559916034482,1.7133221060715573,1,1.0580846581628225,1.8010359859952727,0,0.3081803074910062,0.6163606149820124,0,-0.012226982011878959,0.02445396402375792,1,2.0333771460591263,1.9903991254661442,0,0.8302881944184113,1.0024517594492106,0,1.37587528470099,0.9795207064590454,1,2.055330993486789,1.3718855216615806,0,0.4409637711350342,0.6238741436057106,0,1.6851875938345309,2.216279456481529,1,2.6341365404015966,2.609870721015746,0,1.7904850214740982,1.8550960198058255,0,0.43072126539256955,0.7338642819003997,1,0.20461745438560963,0.2698345543793499,0,-0.10252414154306155,0.20504828308612308,0,0.12669899889201452,0.19171054023509299,1,0.05742457251500821,0.11923882690354315,0,-0.2065869586860222,0.34969156689764197,0
104,100,0.9,ab,0.5665088550856969,0.15008939293293616,-0.21435025797555612,0.5762191807436855,0,-0.24444680618171605,0.713990142990329,1,0.23064969044558822,1.043958899321005,0,-0.06739373233099596,0.1751554142727827,0,0.0757694709049082,0.3480013944255163,1,-0.019227468465543806,0.10667790003432344,0,0.9960085215757095,1.3064046477668891,0,0.6709208132929331,1.4528830419839411,1,0.6959798558527868,2.023464701053987,0,0.2454084625341463,1.0308952354221559,0,-0.03296884232064672,0.8308400641452812,1,0.5187635379786254,0.622740637905403,0,0.1672519376532971,0.597307541070916,0,0.7048903013561116,1.6692255848149284,1,0.19026569605825977,0.369189286698269,0,0.07533351810333963,0.7598181996028407,0,-0.02789937610898794,0.7207792672024731,1,1.360382859762672,1.7523643137257998,0,1.3147227895437616,1.2671895732424463,0,2.11348842938276,1.7047010232437951,1,1.5149980100407334,1.8753386648828285,0,4.032161656826352,2.835730007472245,0,1.6915339679676005,1.3996864791508792,1,-0.13868364223051097,0.3876147015857105,0,0.3528420812013248,0.394408006224894,0,0.20634773078322022,1.8163697664364098,1,-0.016292036693548617,1.5775973112063533,0,0.611551448372149,1.3051038148724012,0,-0.16793659519952345,1.3740480621836781,1,-0.33075634541885535,0.8662517170257791,0,1.1471586021383744,2.391632886869977,0,-0.6629787230133892,0.642833362904297,1,1.1756968660246454,1.3408623055741744,0,0.07139473723598183,0.5249931862980736,0,-0.49267345746990854,2.7513050396820575,1,0.4979079750015285,1.2585451718577096,0,0.20037221318764437,0.2745322041224484,0,0.9675519757506077,1.657960309684581,1,-0.9674787364882566,1.4346176302855087,0,0.21671483960036522,0.3656922851476895,0,-0.4898749281708034,1.69700999272749,1,1.0789263960380737,1.2127368174664421,0,0.45567251235363615,1.0929290956577067,0,0.16653741968478405,0.9228642897543834,1,-0.07643517945313005,0.5240005316031559,0,0.008661477664004585,0.19402883373142538,0,-0.07006938938850013,0.759813027291098,1,-0.16716477971931848,0.7283985957623401,0,-0.542406413527971,1.3004631959733617,0,-0.2707534883287983,0.43290026502460505,1,-0.09297494610679137,0.37431068219880864,0,0.9330994853783382,1.1136624615578945,0,-0.2804039601975322,1.1081933094959808,1,1.2851022793822593,1.9188026957306883,0,-0.23055404537775942,0.5650121591350519,0,1.9545097065231052,2.0551993833145628,1,0.059262172132606296,0.5353826411433935,0,0.28631864177207533,0.2635985433871676,0,-0.20398535589582853,0.9682116618186217,1,0.1717553408849009,0.6301788235498049,0,-0.7942061323080136,1.757142610274954,0,0.10472727719008978,1.6877536283022587,1,0.8239863257445503,1.0804576923062303,0,1.1525527712603867,0.921873176810863,0,8.88541833818556,10.021905033928737,1,6.303492031340121,5.853809198602618,0,0.8621447652545415,1.3789407774459883,0,1.4565834733765133,2.884680458798427,1,0.43108388180516277,0.5061941870844078,0,0.03581141831696728,0.5501354697332046,0,0.04250931966781718,0.20706410997787422,1,0.006185432447294326,0.149429976151139,0,0.5680923949649038,1.5867067484495148,0,0.8001387366693503,2.135913361044925,1,1.073474471675614,1.935509995928501,0,0.11621048210009426,0.702687924751318,0,0.4538008291394024,0.5243337765758875,1,2.0124931729129676,2.4568023241896064,0,1.4423930398568232,0.8987096898477894,0,2.789696652719014,2.9472542670892463,1,3.8727873807879476,3.7012503150861717,0,0.675604534920257,0.6971046908054516,0,0.26688102829164856,1.1841050910563626,1,1.0587005381536012,0.9195587216712221,0,0.23291363887133346,0.3330034099324987,0,-0.665800038872488,1.0996301294372322,1,0.16122729801104194,0.42569418200202086,0,0.33434707470210956,0.33853584663376723,0,-0.5219015850126107,1.2543961210344787,1,1.1198530861415403,1.2279206711232653,0,0.2507934402203656,0.5212701159732409,0,-0.3194910993639687,0.5988466447898787,1,0.5651440556335273,0.93491440087713,0,0.39042440062172223,0.43072199793318533,0,-0.12241879220920418,0.59027635821407,1,0.14379635432030563,0.5964241134914776,0,0.0780811735241436,0.142743771908101,0,0.29735671700658795,0.5535642745304732,1,-0.028240225425733973,0.15402022905732984,0,-0.050013774932774924,0.22878625643567752,0
104,100,0.9,bag,0.5451381299742195,0.20958809353483904,-0.007459823634552087,0.6203464206277789,0,0.17393589653659108,0.5657891200759476,1,1.081703645489317,0.8913509385299788,0,0.4642504755376543,0.9302417428663392,0,0.48660409886899664,0.593162416409767,1,1.4341272767191007,1.1911908706310237,0,0.36683882871665746,0.5942353251351045,0,0.5770035050405767,0.5933300668633567,1,-0.12304992770443972,0.40223390640314344,0,0.06522206191518932,0.17872633383705314,0,0.7482606446447073,1.0841931810553451,1,-0.043048598653395276,0.5347924961801545,0,0.6904341977554154,0.9144523674167018,0,0.958865463169898,1.075706383910914,1,0.11315945881913574,0.34222178518866575,0,0.15236280749956083,0.8707534264475537,0,1.8569182538428535,3.484263072966814,1,0.6763384407136737,0.5038268934477211,0,2.5164230538814896,3.0099467375629643,0,4.065859257861017,2.803640324400287,1,1.1141948661016867,1.541028335350262,0,11.221490241510185,6.648688793700333,0,1.09582990095147,1.0892837646649642,1,-0.06582020956741826,0.07044191714591351,0,1.738888759514707,1.6609276792426364,0,0.48003582481358353,1.2878978688503278,1,-0.5326022266307788,0.5210673020093914,0,1.1256183410701222,2.38374570473068,0,0.06791252121795507,0.48275215674635064,1,-0.14004836890021943,0.12886104801863765,0,1.124757926258724,1.295915378685058,0,0.589947641929278,0.8319595136210767,1,2.1387135882212696,0.855457696714162,0,-0.4963889899687328,1.0196217700416708,0,0.22889539844464232,0.9524714289179064,1,0.4995177797945406,1.2680151596773193,0,0.18420422324873045,0.8039681525087294,0,1.0137234175491903,1.526205006133089,1,0.24941082041966714,0.8598457013256967,0,0.08907492142715313,0.1109786189415516,0,0.9382154636320864,1.7240992344439066,1,0.2968380075277376,1.31989350721502,0,0.03408248794837375,0.386544444631134,0,0.33740268153693503,0.5152065615878657,1,0.9797868471864325,1.1773150659780305,0,0.2426595148050364,0.5433042091814858,0,0.4490079168631733,0.928335250545244,1,-0.10747350371119588,1.6580374848216899,0,0.5931657457214677,0.601113822719812,0,0.2724531723642658,0.7095341881152746,1,0.2340733201753633,0.7944499500819855,0,1.4553806759351526,1.6377127394321611,0,2.2518776591439176,4.314983347299325,1,0.6821046423279392,0.9481473455866413,0,0.4379255718702229,0.43185799207447656,0,-0.2088338325340108,0.2071099605695279,1,1.2105386266579203,2.7907919069456972,0,-0.040128822917354284,0.9800917984918457,0,1.5891995471821008,2.6151342644173323,1,-0.1917863104594658,0.5552400213720831,0,0.03900849800571118,0.7604014944226379,0,0.056630442138153915,0.7663539149578721,1,0.9864130547382954,1.4473055839307778,0,2.1758444678806343,5.78348483743322,0,9.426246332989532,7.932125645284011,1,3.604086977824406,4.381814153202488,0,0.1743633316391807,0.3802738734002589,0,3.6614796913027376,5.463134922706091,1,4.029023944182062,4.208301591388084,0,0.37632880828695425,0.7956952480497725,0,1.8452594912819396,1.311893983380234,1,-0.6315603539903584,0.8268512927082604,0,-1.2040065187895035,4.258122488857597,0,2.5454942891323022,2.274245415551245,1,-1.947854592906518,6.4959094950270675,0,-0.10311822956578683,2.686247526001123,0,1.1922378903371784,2.178794490920151,1,0.2492396950583499,1.0095222168459528,0,1.15995147903465,1.1699376669442978,0,0.8440084179024527,1.0198327587121665,1,0.9584178679226021,1.8333394460642867,0,2.2820465548024567,3.4890583355060847,0,1.675736344598769,2.2859755971034357,1,3.7532092255749374,2.883467609397655,0,1.0743771977907914,1.573999574018268,0,0.4183597425480056,0.6770134662525372,1,0.044674770666652416,0.09756996028940648,0,0.7553189781139631,2.0197828033264464,0,1.3070944234345663,1.7654391339060038,1,1.7995020735375242,2.0238567248530166,0,0.6626466352449963,1.9197756672931099,0,0.7677894002503887,1.0270928018255236,1,1.9364052361871145,3.7916732728914595,0,-0.307472222371749,0.6069622681346024,0,-0.11617167327921622,0.31385765331897264,1,0.04748611347713165,0.44417018023890387,0,0.4778840876978546,1.4279705197173516,0,-0.33269187654204524,0.6797546983126543,1,-0.05865730002719386,0.23633247485643913,0,0.5670855158179641,1.3017708308828473,0
104,100,0.9,mlp,0.9809256541562933,0.007593177399319095,0.20731568826384644,0.1971154574179615,0,0.2684419373428867,0.24258303225258393,1,0.3725563713290665,0.23050848210485161,0,0.13204845255952352,0.18762188055600987,0,0.263894328993711,0.3324409011671846,1,0.07737371318488366,0.18732572227117258,0,0.12339601238133475,0.4009685528549311,0,-8.46651654177577e-05,0.06599848336472902,1,0.1547569530259571,0.2652578119908957,0,0.2714877059015516,0.3693474511794701,0,0.3930425965218874,0.39532533523473534,1,0.4207115170779585,0.31378937241305443,0,0.18469716294528174,0.30340599508501287,0,0.5130646381155375,0.39737887020938684,1,0.6500421762635049,0.47153550433819913,0,0.44382036165655475,0.4183508930174211,0,0.17949858214071318,0.23193135903987855,1,0.08969633838009634,0.07624182487756768,0,0.09138361834656698,0.07706126650931432,0,0.45505815913836606,0.27702970618058315,1,0.0686943298855101,0.14778636693644656,0,0.23259648017547946,0.24390769105728227,0,0.12982255325245123,0.21939496197282268,1,0.09396896233137521,0.26924681553557295,0,0.006918118301443671,0.23067019575388306,0,0.2128895093180196,0.4324821422996946,1,0.10021134127633342,0.4237452524453595,0,0.18422418532530727,0.30871738160989665,0,0.10626431377920706,0.26996977793404375,1,-0.027057409910104517,0.2153825577804163,0,0.021961828683224716,0.3142636895996577,0,0.023672865453189883,0.32140387655468544,1,0.011037449141358902,0.23345081446142213,0,-0.06463995606573142,0.14257305630402237,0,0.2144307654442787,0.3960941829459277,1,-0.0026126431567503215,0.1606457063292751,0,0.16413128056879092,0.3530541209354675,0,0.1879683850393838,0.28297786606272024,1,0.05647776760583449,0.20568388273393617,0,0.14764920016435376,0.2456961181344883,0,0.031148920043628948,0.11930423675317739,1,0.20172171346452586,0.41945711134468205,0,0.09951466564454314,0.09054272294435287,0,0.029018926053715817,0.21666709605295814,1,0.23966881334072188,0.2778449431031344,0,0.22687246561028918,0.2717382504433999,0,0.6590598240899441,0.28909542237368835,1,0.391390415553556,0.2844656027528641,0,0.18555110922522297,0.31241045755836017,0,0.20710664479265756,0.09615654079627269,1,0.13276256518657206,0.18684300791058528,0,0.07990844933684517,0.23270564069822675,0,0.08626534265000613,0.20206996465431082,1,0.0879556009683364,0.164844626524805,0,0.1536431803463207,0.16191881112183504,0,0.15545449228499214,0.08539454854838922,1,0.12156232809610538,0.1795864862214502,0,0.06012471767921881,0.11693952716747925,0,0.1588170145783212,0.18346093713074554,1,0.18621749936313794,0.28131100031369977,0,0.10218882972478291,0.26693584712703644,0,-0.010544608540804,0.17279846296850146,1,0.036899737619481954,0.12081654613546779,0,0.0034064220744868035,0.19895820930242925,0,0.013582996020538618,0.17996184650555216,1,-0.09513239744369413,0.12539133842781738,0,0.22378424596665908,0.2819049698223738,0,0.1958008784898801,0.2720396651944445,1,0.221073702476864,0.3332691811507628,0,0.14363759502607182,0.259633364155571,0,0.10031381940057435,0.21702001088226705,1,0.21372257258989671,0.24160396726212463,0,-0.004380455316031596,0.15162470948368423,0,0.13523273904274496,0.19010369434549645,1,0.06462018568805103,0.25353566407509265,0,0.13241675560586122,0.3137690978235812,0,0.012560696919529813,0.37293368103990593,1,-0.03494061759646888,0.19544783850881617,0,0.07030169189836698,0.3389278425629153,0,0.19441718581283618,0.3139673061169555,1,0.10213476133065758,0.44316548560793756,0,0.307126234067283,0.4232045817706701,0,0.29128599177720194,0.3750717182840309,1,-0.048731920308412974,0.10727966348062458,0,0.1465032344156118,0.3780504158771064,0,0.2931061942787852,0.44455184686007,1,0.4746119134334461,0.6172817473793742,0,0.3096535859908959,0.48201521350473076,0,0.2359180427033233,0.3468854168118864,1,0.0775273807880481,0.2412003146714216,0,0.32346017343169303,0.30074096229370184,0,0.23644604135575825,0.2945674061349253,1,0.39452795139822194,0.44968372368979326,0,0.17839250700998632,0.349127237652411,0,0.49127906686113026,0.6637911562996511,1,0.07563789971683374,0.28554527302142224,0,0.24312138162887345,0.504971068241672,0,0.0007409033557955486,0.17587071159700526,1,0.022311382971789025,0.31041936639643025,0,-0.022879279234615114,0.29039515475476607,0
104,100,0.9,svr,0.211688022710853,0.11362569665504059,0.15057057987422778,0.17407645546250805,0,0.27357595375662536,0.2116264701296132,1,0.3325652227324509,0.2067294790406423,0,0.42822652151557605,0.17972214952289775,0,0.5808431154658392,0.17173850261736767,1,0.619391530851666,0.14195187255053016,0,0.7404431514520906,0.20453075490405054,0,0.7126105470509605,0.13562024065565886,1,0.6082302582823536,0.2784406780899247,0,0.5011092155015247,0.36916836511139295,0,0.6156076429396107,0.28032085820866137,1,0.5834993080745254,0.25998607114577416,0,0.5145231929716837,0.2186241279994072,0,0.7020666087917047,0.3491653458464541,1,0.4788430166525924,0.262025124854911,0,0.5921119076547307,0.3043105616361556,0,0.7236316795544624,0.452440826567275,1,0.7217161500303879,0.4195895498777203,0,1.015328535912499,0.547520128494394,0,1.174828473825098,0.587514448733506,1,0.8415960677791288,0.4457956882623597,0,1.168726566419267,0.5287138824430508,0,1.0054268305221208,0.41049465827999787,1,0.8643794231564869,0.2994976939685121,0,0.7425309913859583,0.22832872455714506,0,0.7215132694150767,0.16074868294301892,1,0.5455391503561093,0.05440000211809713,0,0.7185373190511385,0.052184263507279866,0,0.5897417870148429,0.19541543371919554,1,0.48061418874645045,0.16526863616624507,0,0.7321924789599935,0.2620462330316277,0,0.5431828299644434,0.24759006976980294,1,0.38816172905964025,0.20549350042745837,0,0.28607027657117456,0.22449351735374953,0,0.5228539529193694,0.22211098457729353,1,0.4741681221110836,0.1309615995458486,0,0.3694809897426147,0.12677506220450288,0,0.6893734549443435,0.11411784342821996,1,0.32338028734868535,0.13077856400023893,0,0.4292998531195803,0.09293478784476226,0,0.44761815902375324,0.163271296802481,1,0.32248990552095186,0.0988198448470752,0,0.4068761087722942,0.26863671154352675,0,0.2743211038279643,0.15825866722035534,1,0.266480179227977,0.19854396107894953,0,0.3273207556012893,0.15704478172098374,0,0.4234914068785094,0.24168106966454075,1,0.34006026249043836,0.16291861403591534,0,0.19427036065623196,0.09970387731006954,0,0.33248398033248217,0.1363797074536134,1,0.34382877942905077,0.09810805707225596,0,0.8108166522624065,0.1978088350359828,0,0.8343013160662286,0.2748271972423205,1,0.6357646735117047,0.18503566915951766,0,0.4815262790874912,0.14432756907518943,0,0.6028774453579805,0.1640216860336772,1,0.47864050752243176,0.12093198238188677,0,0.40100385462499216,0.18927038636176682,0,0.47667403065718944,0.1806458161867574,1,0.39168871464074284,0.19495204537578434,0,0.4474506064154718,0.20133400096114148,0,0.5708639581412307,0.1612226064095724,1,0.6862642112953866,0.18755703050767497,0,0.9370369767759694,0.22166836633385673,0,1.013781523156741,0.17416718665343173,1,0.970875210408624,0.18245740146880543,0,0.7810442763624761,0.17525784316738283,0,0.6819188776552948,0.28251844859174435,1,0.5628967892066394,0.1843920196529571,0,0.41371958264578634,0.1916669407442967,0,0.4832941492590569,0.28426640374018464,1,0.21302175102673404,0.2527104697501501,0,0.5274362235412936,0.35488494960204736,0,0.501206617717124,0.3655097648789679,1,0.5939888242680558,0.33493495575341753,0,0.5978498742490199,0.3251587046043998,0,0.5751478596757187,0.3293270598065186,1,0.5026415344629667,0.3366063038689286,0,0.7769866666589712,0.3095219857120113,0,0.8799037048035693,0.24044077647472423,1,1.1484884920847054,0.27105318868578904,0,1.1302985729411645,0.40983245510900496,0,1.2721077144363444,0.41442163438923807,1,1.184592452644413,0.3627696147052424,0,0.7623182730632315,0.24522830669659926,0,0.7030674149611953,0.3641668989550772,1,0.6908614160676152,0.35650083279712963,0,0.6981009158472162,0.3063315012852528,0,0.8832918868630998,0.2032631016252104,1,1.0223735514258063,0.30683205792522045,0,0.5761495403175424,0.20553348384913023,0,0.6339108442569502,0.27063440522457954,1,0.5571002766859141,0.24694915798357553,0,0.5771353077196778,0.24929058765833936,0,0.41149762137102536,0.1488732807150247,1,0.3449824931752469,0.1714448309986984,0,0.2856795537119644,0.15776313761917737,0,0.3562185379259524,0.22864584359764792,1,0.4880532949598525,0.224107670346993,0,0.2568445683818707,0.281829323876763,0
104,100,0.9,knn,0.7986067532945389,0.05632909538190212,0.5364031352857411,1.076802703383607,0,2.167799241679542,2.6337915666749763,1,1.2504916445194243,1.5823828076191229,0,1.974128609853801,3.2984873392913023,0,2.0937502223321007,2.124547060908467,1,2.1662521859355044,2.348425607354671,0,2.821824771665102,1.9102987932717141,0,1.3235130832666584,1.2672653422388485,1,-0.38859383902250844,0.7683379636768729,0,0.618374002392158,1.5661604406720078,0,1.6380269998011183,2.1593715424016873,1,-0.22127469195185615,1.537134839027877,0,0.13170628058335637,1.5041074542222599,0,0.9676356329604557,2.600276440994133,1,-0.1941980687591455,1.637855821365668,0,1.3002396260906335,1.9961641819026203,0,0.3516563141569879,1.3189353803180321,1,1.6748973344270173,1.2288095254562352,0,2.7229830316454726,1.2738501936374622,0,1.3405243907065834,1.015278009508086,1,1.7221928427139084,1.2949745150206735,0,2.098214095521425,0.6643089186371449,0,0.5178181879260908,0.8764357298431564,1,0.37588430262741446,1.1174068053147153,0,0.4520819588350509,0.9208603651577562,0,1.2362904341449181,1.4421960040225787,1,-0.3371011331837518,1.0167492918498722,0,0.19706717901009263,1.316158958984118,0,0.36268860672724756,1.116322419028031,1,-0.215753588110604,1.4688236985875647,0,1.934024300508359,3.161794685340858,0,1.216271675861555,2.7188904211391796,1,1.099220720263491,1.757254756075018,0,1.108502783286832,1.901304388270342,0,1.7353956880937453,1.9779848480743873,1,-0.0021508032455725967,2.0921446171655873,0,1.2603620388245278,2.4725516225629764,0,0.8824454803291125,1.7044820422985385,1,0.3565072482167108,1.2205183874065582,0,1.0375668727791152,1.5850524456279473,0,1.4057464248617846,3.0028771100086,1,2.2876948041614784,2.070966863398225,0,1.6971204457255964,1.2315197621331633,0,0.638233120409225,1.5456949243260456,1,0.3678010455576036,1.7180864491027188,0,1.1897050809299756,1.9571228285237687,0,0.8711049634358776,1.860671522791158,1,1.7096945095068268,1.7618407633498736,0,1.474167173592926,1.7733469821776062,0,1.7275628171060764,2.850290899210846,1,0.3518450278183666,1.2753198230567842,0,0.5376962103984402,0.6166621375705719,0,0.8432085276906953,1.2554315616552658,1,0.29536785219753436,1.1651716361047282,0,0.22463809982771746,1.5905674895486341,0,1.1606504558035764,2.256509906809466,1,1.2253227491430847,1.9431730984982967,0,2.144150267750004,1.7977284888746274,0,1.9628382995352787,1.1778902810238676,1,1.3070948661238626,2.265349108042625,0,0.031628117297851865,3.225090272999673,0,1.2591465064128042,2.27063613567331,1,1.4114685696314642,2.6618257536145284,0,1.937950439519937,3.025782338710363,0,3.038092421125865,3.205843730297316,1,3.0836098370811302,2.531752414086748,0,1.792332472186701,2.675208145761076,0,2.7208388764063063,2.2718372227588084,1,3.2032239667296154,2.953328895166385,0,2.8768213932662343,2.5476873025042672,0,3.437821225138863,2.304343345888724,1,3.7209617275759834,2.1828906122881326,0,4.031535016749546,3.203333975556628,0,3.7144338868210816,2.7236631372377644,1,2.963798780306584,1.711110893501245,0,2.880483602350732,2.5740629692594865,0,2.2852661251379685,2.468627765892579,1,2.550753616972314,3.214113801582394,0,3.2047561201960044,2.2714333504220385,0,1.742862302826896,3.411416686406428,1,2.3299469886186146,2.3633568962388156,0,3.6058388828450845,2.5546790431210664,0,4.047308430200758,3.2902915512262734,1,4.17303847730801,2.871014175448852,0,2.9304097216416674,2.282788383430155,0,2.316360884732568,4.233924094336821,1,1.863842830009458,2.7343343263479127,0,0.8637455344514422,2.996049990602117,0,1.749654572266666,2.746687969264305,1,2.333825524610978,2.141568294286342,0,1.972993012665754,2.5233799034393156,0,2.146246299077861,2.938395624311897,1,2.5885439959928975,2.492387909130212,0,1.3425648259414498,3.233191945448651,0,0.37259110641188486,1.8454878974806819,1,1.1375100738890778,1.523261224395569,0,-0.6663417508459994,3.0946237725423247,0,0.6361878748769223,1.697914724589211,1,1.342177211105877,2.582783275358735,0,0.6107316974341354,1.296457177431451,0
104,100,0.9,SuperLearner,0.9774216932778202,0.0076885278336168,0.08363072095218946,0.2120628369388003,0,0.7688736146872889,0.8911660264058697,1,0.15549191363597858,0.22034827196847265,0,0.06608292856569434,0.13204966236939317,0,0.4573087232661959,0.5839913076577568,1,0.11116180288232842,0.271752665704965,0,-0.013620927301422132,0.18443643185397424,0,0.17645313819538305,0.31207798885483956,1,0.21933578351097305,0.5100516118613618,0,0.46118896954315486,0.6097636948616854,0,0.2584058681842624,0.40388525995826174,1,0.6775212930689791,0.5141953567746756,0,0.2715004031713971,0.2203670282944673,0,0.35647783576365494,0.33522547513739204,1,0.491362624619024,0.5105236950574258,0,0.6644922617163204,0.3067372889028879,0,0.22695078894438483,0.2470512176174988,1,0.13456252405120772,0.2564978835087837,0,0.07790436701066003,0.14492077552079108,0,1.0334082759585312,0.7189981065383199,1,0.18632673768084812,0.32684301717421593,0,0.08497555921534335,0.1722761433553286,0,0.37213632194734975,0.189278141291914,1,-0.06355215260167149,0.07253249280044871,0,0.15142401776030984,0.17298480403628555,0,0.33762320849159855,0.6056450668027237,1,0.19937931347892027,0.49604915193598115,0,-0.02450846784079259,0.13963345000511576,0,0.63103099790991,0.9111342146560646,1,-0.08590337582122376,0.13351200440848573,0,0.1561894477038388,0.42962973520086156,0,0.37302849250420245,0.6617434976455487,1,-0.007998956109451059,0.21364913067389224,0,-0.050780046343390214,0.06545233456493559,0,0.8391049830803745,0.9417694307471327,1,0.030598693492778672,0.14356718937728755,0,0.15848136764482496,0.12757587928647457,0,0.3611048664112856,0.35677185918667187,1,-0.05047093844227648,0.2307526251032412,0,0.00566778050144276,0.09943764841630162,0,-0.038581170121395156,0.1542130355613016,1,0.051710231834322315,0.3728480048312657,0,0.08399653727042924,0.2054946976766264,0,0.0030332457439953275,0.30114705251749535,1,0.2164889274942344,0.45238162366280527,0,0.28716586807231737,0.223505564095334,0,1.569949459053682,1.6709287157933463,1,0.4844034903057669,0.5004738473925676,0,-0.04458411649002679,0.246746330509031,0,0.4075698444384644,0.6754144926169782,1,0.2047772443459463,0.2903892672712068,0,-0.027769176225797,0.21557804186416618,0,0.3098804886543497,0.4928622248040798,1,0.08263256488369958,0.27288645007799517,0,0.1460018400547905,0.208955212194942,0,0.3139808110259158,0.4166546489510007,1,0.24488031831946594,0.3358465844606751,0,-0.005423743275376497,0.09617671479570536,0,0.8136954546444551,0.27043945550151743,1,0.04905106132256169,0.3581834593118794,0,0.06136959033595006,0.3059409837247548,0,0.049631305933583,0.28787026422977435,1,0.18140864524670222,0.23743650272193,0,0.172009239829312,0.2411689536496704,0,0.31517887402175415,0.18418012406799547,1,0.07436877677641265,0.10209364973186591,0,0.20963479068848737,0.2054327846388073,0,0.3446209110291633,0.12157242723714183,1,0.2123108923081966,0.1471900507481239,0,0.2711163103212479,0.24129080459308225,0,0.6739120769787409,0.6111006964382365,1,0.20648440363102508,0.13766063384199653,0,0.03293812070087,0.14142659299971028,0,0.435513778004355,0.2532558134828365,1,0.2843200827290782,0.2850285872500253,0,0.07503152686398785,0.2505995593916725,0,0.016108538288892183,0.2557884440277225,1,0.10116993283259959,0.23359169942789704,0,0.21087872505725822,0.3940613264389126,0,0.6520332306005964,0.5329408880227611,1,0.09556728290945868,0.2919286690803112,0,0.40440058812105273,0.41739451535630445,0,0.5564003556646748,0.5731092118994756,1,0.14105119646224568,0.5307509639554016,0,0.12103995883316168,0.251222532180044,0,1.3240943531416727,1.1232611249490287,1,0.19089313289103726,0.4571084229318422,0,0.15743808968059186,0.2797176755669798,0,0.2993649446674002,0.6754567618335194,1,0.017378954177029993,0.2000049318033513,0,0.41184787439414194,0.5551620117635067,0,0.17778663470079098,0.26406747896112515,1,0.1035443385778744,0.32916932649580855,0,0.6112386664605559,0.542502248630095,0,0.3497156979038777,0.5591562333546287,1,0.4682744610425952,0.4572109702293105,0,0.08777397490734928,0.4139985303958032,0,0.13941833938005851,0.2693796573291267,1,-0.03934467993316415,0.18682593803239286,0,0.018934344433135047,0.23655100671758997,0
104,250,0.9,lr,0.98510980904842,0.004683880845140284,0.010293883321480627,0.04146909572760296,0,2.7962882132766684,1.187593451104995,1,0.027549624521056533,0.04978781940713942,0,0.054870454315832554,0.0993151170465306,0,3.2256744792386614,1.5992608925768672,1,0.11185260899435201,0.22298484243833305,0,0.23476918573793298,0.3027817962696017,0,1.3654277839070583,0.5565825402574562,1,0.1139188791138865,0.0393992601651027,0,0.2726446472504652,0.3344375552657083,0,3.4662973456799393,1.5967386310504432,1,0.17152224709104896,0.2921250055248583,0,0.4436269463802466,0.37626756864842376,0,0.35091043927126214,0.2612245648377938,1,0.05797806362580997,0.20471581834813635,0,0.7039193490340484,0.8648531701998096,0,0.702325888000566,0.49224328570278036,1,0.20714490555205178,0.31142171640057775,0,0.2956269550995474,0.1392139407766623,0,1.2599111575791637,0.17632541140802932,1,0.09354423076214634,0.09557469888113966,0,0.22110518656406225,0.20081450074578944,0,1.4689223499274624,0.6845314761118233,1,0.053618918247606784,0.11540791808935126,0,0.22993280547991607,0.4049420347362991,0,1.0482509796203434,0.6015967071131153,1,0.11839212848353393,0.20173935037335958,0,0.030013310762788063,0.09063051432390475,0,2.175186102712156,1.2508267431541036,1,0.08524881244910298,0.1682139059341487,0,0.6472763429773088,0.27601760760881794,0,2.342869448764329,1.7873375409051233,1,0.34855299997438044,0.38792274500998536,0,-0.06289338459668478,0.12078309560727603,0,1.5461658593321057,0.9811252518026452,1,0.10163102147474201,0.1108744812740494,0,0.058217107282219495,0.13631794290076193,0,3.7777132432865033,1.2539313931194693,1,0.8474247498565342,1.0118541850207656,0,-0.009199945012595129,0.10692493137274538,0,1.6691515667733197,0.949798906176369,1,0.045890545485714966,0.11482435006658277,0,0.009550176356940047,0.0501520388868241,0,2.767600460736099,0.7350336736470189,1,0.024081844890440705,0.0742726887339754,0,-0.01193415297689156,0.05827082759103174,0,2.6421824300428547,1.3842175929731066,1,0.4278872828673947,0.2696585141116688,0,0.2112412841588811,0.1920163100053608,0,5.608045065376656,1.0413406645808516,1,0.10589103663989911,0.13075999004456368,0,0.14917896809936074,0.25157472883008575,0,0.47091716140801837,0.38002216044334075,1,0.003748858714647918,0.11101586352348004,0,0.21092636043438673,0.30553812307438183,0,2.4662654313025767,0.8396127160393535,1,0.2706348835298049,0.3930845045969017,0,-0.001846976137114755,0.041511840441024406,0,1.1055122098421533,0.5171572673538626,1,0.04690013734311579,0.07764065736211188,0,0.0771319143715908,0.1717581380752479,0,0.9122840621436648,0.4947746255071515,1,0.2409773716559085,0.30773292624473336,0,0.105197156004605,0.20038721648782767,0,1.9384683639551255,1.067497745426167,1,-0.02941265105117704,0.0747408530629702,0,0.0034262716939063033,0.061130234075127195,0,1.5229763454942706,0.640130120812452,1,0.1188762337360133,0.17161914836240907,0,0.2748951049031366,0.269753746020622,0,1.4354133955456447,0.998638621581942,1,0.13873196229141596,0.09203830471750395,0,0.17743441699924434,0.22319972131469362,0,1.0882555492366337,0.4619116498426402,1,0.25449574405239367,0.20236113319648225,0,0.1157159541711322,0.13070102814016177,0,2.0121323360688095,1.047830704304626,1,0.14339741266203157,0.16178931773008393,0,0.23367163115467293,0.2596614535908459,0,1.8512691304426478,1.0962344513478324,1,0.2663364065656864,0.37173053875927076,0,0.09936488375525192,0.1065465836551863,0,1.5399151751223037,0.7639458571595004,1,0.12356011662557091,0.12256319500463507,0,0.11263107401106506,0.1491807526672197,0,2.4398169670573218,0.6839760809852272,1,0.14481957615955027,0.11107157015193725,0,0.0973535230940835,0.1893529059605975,0,1.5891325821103899,0.7107356188980147,1,0.25211087404981625,0.17781632894238708,0,0.08415348123206165,0.08251594119905678,0,3.341669649971773,1.460677197567019,1,0.07546223729257326,0.14260517100730508,0,0.1938690243799929,0.16961338946134846,0,2.13823813365679,0.8492124678623008,1,0.24858740369334525,0.18640272640113884,0,0.3585819108737953,0.20958486960977185,0,4.244869156628491,1.7142454966234844,1,0.1131670133243794,0.15125605785671453,0,0.054158027036587744,0.049321397674457,0
104,250,0.9,lasso,0.9241558676426516,0.020362189346276195,3.552713678800501e-16,7.105427357601003e-16,0,0.5721440069158263,0.7930553877957882,1,1.3147961410953726,0.7518690180829416,0,0.7859521684603398,1.2550121828196992,0,1.469003936231361,0.8214037075635447,1,3.552713678800501e-16,7.105427357601003e-16,0,3.552713678800501e-16,7.105427357601003e-16,0,2.805145918965649,1.1426293821314233,1,3.552713678800501e-16,7.105427357601003e-16,0,3.552713678800501e-16,7.105427357601003e-16,0,2.264380516797364,2.097086476510182,1,0.4138279805402427,0.6353172306085071,0,0.617258245584063,0.5194391901106007,0,1.3540207477744368,0.7242766738493192,1,3.552713678800501e-16,7.105427357601003e-16,0,0.14194050426203034,0.27278752622202806,0,0.014636031585122708,0.02927206317024453,1,3.552713678800501e-16,7.105427357601003e-16,0,3.3482937471871304,0.8279936873076479,0,2.1695695844256813,0.4626101805964897,1,0.10245080462568187,0.20490160925136286,0,3.827087422923256,1.3105557193050172,0,0.5073094209082524,0.4507675418413561,1,3.552713678800501e-16,7.105427357601003e-16,0,0.7057660683208653,0.5312281817425968,0,1.095220029322931,0.8975892748003352,1,0.16933139298211036,0.3386627859642207,0,0.09257892440259602,0.18515784880519204,0,3.5730118036530363,0.9641608333654361,1,0.3187747893141871,0.6375495786283742,0,3.552713678800501e-16,7.105427357601003e-16,0,4.109409332073871,1.4741779339048162,1,0.04862110880592001,0.06531517875879415,0,3.552713678800501e-16,7.105427357601003e-16,0,0.7290935099886141,0.55865731731005,1,3.552713678800501e-16,7.105427357601003e-16,0,3.552713678800501e-16,7.105427357601003e-16,0,5.258278068185607,1.4320145687629722,1,3.552713678800501e-16,7.105427357601003e-16,0,0.05885631076340878,0.11771262152681668,0,0.6327484599029647,0.892014947104286,1,2.7573757537335815,1.7000006984162475,0,3.552713678800501e-16,7.105427357601003e-16,0,0.14071013052042164,0.2814202610408424,1,0.012061504445648396,0.024123008891295903,0,1.7007964959195099,1.1815994988006957,0,1.195962304530199,1.7192608796800422,1,3.552713678800501e-16,7.105427357601003e-16,0,0.0999501184711463,0.19990023694229167,0,2.9282840850321685,1.5022142747565335,1,3.552713678800501e-16,7.105427357601003e-16,0,4.867391163932186,2.3029741061397964,0,0.9698102953567383,0.836433078742409,1,0.12404294287246935,0.2480858857449387,0,0.09863652194851283,0.19727304389702477,0,1.774939313191787,0.7638290539762951,1,1.245792874838203,0.8238157807809244,0,3.552713678800501e-16,7.105427357601003e-16,0,0.31164307417194204,0.28194152249871396,1,3.552713678800501e-16,7.105427357601003e-16,0,0.34201242255268827,0.4899845255838516,0,2.2979598230248865,1.2791913738330676,1,0.46324495776677743,0.5815487854669876,0,1.7994569760802108,1.3422565824313628,0,2.609080554489953,1.9840880782255146,1,1.3248152904924542,1.1295883389867487,0,3.552713678800501e-16,7.105427357601003e-16,0,1.605514359648985,0.8878885472320158,1,0.1724780696286484,0.21760843105547115,0,3.552713678800501e-16,7.105427357601003e-16,0,6.742678421038657,0.7344018860495317,1,3.552713678800501e-16,7.105427357601003e-16,0,0.40039935352625183,0.4476050120846866,0,0.3666069135521424,0.4216241691467121,1,0.19026693925930238,0.21604611514882532,0,0.03445493064550396,0.0689098612910079,0,2.3260263640538583,0.9418247252572668,1,1.6578601658270231,1.0375091817082827,0,0.19228903027056382,0.3845780605411277,0,3.552713678800501e-16,7.105427357601003e-16,1,1.1145557017737835,0.7522780508430543,0,3.552713678800501e-16,7.105427357601003e-16,0,4.034814488638562,1.171211958478501,1,0.9443603509666918,0.7001641128090159,0,0.11016313293965638,0.22032626587931187,0,0.38210537669526473,0.7350676679770828,1,3.552713678800501e-16,7.105427357601003e-16,0,3.552713678800501e-16,7.105427357601003e-16,0,3.7090591145823546,1.371348478728237,1,1.0631645992132952,0.7288495692836053,0,3.552713678800501e-16,7.105427357601003e-16,0,0.7830722520411441,0.7095466469564713,1,1.5421356199750238,0.8421898802581981,0,0.2998708717851356,0.5997417435702703,0,1.3391121519238847,0.9979280674079379,1,3.552713678800501e-16,7.105427357601003e-16,0,3.552713678800501e-16,7.105427357601003e-16,0,2.349336786439121,0.7734353760876792,1,3.552713678800501e-16,7.105427357601003e-16,0,3.552713678800501e-16,7.105427357601003e-16,0
104,250,0.9,dt,0.23875086047527194,0.17734931512496455,2.360719425399124,3.4149466760477662,0,0.22071686464088133,0.3582002945798419,1,1.3860005249163088,2.212542001691575,0,0.10173227655056802,3.439950817753916,0,-0.03213349741448963,0.059275899669170545,1,1.367022663421078,1.5269682234539608,0,0.5540682651531746,1.4083195449297674,0,-2.401737320645504,3.3435413221184223,1,0.35574637412329563,2.8037398867721945,0,0.02363310230191438,0.49499872682554563,0,0.7317068237895703,1.4634136475791408,1,0.06836491036767403,0.6928647404041879,0,1.5564767844620202,3.0905169709245315,0,3.723496923915038,4.591462291776604,1,-0.6452557212394744,3.270347862282588,0,0.11431157353999577,0.2697296520693217,0,0.12829189331767285,0.6602501514613313,1,-0.22512628422891384,0.4441049185671856,0,-0.3033973446708045,0.41910663944630283,0,6.25618241945557,7.449339996370035,1,-0.04782295025676171,0.17077653938176499,0,1.666640481483799,2.5861540010329294,0,5.203978205796225,7.404564914008062,1,1.1457233184916722,1.6410316577385968,0,7.970422566736803,10.218589433154232,0,0.17721584455345935,1.2187381695997723,1,3.4322636150466734,17.466913472139655,0,0.12119414171618843,0.16553346952303385,0,0.5413935210268909,0.994818699454962,1,1.1598446957403838,1.4256789412072826,0,0.0,0.0,0,3.2809822621252707,4.450800421379749,1,3.8910433322647853,13.135836438844702,0,1.911620562556196,3.7858953887903017,0,0.3362842293043254,0.6715867054112724,1,-0.5749977407945858,0.8691767316169982,0,0.06098434320254381,0.09391468029010511,0,0.6533584952687074,1.4669747775082573,1,0.1283066766400871,0.2569567838365221,0,2.88631000590826,4.754270177070138,0,0.02509046761468551,0.05018093522937102,1,2.81781380824422,4.58828650380638,0,0.3656827992628794,0.3942519261824633,0,-1.2325001063031245,4.687721704872855,1,-0.5138101569654244,0.8303745627524229,0,2.796273757592704,5.684042093402101,0,-2.3382910959013556,4.780951858471793,1,-0.385532454654737,1.1465723072784186,0,-0.10719718586089175,0.3802392181529738,0,0.10015576265613121,0.2725494238807138,1,0.5134495489019472,3.1709715528041547,0,10.544476505281107,24.36324557431725,0,-3.399593820597654,4.174744512759636,1,-1.383733834723007,1.141192079415397,0,1.403573244535253,4.358286660300391,0,-0.8255781817965959,1.7255600707973613,1,0.056436917245878473,0.11287383449175696,0,0.0,0.0,0,1.54936276421044,3.4311926956894894,1,2.26849326545493,3.0824163747741706,0,3.7075854806385045,7.284230293003323,0,0.28326971640865517,1.4986981246285405,1,0.02379459346534398,2.458956777156791,0,2.4021780212437376,5.608250986857083,0,8.720787309595329,13.109750663902327,1,0.3763046171748009,8.73283643316339,0,0.8583130809900019,1.4344693612890553,0,5.057176996201138,6.584697214106007,1,0.12202869373146444,0.24405738746292888,0,-0.37427652084169305,0.776861514241666,0,0.8480971621591495,1.696194324318299,1,-0.292519834879931,0.7484291551320804,0,2.8404744997048472,5.679544346751386,0,1.8255780509607427,1.6256133656458303,1,0.1541132387032294,0.7130155393042091,0,0.514641616670541,1.4575166030119893,0,5.684978220350073,11.355003310746877,1,-0.043238721136239985,6.730170701754185,0,-0.2749535263531763,3.746392588369713,0,-0.05101268094529143,0.10202536189058287,1,0.18065935781664483,1.2957399120615631,0,0.002268570204937531,0.11872297262297822,0,1.2208350724521195,6.396045942850282,1,2.816277185517336,5.294479127466854,0,0.0,0.0,0,1.3514069340285733,2.958873482994744,1,2.706444532686375,2.8617231678298376,0,0.18936007719570955,0.4000810207611055,0,1.8045604451505757,2.9919780635270192,1,-1.4367581423846016,2.198328410333578,0,0.11004923549888168,0.4345292398338291,0,-0.23380214491375745,4.216579886541192,1,2.0346985378147497,4.737406243427494,0,-1.3446044943025885,4.480810888387871,0,-0.025068002617674667,0.369472180033778,1,-0.7142299355651269,1.2333829879508225,0,-0.028897947980821924,0.0760448054266922,0,-3.677093229647563,7.162000156559926,1,0.9160743904200228,2.9543787537266994,0,2.925825078820655,5.688448264315414,0
104,250,0.9,rf,0.7245604623336218,0.03746075616904205,0.1471849303431399,0.19234961301723547,0,0.33618245142567116,0.16197049708288155,1,0.4787842935964604,0.32102602040325007,0,0.3369039396339003,0.31758750749224995,0,0.6622830323021265,0.28600243803346675,1,0.9563712909055315,0.6824988689030089,0,0.90741904163414,0.4553258624568388,0,1.6530920843884402,0.5227322743589801,1,0.3529871174488347,0.06234594931452919,0,0.2790037637389537,0.1411432922894839,0,1.1620672870269595,0.21531055754729672,1,0.5625835066808046,0.32213439847954545,0,0.3758670242739537,0.2957707022207755,0,0.5608139730020283,0.5638724837227326,1,0.296106753854244,0.23643775524272734,0,0.44797482286823254,0.23970139130931417,0,0.22542108278567738,0.17970542968866404,1,0.5208843398407904,0.2152485438840677,0,0.7155281037520151,0.3614122345074981,0,0.833056059042111,0.17850003631907124,1,0.5325601286802115,0.2983836857378541,0,1.9905346671123816,0.9207513493499135,0,1.3353830701452583,0.62144119049175,1,0.2664968224008186,0.2034334595514499,0,1.4927228893384406,0.6868558492139127,0,0.9306510694210381,0.1281096372941849,1,1.3000741585325737,0.54166808352791,0,1.1416156820233965,0.29817627121938267,0,1.5449917104104,0.2855025030325222,1,1.174108948492064,0.2719619524621741,0,0.9172282791704562,0.2776545068362481,0,1.7826680942381086,0.8095504090792653,1,1.7926499508744307,0.776565393378435,0,0.0842201820330432,0.14791583301166264,0,0.1834871950846208,0.4443973552468309,1,0.49394863176501225,0.3473297538872125,0,0.2590175068109905,0.3351260679622066,0,1.2046974493505123,0.5919552134467881,1,0.16246109080379395,0.13299476428346613,0,0.3928940748162365,0.18616598688740518,0,0.8715432833263961,0.21175362194095104,1,1.1109396629504196,0.3983627065237812,0,0.20784725455064362,0.07868796504154171,0,0.3931285143171016,0.2325819818151417,1,0.25239634916322007,0.22461372443630215,0,0.5411499851133527,0.18561935166298626,0,0.8589477735809554,0.37311912929266083,1,0.686402762640146,0.2871566839843308,0,0.622787788436286,0.2353051110217484,0,0.37463714530750364,0.41763336493304726,1,1.0692474181552336,0.6198733548645762,0,4.719525590731996,1.604665007525732,0,1.702971405959559,0.5169527472556753,1,1.175873437996686,0.45918442145696337,0,0.508370461202069,0.36504736963309065,0,0.6705221387884231,0.27198116544447987,1,0.5371937410148178,0.3200453074051977,0,0.7030701177929104,0.5165499508636765,0,0.34718390832935003,0.312166744702636,1,0.38789133674548565,0.2541640935448204,0,0.5189344754909939,0.15730272431302442,0,1.6851340765134821,0.39667816064958994,1,1.2040909705437082,0.7174944746252734,0,0.8790764642237303,0.6892183318486602,0,4.361020568800337,1.6259562590817946,1,1.9755385557939191,1.1474524980850052,0,0.7486628151780049,0.5520093885831848,0,1.2203805717481644,0.877115887317923,1,0.9129620815467119,0.6732802555305377,0,0.6785178992098744,0.6204235273733318,0,0.6037813779751239,0.5607408931603283,1,0.29593812727454305,0.31725673417345596,0,1.143158272994698,0.6484988825539005,0,2.1459542536789535,0.8232393317773484,1,0.5170495244393717,0.5810792179423334,0,1.4942231042945158,0.9473014218476593,0,1.7675736905646295,0.5719086596591011,1,1.4044303998461571,0.22740453762540488,0,1.5780765705879527,0.8480512375300432,0,0.9495639166867598,0.502710226800745,1,0.6594485112192686,0.3083019218167101,0,0.6408655807404089,0.45026082423944164,0,0.8486087754114043,0.7340591111605587,1,1.3788065316490163,0.9436302585427787,0,0.8598739997323044,0.4223389382686998,0,0.3357343606910395,0.2375726947567764,1,0.6363506361385749,0.46889567505534485,0,0.8164113186664338,0.5563905697559403,0,0.9922480609210689,0.5044215029578647,1,1.2348178152503406,0.6044111352441577,0,0.37963301198571914,0.2290387287868426,0,1.0347520626923488,0.2968453796788767,1,0.76898317955017,0.4394526451631043,0,0.44380980245942026,0.24265418031899497,0,0.4524092133745155,0.3246767342558446,1,0.2709449844520074,0.1302545161803899,0,0.13478439037474516,0.3160851340747151,0,0.434298590360645,0.21980926568086656,1,0.080451602214443,0.10065405382245572,0,0.10451401839186306,0.1818169122326977,0
104,250,0.9,et,0.7610154804762407,0.032761111986139804,0.07859006350725732,0.1498893013209755,0,0.2095532305636944,0.24483432628688537,1,0.3587136894941237,0.17044446479767403,0,0.3530328959883605,0.24192111141740852,0,0.809960371691983,0.21195547486754354,1,1.2323913298683837,0.2135076939576523,0,0.8516108823188866,0.31168651176511036,0,1.3319741539368686,0.3285091706460881,1,0.7141323792663987,0.3692444039341732,0,0.40632345934329983,0.21663559330406595,0,1.033498507854447,0.34175431254174865,1,0.49607787770103134,0.37825787514221243,0,0.7267305860323632,0.4007253900088981,0,0.639974831278832,0.1965996792948912,1,0.38936312006459967,0.16728279162224846,0,0.43025119407905177,0.23379489089087985,0,0.21269080195161058,0.11340946780522672,1,0.43786328643764694,0.08837852278512519,0,0.5967489332741123,0.34892265457016114,0,0.9008888018512856,0.22392042038614277,1,0.6394891956855673,0.3114791787328557,0,2.00877728659576,0.5831666401741408,0,0.9042034900378078,0.26400326221402887,1,0.25242830679818246,0.11228847476526758,0,1.2723711666646231,0.339792008616268,0,0.9174842100774411,0.6985983311153182,1,1.1548235465112624,1.0031215957582198,0,1.111301233058667,0.226213233852917,0,1.4296544523586463,0.7158947626510686,1,0.9518685959107204,0.32760892596820784,0,1.671865949004332,0.5990904148221948,0,1.1168986913303338,0.6932015082008474,1,0.6503302950260955,0.789798840375789,0,0.2702819088294801,0.2062039505960763,0,0.28170335842028793,0.4912367982150356,1,0.11436076055260029,0.20845426700937578,0,0.18464174713540665,0.24155612603800633,0,0.6876297192495355,0.48854604226259246,1,0.17591952526630125,0.2295754998587461,0,0.45062988584816355,0.3335264018442038,0,0.5589124462483758,0.32256326056472373,1,1.0209139811398686,0.338354331578358,0,0.7924124683231402,0.26433305208908464,0,0.8156053930798659,0.47353733275788595,1,0.32574334890974554,0.13173761684582297,0,0.8012386640164391,0.22916454726287136,0,1.125765502672029,0.4576960027905877,1,0.5290578321130708,0.28742740964481106,0,0.6343263338938521,0.29938500025499926,0,0.7247886516528814,0.36209026708485287,1,1.8652551565036297,0.9459561318577631,0,2.7473798055696106,0.5884041705000996,0,1.9980991323700752,0.9698371353985925,1,0.9656810120081045,0.5190414462833066,0,1.0506575273120924,0.6702690524653256,0,0.6711745399566243,0.27683346937999725,1,0.46599239935946074,0.233996433884793,0,0.5363832742501308,0.4792170884970025,0,0.7686239788886179,0.5650032964003115,1,0.486976987517198,0.3248122845212528,0,0.4134896226083109,0.21181588161695028,0,1.5831147781641155,0.4346268434356534,1,0.9165289816960118,0.5099558249376398,0,1.5404536910510094,0.962477776767298,0,2.9640772139104294,0.9417317161215087,1,2.314343899727193,1.026809309683629,0,0.6017279353087659,0.09046744490592623,0,0.8153367476594819,1.0130666015391754,1,0.454705498163601,0.588525521939055,0,0.9908964998978629,0.4820960967311878,0,0.5789919218881978,0.695181175094506,1,0.3143673585235562,0.27617022849587786,0,0.6617945102141942,0.617638424103178,0,1.5312880569685898,0.5059279415202453,1,0.3953530460991471,0.5248701684146786,0,1.0838779638565867,0.8474147456281028,0,1.4670145641789845,0.45176220598745576,1,1.6541687828044025,0.6264521853438291,0,1.4822799515162386,0.819942105059966,0,1.3282068649910057,0.7248957905242011,1,0.9344516503415369,0.4477019654556429,0,0.7295965079956706,0.15924725424813696,0,0.8885875998157887,0.36447697501626486,1,1.3290578604888768,0.39764451167791093,0,0.6989531597853923,0.17920546478683166,0,0.7880468873876035,0.12134654151072594,1,0.4576711251796824,0.22721711742021033,0,0.5070806310137375,0.37768470027149104,0,0.8246457386697721,0.2481883759992287,1,0.9699358590337998,0.1668917822327339,0,0.4965438975139199,0.2292711729919095,0,0.7644533420404345,0.4188283041671047,1,0.746654547488444,0.28868365337700885,0,0.44814447005479074,0.23641386319015248,0,0.2794830668399895,0.06404222532668682,1,0.2940006867756965,0.1465540266018976,0,0.19298915679268422,0.130265960573597,0,0.18116434763508993,0.3011683450165292,1,0.33927647643602094,0.22062996028217235,0,0.2332946243494936,0.14969110997190974,0
104,250,0.9,gb,0.7892953829780656,0.04345500713893566,0.04818513092606054,0.044551922047138474,0,0.12646470080564937,0.24960405506422642,1,1.2845754645747414,0.4866780130744714,0,0.680437445650052,0.3469231343401024,0,1.2165347699972229,0.8895575688074132,1,1.5279695977673984,1.202536757120207,0,0.9807033151185213,0.4704182748570545,0,1.0881549845419223,0.9236833264286805,1,0.27313958458477294,0.2544540492610332,0,0.2798192681856186,0.2878650923544037,0,2.2974538083187097,1.3518964593521718,1,0.5523569129747964,0.4581828230112501,0,0.6057799850893587,0.6041019612965701,0,1.0892289294304056,1.2895660865197796,1,0.7126052644333682,0.9264184815999605,0,0.299446540466402,0.3615353254733954,0,0.15571234878023887,0.11918192032763308,1,0.2456220053864911,0.5591062833013399,0,0.5604198015542217,0.6879963865910181,0,1.1706106108727474,0.41818713463000107,1,0.18182538196230041,0.2995936438679151,0,1.0165780553444217,0.6986040647898119,0,3.205978088562039,1.4573589476800564,1,0.1981607984173706,0.23288842053236022,0,1.0383040461987119,1.2081358740573436,0,1.1225075900964185,1.0514421580267375,1,0.9213906098252191,1.0645389623965638,0,0.5930839771337963,0.625497987267286,0,0.8903707838358516,0.7026887348726947,1,0.5612470200516285,0.7462270376526442,0,0.29768158746982454,0.698483776510216,0,1.885418474596714,1.5370082021984723,1,1.4039004796064358,2.340722313530397,0,0.12449377538227147,0.3706842290031575,0,-0.12644064975061994,0.9869471737406437,1,0.03359614727346827,0.3362857534910542,0,0.18797469853552065,0.3795050411247125,0,1.281606119707036,0.6447499369153205,1,0.06793629695488423,0.15736430474856716,0,0.6277599319195252,0.6592033527930407,0,0.6896914167619553,0.6239553484863465,1,3.0413024430039672,1.2814243750047054,0,0.45518386329654026,0.4754984254744083,0,0.20408461187736376,0.29742593198863637,1,0.38556090139964294,0.5821046879948522,0,0.3712017082957869,0.2910338099723174,0,0.7255176845244495,2.140635146767559,1,0.14884817474918757,0.36895538222644886,0,-0.002406149970174326,0.005840319087550129,0,0.05072626377742044,0.08518255410267697,1,0.7081367046024308,1.0997888274762413,0,5.65236094457787,3.204429409175087,0,1.5116867594088501,0.8845294238595997,1,1.109662522262319,0.42612185208175996,0,0.23243050759167838,0.1425908089198595,0,0.46398230542316127,0.4540583489988252,1,0.46060784383550885,0.561314060433524,0,0.35029692826986103,0.41931641976990613,0,0.906981094942146,0.6348696483152969,1,0.12100397071134875,0.2305201005246396,0,0.12269321649358614,0.1774071565313214,0,4.183962495930476,1.7304426284902918,1,0.01138233753590157,1.4746992377754513,0,0.7215815368514675,0.9805335230863494,0,6.021264106423114,4.109461316563339,1,0.6346481946677712,0.684340250743457,0,0.9137356740317587,0.6661560167840123,0,0.7145497092612942,0.44374701232282154,1,1.062268770821517,0.9515925622338942,0,1.026703371034882,1.3726347648631816,0,0.12190313023563289,0.23818918956717208,1,0.15646917262753865,0.12257007878956167,0,1.0078982994094667,0.2998548817418376,0,1.429402702691365,2.0737832271129997,1,0.16840989288613994,0.2646092251781271,0,1.4568664182619468,2.303085460335229,0,1.3552814918615195,0.7741883987744851,1,0.06967360722194962,1.5419136203284969,0,1.575273119665733,1.0738547442864954,0,1.9884120306631676,1.8126030667333979,1,0.20593331630914463,0.21791850572602411,0,0.049240156009960054,0.12158911266957212,0,0.3960995875490426,0.47307915544299023,1,2.155705246621062,0.5663922554753433,0,0.29335343219837584,0.8734907697403447,0,0.9285408804959803,0.3183083866325066,1,1.100793127164719,0.6303921197014786,0,0.4483210329123687,0.18166579885115466,0,1.4186462560195667,1.0043218393968392,1,2.753065118508638,0.8779010713648859,0,0.5781036140819955,0.29842949509370564,0,1.958243975168875,1.1127749888491958,1,1.5768233334133808,0.3337600598103434,0,0.34958609467983653,0.4568060198164003,0,0.9264834701390827,0.6175097818906421,1,0.38517509726311266,0.3148272302552437,0,0.15614346187691167,0.20575535107419618,0,0.25160078735189867,0.1867915341839846,1,0.10212756694766208,0.09080283804295133,0,0.0080179942100836,0.026715041521980096,0
104,250,0.9,hgb,0.8072323135567745,0.03543377827808403,0.15399110741726357,0.16034886695466669,0,0.177075666633444,0.09954942936536272,1,0.3494456011716607,0.21354794923990386,0,0.4792517675768816,0.7547898779599155,0,1.0660533626800492,0.6668782883766089,1,1.9495218567667574,1.2977766495107816,0,1.4154927886341961,0.8784304552158777,0,1.5162150552756923,1.105273106215647,1,0.0642834748057589,0.1481945668230855,0,0.4293551248472406,0.2973827075094923,0,1.2660913113571362,0.8082479945934647,1,0.17804277439300736,0.2775213924679083,0,0.4944127729799762,0.31349926046262433,0,0.7893688313466112,0.5100920289176791,1,0.18384986225383207,0.2742597417648121,0,0.9546711022779629,0.4706887419034602,0,0.40618415247720396,0.5479708954742284,1,0.6100513142460274,0.46210599116594514,0,0.9959731853924649,1.0386539440056441,0,1.2596247513997136,0.9384248240434879,1,-0.009127338184285705,0.12366571588100145,0,0.7708822725313604,0.9609544123543206,0,1.4711636819482519,1.7225426232671674,1,0.19189363440002846,0.15922115815014087,0,1.2272660313317743,1.1967922588646056,0,1.433450232043983,0.8853181573207666,1,1.280726555529029,1.65232223632048,0,0.1798974497626758,0.15027519125608568,0,0.7988084358147094,0.5072333501397486,1,0.11865270453515889,0.18007967184314205,0,0.6169601630518906,0.4617140877427651,0,2.3955307262605716,1.5254160996356287,1,2.117536503671206,2.690550328425032,0,0.5135197817245578,0.7536685809547937,0,0.10206491816795349,0.08039703514961768,1,0.7321170921729687,0.4368208925850109,0,0.20397578608190972,0.2296560451526479,0,1.24917624669327,1.0929586405459688,1,0.10148656942138265,0.1845538192308252,0,1.0280796173445443,0.9286193469620282,0,0.8646514256447817,0.8091521708992998,1,1.1903937625618537,0.5517394107315922,0,0.6167568571683018,0.34529549439395135,0,1.3615776369745367,0.6464133364678791,1,0.41169367471574364,0.26183398158355997,0,0.4332876617925887,0.5143896019809694,0,0.05177984629070318,1.3478942858728158,1,-0.027962263709702683,0.09482439036746512,0,0.2467780300889701,0.22241397097856672,0,0.24483916360376487,0.5962323286110675,1,0.8368587949882151,0.7798612693496559,0,3.9843575835756417,1.668475994787245,0,1.9389748463336982,2.3096000245937853,1,0.6120006960128859,0.4512322627123478,0,0.38203132473747897,0.4496450118495627,0,0.6148712961264613,0.4510682567736445,1,0.681174631961938,0.24663945301185913,0,0.5282559156243504,0.7385097837713099,0,0.9212430206552635,1.0271078259804691,1,0.42753588358446726,0.451204031873551,0,0.21280981490070391,0.20829173624302505,0,3.0137719309558806,1.724185676010344,1,1.5075171228506792,0.41433965046747634,0,0.13414081986622456,0.2039836405627387,0,4.60804593449344,1.7345780936476896,1,0.6066754122060686,0.42961024104179113,0,0.5993393198122459,0.21979023113938229,0,1.38261368284797,0.8927059264544246,1,1.9070480097971696,1.9748755964913827,0,0.8412185102210339,1.095972311742732,0,0.3696629320272259,0.3825863713930496,1,-0.013188561999130377,0.2788566248482582,0,0.13327001312635361,0.3150811820498747,0,3.9613460079771086,2.7715414481317566,1,-0.08462943569330725,0.47625339058936483,0,1.6436694082861414,1.9726667381119984,0,0.5844294849530174,0.4777734182657412,1,0.7647207034577054,1.008771388368202,0,0.29259758825662635,0.8252034379544086,0,0.6720442325493461,1.093111366144524,1,0.5846512320245364,0.4419138200423344,0,0.04316102754416184,0.10679432777848924,0,0.39698987767477917,0.913005361035442,1,2.8529936643367355,2.8091866094153417,0,-0.06845997195113471,1.1128828594636702,0,0.7299664141570795,0.8047180445872089,1,0.40882624510847654,0.529506666153264,0,1.0830317547165844,0.5975721689553376,0,2.2939554215837488,2.0414637709920282,1,2.1615380715023393,1.8648870953958403,0,0.2950678572327641,0.19923661166964396,0,1.4402001599613272,1.1964772023926753,1,1.2429661661042162,0.3193042573906603,0,0.289637533441654,0.3565322943477971,0,0.676856670023269,0.4630933869773592,1,0.15883016724608434,0.13657257039221038,0,0.5123692124549162,0.7600517742336071,0,0.6988695421936726,0.49671330643207146,1,0.1776605948728709,0.06747277001083037,0,0.23753132326161092,0.3681740441280511,0
104,250,0.9,ab,0.6603220006568823,0.036149815409411444,-0.044944823760345795,0.22577988005668317,0,0.18221500529747164,0.4474592600602113,1,0.4634181204519895,0.515086815501624,0,0.06761749170622684,0.43953204757765524,0,0.315340438099234,0.3309564004391241,1,0.5109501006683917,0.3358053784522945,0,0.9906335631569178,0.5744407168176048,0,1.2860439742743621,1.090852052770477,1,0.5936875674428516,1.1348597568071748,0,0.2205086563550253,0.20958426452039067,0,0.6588394512418079,0.5835839510976044,1,-0.15225974914813767,0.4094838990638204,0,0.5772383875987815,0.5914463931851388,0,1.0210291711907167,1.25427641555679,1,-0.04217354086461492,0.1277280700566104,0,-0.24055547005572664,0.18247225615813345,0,0.23640981908073117,0.3272047785871698,1,0.7903387086000331,0.8217038129899412,0,0.4487454641522414,0.6489458808082195,0,0.538871377627609,0.5746602997023392,1,0.1492780020237761,0.1232722811254732,0,1.6755680974766094,2.0819064643457033,0,1.2432758489078177,0.46907097030313377,1,0.22642724504514514,0.2556682652534549,0,0.40437044136714545,0.23028514990299837,0,0.8703061312913551,0.7300028430289732,1,0.5986065272186512,0.9146884833722303,0,0.87136712440047,1.256819532402702,0,0.15279955074960208,1.1511992261433577,1,0.16746261571909232,0.8049051529484786,0,0.5731041507445436,0.7044274423818829,0,0.5480894682297449,0.7830383044231324,1,0.2688966508789556,0.6964822350135345,0,0.17914662438693102,0.35769636630414897,0,0.0015379226282444369,0.2132580511697185,1,0.07124490404399418,0.20810104635788518,0,-0.38529880556169466,0.8965725663420642,0,0.8000848413814946,1.1403477272300377,1,0.08848707396510289,0.35086327435569625,0,0.48800905853365045,0.4025009171855708,0,0.03552351184496374,0.3087293558082577,1,1.119229197904383,0.9612060668798273,0,0.10796075248904793,0.3639602603153068,0,0.3094551049829952,1.0808328315131983,1,0.04295881622598037,0.0966513926603744,0,0.6403201553923691,0.4678225507024916,0,0.8994038875988526,1.2110732928813068,1,0.1247852516627074,0.14174249720572968,0,0.8895705021335896,1.045114850303335,0,0.42892485459377794,0.42673001510596364,1,0.037014605483494244,1.0084078864892925,0,4.754233458959034,2.6974740826207775,0,1.0533905067822666,0.8137885255938141,1,1.6034217989918846,1.134036912134141,0,0.14221211383871993,0.23026040404390444,0,0.5314032673897551,0.5619155913257856,1,0.4929676788413154,0.5797526347362283,0,0.9420451540613163,0.9953815766364078,0,0.44317621334077134,0.281509740159224,1,0.10420158598658494,0.2196616116179707,0,0.3199980681881306,0.862932231608905,0,0.831730697089256,0.37234177594197404,1,1.0850769005999776,0.5996515256276109,0,1.4480281689166365,0.9810677043627297,0,2.980820759085552,1.3957373885729858,1,3.3187599511573453,2.323369000525006,0,0.6706272046331236,0.4726455910951194,0,1.581165260437518,0.8774471908484038,1,0.8263329750916591,0.9760697823835911,0,1.3391672282201976,1.1055296082550214,0,0.8663223891993186,1.6837730522565837,1,0.07594926151191764,0.23370191599075624,0,1.5315869030191274,0.8349586887021455,0,1.9325705731691887,0.6813066190076077,1,0.8455358750077322,0.7198766734637536,0,0.8294514803798281,0.6473525990479622,0,1.0361765113750518,1.5915975484722134,1,1.0754728403701546,1.2834321225442158,0,0.5507225342791152,0.7623700170877009,0,1.339361405148645,1.0470576045866722,1,0.12014019419486936,0.10350475031961756,0,0.025781913807946644,0.1929121174499534,0,-0.2051136823248551,0.5379410092370716,1,1.3417244123033525,1.2694190283653226,0,-0.03521487953211314,0.593664230358746,0,-0.07033350691697847,0.10640188701301269,1,0.2595272923322446,0.2608794360699915,0,0.4642387211006428,0.3905001849505143,0,0.6038345433949134,0.38330349346878495,1,1.4490221692956418,0.8122484890673174,0,0.2016980776540583,0.2591507151192346,0,0.9060531944449147,0.6667242266641962,1,0.796423776231012,0.7005449150592447,0,0.48429014037896617,0.3606972574110656,0,0.3594519550356446,0.5980547662214091,1,0.17480097848848714,0.2969154163409087,0,-0.020740894156812517,0.12351833324869335,0,0.19710185127903918,0.6183298039637429,1,0.0849886420843774,0.26798996990863455,0,-0.03171554520762797,0.09585662671826482,0
104,250,0.9,bag,0.682295390099333,0.03441609751996176,-0.07377049025240535,0.16223795031848912,0,0.6763952765676913,0.6331961439907349,1,0.7220070145925374,0.6215196938792266,0,-0.1083951932138574,0.24036391197857143,0,1.70313252314026,0.6421908971319192,1,0.30944228490198816,0.4043532021945341,0,1.5169241079759699,2.4253906008501738,0,1.1475059839837485,0.5025078037545507,1,0.5599329176202822,0.6407189565665472,0,-0.3650436673613824,0.835771318259697,0,0.1596793103959843,0.43299473418365786,1,0.33285400439384255,0.9790571999247208,0,1.3532066723813296,1.2206424574729147,0,1.4964529380503033,1.5158780735724267,1,-0.22953897693076933,0.9133546571004515,0,-0.15404076275681777,0.820011832144259,0,0.2083896883757983,0.40511090811907896,1,0.8284165144711327,0.6541748486150522,0,-0.019141030546210924,0.8724512406520689,0,0.44168711254450266,0.43049037290993947,1,-0.2229075982492275,0.3502871927077719,0,1.2605725666173027,0.9108348044450494,0,2.185677249040041,2.4432972436887312,1,0.7004101735368954,0.9018936836234138,0,1.643863823179521,2.138415226781691,0,0.6835745252443827,1.2444644371749332,1,1.9802510359132721,1.6763341471866742,0,1.0821281728087027,1.7488758795575714,0,0.549646616323016,0.7164621018499006,1,1.2843889140834253,1.3967552042432525,0,0.6031096596381398,0.928842964175635,0,3.0111745025150864,3.3933099156598026,1,4.1869472342445055,3.9242070128198785,0,0.1898045310448124,0.3680082979195064,0,0.3567231854775891,0.4833356145320697,1,0.2813261444637183,0.7983181602435226,0,-0.04041190479879751,0.17411996899235876,0,0.7423522580034134,0.9692983232278376,1,-0.05260962950977999,0.4247396907526981,0,-0.31195821668186885,0.6633801133516978,0,1.30158596721361,1.8127650641156536,1,2.022091188024567,2.079794625939881,0,0.853229243773032,1.4663950335557292,0,0.6211628336865218,0.647797088809418,1,0.4363893450477317,0.6334565585002362,0,0.27747961189036807,0.625053244475016,0,0.7115876901064869,0.7630184051737664,1,0.4347939475798781,0.5867360012912534,0,0.9122370081783044,1.0917320015963679,0,0.6945799570336768,1.5060227737314205,1,1.835787203270277,1.2908679049283653,0,5.3796801179149005,3.2601904823892722,0,0.361607432240221,0.5151857424480059,1,1.828031029521279,1.6139839179566178,0,0.24472557214372676,0.5844017685109844,0,0.8451367317188451,1.1581144266383734,1,0.5696449754934099,0.7057083290721345,0,0.5056682230205654,1.7860278119742783,0,0.4368344200795972,0.6690580878221555,1,0.5564595391739928,0.6809976926577297,0,1.842160301629209,2.3229264143176125,0,0.05463243286655375,0.5079864817069237,1,0.9671281955546783,0.3827490555768215,0,1.4698977628761216,1.0998737809701407,0,6.1091601138676594,5.402277927682844,1,2.9494107003586656,1.9253392132389577,0,0.3657541471888329,0.3651365951086171,0,0.2469982999856013,0.6449795596642147,1,0.5361734466933938,1.1969754366902199,0,0.12158339577239201,1.007871919216268,0,1.0906908524603431,1.0056712883240546,1,1.6156934845787005,1.0731625893468206,0,0.7629646887474786,0.5339969574823658,0,2.968594710546486,2.1363447378575424,1,1.546957688733454,3.18169373352887,0,0.056863958076848985,0.7969332248782351,0,1.9920928053905702,1.9834827278372191,1,-0.15986857005911417,0.6063142581931855,0,1.3884689515696291,1.8776868952808636,0,1.1551609304136488,1.4380167294849038,1,1.5488160685062493,1.0819114451826366,0,0.6140908939782823,0.7985726937514239,0,0.26707022439037803,0.6247407891539505,1,1.3191518600077814,1.00977143595224,0,0.9159180143514896,1.0309369306739156,0,-0.07927011125730363,0.14107589154371236,1,0.9880719848875816,1.0340747656617448,0,0.797679093814734,1.1506075946416268,0,1.9271941401711945,2.3468949044145417,1,1.796585857932163,0.6406848046512649,0,0.8290647954710397,0.7752519268011432,0,0.7906947602328941,0.6625733828071997,1,1.551299698369142,0.7874015988141109,0,0.28612297318661506,0.21600295234833627,0,0.8917429928288548,0.9528257463760794,1,0.08677584026135184,0.1801251716062306,0,-0.14644146528585864,0.12311085924452755,0,0.10467709417045015,0.24331502100206992,1,0.4570307542689034,0.8637494148187391,0,0.3708148940373809,0.350395421179825,0
104,250,0.9,mlp,0.979804750012996,0.005953563589554252,0.11619831966656864,0.26552215191053086,0,0.22762873802316202,0.16625462252830625,1,0.3772395580237313,0.1622438679050711,0,0.2509510153399582,0.2020172153037245,0,0.3218973565496173,0.1670516978102499,1,0.09302863682009377,0.11205276395929908,0,0.21954854481418556,0.09895958099740967,0,-0.011561302965445965,0.05123934263032566,1,0.01893878886785497,0.06870730644076313,0,0.12791338516660253,0.13336766995511004,0,0.24950272008463434,0.15315378238482139,1,0.039103475303965365,0.1825499588506464,0,-0.007900309053251096,0.11719286661112105,0,0.18606904806134522,0.17974978259152033,1,0.27241361625439797,0.32000455660945787,0,0.1654702996808562,0.18000669324498147,0,0.17587612925018706,0.1461273060922915,1,0.00920371215193527,0.07928854374268296,0,0.02768188596802918,0.11728530947633671,0,0.3641687302186717,0.27800980527712377,1,0.051636737195440895,0.13535784299707784,0,0.15946006973579765,0.16371316686516454,0,0.1443116681706313,0.0862087530665874,1,0.09620201614074013,0.15416869444759115,0,-0.03812383265061465,0.22280183694660105,0,0.026251309192692508,0.23282991035458245,1,-0.05078345457231177,0.24965862416121384,0,-0.015829086459102977,0.23487932131177272,0,-0.05332116101538853,0.12645708854933482,1,-0.10251991659831847,0.16908157585407865,0,-0.08439883740646943,0.22333967200808874,0,0.0583162191809064,0.1527578582099586,1,-0.006766176698872306,0.24433250657641337,0,-0.03162674976721296,0.1631046352707803,0,0.07951447064395409,0.2293693636248431,1,-0.015600970854362942,0.2309947877519116,0,0.1293951527163379,0.14747964892396165,0,0.0028468559279828665,0.07353653622427575,1,-0.05790333387198935,0.11084402795749625,0,0.012963793273373464,0.13626000603115293,0,-0.061747908549275234,0.08592627899401921,1,0.11296850311048345,0.22900984945052533,0,0.01487794931089988,0.09556399473475714,0,0.04727514495666598,0.1280827959856979,1,0.11302313127118808,0.29384793370028434,0,0.050980168351537236,0.1850189505834351,0,0.19422529183245665,0.24657325646226694,1,0.12705889141540674,0.29388078234210935,0,0.0856618778507439,0.25841669070602935,0,0.12783170358776,0.22910332947375328,1,0.05573674151655159,0.16862494862094615,0,0.0635219926389351,0.14226284663479394,0,0.09629391973216143,0.13679525450360272,1,0.11597221567376419,0.19584513863141997,0,0.07454510704569202,0.1260166724056085,0,0.16365323990114095,0.23468877409792002,1,0.08536238547535893,0.22649535993547998,0,0.02887160712943821,0.247439323739766,0,0.09731242096834247,0.23873750742213387,1,0.06960328032991707,0.3229840334339063,0,0.08070331905045224,0.43439174977175143,0,-0.05414632516627825,0.3202175626205,1,-0.011812838201303345,0.3157011921860281,0,-0.0392097947951028,0.31286289417625107,0,0.04013850652661803,0.3574570869567482,1,-0.10278534538353035,0.26527049174185946,0,0.06230550439784964,0.3988311450560677,0,0.020210014724957714,0.33809034374047636,1,-0.02024247075533847,0.3952793581530761,0,-0.01353801056170858,0.33964832689111535,0,-0.08362581156632573,0.32338372874738025,1,0.05623504442992004,0.3893786744502803,0,-0.14515762530869109,0.19890550742145427,0,-0.09023623296031105,0.2591955123373503,1,-0.1250247883682542,0.19853104079593623,0,0.01649225384984556,0.2609372610760427,0,-0.05179598365987378,0.23403213021049507,1,-0.04644522367972216,0.1385087668184866,0,-0.012532653339367794,0.2906489202205247,0,-0.01175889266277278,0.2547636876069989,1,0.026492549036540174,0.1906196031403452,0,0.12015487025454971,0.25229052683589714,0,0.07888274117533942,0.17898458646885318,1,-0.024263972636642185,0.05536809831490184,0,0.129164224181387,0.17096468623632755,0,0.12949335585287622,0.16270627561927334,1,0.2794819118809696,0.2911506693192519,0,0.1955119331918266,0.21613144606633303,0,0.09802948489769703,0.182522817455191,1,0.08412952013463323,0.11233599903619107,0,0.19534310673673466,0.15655093445704132,0,0.17214976029224027,0.19902434370235508,1,0.21983687175112238,0.18271887755189498,0,-0.023557004203230387,0.07247477965154481,0,0.15705587638033652,0.10964609950408176,1,0.05309347188951073,0.09359272580180827,0,0.261005319188662,0.10407870150215864,0,0.043386368020550375,0.11069167946360951,1,0.014170311303419286,0.11691765950162625,0,-0.020417649856269024,0.10888530870967462,0
104,250,0.9,svr,0.5908276864325313,0.06284838304860615,0.3229466001463665,0.2309347976049027,0,0.49009351818702207,0.2374259627677311,1,0.6631417074374527,0.2648675499836607,0,0.6252233634203354,0.2656041363746309,0,0.8654947002446856,0.26444403327106997,1,0.9367586050934607,0.28109526928661466,0,1.0581557105721602,0.3902814779875838,0,1.1567776164221872,0.4104940301021743,1,0.8974494760189492,0.2600271849914017,0,0.786173506157047,0.21354419683362896,0,1.0465393931077278,0.16437710098292452,1,0.7763655940002018,0.24774570227959283,0,0.8473491695155753,0.1709661760533247,0,0.7862311028138804,0.23834376425511003,1,0.4258775269366536,0.1681468371493813,0,0.58703316298541,0.12889621014886282,0,0.6691094326269112,0.29244919684646425,1,0.6659229992903111,0.1353862011788476,0,0.9496187555757352,0.2439034360905314,0,1.113193502644848,0.18348770338826098,1,0.9979819636492582,0.1234283018384801,0,1.2076013720764158,0.27338352503853447,0,1.0685585630820864,0.19249697888003234,1,0.968134685911617,0.2535608753835971,0,1.1620593259997536,0.18631017036708308,0,0.9485661273986989,0.12434167758712811,1,1.0594506141456814,0.1458732241012074,0,1.1258793248835715,0.12448055322470107,0,1.239268028470669,0.14601365112332898,1,0.8338772351654564,0.1808368501551944,0,0.9421852373665682,0.27327102764295746,0,0.9426107102478412,0.2238138840349796,1,0.6816730078891149,0.32770323987024774,0,0.6402575775050519,0.26320642114294823,0,0.8529902212581588,0.345509711674429,1,0.7239475261906951,0.33537238647079354,0,0.6010861084441638,0.23375024870772054,0,0.8473066500627151,0.2104189929217006,1,0.5275949481854403,0.2438792875634672,0,0.7734857703636576,0.17882946774683928,0,0.8369475254969212,0.13422399472670912,1,0.9299502457175178,0.13829365689912046,0,0.7265720489203596,0.11834236458486584,0,0.6293852423450081,0.08038005380515105,1,0.5782304503437394,0.07541660004331287,0,0.6654937182248322,0.21322601446626296,0,0.9915397894139852,0.26221478321241914,1,0.8905231858184466,0.2202941987096364,0,0.7251494664645329,0.15251978341197275,0,0.9700705440542793,0.22680927494477893,1,0.9956580045617607,0.2392556235039827,0,1.1824816253955936,0.17206642503968664,0,0.90267332615106,0.12147336468039116,1,0.7624827923488957,0.19242281524442148,0,0.7466730299763021,0.1895517450339365,0,0.7713913780976231,0.10350250653922444,1,0.7625439026260027,0.1210847417756352,0,0.790462168420809,0.11361927796376721,0,0.7294296522237534,0.08685657471019471,1,0.6732328974603445,0.20528195647901046,0,0.7383656382869563,0.20785493582632775,0,0.9175381700493356,0.09883036369091597,1,1.0219037345808,0.2007540587224157,0,0.8699686158913538,0.26327570714557946,0,0.8533615531976453,0.19162076968533284,1,0.8608163431555701,0.2119147524170498,0,0.8431784888910949,0.11653331812525436,0,0.9147101085208267,0.2667936934395515,1,0.9129794394465829,0.14575134420341174,0,0.9752270194602938,0.18473892573089074,0,1.0170266642121741,0.22050780404695863,1,0.6828066716608279,0.33741980040326003,0,0.8598233228687798,0.2853275658549686,0,0.8343329669942939,0.3695253232949445,1,0.9646882166972082,0.26640171793115125,0,1.0775876497757815,0.25772326677085905,0,1.1195605012232364,0.2572983350535878,1,0.9208867212484287,0.21995593614405093,0,0.8398853384474034,0.18871788250533536,0,0.9388307483099061,0.18684995336505617,1,1.0517642668371732,0.2539651885006659,0,1.033161739619636,0.28009488136624594,0,1.1393579590265674,0.34140008323501486,1,1.0436443420112957,0.3035120141257502,0,0.8657972761531226,0.4014898315904871,0,1.0022469612254552,0.2725086324943603,1,0.7768218179799623,0.2649622298944852,0,0.7740028073000464,0.24206302848233363,0,0.9596023956753378,0.24966338019664377,1,1.1831888732663252,0.2295904345806037,0,0.7527401354216519,0.1240473227719047,0,0.8695114027326458,0.14018686569501781,1,0.8143401844307689,0.16331298983226686,0,0.7364663493896206,0.2847885673046868,0,0.6250467261161525,0.29479428761306464,1,0.47730424405973115,0.1423049663301914,0,0.35196305601203093,0.08636932797047034,0,0.5513897494756662,0.21683155575268492,1,0.5818463264992844,0.1674285776049163,0,0.386417919646146,0.286402785098033,0
104,250,0.9,knn,0.8179496323674261,0.020083850479997827,-0.8027167822800735,0.9477335212039386,0,-0.4933109247495272,0.7765650693496441,1,0.11452489706608278,1.2908039799108775,0,-0.13206017600264017,1.1363792855193853,0,0.5137892379884654,0.68066152476717,1,0.5797269286288209,1.0339005712592033,0,-0.3796544588893843,1.3788424234514776,0,0.18069812268481442,0.8940788658773785,1,0.13081413995953856,0.9831621281155183,0,-0.040557737759581027,0.9913047957687141,0,0.4438528357493604,1.1037267408460294,1,0.09447498769952034,0.8388731446485268,0,0.2965642465468853,0.9991432252841972,0,0.3240467735306087,0.5170795869368915,1,0.16321499755655555,0.9333231385839318,0,0.14544093978361108,0.9361021911421266,0,0.6794843713079229,1.53921618092098,1,0.6852784639969456,1.0966791859310456,0,1.3816223590006875,1.5843432696807151,0,0.9983204801380221,0.9731857593698736,1,0.3834056805406537,0.2831609123520943,0,0.42154426308356063,0.4648954269442905,0,-0.38027497772707286,1.459388136902251,1,0.018799466448383928,1.5643158736095848,0,0.15456863759822834,1.337016041150932,0,0.17558046018986723,1.1821516824640481,1,0.274997212752559,1.2004169337491233,0,0.44005557156411246,0.6857834720807067,0,0.3120158117565943,0.9786668747457347,1,0.29718138297767477,0.9601599130232261,0,0.9216615724662398,0.9873946868787766,0,0.8753545602765043,0.6897835345099186,1,0.9880590528418167,0.9419323613521859,0,0.9292213486407299,1.362734597657673,0,0.36964598022396,0.704834261029194,1,0.14488116234045406,0.9152547490182826,0,0.229376505564142,1.1383145579116019,0,0.9359410072142808,0.9681240202487752,1,0.29951407406223607,1.3061609493682138,0,0.44722454232393793,0.8818835567782491,0,0.5742387501384821,1.0721167062600252,1,0.6937744029325289,1.3031666646689959,0,0.2234851733055679,0.9270292056876899,0,-0.3795379222123607,1.18839639737146,1,-0.37505539479491545,1.5439935087965826,0,-0.17135473552656838,1.6556131812528478,0,0.016785486879680445,1.2407494851215175,1,-0.23913578065601113,1.101884796108584,0,0.5050893620978518,1.2109705485368798,0,0.06720246261170644,1.3723445308115838,1,0.5203673719994801,1.3286243292301554,0,-0.12854890622002726,2.02680945375078,0,0.5651264092845205,1.2970224810359998,1,-0.40995862878069805,1.0354036503070432,0,-0.18728485923554775,1.4981605163143656,0,0.18055434261899342,1.1951157254529279,1,1.035822924781209,1.622282991791894,0,0.8405392566745051,1.608711076866669,0,1.263218314388535,1.3464930876320869,1,0.8399114795371257,1.6427712989701304,0,1.5377107306779352,1.6245862937082995,0,1.8343007957902284,1.2853487246110216,1,0.3037991270335171,1.3784977003886312,0,0.796942900746594,1.3029739169878285,0,0.6711229366990057,1.4244345590503045,1,0.4408499222230245,1.0853916991137968,0,-0.24343212747134424,0.9532483857777597,0,0.27390407984639287,1.2695448897910604,1,0.7430059417682349,1.2790261694749856,0,-0.043612267349907176,0.9068668454047335,0,0.5769057685260637,1.5085222777961393,1,0.04242052791419963,1.3610871362643227,0,-0.06363952266799226,1.5223602906639866,0,-0.36426919922708023,1.941842811797129,1,-0.24269623569303414,1.6409895046567622,0,0.2018501168475007,1.8980292217742232,0,0.9741468834562823,1.9316512147169416,1,0.2371230522081352,1.9068044710457552,0,-0.12794165724994136,1.8138054553038792,0,1.1873503984173677,1.802835943075235,1,0.8841000237515498,1.2877002087748013,0,0.3403129583095511,1.5462250916034084,0,0.9485418533716568,1.7275141194760433,1,0.8309748395268421,1.1974985491061039,0,0.7335029873239172,1.2938867021373173,0,0.360599354274559,1.2295186275263554,1,0.3736409899824981,1.6712795264042084,0,0.43787102807552547,0.9288205311350308,0,0.2728585025801816,0.8456066896288498,1,0.6229249674315765,1.348307146631042,0,0.12142616785726834,1.2285395890235238,0,-0.08278802321083671,0.3123379637994965,1,-0.5389467501203458,0.6769466215974167,0,0.08030469898828105,0.7130158777231961,0,0.6562620469667093,1.2969915432459673,1,0.6770430414460862,1.105084527464273,0,0.32742784694119115,1.0358097798137957,0,0.22527394525814878,1.192196931059729,1,-0.6025168962608585,1.104500227370829,0,-0.9948463559646967,1.1166105818068337,0
104,250,0.9,SuperLearner,0.98621146259245,0.004737284559928828,0.017583272284173078,0.08689924426039822,0,1.254494709405338,0.5942287493450062,1,0.16426184758258547,0.10378399484004436,0,0.0935420793138391,0.07524128479331249,0,1.4714849053923196,0.8045288647924932,1,0.034117392680711414,0.04039197378952287,0,0.265121409591481,0.1352602794099048,0,0.4024949475973113,0.09507877697290512,1,0.024044102060747117,0.06105185928390482,0,0.0710333288398329,0.07119567519368694,0,1.4110010660084669,0.6495578275005797,1,0.013215654453014092,0.08663370031010378,0,0.14715565816375825,0.09741788206072412,0,0.29483032484909755,0.11816747860324003,1,0.05978428680293585,0.12005441327860077,0,0.4314958532898531,0.2633540032820175,0,0.4597705041290559,0.3142192346224085,1,0.054999874575841524,0.0881178880436364,0,0.1258423259576261,0.07261262405117434,0,0.7950024041988979,0.24643063754881156,1,0.027553934475192953,0.03882834260847349,0,0.17705766864982672,0.12612885091815537,0,0.722622080114559,0.3747487719013952,1,0.09370599254506995,0.10544950495948813,0,0.08197535331816044,0.21831490929758804,0,0.44993177675475693,0.349118726787568,1,0.04663177803956529,0.18756130955241962,0,-0.03031149287003946,0.12456943722071771,0,0.6605371116885472,0.5626267666859074,1,0.018537918377713236,0.1134409577874973,0,0.018586111591798397,0.04638064788309939,0,0.9443119275149288,0.8963758257251581,1,0.24792327090318808,0.32694212736450756,0,-0.04665395947493458,0.09973206172089939,0,0.6820765606712829,0.5119183926918515,1,-0.024664940221540255,0.08005267974600477,0,0.11025348705786504,0.08596555670459258,0,1.1241805960212259,0.4599131342592197,1,0.11511160109322698,0.14658876759267722,0,0.011289878270430128,0.0976831749802035,0,0.4649481280520913,0.38701042640489447,1,0.03677336647251443,0.07605438137622549,0,0.027753948719477062,0.05621771700397196,0,1.007165347360257,0.24179492825750773,1,0.08661110972069444,0.09345327613289058,0,0.019605791398186,0.10063031209940153,0,1.1677491200657517,0.5449314222957783,1,0.0007312621524068301,0.04080901430910072,0,0.03760500219440978,0.04326938435865903,0,1.9557648639116565,0.3160718431478279,1,0.03835536170717662,0.09380407677614677,0,0.15213884211842904,0.17911427446129413,0,0.3675806758273338,0.23452819599274174,1,0.12274203962258153,0.036661034915403304,0,0.03387094021365058,0.020525874320420287,0,1.0762081269245525,0.40759402835888564,1,0.007978414611732971,0.025375454914575272,0,0.03841229169984807,0.04419332545907341,0,0.5290622526279631,0.3357348544912826,1,0.0922960987780967,0.09230316180224284,0,0.15747665480045167,0.17419495828502662,0,0.46195756673817767,0.4776552659972124,1,0.15024812261210974,0.17417360649839445,0,0.07548131123795067,0.16236601023004524,0,0.8519472068194449,0.4755143138213304,1,-0.026137940226243474,0.14828996500257177,0,0.06479118337677874,0.18350233447690864,0,0.7289274326383051,0.4714404393164322,1,0.11125809036273693,0.19118799787551877,0,0.16720233530080733,0.21532630285581678,0,0.5513902734320262,0.42758538976482613,1,0.021794479509655205,0.12464923690421459,0,0.05900311983504356,0.20452985900148224,0,0.5043314609653062,0.36506201457548776,1,0.1326729996740982,0.20668968674071916,0,-0.01775662929206719,0.05299012566736123,0,0.7158079882351491,0.4480225008987355,1,0.03516619321896469,0.014837736468425974,0,0.022988324580343604,0.10286202471476967,0,0.6324838866927273,0.10210872374918516,1,0.1817423088753713,0.2593284690142052,0,0.014047189076166793,0.0628438890587992,0,0.7146014065124707,0.37972148702623437,1,0.09980877413152453,0.10804264376124316,0,0.2257128569990751,0.18593926787463788,0,1.0991031173532861,0.466811948426938,1,-0.019726994525672014,0.05061039901369417,0,0.10729718243907727,0.10665546512871177,0,0.7630115253525888,0.3456836182818868,1,0.2134904959923165,0.11767794732996607,0,0.039218709039575514,0.0860048940511204,0,1.3929271896864568,0.4156129554734168,1,0.1891702586176473,0.11734582990394035,0,-0.014657404496759962,0.02857651538178408,0,1.0251540998297632,0.34119840626219283,1,0.013942867968329373,0.036012440318382286,0,0.39335043952851095,0.1924909587524935,0,1.373791198614842,0.5414697159764196,1,0.033724848054460264,0.037259350982000054,0,0.05833061847507783,0.06374777722026154,0
104,500,0.9,lr,0.9939072215779472,0.000797859184300276,0.009047513565725623,0.012048729043837034,0,2.0683235493108123,0.5367130680744835,1,0.0392656530180927,0.06375044731634102,0,0.10918746301870119,0.06591274096045677,0,1.7222134352158576,0.21686401421150414,1,0.004095465388428124,0.01018252617287,0,0.09991618448979683,0.03814010889788312,0,2.7352358515109536,0.1724810944805273,1,0.023527402352768158,0.02518927760751313,0,0.025094109255956953,0.03052094649851854,0,2.5739027015392497,0.5282294609372168,1,0.017313852734039688,0.019841944685364186,0,0.015983621779266384,0.0045328375467818755,0,2.4505107319951707,0.6118201022735053,1,0.08574947770530587,0.037020369588006516,0,0.011718089507036511,0.013736232860162052,0,2.2850679530326397,0.3500439096462002,1,0.06529819251910855,0.048264660445954885,0,0.08345999850902605,0.08579594837270416,0,1.683725554060226,0.41034617320597744,1,0.03736344037903731,0.01824729041338311,0,0.01624652124564674,0.012244304738282636,0,1.6989944777085255,0.46841038521994277,1,0.018138662288835674,0.010021765466674082,0,0.07189962745047333,0.05168803472826861,0,2.7411172769617527,0.5396331031108413,1,0.027288902376932184,0.026066644284545346,0,0.04852337656085707,0.0275275611758717,0,3.0482185649827107,0.6937163062786467,1,0.14734248880020734,0.10550868899833096,0,0.061001758284030906,0.031122566300551796,0,2.8479993481636345,0.4677400499000535,1,0.04771128506524307,0.04975303175742195,0,0.09281475838035969,0.028924097930432727,0,1.8104917284692832,0.2650364430118914,1,0.033113187168750245,0.028739619563274383,0,0.07652770495611375,0.06046881604151589,0,1.1937422107050821,0.17991161664939337,1,0.05137478826386761,0.04719145203834325,0,0.009807100288677489,0.01408974072083057,0,1.331128419894378,0.34624161512732843,1,0.015730161725233595,0.026250927340999246,0,0.005840264945100158,0.008009423199145192,0,2.588553092780136,0.2981530554112417,1,0.08421509064359682,0.06109116164765746,0,0.02872395297455104,0.06570109795189395,0,1.445720600482532,0.27393308618825185,1,0.0014573997818736098,0.015782866493648885,0,0.01691881215945215,0.03170275677817554,0,1.9558426251617997,0.4462384616926329,1,0.0024392086798552415,0.023130908558650836,0,0.027954038047359953,0.013744932124632337,0,2.1471176959033,0.18191443459137288,1,0.016681975407589776,0.0218172715103585,0,0.14485924818326518,0.03112861636923625,0,1.2509342620412365,0.23449907593667965,1,0.015142019480851343,0.012173080993421685,0,0.0006973186476531729,0.006013142949235961,0,2.0476778206902506,0.31073907110784194,1,0.012145899934102826,0.012619391728005655,0,0.022206273185741292,0.011991119773333373,0,2.5755787505966508,0.1626194272179434,1,0.024943594144339963,0.017960338430812125,0,0.008549555275172769,0.015857598297763283,0,2.6998712693254316,0.4559068117971286,1,0.02189907609099546,0.01821692221792812,0,0.046144405160949246,0.034660845899937634,0,1.462096849650726,0.2759750208852904,1,0.04388687489181837,0.03457149369829867,0,0.030391186552471645,0.0398436654545234,0,1.926327074691682,0.39991803684297605,1,0.033817581680378676,0.022884919160272098,0,0.060287502632606314,0.03324206168659325,0,2.1814214615602254,0.4867298741326618,1,0.009723841156162588,0.012597406570342418,0,0.17375919198936646,0.1203866803737992,0,3.017445799086078,0.5141432370859168,1,0.003985894806082405,0.027045135363103354,0,0.11664313385816168,0.05552953444995722,0,1.7568386194272925,0.3580814668370565,1,0.10034773753705808,0.05895760183991701,0,0.028376368494003386,0.024332411790529477,0,1.8159418858912395,0.3152689155622784,1,0.017437313631521862,0.021186814679887138,0,0.019290920831324092,0.029741769905048274,0,2.6034241038466854,0.7597195415928096,1,-0.01104486222813766,0.01900705401005744,0,0.038494572245146,0.04487850537998743,0,1.7594689926066926,0.6504527786259582,1,0.08505307032391254,0.10300071578501989,0,0.1038450356564872,0.08830393651548149,0,1.0895038889266284,0.37515772587017066,1,0.006673949680307061,0.00993262370308444,0,0.027081228785236156,0.025120013111707872,0,1.0667461055437584,0.3369614505415284,1,0.11037969644688743,0.10948504094345185,0,0.025555637697723992,0.03717019627249838,0,3.5289111728713065,0.7998685795712583,1,0.019814734720830802,0.0238515222650332,0,0.0033656888143743886,0.013626349292493642,0
104,500,0.9,lasso,0.947667149184029,0.0019942893690382242,0.0,0.0,0,0.8667855687331782,0.566330763999715,1,0.36438147169084983,0.4320725197523168,0,1.4489597755267176,0.4716967725936901,0,0.3768717112363195,0.30795792023196433,1,0.0,0.0,0,0.0,0.0,0,5.516724082073743,0.560816096733777,1,0.0,0.0,0,0.0,0.0,0,2.0279081335349143,0.30763755583312324,1,0.0013592429510701223,0.0027184859021402445,0,0.0732078472225351,0.14641569444507022,0,5.21175478935587,0.6922658423654231,1,0.0,0.0,0,0.0,0.0,0,0.6859311701690268,0.2973452663368087,1,0.0,0.0,0,0.6100191606870901,0.3338285715202635,0,3.5591938288341693,1.1547583552579759,1,0.0,0.0,0,0.5710664636824434,0.486096998287486,0,1.3327070849333666,0.5520608689466879,1,0.5401552359876777,0.558595005370822,0,0.39312370695193705,0.48197081123036023,0,0.5435862220758099,0.5466314449864033,1,1.7288670517615965,0.9867814894858039,0,0.1139071048770967,0.1120480458357177,0,3.2424887191009306,1.2934050937101973,1,0.0,0.0,0,0.29803669689696904,0.38332301900558613,0,2.891512760509292,0.6686334061403716,1,0.0,0.0,0,0.0,0.0,0,2.6893833837596914,0.5621458160966203,1,0.04235595229027071,0.08471190458054143,0,0.0,0.0,0,2.641009803451062,0.8431315755290596,1,0.24465424910963068,0.3147668901148285,0,0.41255011316307255,0.181041176941737,0,1.948369957622892,0.30945898569687647,1,0.37875697898885796,0.46385402997113895,0,0.0,0.0,0,1.496793738775884,0.5961151071807845,1,0.0,0.0,0,0.931390208136923,0.47753205498545453,0,1.2298417697236572,0.4874734832786778,1,0.0,0.0,0,0.5033361764886946,0.49601859312611374,0,3.6613199119003412,0.47759133152155614,1,0.0,0.0,0,0.35803235077864637,0.2992040346273405,0,3.2318041334468064,0.7270342810898905,1,0.0,0.0,0,0.0,0.0,0,1.0148659024726832,0.712454830869423,1,1.6207325875300789,0.5976805886804928,0,0.22205784896691658,0.44411569793383315,0,1.948601632552847,0.7983281354355636,1,0.0,0.0,0,0.0,0.0,0,3.088713709796773,1.1882083239412742,1,0.1956249441058496,0.2719701801655199,0,0.019526198817728088,0.039052397635456176,0,2.4067083779966714,0.8761314971463445,1,1.0396226232148063,0.6645400156141712,0,0.0,0.0,0,1.9166598812805629,0.7385423256565592,1,0.0,0.0,0,0.0,0.0,0,6.018649141268201,1.0747801250018296,1,0.0,0.0,0,0.0,0.0,0,1.6775193061812779,0.8739411971328691,1,0.0018743156609986398,0.0037486313219972796,0,0.0,0.0,0,4.865017541946418,0.40159304381894895,1,0.0,0.0,0,0.0,0.0,0,1.6878800074513371,0.38171806026930755,1,0.16822379053557301,0.280048807096802,0,0.0,0.0,0,4.791916190849335,1.1870554978679206,1,0.060603627399547624,0.12120725479909526,0,0.20978899571966986,0.24507621775910496,0,1.386401592461715,0.6175227308685031,1,0.0,0.0,0,0.0,0.0,0,3.207819029148807,1.2629319751362085,1,1.1018567618305917,0.9889585344404376,0,0.08306023344320976,0.12900507936509634,0,1.9726110183157204,0.47686618263750413,1,0.057409611329786,0.11481922265957199,0,0.02486822761406087,0.04422121824707299,0,1.86723472422984,0.7931738385018172,1,0.0,0.0,0,0.07674711601001952,0.15349423202003903,0,2.383830722328253,0.5245744484279427,1,0.0,0.0,0,0.0,0.0,0
104,500,0.9,dt,0.32613276315279816,0.1184423362685606,0.3005373802378274,1.619855234066263,0,-1.0492973535975736,2.506371934742411,1,1.4016721281906221,1.0650511689760007,0,1.2893021171165073,1.3865769949464462,0,3.0411388011994474,4.351820693105187,1,0.965613398302102,2.514045241726996,0,0.23905148505501295,1.4486938937586469,0,1.5907236837005057,1.2309323626219897,1,3.3159256743148497,3.9931125135167225,0,1.0020006245868933,1.995419918985853,0,0.053596830353184154,0.4092272375285987,1,-0.1391987349774681,0.4126431655987558,0,4.426330465594489,5.121561539357491,0,0.444014187594688,0.6722378233516585,1,1.3342495836988295,2.520314124999303,0,3.043895936514361,5.497517697415027,0,-0.46922659587760973,3.2976579931131087,1,-0.244159311019197,1.9612108889585234,0,4.26349178554404,5.2345085264645395,0,2.126639422002088,3.6613615315389043,1,1.6967211162469684,1.5846942696384185,0,1.0805123328151294,2.807000689685491,0,7.038071622575638,12.191621367699538,1,4.825656688747392,4.458351413511304,0,1.0361841864317298,2.6928119381982127,0,0.03893960057265076,0.21647988938706259,1,-0.4160888897299536,1.3638207073690227,0,0.05156800608976425,0.1293230834005053,0,5.807217855971353,6.048687503732617,1,-0.3081934749354994,0.6629888377910456,0,-1.5002682748197904,2.269085517467384,0,1.2507826974103815,1.0662004512197885,1,3.5096062611487158,2.4856060989472195,0,0.8457019903310072,0.9976838345757689,0,5.982327401857853,8.258732523902918,1,0.3946470644681914,0.6664557375284613,0,0.39389055896520975,1.8485601906264635,0,2.9672632333584863,7.209109138765486,1,0.08089814109178105,0.14702598043772666,0,1.6063988588347875,3.264819134418591,0,1.9214100018469804,1.4800611651882052,1,0.4648986216611998,1.061077439609351,0,1.9336573607306164,11.607343874666626,0,0.2474486457407254,0.3480357822289641,1,0.4711588250533813,2.260335859330745,0,-0.5124798106454188,6.211873533916382,0,0.3470358294423364,1.1506070770897885,1,0.4060783224847806,1.5106133570135052,0,1.7235463667021325,3.297633747394389,0,4.591731901229766,4.222323462854467,1,5.417873464519695,8.027185415119803,0,3.4224319055356522,4.410038363945542,0,3.7044070097782056,4.961808583391975,1,-0.11915727637288884,1.60028192359431,0,0.7383235042104621,2.0808952250516612,0,0.06207324369294429,0.05192027909194292,1,0.7275293448835385,1.3805202477686476,0,1.9578218411023869,3.705571533100943,0,2.8660039196780214,2.4941793941621415,1,0.08228524172137183,0.10767073439644287,0,0.7890987128236475,1.002484792954333,0,8.296119730713176,14.805775266469569,1,-0.1557168905163362,0.31697152330773287,0,-1.3940568382247458,4.879818523599587,0,0.2222942575139662,0.19172740827518056,1,2.5553592344077782,4.833198001413872,0,0.8812534714262785,1.4467049096771443,0,0.3016833156995779,1.165595494682761,1,2.065432913119527,1.9487369388127798,0,4.061653437471765,5.926705676408968,0,-1.7707479278957436,5.952517107613305,1,1.7384012545902503,1.2574774645448952,0,0.9845057622664498,1.0177248769267322,0,0.2265069727299235,0.7965653484214306,1,-0.19677914882275888,0.48182853961480115,0,3.4957288801835467,4.846266098216971,0,7.697860380683517,8.508586860479378,1,0.27863001073023985,0.6492101492950332,0,0.4123725572646249,1.4737326703033238,0,3.759321434311603,7.55179118356806,1,0.08797819529854065,0.7501331546440075,0,3.634042148248116,4.759138513834347,0,0.988619115836866,1.0478457633662515,1,3.1016988300737,4.604424971057664,0,2.914772160268793,3.9418470039139626,0,2.1427693523487727,2.4634064324486444,1,-0.009099652552539519,0.37082063631661244,0,1.2640321333374676,3.4214672353543545,0,4.230429242325318,5.156413406878368,1,4.5372596221809385,5.899779503449839,0,3.409035699901728,5.613157887502169,0,2.6798551104377846,7.873667665231017,1,3.914154778260206,5.198515818175766,0,-0.074417174765159,0.8000266251674303,0,-1.7356469004678547,3.1870600892773253,1,1.7398391311580088,1.9550804260423114,0,1.8415276571219394,2.9113037944156885,0,0.5558360490230778,0.6842393540866294,1,1.2002411652678973,1.5484447045907517,0,1.0424549225817477,2.996741274575185,0
104,500,0.9,rf,0.7913990606520358,0.01785368467663225,0.17739883166481302,0.05547710088841981,0,0.3470487267740535,0.11147027086572034,1,0.290052933548616,0.1529649953164413,0,0.5773317778107512,0.24710927177687114,0,0.3548407755346541,0.10985262722112586,1,0.6664823064056943,0.1694956616037887,0,0.817862592617438,0.34540365234150333,0,0.8412684828195719,0.18034559946082632,1,0.5787085966080976,0.26308130082289927,0,1.0129076458713897,0.41633028947722384,0,1.7707534359617345,0.37950546157932985,1,0.758082922530261,0.09951336244321522,0,0.9083347247271822,0.2572741523865401,0,1.4187951406415027,0.4386373293239261,1,0.7784481678271964,0.2799074312048081,0,0.7061971528602022,0.21693713512602686,0,0.3033189339247509,0.035935075409729234,1,0.6420511524933982,0.16916889382798023,0,1.3372060603007163,0.4056140264444595,0,0.705628857674225,0.1669132987505937,1,0.41907913480564896,0.11336671879409715,0,0.4768196596159494,0.276381987396152,0,0.9743055068406765,0.4716131267591526,1,1.905134084515866,1.040172525591845,0,0.8073376270961361,0.59406948319703,0,0.4294534617235871,0.30936897067234664,1,1.5651416977069605,0.5159083708929457,0,2.0952765099290325,0.7253572890984601,0,3.063267807865878,1.5872317792013757,1,0.5612376842159645,0.38692168407074884,0,0.784090810603363,0.19518873987461482,0,1.3953196722700782,0.6880729519265727,1,1.6635319850226629,0.8805937783367473,0,0.783909178587406,0.41659235301764486,0,1.4802748690331915,0.5784695781711469,1,0.7206903225376772,0.28519580582615395,0,0.2760329944277764,0.3132615369933082,0,1.6788182304195765,0.7238130410836177,1,0.3703213630831216,0.18272692750156228,0,0.5377013504555588,0.21035041190024623,0,0.7939725080097622,0.1784017727606568,1,0.6902501353528415,0.21904747128088226,0,0.5067855749753669,0.27884433578475143,0,0.361167377379658,0.20844031739194605,1,0.39771992280663354,0.14180358745840357,0,0.781685458386302,0.348532339833582,0,0.4660813226168906,0.21296221310158195,1,0.6001632913590147,0.13091071387731826,0,0.8844443295629034,0.20103121762412016,0,1.3583160639716687,0.504691425848459,1,0.9843887253438067,0.20091104450362826,0,1.8819084212167603,0.50868102965234,0,1.5873273623339752,0.612750174720844,1,1.0948453213643385,0.35653332637463264,0,0.7768002994254924,0.24919583323902902,0,1.2127220151282951,0.2753178846076508,1,1.388740373198054,0.3346833034360818,0,1.012056504679529,0.19015966364259757,0,1.0876112772400834,0.34550254798720603,1,0.5075315359884482,0.30205041541730676,0,0.31303515842306895,0.1582484741127907,0,2.332979054356313,0.8596544094264578,1,1.355162520944346,0.43780183335886547,0,0.8407230312969469,0.2288613151833292,0,1.1374473145814759,0.2684918002920684,1,2.5631083866412863,0.5285108219724087,0,0.4148850557398047,0.31452563154058083,0,0.719765671996957,0.23496013103630667,1,0.9679664022035629,0.21857762413099097,0,1.021507771741799,0.2815198475107814,0,2.0098783446448314,0.6196824796191315,1,0.552113267564799,0.11740728000658195,0,0.9903913110700969,0.2243968026927152,0,1.1637287119691118,0.552989909582064,1,0.677387590291189,0.17374302802291347,0,2.869018465876044,0.8061160179627587,0,1.8528741425116337,0.3250629170951353,1,1.345968273667235,0.7308445135189372,0,1.2266518813346365,0.43382093777520014,0,1.0175659353513553,0.17826298725719472,1,1.3817143473342792,0.4886991287677924,0,0.8781354649038429,0.3481522236922253,0,1.3932743964383003,0.5829821423984122,1,1.1165955106399466,0.35450949087562367,0,0.833237930031817,0.26237144788681455,0,0.9508553943242471,0.38609730446427604,1,0.41685699601001147,0.26899385295509864,0,0.47003634472379685,0.15175216877548328,0,0.9819648668980296,0.19007609422838348,1,0.8789722455228546,0.3631317749097099,0,0.7229057170221548,0.320366622462809,0,0.674534333187357,0.23980994658136962,1,0.5674978709202141,0.2963555990824028,0,0.4990040325893613,0.1039303435147913,0,0.32446459334156436,0.1183732591063825,1,0.4558338645457679,0.16905340478939596,0,0.33656516054459085,0.16481684157832,0,0.32979829128451355,0.1502817289861458,1,0.12316503996948151,0.04446691644713592,0,0.1598805166536577,0.10723770631928728,0
104,500,0.9,et,0.81327936123987,0.021024103813573877,0.07982033398720612,0.11870842484557091,0,0.3175834265427471,0.11356760394979654,1,0.39813380041642965,0.23294919409341908,0,0.5053312663301637,0.10094323002313975,0,0.5421890088902667,0.19634677851460167,1,0.5821776148177004,0.16799764224872274,0,0.5934034938066619,0.19314499263970547,0,0.9776033330744104,0.1539919963800142,1,0.7605592942294546,0.19439734207281775,0,1.059727935523727,0.28845782764271705,0,1.8832973586965636,0.48420436689769336,1,0.8537023611397327,0.3154799107678541,0,0.9473723020123913,0.18199484437995359,0,1.3581846470373384,0.38010336319906246,1,0.5561233100386721,0.18517731361924683,0,0.8646491108706268,0.24145421697244424,0,0.4766526188674128,0.26710462926761674,1,0.682526420445552,0.19863364950959167,0,1.093721294510607,0.2513208501190202,0,1.1648110859783334,0.22904418004118407,1,0.5651679602252069,0.20500456921279403,0,0.5446248529654213,0.23977378951850556,0,0.7955178429776473,0.40119454487343076,1,1.9200805693058203,1.4041791537340396,0,0.6759999045538715,0.6287100992951837,0,0.27673885336349435,0.17587977437122562,1,0.776350275544502,0.20262458864326233,0,1.2564998140248602,0.24770626905715915,0,2.7621127833102697,1.2270471080226881,1,0.6010139319603204,0.2901075476475229,0,0.6649301068895774,0.29814991450037737,0,1.2294917873181999,0.6608770985450824,1,1.4839291724792916,0.6866920070283195,0,0.7354628144693518,0.43711904582498273,0,0.9025561219967401,0.29657597100232913,1,0.6417720501960951,0.3178080746450313,0,0.3777079206529114,0.322413833098013,0,1.592033763396104,0.4124523070203437,1,0.5601469164372233,0.14272734299237752,0,0.48007529293166107,0.09769164523679211,0,0.5436537061089719,0.21514159020193202,1,0.553077601447858,0.163109186890821,0,0.6255067014980968,0.090844180980815,0,0.4903181760320089,0.20006510567946917,1,0.4739003327745392,0.050561707900929946,0,0.6082806741800263,0.2896254271244024,0,0.6410958642075585,0.12173668523093599,1,0.6749119950946556,0.08956316305282641,0,1.1346440217044746,0.5690547018075421,0,1.2216073266390726,0.280291084202289,1,1.153383729031841,0.497563763940821,0,1.4229480139162682,0.22752981708477873,0,1.724632183024714,0.7024982610045941,1,1.4149434664637475,0.5225468298451785,0,0.7553420663099317,0.2907434510890523,0,0.9866161103988045,0.5091460971429767,1,1.4817187480315457,0.44712057196749566,0,0.9169246395272491,0.2631208325206286,0,1.2855000195903983,0.16378456730581553,1,0.7583651473436184,0.527209785726159,0,0.5724403165997811,0.25036914384576425,0,1.9502286532224882,0.4684506701211778,1,1.0399803634297267,0.21042157953050686,0,0.766054605752776,0.1523420825889737,0,1.650048939881358,0.4933666375961459,1,2.287943077798838,0.48760130064479534,0,0.7462129124137649,0.3169021885060157,0,0.8806262647047994,0.3831058622201347,1,0.8172785275737325,0.4355440479818585,0,1.1120429366873696,0.3519181598154177,0,1.5128095217343893,0.2621166978532308,1,0.5140996146117534,0.1877054096090961,0,0.8260512813218785,0.22869772894989188,0,1.315303002813303,0.5310034157841514,1,0.6455782942417578,0.33330291537516943,0,1.8789781204140674,0.5669231743352047,0,1.2503115316935112,0.5811141945319023,1,1.4510242630755696,0.481276632260813,0,1.1576834942809868,0.2764412039777498,0,1.1104372756490668,0.27742224402334914,1,0.9168034246638899,0.3327873774237353,0,1.0312135973155137,0.2327541972323532,0,1.2314593465177277,0.30409654267360875,1,1.0443156749383002,0.4342165674271735,0,1.0153263803458343,0.4508248999496642,0,0.6341804325566354,0.24462027879899878,1,0.6366015788615528,0.19971075752618622,0,0.42493247279891905,0.18331002985851286,0,0.8664576524816934,0.3490171075127013,1,0.9578915773052626,0.20424366115147868,0,0.5778509397449335,0.25804020175956605,0,0.9000012003932529,0.18585477051901647,1,0.7541004337303565,0.2447926814986585,0,0.42148421473704323,0.055747052487656074,0,0.3035355918831564,0.05677838556919457,1,0.4930797558709271,0.19717124905569394,0,0.39574524747441747,0.16028048217307225,0,0.3961570076653465,0.11359939437147826,1,0.20290690899593727,0.13218854004765182,0,0.15620829114913387,0.1114278349948656,0
104,500,0.9,gb,0.8524843614420622,0.021892675199598262,0.04109690467885073,0.1475971294551055,0,0.8862126466689697,0.3964487171077003,1,0.48573996608647063,0.46596718906655693,0,1.3188925528070237,1.0909510073347568,0,0.35179184981499106,0.12217906480970407,1,0.28111879987286675,0.24459816459447178,0,0.358488395220141,0.18123930571400487,0,2.02286161040992,0.5845998215827702,1,0.2931583133010406,0.24959319807706482,0,0.7627381777589871,0.32935404836829335,0,1.9874388116320947,0.7259535256044078,1,0.719932029688397,0.5212211050696676,0,0.29826214831978226,0.23614231115226758,0,3.2992198223781903,1.353144892604934,1,0.31590548204789914,0.08905407866601708,0,0.7749295403579214,0.5783635108155172,0,0.11681537743878456,0.026597869520702568,1,0.5704944649414612,0.4067610075479202,0,0.7554720722120868,0.36878412292933976,0,1.182442447544675,0.3840956109203399,1,0.40200313984104846,0.4063188221453003,0,0.4015699687959301,0.38608848053491146,0,1.3405048445287862,0.7609727373836185,1,2.249145847848109,1.1488500399839876,0,0.667614317069027,0.561543594004357,0,0.4288943595202497,0.2686445075365406,1,0.27765276595297117,0.18922274980111578,0,1.2642646697937647,0.6774822897326696,0,2.998392093532929,2.0848290606012694,1,0.24606144197130372,0.29994988344559814,0,0.47692450392156616,0.16036732183907887,0,0.7745019698091968,0.501878008729862,1,1.429123944786302,0.4093355759979129,0,0.5666235034305391,0.5109463508145604,0,1.120442607351299,1.3580336911181323,1,0.27800485043512846,0.1328835936915485,0,0.4168318175548024,0.6902254538790905,0,2.7862531575628777,1.044058805338318,1,0.17212040445267027,0.10412983214126297,0,0.1902049014263878,0.1004567832112675,0,0.8358409343722869,0.46357427072381274,1,1.4697833191628438,1.0939622047022104,0,0.28176832654201034,0.20381154597835566,0,0.712271430890862,0.8674272217482255,1,0.11956536213486099,0.07630881505766009,0,1.0107813606844347,0.6564221004912484,0,0.8037417617157508,0.20042598896725874,1,0.4101512240299742,0.40132880749298977,0,0.5163357215381111,0.40265733520620584,0,2.3399781240898205,1.8466914757048751,1,0.7552535597527986,0.3502803060179527,0,1.3134004336684704,0.8311552312163305,0,2.149099662295188,1.4322805107956689,1,0.7159569801419223,0.4278109155476196,0,0.20530083624211856,0.1744145662873584,0,1.0841850102675925,0.5369260321136383,1,0.8115494440915851,0.28654576488991523,0,0.7892362940874128,0.5620485283213111,0,2.0365142672093457,0.6237290412513007,1,0.31591464711412753,0.40215771365174136,0,0.12193618404958825,0.1761931107549579,0,3.1611506544610024,1.4233799574257513,1,0.40407909942477127,0.36641055073641393,0,0.37733537677054674,0.31126448851616484,0,1.7284353747927317,1.2958282689834726,1,2.6050846117981226,1.0085224143249283,0,0.3927948168924148,0.3090847465637586,0,0.6657991041855534,0.35688543496908604,1,0.7360020641612868,0.2738057607382421,0,0.7963292654080346,0.555021836370194,0,1.9917402867200757,1.1769775603252906,1,0.3700293347297353,0.38342286835266787,0,0.6732506213592012,0.40294234892792086,0,1.3916333588849596,0.5700689189170477,1,0.2656722732249107,0.3546568506237114,0,3.484393194030293,0.7053717448478164,0,1.6535253745936167,0.6645192447892057,1,1.1179876738306072,0.637572066110223,0,0.7112035443545606,0.45928543708269937,0,1.8417176479137418,0.7645659173673899,1,0.452482411363189,0.3675414452139294,0,0.23318910179803748,0.19395698667076125,0,1.8172137015782766,0.592056910286601,1,1.506011698023832,0.6740437404957349,0,0.8707545438555719,1.173775668735255,0,0.7288469332425785,0.6596088426705068,1,0.5515486168252285,0.3475770033166395,0,0.20246245811633184,0.13791321051986624,0,0.9914823210860071,0.6487714064893152,1,2.0510198412199996,1.0187596474061988,0,0.6389427046337511,0.4657486199201248,0,0.7657551947896281,0.48333747693050394,1,1.1720906371003512,1.0209114301192996,0,0.7734646551741724,0.6233633434960295,0,0.31409437376993776,0.25516122827651017,1,0.5921660591404243,0.23849150084043388,0,0.40072485414694536,0.2039381051743884,0,1.0433682468059526,0.7753339205429753,1,0.03468878479686175,0.08515725940265077,0,0.02844378325418904,0.039831142611780515,0
104,500,0.9,hgb,0.8560119985352579,0.022184952174497636,0.17997235739709214,0.2411175339872121,0,0.8829045873220588,0.35737116932736696,1,0.4047514403808844,0.40946260336115187,0,0.6921639060860743,0.3404440384972461,0,0.38354765323330847,0.3044786283987493,1,0.6973408194650019,0.599599138250125,0,0.39939348780513034,0.5027506779639855,0,1.4512261375223992,0.7509008401396368,1,0.6624339450872376,0.23732967901914798,0,0.8209917492584478,0.4525478908089248,0,2.1659900805919703,1.4615209782368102,1,0.772647083072623,0.5421172206477429,0,0.2524053448293868,0.6752233046150199,0,2.1868895944582474,0.5834733715773298,1,0.395578471048068,0.4576857594032945,0,1.0923028675647546,0.8408444896052842,0,0.11237221703585194,0.15744763456971048,1,0.6039049442775892,0.2363483079340302,0,0.9080958879838793,0.4897540894779576,0,1.041275613489261,0.39137995741040404,1,0.41167921614032454,0.3363318785044969,0,0.24332210156410072,0.19425164662992261,0,0.8161312201832629,0.615844731037746,1,2.0149362980261287,1.213712233208615,0,0.4165569194819646,0.18028684032644138,0,0.4250334883302663,0.44286010478816057,1,0.9363571844105095,0.5402352137749016,0,1.198345910746537,0.8341864992442563,0,2.358426146147656,1.7646624663221477,1,0.23434742743128983,0.10327171792943461,0,0.2802105314098579,0.34369332479204223,0,0.932195963183118,0.5783694648304122,1,1.9828982510465871,1.3781348840124743,0,0.36329154616534104,0.3594851635966075,0,2.7577170748324096,1.787389550854036,1,0.32777875210084356,0.3322146148021814,0,0.33784070493417684,0.2417329012713504,0,2.1786683460845686,1.5804073817173172,1,0.31904479828039484,0.16556954092479625,0,0.2592916788476441,0.11048685976945229,0,0.530270847004855,0.37849565672957214,1,0.6364401482956268,0.3987757978586503,0,0.33200685640442906,0.281892990880168,0,0.6940067214908116,0.24368341355010328,1,0.3490198039276763,0.30253285872375063,0,0.5476445102118019,0.21844905181630608,0,0.4417139085394243,0.4089949497948169,1,0.7902797108733993,0.8217315835517705,0,0.638725334154481,0.3478749206594937,0,1.9176840431312674,1.1482713713337114,1,0.9337918275338823,0.38079553450832854,0,0.9423591584874474,1.0053741982545656,0,2.069189700739057,1.9908123165101324,1,0.8008036096330446,0.37866619506445054,0,0.40086203640226203,0.32679964331915223,0,0.9596445249350237,0.27753903607617425,1,0.9009645386346292,0.5162394755621519,0,0.5009587442852526,0.13093289630326055,0,1.8904140160820642,0.8426946054965465,1,1.0286570598258082,1.2741638425127704,0,0.22633983085883225,0.2533029165568869,0,2.335964235439774,0.8381542237962156,1,0.4623955642290406,0.4019542848928449,0,0.5850603775344774,0.29719356592985896,0,1.728534718043711,0.8676846861603614,1,1.7437612903183992,0.7842759993949378,0,0.5748767961437778,0.45810309526109927,0,0.5216447882715987,0.38507108983111477,1,1.238564511719766,0.8253554385251506,0,1.067759424780382,1.0582143936600827,0,2.6707600566379512,1.4826538851159574,1,0.5641434019407539,0.3176694694277973,0,0.3638831027797512,0.3682919142303456,0,2.198150884201928,0.863730317007809,1,0.4228384058925149,0.3067864317151456,0,2.1859927656924976,0.7714328396013463,0,2.4864981783135205,1.6197412976271037,1,0.799078296202767,0.5498427553715372,0,0.7885068975992292,0.6895071464583999,0,1.1500413111117926,0.36271632177102486,1,0.9346137876506422,0.5933253548033212,0,0.17003983669055733,0.16622905913632308,0,2.0120363948208517,1.2543923825564014,1,0.7348356041781625,0.4940724701805962,0,1.6574482853704864,0.5669260139744586,0,0.7651610491817716,0.4021799165858664,1,0.33710706013459013,0.23706922520725354,0,0.16593345055923492,0.15092683966230705,0,1.2781153289999356,0.175094375475005,1,1.2101564482412035,0.6858836630273848,0,0.5868323781053697,0.32008698005637765,0,1.2698942073953088,0.8969388050012866,1,0.7356427904503946,0.5092995108047499,0,0.29758980566510296,0.17320798885144675,0,0.3609713414269981,0.38643601604751066,1,0.5342507791154276,0.10278338604181204,0,0.6430584771618311,0.33397403938426684,0,0.6300540814657121,0.44175581238321215,1,0.12574870962381715,0.08821370473500816,0,0.14282329009574288,0.12395759196842428,0
104,500,0.9,ab,0.7192235316621491,0.03775048507897435,0.0,0.0,0,0.025789939388279857,0.2604977363727769,1,0.1532139049165242,0.34347496546342454,0,0.21274711766986187,0.3446153103254258,0,0.3449625600069172,0.2906020204494463,1,0.17893256592473147,0.2363405865442935,0,0.07956087037953097,0.1810237319755075,0,0.4643911270294697,0.4101102971741007,1,1.0607264272683918,1.2475386689795325,0,2.313301707410287,0.5714827792360596,0,1.3748259444500823,0.7357161795213342,1,0.927932873836897,0.3376428450672191,0,0.3168476824288847,0.23873749744407038,0,2.761224963184323,1.9017949882248388,1,0.7439267815613041,0.73305158592413,0,1.104619762689608,0.5559685224709162,0,0.1847778879915005,0.15568893165870423,1,0.6184522893208726,0.32394248135905834,0,1.665222174038803,0.35658379643258914,0,0.4412417194783364,0.31822979407648533,1,0.771240034318006,0.7055716897671175,0,0.07010475499252648,0.2019260220988781,0,2.1093750611028512,1.064755076292001,1,1.4556952973619137,0.8890992137305296,0,0.34055220423648935,0.4379219151948409,0,0.22390912660571766,0.1511977048863561,1,0.6557567761541774,0.4970784935810755,0,1.2450405081359741,1.1158295104506795,0,2.9056741130598462,1.8987591516777937,1,0.19980515032986154,0.21066011060578652,0,1.0404630107169917,0.8767450668551245,0,0.7418004607131137,0.4320178849400284,1,1.2481830732261325,0.7165677606088342,0,1.0820069957151237,1.1637880687254338,0,1.2582201074648491,0.6960682978407338,1,0.785794529729207,0.6042669315552388,0,-0.06471757684110599,0.2003052949428866,0,2.5158268493753173,1.2466945849443858,1,0.9384263200398305,0.9109878994335925,0,0.40232585277258737,0.40909010594583006,0,0.23336186617117427,0.31636399202975,1,0.9033058392539838,0.6880180908131404,0,0.03276698542592811,0.061211431440956005,0,0.3144236306504432,0.2965026884826692,1,0.3182188048758171,0.4380119129870348,0,0.3680669583043652,0.25324822736039626,0,0.286704994415083,0.4525372769711493,1,0.41183002677455727,0.42304232404999764,0,1.6234466088387094,1.1560494591668418,0,1.1710520139445986,1.2179193006420432,1,0.4573399622365873,0.8450570925999531,0,0.7707612682007203,0.9541280904292875,0,1.8400496434758644,1.391172220312606,1,0.9817922561656676,0.6124549530852477,0,0.4122435773688079,0.41949108990769157,0,1.0200300382773864,0.618316681030998,1,0.4821031446209913,0.6485153231385263,0,1.6950275165820705,0.799443863061432,0,1.288500164623033,0.8943830000866859,1,1.1921740744515068,0.9060581480364418,0,0.25843839001134505,0.4477217655273657,0,1.7705671806558327,0.44639849364359463,1,0.9083590748486337,0.5906574643683613,0,0.759563526632405,0.46600817800666483,0,1.8606141485331151,0.5530834096197251,1,2.123182867348624,1.1984796065198382,0,-0.0640879215390814,0.41706973037007783,0,1.002802254806517,0.53160528818309,1,0.6658424630438524,0.4334975192972551,0,0.5185884511287565,0.565775453869282,0,3.1667677658625975,1.125502068926411,1,0.14358223846836676,0.11031543293456761,0,0.3267274906733975,0.3484972562334161,0,1.8496393429329505,0.812145162767714,1,0.027786298171811597,0.6600160016508201,0,3.4373759855848056,1.694457835518931,0,0.513199171038705,0.5354768885683713,1,0.7886551749892433,0.8113802872059918,0,0.265727152741965,0.31380141696276714,0,0.11784361819917913,0.3143893106122176,1,0.14137681847298741,0.39408529083404276,0,0.18057750818024582,0.13447274759818095,0,1.935971838664507,1.8406337597008524,1,0.693261417493022,0.23527854190913441,0,0.5030608799781694,0.43426771152613447,0,0.43380556103438195,0.6745059381328692,1,0.34792394403021387,0.7854933901802674,0,0.11160916273465102,0.18859915708774475,0,0.50138280656075,0.8493710930815117,1,0.7522851432140867,0.8395777283035156,0,-0.0831659084880742,0.15349698860927827,0,0.6716018158211481,0.49580152404867645,1,0.638320835675092,0.4681678039184951,0,0.28075783053000386,0.25399597224690407,0,0.08111476029945672,0.21774439439754,1,0.5849599010881731,0.7712164011133448,0,0.47167079975290405,0.7388088295986313,0,0.10657543823953293,0.15868094128556887,1,0.12270094785518319,0.24540189571036639,0,0.18599306239596355,0.2474036539693625,0
104,500,0.9,bag,0.7522870478697727,0.03141232472311555,0.2694859846679935,0.39172921383224185,0,0.3389055808732935,0.2798545764516113,1,0.3702806402535261,0.37574211960213566,0,0.8245328825579052,0.38432948442276343,0,0.30082759790072433,0.6510246209452069,1,0.6472617663151914,0.42756136400916,0,1.821884732614422,0.7836940446114334,0,1.0178079721672444,1.0734841533030361,1,0.448630731546665,0.28071584282062656,0,1.1494281370757349,0.5765732759196356,0,1.6155312652846903,0.6887881517552823,1,0.43597822157799476,0.484889570891574,0,0.3998225963210641,0.1666439899917934,0,1.2581466441858207,0.9494847412699143,1,0.3632728122041867,0.425265009934455,0,0.3321680236998749,0.41268994858217406,0,0.5875105103250561,0.5710296467966045,1,1.0247792516174128,0.25973243796117096,0,2.236357904059166,1.9349774110510012,0,1.1505268094345913,0.8015127086319954,1,0.22188389550715232,0.4670066480976087,0,0.10507537772995754,0.1874568720104348,0,1.2121826761014765,0.7228492805596985,1,3.2041764360333373,3.155626592594531,0,1.330934049283599,1.5473437782524353,0,0.5109247207345662,0.8472102035971821,1,1.6620888205032447,0.9075730468212138,0,3.1432067670276616,1.7604647943751415,0,1.5488328033076322,1.1500379180871945,1,0.5784860389077505,0.6056520851623547,0,0.5609120119023705,0.5101323283582817,0,1.1331232486883969,1.0215558017282045,1,0.8111187268406512,0.7232528341608041,0,0.5951418951034879,0.38991350009196885,0,0.9533987346934291,0.6205908580916845,1,0.3180768162966582,0.39653048829037624,0,0.6037510964775138,0.839183614423284,0,1.9311426105906642,1.9363100700753932,1,0.42728990619079565,0.8004803276586498,0,1.3375899993910714,0.8690675502781554,0,0.6259517278754221,0.2922781081223981,1,0.6579181964207458,0.4200087476286855,0,0.8116040155042701,0.8888184243881554,0,0.4152587710803767,0.3515406262458646,1,0.2945031105344303,0.44674915248716496,0,0.170181690444916,0.646209835549568,0,0.4766137729996097,0.3876234514761269,1,0.7685230695224423,0.8118869556348345,0,2.0493965447148836,1.4914010077915547,0,2.1406668255115604,1.7540760601281953,1,0.6191727573597833,0.634829242713622,0,1.0364591953713986,0.23804698961105358,0,0.735863358296794,0.5912803614015895,1,2.0745624459432768,1.1487142528578902,0,0.15494698983382255,0.3787105076795601,0,0.844083727513447,0.8357160714257634,1,1.6290364199207121,1.047531526782645,0,1.0501820422832515,0.9989696113383718,0,1.0461530199220797,0.7307929524771031,1,0.08389367554127158,0.44314303450402726,0,0.34376177014989734,0.5023664240634331,0,3.5539865843182654,1.87637586257969,1,3.087967614524524,3.8291803158058006,0,0.29471246489074476,0.3460043895672345,0,1.0934377162806892,1.255237487665213,1,2.260509046531168,1.4082636362936474,0,0.098310744485449,0.21297897483764938,0,1.9401867322983883,1.564605890937611,1,1.2325900086225325,0.87671548805367,0,0.8257709043336477,0.7564889640991013,0,1.6591679738345344,1.4975573575522358,1,0.5788770353046512,0.7572045591637845,0,1.252041703995642,0.8148228077826785,0,1.1342966465544968,0.8544350967317647,1,0.8400034029116463,0.7018136435344742,0,3.095412381132421,2.460803618853679,0,2.648301309546579,1.4155619186469561,1,1.2303083009457005,0.608688908883561,0,2.0335229228699943,0.8113090139485056,0,0.8478899282799881,0.7733818772982124,1,1.0804334556391926,0.11812549028901971,0,1.0313259578750105,1.0672886533552939,0,2.0934145536473725,1.2784027368437783,1,1.2446348205453255,0.30442566769826274,0,0.7737460390210928,0.5785947868132096,0,1.167014636384593,0.7311519994654224,1,0.1928840642936839,0.6240828336250035,0,0.41871930959074116,0.5081064900294193,0,0.3486282438438164,1.3173897248231325,1,1.3907339911065726,0.6180373846862014,0,0.7167003735595358,0.5533197711150422,0,0.5739777257564924,0.8426090268352616,1,0.9545172309039172,1.004742356914952,0,0.0483888123838689,0.2468167852097027,0,0.24749016611147684,0.38246856895869813,1,0.6934290191653083,0.7831086795164605,0,0.23691349070754653,0.233547010570828,0,0.7486429960306149,1.0402607347705422,1,-0.135634584961308,0.2856313926180765,0,0.1542750879991907,0.26166201381506704,0
104,500,0.9,mlp,0.9880172475869144,0.0034385383015976658,0.02523112338466345,0.04768260824611225,0,1.4743940610221524,0.3206073524520859,1,0.10070313158421666,0.09500640638382948,0,0.15316101803499765,0.06797248872480673,0,1.04901401462708,0.3142148376646961,1,0.024939942179529682,0.026391911937324326,0,0.00937145040250711,0.04622770784849996,0,0.5676476945966534,0.0675645944614009,1,0.1360054602488418,0.14393074699428066,0,0.4153916291751355,0.1198513341299824,0,1.2020214026684974,0.322367964086413,1,0.08423786696904001,0.05114735789140788,0,0.1336105130744547,0.05644255119331163,0,1.4388474950569763,0.3841033605473165,1,-0.008363933847662774,0.059548319099967544,0,0.12287487117991505,0.18026398485594713,0,1.1767620979609177,0.43620743856351796,1,0.12700481661606286,0.07591242253712197,0,-0.017222173385895524,0.04519422053180909,0,0.8560320870011182,0.3409017007106093,1,0.1408017442515939,0.13791069498461098,0,0.12411105409714307,0.08449556482724693,0,1.0618438415127638,0.4066368428299938,1,0.16510616392945765,0.04715027438797671,0,0.025500558878101653,0.036775025111825926,0,1.2360258233604056,0.4321926828523124,1,0.21991892133587068,0.14944853435517547,0,0.082553886267164,0.08926914733890098,0,1.175912534267184,0.3483952416877642,1,0.10330477646325247,0.1272750300479025,0,0.07034956024306607,0.07828609843575599,0,1.2632432643266847,0.4061288998426899,1,0.21534167727177939,0.14769691598588325,0,0.027721355659289036,0.04014782122876726,0,1.554219802288768,0.5113081046301003,1,0.038665490635215564,0.025492935953978044,0,0.13607862820919764,0.085832001894831,0,1.0119501083045288,0.24229042836949635,1,0.005351923843994474,0.013830504573104604,0,0.12745164464050496,0.02813687470903084,0,0.4247842899206929,0.25940005214981093,1,0.07980923498344139,0.09968781930271993,0,0.01940671882838543,0.0942016172739367,0,1.2328060281554958,0.41981221790316364,1,0.03170932189004991,0.05603966164624128,0,0.044266030589439245,0.05196879602959373,0,0.6495546369160016,0.10480888484177346,1,0.14593183181817732,0.06836283305899546,0,0.10604640187503962,0.09226942876548593,0,0.9948329434497293,0.24196362423859713,1,-0.014268275104813438,0.025170460422597282,0,0.22015582882308288,0.14640086487222445,0,0.995474490314526,0.1985154819859337,1,0.11769962652548627,0.07691080211467825,0,0.15387933064661105,0.0601673332598485,0,0.6996791268419281,0.10121807450704448,1,0.03844582263230994,0.02896901946749338,0,0.16716790378079482,0.08466050545448511,0,0.8834625554855456,0.18627797414811484,1,0.09057628160416678,0.07793934041457097,0,0.06699422333965273,0.038889531405365066,0,1.0330405332942174,0.1359391430607037,1,0.2527764155093803,0.12741677354340405,0,0.11541221130829718,0.06422568646842783,0,1.879543764395649,0.4185772823063489,1,0.054288196905208155,0.0547840463473331,0,0.0007223743017376778,0.013734994787275688,0,1.075100118582106,0.4161953455096101,1,0.17184322606709,0.051093548366130975,0,0.05016217613561351,0.10267723595218398,0,0.7829616933509427,0.32382679497954375,1,0.06121352372524769,0.07408670290306513,0,0.0549688862091053,0.05468629059290483,0,1.0195489262511086,0.33603184824446797,1,0.18523491724614766,0.06734762230487447,0,0.05327429514792217,0.11536585206638522,0,1.5672644251118928,0.4846292102746292,1,0.006214056491696687,0.044724119119285984,0,0.22122491240414802,0.15864907727425615,0,0.7987974368265023,0.17511399383231357,1,0.020985878754317674,0.05309137831972226,0,0.009681420853359593,0.05647057804462539,0,1.2124640567619522,0.3988867296324358,1,0.07595177522197674,0.11665825931429356,0,-0.0034940495642266076,0.053452008624124706,0,0.8729455174497123,0.36764761798096973,1,0.20551699567270637,0.1889509548033964,0,-0.00405032015404169,0.01984812809972633,0,1.3355209117318023,0.4924639326378681,1,0.2523626963218618,0.11699472794463983,0,0.23006255752087573,0.21690152137379143,0,0.5052958922186026,0.24244158989107392,1,0.1081888540185036,0.05424592023472913,0,0.1798269352281225,0.08568711869104802,0,0.8642929328890693,0.34639660972366615,1,0.1121682523384343,0.10198368046240683,0,0.07397656802527744,0.057603215035550374,0,1.7448324352308997,0.5178303295226302,1,-0.023121343102539993,0.04020642279785198,0,0.04661954643399489,0.041852846931467395,0
104,500,0.9,svr,0.7668012407353755,0.044974125025257404,0.33355996925967357,0.12362979157589478,0,0.7132948673901442,0.14715326979819346,1,0.6283684762436149,0.10497954873752931,0,0.6978927119027306,0.15078701435800151,0,0.6963448302859135,0.152114151419315,1,0.7807036746606407,0.11603398036307487,0,0.8663403720689375,0.08782911498045562,0,1.1785604050794123,0.12411682450828285,1,0.9534426932379428,0.06424795093469887,0,0.9457325401959713,0.18791367148162114,0,0.9481586518069708,0.09197174084085286,1,0.9549923333015327,0.12110305566991744,0,0.9397544195682063,0.18099959637201812,0,1.1475033474542333,0.22960468408566623,1,0.7119164362458781,0.2157800131279318,0,0.9439068146956139,0.2684612398489069,0,0.8405773563773489,0.24007572238818442,1,0.7504432818464167,0.18401459165433182,0,0.7489140844099178,0.1982071400912437,0,0.9249042542788215,0.22006131730066114,1,0.6727012245445743,0.20698319314522712,0,0.8939357694876188,0.25698703714191373,0,0.9860618967404227,0.2541804976094411,1,0.9957511193257937,0.2810768763431786,0,0.7908291179283848,0.13613040661208925,0,0.9601781461907513,0.16746139594828446,1,1.2059658301638154,0.34007922621752146,0,1.0062526832511431,0.13941343283008664,0,1.0609710580195875,0.1830382291103143,1,0.704435828594365,0.10674753861422538,0,1.0442442360969455,0.13748755010513208,0,1.1173004732379392,0.1282074359125512,1,0.844434390925743,0.1381550009948908,0,0.5766969852990836,0.14462552382606886,0,0.8146270420938955,0.2782915667601541,1,0.6334754186134159,0.1353833665703674,0,0.6649273939862758,0.164955614901048,0,0.8811635696071738,0.17892359491947443,1,0.7703337461544416,0.20882452689819164,0,0.9395804516662712,0.18031049179625944,0,0.8994933166210061,0.2588645060464961,1,0.7435251758360418,0.18690284615648137,0,0.6990800915169872,0.18706265467232955,0,0.7561235155115964,0.13820341380462028,1,0.556353802193011,0.18089848872297384,0,0.7004319545628341,0.2530323680217626,0,0.923856592667773,0.26592842960512536,1,0.9271723571017849,0.11075159725673266,0,0.8881204495238613,0.1172355981740256,0,1.0022045565302995,0.1581951423028811,1,0.8677486481496025,0.20677636030872817,0,0.9891193876976662,0.20378888051490707,0,1.0326967479935698,0.2567307634711369,1,0.7317175519891217,0.19343513955543565,0,0.7482610704061392,0.16125239011074213,0,0.8929201852461226,0.1822663813981873,1,0.9499082923600023,0.14645722826589067,0,0.8911613404528008,0.15052461740834522,0,1.000407322457018,0.1813062232091137,1,0.7395022766456315,0.16146019392341543,0,0.6657383973270256,0.16433453213246121,0,1.0116022467791608,0.13182355063897824,1,0.8752265796972132,0.17007650937997837,0,0.8229083421285515,0.27260100658224334,0,1.027035683924124,0.2560700977729442,1,0.9638883915426998,0.19692978264575745,0,0.8897255362630314,0.06068336350197775,0,1.114015937089648,0.10605784835517666,1,0.8215965396202904,0.15406204679820762,0,0.8844552087246154,0.17763110527578108,0,1.1594580322678907,0.2935213475307548,1,0.677111295852375,0.11649124606212745,0,0.9980978381034482,0.16987055092357545,0,0.8006446979057777,0.10767966688925755,1,0.7958566704377688,0.05140954488163073,0,0.7992118622446232,0.07858967346787114,0,1.0581698120219214,0.0853349776704137,1,0.8193121901255578,0.12801043793266034,0,0.7843648543830646,0.1332121444751377,0,0.9999164343748788,0.12981950153765875,1,0.961861658895053,0.18653099441610296,0,1.0182531563561867,0.19934161112173385,0,1.0558575057435249,0.23505664492099912,1,0.830145073431963,0.3386788505354653,0,0.7632528883237392,0.330910205331974,0,0.94736683445165,0.4160758253335026,1,0.8179183339949215,0.34912061225099655,0,0.7581014702590669,0.34872774388123917,0,1.0302048996332882,0.3485911606109857,1,1.2666718013108647,0.3941501615422724,0,0.9653650790694013,0.26742822706709724,0,0.8935079756932719,0.3029097616975383,1,0.6474823841419981,0.19725843791085085,0,0.5399760118055804,0.15221728350954986,0,0.7235976051634629,0.13751325946998683,1,0.6598696018650239,0.11067781202806336,0,0.5681666317793492,0.11347069104235534,0,0.6257830620783474,0.2122834327007588,1,0.45573951013309194,0.21649672502407238,0,0.2848918633480969,0.11338181907054962,0
104,500,0.9,knn,0.866349294440516,0.01913023262444937,0.24704023363779176,0.44314320241677624,0,0.3713939207320188,0.34065857583772063,1,0.417841267854135,0.5971193482562629,0,0.3048920296338367,0.2156593408579968,0,0.2761091381021105,0.36104671240393466,1,0.3610502302831673,0.4157182836917144,0,0.4297191485173036,0.6180256419502401,0,0.7363366275909305,0.5354257877462016,1,0.5058340536501601,0.4807886347480542,0,0.8613467572284927,0.43036243747569125,0,0.35549641715559244,0.4177739294063765,1,0.4457201885348864,0.7738104389765031,0,0.8903932947679827,0.6936820842763992,0,1.3253612527379026,0.7896429915388543,1,1.0778434349009942,0.6795186994685823,0,1.0577083840610162,0.891695419024267,0,0.9944408599941787,0.5586704580116836,1,0.624208983338813,0.16656208974618664,0,0.41799734667367777,0.6822320404015327,0,0.539744835746338,0.8950723601179728,1,0.7176642541484012,0.5892349204832866,0,0.7715304878054269,0.5206146775699805,0,0.9812310778651673,0.5797987640526192,1,0.9872828052871772,0.4864166342613671,0,0.9455970264607082,0.8657342267807632,0,0.8063466895164513,0.7311517362912772,1,0.8011991639233823,0.7110154085403793,0,0.6011379367168502,0.39210305627947134,0,1.0337696079302454,0.7319544881947381,1,0.9572320065459635,0.6615110494813851,0,0.77048195706128,1.165726129237705,0,1.0310427657428014,0.9056128304982537,1,0.9595369311095816,0.7139772843306913,0,0.4933626082810159,0.4414139109483767,0,0.8152439429251048,0.4327353430327098,1,0.697486669632301,0.3570542729065177,0,0.7306739338448393,0.40278293608046417,0,0.7896249660526673,0.3570306585371409,1,1.2343088267833466,0.16122695083773209,0,1.1569775134074665,0.4183415533211171,0,0.6948318901622108,0.30671881971261516,1,0.5607673785556886,0.2398924744507076,0,0.22024086422397735,0.3380592137395217,0,-0.13600647930755375,0.5050990716050754,1,0.32975260531754463,0.5855410110776975,0,0.5237719144233797,0.6940266205785538,0,0.2761706417229586,0.6910689993911159,1,0.3733713521180288,0.35048435777404713,0,0.7462165691158046,0.5102642766445444,0,1.0377288568867589,0.8457541372588313,1,0.6703670920413629,0.4982271626284671,0,0.6380477984766567,0.48535477392992643,0,0.8368748959310637,0.34456027377130083,1,0.8452270742565793,0.5542189722376992,0,0.6328896140198994,0.19187848015178377,0,0.7453052637837636,0.46842840044575845,1,1.0925463866793308,0.440554958701874,0,0.5414598580729044,0.46047475730711696,0,0.5214575865284488,0.35797510679092126,1,0.3350570978295204,0.2971068420684391,0,0.5472563960093413,0.4156594964106449,0,0.259704232924888,0.5768104114816108,1,0.4557512035686068,0.6201032651576673,0,0.7033668075617671,0.7274164935968992,0,0.5726218300246967,0.5078063390259225,1,0.6214784275346565,0.388688065372216,0,0.7682972029426918,0.22881526065231822,0,0.4590828595975845,0.5154202052064281,1,0.5714106920071196,0.7984785576019953,0,0.36585825600435873,0.4229720450516282,0,0.7364555371359713,0.41126290882721966,1,0.9325354269572086,0.5447487571938706,0,1.1217906396305395,0.7965801067091847,0,0.2293241146842421,0.5731193878353966,1,0.1149338301376032,0.3408272032686928,0,-0.13350124890297757,0.4946299252380048,0,0.6163165909920038,0.5224598517382595,1,0.1846432430581162,0.8762846093938754,0,0.37081253441769224,0.7359380636171406,0,0.553548232523615,0.5652979620132015,1,0.47950253242343804,0.5016530912064674,0,0.4520130024900374,0.4405199466340309,0,0.5570493933346272,0.6762371386022934,1,0.3687004521217962,0.49318696692470443,0,0.6356335300069338,0.6490972327980263,0,0.3938427990665032,0.6807341839158503,1,0.43545194440452495,0.43630446168589904,0,0.04017176497935676,0.523758240491066,0,0.6209056249619513,0.2985722691264314,1,0.8108904115641309,0.3053448119007025,0,0.34066809234427886,0.555351018056304,0,0.04548718447244635,0.39303464588225284,1,-0.23635242589108935,0.488137443075499,0,0.2212377636354156,0.6812112611490065,0,0.2548324755373553,0.5960509108326323,1,0.47478257714327315,0.45267148035555865,0,0.36942741293444115,0.3327947652050882,0,0.6689823588420755,0.6681163328799897,1,0.5419603083503961,0.7436848239332423,0,0.6138095282766651,0.5183571109757182,0
104,500,0.9,SuperLearner,0.9935523046792867,0.001382245812613672,0.009136056579369023,0.010445723310310998,0,1.8690693815572341,0.45902478541719227,1,0.018698353443601167,0.030674423205452002,0,0.13572334433339994,0.0673860759499961,0,1.519687137268368,0.21252170471463122,1,0.004921304767924244,0.008862967385801956,0,0.06714864640866458,0.04204645914940255,0,2.63679026166849,0.15103589126072303,1,0.01849312319856084,0.020961405374587662,0,0.028767504984719104,0.033263819636932576,0,2.363761707762665,0.4992331269170907,1,0.01429365351527936,0.012121229551540607,0,0.011970547750614433,0.01545592829858354,0,2.388522687836125,0.6244708944018312,1,0.06286304317205288,0.036680366127834776,0,0.014197382370682469,0.02385946753861195,0,2.0005555581879038,0.3790115216091314,1,0.06229978066349656,0.05299925379743893,0,0.042427810609684063,0.05320209662123993,0,1.6014341437618405,0.3948180596370793,1,0.034821184954192154,0.030499786591941334,0,0.012418859558683815,0.020377898026040113,0,1.5631033634558034,0.4593637160483903,1,0.03297763099100656,0.013591634032786399,0,0.040337447461033564,0.027135369432050745,0,2.342830971897589,0.604233197563233,1,0.05994863695696219,0.05026870306718877,0,0.03435723031944033,0.025337719408911413,0,2.7195000796930846,0.7064054859956411,1,0.11809611088414554,0.0972456487350832,0,0.031792610903693556,0.022213897220612566,0,2.575772613027442,0.40468008559858143,1,0.05040676510267668,0.05455875410346315,0,0.059005235065564376,0.01879624375861512,0,1.6622023638518428,0.2599884752224454,1,0.03415523260527416,0.024056230997303505,0,0.06268133188918595,0.042623217078257315,0,1.1702517518387037,0.1885016952024945,1,0.03679577922086401,0.03203255875906378,0,0.006298717822073935,0.01608304255731727,0,1.2187058347887108,0.31899306469096617,1,0.022365799181176305,0.023950505627188097,0,0.01272183719226297,0.01112194278687885,0,2.3191718075271486,0.29741034358938057,1,0.054982980094812686,0.047229000600427395,0,0.03335460836681327,0.06492310057133209,0,1.3230813183700187,0.254675328569308,1,0.005033340436810844,0.011445719176873813,0,0.0274029129209434,0.03302190640123683,0,1.8715421628538127,0.3295830233948577,1,0.0032740049152219473,0.024026358909980648,0,0.012356425089264702,0.019649553658812508,0,1.9917258398430142,0.19833529930894897,1,0.010440827696867305,0.010033150003371447,0,0.13352899824022718,0.03505346519307447,0,1.1557593760566218,0.2826967899044983,1,0.00822435681336073,0.012614077749695751,0,-0.0030592506526454597,0.013108161042683263,0,1.8095101146171857,0.26393976970023336,1,0.009524448043021844,0.009462061384364298,0,0.018375844692932925,0.00951588465387661,0,2.3802661380315984,0.237183619096874,1,0.021383125623550794,0.018489213774621767,0,-0.0004373562184306375,0.00885633709895514,0,2.4546551311968856,0.5127195607465104,1,-0.00011178345904385985,0.010271444164783011,0,0.03756066945907046,0.03182861027773466,0,1.3616255118192406,0.25642023793850244,1,0.033783080932169376,0.03268472064783222,0,0.011856064376603196,0.03734334041552538,0,1.879232210676521,0.48515571541049296,1,0.018273312874358166,0.024674818795638348,0,0.04739948901435786,0.03298529768019603,0,1.9526425103789429,0.5789201460948333,1,0.005172833084398031,0.008944840291285188,0,0.13367868521380938,0.09840678063439831,0,2.8807954482180547,0.6158622597083686,1,-0.005710851819208276,0.022345351440194953,0,0.11072665276965732,0.06222853145468884,0,1.5905099386251382,0.36924888779856113,1,0.07832012583191014,0.0483788520815537,0,0.01644088860364213,0.015239053932072654,0,1.8064732407895998,0.3613441129266495,1,0.01949646925257837,0.02729660425885235,0,0.027836888561508382,0.0364859904134755,0,2.2995402490173884,0.7547304612336232,1,-0.012027209750899444,0.018508547334338696,0,0.02108574015204546,0.030263689698031317,0,1.7062894528462238,0.6203927623589615,1,0.09187890786724344,0.09122856544428519,0,0.10632763482791008,0.09004939203977816,0,1.0410710827452134,0.3352766564639759,1,0.0054454787638146054,0.013092349220102124,0,0.02747623990610697,0.02632524428425124,0,1.0617023034197015,0.3195975940579564,1,0.10911048070529183,0.0956591473442079,0,0.011193019182918085,0.025297634323616442,0,3.199717751478907,0.701116285700133,1,0.006813354166565278,0.023668941895854445,0,0.0007534039549612858,0.017669366885683865,0
104,1000,0.9,lr,0.9935693351806083,0.0008241086395528967,0.002991005458081927,0.005723652226485537,0,1.8132408824641466,0.4496592948817277,1,0.022040154636151707,0.02836219101018016,0,0.005045393160843124,0.004060887601344907,0,2.2794602533908597,0.2591267909365778,1,0.017646901042400034,0.013021500114748247,0,0.029855008057553634,0.019372087591135376,0,2.226490214621868,0.5285372044934714,1,0.025895760293033136,0.025515045863210205,0,-0.000736209428197891,0.0021013241897703044,0,1.5344865153655287,0.373705090815554,1,0.005077274186259232,0.004968059035486877,0,0.06720678823268968,0.03744300947424595,0,1.5585076833295524,0.39062021601520813,1,0.01067255205961917,0.015431470794963783,0,0.04154171185289584,0.03934188308813252,0,2.2349348708247474,0.29611295245708874,1,0.022624085353437642,0.026422648495422627,0,-0.00025141561280456437,0.008289063690778333,0,2.292516801195383,0.22700164729929193,1,0.01036151387338946,0.00721174011814445,0,0.026440135370724455,0.02365968118467041,0,2.0405493928985243,0.35578481825290503,1,0.0017203749498656117,0.010697158543400979,0,0.006484321916753999,0.011184085141875019,0,1.7439541098940026,0.09958014381675016,1,0.002684462733887832,0.00586692050140678,0,-0.0020483088779098824,0.0030523005575337605,0,2.031588127114951,0.21412092578480535,1,0.0059391336386673136,0.011410623499362041,0,-0.002656391291506564,0.0028341608781603336,0,2.2015458263577825,0.26939527189023466,1,0.04114925216923632,0.018761165820021925,0,0.028079910184189916,0.02374004710431058,0,2.3434018397888816,0.3551282637511644,1,0.006325688972244024,0.010674545738489014,0,0.019434465391010736,0.03073555996989383,0,2.119918353163132,0.0628172703193155,1,0.024434142900512833,0.029062112561560133,0,0.037139635546133455,0.027463680628338673,0,2.211668757759065,0.28946325454683136,1,0.017132585469281834,0.017309804614622185,0,0.04279486545361005,0.02232985656182537,0,2.0144390926946487,0.21687915661484086,1,0.016245530789292046,0.028011493023707593,0,0.012796799321822202,0.009829608533742016,0,2.4402859939062016,0.5108804997210347,1,0.025010101449803285,0.015262765374810057,0,0.00966028489484964,0.008234718974966828,0,1.9673516989258164,0.14582978601306565,1,-0.0003367161858086992,0.0014996659509892121,0,0.009445759374324547,0.013968615275583376,0,2.164982937050889,0.2535735872819387,1,0.03047237924664049,0.012254804520782302,0,0.001216910589502462,0.0024456114930462734,0,1.7235035954514326,0.12521756130090633,1,0.006257148260246305,0.007785178354302418,0,0.01226811836922764,0.012476180834713487,0,1.8825462733712626,0.1162394439681939,1,-0.0006711328544495527,0.008490924396558863,0,0.009320348995785946,0.007113865382367725,0,2.3814450727589547,0.42612821226251923,1,0.013800288389617854,0.033227866459514595,0,0.008341606983199343,0.0184248502733578,0,1.8367293728824279,0.23963556510265832,1,0.02188144197651851,0.035225098775122095,0,0.040684866699200156,0.032812337809058005,0,1.920522611040484,0.3955237950331196,1,0.0013002990314077943,0.006377462716297705,0,0.03298117052245529,0.03185861957659927,0,2.0684415831305403,0.4973093761128683,1,8.846898969440062e-05,0.011178530210779738,0,0.00587524360929473,0.013280069123432249,0,1.4906982840203948,0.3167496807714154,1,0.04441544130198937,0.029368810040738453,0,0.045625316890781066,0.02828102481315406,0,3.0624455095034375,0.5058538570332584,1,0.07661006404377639,0.052228603514251966,0,0.045776977263412164,0.05094317978355387,0,2.0616869406222476,0.28780067357957734,1,0.00377230422406266,0.004023202914665475,0,-0.003278708418394915,0.0062081687978194425,0,1.4634702336401149,0.2465271765147969,1,0.012744235739373461,0.011932960229035396,0,0.04383675181402318,0.04048957258701474,0,2.0654659829586106,0.42930408570857137,1,0.01436514848941418,0.00944759860438877,0,0.017372417177624003,0.015935708443092094,0,2.3232389254921646,0.19774575264352942,1,0.0218908005919679,0.00921417441055671,0,0.09336388385276076,0.06837305833259538,0,1.569378211874246,0.21941564375397887,1,0.007083056487859393,0.008024657395218791,0,-0.001539179115582244,0.0022436889932448884,0,1.8101667584710555,0.14714108106952356,1,0.008778398362370049,0.00877900032578537,0,0.06716270186245368,0.030521097158967562,0,1.5704102949303156,0.21914426233332177,1,0.003954652001229719,0.007955384573305574,0,0.009894299143687443,0.00848877311697869,0
104,1000,0.9,lasso,0.9530967994457364,0.004106386387734921,0.0,0.0,0,0.524263177783045,0.16325485759170844,1,0.3017594755009327,0.27303834070112487,0,0.0,0.0,0,2.4567604619144996,0.529685613651593,1,0.015818881447716125,0.03163776289543225,0,0.0,0.0,0,7.074495422151829,2.191464803294584,1,0.0,0.0,0,0.0,0.0,0,0.7594344492509129,0.7151976033873196,1,0.7036997290978471,0.4682804361779238,0,0.06933724408846842,0.0851338247939917,0,3.903595236109562,1.134884021767217,1,0.0,0.0,0,0.03171887812390714,0.0634377562478143,0,1.4443336536508866,0.5734142393232403,1,0.0,0.0,0,0.9666371205531163,0.339131957859853,0,3.094273059299391,1.2555572814235503,1,0.0,0.0,0,0.3461915688831093,0.19688477289332035,0,1.9181918571395282,0.5587025490982783,1,0.06877022234274668,0.09028249186026265,0,0.13806568368973562,0.258233999910483,0,0.8890352127209997,0.48043781288797105,1,0.6005071250368033,0.42266804317629325,0,0.5598274482941872,0.16805758207882326,0,2.297439989911528,0.5003408951635037,1,0.0,0.0,0,0.1168768810746712,0.14349158450883287,0,3.7844236972907743,0.7126435723121685,1,0.1090420170085298,0.1159653737339126,0,0.0,0.0,0,2.25721698216505,0.36671568712722397,1,0.0,0.0,0,0.0,0.0,0,2.745535750288844,0.605494562368903,1,0.3334541039458927,0.23652883824588067,0,0.0,0.0,0,3.69993295232607,0.5639726337166124,1,0.017139938034542404,0.03427987606908481,0,0.0,0.0,0,1.8380340959051977,0.22455802932694782,1,0.0,0.0,0,0.1807073401515937,0.22192600910106508,0,2.904969018016847,0.7012049669514825,1,0.0,0.0,0,0.050449292517188014,0.10089858503437603,0,3.3280324312094534,0.36739229001229057,1,0.0,0.0,0,0.5423544957764423,0.3533750056256598,0,2.2800264257112426,0.3658882137703683,1,0.0,0.0,0,0.0,0.0,0,1.740290826797586,0.3364224533682912,1,0.7681365222355307,0.31824730682172264,0,0.0,0.0,0,2.147789203615506,0.5100169259837235,1,0.0,0.0,0,0.4082422889030576,0.22452579932562927,0,2.5609536602491474,0.22437008913567885,1,0.0,0.0,0,0.19598779563157542,0.15907807296767817,0,1.7585281453975998,0.4485480224977445,1,0.2715156811235403,0.07767724403436747,0,0.0,0.0,0,2.5649935028444197,0.35211554711862086,1,0.0,0.0,0,0.10713593182394285,0.13661288392789778,0,5.889046067984673,0.7878872509085515,1,0.0,0.0,0,0.0,0.0,0,1.5040337269266466,0.26841999058099003,1,0.0,0.0,0,0.0,0.0,0,3.763803378409783,0.5568509274082026,1,0.0,0.0,0,0.0,0.0,0,3.7886257329182618,0.5687820385357858,1,0.0,0.0,0,0.0,0.0,0,2.642259876351841,0.46652616287376386,1,0.0,0.0,0,0.0,0.0,0,1.3747710855384936,0.26257287898481807,1,0.0,0.0,0,0.0,0.0,0,4.0622569138168885,0.487885429620621,1,0.0,0.0,0,0.326366126409179,0.25174829175561,0,2.586413156754344,0.6413475391502074,1,0.16925494834659546,0.19530261318434455,0,0.06836139234983103,0.08398359901797942,0,1.976047278078918,0.5766216706733034,1,0.021501175973851733,0.04300235194770347,0,0.2165649430175102,0.19537094317629433,0,1.107979803904558,0.27197595396011853,1,0.0,0.0,0,0.0,0.0,0
104,1000,0.9,dt,0.3638524842990586,0.11230202307248259,0.956013516265369,1.0506024629941173,0,-0.39654999013734293,1.3912906804247853,1,0.09667283922552743,1.26364391280397,0,-0.7717080485761372,1.851193454539393,0,0.3302446217407157,0.8873176407458265,1,0.9693104346903564,1.0112081156493975,0,3.0576775364954045,3.7105997992948354,0,2.6946740240956797,4.635544558954916,1,0.8247339023666541,1.803856000045722,0,1.0814106530104581,1.4818088057631456,0,1.8490731908118838,2.4630943571472783,1,2.0446494416440926,1.791913233015814,0,2.73467743790492,4.1040949312673956,0,0.30649288267483155,3.696336310313135,1,3.070655069775492,5.946082965395082,0,1.1550571726978092,2.3522182241400866,0,0.5076396329547153,0.4681012609385245,1,1.0609690371338183,1.659170140069769,0,11.7368701163307,11.776092274024915,0,1.4083944473294738,1.5354377409339175,1,0.46754725776175443,1.1636800230190978,0,0.3363680175596073,0.5187562779935182,0,-0.5665577372163467,0.8587354920017378,1,1.6431754754783223,3.3942518205557555,0,0.1729245102047839,0.39942207782029,0,-0.22732829911609595,0.8495183117151254,1,3.086850126440679,4.652925335499301,0,1.2606873838926933,4.173304326988377,0,3.599068965413906,2.631385279675007,1,1.808499459849117,1.4314588911326467,0,0.19905957102286548,0.9837744953998248,0,1.1011116185473997,1.8756854380719705,1,-0.8487776573443966,1.3631322862450883,0,0.5868845706484003,0.8914811228902718,0,1.573518703565993,1.5687612222295557,1,-0.0450735564723014,0.4483213686986943,0,0.8064965840644824,1.4592638602334025,0,5.94933651009684,8.228448812306771,1,1.5641567110426922,2.4243493157241303,0,0.9675883971962141,1.5727395829066397,0,2.9287251828516325,4.070445081816934,1,0.22892866839949155,0.8519582102617149,0,1.2660614844425457,1.0577124938120759,0,-0.05544280773389967,0.9914621251617937,1,0.7471461242262298,1.691181131699267,0,3.2798604478255897,4.250657627183962,0,-0.044635389401343165,0.342459417787804,1,3.257085349263929,4.057854356228934,0,0.4744908476258497,1.0683882247883787,0,0.4589883645860067,2.656411004791195,1,2.0260698434871784,2.2118881128808066,0,1.5817106138838386,0.5553557951964361,0,1.6139640034601226,2.126584934305906,1,1.1072002519647106,1.5199016547278468,0,1.4798197753469937,3.15001901355154,0,0.895915425896952,1.6546968885854072,1,1.6433746713196584,3.6979825986327968,0,-0.1066091216151535,1.6623218630249303,0,0.3236000768690646,0.8653489892432034,1,1.1180392583832675,1.8559858929079,0,0.4200555116074904,1.2508149592574629,0,2.1456603565552945,2.542045043067434,1,0.23166768604425442,0.577722701925805,0,0.4692057690641166,1.143110059957147,0,0.9399135108339708,2.8892387674065017,1,1.5237981015555715,1.651345081869291,0,0.13426569190913779,0.48348850696734313,0,-0.9366673637347276,1.333199247486573,1,0.5522824939418705,1.1115062756854002,0,2.2795310824686252,1.9740850886226662,0,1.7050828039835237,3.354520481754731,1,2.7622103884782447,2.8589928986729904,0,-0.010742033750302537,2.0098977660975064,0,1.5946565889839988,2.3294505916964123,1,0.4224376207787267,0.8342398133736211,0,1.0838353118721868,2.2345202111913824,0,7.2958048209034585,6.082498606657837,1,4.749929871867015,4.497002142826912,0,2.7442314655832902,3.5559645704524687,0,4.658622042705238,3.9400937869077874,1,0.5047616508757762,0.7902218334673425,0,-0.4633353295351753,0.8326999660886135,0,1.7760532302709624,2.786620570705897,1,1.063849440815679,2.1368617101641227,0,0.008944497351978864,4.010149657551236,0,1.3164694897468743,1.0223918848030127,1,0.028506576907715343,1.2055225861992698,0,0.2751704170096837,1.4302855063574929,0,3.1154859627075497,4.521502274381567,1,0.6295771616721122,1.7187010887283418,0,0.4751158699297945,1.4555328697587757,0,1.8509339006576702,2.850802234832598,1,0.9318019075778567,1.9312576924916574,0,0.3643110516203881,0.867180209327584,0,-0.03811601432056029,0.5046628635995478,1,0.6580487378052251,1.705438561499184,0,0.9662686856080029,1.3411618821821316,0,1.8083527385698257,3.573589319246071,1,0.9215793568117961,2.099444235623484,0,-0.023234337874248178,0.379743796608242,0
104,1000,0.9,rf,0.8254638469940803,0.006097578369321264,0.16976275717025885,0.17578615041621345,0,0.23094167733989238,0.15471896105875124,1,0.2203805328165529,0.04460944059350696,0,0.393938826251618,0.1378020027236412,0,0.3577930935125089,0.17488860070497467,1,0.723393858953216,0.13734742663001245,0,0.7653801211765225,0.2852259103872566,0,2.1280648150578676,0.5770517382298479,1,0.7825237039550076,0.3698751888503174,0,0.6343880540482221,0.21464985689317176,0,0.8783192828840434,0.5305768370738577,1,1.03017255209099,0.38848150964526335,0,0.8308646204183793,0.4187977359960449,0,2.664565743200418,1.4763788523142396,1,0.6718559668687256,0.40127998581951974,0,0.9787369841386354,0.5678238571899633,0,0.6808411404674347,0.4547645365243622,1,0.9674553412852085,0.2393804944826237,0,2.240024803388262,0.9576567469070966,0,0.9633318517728231,0.5264898476687123,1,0.5773601021614875,0.2775788455791895,0,0.8789287584519044,0.5396814029225997,0,0.7044790923264846,0.21711326724021707,1,0.9323148741034369,0.39817783282177105,0,0.43374022054971817,0.133566851956443,0,0.5294791877041882,0.20920166155451772,1,0.9370381703365203,0.28284891344221286,0,1.1826718418994955,0.3602624343409558,0,0.9616013020096368,0.3563127613608256,1,0.7893342446196191,0.1710675963987842,0,1.1733155509964939,0.2614069231910793,0,1.5947751579125309,0.746662328934848,1,1.1522752143218928,0.6402253157481681,0,0.6081117922944413,0.18139098237166415,0,0.8873449201808604,0.31847126040214996,1,0.6392715346750234,0.31534590123923484,0,0.3871351360841696,0.20337655655067563,0,3.032061404935219,0.9335755180670995,1,0.7608990680317553,0.5011783015100081,0,1.0041508537341688,0.4736194592829183,0,1.0075834742617642,0.2599450917514649,1,0.877009417810887,0.2508040721493106,0,0.6178841394289588,0.3249346903729483,0,1.0383888716041412,0.23411702860396924,1,0.41704234207551494,0.07220066305900771,0,1.880521651932943,0.8224624330697632,0,0.6588142504458492,0.10353466208232483,1,1.0831095883260784,0.365755345081746,0,0.9664006828945798,0.38975506454383224,0,1.2037406195708955,0.4320549234682644,1,0.8181925340697092,0.4257923112750686,0,1.3282140790115542,0.5181117196421795,0,1.1119496213211613,0.23294312146442034,1,0.8840643902479035,0.155746465147756,0,0.6630913965873019,0.1569909738337452,0,1.5687309779790826,0.5170176229268384,1,0.8925743792400705,0.13209901711951325,0,0.6389361689647481,0.08750144501973586,0,0.6208375534075378,0.0977773314413279,1,0.5699692420953182,0.1740951490087799,0,0.6675421883881789,0.1575738695368799,0,0.6455355090789207,0.12848198746033176,1,0.82857300528607,0.223626335526432,0,0.6731031268942426,0.031308424204502965,0,0.6361464417848901,0.1274930226899098,1,1.1449708465619453,0.4192721957214751,0,0.5155231466896579,0.22238350164894832,0,1.1297547455060526,0.2185483633363267,1,1.025134170537423,0.300577501268489,0,2.9336602263876688,0.5219423274799476,0,2.536288744913498,1.0570414677189963,1,0.7413590633302336,0.11538380911658865,0,0.6441828759263714,0.20462667996914952,0,0.876987977851746,0.23196155705512267,1,0.51566586502203,0.16957963652976074,0,0.6189333345266894,0.13926851675385676,0,1.3826672992902658,0.6080599728577608,1,2.73294190060378,1.2893603170412036,0,1.5194469707173899,0.4713283121847621,0,1.6592204043824814,0.33209423096200114,1,0.511995817938964,0.1793806983939848,0,0.5114991376946652,0.1433098374703327,0,0.8577660380556436,0.3197004318107184,1,0.5973540320884412,0.29556959822040185,0,0.7677976422586674,0.1089558831580915,0,0.6906932690255638,0.25578202874953443,1,0.5530261899581862,0.16138193041710994,0,0.6214589743968251,0.2771337813108591,0,1.199508673655149,0.40669414468105264,1,0.963147243345513,0.2754278306884601,0,0.7903036759526161,0.06712161903268171,0,0.7723890699827274,0.15927013355675368,1,0.7686965952734732,0.2223754044604684,0,0.6397911090361982,0.24649224518055998,0,0.48484872946770724,0.07158918822274836,1,0.34513514518303035,0.11920765530344365,0,0.3380709653269645,0.0767658628546144,0,0.3671716205523267,0.10010228677106311,1,0.2059849164691762,0.08485252107447298,0,0.06195565471116512,0.05745670800330726,0
104,1000,0.9,et,0.8461081338979064,0.004312810266937786,0.18764191129508057,0.08818048597283942,0,0.3002663577476713,0.11805551643098589,1,0.3167440729475356,0.13654442851092818,0,0.4034156150626148,0.16780718254225443,0,0.4406971463742722,0.07036541387689244,1,0.887898957926998,0.22912734175176588,0,1.0153519082030538,0.3082132292247207,0,1.7157780039785606,0.3144630764589093,1,0.742060119448255,0.21477920161309794,0,0.7515421045387648,0.1960259526631683,0,0.854120409210732,0.41997792099442177,1,1.0016767962023512,0.24518007642391468,0,0.8855406615972742,0.425889258996879,0,2.090511627497781,0.6576815930891909,1,0.6610401521471666,0.31170041767024614,0,1.0250976576534194,0.5074584027393889,0,0.6565170024890448,0.3189546892084414,1,1.346228025452611,0.705244245988055,0,1.6718607378001864,0.8029792685240968,0,1.408263061813058,0.6069774383105822,1,0.6520776891800535,0.39431645146394273,0,0.9908337682192757,0.35408523544958126,0,0.6808025064795811,0.2973621005867181,1,0.7616330393391182,0.23847151930682145,0,0.514491979352006,0.26084033429051073,0,0.49894594344330345,0.10552143714992854,1,0.9219373845327781,0.30869252734411434,0,1.0370740128856453,0.2518279685180381,0,1.213270104386676,0.2995764787193426,1,0.6479632733878743,0.14062521241207077,0,0.6714163720117188,0.100182349375823,0,1.5591479530612076,0.6458009282233115,1,1.291747409731037,0.5211027626852871,0,0.8806316910000505,0.2691626669283865,0,0.9452484442509743,0.1936781961551592,1,0.6634360308115514,0.23164648787067188,0,0.3723021907117991,0.04947142235897939,0,1.5981403079162197,0.4790492704667906,1,1.1290479347821578,0.4660145980529208,0,0.8203479753023835,0.19597969916529182,0,1.3193949731009562,0.5529626052721608,1,0.8927324475896905,0.29951465566048,0,0.6173413366920745,0.09820422952245254,0,0.8164060594534834,0.044810800004353765,1,0.4616022916403212,0.15444564382857684,0,1.403694190778568,0.5084085509841053,0,1.4386068649129276,0.5485775569819042,1,1.0075695620276885,0.2297294076535858,0,0.8919898995768424,0.3534936007812803,0,1.0601888646305566,0.2549133262471897,1,0.9408493359998815,0.17971614807050304,0,1.174790991638583,0.3926321529156953,0,1.1455591561044909,0.25881349543486987,1,0.9174540594548258,0.11735380753560996,0,0.8478421689518223,0.21500466170867785,0,1.2275079845501138,0.23647482960949584,1,0.9499428194161179,0.05635623476157276,0,0.8206390864569861,0.22314348402389933,0,0.7583042709682548,0.16769090288844998,1,0.5944948692919448,0.1382143931699858,0,0.6138262316627211,0.2011360841317325,0,0.7041344574414484,0.10373585700225138,1,0.7181055350321026,0.15522479175094075,0,0.7069040573292479,0.03663298717281579,0,0.6239095716170214,0.09109322911849549,1,0.9687524211442995,0.37813061969389633,0,0.5543957595396677,0.11766847955721112,0,0.913041112761411,0.28642964620771255,1,1.2527735047644175,0.5814439629270891,0,2.4550089278680898,1.013263781104389,0,2.241324540419094,0.48745692857506623,1,0.5586009664637281,0.07459767468497633,0,0.8313302108230234,0.19219517943670425,0,0.8487465984142941,0.27923678247798356,1,0.6068049241738762,0.20114506157421008,0,0.6301137945924055,0.16116563377470583,0,1.6973447445691054,0.6653011302748221,1,1.9495922166907576,0.3637963110793757,0,1.2023497324068597,0.1663833564352961,0,1.426842623926373,0.21948422351548816,1,0.7194015515725086,0.12679341776668113,0,0.6148254272333074,0.18071949314261967,0,0.7428125952090434,0.23691154965149747,1,0.49818103908106526,0.23656692614726324,0,0.7713255658640823,0.14656113039078827,0,0.674947367406494,0.21244472627024433,1,0.5620296194929815,0.11206002672359713,0,0.713928385749977,0.2168048486071441,0,1.1039617486725608,0.2767303900348879,1,1.0010791149360216,0.1629932278473518,0,0.8818976948220774,0.08768956532672163,0,0.8322646695205334,0.11913664108810203,1,0.6400429130442709,0.04759474932020951,0,0.5598026839037601,0.13449171436455365,0,0.5661692140356317,0.07116600572097688,1,0.3395917652530543,0.10584760579979327,0,0.3777078209766029,0.10333430861159583,0,0.372381889923032,0.15836929236484018,1,0.18361800994673258,0.09759281611122742,0,0.1265656294671264,0.03663343480100773,0
104,1000,0.9,gb,0.8908976646835045,0.008058196042284324,0.13255669286570665,0.06779394786465931,0,0.6839267553934045,0.20867973524349992,1,0.5444332164313602,0.28390167618983814,0,0.3885052356752823,0.21174303371517647,0,0.3342351360570757,0.22029376706556353,1,1.3013296972662765,0.4682353587372995,0,0.4070331371510488,0.3854834403968725,0,3.248950222814637,0.5997659966416725,1,0.4207300398154496,0.32240877457058154,0,0.26883759018612613,0.30104392031465926,0,0.7352206000233423,0.46828460279436884,1,0.8143290695073857,0.4020309758056409,0,0.7760935331884092,0.9502791145628514,0,2.1400005921352885,0.9297735967204499,1,0.2745252410300357,0.2313988658668344,0,0.7654350853958947,0.5684790984007126,0,0.5122453742196985,0.5478626188282678,1,0.3640221669671644,0.5258868848331679,0,1.4246669154259286,0.9220608118985126,0,1.5773758387222396,0.9414218639468093,1,0.19794011142314655,0.12401932889987984,0,0.6630509692614901,0.5458646717823737,0,0.8618127134192143,0.5816345849936226,1,0.794418291391658,0.33168452643538293,0,0.06301381087102728,0.08172241642550142,0,0.5658575388173772,0.49866921700320543,1,0.7002736525984216,0.4121260786367235,0,1.0789583017282174,0.31009335626899553,0,1.6511442349062517,0.9334858369732135,1,0.3205957652520242,0.1454958761453531,0,1.0129328364120211,0.6399535266587033,0,1.901466927535618,0.74445273547657,1,1.002118069676396,0.39454877849521797,0,0.25339184674660004,0.0673000946322244,0,0.8556900910982538,0.4893194230435833,1,0.20201424386179379,0.12912568956531492,0,0.10798253471448807,0.12059980865449536,0,3.35362771001368,0.7740607744898889,1,0.2960834203817232,0.11272315341453115,0,0.43984880608950094,0.391140717560117,0,1.4760852512108538,0.792596306676054,1,0.6296783306931923,0.3076541044141044,0,0.6008093021017679,0.2990227992165606,0,0.8636756691809786,0.8488072945122047,1,0.18964740018219334,0.17447007622284033,0,1.4608631911487424,0.9090480754202794,0,0.5841659277035172,0.38091090752840473,1,0.9386566636781428,0.6061394920763714,0,0.533635066759127,0.5057106351197163,0,2.048972892067087,0.48207206891923243,1,0.37432590961292117,0.39207955578736087,0,1.229603217246009,0.48377578967926427,0,0.8966358239529644,0.451845722533493,1,0.634841439112316,0.39510922145017563,0,0.45017864603491853,0.26200592156371233,0,1.5273383935988745,0.385633633359623,1,0.5107198011531333,0.34431093699124177,0,0.6049205726803987,0.5574220642022498,0,0.8377865171126402,0.4124394413056327,1,0.476821608357891,0.16545935912380286,0,1.119088828035351,0.909017342791689,0,0.7589752135826698,0.20804169531883465,1,0.3500222081919851,0.21043459648100227,0,0.6385852186741175,0.2411824698658985,0,0.24205389500971353,0.08692942933020666,1,0.9665019297757318,0.5142148233601544,0,0.36628765777252925,0.18349063129105322,0,0.6665316032445114,0.26160612819624485,1,0.688351506487426,0.3351857729942554,0,1.6512927471161756,1.0319142014738498,0,2.791541214675751,1.690429537776875,1,0.19642090799511527,0.189518809942705,0,0.6864571046890664,0.4131371953546657,0,0.5691964081327757,0.19477866212310319,1,0.26203400820578693,0.241550966322306,0,0.21626956309278764,0.18234422162753613,0,1.7579173184502206,1.0384110106109468,1,2.2335616417549766,1.2623347110794154,0,1.261903895832719,0.5617590133497224,0,0.9179879683824259,0.18219352734177213,1,0.2929181850580797,0.16520960466978987,0,0.4291313060382551,0.6079283037161628,0,1.0426393111520897,0.3181052265979959,1,0.2567407304499882,0.20849051715444739,0,0.5119212287842418,0.2704319752630081,0,0.5733368365024016,0.3210009299544392,1,0.3330132905324602,0.12355011208594299,0,0.27364273522821836,0.25157241907891226,0,2.179791895887111,0.6493378152141389,1,0.6980383686356781,0.4395451177060068,0,0.6795981710089865,0.4275716903158354,0,0.7081920510302167,0.36110018083118056,1,0.7688036418736008,0.5280616123293305,0,1.1423189583241746,0.9695310818960144,0,0.8645390915694726,0.20973534142570283,1,0.28740141084428317,0.1896702134319188,0,0.18350324169147708,0.11695681973489018,0,1.13962005246727,0.31233477628683354,1,0.10069245214720228,0.1029205322675875,0,-0.01378598736547407,0.02227897927144746,0
104,1000,0.9,hgb,0.8863561255632438,0.003128479673253097,0.15429585946345634,0.10339913404414049,0,0.758923954419954,0.27808054109818076,1,0.2654372700190165,0.09577009315443367,0,0.25919607153743024,0.17720296674335456,0,0.5300321549174016,0.27995985862290934,1,1.3493302865577046,0.3228978964156808,0,0.4238198823358349,0.24861031093735797,0,2.4540305267719824,0.7621005309577719,1,0.6910829118462257,0.4415323722021646,0,0.42014162339582706,0.23782554464673122,0,0.818798001254072,0.5218644794036771,1,1.1219270926976634,0.5668401822971054,0,0.6366556443635545,0.5533202320534266,0,2.1185764005406136,0.7080577541207491,1,0.3846216700803642,0.4277464419892063,0,0.968544678955125,0.6059556531099494,0,0.39981470072656444,0.24648555064268435,1,0.47530712982582807,0.49229973780531966,0,2.277740121108935,0.8930319919172467,0,0.6139460277965177,0.36675275074836394,1,0.31213206573873487,0.24636815029811773,0,0.6871159797542462,0.3976941156482906,0,1.2531472593457313,0.8069558356378829,1,0.619189647947517,0.6198409150190586,0,0.18308522069054448,0.07080295922861991,0,0.478048321727136,0.35347707923054694,1,0.6415807636532899,0.29778507045589603,0,1.0863561122736471,0.4262754512292826,0,1.1329851859203308,0.565980844568028,1,0.7697567468590008,0.36915325067857335,0,1.175402987576722,1.0333749914939732,0,1.5162344939881893,0.7749787405328712,1,0.7786714527192932,0.2867920784250925,0,0.26943718746833467,0.15916711423164898,0,1.3678062341741715,0.5411162167379747,1,0.3130515756648621,0.14970498294042006,0,0.17746483873458715,0.06330621863060994,0,3.3577622731040115,1.1622155723824406,1,0.3725802919994541,0.14979838240185694,0,0.5053344431227693,0.35625105676404767,0,1.182066546179371,0.5989268956755053,1,0.7219138053465562,0.34650336828251094,0,0.32123644176184424,0.1333306082686764,0,0.8879647974650595,0.3883900130531801,1,0.3354665317485802,0.15397480564447488,0,1.4499819228032484,0.8893659705378066,0,0.6427250022792914,0.2961668032108698,1,1.6367190417078201,1.2625386019146199,0,0.6428037493897838,0.6535703395366224,0,1.48497115756495,0.5420595818356306,1,0.1985288589846838,0.1295046071703307,0,1.1535336559442633,0.4828791030057727,0,1.3841437569702357,0.4949123026457393,1,0.4806962574844171,0.21403539245408362,0,0.35455278779955596,0.1737384217792552,0,1.6932329599439426,0.3978183639915682,1,0.9154169262227342,0.5435408183708687,0,0.6995720872927813,0.27889019580094526,0,0.5667471396996622,0.1811351450681182,1,0.5162524514423178,0.21844013660503186,0,0.5388359068074202,0.22268305687816403,0,0.5733102769381397,0.18040143841287617,1,0.5055600945278218,0.2851678086092208,0,0.9288156263210027,0.28356363275894453,0,0.5750101568286495,0.32007761763882325,1,0.9239181403543419,0.7014615760084254,0,0.4112403603548258,0.15863372151225003,0,1.0716186500665366,0.22319206235417546,1,0.3659476833453926,0.2800611169672708,0,1.9409092124423235,0.8507650244550089,0,2.2960302188933754,0.9715284660610214,1,0.2671665216227896,0.24143463346589727,0,0.5022205071580848,0.40161470150281414,0,0.6593177107856896,0.23414060032096978,1,0.2838679633144358,0.2866920067932554,0,0.2279036836473866,0.2955671675088328,0,1.8259540746876577,1.3280986573684714,1,1.9112075381573213,1.152641655077588,0,1.0940101556222117,0.3610411348569546,0,1.3115362008034375,0.33178791299120103,1,0.5603695055302678,0.5782556927088054,0,0.41696830937528634,0.37321342629055676,0,1.0664611224661944,0.27638873964408445,1,0.32432978097293774,0.19075373260686262,0,0.7408240171842755,0.2763582300774971,0,0.6504627420917163,0.2033098452214815,1,0.3320176300850732,0.14248092821608524,0,0.5314936081135981,0.37146488443131714,0,1.3473451199083537,0.845317573168668,1,1.0131460611923886,0.3315872946614043,0,0.5071142283171526,0.15445478101402768,0,1.0853004260546995,0.3061126156920452,1,0.7892562025426908,0.1954581323972871,0,0.6263459043924289,0.31979017276922805,0,1.0203836797748658,0.7310079575650851,1,0.4350506645721273,0.18711566550380268,0,0.4528563932252002,0.21154258370438184,0,0.6526422810036927,0.22359909756927374,1,0.06693850387146547,0.054973391110770195,0,0.03783674553696537,0.09483321081468796,0
104,1000,0.9,ab,0.752830612923441,0.006231795543105708,-0.009272563807965525,0.01854512761593105,0,0.3107624733047338,0.25085062447034706,1,0.1647701126079812,0.20459346960474079,0,0.1683733190906334,0.2125803104454463,0,0.11413525351697291,0.14493589504876253,1,0.8480668223418786,0.29074959854963783,0,0.43705937047152776,0.0917123910205113,0,1.9437487562166702,1.5602813942845288,1,1.498023951155909,1.0358428905645232,0,0.9145242002484473,0.47658760263276767,0,0.4820741917815652,0.46840782214187165,1,0.7892015528334795,0.6279242733428273,0,0.38688478669664617,0.30096819813570547,0,3.867605167984054,1.273433089512245,1,0.49197814414841473,0.3904972996786344,0,1.7467593528339218,1.2247633419616897,0,0.3866160929199104,0.3070251741161409,1,1.0074829021642908,0.9234931799264361,0,1.4860703546023992,0.7873708670666065,0,0.6814946416690052,0.5160358983179004,1,1.2794789160812585,0.7957697111402371,0,0.43320013014583736,0.25282414986242974,0,0.5790278915310676,0.36060759271493736,1,1.007892137687401,0.5846353423202073,0,0.19738910284886563,0.22910136409335324,0,0.3818024485978169,0.35812636254028973,1,0.2958001157557823,0.4068215908240014,0,0.9109995158363582,0.5653635374085194,0,2.195728121253334,1.212626889185764,1,0.2888879891874322,0.22195305838666787,0,0.9681918013600654,1.2465154225685238,0,1.8766283756203133,0.9660719155894429,1,1.7093745387830779,1.1525087225161539,0,0.7105596294226026,0.6238020580341591,0,0.8313057644620605,0.5822108148653666,1,0.537283174951156,0.42657813048664733,0,0.07469011979043788,0.10385385674950746,0,2.760052575734146,1.0218353792224661,1,0.6182356026468268,0.28733777348931316,0,0.20816852195754626,0.21098492060327204,0,0.8328146175505842,0.4350506287277782,1,1.0141948429162118,1.2943094004131428,0,0.30423249668650015,0.4227020486937597,0,1.9131570843162558,1.188422479690053,1,-0.022828456880523217,0.19196323961451592,0,1.2708390172659683,1.0034463295293556,0,0.8893197031602671,0.5851956362214815,1,0.8929752404175023,0.7211181532842268,0,0.6138377577835823,0.436630142039054,0,0.5743817126226081,0.28284487848595763,1,0.325816999425265,0.2912666042218336,0,2.2417420365817353,1.0111390880456417,0,1.8128617516109127,0.8749380195469855,1,1.3719974598856697,0.6527546336719106,0,0.43292939472065084,0.42896667799581306,0,2.2054271795315517,0.6454096606036481,1,0.46381223600424437,0.3575868704287705,0,0.6191472401396084,0.48959991590271196,0,0.5508908307555915,0.6232273307468328,1,0.36716020484371026,0.29046643064636163,0,0.16210222700646476,0.331287573701422,0,0.22993541211650959,0.3091135465997582,1,0.1852178682344717,0.11837606014562714,0,0.7400738589888578,0.4104733350015534,0,0.6904021934755252,0.39409500954423465,1,1.5748641001927035,0.8515277199892699,0,0.415539291241806,0.32289098080721995,0,1.311546331300299,0.7845431709078726,1,0.8615450547892495,0.9204823930953914,0,1.2504311169112468,0.9758987907719465,0,3.8270347828396054,0.8096697692590407,1,0.2683007850415514,0.19390084118760242,0,0.5942051447478123,0.421640284038052,0,0.9201685981130552,0.1741385766742868,1,0.18099719375868425,0.23297044123352814,0,0.8584229487399379,0.5228825341539712,0,2.7374248337232556,1.9057544378477944,1,2.279640381546287,0.5461887579371582,0,0.6379127363706962,0.2294138669626645,0,1.0676592893880614,0.8599116901393034,1,0.18541572013881139,0.3070652320574538,0,0.3115102786191514,0.36784993878414646,0,1.2946301928691348,0.2056827502230989,1,0.7118960047645004,0.21011110811164269,0,0.6427529743034321,0.5365621337917268,0,0.4396921305552891,0.3835966876198698,1,0.13807286418328896,0.2914981379616139,0,0.18020334012373962,0.28725773207889793,0,1.2416362013329827,0.5786022467286299,1,0.7013602963008199,0.6531071820831339,0,0.44124743312689174,0.4937706639519936,0,1.069714226634765,0.5698880689479922,1,0.7986460355371315,0.2700056679990198,0,0.6191276193922638,0.6933944469063582,0,0.2585416287278327,0.21514614076451025,1,0.35100733202384726,0.3408147386858917,0,0.23720307914246605,0.2522767676438009,0,0.2671224993837903,0.4510981844447631,1,0.010633768842339466,0.03873508309123212,0,0.0,0.0,0
104,1000,0.9,bag,0.7923585693264968,0.006666078680786487,0.11181537878063037,0.3166586772731441,0,0.24431371111442296,0.25485644699324494,1,0.2609205675576439,0.27618835352702065,0,0.40741480242819417,0.24566500084413567,0,0.4894553603602657,0.24065272345303293,1,0.8516774733924425,0.4151617143333139,0,1.0128520655848423,0.1333740137742276,0,2.824276625659576,0.9869477343383606,1,1.0482115032313033,0.5088520672711235,0,0.8043573005661457,0.37298735142728506,0,0.4519153558930534,0.506756004499218,1,1.7456344435875473,1.6111695898574885,0,0.5372716219519904,0.6456631262504127,0,2.893709612417117,1.896555979676537,1,0.8701392650888622,0.6605323091222358,0,0.7391655243829276,0.6397280668852525,0,0.3375176799594105,0.30348010176486123,1,1.3562516491902281,0.9410985233116723,0,2.6332106442599676,2.6328885555349166,0,1.449982359019706,0.8622828738040487,1,0.45151996364993163,0.3398095153610738,0,1.0880219129553914,0.319852414245966,0,0.7772251291091099,0.34702054224538287,1,0.8739020117278085,0.6289658648069947,0,0.641888889881095,0.37201896747805696,0,0.5163099296033413,0.5857620328641916,1,1.3400330461945384,0.6089040635984603,0,1.308973378224743,1.0864793163803566,0,0.4122967690459166,0.3000182246108399,1,1.2390530576921748,0.5614036677502222,0,1.931101423884482,0.5044486221758592,0,1.0664677192249,0.8757854966229291,1,1.4327373688575107,1.3037291809393499,0,1.0707308906443074,0.777871832863313,0,0.7248582966121153,0.6859928837555772,1,1.232801988542677,1.1150604242682622,0,0.3760920414570162,0.1335581303606119,0,3.4602530305985133,1.5096218331696583,1,0.7372134975226862,0.3765978247273279,0,0.6495428460641497,0.32607535887533284,0,1.0761689831937076,1.0328927505774779,1,0.8538041935443367,0.5265080341123745,0,0.5565366724852118,0.5894690997077953,0,1.3407499240397445,0.7675895671989658,1,0.15882222482752067,0.30084182757831024,0,3.0524142175778635,3.58611757064409,0,0.5711239023343994,0.5562853669675496,1,1.1326282437120363,0.6127976234020864,0,1.2737274902562719,0.7928108454988911,0,0.6764995664957221,0.5806604001324643,1,0.9334785183423892,0.41651234283999244,0,0.8111859200430269,0.7963103074982245,0,1.5458610381723596,1.0310163229763143,1,0.941314485123333,0.47113674875666384,0,0.4195462454742299,0.1622074444354684,0,2.7737926516037215,2.32063395540115,1,1.121023307147166,0.6049629028063678,0,0.5093615135326275,0.571143044748895,0,0.8764926935809367,0.5201209069401074,1,0.8997008363274833,0.6922325210100265,0,0.8615266069657886,0.6480665281811224,0,0.6970128138275669,0.628126081772483,1,1.277117742872581,1.5705417744531553,0,0.7336886720747018,0.4708648487918455,0,0.5880572491534972,0.6190806818348497,1,2.0582899951291376,0.9296811055348996,0,0.4746560189004783,0.351980415088663,0,1.2280640936398899,0.7392381396605315,1,0.7641347406903931,0.7379306416272411,0,3.5197744684997914,2.292245466509821,0,3.461537640821544,1.8144720205105003,1,1.0561255366467486,0.5996973749250979,0,0.6156192897801752,0.18082467362752144,0,0.27891410152644236,0.27568186435935643,1,0.68667913249123,0.4775327755025273,0,0.8413563338173553,0.7412782741487802,0,1.8484414285941142,1.0904901639078768,1,2.6166820760141887,1.321994310433276,0,1.57097109344737,0.6662196217535229,0,2.210141370981415,1.3320802258943096,1,0.7938637913340315,0.7483142615140179,0,0.2990974412062719,0.19349592852854555,0,1.0922137739859472,0.5618466677398046,1,0.6897342638454467,0.3996088211146364,0,0.5979189071517617,0.3331823360235061,0,0.8118164666198687,0.804220682035917,1,0.9243936949732424,0.4060367975546672,0,0.4934413776653882,0.3048708432995877,0,1.3656058701936258,0.8508457250383086,1,1.4081575010122003,0.7073836478600848,0,0.9461707711885486,0.4297265489671069,0,0.8691843473538586,0.6753939045422811,1,1.0361864883191458,0.7199286569680764,0,0.3623751926198009,0.28276368434549254,0,0.465057787537969,0.36472302855133537,1,0.5240315266534178,0.5517352609849785,0,0.49725484953823074,0.2580719025273978,0,0.4204928967922507,0.2691503124089338,1,0.186707510918576,0.24315261179309716,0,0.016231393761127377,0.09511961835565695,0
104,1000,0.9,mlp,0.9888571916733001,0.0013944900804289825,0.01919414138189473,0.008424281200192332,0,1.6271539768059273,0.48797885315391976,1,0.010992185697821542,0.018139945375970124,0,0.055320502747011814,0.0383570423357082,0,1.842118219012668,0.23127638835317216,1,0.011420907660802728,0.036301381949701256,0,0.0168336203669252,0.03464073896375909,0,1.7059921306655574,0.4672257467136757,1,0.06907906756035309,0.026441546874067294,0,0.0455311988760171,0.01630243581801253,0,1.6296791319204846,0.4783587585797674,1,0.003651059688557946,0.0347442542980066,0,0.10797042563302266,0.07483533609210859,0,1.701117316442889,0.5302615721026999,1,0.05377502484024399,0.06265441132308633,0,0.09497204069634872,0.044279861231028596,0,1.7120546882551388,0.29853263119673884,1,0.13478217476704124,0.10678707274079148,0,0.027649872884561104,0.047434536142189426,0,1.545066643510868,0.20375963076818504,1,0.04558865605599712,0.04863919192901176,0,0.10228177647283118,0.08646321196595323,0,1.8281349326554395,0.3924382942986292,1,0.033364647099128106,0.04999234265771325,0,0.03106110837245646,0.01928698499246579,0,1.3660925285478591,0.19984768921159454,1,0.08296046077857719,0.08181652425862632,0,0.03268687352537582,0.05149490931355454,0,2.1784809204915487,0.5889276771285187,1,0.009179615502699945,0.0797398717140824,0,0.04659815371234828,0.04579871659576585,0,1.9266823586908317,0.38675245172039485,1,0.0878827923816711,0.03029644144426711,0,0.051146189721210045,0.05518480193616767,0,2.5726254158167987,0.46504929438446246,1,0.16038892641180189,0.1687933258459743,0,0.04973192268216305,0.032710206966641155,0,1.4429460503069826,0.24562490508235105,1,0.06717171838549107,0.045191842596566445,0,0.024069680617700873,0.02043976836375744,0,1.5839384049881886,0.3213261046785356,1,0.08957474232899322,0.046138262898194164,0,0.1062337881947553,0.07350703503499977,0,1.9383378665352222,0.22172331873384504,1,0.12715146928018778,0.03885434968509329,0,0.031122277182218695,0.037822997454855685,0,1.9093891375230059,0.33050106944268104,1,0.02409989139254646,0.0640159489469501,0,0.11633605854729975,0.08383703817831605,0,1.5768882950313745,0.1041529256386567,1,0.018516042703080805,0.08558406725646113,0,0.08320129854421912,0.06211333672834424,0,1.506103461563382,0.3263558171423298,1,0.0010312857748515183,0.0204472214661371,0,0.09857156609507943,0.057014556655759614,0,1.274603153077187,0.18499021690578388,1,0.06864280817485308,0.05887626978912013,0,0.09360675040633028,0.04318723393747667,0,2.3908286960166425,0.1329397571702969,1,0.02363998720179496,0.032745378550227945,0,0.039470972078885724,0.04299717300286304,0,2.1488365581449065,0.29043492945574473,1,0.007595071986954252,0.032443903174792246,0,0.0887615342247378,0.07590133333284975,0,1.399534759590875,0.16376971409046323,1,0.10200197771182204,0.11843572785010244,0,0.03565082600404303,0.022701718312316533,0,1.4013208047870571,0.336057030046796,1,0.1027981302750259,0.09978455707783987,0,0.03414139066151921,0.0687336172571211,0,1.8711460576663703,0.46566667307845444,1,0.07360006972933626,0.05143548468317373,0,0.09206992778386332,0.06202389430117194,0,1.200795914886897,0.3447878868578966,1,0.11732932021433862,0.06869164621099015,0,0.08712929981885069,0.0462447443882214,0,2.7197090662337446,0.6156030434274394,1,0.11951256945464898,0.06392090246701981,0,0.10977520342845626,0.059226733098719606,0,1.756896160502088,0.4212184330608569,1,0.06270133519595442,0.09223434490853849,0,0.05194539105840533,0.0236164695968976,0,1.0944228985019946,0.30371000880869314,1,0.04376805404896951,0.03134974823534635,0,0.08892123163367245,0.07449319560305163,0,1.863541789706455,0.3711404467454246,1,0.11273142181154698,0.04700145462893158,0,0.058144629995073874,0.06404332183303947,0,2.2047266684035387,0.23901847616994792,1,0.06145963259559051,0.033369509078267655,0,0.17116428414702942,0.13919483197533436,0,1.139184853590421,0.22622098042545946,1,0.06878531319416623,0.06742468408692116,0,0.06742457400102378,0.053806078239809395,0,1.6593036556995435,0.24604510767515703,1,0.046041227692272764,0.037161310705599734,0,0.13049746707376741,0.09730918174780191,0,1.2682043514353152,0.38225471435372005,1,0.07274954563886338,0.07332633136502555,0,0.055312054977432315,0.031246614910347015,0
104,1000,0.9,svr,0.8500480700582717,0.032555818994754675,0.3880772179239373,0.19368101595461676,0,0.616407022106306,0.1990971266927578,1,0.5077945114092747,0.14909798007672037,0,0.5312512790358914,0.18740315918124895,0,0.7518982120928903,0.25132946640326537,1,0.7408955287554314,0.2579625032202536,0,0.7952876086412481,0.27800049892755085,0,1.0836425899500992,0.4024230403822766,1,0.7464613651463738,0.24392210568405717,0,0.8764266362888096,0.25570772981813394,0,0.922838191661117,0.2837035077455,1,0.8018062316202587,0.25537640068600326,0,0.6842644825696589,0.27962672968388413,0,0.9698526580369485,0.4025002340655118,1,0.6119696621113486,0.2960052406428782,0,0.8772695128081871,0.40946966348864317,0,1.0279959364830007,0.42941061835382244,1,0.7676123956868732,0.3344129476374504,0,0.7854744432698675,0.30912917755005653,0,0.9883272549357534,0.3100036198078026,1,0.6189684787576082,0.24116995680594375,0,0.7542946801830492,0.2357939735084734,0,1.0714046204913157,0.2921644885222949,1,0.8192014441986515,0.1712421670980708,0,0.6409914644522536,0.1740863775605773,0,0.6708110575043482,0.17846811737807658,1,0.8110269001337329,0.19433043067706987,0,0.8839112686746603,0.2226870121641262,0,0.9200120772146082,0.2037006224864267,1,0.7543463274169036,0.15382752172499645,0,1.0567345199824127,0.20098663659130198,0,1.1628761371007166,0.24236277663806752,1,0.8644081687836456,0.22658066351421344,0,0.7122817447959827,0.20785378461558454,0,1.0057470015045482,0.23976526480974703,1,0.6001341324788001,0.22362308121250185,0,0.58083436593834,0.19571259657140436,0,0.9392487163266466,0.2626109800923969,1,0.6859303540875389,0.2684469333568554,0,0.7896679215545118,0.25632474191443366,0,0.9743942379198222,0.2561192144051948,1,0.5938946732741512,0.20024890806071893,0,0.5670615890721239,0.12900228911868922,0,0.8012520860365202,0.19043122096648105,1,0.7448249367854805,0.14471305722871527,0,0.628702880390809,0.1393375204694791,0,1.01509649911343,0.21448286706282846,1,0.782304247536846,0.12174825998173987,0,0.8539456422195449,0.15150808291676932,0,0.9768254053951274,0.19934228861874642,1,0.6369054161026798,0.12073112609811655,0,0.7624066758664514,0.17042965596445223,0,0.8523059312925426,0.1544149769827289,1,0.6182821522072066,0.09791800839976234,0,0.6970646043502201,0.08457873135619128,0,1.012466205454634,0.1268278230070768,1,0.7549620360524656,0.08887729812818523,0,0.7517797103424857,0.14102109761262993,0,0.8720974454825046,0.1462996078457493,1,0.686954744027926,0.17488399423885456,0,0.7253165947442743,0.2136695047308785,0,0.8177942983956887,0.273515084452411,1,0.6399906338065964,0.18665401709964421,0,0.636486834969511,0.18833992740692915,0,0.8566706818522689,0.2080439897203274,1,0.7262164381872457,0.23668743885559082,0,0.6661073119783013,0.19819467892449064,0,0.8680489840329567,0.15745992422771704,1,0.6877421183328264,0.07493811712752618,0,0.8099906479296692,0.15170284546206772,0,1.1143790258411514,0.2282081981677228,1,0.6359603391821818,0.14524657461537321,0,0.739404544321775,0.21938474898310734,0,0.833214672212606,0.19351393022827848,1,0.7042523416522235,0.1504969261765398,0,0.5725183368418233,0.11471458228706143,0,1.1635510479591744,0.12983201925920443,1,0.7237940798646297,0.08290654161029067,0,0.7057106248045306,0.07382764652447986,0,1.0360516711213195,0.18019013027970932,1,0.7658140968238729,0.15713615029667186,0,0.6731170344970249,0.16754530969424902,0,0.8905642671341243,0.1984034669304705,1,0.48463958567144366,0.11718468262269446,0,0.5198990573863445,0.17443882619738493,0,0.8071028523630133,0.23005144629195332,1,0.692692019475659,0.1507572934978224,0,0.673696126234258,0.17011199004522456,0,0.9602033280459598,0.19428903802447126,1,0.7664571207048099,0.14045469811551042,0,0.678912547998101,0.10818140390407979,0,0.7958132375033291,0.13020933731005327,1,0.5411271003073275,0.14452305752541653,0,0.5214261539847879,0.13649438191003885,0,0.7328888185373951,0.10076775595036072,1,0.5252375188572237,0.06943343714858795,0,0.4854536615584896,0.11914148633931174,0,0.5462073442983648,0.11590510474973066,1,0.38480461345361816,0.10427914169304804,0,0.18199498809559161,0.10357330056220007,0
104,1000,0.9,knn,0.8940384930806904,0.006125889443830669,-0.157509379672246,0.6207942766724158,0,-0.030553359531263303,0.7730016804197573,1,0.1024373712590672,0.6919620017306691,0,-0.06730357954348634,0.5288087492678099,0,0.27445661765005397,0.4745491296173178,1,0.5238932130441734,0.5669076538724599,0,0.46003581413254196,0.5240560566081076,0,0.5934053956568293,0.6019722067064167,1,0.2259519173717477,0.39554076623156537,0,0.08881350376168629,0.24690816452569553,0,0.43987926507088904,0.24736905048497815,1,0.6220485867902694,0.35759058353291034,0,0.5724084242426015,0.35300081063326355,0,0.5219817542788285,0.26377310307840407,1,0.11360320264882029,0.38869257664807594,0,0.29841084321150363,0.6331039465329974,0,0.6071864591591373,0.6295435468169559,1,0.35181978912310585,0.5833474867486964,0,0.507190052331322,0.5111496691672665,0,0.4877785726740293,0.48044224654824635,1,0.6299593138821921,0.43219598970023726,0,0.6556260723888454,0.44295867616309836,0,0.4207973628901918,0.4412275401836736,1,0.08974973873181116,0.7088526215453996,0,0.2143936899828248,0.27780264235990876,0,0.04917251286505146,0.5649464697684601,1,0.26884017834021423,0.6309639350811358,0,0.4053711825442491,0.4481827276359102,0,0.3005395922619686,0.4986539534975218,1,0.4425925085817545,0.6403426180158639,0,0.17768177017029924,0.5379813813573896,0,0.1387383786293202,0.391551739591356,1,0.3077210500367409,0.7493774246981442,0,0.41640736689961794,0.5681416858847526,0,0.5013198211853462,0.5173837009712042,1,0.6103950640485746,0.5486504850962622,0,0.6284801394399093,0.5008424232780357,0,1.0205650425598478,0.43999150042962837,1,0.8156145992172068,0.3598016869563507,0,0.4458650452223628,0.410809990516883,0,0.5622922295874283,0.36943180219618166,1,0.1141281894828599,0.37225937373248225,0,0.3457392379874314,0.29026836623563707,0,0.4675298170131154,0.40418933261653744,1,0.17432455214855136,0.4519310891928856,0,0.3003693460875883,0.4254044894086991,0,0.35167932980296396,0.44311685654486055,1,0.029125366902823017,0.13808999305259567,0,0.2561464672281127,0.43740779039066224,0,0.41815302678100846,0.23646658096959008,1,0.3434371315310899,0.2859269481977947,0,0.40169639951236036,0.2605627099706449,0,0.5169696559405776,0.41964235963063257,1,0.45526752827607747,0.378904622687253,0,0.2970956680360181,0.306428098855313,0,0.3690380897426031,0.43599871893156983,1,0.2202851451771528,0.2895503230924859,0,0.14342280812023298,0.3092039689570397,0,0.46884721310339206,0.3227545433115622,1,0.4809144262836524,0.41150965911609916,0,0.49884132267350345,0.27609667415031425,0,0.615193746264523,0.22076464994352746,1,0.6706574367220544,0.3181043668794795,0,0.6458607494551964,0.18977820344403987,0,0.8547489205867617,0.3754984400352201,1,0.6834756143792038,0.2738116996662171,0,0.13038451246388022,0.40836322539958025,0,0.186710670771553,0.3076320681047431,1,0.4045544822081203,0.2789634896526353,0,0.5652067815744257,0.4561371007166935,0,0.5785665099743664,0.46276348963957037,1,0.4019538437494596,0.11357203310512591,0,0.19884477112038162,0.3668035002979431,0,0.2701406734796704,0.24896916224008345,1,0.12703983517169,0.4711281605095785,0,0.15209957394631202,0.4086493609671722,0,0.34201226409442476,0.22308211779008902,1,0.38078166067536146,0.16094286056606333,0,0.1547203456481333,0.09818706617713406,0,0.5363077528501998,0.40000603548627917,1,0.27922718382538336,0.35616226188120814,0,0.014311962211307105,0.17796452910406824,0,-0.14089627537095414,0.3106044480482774,1,-0.004219801480509738,0.3548909274027211,0,0.21654762219101475,0.6392670148799061,0,0.1950107951808925,0.23428484224507098,1,0.021639671787965154,0.22351860003413052,0,0.15237963705689278,0.456428076396476,0,0.5017531212647933,0.379378233920062,1,0.2945248911279256,0.2975091168671014,0,0.35025646757285356,0.6219925193017166,0,0.2159714584289313,0.5381808920156307,1,0.33861375188946197,0.29036942177781466,0,0.19637669789411166,0.28259496171829884,0,0.37956982316352883,0.17747198093861288,1,0.4591531051727574,0.19327018304434931,0,0.49906370252946497,0.09559121564887373,0,0.37855056264368964,0.4801305309634299,1,-0.275497137069274,0.6178159561699238,0,-0.1491902516211691,0.5726362146806927,0
104,1000,0.9,SuperLearner,0.9934927115812247,0.0006986582195047125,0.0052062569625303794,0.0063056019948701325,0,1.624798658937235,0.4360774651567376,1,0.015769695213719334,0.016865990292479593,0,0.005003442670841779,0.00550855126653085,0,2.2582144129109163,0.2564063845014394,1,0.011087665297009181,0.010396797400512069,0,0.022069603714180326,0.015518887104817226,0,2.5303563837033227,0.6123772753799557,1,0.017686116200370035,0.024521630314067018,0,-0.004064674171920003,0.00439754203891693,0,1.3706219112072697,0.38619873520194287,1,0.015168832628337212,0.01228564061602234,0,0.05707306952695723,0.03477351819417387,0,1.6572558726529358,0.40925322472042974,1,0.007097691464463092,0.013781143658867498,0,0.031184076117118587,0.029871803752102747,0,2.1074076618927693,0.28744000384060586,1,0.018910719739794638,0.029956540860284382,0,-0.00358330088126677,0.006701994168375049,0,2.273505960674305,0.29030878403455096,1,0.009601133467599544,0.007209886226409259,0,0.03297659353545388,0.028824325626389386,0,1.9571892020918873,0.31788822489515484,1,0.003401893374863997,0.008493519111066463,0,0.006166523329984641,0.008700486449548229,0,1.571424967384348,0.10003671704102433,1,-0.003350439721365493,0.00433271694269535,0,-0.001444692864185087,0.007520110995905014,0,1.9475546533374974,0.2222750054645904,1,0.005393481471467086,0.007983848591166796,0,-0.002576222333821662,0.00463562028699017,0,2.2413963287046093,0.2500478088142417,1,0.03354824497770468,0.012837794000949936,0,0.024597355412552667,0.02112374835120238,0,2.2979268282103438,0.3311869502422848,1,0.005188681196754348,0.009866256861118342,0,0.01445266606222037,0.027075953852076163,0,2.039441617427312,0.08763880880572618,1,0.031718536757919955,0.03914249591020035,0,0.027996012370667706,0.02210845140115218,0,2.2860802180887965,0.27326683416926884,1,0.011263062464655065,0.018877884091414224,0,0.03211442797928061,0.022502804700625954,0,1.9153212516810458,0.16260780077920547,1,0.01518201337327793,0.025469013062998373,0,0.005051394000241298,0.0166738116172982,0,2.412734624961969,0.5136691715231121,1,0.02111935133801454,0.016367163838459,0,0.01090952006612773,0.012304472913595332,0,2.030570610665233,0.15150269090739943,1,-0.0026070114721981736,0.0031761466340635837,0,0.012620259956231727,0.017654766317096008,0,2.081865369506114,0.2378683474942488,1,0.027103096870925658,0.012845765619690619,0,4.4037309349076566e-05,0.005343192099374446,0,1.6272644274800736,0.15091640079203486,1,0.015171211954612188,0.011897630216151305,0,0.009027696209625383,0.008787119543891567,0,1.8423145364725095,0.1456405103768544,1,-0.0033264598386472414,0.008584762818128769,0,0.010050788779970702,0.006745987879070484,0,2.3338755123563963,0.39276450874217267,1,0.01093957272765348,0.03104176916780443,0,0.007460283531181333,0.014373319444774569,0,1.769363918299486,0.2531647661532213,1,0.019795743293080044,0.0352179267091464,0,0.029983739733463605,0.029591718627362366,0,1.9051576829192656,0.35316415365126813,1,-0.0006416628769242311,0.004493296596270494,0,0.020144518125007227,0.0258712487319719,0,2.295887943290983,0.5257165648145614,1,-0.001763085297750973,0.010566055842842089,0,0.0037715707219027074,0.012438186355917544,0,1.419187601439359,0.2701942117949412,1,0.035163772846364225,0.02427642840778532,0,0.03794767623008639,0.021663429888927416,0,3.0553664233371003,0.4544717550448323,1,0.07084098891345988,0.0468567327098092,0,0.03330581594702781,0.038990176299216396,0,2.1332491192135965,0.24965630263742392,1,0.002302861583371891,0.002392404082922273,0,-0.0019689953095760556,0.005338871839815431,0,1.511826905656814,0.24553548048703264,1,0.00911349349480497,0.011691761079183325,0,0.030275583491044634,0.03100151114514279,0,1.9104315614808924,0.3863824102569567,1,0.012474768158633336,0.0101355430796475,0,0.011482547212655795,0.013100526575779231,0,2.389767448966961,0.2101404224549632,1,0.018190509435812387,0.0045828017730612635,0,0.0866240143645917,0.06651055661516203,0,1.5824504401808848,0.14479520198422846,1,0.0084536696419084,0.0065759019434891985,0,-0.002951087887108942,0.0032799757087099467,0,1.7755633328639149,0.15168563583016262,1,0.0058743544272519726,0.0052656336032287955,0,0.06983993827010102,0.028859424814193835,0,1.475644522313891,0.24216006007139093,1,0.0009125729009148856,0.008050851076264813,0,0.0029319264913393564,0.006763712808835906,0
104,2000,0.9,lr,0.9943084781894337,0.0003972986536728656,0.01109909772429502,0.004443935060868433,0,2.2902953526524117,0.31915563044543055,1,0.0015356155381509914,0.0021722427483069585,0,0.0009923396236736837,0.002274426195231882,0,1.5934299415407573,0.13037699039032188,1,0.046838259926516204,0.02123670397857027,0,0.023912513222753916,0.012363011262570228,0,2.528710770072855,0.13789936415470605,1,0.005416001354042599,0.007056736186726517,0,0.030725489389134518,0.012150466492826497,0,2.0168390070041227,0.14849140704295574,1,0.004304233489903521,0.0031546366686215754,0,0.0025971049633673454,0.0017048288123048996,0,2.0232594765887235,0.1286275521088237,1,0.006526573265145405,0.012125477828840369,0,0.028064585355604382,0.02377909863236953,0,1.9859045117105527,0.09570985542299602,1,0.04027065541196684,0.022242973539252447,0,0.0396378633133708,0.005256172680650309,0,1.7508918348762463,0.14162433868556296,1,-0.0005685922778802734,0.003510585505974056,0,0.0036573640179585407,0.008651631608364335,0,2.237821943898533,0.10896611828936337,1,0.0015090566264075397,0.004314095412791219,0,0.05145045904180092,0.0337982955788079,0,2.4177156150261547,0.21247621660207952,1,0.004488700319756128,0.008193277563522533,0,0.0303517570376583,0.015993480816067784,0,2.362907756417659,0.21047300870320607,1,0.0029258225489595573,0.005508974828157505,0,-3.2580830389500586e-05,0.0028603321826503954,0,2.1795752449611188,0.1788501319260848,1,0.0017834145666395114,0.002398295767194797,0,0.001618321388630689,0.002814692926821109,0,1.9748156064953322,0.25609845520030605,1,0.0021564506473979866,0.003993025393666008,0,0.00827782544988062,0.010554782791693296,0,1.7967888684316091,0.11653410722480874,1,0.003025013456193213,0.003952522837380268,0,0.008238297576240936,0.002830951987882003,0,2.2910406726907273,0.18557863816157494,1,0.007962304329193468,0.007067316759662778,0,0.010894077756984151,0.010490225808336662,0,1.9970641820044661,0.11945710915428157,1,0.0020744791837068186,0.0057981009942047,0,0.014777886104299814,0.007597638708466166,0,2.1478247076333563,0.14169541311464318,1,0.0031193290122047946,0.003647654487085087,0,0.003769440719655459,0.0025610531305846566,0,1.8591999396931633,0.20248299468127703,1,0.00837992416959299,0.005983857094565274,0,0.017069634789103075,0.0076767586245445685,0,1.5893123045523956,0.15767245573896133,1,0.0012743583771177107,0.0018758120456187053,0,0.001779806431086453,0.003351446881558044,0,1.9425279755463898,0.14686434562801745,1,0.026612029869328653,0.015544890657745628,0,0.008156804506156471,0.010239813517037996,0,2.158080663013905,0.2666003735512026,1,0.024361627812114633,0.013303120132329677,0,0.033038546005358826,0.016949057942346094,0,1.9651758355562337,0.11924123932601713,1,0.003396729893282254,0.006014774313422208,0,0.0013250714959363746,0.0034118921050059247,0,1.693454876697827,0.18073537751172758,1,0.021337820069306103,0.017715619397217823,0,0.02677142186421384,0.021926726036002635,0,2.2052824576957577,0.26700023785767285,1,0.001319091629788911,0.006116635202515871,0,0.018573280277826475,0.02343997957704731,0,1.811802574677793,0.1424003707929924,1,0.040887421882498595,0.024671195829754813,0,0.11971283960606291,0.04601670857558396,0,2.2557697590436137,0.16189770305352216,1,0.015945853125769287,0.020714565889243145,0,-0.0008548681364043069,0.006969471686633287,0,1.87173116234356,0.31363965007668393,1,0.001671051797392469,0.005277291892845006,0,-0.0008608046080132118,0.0018795576893302164,0,1.791861140641404,0.06581244391983194,1,0.004156868478678861,0.00857207281540022,0,0.0011912535163982186,0.004165600579328184,0,1.9143902064144593,0.29713129917094516,1,0.03130734229397034,0.015825744906217992,0,0.030065787202300638,0.023086711973727084,0,2.2539210798536735,0.1696768476585197,1,0.020315657899961738,0.02326688880705252,0,0.02466045047864734,0.017432482707566543,0,1.594558712502724,0.20831941679537166,1,0.008508236994901181,0.004418544076534528,0,0.015819073973138753,0.00964116515922178,0,1.9109918581758163,0.09933437111742549,1,0.021819977186052286,0.011935578626222463,0,0.0026593044147036624,0.004958639619886367,0,2.0770168618766562,0.22284734675654644,1,3.0995127053405974e-05,0.0014600353805544954,0,0.002248916850744134,0.0033401448311158365,0,2.257498583271564,0.22287330319444204,1,0.022502745675256897,0.008559102792515315,0,0.0010620261925232315,0.0016896408538942427,0
104,2000,0.9,lasso,0.9565626066809001,0.0026416289249904766,0.0,0.0,0,1.0404086144940385,0.25634959392175893,1,0.25200506681019386,0.19467416785775513,0,0.0,0.0,0,2.0793663939741465,0.14548814657504888,1,0.10787261413206409,0.09705570648213462,0,0.0,0.0,0,5.206312718165453,0.17307024937618873,1,0.0,0.0,0,0.0,0.0,0,1.403717301789353,0.2648285005414712,1,0.3959201127976655,0.269330154069108,0,0.0,0.0,0,4.473968187877788,0.36318988245658856,1,0.0,0.0,0,0.0,0.0,0,0.9998483321724612,0.11723875118565534,1,0.0,0.0,0,0.8740251361110015,0.25734886672804325,0,3.5175763866349192,0.597127721728277,1,0.0,0.0,0,0.01617521126964009,0.03235042253928018,0,2.7086014185066385,0.15017283955402452,1,0.0,0.0,0,0.0,0.0,0,2.3696450785600285,0.045751683651306295,1,0.07035765649219579,0.06338481307046478,0,0.05379365689455031,0.10758731378910061,0,2.7209505996229106,0.24277510148808135,1,0.0,0.0,0,0.2580137428973384,0.2577818302981037,0,3.3017051500868626,0.7094683122083539,1,0.034025974142455714,0.042726808822879644,0,0.0,0.0,0,2.2013437141817342,0.2581339741756401,1,0.0,0.0,0,0.0,0.0,0,3.222852343829088,0.2517013842046097,1,0.0,0.0,0,0.034726318410526445,0.0437073358305898,0,3.8166641527833542,0.31579822864593204,1,0.0,0.0,0,0.0,0.0,0,2.379988522015558,0.15796384386024667,1,0.0,0.0,0,0.01201617927927356,0.02403235855854712,0,3.0986986683560884,0.1281149470357197,1,0.0,0.0,0,0.0,0.0,0,3.339050660386782,0.26702919142987375,1,0.0,0.0,0,0.1392441569227038,0.1588648620237873,0,2.7787156998968316,0.37960315098526426,1,0.22580193482804023,0.2502952734542662,0,0.0,0.0,0,2.467181654177888,0.32187955730106926,1,0.0,0.0,0,0.0,0.0,0,2.373565135039802,0.3305195679276335,1,0.04164631909138608,0.08329263818277217,0,0.27248832477748264,0.049633523991745136,0,2.033623985909105,0.29450404983381856,1,0.011112658178484076,0.013727633230210149,0,0.2069263952558172,0.17683686820705613,0,2.7240689204012223,0.7302636620681319,1,0.26961841441614937,0.1646558034501837,0,0.0,0.0,0,2.473602832535249,0.3893531529626298,1,0.0,0.0,0,0.37523113287917587,0.11545980026194136,0,3.8443686469242935,0.2718444179101103,1,0.0,0.0,0,0.0,0.0,0,1.7186789191861067,0.3040304972759085,1,0.10981222729218532,0.17904477701641747,0,0.0,0.0,0,3.3993498578806167,0.19643360073691263,1,0.0,0.0,0,0.0,0.0,0,3.205020391181015,0.14196732453075972,1,0.0,0.0,0,0.0,0.0,0,3.4317846015594675,0.3564607766773353,1,0.0,0.0,0,0.0,0.0,0,2.1615236846824373,0.28231791190566563,1,0.0,0.0,0,0.056591711888899957,0.06845609829526222,0,2.820406946199442,0.22580015688024002,1,0.014737611281718813,0.029475222563437625,0,0.11839414495447605,0.14637045296298107,0,3.274291787979693,0.38376457366831557,1,0.17531680628922927,0.14715606728417577,0,0.0,0.0,0,2.752537416013265,0.3355575160088424,1,0.031199705129633725,0.050322023427416325,0,0.002000657127390298,0.004001314254780595,0,0.7172859118610175,0.1445784706673965,1,0.0,0.0,0,0.0,0.0,0
104,2000,0.9,dt,0.4864472899104902,0.040420456834716935,0.3747337210838113,0.7892987484767006,0,0.43411018228116866,0.690384122269566,1,0.07531177492939108,1.291550666015074,0,0.7426445063898838,1.0109885114920305,0,1.5758438519749212,1.4636310695966586,1,1.2026441833298254,0.5022175189256207,0,0.6016850771462346,1.013685172986736,0,2.2962787357947634,1.5864380811099688,1,1.7354692032395984,1.811235100388414,0,1.6449396094445419,0.8559800728109038,0,2.262578228857136,3.8308819525287903,1,0.8282904202922804,1.1389706595992404,0,2.4292247807618175,4.32915915921219,0,3.3612262786669334,3.6753596279043137,1,0.8650193680387046,1.51946860164811,0,0.7676953179300301,0.5681903191566908,0,2.398908754075418,2.867303182162873,1,4.712517262784762,3.8163535555306183,0,4.551753369323528,6.222866976278285,0,1.88360772074019,1.5885071742099712,1,1.0503059008382416,1.8861688614060772,0,0.9117013631272768,1.0287295548682864,0,0.06967837812632034,1.1065120772010404,1,0.8938033785030642,1.3792171908855302,0,0.280103660932639,0.6664712105126516,0,1.1355352804992889,1.6148474119352545,1,2.4393837372895715,3.5509015710744176,0,2.4594818850203337,2.2345256677828833,0,6.057022803922457,6.544631239873973,1,1.9277018669607238,2.284925202463808,0,2.6928703942771604,3.527884251780947,0,2.8434162831378287,2.0796760860670207,1,0.06893876287412759,0.7988029796246497,0,1.4469430941074957,0.9969506752099995,0,0.9599403606530756,0.4854448484590529,1,-0.34615522650955166,1.2314360044361157,0,0.9076800653269979,1.0174373603069364,0,4.538185537089096,8.38974500346074,1,0.6055369103427998,0.5622903650658889,0,1.2378979792671267,0.8548393512813334,0,4.889134353204849,5.480863661835601,1,0.17877557808327774,0.37730635213743385,0,2.419325348833944,2.8779575449395782,0,0.7374021634595522,1.0548322606925018,1,-0.0985361710552612,0.535014963374603,0,0.09264039234289567,0.5662062772962462,0,2.315074589983195,2.150907935064522,1,-0.0018330379784724294,1.330353457145715,0,2.9727847104472165,2.162879462264906,0,3.011741621244979,1.5096066846209943,1,0.16263347979352766,1.0274968862585308,0,0.778780473905174,1.6563495380686482,0,1.8864100524631149,1.9553284501562818,1,5.670559786069046,2.4343135554608497,0,0.6715524815080276,1.1647581843209827,0,0.6010906134970517,0.5753707201098752,1,0.8399121514824379,0.5580915109898826,0,0.8254753744247788,1.1394961460060649,0,0.810712788365261,2.224857049115542,1,1.1252026723449766,0.9474057047585163,0,1.2930967023035655,1.1705666880678263,0,-0.1483208394659095,0.5544689616178102,1,2.0965342232877275,1.7904370660838393,0,0.8696750782470488,0.9966087942934481,0,1.185826707384988,2.984326424556479,1,0.4654741069421545,0.677984584524423,0,0.5511916857870418,0.5998981800735298,0,0.4325782701379735,0.9031643564818416,1,1.4344082447735444,2.3303686785450055,0,16.714392686501895,2.8635485940322623,0,0.7795772189561591,0.5817856363499667,1,-0.051569354300238214,0.6883260212465397,0,0.5408425970090001,0.7546328391317018,0,0.2013691428460997,0.7112859628809199,1,0.8387254254601926,0.9298188177880746,0,0.41684535559845903,0.5473458009725463,0,1.5685314984815546,2.37579159826021,1,2.253184238889137,2.6295225053528792,0,0.24977887669252277,0.754769758667718,0,3.7777262432295364,1.881135130043537,1,0.3162661092230467,0.7061513898866075,0,0.9296274863182553,0.7315511807868016,0,2.672399100268342,2.104684240936953,1,2.551131687183291,0.9929335541063152,0,1.2061706899076845,1.349449130744117,0,3.1254609645005145,2.0181171946743075,1,2.017382710568127,2.5719835735393684,0,1.427194196139847,1.1148507694591907,0,0.6706533528744831,2.221524832772374,1,1.476592843559886,1.3903951439190614,0,2.28158535171666,3.9303585660213223,0,1.476912164110812,3.1858035001793303,1,1.494352474197874,2.819133775163543,0,0.9039697387395986,0.7324090050713362,0,0.6452572936550492,0.45658861297251657,1,-0.04248543802749083,0.7541994518011086,0,0.2031187250184136,0.4086360347089128,0,0.6696183417618565,1.0783523337199192,1,-0.016650010559763385,0.4946981602259018,0,0.45509315010201445,0.9610301408768049,0
104,2000,0.9,rf,0.8534402388860887,0.005884292032880199,0.23686825348923554,0.03407462216377897,0,0.27574923030258114,0.05025739435334023,1,0.24796463177110137,0.016137938262120788,0,0.4194497284782381,0.04398275018885746,0,0.5067839471877724,0.10520956794420779,1,0.7049930029416833,0.05961124292162458,0,0.73142259060401,0.1251928939959368,0,1.4315903236453467,0.2197301806380355,1,0.5941356615404444,0.17385370741068654,0,0.5457300858893722,0.0953677748313216,0,1.0039458637890417,0.15009950739557001,1,1.1281405457844784,0.257609138396203,0,0.8354378068776551,0.14518090098757508,0,2.15772390982918,0.39413794888028286,1,0.7560086038165393,0.2503798026913044,0,0.7134092482674858,0.1839880796315547,0,0.5051784949709391,0.06316049098857451,1,0.9030792027748552,0.33478703331468296,0,2.1304831474876518,0.5552636762766042,0,1.751777749618387,0.4335914912124607,1,0.7067798300169833,0.22913586368230704,0,0.5843043573821796,0.14281539188025072,0,0.7183322102106597,0.14048679134984607,1,0.7663496907314402,0.21106422431136984,0,0.3658120379064695,0.13643508326314666,0,1.0763334265570774,0.24271598748256173,1,0.8388181509920255,0.1762669103667534,0,0.5545467927923867,0.2344611391240447,0,2.9709224361214295,1.2421644226554245,1,0.6221263775934263,0.1026975861142811,0,1.053018471063432,0.161165190810412,0,1.1262314796245874,0.19954203697680256,1,0.6102886834143797,0.16569904889562162,0,0.5902174848622892,0.16053440385268292,0,0.8029430757601187,0.19892628714312638,1,0.4239038186950511,0.11499639788368914,0,0.7070552989942415,0.17093557529355916,0,2.393643460218097,0.6532076496558541,1,0.7546543104694995,0.08535803417605782,0,0.7866431282459935,0.3113403685547903,0,1.8946816333143626,0.46273595723543953,1,0.6577212667356643,0.18954587570974954,0,1.6505608483651426,0.32109361623287785,0,0.893520541307609,0.17015770491070872,1,0.6727426584055239,0.2026549523813925,0,1.0149364015832665,0.3452585645255502,0,0.7295119735935268,0.11302177226481765,1,0.5808960771623253,0.0617080759367552,0,0.693367936901849,0.17821838956537786,0,1.349974336158957,0.40586241004323825,1,0.6816856448280693,0.20817583843265816,0,1.255918950233354,0.3838387340667393,0,1.332529124099287,0.4427280228433506,1,0.9773681127724689,0.1754897870469392,0,1.0894696533726167,0.10135185115903597,0,0.6552091956366601,0.14674933917100974,1,0.47141683089367986,0.06515336653024545,0,0.4233882681787951,0.11266783141014805,0,0.6573537622613496,0.12469702654695582,1,0.6060278642698078,0.025790910068611006,0,0.4875802844177028,0.07219495423100167,0,0.7231836401206794,0.1404192625378665,1,1.2058046621380274,0.24163696278457067,0,1.050748700512841,0.3196898007818787,0,0.8692184750147902,0.17753030466943295,1,1.0479662698896621,0.23888636523390536,0,0.5257839090793915,0.1455604436807778,0,0.9168773491766113,0.18422179413570267,1,0.8275472076260447,0.19411390509995077,0,4.287669981138632,0.551943811780093,0,1.489188116977221,0.23320148302901225,1,0.5564242691137553,0.22611903792714558,0,0.3754397419527594,0.1365609074058194,0,0.5575250123324351,0.25553600221423395,1,0.8122361229000525,0.23959706208028525,0,0.5600744654675405,0.17092124009714296,0,1.425845268998561,0.266417316184218,1,1.1427297028482273,0.056883772713410635,0,1.0522592164512428,0.25964966088892455,0,1.5149244551852052,0.4059361933130889,1,0.5740719555436837,0.10490433611367807,0,0.6430726567539591,0.07877496183021085,0,0.9727107982568693,0.17776596544482798,1,0.7008235530567347,0.11480308081612552,0,0.7719699597919403,0.16189575701443729,0,1.2722328824650533,0.2594278181795292,1,0.8493922186172072,0.19503710243333766,0,0.7753974638063938,0.10733142029609398,0,0.9610360851781771,0.16991807186012184,1,1.0909777456134542,0.13903923758080056,0,0.8009639227924223,0.22382845553236083,0,1.0239836527610884,0.07412678590905224,1,0.5814109448837035,0.15016913799722212,0,0.6143864851676405,0.06880956568776737,0,0.5264329971191857,0.10229766963002722,1,0.3158944839977046,0.10680582368564018,0,0.3121981881463808,0.07964844627033675,0,0.31625023946792197,0.1231203593913438,1,0.11590226750045647,0.04636669181506045,0,0.084730031113831,0.022007161447461704,0
104,2000,0.9,et,0.8702049094288548,0.005194812388498894,0.19015118262777517,0.023418849220475903,0,0.3555625509688086,0.04737094629439285,1,0.40353285926719706,0.06972481948404109,0,0.4216352831160692,0.03992167703007158,0,0.5911314594060515,0.04604703187285411,1,0.755863137360692,0.04941402987058575,0,0.7320819889104783,0.1003501553629861,0,1.1598034245404443,0.1581901595839474,1,0.6756937669523251,0.07355296636583307,0,0.6492116325770064,0.11880489125174173,0,0.9599757617432635,0.18201922026735062,1,1.1652059903213934,0.27348512627077415,0,0.905790150843145,0.20556054582707403,0,1.8044906106595484,0.2634891320758504,1,0.800394519596332,0.2158587464054196,0,0.6318998934246227,0.1894323160158383,0,0.6184468661981242,0.17938899071485753,1,1.0972286145941943,0.3200895922353284,0,1.5092661211485576,0.19310289214390086,0,1.8894888303385726,0.2664762796566916,1,0.8502409085702475,0.21605263099260058,0,0.7184900538508532,0.1649725928007727,0,0.7881976020976889,0.13433418488148016,1,0.8000026874600648,0.18321314991701065,0,0.51420267600327,0.14998879111808705,0,1.1655281900535523,0.3051355457042499,1,0.7224958016354383,0.09575957201772574,0,0.6453624625967906,0.0574491933527045,0,1.3506168956272913,0.24750537581492207,1,0.7842460615586424,0.22606673867978871,0,0.9269552805930228,0.13674427586830315,0,1.1407152275548564,0.331796542827076,1,0.7533581213018399,0.21866130048527943,0,0.6733865356002385,0.15866525237986084,0,0.7461211166473802,0.13992119453748963,1,0.5122946762210792,0.13912020257824512,0,1.0264373671256093,0.4113037662155241,0,1.5095504920692053,0.3905294520429988,1,0.8501554405433336,0.09434090008803768,0,0.9814149961357049,0.4107127965484496,0,2.1244648045108363,0.3550268905616708,1,0.8394741419392904,0.13089739830091562,0,1.0257833645950711,0.15202984335390343,0,1.0935334626465767,0.3023945552545263,1,0.7041491051097742,0.16048623558938882,0,0.9014881463347189,0.17395741828585295,0,0.7228937622215131,0.12758733487142052,1,0.506206059395639,0.095086871877643,0,0.7621544498878992,0.16507917152801732,0,1.2292162882302555,0.4730259270714033,1,0.6446355464911597,0.13379509380814958,0,1.2734017590408733,0.267057435284942,0,1.4226665411225352,0.20005950919501378,1,0.981623137287271,0.23570210324385832,0,0.8288575805976753,0.13411955351470892,0,0.782805692847054,0.15375985011389548,1,0.48980012716716886,0.11222730777322731,0,0.4726990869612851,0.0435125167411004,0,0.48889725694734343,0.18980825878946195,1,0.6377225584590297,0.08546725368253627,0,0.6793301109002478,0.06659317728100309,0,0.8113571985583571,0.1007249396182132,1,1.167809053568863,0.37488471474959006,0,0.8728964217923636,0.18517016900403938,0,0.9900783702905567,0.2150473692467805,1,0.9286243438142566,0.23045080254325678,0,0.6187674487068612,0.13357749939485353,0,0.9692673259698434,0.20972953757290583,1,1.0447863333812182,0.2302759657738667,0,3.082312390380968,0.4050876797820001,0,1.8169567325759792,0.33726775634498524,1,0.5994647165020588,0.14068708576726568,0,0.43921325943640044,0.12976429443908602,0,0.5936264397642567,0.14696063541670815,1,0.5833680584108727,0.1971372755000581,0,0.7338292622001974,0.2736728082081163,0,1.0645299719690544,0.20550067399820643,1,1.11214797202903,0.25336102369254426,0,0.9948797123091225,0.17295549589757322,0,1.3542094839136536,0.17691144143913085,1,0.6262153139379745,0.10905454642840975,0,0.8532551467295363,0.1533311555204973,0,0.9441123915540093,0.15502648665512586,1,0.7286648112304527,0.06861815689158036,0,0.7853850758582068,0.20602272377112388,0,1.2156391504463215,0.22039376197525953,1,0.6917407812819537,0.18255896967033972,0,0.7951818037904355,0.13468880052884347,0,0.9664087173610216,0.21439862589275624,1,1.0300456274218661,0.09168470123234153,0,0.8120131760617181,0.13758674120371303,0,1.008293329664469,0.05791015864978305,1,0.5916499250883419,0.06407679807374679,0,0.5452248486333376,0.1219379067737202,0,0.5788837907916375,0.12340694602760593,1,0.38546808294157625,0.0972638587959899,0,0.2966271367634461,0.08984928043356016,0,0.20727709747223813,0.06549825601409873,1,0.14143036166317421,0.051573031429541887,0,0.10346050561428136,0.02965703046486406,0
104,2000,0.9,gb,0.9146278299542008,0.005627862638058667,0.03871110354929997,0.03596531701787002,0,1.0472263516642617,0.17120301793925596,1,0.2704560333704281,0.16032641024577046,0,0.49998040134782096,0.15823905686983852,0,0.5892381938844935,0.1760835829563739,1,0.8890499561066665,0.22314824755164164,0,0.1397476402845234,0.04491789320640322,0,2.397656974259198,0.5256568661058434,1,0.09782043249963218,0.0657139258271372,0,0.21232373694034065,0.12201212664971536,0,1.146765924977311,0.3521578729195099,1,0.7160719576194825,0.20336683467986602,0,0.3342929706228139,0.07810729302680867,0,1.925276173714122,0.23211603164802067,1,0.2039661638153428,0.2864978775976817,0,0.4293575320909159,0.32397452794508996,0,0.4354324095016945,0.13153043977956055,1,0.4103657366345398,0.3125407977113558,0,1.6034172664099748,0.47173204786365375,0,1.56007929422268,0.23630204668968682,1,0.23342720967959085,0.16913868221253345,0,0.21836332482837828,0.3209324501100781,0,1.1189043733598427,0.3814962557050699,1,0.8586004941392981,0.31756810334677893,0,0.11394082152223506,0.08026965634670004,0,0.9186876703464097,0.35431070206959075,1,0.5737896387588128,0.2714611577036651,0,0.3395977344332517,0.2880044330244812,0,1.8936526940512146,0.5887924573584542,1,0.21813881319495843,0.18948221708369528,0,1.0255779015309268,0.3961776392151026,0,1.2872600355894543,0.49469668642817866,1,0.19890244808581228,0.09853889138995704,0,0.2985863016868281,0.12392264637511763,0,1.0336766626318592,0.34662724138574064,1,0.14658307347538074,0.1316166459353914,0,0.14311358388339285,0.1512010827201671,0,2.72322295330649,0.6323155627338047,1,0.27026689248213426,0.19580908406935588,0,0.23233920967321717,0.14876338663060387,0,2.4562597242379156,0.5717852892110413,1,0.13796312668104047,0.1635557724741718,0,0.986854971437157,0.7121630177960763,0,0.8892317049996882,0.6708696079768999,1,0.2199308582574777,0.2565392724423181,0,0.6680682703406344,0.4390244270185237,0,0.9822431587980361,0.4197286841004359,1,0.336880277353612,0.1381953247073044,0,0.5148254348897809,0.19239729304810552,0,1.4699053398171493,0.4465152862383451,1,0.27620581860505666,0.17082446081963035,0,0.9093437339959565,0.6753003022132278,0,1.3120621096601859,0.3956696017271237,1,0.4723624639707179,0.2587178458641773,0,0.3799838105873387,0.17442810326947997,0,1.3713317065298725,0.2591740985691251,1,0.3043091349646563,0.19367625265409474,0,0.08469686813702212,0.10603703507812161,0,0.9247105477232314,0.28963783621955796,1,0.7070189406270254,0.32617133988756625,0,0.7419913931074034,0.28223136877098065,0,0.3905307312228839,0.11245129656958636,1,1.2820576023938357,0.33184436079826446,0,0.39136358298304713,0.2584786932893044,0,1.0155329823175956,0.3325704956400448,1,0.7550625272858538,0.33070471394322,0,0.17388626073595131,0.07840233650834325,0,1.4311186746381737,0.2710597592948955,1,0.08577252812646352,0.07764958840266276,0,2.535243933829402,0.5006678870854153,0,1.0081147622337736,0.3100641897795894,1,0.4236042280142736,0.2452729166577629,0,0.1892815231841235,0.19371678344861035,0,0.7453528342009459,0.5344881504423433,1,0.3779739125197014,0.1949955961075608,0,0.38258040391772336,0.2734943295476901,0,1.972914167751823,0.4548022538848699,1,0.6669797189874723,0.32820670563789445,0,0.975136415012609,0.3324631665830827,0,1.0909956383066006,0.31040530662202503,1,0.05507477286168054,0.06400330443792746,0,0.3983153916363099,0.07968707746710726,0,1.4886191773251718,0.7251350808890943,1,0.6143016074396377,0.2431875191561319,0,0.19461508839426417,0.10852554876577868,0,1.7326067732612174,0.3771745120064739,1,0.43804156953753753,0.24367646793093084,0,0.5547849943308502,0.3755653541181991,0,0.9484292322259252,0.655362278133503,1,0.613277857434408,0.49182209810717253,0,0.40853523672928854,0.2402024128635281,0,1.5963342732621646,0.42559724261716064,1,0.2382101359634287,0.10244191198216043,0,0.7103542572179138,0.26946814876195313,0,0.7738062649055052,0.2909332889784824,1,0.42764497272379354,0.12107579382586481,0,0.15467132404033862,0.06764448564889007,0,0.9050481560529805,0.35039228239704473,1,-0.0010927247750087687,0.004615941520417615,0,0.013854054240213423,0.022854173393844063,0
104,2000,0.9,hgb,0.9135898583212455,0.004845249346910234,0.1023551680938561,0.05364363403511487,0,0.9859958124329982,0.16070254664927758,1,0.35206855615853766,0.09931174202428864,0,0.50876322847667,0.23508133867907807,0,0.6908924726879258,0.15346091205689769,1,0.6815117214933836,0.1332412613127238,0,0.4094371761854725,0.09975999670548691,0,2.006414962471919,0.29614774346797346,1,0.320313369530146,0.07960136491066239,0,0.21958606788637258,0.04563884161783751,0,1.1044779824296576,0.3393148720526178,1,0.786013926025422,0.39161158713865146,0,0.5343875500357574,0.24580308305355486,0,2.1329516496054763,0.6196142649964198,1,0.30197700748394485,0.2589902956264569,0,0.3778880195171179,0.26156272802926916,0,0.4932615820347829,0.2015198926742915,1,0.609354547230525,0.3569902828735078,0,1.7085809160646739,0.5422038184637786,0,1.2414006620083269,0.29896917656893657,1,0.4448593696692562,0.17662792031959798,0,0.366525322662132,0.238108712462131,0,1.265076607831371,0.4338347593777998,1,0.6980380171754318,0.2811720050999633,0,0.265679776171638,0.1403727105495951,0,1.359330075831355,0.4983421608951323,1,0.274946104301584,0.17141975826624692,0,0.26501134997437803,0.07707763927883467,0,2.056478772366705,0.3957866439680761,1,0.2505788730213953,0.2737365226348198,0,1.059480185997243,0.19911777273059972,0,1.0787287726635315,0.4397354928231024,1,0.43206661977322636,0.12972397202503352,0,0.31671049193990175,0.1691853887854644,0,1.2899426618263825,0.2266963906165713,1,0.17777626624346202,0.08475484116725061,0,0.4346785424385935,0.11447501541044043,0,2.3763646138380814,0.5909605989248021,1,0.34967949289552214,0.07697880476735262,0,0.22822779340966584,0.053880573020697355,0,2.7894456548889326,0.7196467885259001,1,0.22931646299561362,0.17782815516569966,0,1.1992759657056569,0.5199874623654985,0,0.6196221371357815,0.284450346113568,1,0.4829146711208995,0.3130289722536541,0,0.8804940987926999,0.3590799300559313,0,0.8930434557308242,0.2794398956660493,1,0.4858201603855347,0.13242092040272183,0,0.49235594276513384,0.134000164026743,0,1.2918052650788012,0.5074541093404098,1,0.2802074371707691,0.10343841172232772,0,1.2784989972030956,0.3138462959364572,0,1.3137656194985727,0.3890287310842763,1,0.5118275323201872,0.19068519213823407,0,0.4878641431900889,0.24802425623912047,0,1.3510296598711244,0.23041240408713223,1,0.2524447960736519,0.20019111570493286,0,0.2132616652750221,0.09133449830628973,0,0.787638421284777,0.2579105309684645,1,0.9586098516932667,0.6536313176388101,0,0.4825986251053461,0.23623001088910747,0,0.579513097289665,0.2305977952887838,1,0.8606595269744337,0.39393109258406156,0,0.8368593271568134,0.3125747274412415,0,1.0937721797265927,0.20156435166755923,1,0.5631730680666559,0.2996653762620024,0,0.1865766632689409,0.06752221309482499,0,1.325831604695574,0.40542692296344,1,0.3281357625851687,0.11655881591393087,0,2.62132484043696,0.8521420106329756,0,1.1692090404208655,0.33693880838566304,1,0.2910635290328588,0.15846012458744785,0,0.1516854493182087,0.045219618748451235,0,0.823028540328416,0.2817420502748116,1,0.5916006330839887,0.22494479785626392,0,0.3124486980160243,0.23349407217569204,0,1.5733659647741738,0.488117622690218,1,0.761176627626021,0.18515831829008123,0,0.8707413449505689,0.20323506253825377,0,1.0998056161732481,0.45886988581425076,1,0.20799711169367824,0.10649615844174615,0,0.45240763011449703,0.03027091296839026,0,1.399945008089637,0.27699930613887336,1,0.6417456027986903,0.12451477686275642,0,0.41755940396892355,0.10502118863788713,0,1.3390628249411012,0.32698464911257613,1,0.5336177786853494,0.2537398104328462,0,0.5727103244273218,0.07707267940420703,0,0.9604983423325084,0.2095395221667275,1,0.8339197301823773,0.3453206465678266,0,0.6643867489845967,0.2615498065269258,0,1.3530285509159927,0.39765697243320586,1,0.463878313248588,0.17329534404924163,0,0.6453596245463226,0.2548312834965508,0,0.8501350754051178,0.21371897750902813,1,0.34584969903218854,0.08011655789748283,0,0.34534847824321735,0.1791825251390858,0,0.6957056789649525,0.18737533514406104,1,0.020167271129924585,0.02311922074712935,0,0.011902105509911016,0.011181715503300396,0
104,2000,0.9,ab,0.7708636143413546,0.01329769672176802,0.12329373526051005,0.18589942309210986,0,0.1513078014289942,0.2189331514858588,1,0.05621891206512134,0.1124378241302427,0,0.19415059379772956,0.26110548090688407,0,0.36974699868673705,0.3744211888520245,1,0.05420763380430109,0.07012227975555739,0,0.22986888310967513,0.16176836762268357,0,1.7151529724548205,0.6278261259208275,1,0.30588563572577215,0.28267108341541264,0,0.5595569189019126,0.7410151225208925,0,0.9342612136450246,0.6718781669706659,1,0.7233795187480767,0.549193852369164,0,0.4906932765013739,0.30279722545736837,0,3.0974746692810324,1.038847297397523,1,0.38759049284533187,0.3105655552230353,0,0.6349376716006014,0.5846757922076831,0,0.3951717675248355,0.4687873468366666,1,1.2791020205408148,0.934453890240931,0,0.7572314804465756,0.39402761238177453,0,0.9220579498159622,0.3566607173409494,1,1.0950040517300503,0.43166970244006536,0,0.2819734863982345,0.21451052354283454,0,0.6553618799293324,0.21407503527019017,1,0.6453049641034933,0.4674471412021335,0,0.13348602598204534,0.1788164953926221,0,1.9666931134958694,0.7515271321449115,1,0.0874631460931303,0.10923253536700203,0,0.27838783952680185,0.18906436088373368,0,0.7835520063290623,0.5571935266900228,1,0.3622455360398996,0.4084499098244886,0,0.7650248407461467,0.42209202614679187,0,1.0960959361346696,0.4990018970219112,1,0.779427959446578,0.4610134620555745,0,0.9467589254459534,0.5783370245107841,0,1.0948059029739454,0.48794361758248206,1,0.13782397719156828,0.08664647670397062,0,0.2779922509418037,0.2741018760240197,0,1.4921956998778934,0.4072701923923881,1,0.26095785329838267,0.16050167693507458,0,0.2945760054014902,0.13468053816274805,0,3.020700430352533,0.8894123604265248,1,0.6429002336043765,0.22837721260603544,0,0.6261774070975186,0.2623652486675677,0,0.9416067141837011,0.5966787001736322,1,0.6443067469267347,0.20885346421034204,0,0.6828801715152168,0.4264131745355287,0,0.7937963753266872,0.5165353983640383,1,0.3572596574853174,0.21916392885258396,0,1.0625316360510424,0.34832801194016827,0,1.0810840729780804,0.6829024712863008,1,0.11443715085510034,0.12948413777310655,0,0.691847225736612,0.31173645780318143,0,3.1136387813926296,1.2998538562269315,1,0.4516652664905635,0.27565138099256914,0,0.48846408044856926,0.3336221615896499,0,0.7856513991294802,0.3155360519394098,1,0.290745822241124,0.32534136458508367,0,0.08643317653769633,0.16085292065416087,0,0.3813564823455686,0.43407266931793137,1,1.1670734902164064,0.36389774772037214,0,0.3106063070030345,0.2079255104354248,0,0.1352456729044122,0.14286137714506825,1,0.4037540407032457,0.47853425767780927,0,0.6761071154751077,0.3033922420085726,0,1.3824452506149698,0.5125684661550617,1,2.221227347763424,1.1760987125966236,0,0.9139609704526042,0.3298300812901651,0,0.6293323059321918,0.38385275770693666,1,0.19264976373234355,0.1710925218960861,0,1.0463166846745904,0.4174870694404233,0,2.047950197124833,1.2417145037787496,1,0.13230550899665547,0.18956635279767803,0,0.04350585911166993,0.0639392619104234,0,0.38434620545915077,0.3734065893631318,1,0.3854965589542907,0.2511516092655485,0,0.5131602712832594,0.3433906673206976,0,2.5115046662490506,1.812995118773147,1,1.356728968805024,0.5420061842590027,0,0.18771253184966594,0.06317784764244283,0,1.1681541956467676,0.7436426313645711,1,0.04971653454503609,0.06165465536058634,0,1.0448185977905817,0.7692409755689164,0,1.6005534597058944,0.7814434439425817,1,0.35662698992071734,0.32102480389302723,0,0.46808763448270135,0.2839857487101796,0,0.8504196838932364,0.34261778383061037,1,0.3844120430370989,0.2610544283577253,0,0.5008682888773686,0.4261079303174177,0,0.8506487877724253,0.5757517659421688,1,0.5607135543353206,0.27459626469067855,0,0.6974518841444333,0.2870173161181918,0,0.9378349877188544,0.3660437176751208,1,0.3505735949163632,0.2798590802718232,0,0.3205404426430357,0.21371456673578512,0,0.6214519046917065,0.25684944057243786,1,0.35142535231482663,0.6565481562191888,0,0.06594631779052296,0.13189263558104591,0,0.03741350764004639,0.04616734268617936,1,0.0,0.0,0,0.0,0.0,0
104,2000,0.9,bag,0.8192631186148382,0.009006560465601084,0.2217957012263974,0.22158321675957582,0,0.2887854394291175,0.12827814061769988,1,0.2806692406480007,0.1435744009626724,0,0.29999287527142454,0.11267110945094094,0,0.499690800580708,0.19344612689779167,1,0.5667118936016069,0.27234178565264455,0,0.5273253037629938,0.3499831959468403,0,1.1574889743773684,0.3361437803417605,1,1.0371135063754917,0.5870573664063112,0,0.4272688646650871,0.24989792417729537,0,1.4295739359465665,0.4970146828076537,1,1.3086525847294164,0.6351771689120199,0,0.9228218826013832,0.731548526001725,0,2.881764478815711,1.2649964368682252,1,0.49943955975317345,0.2352100660808978,0,0.4910037250828008,0.40948696391315814,0,0.5148592978083103,0.13679023746437827,1,1.3653479664770036,1.4923619876745513,0,1.504652470558269,0.722544167966547,0,1.6536597171325198,0.48316262377939545,1,1.182401014315736,0.39153762168891476,0,0.6801064109398646,0.39854594560231965,0,0.8472263804431581,0.518820726553214,1,0.5786593958967166,0.3973518944170826,0,0.19233085338522588,0.22059798646263418,0,0.9835775523181993,0.525034336372863,1,1.1237788249915408,0.9439794656946197,0,0.48633247543567376,0.4322309118460794,0,2.5280382446483736,1.1507393071682233,1,0.4379151705005316,0.44984118991005434,0,1.7023121966576054,1.0541638928485504,0,1.342785975832331,0.593330380974812,1,0.6684795803547463,0.5678586662175152,0,0.8409881220175972,0.3444258548498969,0,0.6410454073713091,0.3158430391022486,1,0.6245881502838981,0.34092712954562093,0,0.5276663815774184,0.29848285324193563,0,2.216719275618907,1.904159432910736,1,0.6159875293891296,0.435885439473494,0,0.7932636038164481,0.664258244445095,0,3.012878704970401,1.0845442773097806,1,0.8496550820124062,0.33612234550236403,0,1.5673878321988135,0.6801790522055433,0,1.1354368467101923,0.535572283966308,1,0.8930150654620812,0.1832165587046263,0,0.7354094897326751,0.7061990437417234,0,0.7916285800223402,0.5589999288220208,1,0.9039010317458687,0.8465316787365266,0,0.8789624595302467,0.4531868921550918,0,1.6522264089721475,0.7010909990813123,1,0.6323004824524828,0.15766111242238282,0,1.2671780880008505,0.4254074437880513,0,1.5279630320588806,0.612290116162304,1,0.8616464431937425,0.4659706108943776,0,1.1186781744088052,0.3985015069408389,0,1.2717855770597393,0.7104515476784233,1,0.4694450516052854,0.20623654782912043,0,0.37670339301495753,0.2467207902719851,0,0.5713363440645522,0.14768740125489688,1,0.6733838115910815,0.4050605316922295,0,0.537043369015378,0.21836185873570724,0,0.5559235329896929,0.06892720967936791,1,1.4099742223274352,0.35726690283547863,0,0.7637181651585333,0.42550368796858595,0,0.879323660810188,0.4351152681028914,1,1.116593503651726,1.0791326809773967,0,0.5354084628500323,0.5366250745925174,0,0.7945264249173383,0.3361088534810964,1,0.8119680918100137,0.5116535120179667,0,4.910215593055414,1.281821501497089,0,1.9251653123608101,1.9064122983228418,1,0.6328912638145181,0.5256466719994269,0,0.6016282013493053,0.5062872102955882,0,0.43962358386490036,0.3823285822628845,1,0.44824566096164115,0.25994276305092384,0,0.6634671638269114,0.44334928932755147,0,1.8714487265951263,0.6837589357982283,1,1.264751627070898,0.45273931571254594,0,1.1487516448665238,0.4657449831707279,0,1.265742901213565,0.37313723099080104,1,0.4378739148329801,0.12825981351978386,0,0.7960810526296813,0.2515737033904793,0,1.3003177545190763,0.4666854461154804,1,0.5315241537932465,0.30725348751246095,0,1.2053542029269981,0.8737465645078376,0,1.3306149162483398,0.8252094521358517,1,0.9978385634266982,0.39417284452095824,0,0.7826623832858068,0.19866783961549922,0,0.9849602647531934,0.44326369721500325,1,1.1623680496569329,0.35782109451183436,0,0.5233902428907872,0.14793273736646378,0,0.8535759531886267,0.18320611383156424,1,0.6252427411021808,0.3279563647826858,0,0.7176155812572766,0.2935511758169452,0,0.5137262729075864,0.153358710664497,1,0.358858755528039,0.23531660043067537,0,0.3366863278554043,0.1845090321703396,0,0.23118318912352379,0.11179001529699051,1,0.18169260887355113,0.12760361508291815,0,0.14849554325132935,0.15704097109944068,0
104,2000,0.9,mlp,0.990555330269113,0.0013773736748451694,0.05283599232718879,0.029976613141345365,0,2.414737454781755,0.3763405292149168,1,0.07257816030548098,0.019305376004884026,0,0.06974106136874711,0.030034138967381153,0,1.7580644237370495,0.3058947268885212,1,0.07966568920000212,0.019338739213542906,0,0.05398330856605582,0.02172136252270139,0,2.365131937222662,0.24902978353709798,1,0.05026435622502605,0.02880116929231358,0,0.08960812001857252,0.05980757943644005,0,1.903004710993415,0.255522015793839,1,0.042294852595921376,0.022076117354992247,0,0.019767185117075904,0.025904623776138565,0,1.851334136113359,0.1760728265142916,1,0.11390429723872611,0.056677321108643486,0,0.05671404577383017,0.0410760928972885,0,2.2521819487371944,0.17453630515404364,1,0.1485032046166191,0.07245334934953283,0,0.14809532913154796,0.033603598806901024,0,1.5749355547768251,0.17216690440783222,1,0.06656447892738218,0.07228244596135262,0,0.04109424123011686,0.03741810080307784,0,2.357410234518155,0.3125372094849643,1,0.09488949355403312,0.0369942069346606,0,0.10131904949706112,0.06834319579564477,0,2.247046531657509,0.281960682331365,1,0.07372316710117763,0.045971611287875046,0,0.1846752957797209,0.10984724249538776,0,1.8615550625068178,0.17853901577772974,1,0.02766371361938687,0.02753312303906888,0,0.04886787054124246,0.040597638228258674,0,2.231299481471601,0.3178401816961888,1,0.022262183647498057,0.03160542347222621,0,0.04068334516631025,0.04985526141767807,0,2.0253708460691717,0.3544884046272695,1,0.08097518983266874,0.04078133348889894,0,0.07906576125171219,0.0259023557607589,0,1.5742733890625844,0.2371384743211594,1,0.043358142870922475,0.015199587237935405,0,0.0371656999042077,0.041626140444063375,0,2.24886506724881,0.270408806703438,1,0.07868072201076741,0.04497923867043757,0,0.0451571326907026,0.023744560106035362,0,1.688214405241294,0.2758535647610133,1,0.04714637513950613,0.026747480131379762,0,0.05204936411667418,0.038496262890795836,0,2.244615366286453,0.1892719207227821,1,0.035564311018525585,0.024956214223029866,0,0.02829080857918794,0.02128442389309051,0,1.590982069376183,0.14377389555092426,1,0.11535075165530004,0.060853432535666496,0,0.07453028911984527,0.03139346636407149,0,1.420466341035294,0.16978465368518936,1,0.026400205932301895,0.02499664009145681,0,0.06984557761060677,0.03836042548049701,0,2.004884265918656,0.21899835619431915,1,0.12601572943466258,0.08661757830858174,0,0.027194143833838336,0.056589285935561964,0,2.326422283470074,0.4734239800748735,1,0.07098817323420936,0.030469835660016098,0,0.07778379085846894,0.04758952754142137,0,2.0971013605103748,0.06933847024348636,1,0.04500993958527254,0.04044244404802104,0,0.026090864131027548,0.03264331691887869,0,1.9681730672833067,0.16635022543345157,1,0.14543968936315924,0.04732192776108558,0,0.1837195573124347,0.04942270581075668,0,2.728883708534697,0.4636941296629052,1,0.07561164832457937,0.03280444631429556,0,0.09430806028029831,0.03999656363305253,0,1.459379810784731,0.24138157115938,1,0.14953320837228984,0.04710513970015438,0,0.203071301438225,0.10195170345031271,0,2.226272192499329,0.2925686702099327,1,0.07731128993034372,0.035657481851234095,0,0.035702213143319075,0.062410691909416095,0,1.6442084044150427,0.25169744171853364,1,0.027002201492402504,0.028237995916595912,0,0.05165758198740148,0.04026601870171763,0,1.6053888720265248,0.2579817606192044,1,0.02466431293287432,0.024698717538925403,0,0.07990128567402957,0.04453052515927627,0,1.8449736574616207,0.42432084207059273,1,0.0395568220558193,0.01617777051166577,0,0.07582628593155408,0.03367672736547417,0,2.249938251774326,0.45655749908625454,1,0.052242648951182594,0.021029489720095048,0,0.12186129664814645,0.08804071124095071,0,1.8326745048148614,0.33816521353588397,1,0.031645025852355305,0.026249811994579965,0,0.0591125114344385,0.030852696392593172,0,1.9158155557638943,0.16518991408488032,1,0.1123321124786951,0.05946590074931363,0,0.049924230211922924,0.025538569536179778,0,2.289682243226146,0.274723995218355,1,0.023421414366661328,0.01896173406157694,0,0.04575326884288996,0.023285704142370762,0,2.444155212633786,0.4381122237800898,1,0.13373730987395502,0.039979120795706535,0,0.02226552489600344,0.04511862323352024,0
104,2000,0.9,svr,0.8878419280607963,0.006588961490956975,0.28709533839099943,0.08678185638613412,0,0.7241072840588999,0.17132752796493228,1,0.5200963983265513,0.0877142987605195,0,0.4653753582942536,0.09577104230755225,0,0.7792383196819861,0.10013815195772581,1,0.6208486259242522,0.11518395834897208,0,0.5942257780595248,0.08218125490596126,0,0.9935896541037005,0.13764915926644533,1,0.6985121695734953,0.11593341376931882,0,0.665154299920013,0.06376683922024456,0,0.9445854235373303,0.10924491115746043,1,0.7526693219062573,0.07319730174164263,0,0.6703341718589503,0.04869047125698248,0,1.0303548781539384,0.07609344587360313,1,0.7208979353057643,0.10363592748172913,0,0.7286389373033787,0.06451151592136792,0,0.8753317056051303,0.1221518597002135,1,0.6668560118924673,0.15701112255115668,0,0.7758974048908426,0.13639441674446173,0,1.004250541750594,0.15714781849949855,1,0.6691649022818772,0.10940418956566923,0,0.7455406271304373,0.10477240567136688,0,1.1805703973716577,0.14869433281146247,1,0.7357431778146434,0.09656298229622484,0,0.45645975311089143,0.05500559301584462,0,0.8629087755547555,0.08088042243189865,1,0.6202678520516741,0.0729180652083517,0,0.6970461380708632,0.04652601957204223,0,0.9941795560458114,0.051606049550952326,1,0.6040358310179176,0.07095952754297177,0,0.7205733176459104,0.14324849728694752,0,1.2265062950846148,0.16236248837562892,1,0.746903823788846,0.09968476672525368,0,0.5753824912666762,0.07754261225469218,0,1.0691800691358646,0.2066170571638035,1,0.5921947778625904,0.14735270034710235,0,0.7135914635246408,0.1543059208959905,0,1.1430360445151178,0.16098252240014319,1,0.7439744248902811,0.13881689038596073,0,0.7779921895839873,0.1617900018319862,0,1.1819943948072158,0.17135075225339091,1,0.6007465945033419,0.11495193295490108,0,0.7099005844438079,0.09506106150933205,0,0.9869949966971975,0.13726569242785716,1,0.7130686654247751,0.15984583331359173,0,0.6900707500629284,0.15140845975050807,0,0.9821763351241056,0.1445215574744664,1,0.6309982208650105,0.07982176089722721,0,0.6460726370834313,0.12396893467581759,0,0.8995971061906414,0.09649344765849673,1,0.6460286671679216,0.08880750709253048,0,0.7248470535041226,0.12455680231544454,0,1.1106270923584067,0.14179885735767178,1,0.8572081656977227,0.08723356788556862,0,0.6884742024478318,0.05101267270750917,0,1.000558683435183,0.13323672185265825,1,0.5600772155986197,0.1255093988466595,0,0.5193059942891376,0.12258156918853867,0,1.0201008475150004,0.16250201327285774,1,0.6665448154308243,0.06559960925999679,0,0.5390687399568118,0.04250583824502613,0,0.8360393235693367,0.12345771677718417,1,0.6340982723941766,0.08942105573919701,0,0.7009366713272478,0.13614844756837657,0,0.9555142004701223,0.13948096295860712,1,0.8414505566160863,0.12185128515299054,0,0.7715756455045353,0.10450433011778497,0,1.0449168412315293,0.12669280477806938,1,0.7598772094112396,0.13311423685258011,0,0.6806260541815219,0.11659845120427743,0,1.1510352305233753,0.1414754445062924,1,0.5634571606298259,0.11956657318000855,0,0.5516298625172886,0.11816894915658578,0,0.8517014842741405,0.11627175457667539,1,0.751426415589538,0.09146385450654457,0,0.621145113263277,0.0966787267746339,0,1.1604186187853691,0.1721523070532561,1,0.624381687575678,0.15247570163822133,0,0.5543208279263535,0.09808335528241455,0,1.0315448673415575,0.1642641124931925,1,0.5976163031328755,0.10039457583745089,0,0.7096317012600248,0.11037080964486813,0,0.9992285921889812,0.1705071542943472,1,0.5915370583099347,0.13572194765030227,0,0.5406811484894034,0.06984021434644043,0,0.8807315058925612,0.1409481965898688,1,0.5372129763467829,0.09948485732557344,0,0.5863421379506114,0.10246740701290294,0,0.856127965216413,0.1384939193270876,1,0.6431349416607898,0.13029702326540363,0,0.5842130506739278,0.14182342953535754,0,0.8763017054280923,0.2161665270004344,1,0.5732419407320917,0.15038473146379225,0,0.45244531655721343,0.0918475260336135,0,0.8379413323815091,0.18552674941024022,1,0.47108303475690755,0.11557587570461667,0,0.42592207984448277,0.15155174735256488,0,0.5414895258874741,0.17661434918794908,1,0.2528387529701123,0.12988148208323186,0,0.10747412934506642,0.10065226931254756,0
104,2000,0.9,knn,0.900528325059609,0.00210025286056627,-0.052034274483029386,0.11204934138059806,0,0.0211388523600776,0.2014269703853122,1,0.07453433361074908,0.21306500057499286,0,0.16470675643730587,0.34386671786730805,0,0.32574179857095636,0.4192423859371354,1,0.17031202000104545,0.2668176465398835,0,0.48059269675181593,0.25334835989227183,0,0.45458502784319554,0.2922614327655368,1,0.3299008658093579,0.174693127042241,0,0.21623642583386413,0.3077008131369361,0,0.12792070533850147,0.23240307248654432,1,0.46775459454463164,0.15927040386218153,0,0.37302472049267454,0.14688222020094782,0,0.5715395133647181,0.17048416843555322,1,0.19826676005653113,0.12073647471805213,0,0.29764430241383955,0.19058124557556452,0,0.33910777916350543,0.15272504309234258,1,0.33597298900011857,0.15448937119935058,0,0.5581540206416434,0.19063784025762512,0,0.5096743110955173,0.150690164545007,1,0.524690222669655,0.12287666016748297,0,0.5323377756584936,0.16042505346263455,0,0.6719251637650492,0.18934582912041936,1,0.4457414744760671,0.24850528501439983,0,0.46661349450448564,0.10290194969382746,0,0.6230500901464631,0.2053167269321177,1,0.4502053206421319,0.17560883570984856,0,0.40089243234255456,0.3977386293092889,0,0.4557079392930515,0.3439049334373819,1,0.32448377006290063,0.35879496056898885,0,0.2728779730995484,0.30716560722903613,0,0.3228825524981018,0.21942780048570532,1,0.46142166237198856,0.16243264364683377,0,0.46610452038955436,0.42833475689527284,0,0.7201013655155175,0.2886367643001004,1,0.3512262505471059,0.38804922636624944,0,0.4924336836556062,0.2722358682698904,0,0.565248833428561,0.15591741785737068,1,0.36783638023532966,0.30908473221009064,0,0.39799652025227683,0.3118048791115337,0,0.650295122194464,0.25612678789508114,1,0.3091525860516756,0.43154997574613696,0,0.4961174143490945,0.21081464324400162,0,0.4286754487856525,0.13892677765511988,1,0.4640822400350835,0.20499678792629283,0,0.3270699959005363,0.1049888451174878,0,0.5157891294576575,0.18207023045363926,1,0.6427773537006256,0.4307218153449766,0,0.4718254075185449,0.30491359321059164,0,0.43165119969297533,0.3592815134149679,1,0.20929861490934326,0.3025264734321708,0,0.2894647054399916,0.24249893426679744,0,0.3497216350765767,0.33499420407384267,1,0.1661974189493718,0.3311571730627378,0,0.24965809045817194,0.4237269964612569,0,0.19386867872717467,0.3260127523049257,1,0.24811623140177677,0.3261900599814105,0,0.3678260854089511,0.2868307497506731,0,0.3129556373265391,0.23390319563658293,1,0.12400069694844174,0.20092855622626643,0,0.31931987913914595,0.2077259554770828,0,0.3651373011363791,0.2228406566112113,1,0.30994849748339987,0.3106915443260562,0,0.39714948157493446,0.17215555247205777,0,0.3822211299602211,0.318747578545578,1,0.2582454558257806,0.3138458955702428,0,0.2874051026801179,0.21476953593887524,0,0.30705273176141734,0.31668355080557364,1,0.22677033232495228,0.3454732781026798,0,0.27197476932094733,0.39846147487161887,0,0.23848759370666506,0.4238597319959233,1,0.23064452364146432,0.28587677182177657,0,0.2884305525346426,0.2508254087127098,0,0.109252875579085,0.26189825544510825,1,0.3462730391587889,0.1253783877722726,0,0.25475808156609697,0.16422510158910575,0,0.4048572037686321,0.2722034209234649,1,0.23193854787338486,0.3514597529285066,0,0.38605767414725384,0.2705504211589592,0,0.5352287592959903,0.2872403386608131,1,0.3435059026787096,0.2362951685395315,0,0.5807697312302252,0.4847531653919898,0,0.5787066536353366,0.3944904339512893,1,0.4153697177735468,0.2635554664274065,0,0.2931870407701019,0.2380435305406937,0,0.36848632788769314,0.29538518577584716,1,0.14588336011966327,0.09950141653845894,0,0.3417766868917671,0.3544212469957397,0,0.488023138008052,0.3911693250789572,1,0.454209051778776,0.22041606138512462,0,0.2609235009447644,0.23483264188646322,0,0.3169814398163699,0.219306393965481,1,0.3784835474071785,0.35007792869202853,0,0.4361103150032071,0.2412767843244041,0,0.423325840454868,0.32617155306515605,1,0.2866530059087262,0.2043719106691791,0,0.13889048984275196,0.08605067814432656,0,0.04850343142351944,0.24540267315743644,1,-0.1359461842481618,0.11469114949126731,0,-0.2021477560983933,0.17022870001804077,0
104,2000,0.9,SuperLearner,0.9942873428123224,0.0003963249798110846,0.008754228948261476,0.003564306886680361,0,2.194478094176714,0.3161936201504649,1,0.0035504804616226905,0.002089729461897849,0,0.001614666304651011,0.001840378326581021,0,1.5922327316118328,0.11891523284014748,1,0.04384363422779837,0.020301715601916098,0,0.021644631808394998,0.011626810901868349,0,2.6401368901653077,0.12156814161651174,1,0.004986918577091942,0.006497461738595154,0,0.028909743632890738,0.012584817381821508,0,1.9150962674252032,0.12456608408787771,1,0.006021433262502214,0.0019027820068797771,0,0.0024500624082408216,0.0021720988541077853,0,2.1045379174912133,0.13704878404564555,1,0.0065900013005416565,0.011100986699557187,0,0.024186122577437578,0.020561854464156964,0,1.87653336159419,0.09391047938692329,1,0.03977441565109938,0.018872454637550287,0,0.04935111735300447,0.00857550928174653,0,1.7925309331559194,0.12401861389092227,1,-0.0016851266065518971,0.0029162976254233303,0,0.003065481723165447,0.008092713158617718,0,2.2260298477553073,0.1106248553406286,1,0.0018076248270274173,0.0033227499010165056,0,0.04808526000883261,0.03209643306386178,0,2.3526899881745686,0.19394973070039212,1,0.005686298798946098,0.00828655049585863,0,0.024642696016491966,0.015217379912051878,0,2.3040977597116976,0.20731676881564287,1,0.0024565661891900485,0.004630211412489312,0,0.0003345469042758377,0.002668797936794704,0,2.193362147187365,0.1490284891727554,1,0.002203917662064795,0.0016324349300188528,0,0.0017082702785415217,0.002844411745341651,0,1.9516346642871771,0.2631537181683793,1,0.00292009554599324,0.0036411529271097535,0,0.006369811822048185,0.008758928046813316,0,1.8251386860693182,0.09820765460816593,1,0.0037372304479213305,0.004437915148904908,0,0.007066051747938877,0.002529746198764224,0,2.32354687442466,0.17499432970174714,1,0.009351788554407688,0.007806952201367494,0,0.009401146428559645,0.00888349578002722,0,1.9590250832533045,0.0846792294749967,1,0.0028891909869982295,0.006090624870033053,0,0.01126231202688674,0.006718492868593962,0,2.1713737140218194,0.11602857156129759,1,0.0029653518382363017,0.004228980856848559,0,0.0034551642979423628,0.002587472759691166,0,1.880088230281579,0.1885692715953003,1,0.006096637325223994,0.006578274326657075,0,0.01641705558935102,0.0063628596780456815,0,1.5977523125194597,0.16606190994324802,1,0.0013010863344240266,0.0032219454485984396,0,0.0015855227113624759,0.004324141909062506,0,1.939000103025051,0.1706245402426803,1,0.024889379204451965,0.015354117969899946,0,0.0059972756626682396,0.009114435368898263,0,2.136999108754764,0.26693855380345305,1,0.02134935094056937,0.013999750491041815,0,0.023569766160321852,0.014532284869650093,0,1.9241696374888562,0.13324358688269844,1,0.0019203226185962666,0.006874160163913499,0,0.001586141434873873,0.004023030632476234,0,1.7197879665489073,0.19389765418732477,1,0.022803118151671797,0.017760673951801156,0,0.02816827456885428,0.023243735586886267,0,2.2022457869031613,0.2712800977807842,1,0.0020135106220578046,0.005520723234150858,0,0.017635178870184308,0.02373673985034978,0,1.8554388304501235,0.13773440001490797,1,0.0374493722334409,0.02116705464982615,0,0.10829279866892609,0.04096484572663962,0,2.1765412057653646,0.18551286820702406,1,0.01715121437326608,0.021800211906957037,0,-0.000799573039354725,0.007570463952383887,0,1.9077338041079492,0.30058982624197683,1,0.0005059729546048098,0.005719118708201472,0,4.9515991535874825e-05,0.0019633468286769837,0,1.8130702707815807,0.05169091316982296,1,0.0019432823560424535,0.007414830729801461,0,0.0006211351038792806,0.0048402743234535845,0,1.9575784670008596,0.2873220485337353,1,0.02671702878633723,0.014325846166885588,0,0.027381984459773225,0.02104799006037179,0,2.2004932970290705,0.17109259370948102,1,0.019164433235339708,0.02071053881367057,0,0.021774800827308025,0.01576977074466392,0,1.6312486605353453,0.1914204013404015,1,0.006840932429370226,0.005115289315143574,0,0.015016656940398809,0.009824035123263544,0,1.9579744569478048,0.08287560316959496,1,0.020576191053532544,0.011737667788235576,0,0.0015501972180666465,0.0032053361606068863,0,2.1140869919249154,0.23231130127662739,1,-0.0007962612368025628,0.002090441905614663,0,0.0009308764099333134,0.0033486049535535723,0,2.135967081184867,0.21112360219586895,1,0.017152592695387395,0.00553628019981996,0,1.197867088522964e-05,0.0013808521526715847,0
104,5000,0.9,lr,0.9945182767784002,0.00023458092348341823,-0.0006862869520830763,0.0005953935332708104,0,2.1895375868959532,0.15504766680538662,1,0.012456716043568142,0.005186028664529327,0,0.0028352387495919062,0.0027478980421831397,0,2.202440078787494,0.13089080281374993,1,0.0024496422743708,0.001982156620760165,0,0.0005920232272140464,0.001835872804154496,0,2.4419732754943464,0.19003726297474735,1,0.018808504294113362,0.011694432915206327,0,0.0035294730779928535,0.002880863190008876,0,1.971119829421681,0.1230337489658863,1,0.005875981696626767,0.001947435018254442,0,0.007613099184357525,0.0030305475761543328,0,1.9246863743359621,0.10350587361008827,1,0.009373530454177915,0.0057496971653196215,0,0.014742544488981916,0.005230745081705482,0,1.9804426310980516,0.12771890450606255,1,0.003473076822622983,0.0023235780047284045,0,0.001447918154905387,0.0013826541256103685,0,2.1963728489439456,0.059746971291077,1,0.007954519513113534,0.004419779805336483,0,0.007776323123672072,0.007376088789976109,0,1.701067799484159,0.07351510720108065,1,0.00822964767550009,0.0036256841071987296,0,0.001445365881167343,0.0011384336659813119,0,2.216184599450444,0.08713486784224363,1,0.0008150529901496739,0.0012030036694616838,0,0.008567238452853433,0.006335253477476747,0,1.802792859191791,0.07401823339103919,1,0.0012351201999081783,0.0016330378885736883,0,0.0006078473867529435,0.001264190325513056,0,2.2411379224623245,0.16804140985674704,1,0.008235931469325644,0.006381059915068312,0,0.013306007749523058,0.007839894094555006,0,1.9229676364448742,0.11600458546269804,1,0.0004255784360712695,0.0016080341877193689,0,0.0011264183032556137,0.0034235551711017703,0,2.3647948964778864,0.13650594006959232,1,0.01009674826262961,0.005771664163022182,0,0.009618940265739702,0.005698229744443441,0,1.7914650145349338,0.10192046437833466,1,0.0005260077901863486,0.0018527146400079803,0,0.0010504630722956009,0.0010787307030216743,0,1.8661545957413666,0.05112783209978799,1,0.008818661966597679,0.003760507863165018,0,0.0004701139388756685,0.000875755135558248,0,1.8263731515895958,0.10622323247794446,1,0.001956987657232172,0.0033349799106721107,0,0.00040478626523269277,0.0005280272940513435,0,2.0154958224855033,0.08523110224728786,1,0.0025868532600200047,0.0030929346339773037,0,0.013059418457457016,0.009860519067583005,0,1.663352544257813,0.04284220244842975,1,0.023601285385867282,0.011152316396794973,0,0.0033124621128852124,0.0018470907732845178,0,1.9704150092562416,0.1254437749774868,1,0.0048112498099569185,0.00617295819723582,0,0.00045072087362007813,0.0011366081550947418,0,1.6708136978029586,0.13488222499356559,1,0.006921334794120375,0.00802632502452379,0,0.0020237110405189724,0.0028478613362442583,0,1.9091348706302103,0.0538995841257534,1,0.0009707203641421832,0.0016349485982228643,0,0.0011570344034126882,0.0029808949431505906,0,2.2004017632717146,0.1367911727007363,1,0.011521257286726507,0.005969214836637756,0,-0.0002212488082564916,0.00039305608846670485,0,2.0635434724499073,0.07294316955858667,1,0.0012803462209259628,0.0019013959427749102,0,0.002445040083998504,0.00185963908655524,0,2.0217698391146084,0.16906577715433813,1,0.007077242325538464,0.005323872595813384,0,0.006748430707117635,0.006733886117177997,0,1.7938313681268354,0.07873780240334552,1,0.013107786833627422,0.015649458759105127,0,0.0025365578685825644,0.0022260055057751068,0,1.7595108135076902,0.08049798232174131,1,0.00022886780564542472,0.0008589014252002518,0,0.001651609271498343,0.004223898439758393,0,2.102304576728437,0.1299756914970057,1,0.002941523809911467,0.0035438312279464416,0,0.010012142825291335,0.00524611215290958,0,1.861879589738382,0.07947323334926445,1,0.0005078202748601583,0.0012009240279943008,0,0.0007008549294205652,0.001818333982355751,0,2.098848751261957,0.07432523093554176,1,0.0013216950532667516,0.0020529474977582767,0,0.002333112288235806,0.0031404906672737737,0,2.0606309439740227,0.03307589556460646,1,0.0006966908132349367,0.0010768666821317193,0,0.0010998174247516925,0.0018567110453103202,0,1.988795580294442,0.060207316770211676,1,0.009206499161171246,0.005808997102536692,0,0.01086436938931543,0.004593445549921663,0,1.7713525054507167,0.07780358240742738,1,0.004179539620763384,0.0020602613452321166,0,0.007225380087397211,0.006507191846991075,0,2.114639533289348,0.11200126476247317,1,-0.000260645747671127,0.0024561362444804006,0,-0.00010604985917688301,0.0011279877989104812,0
104,5000,0.9,lasso,0.9619461810987096,0.000627022081657994,0.0,0.0,0,1.2326537412685314,0.09041953243428145,1,0.0,0.0,0,0.004711465935124476,0.009422931870248952,0,2.642010993408662,0.24132772630291352,1,0.0,0.0,0,0.0,0.0,0,4.078862105793705,0.16020576553914787,1,0.0,0.0,0,0.0,0.0,0,2.5675013596867795,0.09605794018576475,1,0.0,0.0,0,0.0,0.0,0,3.7506388584951535,0.10656389211749544,1,0.0,0.0,0,0.0,0.0,0,2.236395312510495,0.10584927848869688,1,0.04696737641597224,0.06040126535200004,0,0.08592204975921439,0.07699597169477361,0,3.816462652922602,0.18373371245743583,1,0.0020411019466007544,0.00408220389320151,0,0.028798291951424658,0.0446062673005461,0,2.275467329316975,0.20434800689603147,1,0.028916622824642586,0.046500640077597306,0,0.0,0.0,0,3.626096975951987,0.1176592833997378,1,0.0,0.0,0,0.12868968603465697,0.054652331132270096,0,2.8505163740113657,0.08751182489939316,1,0.0,0.0,0,0.0,0.0,0,3.1316602754477687,0.256714969696734,1,0.015374202091848106,0.03074840418369621,0,0.25650754866745185,0.08932609924774504,0,2.3845167536338066,0.1737335689211403,1,0.0,0.0,0,0.0,0.0,0,3.301922451728997,0.2027952687176692,1,0.0,0.0,0,0.07241042156215366,0.0487884279356133,0,3.09379121530369,0.1833511776447007,1,0.03207214718940589,0.03928626255111668,0,0.0,0.0,0,2.987627585698699,0.16059628233419085,1,0.11439824757146433,0.11104749358855091,0,0.0,0.0,0,2.546874583821643,0.21495728728021182,1,0.0,0.0,0,0.02455714801903515,0.03277023436235003,0,3.308700824022605,0.20902161600546468,1,0.0,0.0,0,0.08650280582508973,0.08899563122483133,0,2.630089759732645,0.07945137788466587,1,0.3387998268681395,0.20240924969127147,0,0.056343593760335875,0.06749879712957269,0,2.5610951424013306,0.0754929770542647,1,0.0,0.0,0,0.0,0.0,0,2.3552262959122863,0.1785169095202462,1,0.006835894136277445,0.01367178827255489,0,0.3425570620356984,0.12308930250790764,0,2.624976545116122,0.2687048448414158,1,0.0,0.0,0,0.028386848034230906,0.05075400461835235,0,3.1511679298487856,0.23992788378137822,1,0.06650446880533814,0.0706827070661934,0,0.0,0.0,0,2.703200356986499,0.11622707382688456,1,0.005027418500073633,0.010054837000147266,0,0.0,0.0,0,4.01818912821845,0.2742009232606777,1,0.0,0.0,0,0.0,0.0,0,2.206301595854016,0.20058547008164643,1,0.15825641269504714,0.14205532173972335,0,0.002594881337255977,0.005189762674511954,0,3.413904711017694,0.2521106446067138,1,0.0,0.0,0,0.0,0.0,0,3.1870575728206254,0.256167463823568,1,0.0,0.0,0,0.008791341285601943,0.017582682571203885,0,3.2899618991709394,0.18773109880652003,1,0.0021876831860157893,0.004375366372031579,0,0.0,0.0,0,2.4786743817974424,0.17284679585512627,1,0.00042241197386012175,0.0008448239477202435,0,0.0008734638223277215,0.001746927644655443,0,3.2987626781121455,0.12769818489214863,1,0.0,0.0,0,0.0,0.0,0,3.6132166801154306,0.1192321643446883,1,0.0,0.0,0,0.009881810005885696,0.019763620011771392,0,2.8016593399956977,0.2861770132325377,1,0.0,0.0,0,0.014919284142672498,0.019776258965370982,0,0.9941338718708777,0.05539948589673934,1,0.0,0.0,0,0.0,0.0,0
104,5000,0.9,dt,0.5512834107132696,0.013104989223900002,0.38466908611338246,0.4674374850492667,0,0.62483896506251,0.4666741826873077,1,0.10490011972785232,0.24012557982574667,0,0.5841864547048916,0.794403582371329,0,1.0593120907810478,0.45505788736101616,1,0.5052689800794108,1.0074106684908035,0,0.7802441271242258,0.4104474860707688,0,1.2055839530376118,0.7848575365228165,1,1.6702132948905137,1.585923433301906,0,0.4215940030274071,0.8206413579609158,0,2.8832446548651807,3.2350265086768815,1,2.9765927733769835,2.774906914162488,0,0.6103819562913808,1.2136558615636963,0,4.0571563581769015,3.785958329863558,1,3.428638147268668,3.0067198053938013,0,1.3941929360649912,1.7371724223236635,0,0.8566078011931484,1.176976878586219,1,2.2185264903671778,1.5234295842091838,0,1.510104940278102,1.2137501894865121,0,2.057707510424646,2.528409242971812,1,0.9095566835385285,0.39573303531828635,0,0.852248828259021,0.6872333313680115,0,0.8086155494590204,0.568253438221333,1,0.2797107080585274,0.3967319250725799,0,0.7574846668459747,0.46128170923558526,0,0.6433318413649098,0.9672245127851964,1,1.8292373543701927,1.2279750627942423,0,3.113715229613131,3.0684798492622773,0,8.168103569411148,6.638939488096866,1,0.45175118451611135,0.5478843090333695,0,0.4341078645601204,0.719877772070176,0,1.274408178747116,1.4335652539401749,1,3.3521853556264687,6.858044282960633,0,1.2801141566547114,1.1173351432822078,0,0.13818700323415636,0.31152991671708335,1,0.6515915554109294,0.6861154966479044,0,1.3403703074437288,1.6726945950241905,0,6.623374320105012,7.612767260398144,1,0.640442838796665,0.5593201183270937,0,1.1579895176468153,1.2754080315121072,0,1.8682271381176137,2.459723990051041,1,0.8953730014739636,0.7629451274293118,0,0.7046128304543943,0.8138456554645932,0,0.7140234149149185,1.4681680812043347,1,0.32817310797234234,1.0519009574553086,0,1.3617770059153211,1.0714204063355883,0,1.0594359081178133,0.8462825415768168,1,0.7696620962166205,1.2044924929459806,0,1.4213877604912202,1.5222923880729913,0,2.85933437763987,2.3719303402196537,1,1.1404394617134253,0.419456585011199,0,3.4198534225805965,2.2197120834534005,0,5.006007043428594,3.57092115284287,1,1.683246873820222,1.4289446035054525,0,1.446578379110829,1.1270817982349735,0,1.3328226678863826,1.139525695250257,1,0.46359265371926217,0.7587210844859389,0,-0.24907093367357563,0.6563853819088638,0,1.339964867669662,1.3025769720123883,1,1.0286210373702895,0.5079745732224279,0,1.9157413450122633,1.9073071061854774,0,1.9111429523768142,1.6208561849756822,1,1.6986868252800946,1.1446937470726144,0,1.6548589967515952,0.6467946859285694,0,1.8736086839729922,1.153602698557911,1,1.2874488009688536,0.6181280476938104,0,1.0833515402360674,0.71582124841247,0,2.149692624573384,1.906582710811733,1,1.1535459942221737,1.143435568957777,0,1.46682978279035,1.5408494388530976,0,3.582873273905631,4.595623151586566,1,0.6323331264601274,0.4825676829524575,0,0.4672715386375598,0.5656409176247692,0,2.9269451524809402,5.086937083136817,1,4.630078123756268,6.249393157154944,0,1.4990146401986624,1.3790907005027895,0,3.578675195929607,3.4313483140026806,1,0.6962150537477725,0.7255801734984206,0,0.6190654527776412,0.6274103981594191,0,3.3192419269419253,4.41723038908813,1,1.1803138588067283,0.74720600705341,0,2.056054673796718,0.6608894309298792,0,3.5607032645722905,5.116309186365615,1,1.3986969448783098,0.7242737812316183,0,2.208514054899773,2.4502730274365967,0,0.8112607301260641,0.5032628479403408,1,2.247735668897721,2.5001631315824286,0,1.4707238239774418,1.1095649290351521,0,3.77131124577501,4.012303741444246,1,1.432337165912666,0.5449646970097107,0,0.7462558981353669,0.9181858293918045,0,1.9159919189850019,0.8975232826656212,1,0.11299252597100366,0.4111917038696232,0,0.34224834730198167,0.2870577544654189,0,1.2069679475741644,0.6667510390281711,1,0.6402634153133578,1.4993936564485266,0,-0.15559686076435847,0.3776454360538516,0,0.2765574029840211,0.39745168699775374,1,0.33513917911268043,0.3903217734965543,0,0.28143427716874203,0.42015859614178713,0
104,5000,0.9,rf,0.8855329415872388,0.0034829113960965713,0.19423895372889619,0.02910392425965825,0,0.2970592922091005,0.047551963171503724,1,0.28554036519480913,0.04770710565004052,0,0.29378251735815997,0.0366117775948794,0,0.4625510070509681,0.04778118529080328,1,0.5873628512803242,0.05417280573058896,0,0.6242409531462785,0.02816867761344316,0,1.1309122888029806,0.13494096425883614,1,0.6645071023177072,0.14429873505672985,0,0.721186226141684,0.0616138012154858,0,1.4154871048620652,0.13077255185210537,1,1.136601001034416,0.07805509415615036,0,0.8778975144883354,0.16155256039414193,0,1.8291675549674458,0.16828964433485663,1,0.9845315031715076,0.14328734140085658,0,0.8311505256709278,0.2150993650241455,0,0.9887436554293776,0.09935518322319208,1,1.0331110364083584,0.22882362258730515,0,1.1482234200436423,0.10479699114986106,0,1.2783052184143173,0.20608303599474886,1,0.6547697006322937,0.11794375762873628,0,0.7078288437068737,0.19237376198716333,0,0.9348964276629914,0.1900387689384266,1,0.5898688451561557,0.12344438488427364,0,0.649488932432476,0.13446996898303087,0,1.2258718250011156,0.27486439267981716,1,0.7655709564280386,0.1398140201860527,0,0.6035041393288166,0.14466205384182287,0,3.4447031766402167,1.5000846255102092,1,0.5529285373532963,0.1857704888420471,0,0.4747817289252393,0.07246215354274356,0,0.9409429100528914,0.19166930796412543,1,0.9224836669922706,0.42610146874327887,0,1.1201681803628396,0.42719605330052646,0,0.5053282500172414,0.09799697739737658,1,0.45289799940457354,0.12416039499462211,0,0.9294579241649114,0.16468049461085263,0,2.8995011947228186,1.0035568436860147,1,0.6420151245632014,0.1136371738173708,0,1.0841350303593003,0.3524232721959745,0,1.5989357829977215,0.4871580790795104,1,0.6757989740615074,0.13963756353694107,0,0.5957435342525554,0.19589533461151848,0,0.7450743570561753,0.06831897257028194,1,0.7557738891658538,0.12532460880827326,0,0.6912816245728035,0.14162815237786427,0,0.7183459231840132,0.14997669379364226,1,0.4767876019757448,0.08962335018589031,0,0.850610430378907,0.15552094697934465,0,1.6779878301630249,0.6194002968045197,1,0.6744069136722364,0.13226456252720467,0,0.9381757189670801,0.12375298554625691,0,1.930842280521944,0.7709083305104399,1,0.8998620304490469,0.07118449410936643,0,0.8382304542670832,0.1388143924045333,0,0.7205719679129073,0.10098595836769726,1,0.5906902365809156,0.11434510265021755,0,0.5474160086612984,0.11837575232900974,0,0.7549584393601341,0.0847219836888699,1,0.6549228769111388,0.1475529249628665,0,0.8487131724155279,0.23565975173474665,0,1.2317103045072577,0.34159358793639844,1,1.527521743766789,0.5441408360414275,0,0.7153476537569864,0.21166380311439972,0,1.0494238399921914,0.14936532749037668,1,0.8821238518011594,0.14877092418436627,0,0.6551605167161432,0.1742525650655116,0,0.7980283666224344,0.12028242249111586,1,0.9376884041893252,0.2151949975831752,0,1.602531604641389,0.4895414143287416,0,1.418447177862282,0.42125425933990684,1,0.7185273756262297,0.11262384570528723,0,0.42594776458561884,0.047147738349348545,0,0.9004371428914568,0.15499181352882455,1,0.9123722003898338,0.2602327808783125,0,0.7551714680661139,0.16979619412473784,0,1.9986035055596492,0.8249352180931476,1,0.8302290493245053,0.30572035510556844,0,0.47121467911719855,0.1062628219017218,0,1.9425748523953814,0.5776880681617768,1,0.667232045338906,0.14785001102682277,0,1.114159798645067,0.2523202772806633,0,1.1248458741302096,0.12312511172914915,1,0.8058698129306731,0.08684415640859494,0,0.6828402017785979,0.07144815105468127,0,1.0819028559775021,0.11130576931221445,1,0.8774629113063174,0.17207889200560833,0,0.7902483234676991,0.06676372030634221,0,1.3599576425512019,0.20767536194859626,1,0.7334754646443032,0.15024946716754242,0,0.7559184526300751,0.10494471984255502,0,1.1040083457156176,0.07794653943742608,1,0.6565504905020987,0.06881147038252448,0,0.6364749612880427,0.06701595165475704,0,0.5595079731355466,0.030297716772851917,1,0.4023977230443715,0.051192865823353556,0,0.33823434751191905,0.0373047690350152,0,0.28404787202347354,0.03638414023177065,1,0.15201487030266903,0.035074670407192386,0,0.1285215230783746,0.01565617497450623,0
104,5000,0.9,et,0.8991225144874848,0.002903523422876526,0.2008721281849834,0.02657278062183695,0,0.30122966693714154,0.02815591624328955,1,0.3254847378958809,0.03283624652647962,0,0.32412508179809074,0.07685847721268343,0,0.4958161423116506,0.04028256231485547,1,0.6166545557750565,0.05613194571505578,0,0.673752619691677,0.05123032642548617,0,1.030797139026958,0.08702697945663829,1,0.6851814962986154,0.07291768278622326,0,0.7484824713305726,0.09131370568093042,0,1.2434819605101053,0.10839156576950053,1,1.0666049168785463,0.10628763994685021,0,0.7916496590949474,0.07205043893905369,0,1.5156927838715621,0.15884450388167054,1,1.0334324424938928,0.11384109610748137,0,0.8412168323615379,0.17237128138337343,0,1.042572283406303,0.0358374626072957,1,1.005316963978346,0.04274831970792097,0,0.9670615172167789,0.10242702390623168,0,1.3354278165444622,0.14428085490881193,1,0.8667072387741361,0.09803572948355894,0,0.6526773683865837,0.06574160328157322,0,0.8484446485312329,0.10527269454174502,1,0.7608529152984803,0.06727168030818444,0,0.6320735123954356,0.04573506957985055,0,1.1417767730971558,0.06902355471388898,1,0.7822373475194974,0.08650137881857178,0,0.8606530422689639,0.17312297423804657,0,1.5620083732817513,0.20392548147653167,1,0.8122036959410381,0.21922807440261635,0,0.5821584143281242,0.07030681507725879,0,1.100450496769958,0.13863035389086625,1,1.016116926518673,0.1960341377179826,0,1.0355998956425572,0.1589705668814969,0,0.5827655027614,0.1381094414952619,1,0.6346088669806756,0.17281449465144935,0,1.295156491180673,0.19098141988192321,0,1.5112853753719802,0.25277365311578465,1,0.8352238627143086,0.0937741215445775,0,1.1500494865000839,0.1469404675952272,0,1.3275389976580838,0.1739875681613602,1,0.702246407569856,0.12861552129576212,0,0.5630540300396925,0.09678669137683045,0,0.7254855381935581,0.06983174514998279,1,0.8009998739819642,0.14385782831030672,0,0.7010009942739617,0.058715838417151195,0,0.9182311331145414,0.2724968307646991,1,0.5585118118994982,0.05157384142849784,0,0.9161685488440586,0.067522223522091,0,1.3583404437746593,0.03919128550887435,1,0.6670079762275837,0.06764821604093482,0,0.9656817714089897,0.2021413815938773,0,1.4254788348757315,0.2697455062198674,1,1.2385853397279054,0.13461585157562006,0,0.8369416760304238,0.2148378227020582,0,0.7038251377975704,0.12620277542839464,1,0.5869253565884776,0.10859164555708409,0,0.521439169505005,0.04932076504798501,0,0.723866979997686,0.11339709820766264,1,0.7444213173172625,0.09137709748640659,0,1.0135255830027357,0.17485119107011396,0,1.0046326468089612,0.29545860058013534,1,1.3037813376699827,0.25181288189514384,0,0.7336932052870114,0.082793508593715,0,0.9574221201247655,0.18157227625141398,1,0.7785700962253791,0.1273905009560212,0,0.7381048259622924,0.07273873424970123,0,0.8103861772351653,0.05456248827778949,1,0.9758974775796668,0.142061124031711,0,1.2674294182873882,0.12828014101070018,0,1.4666064856699932,0.39214572842516626,1,0.7022967114748735,0.10229304083921553,0,0.4760077110081963,0.06793227036590609,0,0.8980469383888832,0.14597061338338513,1,0.9771300372445143,0.15105820779913443,0,0.7699347798344156,0.1602360838535352,0,1.454785366832608,0.2864151817468488,1,0.9143837018023078,0.2530544212429166,0,0.639580242914035,0.0863366276158292,0,1.2986049583020107,0.09853421549579694,1,0.9618961334044064,0.12233227512697535,0,1.06427128249678,0.10167797020627156,0,1.021202947494124,0.19013919862373607,1,0.7569261186090861,0.06932754614085729,0,0.7202431484567391,0.08833856391580405,0,0.9972387503577691,0.1512262509052841,1,0.7540777941242691,0.09261908365743765,0,0.7560413062920895,0.07816698768028052,0,1.3553969158221628,0.19099548211348205,1,0.7878638448255154,0.042498916534802096,0,0.7261227914211653,0.0771583435284726,0,0.9998418201609092,0.10368558534733457,1,0.6261869358202794,0.01777585374380575,0,0.6293219376441321,0.06398433312780277,0,0.5864796314520694,0.04155354323947789,1,0.39404685024947356,0.04746969433586252,0,0.34311697417113196,0.02474852501612292,0,0.3109584988032634,0.025193874201923868,1,0.1703141291665145,0.015320868179479592,0,0.11423782723465477,0.02775054010555763,0
104,5000,0.9,gb,0.9409781372876829,0.0042890375339879536,0.018704431509852272,0.026051759162245003,0,1.2023222598897194,0.2819155300295187,1,0.21344565911349678,0.14626432210431733,0,0.15767909858826695,0.07523254419033658,0,0.840132336660065,0.381524144981341,1,0.37969207122684845,0.1433992907693309,0,0.2861012259198665,0.11928241788971634,0,2.380458528656283,0.6338414350733175,1,0.09045255740971599,0.05747000426798747,0,0.2190558224705616,0.17254313623097803,0,1.8753723425166686,0.3497398424451714,1,0.21333548769853103,0.14853548779907386,0,0.14058721626543164,0.09454905957889609,0,2.3746254180288355,0.6001716566282357,1,0.2950133511495253,0.10801635835349037,0,0.12679489600276064,0.055590116344694566,0,0.7691178178533356,0.38217861404076575,1,0.7253667466561027,0.17178696345605804,0,0.6010913864542096,0.33279482630621093,0,2.1038559620182964,0.8007867619061855,1,0.10974571985164058,0.11268010267793745,0,0.4103672303054323,0.20698280840238673,0,1.0981160470262536,0.4708664548026499,1,0.4342727508252926,0.2927920743421578,0,0.2224480600901993,0.1689161146331382,0,2.2952368536095533,0.3667422655560448,1,0.3233963608261507,0.07643437522068962,0,0.13422971223602578,0.07286830771275381,0,2.4166051635370627,0.46416887578854255,1,0.15530916435430583,0.1233410705286103,0,0.1289814425154783,0.1269375283329006,0,1.3181830725387174,0.5859672673653522,1,0.6614278648593954,0.31709163928929307,0,0.632083556684486,0.3132085304886666,0,0.6084620181126493,0.1476466677759448,1,0.20986853984405926,0.15263947189049748,0,0.5909340942118841,0.30820034318972706,0,1.9629580562751712,0.5610998927784727,1,0.1221037177321536,0.0784817186395807,0,0.37389516082594076,0.23133930081561083,0,2.1184498897167376,0.4380293897564097,1,0.2657126347059059,0.16242461177904152,0,0.2483014550005321,0.2585141069815638,0,1.0164310897628261,0.36554859930895617,1,0.6016554345617972,0.23400954665476387,0,0.43547745846922703,0.2681342753483355,0,1.1440095541902788,0.43038797020758307,1,0.12173330038303572,0.013747267097653991,0,0.4001560591693929,0.2780030039738406,0,1.8407959599549037,0.29146030221217845,1,0.4189246271108134,0.2032878804411481,0,0.16146917100273478,0.09889736473508653,0,1.9211561489093494,0.4960056015649013,1,0.32308011476795767,0.19226416918330708,0,0.45207465092889887,0.6257326201889193,0,1.5210258980239484,0.6201496733596825,1,0.21918278604541436,0.12248958658313219,0,0.15753669445017288,0.09634078571264966,0,1.1518317863991259,0.2463578623574812,1,0.06764188303759007,0.06780554968859005,0,0.6825488929970625,0.35982057821238383,0,1.3382242336662231,0.19587668546486486,1,0.6527217009576873,0.42301049377428024,0,0.5280613448713509,0.24269357277302042,0,0.5173639181413651,0.17362153274039435,1,0.5999639415450742,0.12609043046767973,0,0.19037854017431424,0.09340641500568093,0,1.4214600288585313,0.4072479147220921,1,0.3051777185197979,0.19854148303893834,0,0.8734027781616186,0.6069276297821721,0,1.3025821083951556,0.35502033788081067,1,0.455277500718209,0.20083260174030287,0,0.051046520121848474,0.05881553364785148,0,1.3623140025224179,0.2617540778932485,1,0.5242146354358785,0.1400368086716608,0,0.29869762405649586,0.2698377489123842,0,1.8302499453470478,0.9036196796281464,1,0.5170182742476508,0.46981206622746335,0,0.07581637480853769,0.11059868772200053,0,1.8321457891577793,0.27262060208766953,1,0.2734939270825769,0.08113149840187138,0,0.7233118520152582,0.24995838548708593,0,1.2213235461359564,0.23166976749873333,1,0.3660197279256566,0.2187152222567298,0,0.2554844796162593,0.11345777029978046,0,1.5053396672886292,0.29415435212920615,1,0.45121163725416424,0.30120480532463506,0,0.35248071255622226,0.17537672049435818,0,2.1346690379443345,0.6214363826329716,1,0.2551368631845235,0.03158019452752286,0,0.1818936018656505,0.09224460206611046,0,1.6864281321224759,0.2476297330320982,1,0.29776999924597275,0.20137496760659485,0,0.3395588830622368,0.19129920991216876,0,1.4302490408468373,0.3071408646692489,1,0.10290831809712639,0.03861961363475494,0,0.23834194259627645,0.07102420478883696,0,1.2487715907044499,0.1332656584509311,1,0.008677450462588474,0.006930398031264803,0,-6.478509796594522e-05,0.001134175543770677,0
104,5000,0.9,hgb,0.9443392041816624,0.002256894777431353,0.15083084169505434,0.04734978132908449,0,0.9467237118928649,0.0918464832987586,1,0.2860925888994436,0.1350000896083031,0,0.23916511603365623,0.11892474764812787,0,1.046632081504632,0.16174575657151385,1,0.3231721385349534,0.10619191230213626,0,0.4157586788872571,0.09741170209242588,0,1.6471556094604007,0.3845312677590975,1,0.2389894883486942,0.1414633276581024,0,0.3204438768063413,0.10919499277735184,0,1.5781872185386394,0.21166794130966887,1,0.39653156085883845,0.15227898136400497,0,0.2334025835904741,0.08077692576137066,0,1.6795470582876935,0.1601842301966522,1,0.47495990570246543,0.09427065411621226,0,0.38676416006912595,0.2069409790321345,0,1.089090319003565,0.3268916365666106,1,0.5140085178733765,0.13326356668034037,0,0.7274422783714612,0.2399996413357248,0,1.3257676557015579,0.3857311782762963,1,0.38295982379051485,0.16007238964917114,0,0.41935413070448224,0.20116413842643885,0,1.2527692092631937,0.33349770196969425,1,0.4178863064312662,0.11724226404920315,0,0.18519311146754722,0.1171753750388948,0,1.9784641445593434,0.0374738440285595,1,0.357370554310375,0.14896771911625004,0,0.23246275018532142,0.08266906862860464,0,2.3483497452355246,0.2990144006114489,1,0.1225410823817072,0.03748698642753498,0,0.15288184011801897,0.054411605396662524,0,1.1722357967516863,0.1586914982538388,1,0.5057656951934775,0.18368645804647282,0,0.5496359408526714,0.1544625821568295,0,0.699109209630363,0.17446196594317723,1,0.2542622563351759,0.1185666099417768,0,0.4447394766426348,0.18744831925301375,0,2.207678026411796,0.36241068533157145,1,0.1426179006710022,0.07235945365699316,0,0.44358359666653674,0.23303241459191487,0,1.6948656506446458,0.4779471752536581,1,0.21760367314849977,0.07116950493854511,0,0.17791600276643274,0.10727313162997854,0,1.109899026983973,0.1924324906116003,1,0.5836734868706688,0.20286662170012457,0,0.3978979238716224,0.207902074033373,0,0.9800206151045036,0.34969224510123276,1,0.23062554497423132,0.10660569971021198,0,0.4044887208433897,0.07482663477456705,0,1.485137060155922,0.2994353879220874,1,0.2524094013791577,0.02442779357290373,0,0.1986931656629732,0.08788124504142347,0,1.9964430309860486,0.20895077460154485,1,0.3568925034999578,0.11418775007637237,0,0.40250959909461964,0.23984962930059325,0,1.1686580884759494,0.2837021959545279,1,0.31279066833236063,0.1582460175323976,0,0.13125954761367403,0.09023089046960292,0,0.6744165080497236,0.19006306130072947,1,0.24348003890753933,0.04280555992076113,0,0.6427988115885142,0.23174017228055804,0,1.250800554032597,0.42295202955492994,1,0.5563278116670216,0.3756272852608024,0,0.38753143478174146,0.16739993766418335,0,0.822942009357899,0.22541207419033965,1,0.4482469842267882,0.1661065851526466,0,0.1837576690068354,0.06184973948703762,0,1.24435420303861,0.22568686849889177,1,0.34518935884354096,0.16660244154798223,0,0.8922447799450854,0.3517714759909261,0,1.238793785996903,0.2810542495760436,1,0.3777201822678723,0.10279915831261213,0,0.08175144032833886,0.024924657972526337,0,1.1212116611110485,0.26002269084810625,1,0.5061114037639666,0.1817744277677136,0,0.19671837763234476,0.05495016784376435,0,1.9701322252052265,0.3404525215948706,1,0.31279960237317855,0.2239110281555259,0,0.238969146593828,0.10389432163870252,0,1.607577563630766,0.3469713487934537,1,0.2161835276133348,0.1396775876998143,0,0.6237114062144944,0.06387969710890358,0,1.4105059661571384,0.44018446282990925,1,0.27872825044878996,0.10374683482787418,0,0.24937193951525552,0.113052268199676,0,1.2936300258520137,0.1772596821090036,1,0.41077044351432396,0.06737574770194242,0,0.450028917867745,0.12273980705069415,0,1.3256349022649487,0.12061929713504141,1,0.40252153727636875,0.1276785201662672,0,0.25213736173709866,0.15560544021375658,0,1.5209148989927512,0.4588707220750941,1,0.36230767307568923,0.17035869528568473,0,0.5363844139152535,0.15503336323032346,0,0.970734037361326,0.1498200359159072,1,0.2751849947961439,0.0784753353531115,0,0.24612103173414807,0.06763943554939793,0,1.0699703164873093,0.1590812704860462,1,0.060681163058510276,0.036843783252283595,0,0.026140387954244965,0.0076682155226133,0
104,5000,0.9,ab,0.8010824465800459,0.003866850503289419,0.0,0.0,0,0.17643252350625974,0.17410713165062627,1,0.025212628090737356,0.05042525618147471,0,0.028177476201205025,0.05635495240241005,0,0.2150959062653987,0.19247623795630686,1,0.6732437682526807,0.22185035119149177,0,0.40356323621493273,0.10972564111362891,0,1.3392896307329782,0.9538146004607487,1,0.6686908100301081,0.30840432897527936,0,0.3511629015147871,0.2751643243424643,0,1.301594105915528,0.5283043736121773,1,0.40350830333275967,0.37226322732754386,0,0.20448571363873871,0.19687586684771363,0,2.987817871505356,0.6275982622608572,1,0.41533794373595434,0.2883036488308729,0,0.6360154758129947,0.5257406314455987,0,0.24127288495432891,0.16654010752599266,1,0.5226170968876092,0.2328552391455727,0,0.5096535880836075,0.47032852952992016,0,1.7664219843972258,0.7463557782954473,1,0.43017811166787717,0.0923769041213545,0,0.9749584880300735,0.4628814563169666,0,0.8204188454750376,0.5312409756131946,1,0.32975608559557523,0.39611043437517496,0,0.30453802305276884,0.1867735837312597,0,1.4214389185821297,0.3552013193138593,1,0.3317534949236435,0.2243236592396153,0,0.8360317073264414,0.47385192902670004,0,1.648819714998313,1.10491571559299,1,0.7676670587984502,0.6908631407579264,0,0.2773410400292763,0.19897294881555783,0,1.273853819739791,0.518597458563459,1,0.3326830361524916,0.3739956398112184,0,0.5008320716105278,0.28875252424849457,0,0.9734092134274401,0.5837344301627363,1,0.9372547589761933,0.40811259393615545,0,0.7617807382276035,0.6560871218585819,0,2.1870020692804495,0.54060307022653,1,0.5753759966221603,0.4790732122563568,0,1.21856722966366,0.5773701134563266,0,0.7745403362341365,0.4304794832252133,1,1.354322668570825,0.6760692314544396,0,0.3500023663030798,0.29045894517355714,0,0.3769487283332548,0.23384053994314793,1,1.140083431191098,0.47125623926945914,0,0.2167855999172758,0.15139410026826502,0,1.2499104104686396,0.42091837508332774,1,0.2782261927825366,0.37857567324899766,0,1.178573018727725,0.6741718985792178,0,1.359743456538031,0.4165645079466707,1,0.11713940901119539,0.14091048030285128,0,0.3415914279147222,0.25702400190240465,0,3.0380820765959156,0.9077915746276564,1,0.5135973778559006,0.36918836619736123,0,0.5865570251068654,0.47728030308345265,0,0.6968424231821329,0.16637185020253054,1,0.46944435073192015,0.23397891328168594,0,0.10893828007414022,0.12726715050399579,0,0.6457465080628391,0.28447672991540346,1,0.8366796363236692,0.449099662291885,0,1.7404896507528371,1.1011767078915191,0,0.9261357817502329,0.8246779368743232,1,0.5527815396959764,0.3290151343079393,0,0.5638123867767664,0.09161368265494783,0,1.2387979129739033,0.40477140902646125,1,1.3966348650604685,0.648948752805879,0,0.908920480295653,0.3042330804129035,0,0.6878576877651905,0.37798502550034646,1,0.44398080603303125,0.2835961650056138,0,0.9369193352942167,0.3368357936068046,0,2.4082745631574114,0.6471312229162923,1,0.5414220203153166,0.37353081305829716,0,0.18444914323771996,0.16123360113566032,0,0.6284276861447367,0.6003299150418119,1,2.2808111550617443,0.9019327113810868,0,0.4486543073443164,0.26903428588521516,0,0.5092940775258622,0.2703289434594405,1,1.8338436770038467,0.9318398511946413,0,0.28981851120424834,0.11025923936934987,0,1.359624870301676,0.4430770720135795,1,0.5756231193840414,0.347458413030755,0,0.6857844249373743,0.32678107802970546,0,1.9984471331072835,0.5631089852149652,1,0.19371438028170848,0.18919610807174717,0,0.34089036570764353,0.23840646388457704,0,1.0482192878847871,0.4444918866803681,1,0.3676000245262945,0.3202124545162816,0,0.5336330392058717,0.2986471293644232,0,1.974285320194582,0.6452126176792049,1,0.325946385625982,0.1969725360043286,0,0.4216617042379484,0.360015770314937,0,1.526632349801956,0.8211141515631124,1,0.943315295772749,0.3794255542774286,0,0.8190908013802666,0.578422987998157,0,0.2777059156858578,0.15009024963698667,1,0.11651223064519774,0.14402121343693045,0,0.029667743711316946,0.05933548742263389,0,0.0,0.0,1,0.0,0.0,0,0.0,0.0,0
104,5000,0.9,bag,0.8510676991396648,0.0031716546306909026,0.14913666183227567,0.0654590169559622,0,0.22351436483623624,0.08296776538329353,1,0.284545559077522,0.1311782046779482,0,0.26652042162969647,0.06374967823347699,0,0.34193570825613395,0.09208803936293727,1,0.7314670660151718,0.338951590296987,0,0.8142459550350329,0.22474972707185395,0,1.1935334561957236,0.14382872458786355,1,0.8660758999129561,0.1867255657612028,0,0.9095043124659027,0.07932034533086255,0,1.4957678342243492,0.3438545745476993,1,1.0772969915071926,0.665419265122486,0,0.9062531775659719,0.179574853274978,0,2.232055594720674,0.8490466834705848,1,1.0211133844097195,0.24703584200056544,0,0.6824539010950794,0.24467524755001185,0,1.167897969760557,0.26193557871000245,1,1.0313043243297526,0.4539053691368809,0,1.283923564156133,0.6383952624080294,0,1.4953099817300524,0.9039098107576734,1,0.7513781480914304,0.21805417548317307,0,0.9366265548597644,0.4774636285845956,0,0.8565076533931875,0.5646174112278789,1,0.4552714588677597,0.15686274605289224,0,0.6888349190281363,0.237815461792447,0,1.7541566045307633,0.925057069931957,1,0.9331643479977176,0.4897278637922367,0,0.46336799042321475,0.12764095805833595,0,3.9601470061796897,1.7811304727158008,1,0.8602131546391034,0.8056984937753189,0,0.6299980997198805,0.4269949266801553,0,1.0286715202267547,0.4540378262496321,1,0.6465162988344406,0.5163216082020128,0,0.6629179055364951,0.2675960413249409,0,0.5620875731167012,0.2757491457617134,1,0.6190248142086674,0.3204510716404284,0,1.1289897774833444,0.7093124951650314,0,2.9795459335722825,1.6783638393273173,1,0.7680584393716716,0.20057841770217377,0,1.3416828213025154,1.3354071213436596,0,1.8485049292633988,0.8651713742961991,1,0.5794570627913793,0.16536478101579186,0,0.5779973281304355,0.28027451392184805,0,0.9106467344499437,0.33386584228523514,1,0.6106277246467391,0.22943063057945795,0,0.713352088821732,0.3393116184502038,0,0.6512753049001094,0.26620994488268984,1,0.6068830578180107,0.2567632098378165,0,0.8880320848130638,0.4762124949011034,0,2.077828316069545,1.1819386811654162,1,0.6030360398024237,0.23273514735415668,0,0.8821684284019323,0.21167362471382342,0,1.5735293126313477,0.5586919720216588,1,0.996839967183947,0.35049626420160246,0,1.1690689844536233,0.5519300290511887,0,0.8180634259859556,0.352412417475689,1,0.49946013737123474,0.19120935019268787,0,0.3521978861705411,0.06998870511654727,0,0.719935564627406,0.27696922152316283,1,0.8186454754924096,0.2554931449422638,0,1.0306542449636045,0.30594737107381376,0,1.7176104549101563,1.6760391829836192,1,2.1963115164298697,0.6867237379914979,0,0.850039422815386,0.26613181859039203,0,0.9244559296974864,0.3389450897734963,1,0.7292021855192521,0.29839066263484954,0,0.8108230972632093,0.34790954796851226,0,0.7715272948275713,0.3895052463936472,1,1.2325299473408917,0.5506251718942821,0,1.2334684643756384,0.7308920704018764,0,1.9062029619872605,0.8694882208146376,1,0.7492146721199321,0.27762558979428664,0,0.4414279096958003,0.23060995032576445,0,0.6885981146683504,0.29553109997204585,1,1.4865485788837751,0.818373637698355,0,0.7519863466039941,0.2880534996078608,0,1.9908770800595736,0.7032520570289502,1,0.6769274067761393,0.48678841390159044,0,0.410431516940156,0.11829512070375367,0,1.992277975146587,0.9001305582166294,1,0.6956536702653624,0.32896010139042114,0,1.2571182295056327,0.5229353249568794,0,1.2003582219211733,0.24965916306971525,1,1.2852006837390462,0.25323387333697533,0,0.7714143623634284,0.22057304648934403,0,1.218161691792362,0.40321970735707885,1,0.7289740155722793,0.20237367861772687,0,0.7707978631038043,0.23633076254322885,0,1.3950357697776556,0.45845097091113785,1,0.6300347824724464,0.2138710830520579,0,0.8189342621319853,0.14085212428392707,0,1.1993883682428,0.402883080982167,1,0.7163075197774713,0.13447308267399485,0,0.567070423376884,0.19026168069542657,0,0.6046513311551018,0.2520125108417643,1,0.4401525644787892,0.1333373304877048,0,0.25086557305024176,0.13147975229078346,0,0.38047754933898337,0.17110906645540086,1,0.1638313468993055,0.04125023178323856,0,0.13425724201971376,0.09031222353150557,0
104,5000,0.9,mlp,0.9915423266742426,0.0006280896962784,0.01644254090860104,0.026123471370821716,0,2.2555434527291185,0.1991113204530516,1,0.059447377831848836,0.02371487034873421,0,0.049735412487591786,0.025081277599010285,0,2.1582324069922323,0.16162289933553134,1,0.060462852844880476,0.014884806115961977,0,0.06296934482261278,0.026785504809327267,0,2.569145280363652,0.2985624186718988,1,0.09124929844361454,0.028559998144606174,0,0.07985731061320098,0.028452206392747734,0,2.0911271940465257,0.2442145283479035,1,0.06862183908600179,0.03417746850533462,0,0.04844791137262399,0.026795321137264034,0,1.891553100946854,0.21409368021550423,1,0.11719205646129512,0.041017205744146225,0,0.06242075741804841,0.008659874178273637,0,1.925685309608328,0.11108817643562403,1,0.0651481684728691,0.026560402039715023,0,0.05914155751397173,0.03371973343863073,0,2.2790046132245183,0.12564236994647324,1,0.057500549571009696,0.02187592656535895,0,0.06078257713096831,0.03088361588018362,0,1.667763686126295,0.1914997447571165,1,0.06316489147655587,0.03156632088550249,0,0.07145200078824226,0.034487199212298855,0,2.227780288892907,0.17810593597601268,1,0.059351852502244694,0.024964302784663318,0,0.10147061362831833,0.02380992371588438,0,1.8637834120494514,0.23999154528214392,1,0.058785717710025207,0.04517084897532116,0,0.10668142154868757,0.065895190939145,0,2.2805042760078122,0.3090905186849921,1,0.08654358829484632,0.044272104035146934,0,0.046376313815701044,0.0157288345199781,0,1.9517882382073026,0.16960831815219313,1,0.03799425618159557,0.015283779093118226,0,0.033428468292598386,0.016273889920571834,0,2.1264417578438266,0.10520426906253419,1,0.0577555330489137,0.013602486195016753,0,0.02736978055764967,0.01185606242674108,0,1.8319046482398817,0.08998087367791316,1,0.04345658425512903,0.026766125880103502,0,0.03610240677889691,0.01664445055936276,0,1.8577214729226994,0.061177557852173575,1,0.05672194089984576,0.03198804863993892,0,0.05450436755402331,0.0398437138928907,0,1.8271807736891066,0.1313532278170237,1,0.06525985817797761,0.030064672254014248,0,0.07964796964818213,0.06230826584233209,0,2.0490275894778356,0.030604530733774366,1,0.04674787455989356,0.018754942188147647,0,0.09422885918748247,0.030050381812781104,0,1.4727786505322693,0.14462733488108878,1,0.06769865990734411,0.027037590045506925,0,0.039591851103242634,0.020875194773817288,0,2.086059240955655,0.18217599756100508,1,0.06517220116960161,0.02708043125344075,0,0.06127724117825841,0.030505073634753164,0,1.804137771517779,0.20411096211515076,1,0.05952177631623608,0.01902222685234259,0,0.05026885866093415,0.053744393928195335,0,1.6967575739737986,0.11368514367066042,1,0.08251382392181346,0.037880720266640244,0,0.059274064013747796,0.030676827452380342,0,2.1740148687994028,0.13096241652257676,1,0.08212764402245898,0.012478639221923717,0,0.05282471535433921,0.022207449987775685,0,2.1887936136526,0.19933862757732612,1,0.07203462672448777,0.03760640616959652,0,0.0749432557748716,0.04452600210864706,0,1.832959602772408,0.2769710766392717,1,0.04427802438140066,0.026264886888070195,0,0.051043519915559596,0.031326670914130564,0,1.8544427623228816,0.12369347160458416,1,0.06593979538936445,0.021010146106269077,0,0.064938664390142,0.019100797036231135,0,1.695943021469919,0.04684670850530247,1,0.08528582377785603,0.04524340527267172,0,0.06514766927046393,0.024299136079671244,0,2.0415123550419803,0.06892629651764472,1,0.09463628269043778,0.06755618967791893,0,0.08941135444212603,0.045538103304271306,0,2.068515707924544,0.1449924184024822,1,0.05267898901593948,0.018971036410272674,0,0.08407695028864262,0.03812710938343377,0,2.122686005628099,0.06662027883385627,1,0.1223606831361926,0.06828569729128414,0,0.06309573400706864,0.023482186865032832,0,2.056275276779961,0.21156850544341832,1,0.0745738007658562,0.037863012002770105,0,0.07207068283095322,0.03227244339796313,0,2.0637326969674756,0.11479950466606972,1,0.10159083607951298,0.07338456325828958,0,0.04925993127931096,0.013836457675415342,0,1.9920488358543746,0.18667736553078615,1,0.07806684696489923,0.016507277610095558,0,0.09379256832166731,0.030962568624712142,0,2.1216159980926244,0.1304064970334544,1,0.05993839970999841,0.02719435660035943,0,0.07126401436602284,0.021620257229639925,0
104,5000,0.9,svr,0.9414831288484405,0.006795977693648541,0.2805462978054621,0.04638004227245341,0,1.1125690850047592,0.10965839278713796,1,0.40639050239258134,0.03500186484896778,0,0.31847549673740916,0.026380302342341823,0,1.136390930640151,0.11969276126029448,1,0.44664673510651276,0.05561079897278102,0,0.5385205187186202,0.0523344780095352,0,1.29767327853375,0.08677975425126053,1,0.48971913092659236,0.04249734010715671,0,0.5783201371259687,0.05580732314675849,0,1.2859955137095134,0.030809040538163843,1,0.5947271833659951,0.04647558016784888,0,0.6315012613973006,0.050879361556415245,0,1.2203795895220781,0.04989434843040921,1,0.6671262514010239,0.05910067998345721,0,0.5349062224447314,0.02996045868805473,0,1.2257582713047595,0.07812366505680608,1,0.6451529862437495,0.03045301947949885,0,0.6968305662086527,0.07306510422574788,0,1.383528065859583,0.10179099412418592,1,0.637519333958515,0.06942072141375226,0,0.682521312634862,0.04944418241538577,0,1.2932738250637708,0.08470123106340345,1,0.6800107334022452,0.08675051372426905,0,0.6067356799144076,0.06660926294394243,0,1.1897991786515496,0.070859125866177,1,0.7036891407997883,0.03872608594373465,0,0.7199592648586796,0.053104543998845066,0,1.1479616379400897,0.0753783474249292,1,0.5422685013225307,0.04920887899161935,0,0.6439528292045662,0.05390216283260039,0,1.5934682669423463,0.06206198636117025,1,0.6551794152398747,0.08133532503506329,0,0.6626776056692849,0.0913379959630427,0,1.2368325440935997,0.08867384978526396,1,0.6862975622416446,0.08158050272541408,0,0.624774483739314,0.08388333972186143,0,1.488711495293963,0.1389348247491716,1,0.6672071650447212,0.06724859284571254,0,0.7391439199468436,0.07416057280931275,0,1.294763447850149,0.07145335747918732,1,0.5712053155281281,0.04660829848591938,0,0.6326289115702199,0.06712218386014514,0,1.2791720244453366,0.08530667195279724,1,0.8288130725676748,0.0628980144385799,0,0.6542412156138564,0.05478534974776324,0,1.2313874217461165,0.023715908681750473,1,0.6121574055608382,0.05912877370895103,0,0.6590179108581824,0.06724396335164673,0,1.216395581413949,0.11751732636286862,1,0.664292805818467,0.08089781410104163,0,0.6692949567513409,0.06613306867211032,0,1.3482516858690996,0.06238902522113639,1,0.7566582337318614,0.11466137622424802,0,0.6627888759245841,0.06841599122495515,0,1.2143873175586495,0.1807342562196156,1,0.514688238621302,0.06730397781353714,0,0.554901426441835,0.05902651275310977,0,1.1867331678502882,0.1186726887547293,1,0.6879089365231327,0.10554441961034411,0,0.6643420692270989,0.09953245543819363,0,1.292059183599585,0.1053006875086932,1,0.6125331377755757,0.07229656890021705,0,0.6786003294446615,0.0835604898937797,0,1.3317913704937594,0.12628396386082694,1,0.6597345391525401,0.07461674821109433,0,0.7427452566750772,0.07863841084568386,0,1.3717031803544233,0.09996792093229184,1,0.7464497248456136,0.0582989716314343,0,0.6352299028927433,0.054611725553795225,0,1.4611562202346913,0.10632760560515196,1,0.6429861104006904,0.062305525843740314,0,0.57435791296026,0.03034762886103851,0,1.2426760305768962,0.07356626247592575,1,0.7468238491954319,0.04647076388701754,0,0.6647623173824331,0.06639041664930992,0,1.3619697240364526,0.08665910034801934,1,0.6752238227762024,0.08918254685948655,0,0.5929079539794818,0.05120885404142939,0,1.3033077231983845,0.04200128852895604,1,0.6186729778931539,0.08464399224721228,0,0.7372103349977435,0.055575596152298276,0,1.332096211513599,0.06813128714123308,1,0.5315666349261793,0.04433547302898819,0,0.5953409077372385,0.02715624109669908,0,1.1397550487371744,0.06378597233477835,1,0.6340961305006966,0.04893356739737165,0,0.5626796977593594,0.045251462902674754,0,1.1144824243601394,0.04795087589975017,1,0.6326986548359523,0.05362696521390779,0,0.5700929355080293,0.04681237291109525,0,1.150320226152696,0.08488508362589998,1,0.4940082406913371,0.0529882842119211,0,0.49072859834177046,0.03500415763063486,0,1.1046718652522864,0.07337894176159426,1,0.3846045403626192,0.047573215590623205,0,0.42993964140469465,0.09803299445575506,0,0.8439028802941145,0.07219274647333199,1,0.2669000732322683,0.04614381558745423,0,0.15376368559212142,0.03960352476774757,0
104,5000,0.9,knn,0.9299609728027685,0.004084449777395798,0.30923046925586867,0.12456448253727732,0,0.3916818925892577,0.13070278777779323,1,0.4283195711922005,0.21227113871559158,0,0.49311894746432483,0.17967238339117128,0,0.5869247286626693,0.16140974874712063,1,0.44685792291575643,0.24751871392345015,0,0.4872084320019482,0.20242315864701363,0,0.5350206802460359,0.15601312192080485,1,0.40591118356073885,0.10677640137328391,0,0.524300186436245,0.06821061646949221,0,0.6341353382421611,0.09553140717539865,1,0.6033118442464882,0.16385620883199126,0,0.5830381463208256,0.10870560168328489,0,0.6784016122552105,0.1486360701001192,1,0.6182190048388424,0.08362833188187223,0,0.6824764630763669,0.21747774819227,0,0.8161558086730892,0.18159851835848725,1,0.5885157210881425,0.17336255339311166,0,0.6772252308801555,0.2887976276216927,0,0.7721802914302174,0.16070065358849894,1,0.631031126612014,0.17906335532598514,0,0.5406732604566427,0.18646536577413722,0,0.7289461027606319,0.1834449113240705,1,0.5984895727308532,0.12358412219534784,0,0.6018022255756309,0.13899290315238194,0,0.7599452240742959,0.16438899817834915,1,0.6924042185079056,0.14160964961907885,0,0.5701228577153492,0.21709582498538987,0,0.6481545169487409,0.20821203590500273,1,0.5405245029241011,0.20687582910099375,0,0.5945987589356572,0.10937951253472442,0,0.7832222725599902,0.13892680076987446,1,0.7326764271252622,0.1786155610802586,0,0.7620261959336515,0.11673220989566624,0,0.6459807526521695,0.11195814341262673,1,0.6007638657639477,0.11732418427635943,0,0.5457279208855073,0.1402397121784961,0,0.689271945089321,0.08673708776758603,1,0.6084131031896375,0.10384978970197448,0,0.6406223129382459,0.157582554262833,0,0.8035238173882787,0.17359635060522724,1,0.5907165370732912,0.1488560988265565,0,0.6600067663587545,0.1053063166962785,0,0.7402052079045794,0.14031246240735865,1,0.5221156987746274,0.1801744377826981,0,0.5524114413918634,0.22012561171234488,0,0.6386787967442195,0.1162694301859064,1,0.5897780780901603,0.08140805403327003,0,0.5134300086469958,0.056651542715101144,0,0.643142739973138,0.12895883029439248,1,0.6014996188824216,0.08177312873372572,0,0.6834205887162536,0.12791567046244218,0,0.7340959053500798,0.1313908262364178,1,0.6431353734739501,0.1642839547571532,0,0.5575045243825729,0.23672102709512755,0,0.6375846710520096,0.1896399609492156,1,0.5103118591340305,0.19136426001281018,0,0.5107104593263042,0.20247030328645194,0,0.6702429189360707,0.14683884740592704,1,0.6939738560545841,0.11360189623978391,0,0.6190725405674915,0.11580428254090289,0,0.7087726402310677,0.10537477316656318,1,0.6415833830558288,0.1275390406953197,0,0.7313254623886106,0.09418591880244842,0,0.8342908952292873,0.18665152758361403,1,0.6479070388487408,0.20480676480357055,0,0.6080110381088012,0.1344444370465371,0,0.6259672540834098,0.15073175087777507,1,0.502252981354894,0.11250751997868799,0,0.5296533862258279,0.142740880276841,0,0.7137924834102712,0.14620755602857713,1,0.618213320632284,0.16548847276182513,0,0.5523393887782537,0.1775388582077177,0,0.6338528113926727,0.08987909787037024,1,0.6954593752584599,0.07556756304498012,0,0.6159189931193961,0.12452667498939525,0,0.7820155248938849,0.20276119546407897,1,0.613595836021487,0.09393088512576146,0,0.5586434605696347,0.1344647335018968,0,0.6922016264391384,0.16267419237096611,1,0.5255318639197422,0.15247444474316296,0,0.547840633993219,0.1350514495362318,0,0.7193061216777122,0.25549502645449873,1,0.6016191931034207,0.1744373675861564,0,0.5430697877636834,0.18296535862133606,0,0.5639337609557499,0.20315068149851287,1,0.5722150547678038,0.2817030034072638,0,0.6354271905701203,0.2591604846852101,0,0.6927659289014704,0.26654190911801184,1,0.49444871588283357,0.19866563822943273,0,0.5644763137511435,0.13100546696169443,0,0.6400552673240945,0.14129026794236996,1,0.5445367800286849,0.12812586865030046,0,0.5283096291302826,0.04570030231862639,0,0.516311530092566,0.09139363300807961,1,0.40348038307869405,0.15303652395127912,0,0.288909887614908,0.0755311775856561,0,0.21773332525836214,0.12805227321221824,1,0.06272580298020122,0.09240992481133045,0,0.08530796830180343,0.1852817891031449,0
104,5000,0.9,SuperLearner,0.9944935834595474,0.00022989196310737252,-0.000705665554787771,0.0005692042061854867,0,2.135484424642456,0.13716747533415474,1,0.008844963075224192,0.005695218320824734,0,0.003727664066822954,0.0028516091788581897,0,2.188585118166669,0.14148325862156877,1,0.0012970306521554514,0.0012141384629793968,0,-0.00028901738205741704,0.0017214531752874876,0,2.446795432315013,0.19540070533791495,1,0.016059373437126552,0.009461536026209635,0,0.0036690859516415363,0.002448916748105547,0,1.949861739886322,0.11527998981420857,1,0.004580299815921302,0.001974483516335134,0,0.007296720418348629,0.0036872256283451664,0,1.9253479492026802,0.09712839566618169,1,0.009506115717947594,0.005279274848753014,0,0.012761171659071719,0.004601614566123198,0,1.9477897262699746,0.11092750743631895,1,0.004078624986960611,0.0023109560255566795,0,0.001384372882399476,0.001951585493037679,0,2.1944281109896804,0.06478972473846978,1,0.0070298327746831455,0.0035686857921577993,0,0.00831621715587554,0.007352311065631186,0,1.6754712206635698,0.07606879603929875,1,0.007727755170356702,0.0030177489084277026,0,0.0010269632034337498,0.0015839533263455922,0,2.2085073758712603,0.09633930266241349,1,0.0008104989811413454,0.0015220989921113227,0,0.008138307005322306,0.005808139719021056,0,1.7770853409185805,0.07326084939014714,1,0.0010442493698479363,0.0016445363913992846,0,0.0008319432094262176,0.0012647103656892908,0,2.217287998381905,0.17181491762850476,1,0.007252724621638976,0.006158545972564153,0,0.013767071557576938,0.008090997752641499,0,1.8970667649675939,0.11292584758135728,1,0.00028287455752079365,0.0017836076396894448,0,0.0002917438570770474,0.003198250855127185,0,2.3203956664499947,0.13034727868803042,1,0.009467803708679336,0.005346546991891186,0,0.009959391696447582,0.006121285300449935,0,1.7876261768348551,0.10560317952733371,1,0.0006471439221969421,0.002571078907458529,0,0.001526380833123844,0.0012192456799848886,0,1.8549223265525547,0.062230072553555095,1,0.010061941781947411,0.003950637693699172,0,0.0009674973611342992,0.0011065732424415794,0,1.8040702063970642,0.10618375876772519,1,0.001732400301881962,0.003429439725921676,0,0.00040299704446369097,0.0007094002583146303,0,2.0012706110588874,0.07151769531386745,1,0.0021291055530561665,0.002921863309180643,0,0.01330933706579034,0.010682212503900782,0,1.6437167937151689,0.0412789185775236,1,0.024422294725883194,0.012287834708296697,0,0.002434077889968221,0.0008999366346998312,0,1.9373447914454496,0.11233571609450428,1,0.004402952407066846,0.005878854522678078,0,0.0002617509683827227,0.001465748963240142,0,1.6435624802633932,0.1255217873245866,1,0.006896818977110442,0.00872770509826756,0,0.0027706194281898883,0.004392960917611882,0,1.8845782403772753,0.05629495114066209,1,0.001312730823930759,0.0017860657571367197,0,0.0011112546472901393,0.0024475424919626508,0,2.1748286579091323,0.1274294323021504,1,0.00918820532352442,0.005562280195381739,0,-0.0002639999061027272,0.0007679058934400958,0,2.0397736155656587,0.07071667421476817,1,0.000999270706100021,0.002277013005427363,0,0.0027373700945800146,0.001995906435533968,0,2.0281154377470396,0.15418476543751972,1,0.006697259863106468,0.005220977448459892,0,0.005744041210437571,0.006260895600157275,0,1.7652095624666821,0.08744937406230477,1,0.014358068611967237,0.016406284927776554,0,0.0025237288946131616,0.0024490980798368388,0,1.7661515027972314,0.06967596885210921,1,0.0003639347939002731,0.001062298453884105,0,0.0015730182554095592,0.004028955735650513,0,2.085408910777278,0.14270716619743057,1,0.0029139575470973457,0.0030993318060549306,0,0.00960930824196507,0.005206223779533824,0,1.8630956508164942,0.07597863469431228,1,0.0004290839151770092,0.0013633814209117134,0,0.0006575056997796438,0.0017160338633075074,0,2.0672465276927183,0.07799829673888906,1,0.0012261116873902816,0.0017882087911974057,0,0.0025408085424156518,0.002733979754443134,0,2.058229364839992,0.03196785466607086,1,0.0006404806227508603,0.0015319364864202411,0,0.0016249896539397319,0.0021308626871609443,0,2.0017414334731845,0.0627857525263614,1,0.007995492991031288,0.005304844225317475,0,0.011229523422134667,0.0047500448267355855,0,1.7708920914823203,0.07107854654664644,1,0.0029571794799930196,0.0019763397397028824,0,0.008209077942111917,0.006793377329485561,0,2.0576952420507912,0.10555070042093542,1,-0.0010181011121836582,0.0019569725133314346,0,0.00032452389369389727,0.0016317280300056807,0
