seed,n_samples,cor,model,r2_mean,r2_std,imp_V0,imp_std_V0,tr_V0,imp_V1,imp_std_V1,tr_V1,imp_V2,imp_std_V2,tr_V2,imp_V3,imp_std_V3,tr_V3,imp_V4,imp_std_V4,tr_V4,imp_V5,imp_std_V5,tr_V5,imp_V6,imp_std_V6,tr_V6,imp_V7,imp_std_V7,tr_V7,imp_V8,imp_std_V8,tr_V8,imp_V9,imp_std_V9,tr_V9,imp_V10,imp_std_V10,tr_V10,imp_V11,imp_std_V11,tr_V11,imp_V12,imp_std_V12,tr_V12,imp_V13,imp_std_V13,tr_V13,imp_V14,imp_std_V14,tr_V14,imp_V15,imp_std_V15,tr_V15,imp_V16,imp_std_V16,tr_V16,imp_V17,imp_std_V17,tr_V17,imp_V18,imp_std_V18,tr_V18,imp_V19,imp_std_V19,tr_V19,imp_V20,imp_std_V20,tr_V20,imp_V21,imp_std_V21,tr_V21,imp_V22,imp_std_V22,tr_V22,imp_V23,imp_std_V23,tr_V23,imp_V24,imp_std_V24,tr_V24,imp_V25,imp_std_V25,tr_V25,imp_V26,imp_std_V26,tr_V26,imp_V27,imp_std_V27,tr_V27,imp_V28,imp_std_V28,tr_V28,imp_V29,imp_std_V29,tr_V29,imp_V30,imp_std_V30,tr_V30,imp_V31,imp_std_V31,tr_V31,imp_V32,imp_std_V32,tr_V32,imp_V33,imp_std_V33,tr_V33,imp_V34,imp_std_V34,tr_V34,imp_V35,imp_std_V35,tr_V35,imp_V36,imp_std_V36,tr_V36,imp_V37,imp_std_V37,tr_V37,imp_V38,imp_std_V38,tr_V38,imp_V39,imp_std_V39,tr_V39,imp_V40,imp_std_V40,tr_V40,imp_V41,imp_std_V41,tr_V41,imp_V42,imp_std_V42,tr_V42,imp_V43,imp_std_V43,tr_V43,imp_V44,imp_std_V44,tr_V44,imp_V45,imp_std_V45,tr_V45,imp_V46,imp_std_V46,tr_V46,imp_V47,imp_std_V47,tr_V47,imp_V48,imp_std_V48,tr_V48,imp_V49,imp_std_V49,tr_V49,imp_V50,imp_std_V50,tr_V50,imp_V51,imp_std_V51,tr_V51,imp_V52,imp_std_V52,tr_V52,imp_V53,imp_std_V53,tr_V53,imp_V54,imp_std_V54,tr_V54,imp_V55,imp_std_V55,tr_V55,imp_V56,imp_std_V56,tr_V56,imp_V57,imp_std_V57,tr_V57,imp_V58,imp_std_V58,tr_V58,imp_V59,imp_std_V59,tr_V59,imp_V60,imp_std_V60,tr_V60,imp_V61,imp_std_V61,tr_V61,imp_V62,imp_std_V62,tr_V62,imp_V63,imp_std_V63,tr_V63,imp_V64,imp_std_V64,tr_V64,imp_V65,imp_std_V65,tr_V65,imp_V66,imp_std_V66,tr_V66,imp_V67,imp_std_V67,tr_V67,imp_V68,imp_std_V68,tr_V68,imp_V69,imp_std_V69,tr_V69,imp_V70,imp_std_V70,tr_V70,imp_V71,imp_std_V71,tr_V71,imp_V72,imp_std_V72,tr_V72,imp_V73,imp_std_V73,tr_V73,imp_V74,imp_std_V74,tr_V74,imp_V75,imp_std_V75,tr_V75,imp_V76,imp_std_V76,tr_V76,imp_V77,imp_std_V77,tr_V77,imp_V78,imp_std_V78,tr_V78,imp_V79,imp_std_V79,tr_V79,imp_V80,imp_std_V80,tr_V80,imp_V81,imp_std_V81,tr_V81,imp_V82,imp_std_V82,tr_V82,imp_V83,imp_std_V83,tr_V83,imp_V84,imp_std_V84,tr_V84,imp_V85,imp_std_V85,tr_V85,imp_V86,imp_std_V86,tr_V86,imp_V87,imp_std_V87,tr_V87,imp_V88,imp_std_V88,tr_V88,imp_V89,imp_std_V89,tr_V89,imp_V90,imp_std_V90,tr_V90,imp_V91,imp_std_V91,tr_V91,imp_V92,imp_std_V92,tr_V92,imp_V93,imp_std_V93,tr_V93,imp_V94,imp_std_V94,tr_V94,imp_V95,imp_std_V95,tr_V95,imp_V96,imp_std_V96,tr_V96,imp_V97,imp_std_V97,tr_V97,imp_V98,imp_std_V98,tr_V98,imp_V99,imp_std_V99,tr_V99
129,100,0.9,lr,0.945859377221988,0.023946238703578007,0.23979538867407785,0.4087750832940239,0,2.694608341066579,3.653173215123179,1,0.23725565311410363,1.3558357255442142,0,1.4289158810940275,1.5667163989549275,0,1.7944542991819383,1.1878944982815747,1,-0.012829455331647699,0.1946254743233439,0,-0.02043776424067564,0.22587535226500638,0,2.2876494488926937,2.0888059062014155,1,0.137854246950916,0.5071940593108907,0,0.9602934012830364,2.92440337745064,0,1.407655206912332,1.4504551611406287,1,1.41400094269038,1.2083655456605549,0,1.2790684130155863,1.0814808649188985,0,2.0456053961283205,1.3093900979589164,1,0.7933102960605215,0.7714017894248195,0,0.8866901951157512,0.7178390282750092,0,3.251257644951618,2.6765364902258293,1,0.542166550814253,0.9308444203333474,0,0.5710007535048474,0.36162803876554606,0,0.9824333101989666,0.987113361611486,1,-0.0964145328255666,0.2645921684421769,0,3.291959641350359,5.884036026065994,0,1.0896337933775115,1.028004717164395,1,0.8622600929108261,1.446061421857785,0,0.04444282252716003,0.3124259697033195,0,2.7467628210918926,3.161637607534193,1,0.6834667678462362,1.2962404655093342,0,0.5362513733030582,0.6767745902202251,0,1.5636709853760447,1.6416557007074337,1,5.112162013225123,4.550103850692917,0,0.628051394581719,1.213462099040163,0,1.440340817197351,1.3869476315400837,1,0.7497704989330657,1.0766419612294202,0,1.1814008242299132,0.913793013440692,0,5.063034506384988,3.41427791856387,1,0.5993746891854096,1.075237401502136,0,5.659282531640937,4.565282557998613,0,1.5900369980466456,0.9168490288375459,1,0.5315707250389076,0.9354019712484418,0,0.4028388245902713,0.43908035418237257,0,1.8743902855620802,2.162559475022533,1,0.5316843008384359,0.7007199418785801,0,0.5163486879942273,0.7144911578164282,0,0.6043884761370357,0.9019190233528631,1,0.6527056340607622,1.806599758455241,0,0.5233962188470962,1.1453982563843434,0,0.08250689590549688,0.16993018667495213,1,0.32576271478273033,1.2777043898207054,0,-0.14912330885328712,0.5585605242103956,0,0.9414101436884401,1.9643356505808693,1,2.7146773176182992,2.2936681671057366,0,0.21523047607098283,0.9711128068819086,0,0.7321951654172771,0.6541824960336822,1,0.7178109126273408,0.8701883009755175,0,1.0298025812967466,1.5176929695664285,0,0.4132945835502638,0.3130391503539601,1,0.19726097614678828,0.19444587683403253,0,0.3348463277938373,0.34764286833377744,0,0.26101607269237637,0.21751897906103407,1,1.1395515574698425,1.0110825991786874,0,0.5952770032083239,0.23157219803326384,0,0.26852952529729346,0.6019477377282014,1,0.04581279344881293,0.5053345753343002,0,0.8826411803384708,0.9225977893181582,0,4.609824387731257,3.152922854331346,1,0.07751363396146435,0.40118493071627287,0,0.8577951137629501,1.1925092347029325,0,0.9987161203579473,0.7949347791725939,1,1.4283367375851224,1.8520228405344168,0,0.1645675640571457,0.3999098825756989,0,1.0488930641160348,1.340405668018769,1,0.4905639962732664,0.5630385259804098,0,2.360585358043193,2.325520973217117,0,0.5393091398827669,0.7061186230023915,1,0.31479856314571986,0.4434804208427816,0,1.4428986832808888,0.9940193345791161,0,1.3185756483780384,0.9654561612635748,1,-0.06090808099633884,0.7028329547050356,0,0.25072541592323516,0.9657425981889378,0,2.9959632123087383,4.586842398848328,1,0.9910511802142409,0.6246191022154769,0,1.0967907282636236,1.0178539870489072,0,2.2627225135589817,3.411773530219622,1,0.3123807506385915,1.0868794944022857,0,0.02111474067429332,0.28878963562824483,0,0.415262014467765,0.9225396747661897,1,0.4055241346543437,1.1189405464372815,0,1.0637081452217025,0.8490229039790455,0,0.940970080097227,0.8182625612422042,1,0.5572767427938794,0.5504508280920349,0,0.3769267117929343,0.4085016780936493,0,0.9786424404247303,1.3133100138217935,1,1.8056791032448003,1.8710955598362762,0,0.7870260710307851,0.7645422382866566,0,2.1885968391902813,1.2377791215274918,1,0.49349006688226293,0.15870273839439017,0,4.510076175536627,4.610931967085401,0,0.7627519272967558,1.2791485013002826,1,0.2511755741823338,0.335989805011658,0,-0.34455752181504407,0.29281795096956253,0
129,100,0.9,lasso,0.8705188423053845,0.029180467145032942,0.0,0.0,0,0.002176231025996195,0.00435246205199239,1,2.6563411769713943,3.9530307231306208,0,0.0,0.0,0,1.7438509544720282,1.845859422865274,1,0.42668373330949727,0.8533674666189945,0,0.01727090116662754,0.03454180233325508,0,2.8413551249315967,2.104201041987453,1,0.0,0.0,0,0.0,0.0,0,1.5732494570841677,2.0032006550821464,1,0.30820091715136433,0.629492870891559,0,0.8906473674054377,1.5594558520266142,0,1.8610526785214152,1.9535885397994097,1,0.0,0.0,0,0.21738079072150712,0.4347615814430143,0,1.375347337708995,2.8662819010121843,1,0.7561675120839422,1.2830320640983628,0,3.565633140070017,3.420931495814016,0,0.0,0.0,1,0.0,0.0,0,3.9920465339425277,3.5431877266244602,0,0.5310155411246612,0.8979287715561314,1,0.0,0.0,0,3.462157572339689,2.3313350192825593,0,1.3003500026833774,1.5013798536137306,1,0.6167184013809731,1.1499705871487302,0,1.172212859105417,1.2026795558877006,0,4.884779356240836,6.361628039308477,1,0.4217659309495808,0.8435318618991616,0,0.0,0.0,0,0.0,0.0,1,0.0,0.0,0,0.0,0.0,0,0.4493608849502656,0.8987217699005312,1,1.4397433938499322,1.6578547702276154,0,0.0,0.0,0,4.732629154664121,3.041283298343411,1,0.0,0.0,0,0.7664872445860402,0.7517136344185122,0,0.0,0.0,1,0.0,0.0,0,0.0,0.0,0,0.42088312190597177,0.8417662438119435,1,5.554265619817895,4.002067891493386,0,0.0,0.0,0,1.13084665752953,1.9881290956020026,1,0.0,0.0,0,0.0,0.0,0,-0.06529049038857829,0.13058098077715657,1,0.0,0.0,0,9.871209318782572,10.150669605706968,0,4.250937408373099,4.546734001887356,1,3.331554221451397,1.5243673209608413,0,0.0,0.0,0,0.0,0.0,1,0.0,0.0,0,0.0,0.0,0,0.6667783979321951,0.7356145497835376,1,0.0,0.0,0,0.3306186482935255,0.40504792556865615,0,1.9779757792562023,2.2092482792174404,1,0.0,0.0,0,0.0,0.0,0,3.783028492894551,3.058115841820929,1,1.4377333130572671,0.9491227216609,0,0.19392779131266094,0.3878555826253218,0,0.0,0.0,1,0.9279572130803064,1.1460841708516447,0,0.0,0.0,0,3.048709161770503,2.2783428291620327,1,0.0,0.0,0,0.150691944456493,0.3013754305153607,0,0.7426580085417852,1.4853160170835704,1,9.571272370306245,4.411950064473715,0,0.748943870926092,1.497887741852184,0,0.00910468326619433,0.018209366532388662,1,0.013845274851803552,0.02769054970360711,0,5.234521019671553,3.658114194643462,0,2.1608782988624684,2.240602587745914,1,4.096025694339039,3.37723569657607,0,0.5040254890420768,0.4368573043684726,0,0.0,0.0,1,0.0,0.0,0,0.0,0.0,0,0.0,0.0,1,0.5478790767299013,0.637816625594726,0,0.40119469429363486,0.8023893885872697,0,0.8369963629763003,1.5385726664446904,1,0.0,0.0,0,2.145055020236332,2.249320285409464,0,0.36464375594366555,0.7292875118873312,1,1.1580251720111172,2.2487821793013927,0,0.0,0.0,0,4.396074337236439,2.6736806792708556,1,0.0,0.0,0,0.4334380257842286,0.8668760515684573,0,0.0,0.0,1,0.0,0.0,0,0.0,0.0,0
129,100,0.9,dt,0.07453873055407793,0.1970803916680812,0.6378805056672228,1.2757610113344455,0,3.3250932308650993,4.1530120325931295,1,-1.7133988857197093,3.9847488162450113,0,-0.24894685222350948,0.41147044310910585,0,-2.061311564755454,4.122623129510908,1,0.9290152292218034,2.375870006570361,0,0.5675662022841991,8.299898999264414,0,-1.7633594082787183,4.909468072235372,1,-0.16500987152785193,0.33001974305570386,0,-0.5483122169668804,1.096624433933761,0,0.0,0.0,1,0.4478999602851532,1.1764679487369125,0,0.4125782111223527,0.6649634767757905,0,0.2849261774358257,0.5848029772222317,1,0.339164586131266,0.7042459519469202,0,0.34729692302318993,0.6945938460463799,0,0.7827188290804239,1.0619137708481718,1,2.3991479652934067,3.753210726046701,0,0.11149057402136497,0.22298114804272995,0,0.26323895077218007,0.5264779015443601,1,15.981539305054628,33.0744430595167,0,0.025604075285576754,0.05120815057115351,0,-0.08525310048412234,0.7892668895226066,1,-1.8036159517733346,3.5019228500488038,0,-4.959903720568962,9.919807441137925,0,0.0,0.0,1,17.511897554187772,33.99241602005502,0,7.783842880683272,15.567685761366544,0,1.5618890334565898,2.2358823403243364,1,7.329489371342722,14.392147902472876,0,-0.12742460630037922,4.972275640724979,0,0.0,0.0,1,0.008725635601411,0.017451271202822003,0,-0.14426133531941013,0.18695261636549756,0,2.0144209454890336,2.9446435566051252,1,7.2765724519031,13.894206259066454,0,0.0,0.0,0,-0.29328479450630407,0.5865695890126081,1,0.023692547430451554,0.04738509486090311,0,0.0,0.0,0,2.99516794693784,6.272774411252249,1,0.0,0.0,0,0.15663328734314438,0.34643714325255626,0,0.4991099421830681,0.9982198843661363,1,12.00739247904433,23.66535690078007,0,0.8282811384626632,0.7515021499815225,0,6.94974950714298,8.154988319708202,1,0.4073868584059882,0.7282610760099056,0,-1.4030604448584079,3.7816682379767763,0,0.0,0.0,1,1.738924959200326,10.950035102409979,0,6.259654884582244,11.171059599028759,0,-0.9500598091633436,1.9001196183266875,1,3.507193040168714,8.017786775958815,0,0.018883934502936538,0.037767869005873075,0,2.1615988402081276,4.233072909887904,1,-2.378815156015111,4.36578773954874,0,0.0,0.0,0,-0.27763679192386215,0.7057446156714985,1,0.10809311649489332,0.2276213254807179,0,-0.9938665612347306,2.0003847603243523,0,3.4425556833572015,6.885111366714403,1,-2.695532122394705,5.39106424478941,0,0.07351223973021842,0.14702447946043684,0,5.461865045497204,9.32008847416641,1,0.0,0.0,0,19.0261081673101,38.0522163346202,0,-0.5040212398629689,1.0080424797259377,1,-0.7761788920965669,3.1000565369382653,0,1.6434420517812498,3.888340571741094,0,7.544617598724706,10.330569153537212,1,1.8567671158892654,3.7135342317785307,0,10.724453944541406,22.672679200705943,0,15.866614431178046,20.074303643450108,1,0.0,0.0,0,-0.15535801634886387,0.20323181343264024,0,15.193565843483636,18.88481887824596,1,5.5402118679484245,11.040145533823399,0,0.0,0.0,0,4.131874690235926,8.555908424037536,1,-0.9634693534591957,1.8501977550460558,0,0.004510853187908425,0.1330994891828565,0,0.011038693587729539,0.022077387175459078,1,-0.2776714891433164,0.7004748936215099,0,1.5716298404726694,3.05620928802965,0,3.831318035817508,8.695056321134356,1,-3.6972703095209254,6.113617699764431,0,4.457901607446232,5.501423922970315,0,-0.8848143354220731,1.6936981361058,1,-0.226188676552197,0.4523773531043939,0,1.612676831412545,3.465960420240812,0,-0.2274089514182866,0.4548179028365732,1,-0.21257548162157808,0.30830686522111345,0,-0.3635202404416006,0.7270404808832012,0,0.38063210072191167,0.661855327371801,1,-3.9024164586929957,8.40178631643867,0,0.4774642311226643,1.2314092256660158,0,0.07589752687900636,0.15179505375801272,1,4.4020153365822114,7.331471926399055,0,-0.41273759454666514,2.9926122421787644,0
129,100,0.9,rf,0.6276215942257027,0.05882731215448673,0.28335704148205665,0.23011318639483003,0,0.44492593706831657,0.6136758626347244,1,0.3821027537604301,0.5409658229868003,0,0.3456252121095633,0.42655222585296476,0,0.5330297456171371,0.2899368870934571,1,0.41204513458274505,0.30655880246712136,0,0.9768159549107777,1.0657556536506603,0,2.430908507253764,1.1549491534126246,1,0.15165884280143688,0.2902321477941029,0,-0.0034233969092630294,0.16835624126849996,0,2.449837575940923,2.664430265227687,1,0.6435350507621332,0.36823062835775355,0,1.093963743296333,0.49158173091899077,0,1.7844229209597202,0.9756196063227458,1,0.4524525577463366,0.43237376548041706,0,0.920421403599225,0.5136443667582584,0,0.6561239145909522,0.5553460004351044,1,0.7607053508484847,0.5310411321810324,0,1.1946302236634856,0.6195410204272854,0,1.488768584106223,0.7788576621816005,1,0.5950021143376297,0.372504339733983,0,1.1892606153262795,0.8423746541671546,0,1.0015037161251477,1.3360685667000856,1,0.5956719082206321,0.34004554970550044,0,1.372743143197459,1.3658806207831267,0,3.4745854563961833,1.777216670851929,1,0.5418987088307594,1.0886951671720444,0,2.9478990824658013,1.1131150114245292,0,-0.051334736381412595,0.5496356670557668,1,1.0685190994859564,1.0516972616197815,0,0.7522548908084923,0.9993011847442977,0,0.29491109812048777,0.5688077933191873,1,-0.10754862353057677,0.12582132022861017,0,0.033038723750333676,0.15101438006786402,0,0.0767813743043444,0.7157362905626723,1,0.8963068330645818,0.5869062802276089,0,0.42277363924438705,0.52782276236807,0,0.31397326154647887,0.6621294095448079,1,0.4823501703049966,0.2328878831254375,0,0.6141585742296325,0.4507227221698347,0,0.6566805519571977,0.32918993788936945,1,0.36995554383983276,0.3857495055293197,0,0.4764895690175475,0.40475593093364975,0,-0.2033435382317838,0.9017545390017602,1,1.1562601594855964,1.426084810787237,0,0.4938978332785358,1.2833977760261295,0,1.829712535932271,2.684225088286946,1,0.31576145187143606,0.5330165313683539,0,0.6926616005038209,0.7249309357395948,0,0.8450779016998666,0.24341905986879586,1,2.719547456351605,3.6644957572129058,0,1.3636950579344602,1.1719819380112664,0,1.7689409016592879,2.0213785141733944,1,1.662775364756498,1.1326429476899686,0,1.364532382539973,1.1970249558055182,0,1.0695844863446622,0.6015027429693913,1,0.5658472042150369,0.6039555092941754,0,0.24646674036455543,0.3490622150302363,0,0.6864386087354466,0.8276641914038307,1,0.3234115183484657,0.2440458986146568,0,0.4511873601922696,0.48320237430822877,0,0.23568623308497436,0.5424061545594775,1,0.638032559879669,0.4474514559923356,0,0.057761405645251916,0.14817603888300626,0,3.078849082285646,2.582990630666148,1,2.2914849138027953,1.8809489735100575,0,0.4329416154827871,0.40553359554479207,0,0.3731154993652355,0.46789544905640257,1,0.6229023705010226,0.5899824237667816,0,1.5940052213411917,1.097507071349623,0,0.3566289324671579,0.4515988704524088,1,0.3692953705840645,0.34990669834068117,0,1.3722084568039947,0.43738174806287106,0,2.620178444522853,1.135252794789987,1,2.1021341174378585,1.5153925731210633,0,1.3088514164414833,0.26891544779351273,0,4.689801072291111,3.336633333877315,1,0.8373524998873583,0.4323400582596786,0,2.6137582512179245,0.6482952159609777,0,0.755783148712767,0.30081547344420995,1,0.7764774843290481,0.43719830767110857,0,0.7061523935516185,0.46604529435884484,0,-0.061506856685319036,0.2296961298721172,1,0.09766722049447608,0.1558501231944633,0,0.7870185702221432,0.8126419094612126,0,0.37681598902251534,0.48813019639340893,1,0.5376524320900454,0.3990299902205504,0,0.29924630378819744,0.2838268181153912,0,0.6647741408414655,0.8541863323739078,1,0.40161949225059634,0.6762861166463459,0,0.44251946582118873,0.26924063930271513,0,0.13254084138356112,0.23062122640606628,1,0.09126484287898996,0.18467478609609458,0,0.25543436626989224,0.11471481239153414,0,0.3027439699730891,0.2701608998633605,1,0.3152028980392151,0.2061197724176673,0,0.13177106602631247,0.2523532902119318,0,0.4175229069839842,0.431822840881447,1,0.0906070085805569,0.2851105057574699,0,-0.1318714239566542,0.20563840928161656,0
129,100,0.9,et,0.6988309737416224,0.06676838012625926,0.8331650133699355,0.5282054382782573,0,0.44674108111654337,0.4643951668717777,1,0.6931259576610571,0.3547163246527281,0,0.42633398111051657,0.5729393392822159,0,0.9610258242828242,0.4068692247420921,1,0.38759827025199967,0.45706376728548737,0,0.5602747134683901,0.506639921204249,0,1.798996895788911,1.2479239636774138,1,0.24411277097123066,0.3493421414829715,0,0.13469805226877246,0.32232064389064313,0,0.7791056063590401,0.6504749784322434,1,0.4788789597833808,0.5099325006703452,0,0.1817330715838103,0.38377820552493674,0,1.2121917218959206,0.764408863252077,1,0.11423689208979963,0.3642900652962143,0,0.88637599484913,0.7100723306729564,0,1.866898996994787,1.179840644820873,1,1.2061797157218066,0.9538141119634554,0,1.2551142122683003,0.5692585897757592,0,0.9082380817783579,1.028556764136332,1,0.5058021698641351,0.5580638015070825,0,1.2084473616069362,0.7965174986397899,0,0.8024458330233445,1.080779391673058,1,0.39019660698126923,1.3580970165736552,0,0.45504276685161943,1.6173001094313317,0,2.278429244707172,0.9936588939612229,1,1.854932931978911,1.4862793060050214,0,2.2894335897367357,1.3482288768543684,0,0.4561172688183525,0.619567309126009,1,0.7985424181536354,0.674571702467881,0,0.3872600147270962,0.3264870000758141,0,0.2300289721602161,0.23890372216726935,1,0.1630296543194436,0.30589470902722166,0,-0.028173287683608626,0.076101301718335,0,0.003602187110627514,0.25086185033833397,1,0.6992924166993693,0.6000106872353586,0,0.3717912255798298,0.44847464109231844,0,0.08039009318234033,0.595931718336484,1,0.23570188045277263,0.25670119830522725,0,0.571309833515127,0.2179577066244869,0,0.7128485930608568,0.5657966468504195,1,0.7522481643579,0.8357939529283539,0,0.44596081509018887,0.7446535455325034,0,0.5265754355012058,0.8611149627807142,1,2.305237610249315,2.150383571455044,0,0.6891036966289459,1.4282851825815523,0,3.3756404834472944,4.440469645258494,1,0.11265360216355091,0.357417630160514,0,0.49431309169609916,0.5970770189430152,0,0.5172341503344592,0.6734796141177608,1,1.887752175661546,3.0855248093670866,0,2.622563215404098,2.006265357875793,0,2.463834751098776,1.7721441271581029,1,2.6621086991697496,2.618901979455865,0,0.22400011287628102,0.7301693449161817,0,0.8078558344320357,1.183223333229587,1,0.5010906715797556,0.8446034955977656,0,0.290604138114513,0.46790521093187665,0,0.15233950930731238,0.17776025158029832,1,0.3752173817419784,0.21000427884099174,0,0.6023272904136108,0.4194429274698953,0,0.5414457925589432,0.4965815092496044,1,0.33991180442550306,0.15445250248398218,0,0.16398151146436754,0.23374578927953182,0,1.7090358784699995,0.7862352628125161,1,1.592139289059772,1.9439064325660496,0,0.43286999159638945,0.35793485676176384,0,1.1042641526505665,1.037136510190367,1,0.44908416502097265,0.5042982368112398,0,1.6833646153758823,0.8486020288141966,0,0.8966777132988104,0.743633532784769,1,0.8043414459446792,0.30406214442478363,0,0.5383769347591594,0.3877314420200267,0,1.923718589962008,0.9973955770022885,1,1.842666605870128,0.6673275987623846,0,1.687306516975878,0.7628275286934976,0,3.9758032086188484,2.1685784165169935,1,0.632537500833618,0.17358228171505433,0,2.3173302714482693,1.298567704942053,0,1.1385500586090083,0.6742273254317624,1,1.5269007460649289,0.5206095314820083,0,0.7394373639705838,0.5871485633270287,0,0.4843677909770266,0.6879566698626952,1,0.060653572279962154,0.17354099820500893,0,0.26280171983269945,0.3587244210693956,0,0.2445347184171947,0.3395220448612065,1,0.834586198550426,0.40714929246047515,0,0.2994980448709842,0.22521233886468595,0,0.24911450311746902,0.28606885298372614,1,0.16351904436128242,0.2699887035575647,0,0.29083615447662614,0.13778946244088666,0,0.2585872015129963,0.19674200073397768,1,0.10964862790099424,0.1510453171272026,0,0.2979543744520098,0.208888459385049,0,0.36654840777295944,0.3360989559635884,1,0.1607942270642176,0.405158564166966,0,0.4012759731661741,0.3476789762879638,0,0.3090475757485362,0.255008643335465,1,0.189371073950266,0.1959769009682842,0,-0.2031096536502687,0.1560016287892261,0
129,100,0.9,gb,0.6071778220619192,0.04811775747372641,0.493370237558738,0.418277675384714,0,-0.004658067669563451,0.11836802251006372,1,0.11137763073207374,1.146880529008086,0,0.21402311833195492,0.7681608052811666,0,2.5150118229742877,2.2672143303712256,1,0.4735145234151322,0.8206469465246335,0,0.7588532768721866,0.6386781428027151,0,4.414924454347001,5.117096314011753,1,-0.03857391052301709,0.6947975106793728,0,-0.007573548332825424,0.011072813482720394,0,3.0305551745265786,4.127755718070957,1,0.8415909808897017,1.3406353122547097,0,0.4472672946477272,0.5390913085348663,0,2.9397752215275466,1.81181932516764,1,0.08147085127639841,0.20977089441907798,0,1.1057861946754743,0.2553005471674379,0,0.41345792419326105,0.8065312455294876,1,3.08606985513753,3.385190666784657,0,0.7872341034252845,0.9155470431197964,0,0.5541166756563389,1.0310433966793124,1,1.906878639518172,3.0291298710589696,0,1.9376227509291148,3.8757782191507615,0,0.7563539061424127,0.7972998470422012,1,0.17345772549590815,0.8508557814431609,0,-1.0990889371216839,2.7095408401059182,0,3.933548926476534,2.911411301166498,1,0.6309183269051107,1.0972566736272307,0,1.7862602380680985,0.7109175720489985,0,0.24117038997641993,0.3859797129437313,1,2.2795756753028007,2.2298216325698297,0,0.8927375108044961,1.101178699054907,0,-0.048869964404029555,0.1585068594440401,1,0.19303691538306483,0.2354430552573207,0,0.008105650419239014,1.0795252099824988,0,0.682004379596857,0.9402251045347323,1,2.263925033906691,1.8451330842422426,0,0.4873666398669519,0.4496783624522288,0,-0.2495867907923807,0.31830081397637705,1,-0.03676806392744902,0.07186081470525779,0,0.2097936984416655,0.525984270590084,0,1.7603053152485486,1.6706917897498637,1,0.21822374729520727,0.4394053433848856,0,0.3476730060895557,0.2672484188034151,0,-0.0012595146085223525,0.02492260602750433,1,-0.15208780397248253,0.40640409782411335,0,0.7901568051707902,1.0987968117735236,0,5.268109513812884,8.415638081069508,1,0.7274597490456274,1.4118193082418597,0,-0.11644670559513799,0.23930539131437153,0,0.8105919553519078,1.1888375508154103,1,3.6764118240783006,5.921622454074911,0,3.055111659888097,5.060604704548813,0,0.5094631602513201,1.2159633956870912,1,2.2287084391584697,5.645332777960917,0,0.014386106784440156,0.11008822137804813,0,1.0688225516056764,0.7950507041380025,1,0.3195684104721747,0.41039393904189864,0,0.1816292752672394,0.3585012955240053,0,1.303572188369815,1.3148658535047852,1,0.38043614068902337,0.35506675117244446,0,0.256958565333462,0.25017110371474666,0,0.915119829454847,1.8018495363102978,1,-0.03696305119696748,0.8095999580194445,0,-0.05046652314740817,0.12473362983661875,0,-1.3126842497636724,4.738326696113975,1,1.4353461633164541,0.7922555208842803,0,4.444230068177456,8.791092526381842,0,0.4709793654164116,0.6444213781862258,1,0.21704394649953515,0.4696283534843766,0,1.3726856868825998,1.4275572735598268,0,1.1241671001826201,1.858798682662973,1,0.18101303404918528,0.21185501780512445,0,2.0140020565446637,1.8276586078790338,0,3.0062770251182007,3.6722100536735636,1,2.1527083169824466,1.5835716304596958,0,-0.08555030403444323,0.4460989679341109,0,3.8726906058763744,5.266645061026897,1,1.0184407814596663,1.2132258909400455,0,3.1892433751651654,3.3487528868533594,0,1.4173145038987167,1.214227225116218,1,1.8900900609471925,2.7326601044465426,0,0.6127462757527619,1.2336506202205184,0,0.6510224362862858,1.1543777151749413,1,0.337151715874645,0.49341525185957974,0,0.7234471111027501,0.6670753252503899,0,0.37800062690142333,0.7042691859091688,1,1.7119360690014047,1.0077593744281315,0,0.8085338463967606,0.6179776247657668,0,2.123364393989739,3.928139160118478,1,0.014013942364331422,0.33328369669729924,0,0.2415500921641976,0.47252275056615584,0,0.23098625137618414,0.7436524402325039,1,0.31152289512766423,0.6984963382019951,0,0.192053876749202,0.25866664198700234,0,0.3476089741764581,0.431807990410041,1,0.3508689211322551,0.3247669952889622,0,0.18605419991757846,0.1528860487538837,0,0.1995110066909777,0.2324539498473968,1,-0.03471973511216964,0.18787789124721138,0,0.6402779196477385,1.4430233312690302,0
129,100,0.9,hgb,0.7533861191243036,0.057124927340626554,1.1755833580321267,1.7525588165838755,0,0.47634067247204015,0.583409330684218,1,0.01617123240958463,0.032342464819169255,0,0.5999920591797137,0.4945901771855487,0,3.0097497811955547,1.4608979733961962,1,0.8225776813167774,0.86226425682199,0,0.6069992991275733,0.5669446661229384,0,3.665723820938234,2.10081567734117,1,-0.004088142180279445,0.11756883976059433,0,0.10977942950175816,0.1516372466727144,0,0.6213880124228573,2.260890072888347,1,0.3713504685929579,1.1218843677159156,0,0.379207034545914,0.7584140690918281,0,3.2034598860210224,1.5445412944822206,1,0.2930361044757324,0.7447412145384761,0,2.9231636403790606,2.9243729936664997,0,1.064934655880672,1.6355328007771979,1,2.333174974545267,2.761573348169009,0,0.5414122287462981,1.064743354826585,0,0.04709961599347147,0.30955580287950474,1,1.511365270878311,2.7774511327077667,0,2.5547501991908304,2.289938001527078,0,0.3600470621819383,0.7200941243638767,1,0.045755276999279886,0.0939811069567668,0,0.06600117502125905,0.17468115772680765,0,1.095307385314039,1.342107105833554,1,0.5398992279637549,0.9021036957047819,0,2.647805848747175,1.7286178098562077,0,0.32577325839855187,0.35712411785048825,1,0.16306756238296743,1.0729625106543283,0,0.8499929894182816,1.2522440993364796,0,0.07952029455091698,0.1335314567420719,1,-0.2522299449284207,0.3247314139996136,0,-0.185328007984721,0.47312881611512697,0,2.390944542906389,1.7938188588175359,1,1.7689013030917315,0.7619118369245085,0,1.0490243644991448,0.7547094009229998,0,0.055864724027737525,0.11759145291940684,1,0.07718650157651583,0.15437300315303165,0,0.09079743745021648,0.18159487490043297,0,-0.09993779307561504,0.1304909846978516,1,-0.011819865707304743,0.023018640883169995,0,0.6667291310839711,0.882525970799719,0,0.0,0.0,1,0.2791091509916939,0.3950970408375098,0,0.1767097443187919,0.334046204506619,0,4.151024946322266,4.059529459967479,1,-0.09902337524032596,0.39837684264521167,0,0.18200840958387648,0.43618379294893483,0,-0.05210254998087242,0.7148642585184889,1,1.1122486721064901,2.4364957206465694,0,2.1254192140693173,2.9653520938983626,0,-0.02845348185505976,1.2509644279763887,1,5.098261764580924,6.676743959185653,0,-0.02952277949631411,0.6275919225468318,0,-0.36490252315124566,0.6219452020495566,1,0.0,0.0,0,0.0029564101936057057,0.005912820387211411,0,3.364168263339058,2.227921374397526,1,0.2504039434820186,0.48070239671058573,0,0.26752845908500134,1.5604947351260268,0,0.018346626489669404,0.0317829270285717,1,-0.014777620766985463,0.043429050768110884,0,-0.0042640227590838575,0.1297088311269383,0,-0.2359931254484815,1.2690407242044996,1,1.679080863826001,1.845727529293976,0,1.551489717389511,2.5309964703945487,0,0.36568246366941615,0.8178738047444791,1,0.18716065693457254,0.3644102105939134,0,0.23140945983391054,0.9425177314412018,0,1.397014525611357,2.0947586647166716,1,0.21429902739029227,0.2606557177806164,0,0.961981473949878,1.1582265077091285,0,0.5723899955865328,0.6665834374150729,1,2.1031253086472623,1.4838213171614942,0,0.7465894842817584,1.511193100038114,0,2.191076409981791,4.661612251889043,1,-0.20954051938613114,0.18660852580547135,0,8.476596768968312,5.525813172580668,0,0.39903107504098684,0.8642440719408855,1,2.262599527192429,1.4354674955975881,0,-0.07465446463768376,0.09149416434905576,0,0.20186169034945323,0.4037233806989064,1,0.0,0.0,0,0.3405620952950644,0.5784199678119017,0,0.6878041260975095,0.4568964475797599,1,3.8818724070341935,1.1038969472629927,0,1.8370821624103217,2.7284885794622444,0,2.4054795082913274,1.3027563950403336,1,-0.018668222932106772,0.037336445864213544,0,0.2607915573495623,0.2536524246336112,0,0.5033813180356239,0.33854047664909276,1,0.4118893972540042,0.47534129944274545,0,0.4411104710871531,0.6832588307239518,0,0.2674234044868878,0.33425600601788813,1,0.4521572293880224,0.31901670915627406,0,0.04409573536118448,0.3772649095326215,0,0.3246058652112538,0.17908361869263062,1,-0.38383839176626106,0.672350489981575,0,-0.02351311845451764,0.08397368825564946,0
129,100,0.9,ab,0.6175173421323821,0.04659272212804381,0.11505238068470361,0.3365667562547035,0,0.8186020676647118,0.5461370441620444,1,1.5423073988572313,1.8521434248693978,0,0.28677576735042515,0.5737613888299062,0,1.9196994782271262,1.1583158140907905,1,0.2018806689685093,0.5643086815472096,0,0.6994973380041591,1.6768981974418795,0,4.169952437128049,2.424610134549372,1,0.2497315730397971,0.9710370722745054,0,-0.1830738770992472,0.3721779040307759,0,2.218759854850841,2.108387955259754,1,2.8003608925325494e-06,1.393143890488237,0,1.4866658171019922,1.379658513034103,0,1.8492289584610178,1.686787997810079,1,-0.33544580097569343,0.6195260723829569,0,0.7951598799335697,1.2576272802516197,0,2.286357791962467,2.16138068989427,1,1.0691431609527033,0.9089946600017224,0,2.5280096651347015,2.222955836503228,0,0.022858592729238382,0.9287234461520814,1,0.8065625428164396,1.0614803490716078,0,2.7604743887812146,2.8881294572328873,0,1.0753689338657275,3.25865318018453,1,-0.027959756758624166,0.03456396165220156,0,1.158096846161508,1.684050767601663,0,2.1852995654986516,1.9313871762415729,1,0.5740783808216904,1.5337639543432902,0,2.58202079241375,2.032569632038586,0,0.04516751603318074,0.6243376526732723,1,1.747971627146979,2.5294834989512935,0,0.8609108329937263,1.3402766855157537,0,-0.17655252039293892,0.2923279807029448,1,0.1340322949317143,0.1939913969368161,0,0.15491792367014784,0.5305883133581512,0,-0.4944785369832667,0.7181053067794886,1,1.4913264127612362,1.7014744666021056,0,0.7918925043115248,0.7059897826305,0,0.26891254926489677,1.0694238300968841,1,0.11856538942139952,0.17844452254347826,0,0.6380419240371148,1.232084624896649,0,-0.005440850104029977,0.010881700208059954,1,-0.058285062139211294,0.3737950213511424,0,0.3379240545113186,0.8679817037113812,0,-0.15077134880397194,0.6211896427393383,1,2.1399269240109957,2.20803636188686,0,0.5933264188282119,1.5820525297328298,0,1.984907538136337,2.7898594830468473,1,-0.34195490818316854,0.6841984963370253,0,0.8648136827300293,0.9154512887662785,0,1.220621444339193,1.5241697898668516,1,4.913791523430183,4.877474503940036,0,0.877983565095181,1.081565804466308,0,2.7890060492701148,2.096836940560259,1,2.398619362331497,2.4379146949747073,0,0.4475384974396581,1.6661262470084124,0,0.2907305897335588,1.4213352249244808,1,1.1401413193237553,1.2802970280283867,0,-0.5928225272067114,0.8147527556601711,0,0.5582835608468815,1.321199104883536,1,0.33186565345366303,0.505607505784733,0,0.12347033279644859,0.23151247620200652,0,-0.08208903972719804,0.3670908486810075,1,0.01149958237794114,0.33714563779436213,0,0.372566114787824,0.1833819683621993,0,3.403476417520924,2.8487130766930666,1,2.4486282205181134,1.5806016758102897,0,1.8520060111647005,1.8081234861993238,0,0.5303993119358538,1.1199284793656323,1,0.6517600446165953,0.6536484162816995,0,1.3410589668131594,0.9136346441516653,0,-0.5964639642797243,0.3432327749736774,1,0.0937951771232068,0.1650687163116945,0,0.8288494191624174,0.29450709125569474,0,2.9055212388568714,0.8529218453266884,1,1.7913990348736726,2.0591999657545044,0,-0.14937102578651518,1.0518315145880266,0,2.111579615703222,2.9815077916983515,1,0.6882730280389309,0.8512808416320852,0,2.444059160305869,1.9757139921657523,0,0.8207058254502204,0.5921042104781962,1,2.45417967569854,2.377391834863076,0,0.07385507726516202,0.24150141110153886,0,-0.2960803774114974,0.8300027774525678,1,-0.0008088108816879469,0.0016176217633758938,0,0.7030915571642182,0.9293897005825361,0,0.14329964368305811,0.28772666130856,1,0.09817970834410164,0.19647931134002172,0,0.24813308110058943,0.5994373562520195,0,0.09932815008872145,0.15857196339311638,1,0.04998870161459873,0.3608804260710136,0,0.022171084330330215,0.6641074186018735,0,0.24147815215270416,0.5703191043515936,1,0.1189456126260446,0.1151141387538607,0,0.0,0.0,0,0.06540278703390362,0.19611631057075882,1,0.30772608677036495,0.48239957703260766,0,0.22308309392936415,0.26860006159439354,0,0.13888711990072222,0.17089923147215924,1,0.022718861749706942,0.24404532018557487,0,0.07812835248075822,0.09985539872501924,0
129,100,0.9,bag,0.5450568746461084,0.08458780229214621,0.050822650753863496,0.20743383917442398,0,2.298901614321842,2.7799770114912246,1,1.1209824794914598,1.1942086554585218,0,1.3479633280378025,2.1107854010521137,0,1.071761680069778,2.084763047652831,1,-0.11038275612542367,0.2021142383011662,0,-0.13085044003367158,0.27647084284925455,0,0.1729841035490848,1.0480770435838744,1,0.10693693301000032,1.436313325788789,0,0.02008500707134016,0.09745554812119842,0,4.186376566276933,5.244191152707832,1,-0.46891733381245204,1.0868486444330803,0,-0.05380479717651605,0.49922471399570517,0,5.777493989924028,3.933243551548365,1,0.8499578703699282,1.0790948696015048,0,0.0011391704340399044,1.050564571684493,0,0.6732810326325249,0.9725162596001107,1,0.22995162315575324,1.1608268164613356,0,1.2750291239048068,2.401419624104485,0,2.014027747718724,2.421231838842489,1,0.40426064492218305,0.8696148329862924,0,-0.43812194876549837,1.6415894208769242,0,1.0088701603831434,2.0107265181640077,1,-0.2760682390130844,0.4885423074104429,0,0.49690587467172864,1.043279454933459,0,4.684357976968793,5.001128540779305,1,0.09659837798413154,0.7275148943094053,0,4.454588157454387,3.2120026578219933,0,-0.15856032352955884,0.5055854740825851,1,0.8676707611011899,1.65363282753198,0,-0.956444843021066,1.3782079152717577,0,-0.18023147220815458,0.7237687150515095,1,0.1125610129735839,1.030069858031049,0,-0.8109801480411436,1.0045774748589964,0,-0.9607412805734954,1.4019644144137036,1,1.3846368502362012,2.0100414809092384,0,0.8921144115378166,1.803064799480817,0,1.1161695946452015,1.9690162383349377,1,0.386456780993021,0.9287348451973496,0,0.43981750211493653,0.8226412133642974,0,1.305640863341119,2.880741988048272,1,0.09873646710121947,0.09307631153100293,0,1.1538423882629538,1.4840757245219607,0,1.1641604249193926,2.1860674948620793,1,1.4677454382686415,2.544515750850843,0,-0.5134606755964033,0.638143507294714,0,-0.10434006881578557,0.13218064751579905,1,0.03285259604310441,0.22527887480643743,0,0.06760973924198758,0.3143921233765123,0,-0.9408809655558169,2.2159565768738476,1,0.41297305519077626,1.3269537318237679,0,0.20989947821259336,2.9578148563348168,0,0.8054388114334511,1.8886146972214013,1,3.654583446344618,6.0675685549944625,0,1.8950953083922037,6.599578824375313,0,1.87245445013274,2.2940932161985943,1,1.0991728445121374,1.5303779564145503,0,-0.881237351201381,1.1103871688637468,0,0.11603029028229613,0.3165921840665008,1,0.15892353920371435,0.5089458807313063,0,1.1340677423319927,1.1092811530132984,0,0.27429991450971764,0.7079036744549163,1,0.2492627033514069,0.7835905154014884,0,0.5206084836506396,0.6943092293955825,0,7.9480151439593545,4.978846617159765,1,0.1482054169501923,2.1535370833841005,0,-0.37714726605024834,0.5767481755149103,0,0.5498715206073727,0.8182508066325231,1,0.3800082511867745,0.4437264894170245,0,1.1748707519079122,1.3269364273059596,0,-0.5180257307217225,1.418586283396168,1,0.12785209326274044,0.27941032806895594,0,0.17881802965783508,0.8538900303745594,0,2.692187369073601,3.064151694714737,1,3.018061150403247,2.300419584999461,0,0.5705556183519648,0.6305595286826111,0,3.292620577892996,4.671601176774212,1,2.7189296372321956,2.9071531464787257,0,-0.027885469064926748,0.8285373807035991,0,0.698171424341424,0.7347506549286744,1,0.9124072984790468,2.809006983083963,0,1.1867807036136233,2.9690704454204018,0,-0.02623086343113349,0.2439203436784691,1,-0.03645608653002617,0.10435127019126754,0,1.7997561334797996,1.8950331235497964,0,0.15761285705864675,0.7814444400654303,1,0.45770065342266886,0.9829875250348856,0,-0.05134117476320617,0.6203143481903717,0,0.4829566163527982,1.7363541275635845,1,0.6755904507441303,1.2532298898294283,0,0.09603561995911011,0.39338085302044723,0,0.15688501982386852,0.4890736244525671,1,-0.007460519496478896,0.05011045771882502,0,0.06850343751211858,0.33820358589021293,0,0.36404488177644856,1.3100491977803617,1,0.8361653691380571,0.9525921591411696,0,0.7495765846764557,0.8916659087610647,0,-0.6915656072705835,0.8167021999055596,1,-0.2920994353983974,0.41583557621146167,0,-0.22274759172158293,0.37133221589646603,0
129,100,0.9,mlp,0.982027315937726,0.006428846898891043,0.048667736830736455,0.2942184151627107,0,0.38371901061131025,0.3221609645534515,1,0.13280323177568937,0.29707845556695,0,0.1775446819771706,0.3515670587811449,0,0.23976083330850298,0.17818763139857116,1,0.21853750893461443,0.3253456037820289,0,0.09371595557017162,0.23690247778406995,0,0.1975404360245546,0.2948261437913077,1,0.09149402751046624,0.2559041658454721,0,0.10952257865168735,0.2122734806527764,0,0.5508682907238006,0.5700083347424206,1,0.1685242708438442,0.325773944043338,0,0.23860458695677841,0.4788884182133331,0,0.42006308448709184,0.4970423870030321,1,-0.08044844211199824,0.14999014586470036,0,-0.042090428992855436,0.1116141749967312,0,0.1197814323480848,0.18942046232366172,1,0.11525791947742578,0.2239955546145533,0,0.29556448445328093,0.25302689769625475,0,0.1225839234992562,0.18268933657295355,1,0.35279629597254675,0.41873122967300136,0,0.22026873837048844,0.295895386615266,0,0.472136276932204,0.35333952755784614,1,0.3175222009918379,0.3395516688331947,0,0.14004605936292788,0.27953949399691286,0,0.6326096000375325,0.5895859265806572,1,0.1419401879239702,0.2849176054180043,0,0.29263831116127564,0.393179791475065,0,0.3638232910548225,0.5062291637762503,1,0.34853107594894367,0.41918754706202094,0,0.17061732646810446,0.23936023372116016,0,0.5403998134083561,0.5459078581507399,1,0.07493798412717864,0.2293499225903307,0,-0.04845847009709082,0.1469502553348261,0,0.40642985215440486,0.35445238156038744,1,-0.023692709020781643,0.14909337620172958,0,-0.05617770823810999,0.1527161845019847,0,0.25398796044602245,0.2696733352804395,1,0.14465065615005276,0.18912582258390043,0,0.020165689444674763,0.14737668419361274,0,0.13251010282969006,0.11307830856834411,1,0.10228335384640197,0.11779156550458215,0,0.2848335137399041,0.22685815355488695,0,0.3668057797501204,0.35748236725527077,1,0.1085948327096689,0.13749965077520582,0,0.28804311903032814,0.3584883493257788,0,0.15131935588890336,0.23941425425907123,1,0.04780738444956373,0.160172704706187,0,0.1529429719414691,0.21086148039388292,0,0.3521909727419915,0.2581647279505503,1,0.11051657934568251,0.17186661437123177,0,0.22681387424212981,0.151824474257342,0,1.1693629276587052,0.4199705817518527,1,0.2237647955212486,0.06198436975207401,0,0.32937866057278986,0.07485847543073769,0,0.02009639525537311,0.0655586496811457,1,0.023838539923910322,0.11051192125524227,0,0.030390367397388984,0.11588926180352839,0,0.32241635255655454,0.27945197017741974,1,0.10353418461844492,0.26630212835811945,0,0.15837689589959786,0.28202972501115103,0,0.12384375801032255,0.13878424090265595,1,0.34208614211789956,0.1406663992048159,0,0.331253032050126,0.3314263825476844,0,0.6732953399736751,0.34896433803651516,1,0.26190147916621126,0.1424418991422758,0,0.02326297469333392,0.06835480009314651,0,0.09270539697736073,0.14495591810908134,1,0.41532785458084476,0.27584057648536753,0,0.11426432974240652,0.1324313330508697,0,0.3236807933750997,0.11909143966204164,1,0.5266960647875258,0.13058658582970126,0,0.05758170532757069,0.11544951027721397,0,0.1517534213450229,0.17425922466624957,1,0.5138815604368742,0.2914543843443625,0,0.39818191396469077,0.20965751544096892,0,0.17154077913131957,0.17557631019831288,1,0.20950947553121163,0.3136768742092233,0,0.4937687666694563,0.25407691844034935,0,0.22802447979627888,0.2691908931750486,1,0.05112784236089525,0.14892448187288287,0,0.3923953955121958,0.312514832485501,0,0.08383783854389594,0.29482247031765424,1,0.24249643079983468,0.3464878979945957,0,-0.028868545583112575,0.07575864828412346,0,0.14240892542204683,0.2467525274007356,1,0.0926360168855952,0.1689762344841467,0,0.02312142808022729,0.0992596852022124,0,0.2653583314728951,0.15406785328196942,1,0.0027940291377372807,0.07106327909626212,0,0.1814393484277259,0.2932474277771567,0,0.24808327744100667,0.45709635753323397,1,0.35992922180526155,0.5027004633340143,0,0.135213836930192,0.4599249124788027,0,0.8349393668486174,0.8001503698395613,1,0.07507107011435962,0.13350006963108718,0,0.1725238411972567,0.32794648149008104,0,0.27961355750655026,0.39080230577187763,1,-0.027691131904388315,0.23460761774491753,0,-0.07617819435991133,0.18658846505209445,0
129,100,0.9,svr,0.3103055073574949,0.0530587682879846,0.46731778239999217,0.16083473165765966,0,0.4713203981713259,0.25156007176600953,1,0.5657483290220476,0.2830728295966716,0,0.40014281327221435,0.1405535548877431,0,0.5542838733997698,0.11967757598192001,1,0.41660612160828947,0.09624769986293295,0,0.5046690443779707,0.12138481924249715,0,0.7198942950891922,0.15660576717495492,1,0.5834962721984505,0.14237327699537808,0,0.593545175837828,0.17897394555787755,0,0.6094941993147446,0.12698653004171512,1,0.6304464112913869,0.2203064965515528,0,0.3356385449314323,0.1437297605278295,0,0.4018892668991018,0.11761995738970876,1,0.33579116064157205,0.17556235564365225,0,0.43871711238672895,0.1621274661806079,0,0.42434158318587745,0.1693865315654054,1,0.5273214572405307,0.1997777512571041,0,0.7032216983545325,0.16597342332626064,0,0.9549580479853212,0.22166815676005952,1,0.9391299061201541,0.19650304825123682,0,0.9595676922004044,0.1909898265906469,0,1.0256458938231796,0.22500438111921892,1,0.8768327329165029,0.13911318306423115,0,1.34147780827297,0.16678727771303237,0,1.2390261912873959,0.18999267455423,1,1.257784335950147,0.18643728270630963,0,1.2510707009590927,0.18534662078357722,0,1.0810957863387665,0.20265275580442968,1,0.9853733805629915,0.14162281456063067,0,0.7967486223786144,0.13964333049782582,0,0.5045694955962989,0.10082437650749819,1,0.43226369164307793,0.08369442449741248,0,0.4013066731673032,0.07560839597777298,0,0.6056668616403764,0.1569107834008133,1,0.6343192524552899,0.2673790132558817,0,0.4525942389127394,0.3817871110373274,0,0.5857811101598187,0.49997238107545033,1,0.41102934182594597,0.3868037056211497,0,0.3158807196680193,0.26677801793701594,0,0.3324101777513123,0.34041903390532047,1,0.25205305854206245,0.41295872233218395,0,0.3220712481033767,0.3638468537921204,0,0.5644354467719553,0.353033357931951,1,0.7861772931097326,0.3144756004987143,0,0.45692455364881984,0.11719760886888111,0,0.5970007822000235,0.25767603054105626,1,0.39669228236899434,0.3052795636996946,0,0.34730360929347004,0.292860604643549,0,0.4199755725187798,0.3494429888016044,1,0.5085575765185035,0.3552436987308123,0,0.6980244730234032,0.341192071446115,0,0.7038834930380721,0.22426470143879618,1,0.3620422893007679,0.08244076870570996,0,0.23174525736906673,0.05517885221014671,0,0.45237482686348124,0.13917337608040684,1,0.3352246300919944,0.12813068858693175,0,0.2983707646504171,0.12106595970720682,0,0.3761812361886937,0.08273650310577407,1,0.21993390883253988,0.12315182639986115,0,0.3438223394711938,0.18212072270058025,0,0.5694250207997315,0.21800953311633373,1,0.5909837481682502,0.2525126560055148,0,0.565823091345055,0.29318636777353907,0,0.8291910372301995,0.21017691058523355,1,0.7344829759369615,0.18460602134659435,0,0.6773073236840882,0.23013512586362433,0,0.7229448611287049,0.19113579280823265,1,0.5634617386108044,0.07176304154748306,0,0.5614071323267673,0.15204172904173743,0,0.6455316917623889,0.18680414409187981,1,0.7812399462271185,0.05525851187215281,0,0.5898896491340067,0.1744313302314034,0,0.7807632360683441,0.22724041988626317,1,0.7578959940705854,0.3045632719838712,0,0.6999732390130295,0.2882236845127189,0,0.8562419109291242,0.22169201782866763,1,1.0362314480044412,0.2430251913762514,0,1.0186476126163486,0.20766094987545702,0,1.1366840931215032,0.3090306414180148,1,1.1071239339060024,0.11379371347748377,0,0.6850313549098969,0.34715919334080175,0,0.6520577508907445,0.32346542284151214,1,0.48162250975303866,0.23676346004700163,0,0.45797255444400947,0.24935864717847323,0,0.32765799924828704,0.22566862285424394,1,0.30474440004816156,0.16818540385972772,0,0.14535208796954063,0.16189856993908386,0,0.18230584631776753,0.20405551526955956,1,0.22564783622770132,0.18424542621878556,0,0.2909989617374302,0.14260752826063586,0,0.3639841446569495,0.15142310013586532,1,0.34895502603012285,0.17249107995344834,0,0.3018258911321616,0.14556767485494979,0,0.3831730798067918,0.12750196162385502,1,0.28370772158284796,0.19513647586205005,0,0.2984035206382976,0.18111297396227094,0,0.1511420006987984,0.13410755121998533,1,0.08530750424981891,0.17490959426164407,0,0.009797468325721297,0.1831251363019668,0
129,100,0.9,knn,0.7712597279372598,0.08531926106754871,0.21398720181464825,0.5107385917275521,0,0.11450658458146494,0.758195073233396,1,0.5996551036276033,0.7003219234562011,0,0.011144222728279928,0.5319953755018504,0,0.18534094907009574,0.9039852943421574,1,0.6345985319744477,0.673774296400354,0,0.4939582586377399,1.2969316972648628,0,1.6270441848722226,2.01903723161705,1,0.5769488755283759,1.9086895636988466,0,0.48909756761003315,1.6658900725269088,0,0.4241083105203011,1.7809840925727907,1,0.1874397706851429,1.3861764635752942,0,0.013152676887720904,0.8990043056918188,0,-0.22516925122201967,1.122728510749436,1,0.3211123547769074,1.8077457470197245,0,0.4459732940780142,1.7416808404907573,0,-0.1391239933245246,0.47042059763423705,1,0.8246710733001261,1.7597665718068076,0,1.04224777175808,1.152101167230022,0,0.33317446004126366,1.1256341410475772,1,0.6897259231871382,1.2312820777904243,0,0.8648515334046618,0.8370184742407176,0,0.41083099109910987,1.0939248913875146,1,1.029780752821527,0.5739374673057861,0,1.6088496104314711,1.179449301984253,0,0.8131190904816409,1.3080616809065793,1,0.6872150952659,1.2653455965553861,0,0.3003056229021364,1.8359872493078306,0,-0.8831991611948071,0.917749097160613,1,0.05184792756086294,1.334319179330027,0,-0.4275483296266117,1.0503235001383067,0,-0.49938649231010357,1.0726438301348316,1,-0.4402417436953983,1.4289839123829513,0,-0.7953456977512768,1.500989899871618,0,-0.23570065867298076,0.9608459025126882,1,-0.6575229965102525,0.9856266936987316,0,-1.026829525029525,0.8947073930838476,0,-0.2011282182709578,0.6914528364617609,1,0.4172108858396846,1.1848089365545291,0,-0.005168787745332182,1.2527186065617117,0,-0.33512967558259166,1.4597923577900245,1,-0.39690817468449224,1.3038242458936384,0,-0.49145857809474347,1.8082195335985627,0,-0.253794336370784,0.9137063228319425,1,0.026281582523302215,1.368488615501342,0,-0.1279162455738317,1.5296714303715326,0,-0.827498504850233,2.1859147881248817,1,-1.6825705866331695,2.562200428142178,0,-1.5445146054032373,2.4652154804534523,0,-0.5700258676548607,1.3365506973236538,1,-0.6541913236157859,1.8280465739980158,0,-0.1706284154810594,1.0290083909296686,0,0.07190864098883187,0.6470837304431702,1,-0.5965029300646286,0.6518808653180654,0,-0.3227917149105429,0.8207222590144225,0,-0.615427946652315,0.86478620480052,1,-0.10701823659392536,0.8711989562919452,0,-0.3979517427430982,0.39960525165429955,0,0.5226557706471038,1.133125835614102,1,0.03150660665431667,0.7808998460684606,0,-0.31011500913347356,0.6432792077316863,0,-0.2215052911227488,0.44200056681117245,1,0.5010140237102543,0.35368887889410033,0,0.3628962681136857,0.40964392182881615,0,1.6440070522132033,2.3237510610352525,1,0.16773664844774155,2.0842778301002323,0,0.21193851020443272,2.4706110273149253,0,-0.4341382327630792,1.4394369578610633,1,2.1235105820187115,2.7692270726025914,0,2.305071070916713,3.143543644175614,0,1.6045141810178916,2.5528201677692928,1,0.698534054152782,0.9760843252120628,0,0.6493021805008317,1.016627441252921,0,0.5606810040572973,0.7756653685030485,1,0.4262386057987757,1.5583887226454491,0,0.9398554479136905,1.8256342837444177,0,0.6899744875425162,0.7544828851205431,1,1.2167841432994502,1.665107588580452,0,1.5219122230734219,1.8417209599559337,0,1.791682946898596,2.7654665363749276,1,0.3331433838589791,2.0024189884377708,0,1.0431015093974636,4.253777308951199,0,1.2732283437253402,4.07896423307325,1,0.345594360682097,3.037361705084279,0,-0.03459667718425878,3.112453136789636,0,0.22239637247885446,1.7532695697742964,1,-0.7321067573744812,2.6227169143252334,0,-0.9566018356774775,2.0491461106539344,0,-1.397824493739962,1.926678219555955,1,-1.0150902643215054,1.3963660031501353,0,-1.2244304436218525,1.3908296535604345,0,-0.615323059474288,1.4565445017056093,1,0.28855420841669915,0.3906780400685536,0,0.2896964865897829,1.1443892592126634,0,0.2394397271603017,0.5000227051255403,1,0.324634926213213,0.49511302684520797,0,0.30864162172224513,1.3640031862837616,0,0.8898065809452808,1.5691265553703282,1,-0.05880832625328934,0.5543799383274066,0,-0.5348557391109632,0.8633274254920208,0
129,100,0.9,SuperLearner,0.9841886736011869,0.006203400893263469,-0.05198134600944378,0.08844524399286725,0,0.8731555292261246,0.7221470018282521,1,0.1688457402833458,0.4192075173168013,0,0.20235459339393808,0.2187659383252082,0,0.5428237133293801,0.4092542674936966,1,0.23117239575942633,0.265358312955156,0,0.09059226579144998,0.22953495776684293,0,0.6057226737875612,0.4537119542229746,1,0.18079466326725055,0.19390399273674175,0,-0.014392000546092376,0.08644754088326964,0,0.6896217611525962,0.37699727485679163,1,0.26576335982267185,0.3783804412709244,0,0.3805219921407552,0.3181500733153661,0,0.7624980790697715,0.4930468107765784,1,0.053890639764524684,0.10526336153573838,0,0.052032536279995045,0.2113487331846279,0,0.4646717290306344,0.22115359653119485,1,0.03791850999794751,0.09888650451009598,0,0.24815811674821625,0.2797238958162632,0,0.1856812882661608,0.1780435450233002,1,0.16139059899557617,0.3122072636786551,0,0.3683296646431923,0.6667716008166515,0,0.40443435838967057,0.6679818974761195,1,0.32876582577876307,0.5716011773625373,0,-0.12149704162935185,0.2376680336899119,0,0.6277764267784912,0.5574348725275403,1,0.16078492023250487,0.4665198662133776,0,-0.028194345356190607,0.1102658749263715,0,0.2648743828891792,0.5317494193184145,1,0.92453857021898,1.088067454887409,0,-0.01714274644686668,0.16279181932517411,0,0.5850161401792753,0.5908542114215287,1,0.05778496395160493,0.2312089004869027,0,0.010179488917275091,0.043202741139418126,0,1.1243442798129901,0.7513407615915293,1,0.06449762676390228,0.1828721569618615,0,0.07749685081352385,0.05958524296113639,0,0.28997856806262207,0.25993505465320155,1,0.18581197712377753,0.20652035003216232,0,-0.07111220642511563,0.05526665284862646,0,0.3655976406457533,0.3390035581002919,1,0.10114265539740172,0.11559567966988897,0,0.23456878655711697,0.2165021107598823,0,0.2955452775782715,0.2983416727626914,1,0.1045142326696604,0.22100514927110224,0,0.13903520840687394,0.2824204839260034,0,0.040611014182357345,0.2051010730571131,1,0.07973355676133388,0.2469039472702637,0,0.14954590139197693,0.10135618669461668,0,0.538872603225465,0.4065912015002326,1,0.005340625046015143,0.08914460966257158,0,0.24165111458498978,0.3851543452968028,0,1.0916113563419458,0.4745191885874108,1,0.38827881998277414,0.2849997006943704,0,0.3765891077698088,0.27183897264505386,0,0.12704407197846213,0.12034637806780979,1,0.056704903077976834,0.12822363140354692,0,0.11310185011448023,0.13792261911981343,0,0.37222740513039987,0.2672431251249586,1,0.5266468878216739,0.5813912105268653,0,0.1864901256875019,0.23512615292692868,0,0.11278750970992438,0.19672872251007043,1,0.03732428732347561,0.10287527210052953,0,0.3942051279753514,0.4473768758718139,0,1.311199761361828,0.6720193675615859,1,0.19978038610241186,0.35316651488306244,0,0.04753080400411176,0.10244200397772184,0,0.19873446925127214,0.228173358673738,1,0.5382392238815947,0.25530157569810463,0,0.17171701554550942,0.17361573274997374,0,0.502095959724563,0.33647794969447725,1,0.31335943471609573,0.2150594184511136,0,0.3087583095214146,0.33888902535032556,0,0.21712263682568245,0.37007888056925775,1,0.32912947685810673,0.2792931642138513,0,0.7562983492912033,0.41292454847956184,0,0.4815222639010397,0.19030904870428164,1,0.31081589222479183,0.23808044720815985,0,0.42828810743649026,0.2109523828473422,0,0.5154333929181603,0.49617843311569976,1,0.055600703099300874,0.2228280859463431,0,0.7716893111638311,0.33074046712024696,0,0.5627204185785808,0.4746688050284975,1,0.3371235338332851,0.3552728762942272,0,-0.03043237875464455,0.050663127082551954,0,0.2874192562832003,0.20595064538614047,1,0.26765811558415986,0.1040116366679668,0,0.39308369529364334,0.3519065325363709,0,0.5138215734382154,0.20260792959136936,1,0.17957381245220724,0.1330814793538296,0,0.28094949658920393,0.3201567767980293,0,0.2682400317601313,0.2329459462169274,1,0.9400649924549258,1.0295417030909015,0,-0.03399467270658796,0.09136077928896469,0,1.0504821480030413,0.8011018829649559,1,0.020011214331060078,0.06132015340274845,0,0.6179692819968381,0.23723322896318375,0,0.3248472445489923,0.5348442791601099,1,0.007488548623762278,0.059007434885636145,0,-0.1467801176937288,0.08976000972373029,0
129,250,0.9,lr,0.9863401276433826,0.00512852391454853,0.028688073937015567,0.049764325648825825,0,0.45631541983235985,0.5083447931032389,1,0.0261106191139091,0.11150266129811064,0,0.2625648279290201,0.23803684121373297,0,2.101740898817717,0.3140437564760608,1,0.10371260438543779,0.09740672338919192,0,0.06923228993069705,0.08471902905596794,0,1.5905463712703274,0.856210091685054,1,0.08035170708050807,0.11700710296857364,0,0.3098166497653868,0.2790725823169244,0,3.194736605236211,1.4648439767790924,1,0.223579803834992,0.2576959646168123,0,0.19581311505576232,0.15839659359297456,0,1.1802999249760648,0.5544877863486659,1,0.1897526518341915,0.28219435116469876,0,0.27729705737580274,0.4820182126892772,0,0.6785488745500103,0.24502256903334982,1,0.12434970178167806,0.11143811247107668,0,0.006758749223640119,0.011217248752542873,0,2.048350463744352,1.1617291594077805,1,0.1442698053255021,0.2696996389357344,0,0.02043120507618712,0.03925825325483602,0,1.5889914737354558,0.5682076284418494,1,0.17412654276429956,0.2516441204782277,0,0.06730205906597828,0.09563817971229625,0,4.763929060301118,3.518053425868249,1,0.11605623469631252,0.13030925381272657,0,0.07902114811424217,0.16469676013208673,0,2.1423050065239115,0.9295196939689234,1,0.018959108268008985,0.14400388210833445,0,0.23010020221850117,0.20256817806586294,0,4.740565643213951,1.3881388413292775,1,0.08726295306427997,0.13577984024132017,0,0.07830145695460097,0.061031780421599686,0,2.331664893333218,1.2099161509036491,1,0.07933863317804021,0.09784480079257034,0,0.18335256631056307,0.18289153684278558,0,1.986143496990077,0.8070577153948351,1,0.27865998936079883,0.290041978730999,0,0.08393279030513418,0.15565699765196625,0,2.416658540147953,0.7913934214010514,1,0.17653395208543868,0.20303759908485425,0,0.059585707778163334,0.04630871041420852,0,3.0279073963723206,1.14804847927598,1,0.4669464963044141,0.2543534632097729,0,0.08547641900602185,0.11010793175698112,0,1.2925925345097675,0.34055216413050937,1,0.08962052515297173,0.18215255179360484,0,-0.019628407700352714,0.07017041256057494,0,2.1371032757868034,0.6784466728223737,1,0.6488058322243229,0.26748336081407215,0,0.1174884508877867,0.07768547574430902,0,1.7412384534556016,0.39512270985855125,1,0.6007451581606461,0.5869756301801367,0,0.36646212851748927,0.29973848652133717,0,2.3340949265827633,0.6765512500515724,1,0.11587523253856753,0.07937011768655086,0,0.09507958051533508,0.0941855133258859,0,1.9392427546985247,1.1836975957189162,1,0.12990860780048,0.15116584692440843,0,0.22293186499718978,0.1863858865699399,0,0.8963506191615082,0.608978771276162,1,0.1982718266204139,0.1588079081704992,0,-0.0008077157448454113,0.02933184061745634,0,0.536761861648597,0.2878810272015398,1,0.15043344937601258,0.15980005102234604,0,-0.004607068543866314,0.05630921407523413,0,2.116890792463716,0.7712816667316322,1,0.03172569195843143,0.04816844169209313,0,0.06071902396102545,0.08096736741732857,0,3.061546361938484,1.3492953565941026,1,0.08331225484579,0.07843663385682757,0,0.020125355980126904,0.02361221602348072,0,1.57065787430431,0.5433149387552371,1,-0.020662033340117545,0.04436069976752528,0,0.09616633263526764,0.13445191339345167,0,1.6169717426018135,0.7661914411047855,1,0.5256608910995618,0.2161509974384821,0,0.4410261373527784,0.1942268638955429,0,1.4458396874592805,0.7802552980774792,1,0.09673994568422756,0.21452267490202606,0,-0.01240616380890368,0.06587378059799767,0,3.003644635932413,1.2902186792924024,1,0.3217836068529058,0.17435596110456522,0,0.10480260293681598,0.10699310113903242,0,3.054556748827893,1.6692034711111785,1,0.01875622256773831,0.030213303941577684,0,0.058263660065510495,0.12730135424795366,0,2.865331009114957,1.7230444375826237,1,0.024096870263253446,0.03989240697389556,0,0.17054062027358632,0.19597443625753375,0,0.7148624056965265,0.17974632891102735,1,0.9656133866383515,0.512905906326222,0,0.1737051599116957,0.1552022381790821,0,1.7146984255421387,1.1802201376920296,1,0.14011732665632348,0.2731746012701184,0,0.3275810572011488,0.330312111200345,0,3.004903621504353,0.6300480231473914,1,0.2549886872843271,0.2697437092563496,0,0.0672111287976803,0.05382480506713527,0
129,250,0.9,lasso,0.9181247964337249,0.013929140198552598,3.552713678800501e-16,7.105427357601003e-16,0,0.8074247904811829,0.6152964073465957,1,3.552713678800501e-16,7.105427357601003e-16,0,3.552713678800501e-16,7.105427357601003e-16,0,1.9720440863712667,0.9203709328277577,1,3.552713678800501e-16,7.105427357601003e-16,0,3.552713678800501e-16,7.105427357601003e-16,0,4.442386706406564,1.7704439831499332,1,3.552713678800501e-16,7.105427357601003e-16,0,3.552713678800501e-16,7.105427357601003e-16,0,1.0640702494215666,1.328165908227661,1,3.552713678800501e-16,7.105427357601003e-16,0,0.22779394972949957,0.45558789945899825,0,3.0007494582418333,0.8782483426420103,1,3.552713678800501e-16,7.105427357601003e-16,0,1.258431996028969,0.9571894075464875,0,0.43937929161747763,0.8787585832349544,1,0.1044031079525813,0.1803668097700116,0,2.919240747614583,1.7806432297222017,0,0.7076764550781993,0.5291138852816374,1,3.552713678800501e-16,7.105427357601003e-16,0,1.216588521666035,1.0428223685702853,0,1.2988643547866576,0.990574919718169,1,3.552713678800501e-16,7.105427357601003e-16,0,1.8669841183442177,1.8556725588443046,0,2.59248220318428,1.9877382091149167,1,3.552713678800501e-16,7.105427357601003e-16,0,3.552713678800501e-16,7.105427357601003e-16,0,4.091514705599707,1.1704826246862174,1,3.552713678800501e-16,7.105427357601003e-16,0,3.552713678800501e-16,7.105427357601003e-16,0,2.152370707960465,0.8484895378129048,1,0.01940109452658634,0.038802189053171794,0,3.552713678800501e-16,7.105427357601003e-16,0,1.8751799737119543,0.6285201599263197,1,3.552713678800501e-16,7.105427357601003e-16,0,0.08746585269616111,0.1724200826122914,0,2.850757712984001,1.1103022845399506,1,3.552713678800501e-16,7.105427357601003e-16,0,3.552713678800501e-16,7.105427357601003e-16,0,3.00745542382447,1.3826399816299517,1,0.054592267512335334,0.10918453502466978,0,1.170990787568802,0.8365829873491508,0,2.6731481382158817,1.8424911756042122,1,0.8716373355132753,0.488958041014184,0,3.552713678800501e-16,7.105427357601003e-16,0,1.9846062358703471,1.0567462220589778,1,3.552713678800501e-16,7.105427357601003e-16,0,3.552713678800501e-16,7.105427357601003e-16,0,3.552713678800501e-16,7.105427357601003e-16,1,3.552713678800501e-16,7.105427357601003e-16,0,4.596283272202929,1.0158096402460444,0,3.552713678800501e-16,7.105427357601003e-16,1,2.8797831101241806,0.9763824334166493,0,3.552713678800501e-16,7.105427357601003e-16,0,2.57333404096645,0.9964075777481102,1,3.552713678800501e-16,7.105427357601003e-16,0,3.552713678800501e-16,7.105427357601003e-16,0,1.2042462793455233,0.8774427823468183,1,0.7333278685970787,1.1407873227959346,0,0.06277999468167286,0.12555998936334484,0,1.1792571087463934,1.349635463625883,1,4.269932265803885,2.422193205756722,0,3.552713678800501e-16,7.105427357601003e-16,0,1.8835025501693061,0.9376290042472458,1,3.552713678800501e-16,7.105427357601003e-16,0,3.552713678800501e-16,7.105427357601003e-16,0,2.4286666104144436,0.9177523295988381,1,0.45339947693732574,0.6878187359682822,0,3.552713678800501e-16,7.105427357601003e-16,0,2.7093932824887794,1.4054508638395034,1,3.552713678800501e-16,7.105427357601003e-16,0,3.950192007570622,2.0433651108324034,0,0.33128263198440727,0.49382744618784563,1,0.02336470216349168,0.04672940432698247,0,0.6374392009753902,0.7070471614083776,0,1.211662125520307,1.1664344982389248,1,3.552713678800501e-16,7.105427357601003e-16,0,2.8830861952820586,0.7223536065389358,0,2.7696935506305094,1.470124470545578,1,3.552713678800501e-16,7.105427357601003e-16,0,0.22446067948639584,0.4206608865493909,0,2.760603431093933,1.7811906693430526,1,3.552713678800501e-16,7.105427357601003e-16,0,3.552713678800501e-16,7.105427357601003e-16,0,3.552713678800501e-16,7.105427357601003e-16,1,2.5973211608242055,1.6794168259259872,0,0.09617094811991929,0.1923418962398377,0,3.6465983347506965,1.9594484548878233,1,3.552713678800501e-16,7.105427357601003e-16,0,3.552713678800501e-16,7.105427357601003e-16,0,0.3509341382856378,0.6299324802069701,1,0.5840013288333529,0.6032202628558024,0,0.5077810015257227,0.550323360972017,0,5.304127246923889,1.7280645519711868,1,3.552713678800501e-16,7.105427357601003e-16,0,3.552713678800501e-16,7.105427357601003e-16,0,0.20371909367594437,0.4074381873518888,1,3.552713678800501e-16,7.105427357601003e-16,0,3.552713678800501e-16,7.105427357601003e-16,0
129,250,0.9,dt,0.13390891676080927,0.26519152308735305,1.5044011419255934,2.9415884484412516,0,0.27254877215394246,0.3635285185891406,1,3.7231334273758785,4.4644954880933465,0,-0.41151037481989927,0.7232943609213186,0,-0.10807772007644431,1.0977027843300977,1,-0.5744677373599669,1.4553016756302641,0,0.11957016867861955,0.29918632529294287,0,1.2163616724749495,2.4058741600103235,1,2.649595592640291,3.696847501785254,0,-0.14229704971644047,0.30709928157981875,0,-0.03574842939845621,0.06159277285839872,1,0.5139475606548263,1.2247164618565667,0,0.3761839119524427,1.2773760750488654,0,0.6554046387255764,0.9216354986282768,1,1.4971878394491196,3.695276970400087,0,1.8950350232097315,2.6494568838364874,0,0.125925563430153,0.7234386946176639,1,-0.3223939647628896,1.128083082141979,0,0.7497150942461424,1.294346498125485,0,0.277259544813492,1.1302175185977539,1,0.16806278968004856,0.23507678076191713,0,-1.4437631982943329,2.0177835597445415,0,0.7456193783179674,1.3228686879204132,1,0.5286598866444406,0.5597801163181173,0,6.737323791734548,12.921254329272166,0,5.044824200708701,11.146403245377762,1,0.3731684199749677,0.7533888541600448,0,-1.285990186449678,1.7249681551504112,0,2.4304758410840677,3.6436354349186932,1,2.033845928114867,4.986853648708204,0,-0.9710113603361531,2.394465704560204,0,1.754714146460579,1.5017621047849017,1,0.6704423155409486,1.028135498561436,0,1.2617979035334237,1.7147191246765323,0,0.1606909233213114,0.6079650221207208,1,0.5061726017123545,0.9846423590947925,0,-0.2989681062233294,1.5584067505121906,0,1.4992452115288202,2.4477428712229963,1,0.662252450735158,1.7185705810322842,0,-0.4455007414008051,3.0256815444633873,0,0.7152114163942586,1.3165322184209707,1,1.9739188276066604,2.6212273396587196,0,1.1076069049408679,2.485892071456123,0,0.0900201273862792,0.8764992622116918,1,-2.542770366609127,3.4134404335390265,0,1.826544939177894,2.493469019921346,0,4.093102084075541,5.972728732696249,1,-1.4628751448337391,2.123266100483266,0,5.147498469771468,10.684494867107952,0,0.3307682324375392,1.9143675822332382,1,0.07210635533285704,1.419998054507983,0,6.927780248634558,10.90588765639716,0,0.6742061592057074,1.7795742245678965,1,2.542831458721981,4.690483885961578,0,-0.9029523951467959,1.6424471160951755,0,2.7877788164915596,5.653492184273085,1,-0.2689134627007287,0.7842731108270671,0,1.0918278109755974,1.5101793782719168,0,0.3274375725310775,0.8955570192417411,1,4.914198076239437,7.361759678740931,0,-1.2173574782474428,2.434714956494886,0,0.8026684660260255,1.605336932052051,1,1.8347647314192284,3.5095271091717075,0,1.329947148800191,2.0005103435395113,0,19.23580802215664,22.196442647806414,1,-2.235874714809244,5.105046512578817,0,0.7063452955605121,1.771558384573464,0,0.38300876616524226,0.4013971295598597,1,1.8355243671299344,3.1198493479098164,0,-0.266028812840187,0.37148184893659725,0,1.4461723780901201,1.9273375364632233,1,-0.08042878931435313,0.12409443791589178,0,-0.049791328563409995,3.309366074817424,0,0.2851559781218545,0.38009969038540653,1,1.3150691123115756,2.635260756982826,0,6.105534878430243,6.486278590218071,0,4.2796742133341485,6.410261257259618,1,2.7627299745877654,5.949635820144839,0,10.491405842242674,11.524142265163952,0,4.69750398921249,6.175070063658337,1,-0.030559841204895428,1.8875991574530964,0,-1.295355629597647,2.5861416370753503,0,-0.18626557443578015,1.1117632719599697,1,4.097056047711425,8.22263789535297,0,-1.4676536144312906,4.127673941259507,0,-0.07525736513814305,0.7302093361721504,1,4.956345292431986,12.83208388959328,0,0.23052229540295502,2.1920834509007765,0,0.9635319907283076,1.215546859283823,1,1.4098275505176336,2.3314645019819626,0,-0.9033290237271805,1.7621664003009758,0,2.798216370872601,3.510901754520685,1,2.4181833475694416,3.241255977965875,0,2.090437959506372,3.753842276798409,0,0.15645809510316572,0.6968457024023441,1,0.40851164912998306,0.5796979545537418,0,-1.5169437696217252,2.913130422343889,0,0.891798474228352,1.376361986148587,1,-0.4554589621286437,0.8231664672769504,0,0.38019165198497445,1.3493628440738341,0
129,250,0.9,rf,0.7067741638911281,0.024203355092788266,0.37227470914847094,0.277999190356197,0,0.32995962607787066,0.16962966622601736,1,0.31725860309615067,0.17367249828656328,0,0.26943160602190086,0.4647051248059092,0,0.41772233753039795,0.3639749645532254,1,0.04959044938640818,0.5085807249836222,0,0.6010024459300162,0.398993219666043,0,1.1581883231694339,0.29001863388456733,1,1.2172685955677318,0.47161145938920457,0,0.4738853342485602,0.27465982779399234,0,0.5372659711881251,0.1956119368240961,1,0.3483049915388477,0.3109743019872515,0,0.4682409695402702,0.24063499747163186,0,0.6811038415224084,0.48137234262423706,1,0.5194901910143147,0.24707847869297653,0,0.4620001622353934,0.6655854143183366,0,0.7621184247538323,0.8502532802653727,1,0.24041195970790166,0.5193314775844956,0,0.7795406035842272,0.6021514634630105,0,0.6926237308675907,0.4256989867261886,1,0.6812467557640289,0.2590483980571528,0,1.0016312882647995,0.45288149273871015,0,1.52493124327323,0.8719235540483855,1,0.6822023144498683,0.47432360295106196,0,1.3107504084647932,0.5462689844448052,0,1.4412493537370774,0.49667675428647995,1,0.4829154814923222,0.33273998446353936,0,0.9504572149547839,0.8062846507639883,0,1.2245893159121826,0.6281197270918956,1,0.8392593571674709,0.2513757582973629,0,0.5916760818755078,0.4783808059613814,0,0.5692188095296811,0.5064729139206157,1,0.4846957622127112,0.3716188938565259,0,0.3838175448707776,0.5385728022507695,0,0.9226871068617724,0.4769135898611826,1,0.2841157529947626,0.3543852031395802,0,0.6048077561626489,0.18698581629844066,0,0.5916458359699037,0.48585313842825306,1,0.34080084027412855,0.2098999965543838,0,1.1578407712218115,0.4716091406690565,0,1.3010625817548718,0.6362252865109463,1,1.1471602576176676,0.6459798100475277,0,1.8866104622463058,0.7902236782363898,0,1.2597461864123436,0.5691832975714315,1,1.7756611773965272,0.6779667777814004,0,1.5533680519086464,0.8625742862419925,0,0.8073352720637959,0.3639845769391224,1,0.36368904658261186,0.28325353608624415,0,0.43882852148414947,0.4099010176287915,0,0.677635168490878,0.23470248158177826,1,0.5652594630049709,0.279717985812858,0,2.1255173820726876,0.9327682715291843,0,0.4638611809225372,0.37219174016274614,1,0.8752638870969726,0.636251939465127,0,0.3586457298436741,0.21138030258958615,0,1.4412651281504352,0.2943508113889308,1,0.8409570406779376,0.6267907372626074,0,0.5205242720122885,0.23928560365322468,0,2.181964813869518,1.557045194021404,1,0.8517375172171817,0.5284890067193014,0,0.44991039045990994,0.28646285305925595,0,0.6350134708819146,0.316716902481023,1,3.041513240023863,1.1963937465268863,0,0.4697851763745991,0.17961326997369986,0,3.6299820517892143,3.3304395855865367,1,0.47285287080403177,0.4430788712752712,0,0.9360870426624981,0.5733712770047613,0,1.0559093725647064,0.8129941708694605,1,1.007289230521677,0.3974594823745394,0,0.9591679635866063,0.2918514128362643,0,1.1140547519284334,0.35906963638276657,1,0.4812945779465225,0.2728673399822934,0,1.0696823826160036,0.4034161338547548,0,0.44144273325657907,0.28728710359113724,1,0.6101215515980122,0.2774851665993604,0,1.8470072406211369,0.885710796456791,0,1.5801087378648748,0.6037450486859718,1,1.4893915935653605,0.8732306827590391,0,4.486673006048525,2.0008890803489034,0,2.7381696680353422,0.9140307507559167,1,0.34434873086606343,0.18383978787944583,0,0.45323119693389147,0.3652049934870065,0,0.7871916146461614,0.5643113110398236,1,0.39786014044383916,0.10416901631867588,0,0.4910236910300624,0.23033095292214345,0,1.1587371151218977,0.37634323700932704,1,1.4438195451230142,0.6769439973399938,0,0.6010606532192873,0.46800379477163656,0,1.1146765010519915,0.9606959823108435,1,0.38364787714577364,0.1196902950925127,0,0.5469696207261343,0.20874670889524466,0,0.7422743712080082,0.40281081942746444,1,0.3998943064200528,0.31832818011304137,0,0.4372400965634625,0.38138044308821706,0,0.26281922083724907,0.2419257603738933,1,0.3784472610704242,0.11131720410966621,0,0.20227775868113365,0.15391355093570216,0,0.295492516238598,0.2530859234880777,1,0.2125093135811656,0.14483110584281647,0,0.3759157907281321,0.14889067802388994,0
129,250,0.9,et,0.7479084349611225,0.041730042700667026,0.3319291373243965,0.08216105736020812,0,0.411945834995542,0.2925286079014789,1,0.269005900592585,0.2660656929409609,0,0.18972408510532074,0.10695298352023971,0,0.810582626176617,0.6833901363042838,1,0.2878978920481064,0.3638586797929095,0,0.6250106600899676,0.48339423913724056,0,1.110465566765692,0.3167863248865862,1,1.335524647722367,0.48097823437378345,0,0.3340656976527696,0.10016389526924348,0,0.6850316691097003,0.20420503429824546,1,0.5232110218330808,0.2322250432319794,0,0.35099039588595166,0.19270280511820287,0,0.5664676955330165,0.22076699320233556,1,0.5458970537967924,0.3002357353460229,0,0.3361264104201493,0.23031568004985156,0,0.3813286535814914,0.40960406179361064,1,0.24440690092528633,0.5249039848260445,0,1.0863991213957547,0.6535260042114741,0,0.7933919110369999,0.42913104622467285,1,0.7211826254916043,0.23440608158936357,0,1.6267282240977452,0.33809493946108493,0,1.4981214154175388,0.8743944312318694,1,0.795581798915241,0.4984115006487526,0,1.1283559143184232,0.6724960372124567,0,1.2355169743460963,0.39739069650324416,1,0.6799896486984622,0.2870981581948427,0,0.6770999165935546,0.501089846470711,0,0.8501992486033337,0.33783856443513155,1,1.026536553051475,0.25270193658615997,0,0.6417056208767413,0.47319516382051174,0,0.6429060323936133,0.17859381518886316,1,0.4742173436467964,0.3894968352196888,0,0.33560112462839575,0.27447543436787486,0,0.641895981337264,0.270101722990545,1,0.2686354127069799,0.10734699213397393,0,0.23828365465846835,0.25695898396403805,0,0.5524654824463682,0.1983942587550014,1,0.2283472973245045,0.2518153368858839,0,1.0847446390329478,0.47520945208546905,0,1.2962671757418713,0.7806630479488883,1,1.1163726132562282,0.6080799030359434,0,2.401542150370288,1.1976545841071071,0,1.7044992074841985,0.6318662580539868,1,1.7324325316619202,0.4446911791825083,0,1.1696445014179175,0.6124237392998098,0,1.0019302690196406,0.5109816741076776,1,0.5159317143394728,0.2531744981102373,0,0.26532883182050704,0.351309090888148,0,0.7109388850684175,0.39296652360071405,1,0.4881735494834757,0.3706856717313704,0,1.1797605489820668,1.0481504629572538,0,0.7987201365057528,0.6069001900830383,1,1.0580494952529818,1.000488049948463,0,0.6214348103618756,0.46475871473213864,0,1.0387350786124838,0.3554973669222093,1,0.8806011288569227,0.3432804835903961,0,0.736658254428251,0.8059441391663718,0,1.5001958477434463,0.598921562411282,1,0.8198473429969206,0.428628915243343,0,0.39374319156611987,0.16284383615697184,0,1.143335389860372,0.9164883423717637,1,1.6204916890163734,0.9836252526134435,0,0.7954481238204419,0.5476466356165222,0,2.014345618484653,1.294383459995076,1,0.5976824635317823,0.29292899702683567,0,0.7846140950905978,0.22631850759860075,0,1.3021500261540786,0.6457522712381418,1,0.8016644250457153,0.18615166744769926,0,0.633396142784145,0.2309645365811021,0,1.1687582818588518,0.5332808051148578,1,0.3925545179048254,0.2160641432578523,0,0.805405471192644,0.3020104714790564,0,0.634334995299158,0.27419734313709493,1,0.6888471111661063,0.2703524834822329,0,1.6531228488629093,0.5199293532586647,0,1.426014849050557,0.8141704893666967,1,2.3249976214924715,1.5242263763226493,0,3.356341389939196,1.9209532022419964,0,2.9783232808287243,0.9678127128646773,1,0.7277512142752203,0.2791729692146202,0,0.33766881922754,0.26007300011503626,0,0.7142549793937241,0.3965648462515522,1,0.4238718309402259,0.2601365002415001,0,0.9802547800872329,0.3350517148475027,0,0.7928058686463293,0.3451216163328171,1,1.438540751504109,0.8778238730890772,0,1.1102172498927108,0.612225115346193,0,0.9508461428773763,0.44964532159104986,1,0.45767001165836285,0.26885990474191374,0,0.5282750328550907,0.12346322540729145,0,0.7319221490581148,0.3378222528842467,1,0.40743207830000505,0.20975602057671827,0,0.4959827743075751,0.3388623051870854,0,0.2788059430918192,0.26236377334026634,1,0.37983401432531105,0.216033946682571,0,0.495033385114494,0.32222179932131284,0,0.31870399695582957,0.1613800745051033,1,0.07464104949665658,0.13838944695431177,0,0.19897971450221025,0.05923929885197829,0
129,250,0.9,gb,0.7453719101659642,0.03338224857620603,0.6425352305359382,0.448841416706429,0,1.1233345337306904,1.2590429277048598,1,0.45973395945211726,0.6489579195584924,0,0.5714858761351658,0.8752831289367538,0,0.6886720865888567,1.1061319775738843,1,0.16520315569801172,0.4358875480422628,0,0.4051033327922632,0.9865872234354565,0,1.9445731140431188,1.2704658953718195,1,1.9209946384474506,1.8177481029393583,0,0.16352909356141931,0.14357817880567336,0,0.6192521837227535,0.4714326389360406,1,0.08236582084049035,0.21977338577457067,0,0.12084630185351483,0.23431220275954737,0,0.27503139537716625,0.442455012472138,1,1.5377888559700525,1.127035567523996,0,0.950896348136272,0.9956678549498528,0,0.33996308447546353,0.501085291847193,1,0.15602199718761356,1.2725081829760152,0,1.095710086353331,0.8361939027287653,0,0.7362005227767738,0.3681351590634198,1,0.8194104062833922,0.5888894586460098,0,2.3232835717681137,1.9841207320195144,0,1.920343651185571,1.1875700478564473,1,0.11999791100783615,0.11126225422478876,0,1.2275271936508496,0.9161251526673706,0,1.4771091793869826,1.4290492221760953,1,-0.09513379041582201,0.17227778190538465,0,1.018880987122683,0.47701777409184304,0,1.5180697711738045,1.2520068575092695,1,1.223685443960141,1.1132801425199343,0,0.6119025984639931,0.7668027960325964,0,1.0502026091481933,0.7854151558790153,1,1.122495373890048,0.8767272795416224,0,0.18227571001999315,0.1193589647048238,0,1.0674098984255287,0.6099191504199287,1,0.1210443585385362,0.3325566842844577,0,0.7445473885140418,0.5888941453089237,0,0.27069014944381475,0.5743718871309741,1,0.03240957884121099,0.22090431550447914,0,0.5440227419497392,0.2514985554706586,0,1.1738243968384827,0.85192401110089,1,0.6249157919200317,0.45082310443648427,0,2.737848480851862,1.4892372262285059,0,0.9666297188146155,1.2412107059594775,1,0.23489786285319755,0.19439900131990698,0,1.5083688864472031,1.7303553856572624,0,0.7394361901441296,1.5880106140568715,1,0.1903202443602056,0.2057025547992205,0,0.5691973542970663,0.6663493197453411,0,0.6366528077068236,0.6822521525597901,1,0.14853141728546992,0.26748089896720756,0,1.1453283246322883,1.0004559594404503,0,0.3935234172156691,0.8165539497349397,1,1.67591319151624,1.3463923398411979,0,0.13386508480639026,0.1589526224454582,0,0.6677060352311743,0.6889645909033703,1,0.5172314308551071,0.890512720333555,0,0.7807959953599725,0.5073739910682551,0,5.0287230874621285,2.91963549893357,1,0.3839414455940842,0.17686163981498246,0,0.38344214555756284,0.5182539995711094,0,0.4783710739768086,0.5471499986221073,1,2.8479991757881584,1.3104778981461784,0,0.20450769420761591,0.34160196120561215,0,3.7390725074224576,3.932537894844527,1,0.45304245560555606,0.5448556548572442,0,0.5832327952162727,0.4591788158536346,0,0.7466183466359537,0.8019697852028644,1,0.47745262815735234,0.47530692138339414,0,0.43747229940911936,0.3546080131302889,0,1.7638376164811789,1.174353296668473,1,0.6527360942192912,0.5970534252818952,0,0.9926033931543705,0.47396966644819366,0,0.2338596004561853,0.220599882116996,1,0.5235985913891185,0.5933692843674582,0,2.4201485706647192,1.655303482323383,0,0.7790070997062493,0.7191372383868243,1,1.3022212789566132,0.9644326074589605,0,6.5215455677820415,3.398791714550077,0,2.2721516089186933,1.6132463596745186,1,-0.004341904450700989,0.1791234239395743,0,0.04322231877936497,0.16204909212382637,0,1.2737429656391737,0.881330936456027,1,0.09873761590408492,0.1625818808598726,0,0.3548987487469367,0.6206837198604784,0,1.4809699507250664,0.9394430179088059,1,2.7068522672078346,2.293720322014337,0,0.6089950108692481,0.2704326701494613,0,1.132673885763019,1.7879679347971178,1,0.28189828536950234,0.21103829564085771,0,0.2853373027234313,0.3494657130967089,0,0.7129726531160752,1.2751547354415318,1,0.3824730720351085,0.4460964315148949,0,0.3361839716763937,0.4183232857136867,0,0.5929975180523619,0.9265401060167575,1,0.5199008279554169,0.50333767215193,0,0.4115653878228671,0.3460600907757148,0,0.5167108337677645,0.5120990276707271,1,0.027795527835773846,0.26398859371487027,0,0.23198864002922562,0.33900652768415596,0
129,250,0.9,hgb,0.7983387233119829,0.04327603345926304,0.048996964363114306,0.0502307043265509,0,0.5474824777274464,1.0962821019712956,1,0.2133699944620721,0.2728389045922988,0,0.389208892608383,0.3371393846707002,0,0.4247624583457563,0.8990998400778935,1,0.1043084408813498,0.7870711852596436,0,0.41417192783072104,0.3168368931987328,0,1.3330269137552535,0.6958194272679691,1,0.435588834199098,0.2934246151592656,0,0.2885962865018737,0.5958237509549705,0,1.237858269832305,0.9944178113726917,1,0.028870789418204795,0.1078188531800765,0,0.29520379386141665,0.3683382273215897,0,0.8791117008989178,0.5225557724009403,1,1.0343009784574126,0.5881423421712211,0,1.1226596014597294,0.31369758182103685,0,1.7828083222394764,1.2336752473339077,1,-0.25558761271286096,1.472568834424977,0,0.3739170866986155,0.47072094336765774,0,1.899432826507755,2.2369436214531766,1,1.0807231658850758,0.7617322237038653,0,1.003362495201067,1.2223020594889595,0,1.4657612993552367,1.2407411525512282,1,0.09592813734389255,0.15216846961088593,0,0.3946317586115956,0.22542726502788982,0,1.6188267611698286,0.6402224271850628,1,0.05129122044730662,0.1118843725525683,0,0.6951639922717132,0.7558014541815347,0,0.6885872217288757,0.2607047085121068,1,1.4457486425434274,1.1966948665745434,0,2.070035022370287,1.154648246448523,0,0.6230629713147382,0.4355202308391902,1,0.5845254875336423,0.4938298874973874,0,0.4464831051175584,0.3303680028987363,0,1.0521041538246738,1.0929494912018634,1,0.23475074006810598,0.2316516984620756,0,0.4188445325681487,0.09149691027855993,0,0.5227425056277956,0.8208876503915453,1,0.13932009745011004,0.23860627775951604,0,0.834755044189188,0.7281410279733779,0,1.546043660719737,0.9528510466345206,1,0.6129272154057797,0.6478353483370427,0,1.8329065036499563,0.8025807017933458,0,0.7610808369322357,0.6700442782683657,1,0.5936334889550939,0.5087440747960238,0,1.7749194981213297,2.0162487155543305,0,0.9248550195147388,0.3071754396615248,1,0.08789640533956543,0.09818255447757464,0,0.7331424395553098,0.9511853580578279,0,0.9185680720511584,0.9260205720688679,1,0.5522555519040114,0.6499357662615676,0,1.1873426996802077,0.9027538746273892,0,-0.10507552200108923,1.1741053160946022,1,0.8017719684636253,1.5769563523862649,0,0.7309844382680037,0.6363818028695044,0,0.4427822571765768,0.36090943910361634,1,0.31665712812307467,0.1967723978996396,0,0.3262281833341464,0.6592841607498413,0,4.115273744812221,3.817703745061788,1,0.29717192390707364,0.33812771598402863,0,-0.05284241158556974,0.19987508566644385,0,0.38988832751531444,0.25792341794891555,1,2.268017747751014,0.8512637925994574,0,0.1688732226441168,0.3262896010447787,0,4.148109038703568,3.665383598901929,1,0.8144997089994934,0.8356529682243624,0,0.992780943644959,0.6310864289534824,0,1.4930618626284486,1.0591439291908453,1,0.9892644222664524,1.1656438749596458,0,0.28397258780935386,0.3796073448393773,0,1.9660262370465489,0.6923093247693541,1,0.3974545877114572,0.40122744482635836,0,0.9183014834878793,0.4488374594966768,0,0.7704012640859375,1.0172224503466043,1,0.3491417240416418,0.29157567549869534,0,0.8951568944819449,0.747872050425355,0,1.5006336841066052,0.9924457509747892,1,0.29503524937995296,0.4262416172700571,0,6.295731340968463,5.112417968781005,0,1.889442884864738,0.8505869022768917,1,0.039183000276003785,0.23112245198493467,0,0.045534375236236,0.6497095129515099,0,0.736804196424684,0.48541068592087816,1,0.08418102406140841,0.05523328934763044,0,0.21254036313975835,0.23174627460516584,0,2.3947172476607674,0.600488332105854,1,1.7555483742508122,1.2615452943134629,0,0.4891311456595796,0.17442765567970692,0,2.1014245825458913,1.957051280566695,1,0.055864738585697425,0.5237950218624611,0,0.21484925842040906,0.15164609670208415,0,1.1197532860948125,0.997007036458638,1,0.43973908228599196,0.3383161061093666,0,1.0473190233621572,0.9688361837600017,0,0.8478548780653888,0.6290199009862242,1,0.21988047765517207,0.15066905335208008,0,0.43501335771748073,0.33184437720589655,0,0.8095013211080925,0.5834291623284518,1,0.2011370091541184,0.24201414088937448,0,0.4094487816477123,0.6144675058500016,0
129,250,0.9,ab,0.6517014039827628,0.028028130966993192,0.49755547323777777,0.9216953564879924,0,0.5987680266115218,0.7164484256062171,1,-0.05335003995029641,0.33465047693324346,0,0.4561265907763916,1.0204300271326427,0,1.012164387525604,1.9633045494122703,1,-0.00756680199289778,0.04671468917246183,0,-0.22485906399990613,0.7423586767591306,0,1.69734491782923,0.6414918244638573,1,1.2168934087054504,0.7776583319012522,0,0.5594037136808195,0.5188699362984955,0,0.9016895801334227,1.1521544153699226,1,-0.04426505386053123,0.12212162625834884,0,0.42543938091001865,0.6575177587802238,0,0.6598122558511529,0.7052132718914936,1,0.16100237611651885,0.48782527502466067,0,0.22863740829229812,0.7195973625497938,0,0.22846326530889968,0.49257241035581245,1,0.22423202604331743,0.5718568609146034,0,0.19989194609047498,0.2629778150612267,0,0.2976810355246493,0.28685292754289243,1,0.9868527344956639,0.9179634840143025,0,2.4545641115244115,1.2827033564643882,0,1.770305495144229,1.4450189998035836,1,0.1410080865818854,0.11069549956344522,0,0.9395158691578056,0.453698161733741,0,1.3660600278441697,1.0261449762425396,1,0.2673622199410099,0.32912769219328053,0,0.6125101736349631,0.29060751266465135,0,0.8590400690069199,1.0799552126838077,1,0.8950736008630585,0.445600645477221,0,1.3931117338450383,1.7222659041936943,0,0.6476164641973298,0.5499979925061493,1,0.2915639294867394,0.34724818720335643,0,0.19559216403223928,0.45049544761702953,0,1.883583152328016,2.4647281803492396,1,0.13014456876187613,0.4218266465882717,0,0.8776083040693748,0.22665445094886238,0,0.6075205634840627,0.5036824205345376,1,0.14097844022979805,0.12814790330382603,0,1.422693810680217,0.8393674107506766,0,0.5536467855229704,0.23960994367692406,1,0.7837857450499689,1.1598350255520327,0,1.3244858647406446,0.8006014947988181,0,1.7120677478545197,1.0915440586570175,1,2.4322920841347235,1.539453353375955,0,1.3620971022164032,0.7717277851442013,0,0.7519495653578601,0.7906193946985857,1,0.22895902406327187,0.40229601173402463,0,0.6511865852985389,0.8939081558504222,0,0.3667655716392147,0.36881755470424554,1,0.38035511101936137,0.39133234176627557,0,2.0446470805616483,1.2810042476690977,0,0.26849862241765304,0.8106989082318511,1,0.7213943044433598,0.8081936373525354,0,0.8232321666517439,1.108909047311683,0,0.9978088941293588,0.43861026881146226,1,1.256923906972763,0.7689531069418801,0,0.5365171876544605,0.3093184597464091,0,1.5422892070958585,0.6138288779937684,1,1.0286460386474672,0.8766916796136011,0,0.19418348368291385,0.2497555133971464,0,0.6015516471025484,0.9332118636442213,1,4.737610863814809,1.3213431830297082,0,0.4339739927199484,0.3542738430290232,0,1.9452932096054831,1.5069001243890494,1,0.0858647532402566,0.2553508260434304,0,1.6196906872970112,2.282609332766469,0,1.0033500795309345,1.4728685878146952,1,1.4032231587029642,1.0260665987209097,0,0.43436924831379475,0.561568743650457,0,0.5726481711444775,0.7965424331187987,1,0.10021799177013398,0.7454582650151244,0,0.408616704402348,0.32990746063717974,0,0.4048576091460469,0.5371999211598126,1,0.2564141422379137,0.5375415961863901,0,3.2102134661147055,2.590060052922829,0,1.3493145537633182,1.2352203825221173,1,0.8756574225150968,1.2184144425472019,0,4.186845988572706,1.8369944966905638,0,1.3831187235390976,0.7216840160078362,1,0.6320014740881627,0.3246796164685869,0,0.12751327180508748,0.5490093430534048,0,0.4881120960844342,0.38362777493252154,1,0.19397901809276835,0.1647803155464057,0,1.179356509115642,0.8011475861128411,0,0.8727793043917222,0.5276979865242,1,1.009941848871295,0.32682613849718933,0,0.3182357694528799,0.5519283492168798,0,1.7705694695421907,1.4158694544061412,1,0.3649487373717696,0.6722664577430235,0,0.09787177779360288,0.06485139102134174,0,0.4360034651916762,0.3427050866535694,1,0.7678202509266036,0.6140168114784728,0,0.10068736248093091,0.14323932870925876,0,0.5355155831267131,0.4838136163813846,1,0.08412626593867435,0.17589042304799007,0,0.5100634785312658,0.2296442886397176,0,0.640637483057472,0.2745908985822709,1,0.14575513075948573,0.20617130873659187,0,0.34673184342710534,0.4309245793268431,0
129,250,0.9,bag,0.6376700455488566,0.06477206432551129,0.5962786532152466,0.7773450663570577,0,1.0031385892540703,1.0758691220080487,1,0.3899109030619437,0.488392003066039,0,0.21440174020850206,0.17752023306438192,0,0.669972392647401,0.4810729589762296,1,0.44673479504207964,0.8673080486594797,0,0.4593474289242071,0.5473175062021528,0,0.5753103399265183,1.6345530136844177,1,1.818894836844676,0.9777455441996485,0,0.27925474511507964,0.2059626272615687,0,0.10592180659594161,0.788719356754086,1,-0.15229074156695505,0.18229656827806784,0,0.9008405979022263,1.0243608719260513,0,0.18843644537335624,0.4665468469562942,1,0.06768545267876462,0.4602609488456314,0,0.416320070190434,0.536221793601822,0,-0.38539032735368345,0.7411281919524532,1,0.34773849341040186,1.7151827728013893,0,0.9041670515760272,1.3633683950454478,0,0.32652983598651614,1.5053432897449173,1,0.5171617140535087,0.6645747448129021,0,1.6288979753530413,1.805555219324274,0,1.5977308753313484,1.5727323630589836,1,0.8323651769493111,1.8621011967299645,0,2.172803364544061,1.1139222088501524,0,2.480023269718241,2.806975422222471,1,1.512524220102446,1.18388514884943,0,0.9920392397800637,1.225150947141535,0,2.926494546665644,3.574521132702836,1,0.5762756135547068,0.880459472721358,0,-0.01791090088292372,0.15096053648689936,0,0.5062690130152976,1.1430713850822662,1,0.9634624323363035,1.133613480903962,0,0.3312814660340079,0.6896800595331599,0,1.6164692628151507,1.0641473329069213,1,0.359183112475722,0.25092973435240085,0,0.35300970244053387,0.5689598581614191,0,0.3184843677771029,0.5163586209045508,1,-0.06565411154389901,0.15803009025726367,0,2.006797412075746,1.0332676294264693,0,1.2782054230232014,1.460437111091809,1,0.9638658023013189,1.0400074791188494,0,2.2196322701992233,1.8549088470311532,0,1.201968720073685,0.9802429745379525,1,1.0617520315147921,1.729003882240771,0,1.189953687618916,2.2929021098654543,0,1.2971329730015553,1.3016111004495174,1,0.40183909256241035,0.3989640940901371,0,0.17773721584046936,0.42591464088146874,0,0.400376365752898,1.057841481112597,1,0.7069609760482527,1.2553444178456763,0,3.2367712667399773,3.9878456893302037,0,2.1163859260881357,3.577142618867437,1,0.6816516826340863,0.6863200210868562,0,0.6806188741287696,0.7540066188898226,0,0.5214091486810842,0.8753009581566161,1,1.3911056660361527,0.8482345148323241,0,0.7318370402343927,0.8234300754676179,0,2.810310151357983,3.5029155579400784,1,1.0460958284508426,0.7744063040806998,0,0.3211052617856468,0.6344713998260063,0,0.9109484091565732,0.9321961874049732,1,2.257516348038573,1.6526712401643524,0,0.5340603096358543,1.0696168716729095,0,2.892023986474123,3.7088234952127195,1,0.4380602555018632,1.1190529886193477,0,1.614601549496287,2.1482567796603362,0,0.6363579944558205,0.9253800574601265,1,0.5456970870270802,2.208350311779998,0,0.11869047680511377,0.582857208626313,0,0.5921869168127335,1.264522396373207,1,0.3052081500431386,0.5426411850413055,0,1.3318436074341604,1.661540208964282,0,0.3252360178428638,0.9646288051643135,1,1.3571114838315874,1.7036451585354113,0,2.625078771244447,2.0105632654638597,0,2.0330947029435684,1.7810468627439473,1,2.6188035283389013,1.3968607697564246,0,1.6881513116754991,1.1844489439491772,0,2.3141229994347436,1.9229056739928307,1,-0.022996777470287173,0.9503866612226243,0,0.005091217161001399,0.14739469796217797,0,2.2205177047372784,2.6251576714797933,1,0.5570158969214072,0.3352268648809883,0,0.3213708491618749,0.5593347962998615,0,1.2950508452100056,1.5143771577900902,1,2.118403917962265,2.451141374615003,0,1.0158493661292207,1.286185092792825,0,0.9934970631705727,1.5165248864180503,1,0.2538562511618959,0.6107628732316317,0,0.33257678327546786,0.2664045757520477,0,1.6582250126313318,1.3961562968665922,1,0.233635161232648,0.7399703957707208,0,-0.15613317456543632,0.9741656249611504,0,0.22448538569459187,0.4687614023323477,1,0.06350710182210899,0.5293339814307336,0,0.3897587846406906,0.5441821007981004,0,0.21546675369668883,0.19774790421734031,1,-0.15063268874032318,0.25524505211040127,0,0.6381306365058454,0.5289162216480077,0
129,250,0.9,mlp,0.9803621484981917,0.00524113597303513,5.635306287780639e-05,0.05479387058650167,0,0.2925992458472965,0.28527622790057255,1,-0.012343856451907434,0.15233004226244448,0,0.15896729421066175,0.35046145030533205,0,0.5916990530663011,0.4216591261042882,1,0.011491597751503355,0.07973431467637403,0,0.0048059616010754005,0.0630511270806763,0,0.4455728634519861,0.3377594623022808,1,0.2366254137029546,0.3283926637467146,0,0.011760418094824653,0.04370474976407343,0,0.8419530483705071,0.47659174725124315,1,0.01220810583545098,0.09204377168126397,0,0.19203569363750536,0.3022487851920528,0,0.5240840053755389,0.331947116411498,1,0.03029590742374009,0.1537952011602623,0,0.3749255299032911,0.28655077733414247,0,0.39916820208547615,0.22825381824345167,1,0.08432909208753717,0.07427027769546374,0,0.07200709784260374,0.09818983256885522,0,0.4429132797643239,0.23411661535585387,1,0.08209999246405857,0.15315568215051806,0,0.04688171665662943,0.09729200978711003,0,0.5989209276703548,0.3608863320688085,1,0.09252222285525895,0.11494614062088918,0,0.01980015308982145,0.08833925075083068,0,1.3789175846349686,0.7574582484604948,1,-0.029929920986689663,0.04446778422402323,0,0.17654379739479603,0.2172636211057928,0,0.852980090705001,0.49402012160896525,1,0.009245147175519604,0.11771164654576068,0,0.00199578032705738,0.05146898034901165,0,1.9915929018518859,0.9733937624163137,1,0.04778015767359663,0.07256986407057138,0,0.028746799908906117,0.05135753238242926,0,1.145162760848147,0.5238506562852471,1,0.08328809132466877,0.11967837387718144,0,0.005056719497278278,0.20340674587835317,0,0.5655883092099524,0.4522029865525149,1,0.04151717000968994,0.17209462975858497,0,-0.07989095861963594,0.13899166363868862,0,0.1993271395866459,0.3486800137352034,1,-0.026301095235878764,0.12053613753607301,0,0.3023869864057637,0.3083019594403612,0,0.5241342314312049,0.30624827205926347,1,0.0049585472707908305,0.05159819382240804,0,0.27639255992906403,0.2529954775880091,0,0.34323774365839865,0.38966827477674415,1,-0.06344068341742855,0.1999115383727899,0,0.007069505975577056,0.1643876963606685,0,0.3586637081211518,0.3187943974635385,1,-0.053264110358697894,0.06776688010207269,0,0.06728019643177816,0.09275985166414787,0,0.7935055205998081,0.18601138665085898,1,0.07125342094332185,0.0863746247351399,0,0.12763573160867123,0.13311416264086182,0,0.4023105206167855,0.18907870501923763,1,0.1308345510760139,0.11297568231540818,0,0.06557890314822436,0.09702532698070968,0,0.5922549328285902,0.3206103023365468,1,0.07820362094484994,0.1370502336454306,0,0.08755207100885963,0.16906382009932028,0,0.22399632915598805,0.1294504239717561,1,0.20046040080077104,0.12416624236611014,0,0.12785323292053075,0.14725288208555118,0,0.5897011483983501,0.30283504531698574,1,0.27934211547795357,0.17389068883503517,0,0.03815582706967693,0.037794148103711594,0,0.32595508980481264,0.16822560825251315,1,0.11957022869452269,0.1506053609838341,0,0.21220714279552041,0.2464912439662888,0,0.8174505555228176,0.4388616194181041,1,0.39873864592667096,0.36535279883440713,0,0.06474665055174371,0.1114109534108335,0,0.28026098438222047,0.3440540916084261,1,0.15249131805158264,0.2239332421678313,0,0.12678840965611732,0.2335752238425114,0,0.3490850862471878,0.327416289695058,1,-0.04113902091100121,0.08575060607363313,0,0.29944732691200054,0.2746654381245816,0,0.6336763658468035,0.3807156713159644,1,0.03626499860441126,0.09482380173320924,0,0.38185588756459665,0.2595639653287081,0,0.6561130798451884,0.3181643003120052,1,0.10305523472471383,0.11630291063322996,0,0.06711384508439698,0.12329828961854554,0,1.2565261151485014,0.410406903583925,1,0.15692970203427897,0.11885279694334708,0,0.10254487393797873,0.17490121164018366,0,1.1041288278653831,0.32022208354180326,1,0.08258592133015805,0.07095286509779465,0,0.12499905336571149,0.048903300761435266,0,0.5007437879285396,0.21290445466188507,1,0.4827792664690331,0.11356001391633003,0,0.1567032424441323,0.13404700934192765,0,0.9532252049812537,0.17051599813372964,1,0.13228390635186538,0.13035078262103764,0,0.047998409618299806,0.08775641456325652,0,0.43690464823147135,0.3328214359787464,1,0.11709785084078969,0.1856256117267261,0,0.10090513410917609,0.18467518395657148,0
129,250,0.9,svr,0.6469787570805592,0.06463928145834853,0.6071309814486168,0.1163047345309829,0,0.6427286587139902,0.1494740943822819,1,0.5314394252100276,0.1453416337713133,0,0.4980890494836928,0.14106053398976784,0,0.7002298533883948,0.28000501728308513,1,0.4529665886344033,0.27273194251482197,0,0.6435970584981151,0.23748276150461786,0,0.9539859586665301,0.18668230492872465,1,0.7656089311457528,0.10304622318067262,0,0.7175435825685696,0.18342945255700668,0,0.7974035387370357,0.21339504486416028,1,0.6023954621644118,0.14820988335207097,0,0.5339248987489748,0.22773290315465336,0,0.6857195335308013,0.3049003553520395,1,0.5221064612052602,0.2223420658366056,0,0.62695711372598,0.34173094830084483,0,0.5065580115125436,0.2581315510463829,1,0.5255110428075562,0.28291660692452936,0,0.7779144376468003,0.36909997855202686,0,0.8397049186366738,0.2904831643290829,1,0.8786947541683542,0.22052499448836937,0,1.2031271911916304,0.3263724443747914,0,1.1816641521637994,0.22937381747804733,1,1.265229846362746,0.3158088463795942,0,1.4496271772631786,0.250546730777505,0,1.2948841749036029,0.3000905891544519,1,0.8192618323847685,0.26191381231453353,0,0.8416854237144588,0.18497945781938882,0,1.051138418380375,0.23665347998837305,1,0.8215526612350594,0.19263383960148292,0,0.6198100395165728,0.08354814344091412,0,0.5949778765884975,0.07967041722458709,1,0.5285447417932311,0.1725849404578516,0,0.5803510953508978,0.1454576339338509,0,0.7449457503031501,0.21027386917292115,1,0.5867367305171604,0.21532184817942657,0,0.6748665471047711,0.1725378543440659,0,0.8261806504073126,0.1554325018036264,1,0.7066532853994751,0.0944910536735438,0,0.8206101740589634,0.10248401169569023,0,0.9220180436898451,0.12673411031299414,1,0.8648856914622025,0.12903381441171585,0,1.0953646454688895,0.15380302041448876,0,1.2248289398726557,0.2969276950025237,1,1.1143274792162892,0.2011855381589552,0,0.9524686561720681,0.1348859803571221,0,0.9054109735988419,0.11676966310105556,1,0.7824485912993551,0.09414422639372914,0,0.638928079730771,0.11589977414499918,0,0.6851768333061801,0.17181995574153144,1,0.5717456570540016,0.06113474137288362,0,0.9353852111829516,0.09933960447733046,0,0.8927272042656259,0.07988475184937847,1,0.8283174275437839,0.09719014001881554,0,0.7958459245526154,0.21514608858622522,0,1.1786724003393898,0.31861685167306397,1,0.754645999831413,0.17137971563220697,0,0.7530218404223634,0.13809079574584449,0,1.0088472002058548,0.21918707143036822,1,0.9678968758537507,0.16908316038176446,0,0.7870048583566596,0.07994626804300382,0,0.9893361767759117,0.14837447594277495,1,1.3013068653430662,0.2448826091053861,0,0.9505699236390205,0.3529722649101471,0,1.0765464977047312,0.28516169180506323,1,0.9914042193129731,0.2907756983424985,0,0.9043442444330129,0.25975261138076894,0,1.1579273076119163,0.3296695643752146,1,0.902418861022929,0.2914588764093403,0,0.8697186127652332,0.14550215504808942,0,1.0740145632693996,0.05873863485584595,1,0.9709417000346903,0.0998743110187909,0,1.0938030136181927,0.21206292293786794,0,1.1684336411660858,0.22295566990815613,1,1.0365877345365833,0.21813308189603264,0,1.0516582536951864,0.27234839992437077,0,0.9556779291970672,0.2058874454931976,1,1.1677248471825092,0.29314967156353205,0,1.1929942264517333,0.27835696460891424,0,1.2586441836122073,0.25831510957976445,1,1.068255288928085,0.3877665775031227,0,0.9504922780928402,0.28838677221646236,0,1.0912636237935724,0.2740839271775482,1,0.8533433479769956,0.2124734894492089,0,0.8415083645373997,0.20810446684237316,0,0.919756230653842,0.21817617567443057,1,0.96343027840438,0.2234072343823723,0,0.8947996142811409,0.33223632510852696,0,0.9804536540799405,0.34848851833502426,1,0.7348610545417873,0.287084165378554,0,0.49429277840305713,0.1376027999553686,0,0.8051556435966137,0.20070502007202737,1,0.7837418500976737,0.12166465277636251,0,0.8671662162487863,0.19478642719712674,0,0.9309751657851711,0.21629273862865597,1,0.6084294749543889,0.08990533437829228,0,0.5473563490887479,0.09144781387820111,0,0.5475364444084935,0.1265583051803802,1,0.2551109104960907,0.11258990796668461,0,0.288407885822126,0.14856505415830124,0
129,250,0.9,knn,0.8573600354308256,0.03546078654780918,0.446261927249441,0.8971643370254514,0,0.45386561436995637,0.7980565778624376,1,0.48570429643421364,0.8458551321337731,0,0.4353231104355736,1.077259205028704,0,0.6016160921386612,0.7718265392925323,1,-0.006091619937794346,1.4757803564015484,0,0.29608432714918953,1.1625380883108474,0,0.24622984873884915,1.0369337085986317,1,-0.04649490448299991,1.0439766518095317,0,0.17146433137600403,0.5085878855551466,0,0.1603835501276965,0.45711711893994095,1,0.011318764262830447,0.5650044864373762,0,0.2269208535109656,1.1430912390140702,0,0.22438810106338583,1.0851903373918985,1,0.49474098070620115,1.2787830160081868,0,0.12803547380109412,1.5660521754189802,0,-0.12657569823095452,1.5577996028451564,1,-0.6197995425041815,1.914392003794985,0,0.13296241710170528,2.090537294390705,0,0.6806739570423612,1.1818952514993442,1,0.4446814493379252,1.1266293612722604,0,1.8097380517592256,0.8468716400900458,0,1.2194308022963085,0.4694449952908155,1,0.4799370945749737,0.8610043119696136,0,0.7688624763507923,0.8260379890372556,0,1.2183817457888817,0.7682085613467108,1,0.4277295575223411,0.6656745414955392,0,0.5150497263044771,0.7686881462176025,0,0.6775572868628865,0.8517309834540453,1,0.44181709799208,1.0847487007836898,0,0.01400545805245823,1.369117282354733,0,0.5579374748244337,1.0368312425125712,1,0.8801315062813988,0.560834966756874,0,-0.1364460701424181,0.7837637104886707,0,0.4353639943518807,0.863045967482917,1,0.1747142238437675,0.7387430158904941,0,0.08140651631372482,0.8381396159945603,0,0.7727462452626607,0.582781334790696,1,0.9785432541345589,0.4968566045444837,0,1.0745495432108707,0.5446596809335238,0,1.198187755795006,0.5633302879084789,1,0.5648559506163144,0.6675680264833713,0,0.6409116075964768,0.3432028106618238,0,0.9657667362524499,0.9281599481483982,1,0.6616040647881065,0.8269321967979877,0,0.08677416094485622,0.39025359812142535,0,0.8850053693859181,0.644877259350813,1,0.39217421092906846,0.7732305353664036,0,0.49322212266274185,0.6999170891491716,0,0.8471534834160824,0.6802116364930182,1,0.5502531097846571,0.9825996909503,0,0.42905390934210913,1.4764680404206638,0,-0.027698300725117475,1.0464651341896105,1,0.586855151720054,0.7610501136197656,0,0.7991413995180433,0.6662940897024715,0,1.3951494387525405,1.070097323950447,1,1.1022868013040832,0.5012773082868371,0,0.8355693927499555,0.5159402841049712,0,1.0196066323480686,0.5718733136352009,1,1.3553365287956824,0.940733467867841,0,1.2041526261839686,0.5815762166677477,0,1.2626242611346146,0.8570444759691109,1,1.0286018685714118,0.8535165551423842,0,0.9879011278883233,0.6563317251386636,0,0.45044202592421545,0.8375295004031953,1,0.16327310863710737,1.017544871671525,0,-0.3900278427248235,1.6922254998093424,0,0.32710802225796554,1.2776279147728073,1,0.6496432745084457,1.4148357667981115,0,0.3119264069602293,1.0105216222727076,0,0.29030942451069036,1.1707367592260984,1,0.2431364244403987,1.257934753278926,0,-0.016485912544326676,0.790170057314031,0,-0.20245138478551264,1.2257247170563528,1,0.48156075733492265,0.5640777291394257,0,0.06211051459842816,0.781166571079337,0,0.6980507579234574,0.6694116157635408,1,0.5343100262087762,1.452166472557763,0,0.41334919472876486,1.6039247015247888,0,0.10357756682753556,0.3275111713752234,1,-0.12341300423177588,0.5952358796116268,0,0.21936311824720361,0.42852702062803094,0,1.560891685768611,0.8638208365096047,1,0.6605296908844284,0.6480161813126991,0,0.6017554419363025,0.9671521871771214,0,0.8211371738948404,0.4777769394044317,1,0.930103699416024,0.6829357514249185,0,0.4363450578548532,0.8508313376534218,0,0.6766868449594217,1.5718436225754888,1,0.3071142028241702,1.347130881055774,0,-0.040169055150004136,1.007833513236143,0,0.39132060433331856,0.9161638978297373,1,0.7149145408308574,0.7774690308932444,0,1.2190295922381094,0.7709260768230861,0,0.602735158228709,0.647657621367764,1,0.6864149345653703,0.34911251476180805,0,0.5868647724795021,0.29223761182424984,0,1.1814413890397766,0.862174861789905,1,0.6186669758010808,0.9657038796567528,0,0.25755349016651224,0.48432033854424156,0
129,250,0.9,SuperLearner,0.9870094523546864,0.004279091910324113,0.009880960341976582,0.025329085448311407,0,0.46890469185104466,0.47049621228985417,1,0.00978377106754726,0.0902963478009881,0,0.21734710840203447,0.23539452125692098,0,1.5339296491525771,0.2523256098598479,1,0.04662123426021163,0.04936288133614011,0,0.030562196851775126,0.06080873056952224,0,1.2644860855337607,0.7820430804939015,1,0.06783109278910968,0.16110685556612314,0,0.07436688024797448,0.12528252055276973,0,2.042030459163131,1.2113095516124228,1,0.06298867662568776,0.08368678783542392,0,0.15457458333540477,0.23225459067732376,0,0.9606585876591722,0.4849651724772276,1,0.07394124407972667,0.1190910988277345,0,0.31418379545739844,0.41507713149604974,0,0.5208928926541861,0.2643567262485696,1,0.09095108871915761,0.07983049785425161,0,0.030642804610795122,0.041926385828076486,0,1.3268196272334674,0.6669731172659304,1,0.015229798466908393,0.1065180412902917,0,0.010211928284837931,0.05781367476947502,0,0.9825764040513297,0.3857762534035182,1,0.06826473144027209,0.08266705511525624,0,-0.01882182869771521,0.04747585886887164,0,2.9586139416743036,2.1231127388833464,1,0.046751120991231424,0.07960812207098111,0,0.057901926357524836,0.17615337910024784,0,1.548004953717713,0.6344429041575766,1,0.0262155784010539,0.10450679024939874,0,0.08215930761296422,0.11299160056169325,0,3.387857287160957,1.0293329218366187,1,0.04594241795178773,0.07684066388516406,0,0.015334322166425699,0.03140134506685553,0,1.7115453392120952,0.8487075108332031,1,0.0418847024146214,0.08311301245257392,0,0.021992487247606916,0.09378508517938908,0,1.31218880252821,0.6711209345700779,1,0.06928729619581805,0.10896341629305016,0,0.012149277670816755,0.13331097320845436,0,1.312398651661691,0.433443782503623,1,0.07990655557035606,0.17174475339089199,0,0.05062569277746561,0.07833073001171996,0,1.7845090705498792,0.6496383534644214,1,0.1712219114641908,0.12814130622709086,0,0.07090704928747935,0.1349437501031733,0,0.8288831461116078,0.12451995209284758,1,0.031408995542403506,0.1671409302407702,0,-0.036707998576017684,0.06630992301627653,0,1.0474329311290702,0.4148114696196791,1,0.25058702732027793,0.1784895308371671,0,0.14762937234033538,0.12896557784387824,0,1.0307529804006645,0.16611630455975993,1,0.3667498619404378,0.3438499646166838,0,0.06910167509802186,0.05950368719057177,0,1.4601631362242933,0.48030115549075514,1,0.05191595274523586,0.0944639381391342,0,0.05793087339773495,0.04564152679470426,0,1.2827181678683977,0.7888853765173304,1,0.035255669226543405,0.07009255530985212,0,0.12541034915395458,0.11815424898587706,0,0.5397607432575361,0.391133018896639,1,0.25888531711113716,0.10227843517709065,0,-0.014232499892234735,0.06925107381911366,0,0.5232252423835984,0.28750192195362084,1,0.16177249652378395,0.1565589218509597,0,-0.009304853279679254,0.05174216697797296,0,1.3184007072190114,0.5688461573337612,1,-0.00689401257061568,0.030516681818447182,0,0.05040507812106575,0.12298219316847452,0,2.072153945971181,0.8612937233077327,1,0.051827240547754096,0.11358338654404339,0,0.029953394367865354,0.08838233141971616,0,0.8917543022779058,0.419586279812698,1,-0.004431291860712015,0.08079466847974269,0,0.04569165294182602,0.09381075088454975,0,1.0194229832493982,0.6839149358437153,1,0.18466012256155867,0.15233082517024668,0,0.39013050226975976,0.20904681860166738,0,1.0887823076747734,0.5781105304211523,1,0.06595700311380556,0.14139126690352924,0,0.04400882640104625,0.057471212258170194,0,2.050591498479932,0.7357425614100296,1,0.04879922239411673,0.05020306018937127,0,0.08349252144313983,0.08766070567616856,0,1.9014434655388424,0.8380658021503218,1,0.062228421461721084,0.08703352223470749,0,0.007152320098721081,0.03093251788471815,0,2.09289244013274,0.8435958050873316,1,0.01910227640290125,0.036650911070911854,0,0.10765634488583169,0.08012816831795527,0,0.5960759588465636,0.20558525801227165,1,0.6523361858092865,0.16985121629097114,0,0.15146700734829185,0.16792559738710605,0,1.5412796105650581,0.7224492177124051,1,0.13048611732017737,0.16921567812688956,0,0.09775803957261826,0.11148117184817065,0,1.6649011626722583,0.5463626736505617,1,0.13804909430754422,0.11358864867008926,0,0.049966507247320845,0.09704934993244552,0
129,500,0.9,lr,0.9920362470837147,0.0007724362048935811,0.006425439749589465,0.010545594653063652,0,1.3318722995836128,0.12906652939211094,1,0.022677567356564232,0.007436504263985153,0,0.006812906511268912,0.006319464238731139,0,1.8147093546702866,0.3113604211786756,1,0.03443144922335086,0.034397792659025817,0,0.011280739364243477,0.010672520888928031,0,1.7928821914142798,0.31294431983156706,1,0.033461177642804193,0.025919456027223783,0,0.2633598208023131,0.09803102368817306,0,3.1719039056275227,0.3242501887350296,1,0.0367205594930591,0.05544423541053613,0,0.025321955154799868,0.02130165410302406,0,2.537610440012353,0.5841643970730913,1,0.10674291982667569,0.021120271638689146,0,0.011398753656512769,0.01987051397849572,0,1.4346703911583147,0.32937473014704993,1,0.022159741764039072,0.040698103302667904,0,0.051725754234252054,0.04888107026236668,0,1.6139701216857518,0.16896936672867152,1,0.2261639151014513,0.08651939888412623,0,0.22623927587339426,0.0499660198455062,0,2.763099494001988,0.3387026757897179,1,0.06294984701550055,0.04900612046756024,0,0.023934283211265683,0.014276183299610874,0,1.6789861345135813,0.18128846975027785,1,0.003745748345917745,0.00712873822683282,0,0.22176534280907406,0.0846043953674994,0,0.6564454237754311,0.30406451758885517,1,0.06727152083870024,0.05746395127035074,0,0.10302996944594674,0.1301514362816168,0,1.15975238540237,0.21327846888948263,1,0.002560086134326782,0.007522398470455112,0,0.03491911954774727,0.04191257061638807,0,2.6760767945898962,0.597508601663764,1,0.0631840606976601,0.03573204647004308,0,0.0546527384648801,0.03562804927318128,0,2.1114740141169683,0.7310444244436375,1,0.06500392171425941,0.06629962324041604,0,0.2458483025834354,0.21461377131338505,0,0.5707605142670795,0.24766978258696323,1,0.4432610843389514,0.18310374775383986,0,0.0012204594163739203,0.01667273487048372,0,1.239814899445982,0.5847294464417702,1,0.07385892675814956,0.04765372633414806,0,0.0605572909110895,0.05293228534064841,0,2.084555626786502,0.43322325326359895,1,0.022796357568130657,0.026739683713514033,0,0.09234513440235444,0.1019308175311609,0,1.083397793346783,0.14079039556899275,1,0.05679878264351188,0.06677624354352912,0,0.030641946534018867,0.059260661204211244,0,1.7044135093263997,0.6873890974499853,1,0.03610672880982737,0.05184653185455937,0,0.11725935975767884,0.09697743811332239,0,2.348060723488475,0.5664324608969327,1,0.0715850173438908,0.06993073705955112,0,0.22667921963074286,0.16686683758691415,0,2.3690762079734116,0.6752684764198978,1,0.09758213677018837,0.12896538374752156,0,0.023135220498308483,0.03570228865173697,0,1.581690202013797,0.5423127009075552,1,0.02401090254383937,0.027890588942881954,0,-0.02082154874915812,0.0280997271542228,0,0.9758771510779418,0.313374966318574,1,0.3045661784336184,0.14249413759100865,0,0.07161596829254757,0.049391439092595676,0,1.5910533195799634,0.335217363017873,1,0.03881837936521716,0.02645875604551312,0,0.05113914663870965,0.052035252112585105,0,1.9128621611395935,0.21374895926112794,1,0.160347842617659,0.1036442920111865,0,0.0733993949751904,0.05584557518546811,0,2.4519358716411603,0.4188229333076129,1,0.05794390410200896,0.05296553538585501,0,-0.00603709911657416,0.015259976799948087,0,1.3491454995928802,0.2968119635481843,1,0.11614862976435554,0.06297519880365313,0,0.017219678688613675,0.028086517879224632,0,1.5841759520629863,0.23086244121948407,1,0.009257992996152925,0.006677437768020258,0,0.02972935748587032,0.04549678934680519,0,2.385146744373376,0.3637917224336311,1,0.04018620068404506,0.04017503811965981,0,0.16961755383995183,0.13455341501170942,0,4.917782252568429,1.1417740629638873,1,0.38411294097117676,0.11425993440972129,0,0.030857981417097013,0.036792831583496756,0,2.350760575006009,0.77272714838534,1,-0.000534754471910675,0.028693673806924523,0,0.08786141587083887,0.04923879774966071,0,2.302261741346716,0.5711888293254979,1,0.0025338655109798667,0.019414874743068914,0,0.0257718490827948,0.034217024972940366,0,1.920622498453089,0.5787582513942617,1,0.03014839626098534,0.049681530891848874,0,0.00739636588692036,0.013387212473223966,0,3.2824673610418884,0.6846805553310635,1,0.08194194616404198,0.07014844137164265,0,0.029123460534428415,0.024194307465459357,0
129,500,0.9,lasso,0.9444377048044025,0.007832883593503957,0.0,0.0,0,0.5792881083557443,0.3095525295302255,1,0.0,0.0,0,0.0,0.0,0,2.5856233316872483,0.4515783131115938,1,0.05150404568354141,0.10300809136708282,0,0.01179437985602081,0.02358875971204162,0,2.992696425367279,0.47570174146329613,1,0.21519893393758993,0.30780554061793175,0,0.0,0.0,0,2.7145276863492986,0.4663528273848164,1,0.0,0.0,0,0.06988789153355475,0.1397757830671095,0,2.78205744660547,0.8613839968275357,1,0.0,0.0,0,1.731289447215784,0.7187653300689557,0,0.4144587963191297,0.5887326985305735,1,0.0,0.0,0,0.8625551772874193,0.5038284758998568,0,3.288509014921499,0.687876027112068,1,0.04139726745630956,0.08279453491261912,0,0.0,0.0,0,1.9411429620202507,0.7214960739274802,1,0.0,0.0,0,0.6575930112464342,1.170331676490669,0,5.335658969373005,1.2523423146942636,1,0.0,0.0,0,0.18082129630229016,0.24250958025028188,0,2.532007452742581,0.975459403619258,1,0.09533366786370137,0.19066733572740274,0,0.0,0.0,0,1.0629858128386505,0.28246933914987893,1,0.020601237580572276,0.04120247516114455,0,0.9779230395992521,0.2495780296387852,0,3.470179555004333,1.2255083997186471,1,0.0,0.0,0,0.0,0.0,0,2.2514748395595516,0.5624795017781068,1,0.0,0.0,0,0.0,0.0,0,1.4024577576402844,0.6279200062541908,1,1.1949708227566704,0.5389861070573403,0,0.04098060225703874,0.08196120451407748,0,2.759580618020249,1.5600881079550455,1,1.3898884172519317,0.8307802445547157,0,0.02187728486587385,0.0437545697317477,0,1.9291068582467912,0.42780848909874836,1,0.06053603105806625,0.0876213528746144,0,0.0,0.0,0,0.7774657958169545,0.5217868351469073,1,0.4144106987873439,0.468970893696681,0,1.2320306415290474,1.0296768431318364,0,1.2078832722674016,0.8799118231590811,1,1.0848514545305425,0.5978674572516947,0,0.549201368199273,0.42673384457617025,0,1.8809993448028066,0.6560682520290126,1,0.17713219989521317,0.2169430445930536,0,0.0,0.0,0,2.3247427568316246,1.1840741360774634,1,0.8141986933181645,0.697111434855694,0,0.8019747357644723,0.6236156105477754,0,1.0713958030881672,0.5808113570443886,1,0.6351458505506533,0.5145803467145378,0,0.0,0.0,0,4.257802998898224,1.174143874106998,1,0.0,0.0,0,0.0,0.0,0,1.7710018952487552,0.5834819801486328,1,0.5535337808150163,0.49778788532937557,0,0.0,0.0,0,1.4588378997814433,0.3881281972240407,1,0.0,0.0,0,1.8945263266291488,0.9113973571780614,0,1.4752924113036185,0.5562079535680875,1,0.2787610950564516,0.5575221901129032,0,0.0,0.0,0,2.7479802245709664,0.7943107201120768,1,0.15967931433188004,0.3193586286637601,0,0.5802594067315836,0.6149679757535013,0,1.8921524153723959,0.7131691847661213,1,0.0,0.0,0,0.0,0.0,0,3.664336118487287,0.7553209807817785,1,0.0,0.0,0,0.0,0.0,0,3.021577326301334,0.9428256384464007,1,0.022127449787601273,0.031058615505690557,0,0.9396198004801313,0.643756655493308,0,2.4554330869499212,0.5718847124840226,1,0.0,0.0,0,0.06342429678505715,0.1268485935701143,0,0.6079424704332494,0.3405602421417042,1,0.016579756484424613,0.033159512968849225,0,0.021030087929533096,0.04206017585906619,0,4.996623964713381,1.3429305678690107,1,0.0,0.0,0,0.0,0.0,0,0.9815804885775771,0.08905333495851182,1,0.0,0.0,0,0.0,0.0,0
129,500,0.9,dt,0.3701440215643911,0.10978055965191462,0.569445094586075,1.068441893092723,0,-0.03512480344649229,1.0049660946436803,1,0.41418929497234486,0.4643224361700417,0,1.5108127348574096,2.990572708176152,0,0.5186163853761211,0.8531769683331042,1,0.2029306631142775,0.38780978899483526,0,0.00016962245790805853,1.0914351007375862,0,4.04567329424738,8.051123356379833,1,6.288212236702387,9.013935460025742,0,0.10478801584943216,0.2507833086112888,0,0.4864701378503257,1.282890602871756,1,2.1391507570656727,6.009190537135339,0,2.079881906173258,1.8033242525025934,0,0.35055696429578953,0.639725827348281,1,1.1298955847029122,1.428129800879041,0,1.8419031833149766,2.85052530060314,0,5.580539327619137,4.408996133599575,1,0.007346178048018315,0.3043817782456367,0,-0.3236508926107626,0.8276741046356904,0,-0.3944546648294045,2.079095445668043,1,1.5014681084678092,2.1956454094712923,0,-0.19204166426668134,0.8585580341194758,0,1.9219802525206795,4.733505049501015,1,2.664564673250349,5.257902785828116,0,1.6070884951837523,1.6364586771328187,0,7.869438848060312,8.726422108253036,1,3.425074956307378,2.825093111927669,0,-0.20319799923328472,0.7667798491093631,0,0.4448167666548802,2.6059588240123848,1,2.1020975753594917,2.6944965579121134,0,-0.20779778218833395,0.3670383940829878,0,0.4052871890466834,0.5583129218393027,1,-0.03427644824196312,0.4292650494443724,0,2.026819207433649,3.9365588787824666,0,7.82347231465784,14.160215166005258,1,-0.9427713747011515,2.5094418082226966,0,1.5195879499907101,1.6439508483617626,0,1.6460876044376391,3.7519000592530434,1,0.008436161662084097,1.6794934944621673,0,3.147712967857651,4.3569280424450865,0,1.0049174464449675,1.8309692058291365,1,2.0858795568076607,1.7164811903620134,0,-0.3347168527899734,0.4592559545804578,0,2.578853810978882,3.3239710618394933,1,0.8044775760859402,1.9875859685770592,0,4.897932418735293,9.831140456038021,0,1.7478279845884432,1.6268910095739368,1,2.6778789556232097,3.4529818941363253,0,1.7413130353733952,2.435244285681982,0,0.6784325169433292,1.1934711928820292,1,0.005994178657295788,0.9123173374773367,0,0.3658635051312653,0.5614285226073829,0,1.2516639696574994,1.6439617860272695,1,-0.5695100728411668,1.71841789437311,0,1.7994627984595304,3.1057535345465395,0,3.0377190678306425,5.021867335709229,1,6.918593568520478,4.716382856478334,0,0.8195905184842716,1.108829616028237,0,7.150542528141462,7.4646804929168065,1,4.034543222836335,7.260767343790504,0,0.03597225389219476,1.1068227538947386,0,2.3264507085518966,3.913304523268621,1,3.2155032786283697,5.003895466974013,0,1.484112258578686,2.8405496817220657,0,13.999794848785006,13.430702366668127,1,-1.3660188842685523,1.6916914554511933,0,-0.15477465268094462,0.16839302583614846,0,4.106785761942141,6.5061844646072045,1,4.922431642097507,8.562622080721631,0,0.954224318178215,1.0720478079860554,0,1.527589512447465,2.1943678372377335,1,0.48471253007158543,0.9390463031347637,0,3.4648271418614884,2.768544516104199,0,0.6370644409813735,1.1722636739529286,1,1.0482987332285236,4.467502493123087,0,1.212052385299061,2.6858787987436044,0,-0.11376837742098438,2.595112437226657,1,1.4900886336360164,2.5956008663422816,0,-1.057433649786947,2.41141381649332,0,1.1654597027860694,1.8120625529914325,1,1.1588312881303362,1.3015500567492602,0,1.4476859940554168,2.37537513471783,0,1.703737900206404,3.492062583348687,1,0.8903631724643397,1.230649514036126,0,-0.3897823996092009,1.5891166181369676,0,9.836395155670346,8.928652827862471,1,3.960146696947702,5.369434340144682,0,4.30927502304443,6.352779923602415,0,-1.0633143327562078,1.766226777955135,1,-0.3851042545908903,1.0416615801611144,0,0.6597325547007593,0.9475318099360827,0,0.012555620189760475,0.015340853776467555,1,0.9358498013967061,3.149081969509442,0,1.579162597362967,1.6591967098478644,0,0.019540569098543115,1.1090937227374407,1,0.5075634402493013,0.9352067760786421,0,1.3746316917929522,1.9147485005338296,0,0.15035626790493348,0.23379969008974577,1,1.0755505830316447,2.446514756928838,0,0.044284281781622546,0.0888619266265616,0
129,500,0.9,rf,0.7846415278441932,0.016522730723383693,0.538160826872337,0.09631641725143286,0,0.2228215492534326,0.09002522276135023,1,0.36816925422453234,0.17589799389519556,0,0.26337284873197786,0.13181643700059523,0,0.796416865541713,0.4497429265079275,1,0.544017772069749,0.20366832178690308,0,0.705695909661222,0.12057565588252563,0,0.9045259162472762,0.2892387003185705,1,1.1342098193246528,0.14128729324184414,0,0.4666549364244312,0.20343142548727686,0,0.7369840302751437,0.4157064638319941,1,0.7850251527285502,0.18205539939067852,0,0.7026928103542792,0.37786764136725165,0,0.7900738182182236,0.2893661223420488,1,0.8641686367961767,0.4995494044137587,0,0.9597374043800553,0.18396453258804918,0,1.4318127477128646,0.5483992066677057,1,0.8024219842410959,0.3070066882561982,0,1.0075742073376124,0.44566085158827057,0,1.63913991491696,0.5062787428295847,1,1.3834527461409358,0.4906414726962546,0,0.38255393828387807,0.18974916042420845,0,1.0765354513927383,0.5066975733613545,1,0.46270608083114234,0.1576380748027076,0,1.7251180129467218,0.8113127023565813,0,3.6899982632808213,0.7862354637095778,1,0.7366481062865686,0.31255326109840353,0,1.1636569457898749,0.380892964690442,0,0.7221804368207106,0.32445935381634317,1,0.7939163861857021,0.45327980831259285,0,0.29598048342936506,0.1845210351793817,0,0.5016288337902245,0.18054398832423466,1,0.7123237673474583,0.4908237488505865,0,1.6021820901915553,0.633290619189414,0,1.7296323936998337,0.9606043263593983,1,0.5609527761031384,0.3417988210191182,0,0.38154640788306027,0.15116517130343785,0,0.7855558112792664,0.30274458322438885,1,0.24487620705695398,0.22530976558096727,0,0.4756579460536342,0.18711361267146864,0,0.5705538930033229,0.19138551969090384,1,1.5320806294969587,0.42938510701760607,0,1.2815417458482972,0.3843193875146111,0,1.1480438284627508,0.4991013886952513,1,1.59871582409528,1.1377383957988774,0,1.5771886558203236,0.34040879678842584,0,0.8414543392703049,0.39499815069552313,1,0.6829242262144646,0.20982920485675582,0,0.5373372474113937,0.40509259351286425,0,0.6122955389693611,0.17990884608817362,1,0.44031798711630793,0.16230155583224748,0,0.6188016449178623,0.2519168961977286,0,0.7295324004974991,0.43940150257561816,1,1.0305064146488403,0.20682337937195577,0,0.6346805149398168,0.19637129697877082,0,1.055880507041366,0.4145829667335149,1,0.5181344972472945,0.25234646068272376,0,0.7628731292361938,0.5399115691235951,0,4.174279205064761,2.930425997847345,1,0.6332052119451743,0.43189559478711104,0,0.511585307295607,0.22229028650800564,0,0.5744162204598833,0.2279246219112995,1,0.9297243605806657,0.2984868777699703,0,0.7989735161696098,0.381878919894531,0,4.617562869839494,2.0921027242280323,1,0.8182803524034256,0.4042903752708403,0,0.31101408311134177,0.30829825707156544,0,0.5282673368285038,0.1892520965607756,1,0.9537346820673637,0.32181253882924415,0,0.4855210701216013,0.41216415264466777,0,1.348915256239756,0.4714912104226081,1,0.7082238863309033,0.2582418204596333,0,0.5451787127503318,0.1881622839597406,0,0.4982974575668425,0.2199320831117656,1,1.1609087345491829,0.6046009397663411,0,0.5788927852050283,0.07514602061070169,0,1.4990485671174247,0.6086394947844234,1,1.0997696772828096,0.20441505688797945,0,2.1603553965713145,0.5806277058019831,0,1.4423073005946505,0.46335244374181095,1,0.5745755299766747,0.21333966445825223,0,0.6675483560027697,0.25749768426921993,0,1.3292053495347989,0.6161856230743816,1,0.5432526733151822,0.22397666478332717,0,0.7392807390102225,0.28857254161024726,0,1.738661115619914,0.6427695130525521,1,1.1940263927420198,0.3501958919721162,0,1.4207946296746523,0.5161610152696289,0,0.7475767293964642,0.3083101656024347,1,0.26457661377737274,0.3256106699868035,0,0.6324624070309111,0.2124675497150075,0,0.5205938490776691,0.22479450627093853,1,0.5440020514781858,0.18680519627322786,0,0.5732183879323214,0.21636768907556828,0,1.069007814264395,0.12765181334282855,1,0.4664853092247479,0.07732261393296831,0,0.31358933036934006,0.16181579917647504,0,0.271852857892256,0.1986339801448483,1,0.26561836324189414,0.097032474820831,0,0.4441582580446359,0.2822112017447213,0
129,500,0.9,et,0.8121544386942319,0.0167697048626332,0.45014290979632665,0.1774556444009195,0,0.3735854118624764,0.1709879171113289,1,0.35277534403135363,0.10518236351624247,0,0.33735728003848564,0.0872388944845023,0,0.4611862311754257,0.15153728258288243,1,0.491049319765031,0.11389234337917015,0,0.4476944555818464,0.3180807223615718,0,0.9241153929110448,0.3437987698665887,1,1.0199208249778844,0.2395656481152932,0,0.7325083140940387,0.32523093796860897,0,0.6915053164610149,0.11015437868269513,1,0.6145924580648578,0.16099257132903794,0,0.6586610638659318,0.2600034153963392,0,0.6600362271384537,0.2204548000138932,1,0.8558645161141321,0.13550893509322315,0,1.1785859794231792,0.36656088127919934,0,1.1876536274526863,0.21347952559702219,1,0.7051479850405001,0.2302013772442267,0,1.3771804985247247,0.3840866291799475,0,1.3135990133955437,0.3254349337242477,1,1.384476607932461,0.3668474812405213,0,0.5060032744505234,0.15608723442134162,0,1.1168224925266708,0.4455742250467448,1,0.7979452226838759,0.3383454975330767,0,1.6914218244462353,0.2114301608872167,0,2.2194579047835257,0.32581359017762584,1,0.7238393894695756,0.25184466562352525,0,1.1874252871575868,0.41474121070109593,0,0.8220134076283211,0.3518575504885342,1,0.9274748531688655,0.7612399499469187,0,0.323217143099357,0.08888352673457334,0,0.6737745407867631,0.1492152262711138,1,0.5548384605430424,0.21487460077364307,0,1.1032278940359665,0.2692825018571597,0,1.7350373861953545,0.45811242030434585,1,0.6619912942478072,0.31432122073138963,0,0.2598593329652884,0.17231612625745177,0,0.6031412532358245,0.3157755111095144,1,0.41061438367680847,0.45775189119407367,0,0.42511429126288586,0.18311680352605392,0,0.6131001983661253,0.2630553687229154,1,1.6673807304547696,0.19633922876111903,0,1.0171770892725422,0.30643900241286487,0,1.442232060073959,0.5906716795324094,1,1.5213970986416387,0.9469623218899915,0,1.0892151934505734,0.28764092261486707,0,1.0356684555513473,0.2652926788608989,1,0.9073830893035822,0.3711715197089632,0,0.6137034733082714,0.42164023528169536,0,0.6249538712569065,0.29518954642629586,1,0.5305734229732445,0.23599292777674305,0,0.6803515756055447,0.38476498774526674,0,0.683332377039021,0.23016406868036132,1,1.1242822603937,0.592683244155708,0,1.1453068067990866,0.31989371469729966,0,0.7994212812414572,0.4434294143557679,1,0.6717524613812487,0.17693698681914896,0,1.0017485765038243,0.6148751516630845,0,1.8108200290269025,0.5405161414697195,1,0.7738588238770443,0.3105333380911006,0,0.7868597757470323,0.4728690289322453,0,0.6156530032427183,0.29364417482280125,1,0.8876595875587336,0.5082635802621416,0,0.9485717948334805,0.6346000777936333,0,4.428695918629055,0.7865293703687654,1,1.1388657987544244,0.6169041057000241,0,0.5092118334415953,0.28224006315947775,0,0.6007708525550612,0.5005287191516357,1,0.6360156391863068,0.2260391312792554,0,0.4440684014490951,0.2157157011949615,0,0.9509578505083963,0.23839463313014092,1,0.49720028526645244,0.3714477950290966,0,0.7959750012947013,0.32564840455063115,0,0.6886310019687168,0.1895999776360762,1,1.258734974825002,0.6613677487538112,0,0.8784746833302972,0.1563085083348842,0,1.1968580957498869,0.061023964488909434,1,1.122178191238223,0.3958241162486216,0,1.5477140885721472,0.3983114191659045,0,1.5622827348630521,0.46018146054558834,1,0.6630945241272105,0.25305242286609814,0,0.8533842635504321,0.16750298433925273,0,1.3222821307792436,0.3034609456259211,1,0.7314495325362428,0.13496260224401968,0,1.0200727541631518,0.34933941411223873,0,1.6650980803867046,0.6876059356036937,1,1.2989496520416335,0.10318490343653182,0,1.0264449514901774,0.26407109066798945,0,0.7230639696467522,0.26044723274374454,1,0.5788576298094255,0.37507980471676905,0,0.5267417068231948,0.21695184604399215,0,0.9003263053149938,0.32340430995289343,1,0.4797422817945007,0.15361023676956187,0,0.6057742993007651,0.25157972561502906,0,0.9690404369100122,0.22007302286046787,1,0.6098857529454248,0.16299099102824113,0,0.34064218288142867,0.2060773000574965,0,0.26525414120348023,0.12599477463558348,1,0.22939410445055414,0.09705455670436522,0,0.3611329414526086,0.14979460143472517,0
129,500,0.9,gb,0.8615693021817247,0.021658180069381878,0.527954600709823,0.16610288216475874,0,0.36700534231667525,0.07631237422588086,1,0.16639993698635033,0.08352744646067096,0,0.12743210108020467,0.1408598954802114,0,0.5754453541411956,0.5293268985812144,1,0.3694606032748794,0.38248149145173244,0,0.6651801973327844,0.29504721484978036,0,1.9067670623157695,1.2239414303245222,1,1.0417524237432747,0.43951465898466563,0,0.332948498705841,0.3296964231800902,0,1.417610532105599,0.5883013287446561,1,0.39727594133937916,0.30721972717162965,0,0.45916654162095705,0.4422935729849293,0,0.29540338751526385,0.14002254108450266,1,0.4304782470826033,0.41307988700613624,0,1.0285532221553768,0.4472245049096332,0,1.052798177710371,0.34017891705605574,1,0.7430266998280359,0.3340645825951685,0,0.9095574608367795,0.6888854206735857,0,1.3992991413576898,0.7620834758116655,1,1.5438861533095327,0.5305718947717787,0,0.333373075856363,0.24681496208339257,0,0.7424008769026745,0.45999831017851334,1,0.4069261128158925,0.5145978300061278,0,0.9152187745393638,0.7916616083433555,0,3.4405673874821643,1.397505867905964,1,0.37374501300063845,0.24291810190522622,0,1.3642000436966684,0.7125482528139396,0,0.41936716473570873,0.40206960599391817,1,0.3297146964676512,0.5574447634237522,0,0.11455442301778787,0.12602010848443382,0,0.4214167015768521,0.21505096414742725,1,0.5857953098018501,0.19231029863452395,0,1.085498241010897,0.8453097719613429,0,4.163928612937273,0.7699401019922089,1,0.3550300207504454,0.3384306660264491,0,0.19275477807425417,0.0927192245827979,0,0.950235175833674,0.7201283050713307,1,0.12384861243594572,0.20181305547676273,0,0.32030364567470826,0.2955053148146123,0,0.39300551929678057,0.3749182209306446,1,2.001543096189265,1.2490898626390174,0,0.6038184229544321,0.7835794440381649,0,1.3961131736728312,0.8214782662994594,1,1.694887070883334,1.4685119499604493,0,0.4933368166811829,0.517333795665431,0,0.5543812041390852,0.35328197605769596,1,1.0579922487536326,0.45457173996785644,0,0.33260981627206215,0.25387540105741313,0,0.9208560002840536,0.660944854454346,1,0.3677901991227016,0.17775235929777633,0,0.6400293345071202,0.12961159262881242,0,0.8090137263959261,0.4138802113254916,1,0.5190978752330595,0.38123793822458896,0,0.786535511050513,0.73437869359002,0,1.9616197773607134,1.0489353067286136,1,0.21099052598853466,0.13879140234016393,0,0.2064273524887632,0.2811996410722175,0,5.321202139334844,2.9961208267480925,1,0.9028917909080588,0.6747453434598626,0,0.29740635856697084,0.36962461479179326,0,0.4739095874373044,0.09961254183601063,1,1.0707316211233784,0.5124274500699185,0,0.1263126828736053,0.061428018209388924,0,4.524043487764183,1.3004518519286292,1,0.11425626200519531,0.23165969710207368,0,0.36875119955082925,0.2639272068274471,0,0.9228079078021885,0.4360735534092377,1,1.3861802132922103,0.7143782835874536,0,0.06702772936688384,0.35259203932785893,0,0.9760605474215083,0.6110397250151907,1,0.5594846661052822,0.582329257548721,0,1.1011533805287421,0.4009134145008479,0,0.15281508690546863,0.1441888042328813,1,1.947184957762818,1.863460560533044,0,0.574986918777997,0.20666125289641343,0,1.9003829542697481,1.3667862570133162,1,1.0604775615488025,0.356793066327768,0,1.9975362620084662,0.9066475861650024,0,0.53183480071579,0.3302894441639007,1,0.5540464132559094,0.2492550672201956,0,0.44910455363107804,0.4024768829644525,0,1.3312036913774736,0.44680381731887303,1,0.22569493308595376,0.18584587299628494,0,0.4862359848240704,0.30562222246841264,0,1.7732198027464876,0.6149421708590339,1,1.6000956286296533,0.4029927318123113,0,1.6940009817221977,0.8821740080616254,0,0.9291216773261619,0.4776313291359321,1,0.23407367511048577,0.2549163714686988,0,0.33526223359660456,0.24207696159939426,0,0.3296182191786426,0.2571107878022274,1,0.26024526965546935,0.2939595102537311,0,0.3046169521748522,0.18559722816112087,0,2.634807390373501,0.8661190674572865,1,0.4387796552208975,0.3539528514448085,0,0.2660615303033789,0.1466637131614806,0,0.5458201111735608,0.2655888749522333,1,0.1430016754008776,0.2552691716310339,0,0.5937120826369844,0.4351873392672207,0
129,500,0.9,hgb,0.8580338018730032,0.01705465863527856,0.5387279471202615,0.10140885815990017,0,0.3024937633378534,0.1565709413759435,1,0.234317713575089,0.2488061096528503,0,0.2779714778674925,0.13021370707070407,0,0.642126364941975,0.20946423090559582,1,0.5283562763948046,0.3002232625523862,0,0.6160389553105123,0.561004345572746,0,1.3274091742145893,0.9271022913235568,1,0.8062661567137006,0.38758315582637387,0,0.4636044940994129,0.4221378656250387,0,1.141208181761001,0.5110173676946272,1,0.8415588687324685,0.445612520690154,0,0.48889662536798284,0.3793345146474724,0,0.3354511628870766,0.1661915784850329,1,0.6990235267576554,0.31598524556944313,0,1.2044703347124823,0.29752525435365296,0,1.7444470037877093,0.7896535810704889,1,0.7079015926303472,0.2975145768344264,0,1.0495996373960412,0.9096602833451473,0,1.3110943765738916,0.5082297938974935,1,0.4788454391960748,0.36013275607636364,0,0.6316843884555251,0.4636171658109746,0,0.6636948811990423,0.34628213750244213,1,0.755583505941163,0.44081236209296876,0,0.49972661156908194,0.6301625427753801,0,5.154529921277804,1.6165160032035852,1,0.4595024588800015,0.1691002863383702,0,1.190846312695222,0.6412953193354289,0,0.5025804138690475,0.2694366265211847,1,0.5016488934542757,0.6401706115053832,0,0.20554050769407523,0.1630039434635519,0,0.14360118071206143,0.33433921699005387,1,0.43470217534117894,0.5598979066416871,0,0.5931239750798967,0.5688373101824566,0,4.27958741899977,0.9369766481629472,1,0.4679501038492752,0.3370552684380306,0,0.26869672919186816,0.35394508936893526,0,0.9006738056511956,0.6377986997724697,1,0.22061939011784096,0.23705719651177995,0,0.18791601184373566,0.16463021667651254,0,0.6212786386841689,0.5061117898956339,1,1.6780727712574,1.0173998687757968,0,0.7137898835080047,0.7883032973597494,0,1.027240355658299,0.5317251902342184,1,1.8631244506911044,1.2170977598896788,0,0.7719650830103287,0.7719510653978043,0,0.5605430293349174,0.32720053142474914,1,0.6950254578921375,0.3825214813113505,0,0.7350851712147792,0.6117873494764703,0,1.0183530560989105,0.6347313178564252,1,0.26155940791391596,0.27037653792349386,0,0.7066697492445749,0.6836602747722301,0,1.2075192570879536,1.3680251521385336,1,1.1464112487264155,1.0777401901692878,0,1.1099219819901784,0.8953383290150073,0,1.6448268342571866,1.0108382439815857,1,0.144333752810149,0.28919800313198096,0,0.4445291961288584,0.44856215235114033,0,5.03389468873991,3.570989645908718,1,0.6665645220043357,0.4412257907850089,0,0.4028151113638979,0.2668121759805075,0,0.7464181716742315,0.15382182340562925,1,0.32763522776225934,0.40975705140260477,0,0.20349638807594167,0.3932122181343256,0,3.7162622191632253,2.272873956673778,1,0.09886236758994311,0.28776808949102406,0,0.21100879879104162,0.10150793753726413,0,0.517882627266385,0.3822625737097666,1,1.1365392389415807,0.5144400790268552,0,0.4324920043323678,0.40295813439989414,0,0.6205436116945384,0.3453398582297358,1,0.4350616999671245,0.4021103841046088,0,0.6853533337879727,0.25988793374991065,0,0.2360287747601769,0.08463371726314645,1,1.7708228083523099,1.7558820885404491,0,0.3723035183852242,0.3319287972326509,0,2.046882389781227,1.2081047360987045,1,0.7550506380795153,0.4965287066193129,0,1.3300557281263292,0.36769289488588486,0,1.5278587972636208,0.6243402821115452,1,0.4295477600083003,0.27702362227930244,0,0.21174307439189088,0.11643768400956739,0,1.66376649919061,0.5727164827179343,1,0.2933292025998567,0.2324250892772343,0,0.28488829852818454,0.11276906204691933,0,2.3638108536963034,0.40836936947041585,1,0.9582577621680681,0.4635511602870353,0,0.6118021940467211,0.25914604169092054,0,1.1791150172416487,0.3529012395669622,1,0.0911270338644316,0.13417352207125519,0,0.30114765449993197,0.4032493860771968,0,0.49704868319367207,0.43768496385907346,1,0.4564093312291342,0.23773432036961223,0,0.19283766307879874,0.17642364019785303,0,2.461016226319097,1.5131846463556478,1,0.6702236078371125,0.6382470315130284,0,0.4149978695181746,0.18324950623603095,0,0.19725708755379373,0.18278611792077368,1,0.21743439467118092,0.28287884463309854,0,0.3749670787728327,0.2949609221221398,0
129,500,0.9,ab,0.7160006262294061,0.034176287561313266,0.5807556673347866,0.7631970840731508,0,0.756162976048441,0.8525939660913886,1,0.06950053050515184,0.11905247204508951,0,-0.0047248469748998895,0.009449693949799779,0,0.43793770779559543,0.26725460839282217,1,0.2985555757303627,0.5949910082183177,0,0.3040859411596898,0.5007861406270826,0,1.7541918356420048,0.8926652281532181,1,1.4130643625865749,0.894109211803027,0,0.5046453875185749,0.542067543943953,0,0.8082270318079299,0.5015485435587992,1,0.3073107194318263,0.3100067348622217,0,0.2317430588735263,0.2833208498356525,0,0.7041065505154,0.6544255085352076,1,0.4894459651632032,0.43563139824823605,0,1.690597376990754,0.4612497302391672,0,0.8099123548438026,0.6263358135169432,1,0.6783567146513358,0.4682918418081267,0,0.8223343503986573,0.40791019412346047,0,0.6814233494648692,0.8666610245586976,1,2.140559783569396,1.6607212359959391,0,0.7140503275416863,0.9869297599321458,0,0.6360816658626067,0.9447591275118298,1,0.16896569304345296,0.21897640976021868,0,0.2956428565122887,0.45492246005129044,0,1.904208611998564,0.841105134071649,1,0.525036757503761,0.7292766701787242,0,0.8696359600440328,0.9107409798261139,0,0.3139825360115428,0.4055267001152106,1,0.15968542005944658,0.23455162964814988,0,0.1919437637524752,0.3838875275049504,0,0.2822960801153346,0.3530433134285499,1,0.34313762780157003,0.23018362121504435,0,1.8345700957536502,1.157135114566197,0,3.2288775924005853,1.4815555353794738,1,0.33580090459424,0.4308082053679323,0,0.1059423400146335,0.14929132462309455,0,0.17777631175612146,0.36846529626534774,1,0.3434610720245433,0.4171464820422988,0,0.19994448823113195,0.4824883607889655,0,0.33441168201788696,0.49932031739284566,1,3.3154918935122737,2.2456871358421804,0,1.1268245901634593,0.6793801216587598,0,0.549130020400156,0.476196217006719,1,1.7963259738316968,1.2335180098642937,0,0.4547999274144855,1.1106881484469073,0,0.7833195731014588,0.48164460827517896,1,0.13772135683587,0.5512611909390703,0,0.29356842519056114,0.3351358011503976,0,0.23972501279387223,0.3901101971381843,1,0.49989144129147045,0.47133459862035737,0,0.589945386215579,0.8033933125914562,0,-0.061588706971803006,0.5391829735366498,1,1.5163961147716971,0.8264344389364778,0,0.6612306276993865,1.3490933661278015,0,2.62745056809662,2.5909922107928893,1,0.6199084914987663,0.7756715761712791,0,0.435036422506997,0.324647270506653,0,3.229406757792225,0.6781142840090566,1,0.2602115402233327,0.3232632480132986,0,0.2672273202913472,0.11961704389404942,0,0.9838311894328321,0.7526248322019021,1,1.3951713389204037,1.8043823962658685,0,0.8756816623799117,0.5819094787946054,0,1.6254737180208374,0.9585084979904532,1,0.07801829089976606,0.24679179428476403,0,0.8776380309677112,1.173425225424497,0,1.315610176205998,1.039292770636009,1,1.6343099796445792,1.2268655970370497,0,0.11163683251562768,0.5010761646616494,0,0.964356267760707,1.1131937866728663,1,0.5258153576839563,0.424703988321444,0,0.31495178786044153,0.45017488563438957,0,0.17224185262668276,0.17256726137963674,1,2.0055121502301096,1.0828720037374115,0,0.6734088944104822,0.6939017283999783,0,3.1873138856361556,1.8648654457058378,1,1.2073316357179187,0.5062154011510371,0,2.3693055741728806,0.9360711452642949,0,1.379132530056721,0.7197663505069166,1,0.33509373815351073,0.2952342251462151,0,1.0178161501215437,1.1197806504507242,0,0.44064551779900285,0.39326309414323135,1,0.07142327719822963,0.4224762588560767,0,1.0440101797371781,0.7648565118572704,0,1.9484295245821428,1.7850530376350437,1,0.8684913360155878,0.5510194349976848,0,1.2159466445594014,1.0880015751064027,0,1.2578910275622515,1.2476956229231109,1,0.43061119636674744,0.24941036974498376,0,0.10312602823758579,0.20625205647517159,0,0.21719487271747936,0.289896656502759,1,0.10742996324398287,0.12620998542921738,0,0.12877196904775298,0.286629588573322,0,1.515731179884324,0.6107895380881343,1,0.24325278189090085,0.402049209510115,0,0.16568546524073718,0.21530083171024877,0,0.6808683427557441,0.6789720370278928,1,0.0103510685476013,0.020702137095202605,0,0.27828749371787803,0.3364945510929564,0
129,500,0.9,bag,0.7402158280613191,0.025135040129797906,0.8982073151015534,0.6679452131928122,0,0.10196521009391771,0.28761013134553104,1,0.5645801082032053,0.23705170835630737,0,1.025018288231363,1.3992965675384543,0,0.4380773284441764,0.4532441677932675,1,0.734555147467743,0.679365661825312,0,0.14890310486752972,0.39636691678829145,0,0.5414599992331849,0.8154373137830726,1,1.1713824395605688,0.4456264272776065,0,0.606385880425938,0.24060124568373273,0,0.48094423187305324,0.41027080111049263,1,0.615723538530413,0.3833978945834516,0,1.0360353533227518,0.6071002867395506,0,0.13526576374831215,0.7145833641804783,1,0.9896446199799357,0.518463602358087,0,0.4813318124853384,0.3391426253216108,0,1.0970273436289184,0.680075842059273,1,1.3284202097868196,1.459138659023133,0,0.7406293327054615,0.586876746558364,0,2.3397770904272264,1.139600877759646,1,1.6252281794609609,1.0210781055967857,0,0.7085570329276619,1.2364765507465478,0,1.2212261388165717,0.9149598815094125,1,0.38433290244300106,0.3245208184590819,0,1.3974537853422802,1.2591781609548978,0,5.221903583650887,1.4367866680088714,1,0.7822971991071893,0.6629170570048544,0,0.4076006938239097,1.0447312720103825,0,0.611823265658955,0.10491285252511383,1,0.6777975825569296,1.2714759654460253,0,0.06582809939084429,0.17479138900349733,0,0.31042571044895384,0.3326431195277234,1,0.7682049199616712,0.5064531791263219,0,2.024586214117564,2.1692685280972492,0,1.3477358020357637,1.0901979681707459,1,0.5779980162885832,0.6267650013234554,0,0.5447227539292989,0.30401354322381974,0,0.6880158815038223,0.5201562787780895,1,0.11132966716088781,0.08010539136729883,0,0.41439804363606847,0.3936425755155284,0,0.5976911873961482,0.7004879877454845,1,1.8507430775895393,2.1081973004318852,0,2.860557521798264,1.8250538762611115,0,0.6490311736987453,0.7968941770685435,1,1.5337253805854478,1.8804241020314065,0,1.9990104077616855,1.0911396191364482,0,1.590804023253849,1.4660384551871115,1,0.6973911315782997,0.7900462681362936,0,1.0744742354860803,1.1491126056674867,0,0.43324694954829407,0.4392298044698714,1,0.09519377442920465,0.7463500288859853,0,1.0784867359570984,0.7751076887237389,0,0.9338631249116366,0.9027890020536248,1,2.08241905498273,1.8176274808949202,0,1.3039757240514813,1.3249782682898124,0,0.35288832821876964,0.26739955613584226,1,-0.15207652881501793,0.5540749571666277,0,0.3631237791978466,0.48095298126061314,0,2.7041106445729213,3.20340843588572,1,1.606654169834171,1.5189962766811471,0,0.3165104880077836,0.5530169493336333,0,0.5027027238454949,0.37650677266546834,1,1.1978998723867633,1.092657128399236,0,1.1604406233752123,1.1522785103436224,0,4.540141321040311,2.560341578336587,1,2.16559537300862,1.2894505132297107,0,0.3150873540953361,0.5814939025353124,0,0.22930231645733468,0.5759712958601122,1,0.467213270557565,0.6048804835708905,0,0.05571983919462566,0.46794031087821125,0,1.629958265508892,1.571431016522336,1,0.4403211028245912,0.6751137441843381,0,1.6464013670313005,1.1721191859952436,0,0.15806537576225035,0.19644449947278408,1,1.1746728698451006,0.9466509495793854,0,0.41042531295429663,0.5852082715498622,0,1.3237359522614365,1.409909866922909,1,0.6845320758171709,0.6940333570556217,0,3.5752739443995836,3.3289069309755948,0,1.1956860468384523,1.1930678625190996,1,0.7360313561231023,0.516786189501457,0,1.1046716652731312,0.8400524954734065,0,1.1232005713011008,1.5108035822645145,1,0.4923721316630507,0.502330552095433,0,0.779700447142141,0.7851219285710749,0,2.362431163254616,2.901664533930439,1,2.040874275513322,2.1169154753011643,0,1.0010808414569718,0.5482779983098951,0,0.18939764208430074,0.22111880431199993,1,0.10661591647636084,0.10760323677609858,0,0.477490863639229,0.7128204178607672,0,0.9447476275185538,0.5476614655498906,1,0.4922006452672153,0.4141845199874453,0,0.771173391607096,0.7943600499453533,0,1.5938600149672955,1.0199504808155244,1,0.3336444198510116,0.40847054652545395,0,0.12396672919442406,0.40027177872607683,0,0.206761262798579,0.11716650177503263,1,0.07745000572113914,0.3308454473949855,0,0.3872279561250701,0.4190920000415787,0
129,500,0.9,mlp,0.9883463325484672,0.001112635866677875,0.1582774103313241,0.09779016801517972,0,0.6643337052215251,0.22090626814085576,1,0.01361557387675329,0.057204029740382564,0,0.006121734720293842,0.06689883083773643,0,1.3082082721427772,0.29192094554164283,1,0.07783319613964054,0.0635383414340758,0,0.011138836395596713,0.02405441136727568,0,1.2459332105307372,0.1761428656607602,1,0.08290319012087231,0.08007771202633,0,0.04751748567500907,0.04256056909224953,0,2.1581872464851797,0.392635590237555,1,0.16069451971992416,0.08386810228775049,0,0.0500345495247818,0.06512967109143308,0,1.9722417185898524,0.6130389286033197,1,0.04773581814403123,0.06461796592315676,0,0.16699527814519796,0.05066071582011961,0,0.9644483414577956,0.19138174997380092,1,0.13335545648547859,0.11004987256227562,0,0.23079466898068435,0.09919772967645771,0,1.2017001235462694,0.12117648993680864,1,0.11731398789729792,0.07125532787208234,0,0.0739331032820751,0.10170338825307737,0,1.3760936501759535,0.2586827672375317,1,0.0678081923502829,0.05739309255945989,0,-0.0010248938899042436,0.06884301984670704,0,1.5262275255572075,0.17785878800617405,1,0.0015963171695604988,0.05137767860664194,0,0.34977870811618417,0.10123485989186248,0,0.6500743651415886,0.13121290129351057,1,0.15529177322507856,0.08803249388473205,0,0.08239394020274822,0.09796375011127029,0,0.9989890711192695,0.3870560929313821,1,0.07072190426884067,0.05022677374240665,0,0.05170758993986842,0.07129015441887257,0,1.878365475430138,0.7567837746443193,1,-0.014389408947710883,0.030321932745736104,0,0.01674511209721225,0.03447394581053773,0,1.3134932231481973,0.4295782646441377,1,0.056776222601623835,0.08883886755079776,0,0.142057025015132,0.11566318908588258,0,0.12013313157400804,0.0315365474831597,1,0.43576839238289533,0.18892502603829145,0,0.08409094308310948,0.09029806195806356,0,0.7236305123248344,0.14449252414260572,1,0.021901610052020248,0.03295885011230885,0,0.03857479256975708,0.039673798586943435,0,1.1512683108607256,0.3029822172528544,1,0.11376227364828531,0.06348863259015498,0,0.2181462513991268,0.05298230878556575,0,0.6358320359259506,0.19067792314218046,1,0.061244956424836315,0.0721766271934636,0,0.053929338545709346,0.09774884442276618,0,1.182510161788535,0.46453488211518335,1,0.030609342730474526,0.04966245279686042,0,0.5208733205539764,0.24693329528622937,0,1.1481644608535073,0.4056175537315716,1,0.1678807796230242,0.10727721071421825,0,0.04942625066092957,0.07482865471407961,0,1.1394462460454329,0.3688588715285627,1,0.13474790307568524,0.1380792772492594,0,0.07005018331924738,0.12303667474552998,0,0.7132950936019471,0.46022738617055453,1,0.05788839439008342,0.11982580291541625,0,0.14987750914147052,0.17622000718203443,0,0.6745163687460711,0.19463803190646795,1,0.13687889215932564,0.10441034684487754,0,0.027026377421389282,0.05082123596608971,0,0.8123855383176691,0.28191870922880147,1,0.028619108373194386,0.016616438813750092,0,0.038904068201114875,0.03985357076324024,0,0.7581987610886209,0.144266289534517,1,0.23634305334739478,0.09825145364919334,0,0.047056621530842606,0.042916698950014424,0,1.1472423090021835,0.2607457432684972,1,0.06075536211780284,0.11699037837546597,0,0.0005108646574662715,0.03913820497236764,0,0.6205814399348275,0.28079697814194154,1,0.1062372365432654,0.08974914219203127,0,0.09274470614540341,0.06481127426510862,0,1.2898671056223512,0.34759264859363553,1,0.030640906943350636,0.049030857014836636,0,0.19026326147111952,0.13300604761556375,0,1.2005736054915286,0.1888306705777445,1,0.1895492408666608,0.161141650555588,0,0.16981432933552568,0.12067918591478798,0,2.748349950142452,0.8028163087536194,1,0.07101064635537371,0.04470180418947291,0,0.22637160652258448,0.10944304444546818,0,1.979009690410623,0.7874291247716755,1,0.03567242167035721,0.0604476512469691,0,0.08937665347805501,0.07960219191581193,0,1.0932511543465757,0.3319365132235603,1,0.0644295294649692,0.04174206789136086,0,0.04795819860592827,0.044556123270943146,0,1.7592860587387829,0.5056904787787082,1,0.017394750875320608,0.04235752079639077,0,0.17093112864476878,0.1426053126544195,0,1.7474737879684834,0.46351095881522036,1,0.155475737529074,0.12426205999971499,0,0.04639816229875763,0.06744710318613883,0
129,500,0.9,svr,0.7789913531251322,0.03870558550543308,0.5472024843148787,0.07990590597793056,0,0.5207209329437593,0.11386546983810275,1,0.4124150167952708,0.14694971645266353,0,0.5417380870097409,0.13426910838342676,0,0.6865400835388467,0.13402219709262408,1,0.5150293824632849,0.08330453170152834,0,0.6535677121948448,0.10250664886508086,0,0.8469819721380265,0.13180505465224324,1,0.6368260556603422,0.10511456904301242,0,0.6603453509908861,0.10225514961569127,0,0.8772546277098504,0.2122407303222156,1,0.7328146616356712,0.16829704280097782,0,0.71492504536525,0.08614697209140867,0,0.864755391650268,0.1819294552406713,1,0.6685132655351371,0.11761079266147392,0,0.6556630213756875,0.14056571585154123,0,0.6012839267570308,0.15690457276558192,1,0.5896856648254322,0.08303540107454387,0,0.7325821494513406,0.1023475259809609,0,0.9283021770317335,0.1306367926377642,1,0.761272884411567,0.05604756002618351,0,0.864545329086807,0.11443931384439666,0,1.0716397768533423,0.0679281775285404,1,0.8974022079901749,0.06867220367723106,0,1.0170100214836966,0.13684465756281855,0,1.1016018145717061,0.12198707659256927,1,0.8917995017253064,0.1692371996956582,0,0.9138991619158435,0.2218475105966109,0,0.9234342726209169,0.24634251544679237,1,0.7570426800896984,0.24235111564342401,0,0.6514834394867741,0.20774813177946413,0,0.7822754976131577,0.31087508416457965,1,0.6034927169118862,0.29871041620737904,0,0.8541402592551097,0.3088975861147733,0,0.7662514258916369,0.18531198578392452,1,0.5999316022769008,0.19131458876543225,0,0.5286088971891395,0.13864472814927017,0,0.7568693232091507,0.208503194433749,1,0.6639106060617257,0.14296655535101604,0,0.606936163182235,0.14295802940684757,0,0.8643471724892562,0.16662229954633107,1,0.8534869074267469,0.29309155154244365,0,0.8750033665630574,0.3524732304138196,0,1.1643532821180553,0.3738303860599801,1,0.8512430865982779,0.21793495766340226,0,0.7760215324149006,0.23781147407526562,0,0.790544919344895,0.260070128438305,1,0.6983781824063863,0.3282912477600589,0,0.6261770622577003,0.3063295589938786,0,0.6806444078554013,0.27622914875780386,1,0.573619321182273,0.21968812974383753,0,0.5791059281654601,0.19323813236097437,0,0.7395812237883485,0.26084638083128503,1,0.7805725009677655,0.3220070202435597,0,0.836265136712905,0.3248349787731468,0,1.0764297396541298,0.29518952608205984,1,0.940466022861685,0.22906303743774986,0,0.7574864107777503,0.23117562671309036,0,1.0877832969693724,0.2830221314497573,1,0.9578723392730278,0.2123925006544679,0,0.916387663503801,0.1476258492242311,0,0.9268935708591688,0.16688437663719893,1,0.8692428283943651,0.21650514246842698,0,0.9872551374896567,0.18876574722668063,0,1.2284086238204086,0.14887053719236168,1,0.9942352274649888,0.07404285689999204,0,0.8492541333901225,0.10402820784383755,0,1.130973604620147,0.1201108110075764,1,0.8104937896033612,0.13441685692185745,0,0.687443290586282,0.13216254499377036,0,0.9353771104197148,0.24542655592049414,1,0.8428393408865521,0.24940093884224013,0,0.8659919765522821,0.15570692436800174,0,1.0314216200618653,0.2095296507070113,1,0.8989178557311291,0.16975468955018547,0,0.771972533378561,0.20748417885381054,0,0.9744127186167489,0.24652736667849778,1,1.083006331570223,0.26513771818900267,0,1.0242306664825882,0.2226626092128658,0,1.036118644706994,0.21358507816659308,1,0.8215881895416759,0.13159834941406773,0,0.8095399890932675,0.21989415724177172,0,1.1406340213864266,0.22555521972352274,1,0.8431068645926683,0.2160681099317551,0,0.8992617100732462,0.24276113550222903,0,1.0902725849654586,0.3313903114661067,1,0.7941069842078619,0.3143257984175201,0,0.8113900445034282,0.21829752860693347,0,0.9794074552022363,0.32628564439504326,1,0.7248371416428203,0.3096158764060263,0,0.6117017842762362,0.2380724909462277,0,0.6776818885241643,0.18093362680538183,1,0.6418784814191068,0.2809011898129013,0,0.6841749785998802,0.2555183767145924,0,0.8416347697553004,0.3236538656074475,1,0.5655719962309809,0.2990950208328548,0,0.3948068725990489,0.29268321084255516,0,0.46513431525570803,0.29927227217876107,1,0.18628555254941337,0.23000040536679037,0,0.1961838391055944,0.19088968350061922,0
129,500,0.9,knn,0.8747567818773174,0.013920064996266497,0.5207070009079967,0.7606287740121584,0,0.6982731981963332,0.9834965868124066,1,0.6593469050705434,0.7893522554210194,0,0.8383819946910827,0.8366229112840886,0,0.8103039395919417,0.5408824231723363,1,0.33757686450593705,0.7631111303941602,0,0.43575591509449296,0.7560793057895224,0,0.7402674600657201,0.7319107423597068,1,0.22580815422198244,0.5816743552915019,0,0.23335429918092868,0.4904609763073871,0,0.904246906652457,0.7502392170597103,1,0.5438539259108219,0.2706442838643676,0,0.8630303713673895,0.5078023544889065,0,0.8913357683610668,0.44952892869855404,1,0.6855087752873773,0.29324929485640405,0,0.7235519996000677,0.39722621618914855,0,0.5155393349533814,0.26113498182625094,1,0.20520661900734843,0.3703116135140162,0,0.1240501830907124,0.5881745624188913,0,0.6486230329133654,0.5235205091427718,1,0.510383052684529,0.2541678726136815,0,0.37810307646734626,0.47845726585549797,0,0.5716892737501912,0.6219927207614474,1,0.6131689946970182,0.5623249955410996,0,1.1313190714532078,1.0352700459085264,0,1.2149267969695776,0.7939588728967579,1,1.007404654857757,0.6726033292463401,0,0.8428216954352354,0.8157522832669584,0,1.1706769468522418,0.766969643748218,1,0.796125011591263,1.0313560023503434,0,0.4320586739181854,0.7016504101882545,0,0.5690009601095083,0.7140985866850753,1,0.6198386447638973,0.4052943080748546,0,0.6574113900889993,0.2869536164070581,0,1.2906632493485013,0.6556125282347176,1,1.2084426267741255,0.49117876737416605,0,0.800429332235216,0.5400869073996996,0,0.6961277233072269,0.47634466444357343,1,0.4718664206174151,0.480201392769611,0,0.6206130904525249,0.5146168082779707,0,0.6752330334841654,0.6100380312178963,1,0.27018847455848516,0.9444075270379992,0,0.32028978180248,0.7230071337225622,0,0.5897340982730838,0.47730294053554406,1,0.5040721353929664,0.6419001765116841,0,0.5238895515291728,0.7243352539814181,0,1.0275579779716948,0.7572959321454501,1,0.8933834794722213,0.7982223313428406,0,0.6935154721778928,0.8907901760192192,0,0.61143057045868,0.5409444247280739,1,0.8985616988558321,0.6955085939499328,0,0.9557289738417669,0.7695141296291399,0,0.5828577150689882,0.8631434738331631,1,0.5858444642406868,0.991976543906454,0,0.4739725385342151,1.0986612989669484,0,0.4551314588235539,0.7217559841380227,1,1.1563026909945566,0.7732044621561991,0,1.0959056223738886,0.6539762855498695,0,1.2057372358615936,0.7019191189034452,1,0.9611008608788575,0.7431446446818357,0,1.1344027097454397,0.8702415834291728,0,0.8489444400103656,0.4819699625696905,1,0.9220528779000581,0.5254573204382031,0,0.9554496779902152,0.4925817949919818,0,0.8304350963511073,0.5442296059747959,1,1.0804183903388989,0.7777400759765287,0,0.5641008788249338,0.47086731933110526,0,0.7235134808704496,0.3623468082252477,1,0.6273713570678435,0.7050297555341378,0,0.5754845879823999,0.658861433702218,0,0.4564404171880138,0.8420999524787641,1,0.44894370046051363,0.9116934120513446,0,0.8833481559675913,1.0106325037343136,0,0.829480440139652,0.8443593559091577,1,0.819577449988597,0.9631344961278224,0,0.7500587133569983,1.030056360691222,0,0.6553557535197558,0.6614601783272228,1,0.48134852405547496,0.9222836958936574,0,0.6642709957187575,1.3550714204799252,0,0.6469172709194269,0.9832803977037725,1,0.2629102140125975,0.5318438152399153,0,0.4946716462492762,0.7925066092286709,0,0.5995796068454975,0.7555286633494527,1,0.6445198013646667,0.8204638803359432,0,0.6602044040518139,0.4700469617055353,0,0.7347666514442205,0.6670625693177681,1,0.6400377207188428,0.6895736784797307,0,1.1481480669350104,1.0624055996269517,0,1.3365202988015725,1.1629762462945565,1,1.3733633139694577,1.3690957799505485,0,1.33519335738101,1.156496701565251,0,1.1306523056088689,0.8454479475064397,1,0.6117038161526324,0.7336508171109161,0,0.8939282631025863,0.8084400093852676,0,0.9982629176785469,1.245347275294174,1,0.5438207866744451,0.9873270591891052,0,0.6456540960404682,1.1381852309371414,0,0.7353856017292395,0.953298272298083,1,0.41968755953708115,0.613511452095128,0,0.5165027359170848,0.6719622858214074,0
129,500,0.9,SuperLearner,0.9919780178437838,0.0008084078778261908,0.017769355448254216,0.01881150865790804,0,1.1191473041908269,0.13326616126040694,1,0.0024250274004098834,0.008725330661116745,0,0.007178713229941326,0.014211278220297614,0,1.6533487105927356,0.21804143990574024,1,0.02819499961074719,0.024133282025111915,0,0.004322053899573462,0.010535728813923118,0,1.6242249901589603,0.28446495277616757,1,0.03466431364783859,0.03242794629958686,0,0.17451342033778908,0.07019420977642592,0,2.8134501409542123,0.2752195850950588,1,0.0313503075979424,0.039961868000379444,0,0.015800456957268016,0.024862837954758948,0,2.280864853107223,0.533415504126783,1,0.07623012064044415,0.01678714526984769,0,0.025617588512453715,0.02723452938544314,0,1.2294187356669586,0.2846841940595785,1,0.022260244282811505,0.04078960329411923,0,0.06096383166641719,0.06298820275019887,0,1.4913107121979394,0.0998796478852673,1,0.17778058134422925,0.08047881880847285,0,0.13772196534709616,0.03156512305687828,0,2.3256151696492724,0.2914543118049916,1,0.03144376816622995,0.031648150378689524,0,0.01783883294922036,0.01671257837933205,0,1.6719710568270845,0.12486140457217144,1,0.003113272421527511,0.008160812732137323,0,0.22126618040366028,0.07308900498333065,0,0.6308770348017549,0.2491226277221204,1,0.06396284607791194,0.05190439208834272,0,0.08826700904595247,0.10705664763200538,0,1.0359824166150529,0.1749571733251959,1,0.0007426672722738566,0.016355030739871775,0,0.035688994934725014,0.04128510020295384,0,2.4154060323303534,0.5575935895220042,1,0.0300217480636231,0.018058095695082172,0,0.024136545382183277,0.031748301558559774,0,1.8432588203594986,0.6542925907451915,1,0.029620393145133032,0.06148136692336668,0,0.19244750425052143,0.18345246021690295,0,0.46433774847135234,0.21817185622306295,1,0.39848294592008215,0.15774296545030175,0,-0.021801971157121354,0.02094309296372825,0,1.1086210272112251,0.5193327393231693,1,0.06776712173858383,0.04979571280420102,0,0.020478531744662933,0.040880177016383495,0,1.7624969722926114,0.35244853965441886,1,0.027224337393934085,0.025832392649242874,0,0.09470340980014798,0.09360072234953865,0,0.9299536194041533,0.1694372703250616,1,0.06065372164310634,0.07090629785028306,0,0.01352567801779134,0.07091040841345082,0,1.4858272325673183,0.6340896221275051,1,-0.0028001334108477766,0.024365417789305257,0,0.12295116536136479,0.0983111191362413,0,1.923884621076711,0.5518321853465734,1,0.05628425719909704,0.049083254851629295,0,0.1579353118335583,0.1367601395720917,0,2.111087976983858,0.7750635349046349,1,0.0685483190001698,0.09692474698179036,0,0.009651978855947176,0.044848952909762055,0,1.2828832731883755,0.485384387209807,1,0.007797852297509957,0.03571828655100142,0,-0.024151169931800196,0.041942726066317514,0,0.8951693003656969,0.25703193648256817,1,0.2249175863818786,0.14361457866758867,0,0.04142980948535846,0.04349162050445705,0,1.363335449716729,0.3242011958626703,1,0.03028516309104879,0.02584869784631764,0,0.02345950722606694,0.030997045694217646,0,1.52959312347696,0.09826027510940281,1,0.1471795961952635,0.10249872967635451,0,0.030584887388073294,0.03378412936326768,0,2.0076253819836354,0.3631497285267025,1,0.02739949368890241,0.00977853964619565,0,-0.008334127881308065,0.02177746330963004,0,1.191109738900402,0.2877983639421078,1,0.09642970750972883,0.07892869077489387,0,0.0234908966846405,0.03661301604257508,0,1.4065597255620552,0.24375712397508695,1,5.135289905633042e-05,0.018221195212179415,0,0.02504922764470696,0.053174618371898276,0,2.107904091612966,0.3659421252013997,1,0.022706799498144005,0.026155286531183423,0,0.13130895214585298,0.11837475563983657,0,4.186799845188136,1.0306380355082307,1,0.23638307475886156,0.083150269327249,0,0.044393233385860854,0.04320213576133791,0,2.1533339905945676,0.7668223915962648,1,0.0038454113001005603,0.023495158588131955,0,0.04486050126452048,0.04241574822102818,0,1.9072134406622996,0.5265998858881761,1,0.004117623395965499,0.014688126587660591,0,0.012777640793566688,0.023882017237518833,0,1.866915141208441,0.48876202352734816,1,0.017501284746441064,0.04335141544342524,0,0.005061289003608638,0.0323073370483331,0,2.7767126981331405,0.5834200726030743,1,0.06754776121283239,0.05530880994320491,0,0.010159312848058356,0.018210484764101448,0
129,1000,0.9,lr,0.993579827187429,0.0008542268643676308,0.017413557951257354,0.016055887318388126,0,2.5008921879109414,0.37133140582747,1,0.036473737611147056,0.03525158838122789,0,0.02699388555807321,0.02027679394197408,0,1.4860165717745164,0.31399913366323956,1,0.015701283457899895,0.018748773219335827,0,-0.0029364867432537622,0.007625708636614104,0,2.254432990028481,0.2361644143994351,1,0.006643275378919916,0.010252350744572827,0,0.0018339357775723213,0.013121043218101026,0,1.7266076265569503,0.204232150119794,1,0.01880195466882504,0.020759719127678263,0,0.02461305333747633,0.0493318971808063,0,1.5066745738606788,0.28085729880201954,1,0.0038127158199705523,0.004388491649552589,0,0.01626593707957379,0.015709637541741865,0,2.1190257911441206,0.20017530682348655,1,0.050963505725199046,0.023976500747078414,0,0.10665183972123338,0.05898948334228093,0,2.1697884266635215,0.27476812374804904,1,0.014979520636480632,0.01070766910081236,0,0.0029283723611878603,0.005196692767577465,0,2.173816692105203,0.32295596167926494,1,0.007332000061551244,0.02006757920927052,0,0.03229263832640701,0.016755816369314475,0,2.0998390708390366,0.3085249926238429,1,-0.0014859497444136398,0.006186579973277855,0,0.052675146677156615,0.03034900250256833,0,1.7225705637491018,0.14614380546989997,1,0.01716691897720006,0.014535444630872101,0,0.0027019520491330367,0.0024672221084132842,0,2.5892033546595004,0.3983319472387937,1,0.011717767535285552,0.009432119088656332,0,0.014564655258545448,0.02395109702799826,0,1.4078718913820467,0.3918296705712194,1,0.013691915962468043,0.020435786324548916,0,0.0008723847054212506,0.008971971585230259,0,2.0597514253844373,0.2793301786711401,1,0.007639189109872943,0.014199403216611568,0,0.034409456879116715,0.018969643042298142,0,1.6110292907439487,0.3429951882405392,1,-0.00044239839891569354,0.008109821129323484,0,-0.00161732467383587,0.007567286187063986,0,2.101846364997322,0.5151247837192025,1,0.00942926848834765,0.022929440063803316,0,0.010876029033538511,0.01482428068808955,0,2.26590250923163,0.38394544346621756,1,0.062485233202461965,0.06114291285542012,0,0.000256858270174777,0.004032978590897566,0,2.356314895308844,0.20557642929692382,1,0.022758445774395324,0.02463764136812553,0,0.03689761578346122,0.019144945019931706,0,2.3000373173579245,0.480673358318816,1,-0.0030774398225530825,0.010428551000132463,0,0.08586168610184626,0.05681699220785598,0,1.8333733222251223,0.37523108273218586,1,0.05468705799126542,0.03831205835466152,0,0.12025433013258902,0.03934714140467376,0,2.577630831385511,0.4387791251325456,1,0.005148759833752006,0.0050041328535669225,0,0.018110956497167853,0.022395672469636686,0,1.6630226621776694,0.23310946803922158,1,0.008191907198017464,0.01486670846931434,0,0.009192683667082795,0.014675784341736404,0,1.9456542438922964,0.38618922706747777,1,0.0010751328971027449,0.007799449656090907,0,0.04114977935606991,0.026500333544188515,0,1.9574498079366598,0.25466502559686527,1,0.023454113864569616,0.011303826939272907,0,0.005094843369810968,0.007943248370178653,0,2.475791126780308,0.2887874331837835,1,0.041898127054330166,0.03693689986062624,0,0.003760553346969872,0.010547882625452223,0,1.7224683384666215,0.2861884258898329,1,0.00828686011477895,0.010886168502624333,0,0.009839805976629328,0.014695715332201927,0,1.9931999876430306,0.19704477684161714,1,0.004424281380308084,0.00541907507027849,0,0.015633593955909814,0.023671230740071606,0,1.6534730060004499,0.11665741431220968,1,0.005297118272908784,0.007783255429429668,0,0.02082308721192805,0.021986975211967383,0,2.7205574444601055,0.272741765845655,1,0.05278678364489162,0.03318188556159306,0,0.04223919789099063,0.039841379320225516,0,1.930220387650936,0.24587334375354447,1,0.04958459664647556,0.05086031720071003,0,0.07575256793932542,0.054943574301979915,0,1.5525964603967881,0.20750225434635156,1,0.00025956162385967014,0.003562857936259727,0,0.08689879993547646,0.04245759395621844,0,1.3288283779549626,0.18288873474313241,1,0.0300859147580402,0.029631685317570627,0,0.013862673136783238,0.009419707996985984,0,2.058414895929786,0.2849474443541815,1,0.0002562059884150826,0.003508513729681819,0,0.03586535354092247,0.03903725142818996,0,1.5114658422749006,0.23369632140485708,1,0.006237204658374527,0.006030499694083495,0,0.0007681283985530599,0.004271227196772894,0
129,1000,0.9,lasso,0.9532776323080807,0.001389456340548146,0.0,0.0,0,1.4181570649650284,0.14407363603499124,1,0.0,0.0,0,0.0,0.0,0,2.4860031383789365,0.1674281882865264,1,0.0,0.0,0,0.0,0.0,0,3.6706012024580645,0.4511494153116042,1,0.09562439529905854,0.18437571613992015,0,0.011654856782744815,0.023309713565489627,0,2.4366279320308095,0.40938623813800273,1,0.1670403066902138,0.2096804895006876,0,0.15768306790004902,0.13345299759827794,0,1.9694359957200398,0.5071317602808183,1,0.0,0.0,0,0.5925514780307989,0.5749444418246455,0,3.0282091430111833,0.777207327903656,1,0.06950871019110158,0.08895806871198124,0,0.07663622575127503,0.11598346917204447,0,2.2702583311084426,0.4572929344776595,1,0.17193346593033065,0.23804244384884501,0,0.04077674018026001,0.08155348036052001,0,1.9240701442137382,0.2776943863935706,1,0.0,0.0,0,0.0022799937043931845,0.004559987408786369,0,4.654288142098896,0.6286289802083435,1,0.0,0.0,0,0.03231864012919956,0.06463728025839913,0,2.5345340187324865,0.3673174417342279,1,0.00493991547552374,0.009879830951047481,0,0.0,0.0,0,2.974234348342808,0.8514420472135449,1,0.29028737647323066,0.36146397119457957,0,0.6725220106313812,0.45996478737051516,0,1.6787500970496496,0.38705270627771293,1,0.0,0.0,0,0.0,0.0,0,3.104049617444256,0.4725205235106055,1,0.03258308840282602,0.06516617680565204,0,0.0,0.0,0,3.518205081221916,0.6040773365113139,1,0.00029584118221114865,0.0005916823644222972,0,0.14622331857728166,0.14125621297624766,0,2.7060110856414936,0.6763283791962349,1,0.0,0.0,0,0.8184145905040534,0.3684984535070776,0,1.262790214336196,0.26317524058480435,1,0.0,0.0,0,0.0,0.0,0,1.8847201940875409,0.5464335092185221,1,0.013097892934913027,0.026195785869826054,0,0.3115988205013155,0.22891252017644112,0,1.8446415206058226,0.5215276979578716,1,0.3968611474340654,0.2372315262239089,0,0.603877987091275,0.25942707013033856,0,2.847875680612396,0.565444752083139,1,0.0,0.0,0,0.0,0.0,0,2.4496327558425364,0.2131175356704768,1,0.8100541557433217,0.4874073560600019,0,0.26751289374750925,0.3038986336848283,0,2.6307121519123604,0.4494240188585886,1,0.1802633653904783,0.22077802001301342,0,0.0,0.0,0,2.5319114373893026,0.612080141672315,1,0.0,0.0,0,0.0,0.0,0,3.063590685869845,0.47632923355211565,1,0.0,0.0,0,0.0,0.0,0,2.680160300012641,0.26235085305842737,1,0.0,0.0,0,0.6615277916083446,0.3890473686402531,0,1.71025423421449,0.2730052828736486,1,0.004059671992421499,0.008119343984842998,0,0.0,0.0,0,4.052501644407714,0.33678203091662645,1,0.11856642398625276,0.12583100197052602,0,0.34035026647725475,0.34605315253102154,0,1.245276749321583,0.2930795601113625,1,0.0,0.0,0,0.0,0.0,0,4.075317175064166,0.2650465798572085,1,0.0,0.0,0,0.0,0.0,0,2.418325696788328,0.18987983970209799,1,0.0,0.0,0,0.20153346795997354,0.2484378100883345,0,3.869227004716671,0.5953742243301152,1,0.0,0.0,0,0.39261778759899285,0.3241699241483968,0,1.068214847833995,0.27149628265559933,1,0.21125534547331526,0.18678546211283803,0,0.0,0.0,0,3.8676744942421655,0.40617446517819233,1,0.0,0.0,0,0.0,0.0,0,0.8112867860801544,0.08344889080526167,1,0.0,0.0,0,0.0,0.0,0
129,1000,0.9,dt,0.40799287972682796,0.055140484795878505,1.377323623625974,1.340870678202893,0,-0.847414584506924,1.4697281376205278,1,0.6766798286364166,0.9725186477175437,0,0.38261451708389166,0.5891225415494589,0,0.8058178186784085,0.6479249583770385,1,1.070876522789798,1.1728485796182702,0,1.5072508719110982,2.680207792864761,0,-0.5356636739514247,2.155705726942537,1,3.283015254651933,2.9323505658366633,0,1.4418565132291064,1.0768080394745112,0,0.6902732007311864,1.2354826816638131,1,1.8550860891407457,2.5203003701916917,0,1.1315537629318724,1.394947974504263,0,1.4469509132718066,1.7744432834445272,1,0.7245414894562165,1.941388233952714,0,0.44115331672694535,1.186963618177857,0,3.5578620532745084,6.170976918770288,1,1.604747463712311,1.7601613160679608,0,5.716712591976144,4.719318117304545,0,0.9366391360417051,1.024054478932595,1,2.9966309495170065,5.04142098787951,0,1.3287563734632246,2.825771602743343,0,2.1536227317646053,3.8408703507283954,1,0.45840951612712805,0.46971453799217183,0,0.7879228504408913,0.8452845605250204,0,4.943051173662427,4.847611401803431,1,-1.7767876086710608,2.068989639119205,0,8.213874852276017,10.196182087416208,0,2.3717657836972648,1.7711042327164968,1,0.28590843322937537,1.6663884979912549,0,1.8861986388485985,2.6881178968522916,0,2.795144560276902,2.890330707362873,1,0.24848961130519903,1.4150238777993607,0,1.9077925933243356,1.282933968289298,0,6.843479985463735,5.049172689645095,1,2.191802182094771,2.8582403765375886,0,0.3442743678058865,1.3060679194084968,0,0.03558323150235385,0.5521401636375766,1,1.4915876366601655,1.3949409571837679,0,0.9856951507899959,2.1677245990669136,0,2.8520070517205856,2.4285064155235334,1,2.450228271762294,3.062732563442023,0,2.7652009462674765,5.310534122884906,0,3.4422876656115067,2.9411146378357564,1,1.2030959911164503,1.6822259940370383,0,7.159477034091184,8.32651972939376,0,1.0321718677121512,0.8615002966510863,1,-0.309239550620094,3.4148143741780292,0,0.306731621971416,0.5211720846741157,0,0.05470324172493313,2.4026831194111398,1,0.4878889379457355,0.9920668562563005,0,2.2461326253818705,5.176098854740322,0,0.31962248203213334,0.3540050573624256,1,1.9423247835544288,4.3345148554483615,0,1.8227410033917208,2.3039233511138595,0,8.122203941946934,15.542050550941793,1,0.7017869312208737,1.660790807467361,0,0.5791269637871906,0.6649368646051357,0,0.7033771915470672,2.39447972848786,1,1.8078924750497187,2.7339945166941964,0,0.9865004045661745,1.6148862152938668,0,4.729622017263344,9.617410401632048,1,0.08956946920750683,0.6373673668880218,0,0.6915781562368586,1.0128456847813472,0,0.6145436735645442,0.9779102152154941,1,1.388407753573365,1.4057886122942318,0,0.11057074209123943,0.34855848227914177,0,0.7246021860245992,1.1922772060203743,1,2.8164999478034303,4.557166866604581,0,0.2457459518057477,1.3862415380455115,0,0.7602952754447083,0.6987348930705024,1,3.3751159568581293,6.083734348319419,0,5.8060399043571325,5.351162623091767,0,1.686960035339664,3.812635394054577,1,0.46283632744585834,0.9291965964022486,0,0.5734849880315538,1.4972102890089665,0,5.894467549880618,5.533268144696316,1,1.7471887898863496,1.5730596908616754,0,0.24215655274642872,1.4020318954569793,0,0.43285949255731193,1.6990779793795991,1,0.3550369516906727,0.932503264484798,0,-0.3966616213957818,0.9116912179331343,0,2.5046619964837253,3.320831499852667,1,0.5792979842509235,0.7183602962417106,0,0.48270465986239375,1.5657790672587544,0,0.4463799591006715,0.5008009441872727,1,0.42663168369997606,0.37342021784960205,0,-0.30773779655661543,0.7106151080572065,0,3.066517903020311,3.0338842644707267,1,0.3969662554357657,0.29952835543711726,0,0.7517728630990346,1.585714653036996,0,3.2053349150229815,4.479250981780308,1,2.6214633337525153,2.243774837310075,0,1.1218506000514168,0.9947266617095485,0,2.7981470422403794,3.8545522099566165,1,1.49405517112788,1.9236329689641858,0,0.6753977009064263,1.0436082005187768,0,0.6827442732897738,0.974731876002372,1,-0.6661372922573914,2.35407147467587,0,0.42591917585635375,0.6312215228236462,0
129,1000,0.9,rf,0.8217617666078209,0.014597794974446356,0.301250941595742,0.09081645363391228,0,0.45770883615547514,0.06900640206717429,1,0.30150279932501595,0.11296027329134999,0,0.41616049944474903,0.09175356557551692,0,0.5962327006770025,0.19775036173654187,1,0.7652222519453821,0.10013293872151668,0,0.8521483515457169,0.06939510737520468,0,1.0268856763003058,0.26627482535924674,1,0.8252889498960096,0.2657756114034263,0,0.7896811185629892,0.2358443392487692,0,0.6612588904298706,0.12403521357912489,1,0.6419254372350193,0.2390885007658308,0,0.8997744771879106,0.20058198885202,0,0.999466080223541,0.31620932706975047,1,0.5910874541568685,0.12276192195842059,0,1.6962174087305038,0.2683019496230666,0,1.5425668415836293,0.16450377891765866,1,0.8814247727766821,0.06714019772792551,0,1.0876843153754,0.29329424291463296,0,0.8587805854438049,0.16262674540092686,1,1.275755158723991,0.2101087797156632,0,0.5220314342273209,0.09963828730810645,0,0.9388102250782989,0.31062569119666283,1,0.6067745792962439,0.1030567883264124,0,0.8475843982582433,0.3074398756753008,0,2.3031490231317178,0.46129098788395023,1,0.5032012712070204,0.10761912690083966,0,1.1111901666405863,0.3740549216502572,0,1.4695935603547174,0.2717606482055237,1,0.8914097214077661,0.170698817294023,0,0.5314176298706038,0.3529502700801629,0,0.8794343055008922,0.2690027620065312,1,1.1946836284246356,0.4903550225682885,0,0.8574355271558932,0.2744593301505175,0,2.789207762363134,0.5077759589266446,1,0.4504726365147416,0.15778871860587446,0,0.4904704126685287,0.2530625679575439,0,0.877576897524385,0.23459184764909502,1,0.6621421483181635,0.2564154249840835,0,0.5158197805390368,0.26560341603649035,0,0.8220318682727786,0.4919873247134319,1,0.9389585756382963,0.21114782956016387,0,1.8588261966213622,0.571249821159488,0,1.2528959273810378,0.6265402263090193,1,0.9209949410351113,0.3912871298592496,0,2.68028029798632,1.1477687971185402,0,0.5186067711501503,0.21383480453859768,1,0.3594179950529413,0.10223828345045193,0,0.41948368103789874,0.1301786641349368,0,0.6657381174338768,0.20115711548549595,1,0.4755117688919045,0.09558346163269617,0,0.6999060531227789,0.2681134637273362,0,0.8172396595366658,0.3539013802630356,1,1.0244086650130404,0.24127615819588455,0,1.1732692426060747,0.3712016983775735,0,1.8748985778526233,0.4552272024344268,1,0.6838301058726584,0.25596541786019256,0,0.5679347593961399,0.1766106595634013,0,1.1294303693333434,0.24619067054011828,1,1.5615020215228361,0.5484233113138459,0,1.0628776498084336,0.4826630396236798,0,1.8587230783393403,0.6771378343506184,1,1.347332473602076,1.0074316291539633,0,0.561499467074985,0.10822478272619432,0,1.1441912703048518,0.23653209946466106,1,0.5313616845958823,0.026342428695387984,0,0.30733654911322345,0.11797483935339773,0,0.8660968452475364,0.2658107394776822,1,0.7714317130896283,0.16154481255369946,0,0.5369783608311126,0.14068793704428165,0,2.007446184797634,0.5549081401119793,1,0.7589421019152497,0.18135768516172635,0,0.9980814082285698,0.17301504183062996,0,0.8457804068288042,0.3240403980792067,1,0.6553476236173515,0.19617276794878263,0,0.8483840369251224,0.2031257657517318,0,1.784758256068584,0.3359096208556736,1,0.9554409335460162,0.12888100310364145,0,1.1920561750614476,0.2644168479427973,0,1.0140932606323152,0.3918215803369998,1,0.45227808048071705,0.11552861385514221,0,0.5076119243365345,0.2229516753217897,0,1.3723903178761259,0.1425567415414557,1,0.7835975855389469,0.18945504336604355,0,0.7528501624503804,0.17898222359769833,0,1.0887210350120253,0.20367128915720795,1,0.9217059007377358,0.12002376337604428,0,0.993457739737784,0.21517042565246872,0,1.4160254192382462,0.3740544334281292,1,0.5986453614464116,0.09135345762163205,0,0.8591487970514053,0.18146454534118658,0,0.577086427057176,0.16273932992435752,1,0.742062092786661,0.10250335138909444,0,0.5433886130835763,0.07116780942848835,0,0.7072658554398004,0.24767379584487043,1,0.36844184249793055,0.1159988357813848,0,0.2232407993133217,0.06371315044259618,0,0.21641198243895993,0.09614940775058728,1,0.22362685225184337,0.06838721991222782,0,0.2308383871879751,0.0811742772153454,0
129,1000,0.9,et,0.8408159052294837,0.009582088471411733,0.2813718905514996,0.050929573781508385,0,0.3807348876544578,0.060914763314037515,1,0.26015700402988157,0.07094146901155571,0,0.2932831598352121,0.13657864906048564,0,0.6404834567033012,0.04424859945614856,1,0.7969192049111192,0.13411797737883827,0,0.8351907605135827,0.0928671468853036,0,1.1588282183505303,0.1310201624856425,1,0.8052308869052214,0.09512001502309014,0,0.8068883076282056,0.21945024539945104,0,0.6587305890868237,0.16922661408521306,1,0.7578677448897576,0.10775470634379532,0,0.9377287765417046,0.10334305929819347,0,1.032568014091186,0.3548923381472957,1,0.7364410579825993,0.14000913869034037,0,1.62880302117212,0.21987767585829726,0,1.2145589729157167,0.3721315144641258,1,0.8733078883489377,0.16215239673285145,0,0.9418522234160779,0.26773176904378176,0,0.9383953223783725,0.22409441210677322,1,1.2445857635577728,0.20086266763198182,0,0.485230785826581,0.04441659847420335,0,0.8767983727445081,0.29420991877752395,1,0.45981763103543144,0.18145918649103107,0,0.649418176509266,0.30053530824508484,0,2.017777257831363,0.4215002020456597,1,0.6687905765712766,0.09291300760948935,0,1.0045986701897456,0.2727125022453806,0,1.4575114289861237,0.5255054304971501,1,0.8302797307763639,0.3965917592531827,0,0.6904339393486782,0.35279721169636313,0,1.141557251678258,0.5423572588431315,1,0.9300556770387468,0.15957805868128752,0,1.3581227310390063,0.5751868813403707,0,1.6280486220292203,0.5629149697428947,1,0.6394021702327877,0.2266232446190586,0,0.5654235710495886,0.2649489540672721,0,0.964461119955236,0.24571536248219183,1,0.5680723607058304,0.0980665149881213,0,0.49760838088222387,0.10470987510557665,0,0.9218496111681466,0.11773680551599337,1,0.8711084509283079,0.19158786826594804,0,1.420053259356483,0.26793116148286306,0,1.410096668396546,0.5623942379237263,1,1.0521678671556927,0.29003970656534456,0,1.7782744302083593,0.6234093733037149,0,0.672719269845204,0.10059084253829811,1,0.44033716110793575,0.06558377498147351,0,0.3699101090162188,0.20976280611391537,0,0.6202976624082985,0.17621376726553947,1,0.5638701255654015,0.1852237056154859,0,0.6685652221694641,0.12927800787091487,0,0.7861987210609083,0.1503085141956559,1,0.9731874921838527,0.23414258588910003,0,1.1556208781686075,0.36322412863505416,0,1.276515131838433,0.42229647336372456,1,0.6806428121756491,0.17602871638941392,0,0.7157370719479763,0.18369754696032217,0,1.2800689148422504,0.2334903845544957,1,1.3625293960030063,0.21134972761361254,0,1.3200084292623289,0.4396805841794901,0,2.1062230977557954,0.7263428935071787,1,1.1757543251436378,0.5712217201252056,0,0.5976091627008046,0.10829000476265131,0,0.9181118049455129,0.1000893826434782,1,0.5283746878577749,0.16197922632734915,0,0.4406212866914981,0.1629675869975255,0,0.858028154036267,0.12199516824462919,1,0.7759044091384825,0.12979048832708423,0,0.7012702428042653,0.18436698513631902,0,1.3686166629788372,0.43683052451684057,1,0.7207015957362563,0.22003663529699583,0,0.9134043461033616,0.28496478203019965,0,0.7355675788343549,0.22929983043584767,1,0.6434598493591752,0.16414457983958614,0,1.1089550991707644,0.22287883468002026,0,1.4527294347009316,0.2792775688811009,1,1.2318969638922206,0.11777777732819682,0,1.2781561332508393,0.2309049282717917,0,0.7658985728335357,0.2843872610042051,1,0.6099291634322518,0.09256138529510319,0,0.7792895048495063,0.0853449993722957,0,1.2895932928739764,0.10435480522460958,1,0.7030346803567101,0.13228883386252854,0,0.6247648719782147,0.09570552800694207,0,1.1442434726388193,0.3486753715267907,1,1.021845826057937,0.13641619972207245,0,0.766802258370636,0.1404195909735811,0,1.2716742665388572,0.18499671158361788,1,0.7584047076286279,0.21489412034502242,0,0.8801534500675103,0.20059955259246834,0,0.6445056352834216,0.04643555331831873,1,0.6609316593437748,0.1125683834667998,0,0.5881294039620037,0.13921016002122025,0,0.6795288919817098,0.11366546724479726,1,0.41788637546255847,0.09554818098162027,0,0.2539076758203432,0.06271766451699551,0,0.25079116653869477,0.0895561435229422,1,0.1914745291916733,0.0836947109829239,0,0.20388426757247932,0.08493049721026996,0
129,1000,0.9,gb,0.8864671290886769,0.013267669510555668,0.14385345450299641,0.045551775481135814,0,0.7036377113128283,0.2241063769121929,1,0.3651948045360165,0.18341497974166673,0,0.2716402459554982,0.22503412038692536,0,0.914399688747357,0.3127962214844599,1,0.5547824900870602,0.3049299477378019,0,0.5691474875619169,0.265975637164542,0,2.518678387645969,1.0395501315968867,1,0.7304556513485663,0.4492276027391235,0,0.29297784724243925,0.13484419298942715,0,0.4703511707200967,0.17846893230173153,1,0.5693899812509102,0.3943808653670612,0,0.5954903477476698,0.49455649654953543,0,1.287343500220938,0.5275376350606275,1,0.2919669724899109,0.29076691857950565,0,0.9911095260857493,0.4519686876740411,0,0.9100049008639537,0.4501758832702103,1,0.2909421025422468,0.11591784143195076,0,1.1778345435536726,0.4259164128675778,0,1.2586351512339582,0.46581423595717986,1,1.6816285452288462,0.7980338574781456,0,0.25672916680184,0.18099236294305496,0,0.5319962043694135,0.2877956501976825,1,0.33334325027118383,0.29381635211106466,0,0.3708192756611665,0.36677619694370744,0,3.107163178688217,0.7528136954272343,1,0.34541899829718176,0.24666514615072427,0,0.8776130635803794,0.7902172940166845,0,2.01441641039822,0.9693530574245124,1,0.3108592560582039,0.14525881392333803,0,0.5881632678774793,0.41340965516867034,0,1.5146730656750151,1.3141698616209432,1,0.5406033371108908,0.47260915297578365,0,0.42039433079886157,0.22670417019129172,0,3.08752442486226,1.3885614212484894,1,0.20793579037176463,0.1725283548389701,0,0.2069217736999736,0.13749921217849984,0,1.069382099987844,0.23314431041864178,1,0.6012826289945455,0.36916021678571176,0,0.10137341882434563,0.09320596821210231,0,1.0629108489960417,0.4695456343467052,1,0.5440279707721664,0.47878270672656537,0,1.3271327119282454,0.6634622618460193,0,0.8382563679398757,0.40795569155951256,1,0.21330010164528468,0.119378467837852,0,3.0065448400200934,1.3410865183819507,0,0.8618042039801885,0.2052532934183715,1,0.1290214213519703,0.13663839260616567,0,0.20435761849085038,0.21467412967402166,0,0.8848330542858396,0.2776567452630347,1,0.27470069802047364,0.14598129881776745,0,0.24849981848402733,0.23933819171079493,0,1.1309406526131989,0.3633933022080049,1,0.7120149916221286,0.4778564497303487,0,0.6852697297338636,0.7141210457381887,0,2.920749513023689,1.5201537822578912,1,0.35486221057484035,0.27217309664528017,0,0.2636200985186528,0.38228770544391066,0,1.2622402552489855,0.7838429643014079,1,1.056896972033024,0.7371384090438043,0,0.3030564919984173,0.3554759739240364,0,1.3694124146340296,0.7604698519736538,1,0.7857056137938849,0.6565017665060294,0,0.2649193528169668,0.26456703745379867,0,1.348173609641609,0.4077267558695732,1,0.23611278883772488,0.13040660770581178,0,0.17092657221106505,0.16987376446396404,0,1.9870908170148305,0.2948551836808046,1,0.35068077028252814,0.5171211495579943,0,0.15789748269806286,0.0888704559513207,0,2.3406539197780347,0.5078793527911472,1,0.5604285439377227,0.4072859884786028,0,1.2185447425295801,0.5002720096392927,0,0.335678408954442,0.23043844851146952,1,0.12388038022654206,0.0818502082946263,0,0.31663656581627025,0.24699315950220205,0,2.6112923536770993,0.5340992248768227,1,0.5583422032846389,0.23921788567868005,0,0.9892566768564308,0.616412900546396,0,0.8790815327368999,0.28602861875068836,1,0.20130084058743652,0.19566543280270943,0,0.10792823197429531,0.09062595033966862,0,2.0596113121184056,0.6237610294016421,1,0.4116033152356162,0.34470099172008206,0,0.42596462130425305,0.13637088825796262,0,1.4445834136546662,0.5140909552621116,1,0.44918791801103347,0.439710895246524,0,0.4913385880951943,0.21518861142945506,0,1.5465904112354678,0.4937551289539611,1,0.25988594040908486,0.2355106884891788,0,1.089727716978167,0.7384990735196518,0,0.8951268320386706,0.3172384132000623,1,0.5153753368372386,0.3009187641468365,0,0.931025566938605,0.3721378126784495,0,1.358960387393269,0.6805785722368549,1,0.2526614973776108,0.20247865637326015,0,0.2025423149984915,0.1257755855341181,0,0.7147082262155913,0.47410700154811175,1,0.12043734597728066,0.12303714634146254,0,0.16198293969622385,0.1209238248191434,0
129,1000,0.9,hgb,0.8826067213113534,0.013287007726374384,0.28595505607381283,0.15131139023927817,0,0.5391756604581806,0.25036016493035684,1,0.3962215180576619,0.150068472709016,0,0.28011592073172925,0.07431476995439852,0,0.9078841173985357,0.289562150660379,1,0.6097817642459572,0.3458809313001665,0,0.5107024023847885,0.28000040873239956,0,1.4309953538827216,0.5246090834871376,1,1.1692214031805002,0.4644227599938571,0,0.43931581179271906,0.5841161401171926,0,0.6473280228716731,0.23354216027798957,1,0.4309400836150763,0.1747579083781136,0,0.5955312938085264,0.2754771484374794,0,0.7753169151416686,0.18419427299146504,1,0.49598119249053224,0.1626476429751868,0,1.4460493755148156,0.553438122672132,0,1.2522613688943138,0.41627914791320614,1,0.4268982561704348,0.2319591819419658,0,1.4192675465333187,0.6838543919161366,0,0.9554400083505985,0.8354587773959177,1,2.0631195126094317,0.5723592429764446,0,0.21182347703816334,0.19001975867151752,0,0.5909675354408195,0.21240853629481285,1,0.41014390354583624,0.41210147632751337,0,0.19046658414411646,0.11130547042184429,0,3.2037930420294223,0.5931302474985917,1,0.20924990394229992,0.06655787974841731,0,1.022573970136404,0.5857161114555943,0,1.523339971144181,0.7253404873406949,1,0.344281073440205,0.28285867611503657,0,0.4080851841108977,0.2860056293072941,0,0.9786842810980516,0.2518519225054206,1,0.4922018010597613,0.306774554429192,0,0.4504507611101739,0.35849627352030333,0,3.3730465376601146,1.2194850315672878,1,0.33277665639933307,0.235222310349441,0,0.40683019992961195,0.4580364015592091,0,1.242040699326134,0.5843897123003157,1,0.5415967150933513,0.4068481435283809,0,0.3819109377419792,0.1877232032349689,0,0.7704709236979145,0.34553618593587987,1,0.7035678178560445,0.5112733900168263,0,0.7273227019123849,0.18608482856601327,0,1.3952648134468266,0.8947190131106747,1,0.3956750044435215,0.30809532722205946,0,2.5837243773578047,1.4290796256766745,0,0.44715855076395894,0.3535890540176218,1,0.340165008202958,0.19371587130046294,0,0.1892049987736726,0.07854936306456077,0,0.6027453183130979,0.28178981222617866,1,0.18229191952966936,0.08027498242391068,0,0.46920501724123015,0.06152176381649234,0,0.9265914116372123,0.4867646634340273,1,0.5370103498688674,0.4136272912423845,0,0.4787377061891195,0.1937350598842166,0,2.70930886481269,1.0432122533404007,1,0.4148116133653013,0.34197149962054013,0,0.3764737779795861,0.28539865279881665,0,1.395393026412711,0.652519526482249,1,1.0367449466683332,0.6631573060179851,0,0.7436180893449819,0.4433840964950346,0,1.7725178894185014,0.5883581941348547,1,0.6126959784090541,0.60104090393811,0,0.2729745108558369,0.08926774426368861,0,0.8668534014617333,0.27571880384193875,1,0.38405473436278337,0.15585422880427421,0,0.03266441748973638,0.12450872624846648,0,1.2001991800594936,0.5034582155713325,1,0.5144402443530351,0.2663536325739228,0,0.3835956750822144,0.24545622165806827,0,1.2368839104524396,0.2795675395624829,1,0.9081358216671847,0.45242971583989955,0,1.1921086721362457,0.5563527219817834,0,0.49179942261990767,0.145730465986034,1,0.30606544264076396,0.25029085453032535,0,0.4446482567738193,0.3109652898928228,0,1.299642977414957,0.7396321708793437,1,0.7426980677206156,0.37495966508654527,0,1.0341754732568884,0.36853094431719025,0,1.0059502102164792,0.48586837722133586,1,0.3381104828742755,0.29593841741919147,0,0.3943602284533136,0.18814948805094675,0,2.3771213525341066,0.7731923586860167,1,0.5211254194464995,0.22194098922066172,0,0.3817213000172955,0.20318618762985996,0,1.3059725493948917,0.5639065987823719,1,0.4987102001419531,0.4686400487844261,0,0.4355605046760796,0.2620909610621583,0,1.557458784182877,0.27378571563167886,1,0.4041225964086104,0.15924092775467638,0,1.1364416231147412,0.39469637458618795,0,0.9336433486377409,0.2531968786011018,1,0.5999410620692636,0.1897232472539289,0,0.7145094212197851,0.4425997146165442,0,1.2347722820850684,0.5899370208864803,1,0.4428349054784452,0.23425494620075915,0,0.10514306744594497,0.07067753898512087,0,0.5766001890163883,0.3645605132035894,1,0.10581063480268735,0.04625283799875296,0,0.18818115264625754,0.10720862459911112,0
129,1000,0.9,ab,0.7427025311798516,0.014036606407383299,0.08652491697463484,0.10842227630562175,0,0.37658705003811416,0.47413341360175487,1,0.39663892183053906,0.3783660026052761,0,0.06856445373980893,0.16928606905900623,0,0.12253683168696217,0.2548411564442578,1,0.1952152957845839,0.34749894898224903,0,0.6908698511192772,0.5628582990906215,0,1.848594202433587,0.8037858259081928,1,0.29750464816003586,0.2683965077294605,0,0.6824927456290765,0.3433841400918195,0,0.27842350129389404,0.25613535699865847,1,0.13602753460611183,0.144269030963606,0,0.9881499039162553,0.44454880781348466,0,1.1212489894076267,0.5709969338432259,1,0.8835684702210754,0.5216502156712243,0,1.7419198106313174,0.1598220001206525,0,0.7653952918674384,0.5701701690030632,1,0.5225917956268,0.40671773391892635,0,0.7740813466496783,0.5134041169699781,0,0.6189067314334548,0.33629045147582,1,2.5342759557195116,1.7265866805451782,0,0.09493929201529464,0.09967103499498109,0,1.0953550962171617,0.24120366962176207,1,0.6853748109698381,0.3814567697602792,0,0.6075846293731684,0.4022219608096379,0,0.8256316421509867,0.5229047066575714,1,0.08226370555106814,0.16478263671941323,0,0.6035585246227863,0.36492596120969983,0,1.5141508030869941,0.8404557835449264,1,0.19011168238266132,0.2030356410408087,0,0.20821334651080137,0.2822211140059156,0,1.828817282123066,0.9517544143056546,1,1.139418129923342,1.1518878122232412,0,0.8979727491101613,0.4324122801043881,0,3.6308000296976823,1.5917055423095727,1,0.6575706189598982,0.7199328284573606,0,0.32600005145804595,0.24044457536235728,0,0.8461422672230471,0.8329410606641504,1,0.3820645638269535,0.6562742050385516,0,0.23145955381344238,0.2318530829926221,0,0.7089164544036628,0.4406534298050323,1,1.2754198029688426,1.4098729105518633,0,0.5435542184533957,0.3700255972227,0,1.3651129025601185,0.9418125819975025,1,0.631113324154791,0.4584653252298405,0,1.6615701508229292,0.9398424868139647,0,0.5834330105767098,0.20507835657134935,1,0.19325241385618153,0.2150473942236978,0,0.40103507832198104,0.24417238494871,0,0.1035480626147645,0.2400571515693879,1,0.10326747083147107,0.09251488077111682,0,0.45323535934680204,0.2241692728422759,0,1.0641509227850265,0.4335395263050649,1,0.3563943865653777,0.2655705871204638,0,0.46170318492331497,0.46985066977200507,0,2.994140886886068,1.2187860573741278,1,0.2083334716767758,0.23485639693011234,0,0.1482807256481921,0.19739577949416134,0,1.71419529359513,0.6928284327315416,1,0.2606071779445168,0.34998414995517685,0,0.667641281099258,0.48221394787641025,0,1.4570466519995589,0.28703519200788546,1,1.2464609878150703,0.8395672733873054,0,0.7810582302840554,1.1927412303063158,0,1.1549168689305165,0.7140176771076645,1,0.25909734363045983,0.20670808507006858,0,0.07003443658568889,0.20948301582187423,0,1.0684758859899153,0.6028058068345874,1,0.6916365685151246,0.48551865481510564,0,-0.017306639926898498,0.14394681176613425,0,1.4250224090112422,1.1021692603438003,1,0.5484109406697166,0.5797688976337302,0,0.9588733487629311,0.4323566047338629,0,0.3773867149764013,0.3398252144467175,1,0.638135908801517,0.6109550544741953,0,0.7674451537070164,0.3933117048448348,0,2.537123673357505,0.7241668504720881,1,0.5734460744068773,0.43407532864667925,0,0.6585372909223299,0.3482871926704036,0,0.2511645869922699,0.45328863831836014,1,0.34347551097422324,0.345618862915979,0,0.32702313430243124,0.19500986124961248,0,1.9798679267413903,1.5845961436216005,1,0.060746883499059545,0.08005313739786901,0,0.14507483451202757,0.11041554614011505,0,1.225608988601615,1.0521682504378915,1,0.996038790465256,0.9034090852720361,0,0.754427803473728,0.47851210664627386,0,2.2556971045689753,1.247023117508464,1,0.20899519279617373,0.26030352470265344,0,0.8729767524692867,0.36424203178650677,0,0.16390296628628032,0.16153076413211717,1,0.8584113997532201,0.3161894760455959,0,0.6705762981721582,0.8809465437660617,0,0.8040747751614731,0.7337877521689928,1,0.041507385631927116,0.06734459917561597,0,0.06665991114026185,0.08573192645365366,0,0.06510396443109377,0.06397743730241105,1,0.0018403918256082647,0.003680783651216529,0,-0.002909354163100516,0.016991446488542953,0
129,1000,0.9,bag,0.7814332621335086,0.02031799653693628,0.2737191220325041,0.23226100592732446,0,0.43081490284857793,0.09677729272840428,1,0.5709978174784777,0.3144200616238014,0,0.40161994544071966,0.25994612124726624,0,0.8601348509283018,0.17902264688697214,1,0.9832554838396266,0.5887086945452404,0,1.2171565595764284,0.7582790828107934,0,1.4700768987576356,0.5997266138371626,1,0.9811839870665029,0.8117960640694344,0,0.7179992009832827,0.3984276029782413,0,0.41326725026948463,0.19122018520124734,1,0.790009205069581,0.7221798947116681,0,0.20007758439028528,0.41227702401938104,0,1.7707407800755,1.0148927713492941,1,0.6034376115213235,0.2710353978739964,0,1.5869582885379478,0.3179819997862915,0,1.5488358150281836,0.503432419909386,1,0.5869624516953328,0.36870150643358446,0,1.476355531184524,1.1543355824745276,0,1.6596680292927644,0.880787579992866,1,1.239133640949706,0.49094447555611354,0,0.6279061038774112,0.41512738793017945,0,1.0011872375295798,0.9243985833835329,1,0.3350158889950345,0.5389814543986398,0,0.9666252494734261,0.7985093916380205,0,2.14239106605726,1.4587550535633422,1,0.4588562244459298,0.4674895422651083,0,1.6973844827123226,1.2425334181562209,0,1.91338697886452,1.0555224402641008,1,1.3786698327630396,0.9739351789015792,0,0.3341502978284942,0.4116778180944987,0,0.556640593700259,0.30663430861725804,1,0.7956933038455991,0.42216597934288186,0,1.1975065249269028,0.48051251682482354,0,3.1499438042576053,1.0464540720554896,1,0.13606467308840245,0.30192777022215883,0,0.4835813996112515,0.7306313458676694,0,0.7886875601795768,0.7592843775049591,1,0.6007542209400223,0.715765812011214,0,0.8935499034419105,0.8222945214666493,0,1.1284909118081878,0.8209428307641102,1,0.6974612887669353,0.6112311624452353,0,1.9755809657255647,1.2544310208416638,0,1.1067979198985285,0.730080122430306,1,1.1986242416181745,0.5223533279084164,0,3.115733644201478,2.997487422239589,0,0.6922324555402714,0.6257738240105463,1,0.1059252181978799,0.2577506751677849,0,0.47713998462049584,0.5162243941992751,0,0.5639234127325974,0.3698128462565245,1,0.4551074850340259,0.25953389705180535,0,1.3119357197970596,0.37580860245984415,0,0.9497974150694306,0.6176161900481736,1,1.5161544717120132,0.9474163834042443,0,1.0202447159701422,1.0324814655794778,0,1.123294008850065,1.1387799753508172,1,0.6066031306348304,0.4086013857366477,0,0.7093784213386594,0.40083078413884865,0,1.464829426638937,0.7260711993236246,1,1.5425000932082722,0.8437843380205594,0,0.8948239608153367,0.6218950753956286,0,2.4970718448827567,0.6672646223144961,1,2.534670554111726,2.8878311260379315,0,0.6015952107171851,0.32385385162056723,0,0.7608439834078492,0.682532452764041,1,0.5571435173268401,0.30125026750984935,0,0.5980489451548868,0.4723613127422632,0,1.2896870775525042,0.6590936128160275,1,0.8517305077147619,0.5074986991668256,0,0.4738239690779721,0.25766076839567403,0,2.3675621280041645,0.36117402101679497,1,0.9449722993003385,0.7144231383897677,0,0.9360123340957095,0.3757387313877895,0,1.036313838652711,0.7927938452249358,1,0.4607635277848711,0.4906176222156101,0,0.3715123764615023,0.3496342015616687,0,0.6835605110756493,0.5775001236275434,1,1.7141039578541264,0.9391606655203706,0,1.272793854386046,0.5585612105451091,0,0.8528516008583704,0.4588800148899259,1,0.29008589393165946,0.3329160691936635,0,0.36527755157207614,0.42477011130029596,0,2.131842656257356,1.0633139787250552,1,1.0747626988851018,0.6993276668533983,0,1.0091200234545148,0.5326237770524829,0,1.2514848572327866,0.7829504157876187,1,1.1307102122443096,0.45003533032616627,0,1.2402800436167343,0.6579799010111079,0,1.534481945911835,0.8218505087461851,1,0.5797426603038204,0.2806397316128269,0,1.316631530479733,0.7950237396366586,0,0.3900678957450187,0.5300284972912961,1,0.5341704395280669,0.31430805014493124,0,0.43757829080759975,0.5248382590839117,0,0.2991603455965467,0.46783799203915927,1,0.3535701890872557,0.17458972105665768,0,0.33371129896720714,0.307668380413223,0,0.2259297203227773,0.28953828479312166,1,0.3418134787538932,0.49683389438708647,0,0.04932618198730039,0.12710332390946033,0
129,1000,0.9,mlp,0.9899237346520552,0.0009084518362458948,0.06895444627708094,0.036101166813924654,0,1.8216990403530613,0.4347359168069516,1,0.08292815666578404,0.06519967486432762,0,0.12955665121346854,0.04496928856719654,0,1.4268856513593464,0.5475123191088993,1,0.005440953856180158,0.007818967580810961,0,0.023143110579485177,0.05164263622596955,0,1.907621148206251,0.3536704898447055,1,0.06949336346477089,0.055021946024236455,0,0.1283213243433262,0.05222054469570578,0,1.3943216852020444,0.21282486418473226,1,0.04664160235126259,0.02544382147685985,0,0.03340163918793546,0.03854983283557518,0,1.6679724190434766,0.49406769064298695,1,0.03830959651214917,0.03671020090876788,0,0.05744115464569129,0.04632414628492992,0,2.363877123661574,0.5809387801353855,1,0.04882279118516823,0.02531645181493412,0,0.04715505081583638,0.02635254929867755,0,1.604400013753541,0.11078689949895146,1,0.02882018775259957,0.04355500960695181,0,0.05501876619841186,0.05423571275090637,0,2.2951755535368745,0.5441422580616535,1,0.02464560373555342,0.050519850002964904,0,0.08064094750108788,0.061570707372951616,0,2.470653094136863,0.4171946290749414,1,0.03706308911519268,0.015544310032169174,0,0.05490857498451777,0.07852351612625225,0,1.2587926739604058,0.11127186698895802,1,0.061620958408462836,0.04559398471932941,0,0.06107785323845173,0.04077427942212662,0,2.8615014698507393,0.5491779376686505,1,0.06729552365428895,0.05064391571699833,0,0.037179041493590755,0.06668287254708116,0,1.4786758140636167,0.5482545491685753,1,0.0766186090503855,0.06311996283156494,0,0.09028763669921328,0.03440732295492808,0,1.9953932767654314,0.23889028555179861,1,0.04455291340273969,0.049306412547032136,0,0.055165065446232564,0.07283191343693982,0,1.3662885758754992,0.271481667755693,1,0.014560755672012477,0.032982136278095674,0,0.011107326961458792,0.03538554512066181,0,2.3128532565448565,0.407289488186757,1,0.06288739625629494,0.04323361467795285,0,0.08234114907841857,0.054908716982689475,0,1.8262954997283618,0.413200730173444,1,0.04622197833000778,0.03605442133495974,0,0.14405715126755875,0.08300640592215969,0,2.2841457037143993,0.24652575030659024,1,0.12261053044438275,0.057506115435778035,0,0.011357728754412275,0.024007297759375955,0,2.123643111513112,0.6240181835555901,1,0.01730623427803984,0.05058674723096612,0,0.23634157954417007,0.1828190604428585,0,1.990625414726749,0.32720918025829276,1,0.07694526702025983,0.08476254065274613,0,0.09755107105926078,0.10614553302649553,0,2.2437677679987056,0.2816821941548332,1,0.057345284933035125,0.02578534645672717,0,0.02789584063084083,0.03365942035513974,0,1.0286832061199183,0.1581203938962597,1,0.06242700270038881,0.04062304819629498,0,0.0651304795938451,0.045287776036447,0,1.9493471686114645,0.5588201739384449,1,0.01625016222416386,0.026983855882814146,0,0.03163446312188652,0.025180233481451264,0,2.082865774115134,0.26780051763117146,1,0.01794232721405413,0.03357926171553171,0,0.018496050327250536,0.04240336802441901,0,2.023120427891537,0.3001789973881503,1,0.017484845539359122,0.03824511569552265,0,0.046809653515782076,0.01477669260158005,0,1.2146951009243376,0.22682980615735998,1,0.04744502711516127,0.033117889377965504,0,0.11386024390417956,0.05049338040490622,0,1.7684284801192571,0.10688833188161441,1,0.009027033637334383,0.041887499397212064,0,0.05604643822363864,0.050487257777941254,0,1.7487480930459605,0.14743753335628013,1,0.03855929677506449,0.06141413994647786,0,0.10916982424378599,0.08997791071134231,0,2.6326521044621116,0.4110419621059825,1,0.10490523128590674,0.062214190030465265,0,0.09388056463221081,0.04232193269887694,0,2.5436721163557965,0.48631334668340337,1,0.08783979056625599,0.056656001681135,0,0.15447647437250994,0.11677961960150342,0,1.5624903738547935,0.27277377364652616,1,0.09195717072128819,0.045174613896124184,0,0.325972158719975,0.11259578150144263,0,1.0871855771391603,0.23087114823307847,1,0.14263236110595448,0.06267031652320078,0,0.10898131427030525,0.10611817051813811,0,1.2251267809214463,0.31127447420838594,1,0.06081246501818701,0.04718287795680294,0,0.04452800364191982,0.0689570572161023,0,1.398937160105888,0.23974482202112607,1,0.05792168231585164,0.04335394988474203,0,0.05475444298961292,0.03897676336033138,0
129,1000,0.9,svr,0.8506972432389539,0.024317138077295176,0.43573589325670203,0.07644266868679254,0,0.5792030835428833,0.05806627002084527,1,0.37321279447712763,0.07436725553231201,0,0.4982988678606236,0.06979259875490461,0,0.6743226481035602,0.11420682819631635,1,0.530700153240689,0.11194647750492637,0,0.6267126756704529,0.049654478005022144,0,0.985804380671771,0.08511917272462292,1,0.6621103945128057,0.11073580371283392,0,0.616901633869385,0.07652092265440204,0,0.8363514198849286,0.08487838983711797,1,0.7066808516922769,0.0918000756273221,0,0.6281091725284833,0.1350930012831879,0,0.8828661824767121,0.07654960466043913,1,0.7125654386609439,0.11343366375313532,0,0.6448575430644997,0.09039436748611612,0,0.7241146098361071,0.15455176776313514,1,0.5515524864897363,0.10234787125984815,0,0.6080155876664813,0.14123465596838974,0,0.778035747586146,0.158769401420791,1,0.714719946903667,0.1453522551220303,0,0.7944655269002153,0.16829684551262974,0,0.9089055898730448,0.1369779636123666,1,0.7817185075378235,0.15084272794802925,0,0.7960711919960203,0.17260298556483045,0,1.0394123955490433,0.20944588850728063,1,0.7689744175058926,0.14506861631421433,0,0.7645716482077821,0.1252636568677164,0,0.9961723260275217,0.15668601292437526,1,0.8305141093032091,0.1452373235057249,0,0.850787644840147,0.22271351576428816,0,1.0550185663741443,0.3083532535945181,1,0.701141075055393,0.13974656150228926,0,0.9101716059060087,0.164147982209117,0,0.9474291115208153,0.20931639329966875,1,0.6901057999225397,0.2024439464395858,0,0.5995250556123215,0.14639255239706433,0,0.926410252984958,0.22472368044551172,1,0.7771528735415012,0.15045764911630818,0,0.7592304253177952,0.13739902451350403,0,0.9550131544375084,0.1664489755731679,1,0.6848448845976167,0.177708956212883,0,0.7260598081284518,0.14470974281393234,0,1.053491945355275,0.15458055522435526,1,0.8286533231968578,0.10591819226742699,0,0.7484889004026657,0.10255864134829798,0,0.812236382900106,0.0702045639022386,1,0.5229331081798615,0.029998833293358868,0,0.6332617671226305,0.05790793395329953,0,0.8859481732716045,0.07397816719196945,1,0.5213710138845792,0.10000277287161972,0,0.5324676684121189,0.1485103276337693,0,0.761106078982842,0.22652680037311052,1,0.6970006222953162,0.1663936252787233,0,0.8247715008200309,0.1751323412334543,0,1.0953352713611797,0.13729833184705573,1,0.7959561304579252,0.11248916141170023,0,0.6754687192323423,0.1492340898626228,0,0.9806543652754962,0.1882911186444338,1,0.7615759115061126,0.15530873127279612,0,0.6551417338075627,0.15217638604330902,0,0.958156274878669,0.17707699696024878,1,0.8106149789256906,0.19549063765433866,0,0.7450518142227157,0.25250935711461364,0,0.8899008667466697,0.2429307451599774,1,0.7335949449564796,0.23524834772793632,0,0.6401165161652018,0.17419677226892064,0,0.995947238185992,0.23587817944887315,1,0.6639409076170282,0.1256373456431377,0,0.5415123014615812,0.07520875730477329,0,0.8055952781533937,0.14873629187839948,1,0.6936309435659537,0.07365212293934557,0,0.8278146161445996,0.13560860982004683,0,0.8486209430322335,0.11602508400360756,1,0.7704499147185088,0.12631243161018438,0,0.7747107915823047,0.15118525282202375,0,1.133717802984261,0.18601762356525628,1,0.866958651625005,0.16588277118861544,0,0.7100834515643606,0.11657930346609552,0,0.8177967974162158,0.057238841940030274,1,0.558975089153001,0.08033378014543788,0,0.5854771759226192,0.07849704465790672,0,1.0170478949325445,0.17154029727043796,1,0.537879096142734,0.15299246296917265,0,0.6327931144852047,0.14762020024620523,0,0.7537761878367466,0.17911459226586374,1,0.4378076034899977,0.12838615785768914,0,0.5555719170044188,0.07075514571069269,0,0.8057976993048885,0.05909449317410185,1,0.5568647731812134,0.03415648347249955,0,0.6880293087807227,0.032843644740389574,0,0.6945501366282604,0.06434335039901413,1,0.6015744767400458,0.05190289951819875,0,0.5257169853158874,0.06788456145625225,0,0.7444760331060982,0.11801295836474289,1,0.4396279321639661,0.14846775161543646,0,0.41711904099186636,0.13950176975711298,0,0.4890731732500339,0.15593199954076428,1,0.17751388289082887,0.14359129551011987,0,0.20942179293943836,0.11650050318341515,0
129,1000,0.9,knn,0.8897882561712989,0.0171658205706672,-0.2123992214929066,0.42337691861392096,0,0.03965529367123548,0.45857621745124866,1,-0.10656574853519943,0.2553742991369712,0,0.35907627061958747,0.35291860417458076,0,0.5826144300446243,0.31314296623337323,1,0.4291571708691134,0.4173635339255729,0,0.4814374233459284,0.28146588357498725,0,0.7339481256391936,0.22034895360109402,1,0.46809319299180147,0.3862797571202098,0,0.7339293706314799,0.4723209730474187,0,0.8446473816088519,0.4861567943792831,1,0.8183312521644532,0.3967017099781609,0,0.5778629262678299,0.602681801117789,0,0.6104590325441925,0.7423405709188501,1,0.1402935335647743,0.5318580611385226,0,0.44431740549505533,0.5506274409654234,0,0.5047260825676617,0.5669940200270427,1,0.494559783129832,0.40635373149161746,0,0.29158075008620254,0.4011330018123287,0,0.37266994023705785,0.31622148124177574,1,0.505090931499086,0.22629166503454085,0,0.35449303106149055,0.31201734459286634,0,0.6529863481109242,0.5607581114952797,1,0.8496216066928609,0.23912441921175867,0,0.6725394336825902,0.526474533681574,0,0.6743779602962705,0.6804674112151347,1,0.48862989384726807,0.680784439743737,0,0.3584941065883583,0.4550160428817377,0,0.4373094798653662,0.279259542719503,1,0.5611762868872432,0.23521356418541015,0,0.4162363725412971,0.2995925304180118,0,0.7308962775913326,0.5387419600120096,1,0.5856151244501989,0.5092025870103959,0,0.5671284586096779,0.5283080918774232,0,0.38556556848354906,0.2022217874707325,1,0.21969862235549065,0.1866102906651616,0,-0.012468706807511776,0.4578753450640414,0,0.35467542063137164,0.3214294905329087,1,0.47186770055029853,0.47540662635407516,0,0.5215667599595034,0.563756395869157,0,0.5863738793909512,0.2178705339037719,1,0.5064757451500883,0.30635579330368584,0,0.3930144440181943,0.29722023344334514,0,0.5430580063057696,0.32594917469753154,1,0.6276945918158173,0.25373809779659834,0,0.37560378276545625,0.4476410353969422,0,0.2176008803476976,0.49654140904993377,1,0.304946853521762,0.4458195290383963,0,0.40250538433095284,0.5568342271391028,0,0.4377891569659188,0.34418053299443785,1,0.4897141958148284,0.1402563245208349,0,0.44640446117931576,0.34549185535170085,0,0.2275848115717916,0.2625133412379799,1,0.14599222391022743,0.5046638898111616,0,0.16557879312478244,0.4075159492587655,0,0.39734550841296273,0.5249193594975021,1,0.5808023566768726,0.5238892290854704,0,0.5776235348614034,0.3578397654932241,0,0.48879925627611404,0.3537622319870048,1,0.6173157562554297,0.4501726889932862,0,0.6129106776203305,0.46929469922867645,0,0.680047058124449,0.4003529472951777,1,0.6907831873303861,0.18492483531517095,0,0.5010106667835135,0.46696946716791166,0,0.5697436609471629,0.44351058643624147,1,0.3969147950490757,0.43221298106773587,0,0.02972127709574668,0.5329160157196193,0,0.5555086653997776,0.3050087087687971,1,0.4994057620572706,0.1467915530966593,0,0.750233141202654,0.26292094015139994,0,0.7747679650424086,0.41807681189093765,1,0.6562306370121503,0.36742437357465635,0,0.7976495592698043,0.38071259897265575,0,0.6295009931494758,0.541192473338248,1,0.38036932290808256,0.35092603008084355,0,0.4519753685347038,0.5582703030892103,0,0.4111158283096453,0.438622818915912,1,0.23523062027180447,0.40100390339144193,0,0.25489639195562513,0.43139745860614714,0,0.40357429337575496,0.4185716431129919,1,0.14467521255480414,0.6255750730176315,0,0.20572567586612575,0.4188934876028657,0,0.8611817417433774,0.337195798229195,1,0.6151155325923405,0.3869495818446981,0,0.6389892972996415,0.370685446500888,0,0.5104918050603452,0.43258456110987475,1,0.44252619050885456,0.5099369788894225,0,0.5173518646915485,0.58412824974564,0,0.8501209633790976,0.24859133827692284,1,0.3818432869834593,0.4086056366118489,0,0.2869770175805725,0.4505029211659738,0,0.5178280979881908,0.5105039650462585,1,0.282773625544697,0.4014206016264323,0,0.3426801314319876,0.6489089518136807,0,0.4396189496285704,0.44011738341214945,1,-0.05771217244779649,0.4312910655808311,0,-0.16644538727316144,0.4655221471784919,0,-0.08289841428255823,0.5420521976501959,1,-0.12051120048197647,0.761326717362743,0,0.03738584210872977,0.2898572209753889,0
129,1000,0.9,SuperLearner,0.9934138006059617,0.0007630514163977887,0.0129344386001565,0.013839862711295942,0,2.378936712464159,0.3165461181952584,1,0.03408116667744749,0.03532623496879299,0,0.028307984566880884,0.017943629940263994,0,1.4544815834457276,0.3261406561359998,1,0.013736751149517872,0.017775126622688937,0,-0.002907073051497214,0.006277212942317051,0,2.184586393416827,0.24667046417878655,1,0.006534255939193068,0.010263259448905748,0,-0.0017865867662187579,0.01053527462929469,0,1.7133622479719872,0.21828678548371974,1,0.016926259136769217,0.019659349002113042,0,0.02641970957362429,0.05159910468320398,0,1.4769904283102149,0.307872222435536,1,0.0045395158212879925,0.005061846278850067,0,0.02056809092587731,0.019844557980447482,0,2.0912863030519087,0.19988903459331828,1,0.05083549572269548,0.020964991185287447,0,0.09451838524307848,0.06007107025125494,0,2.091111090451269,0.27810083752562087,1,0.015442554012629419,0.0106507859604337,0,0.002433534172997864,0.005461868364130092,0,2.0879044074084208,0.2961974306596988,1,0.007067668785481611,0.022181946405394903,0,0.03137884361463676,0.01566656352840731,0,2.0963565024503374,0.30597327331649765,1,-0.0021341522112451683,0.006721085635012996,0,0.051077244771866336,0.029821845714366278,0,1.6473703152068122,0.14545051097929695,1,0.017463282141948755,0.018306397921887405,0,0.003042838905967846,0.0033589843829195066,0,2.5281113814401395,0.38698465078848143,1,0.009105967830645701,0.01053123922553302,0,0.011310298382156261,0.0219992038336779,0,1.3498333097050612,0.3914585765609723,1,0.015649540146338937,0.01770419286611694,0,0.0023175528481178933,0.009987464135801219,0,2.025971776612286,0.3049685919863117,1,0.00596668753663626,0.01589081948992609,0,0.0295713834736172,0.015029969485181194,0,1.575540982245252,0.3622856554506007,1,7.68659921276075e-05,0.007272658220731207,0,-0.005587942625225414,0.008442293174701517,0,2.0778211625250345,0.5396760020857966,1,0.005139127849651362,0.020599337298331088,0,0.009199654460560402,0.011820351454682744,0,2.156552005446513,0.35569990543668667,1,0.053238244900956896,0.057120744780259254,0,7.420901861857217e-05,0.004152658595545243,0,2.2756970546076003,0.25601145621344973,1,0.019903826823752743,0.02279462324073882,0,0.027240679930987305,0.01741440490142473,0,2.222258286644009,0.5001424014045538,1,-0.0004124544959765683,0.012564001742432501,0,0.08737814050783202,0.05582065263012721,0,1.8037323046455391,0.34958259929166696,1,0.04762469981658332,0.040411970061808085,0,0.11026984559899566,0.029803047305809686,0,2.490329580626041,0.44316145122659184,1,0.007532151408001148,0.004879654602136245,0,0.016065813044172837,0.022913603467940573,0,1.5987293100258686,0.184789112807486,1,0.008109368070638945,0.013331195843958374,0,0.009137651301298528,0.012393945975218796,0,1.9050718008047631,0.39972175285027695,1,-0.0007331101309373533,0.007467556058379598,0,0.04142243155727291,0.025596755028002568,0,1.914553856988173,0.24535945851909668,1,0.019290659493161867,0.009031808684137948,0,0.004185775754433815,0.003832155709024501,0,2.3718555302320383,0.24939032712125164,1,0.03682501935269886,0.03042115362806187,0,0.00683403784513099,0.013457625513369553,0,1.6530166230159022,0.24126629797185323,1,0.0061167551932073605,0.010383110063678216,0,0.005661502952008163,0.012207092472899724,0,1.9728701948537797,0.18051763228963144,1,0.0037976511524018463,0.008181906308359032,0,0.012544255203589223,0.02404759215502805,0,1.592156904797658,0.12419425942763306,1,0.00405146744443691,0.006283843560578784,0,0.01801740802648501,0.01894139500173991,0,2.651528285333229,0.2479329388067777,1,0.046796590676811155,0.03314601704505771,0,0.03930575856595541,0.03918056229751904,0,1.8898077355381218,0.23187401362050258,1,0.039862367351886425,0.04462072390277668,0,0.06868412875211051,0.049488912205128646,0,1.5576973775604446,0.23066474100596165,1,-0.0003227600568643768,0.00697036676372067,0,0.090039562008276,0.04030138320117894,0,1.2717960174541911,0.18009948664148542,1,0.03195302772779239,0.02918235568902419,0,0.01433487114926692,0.011987355012790971,0,2.0251638195089074,0.30102668409673555,1,-0.0007470401326425062,0.003090024561618966,0,0.03336165541463995,0.03831295798913277,0,1.448593613062671,0.22149165023904016,1,0.005057032018192705,0.005116336256808537,0,0.004266774044060413,0.003223466302739111,0
129,2000,0.9,lr,0.9940626665293927,0.0008158107882781198,-0.0004503785751150557,0.002045116768804138,0,2.1432378509389443,0.23151009434514958,1,0.0037825449613340676,0.00633603931585846,0,0.028218972359240497,0.02162762255809893,0,2.213665857859563,0.12823390512443866,1,0.09392916794242638,0.03877775241459652,0,0.003084062375873641,0.005514971262438552,0,2.198560460013467,0.18476396320550592,1,0.022163567541020845,0.016804855748862604,0,0.005829431418209664,0.01408000739518233,0,2.3341035311582568,0.18552087823271185,1,0.01680452416907595,0.02172680470965807,0,0.0023276072280651538,0.008780281791848654,0,2.2859935096940656,0.13645725669300257,1,0.00620516159496125,0.010211839166723623,0,0.011572008241141027,0.014281543030994881,0,2.1044650132256884,0.29381275862223455,1,0.0016768925264665547,0.0028890318329624735,0,0.0033648715447646233,0.004806875028457654,0,1.9905598796191335,0.13788938409996615,1,0.012413951630815642,0.006717615666631134,0,0.05432720428569805,0.029794292192582335,0,2.2422850413134845,0.1497687670421334,1,-0.0006273717522364131,0.005445624299283812,0,0.01088630241200312,0.012077022419582953,0,2.6107707395261754,0.20444885553803674,1,0.022173659908626298,0.019646626189042733,0,0.0002659199355065568,0.0031988061041193314,0,1.9058223783282884,0.19395610065805802,1,9.618885633889463e-05,0.001972108659065371,0,0.008732030861837922,0.01147623012903702,0,2.000652467844266,0.24680033912832539,1,0.005136674333583697,0.006401871510861891,0,0.0008566468892389354,0.0042329492986665366,0,1.9289408738698217,0.19163857988768088,1,0.0037548891107321417,0.005742842479071777,0,0.010325973818845952,0.010188321273528545,0,1.6009069400025524,0.09691236689935995,1,0.0046595765083758695,0.0045285959204950064,0,0.0034182788318291414,0.00446516621382112,0,2.3319590067979674,0.26096289773287795,1,0.00011117457805354825,0.0011095525503550582,0,0.005574771048488906,0.009138183417325144,0,1.819245966495616,0.11920523237235765,1,0.02328803407349889,0.00919100219394791,0,0.0009959270013141072,0.0016475940910529283,0,1.793862405239875,0.18234696382295357,1,0.002614101489491426,0.0029543363311223822,0,0.0437490289924145,0.009338021192928226,0,2.4360056463970916,0.27788589222399224,1,0.0027303957008705656,0.004224996600571018,0,0.003319597832532356,0.003620664249205087,0,1.6352168281027002,0.21815839942375906,1,0.0019059602253026935,0.0027522539347280594,0,0.0009046103296015592,0.002571084819820438,0,2.0274916556056373,0.09839608698153109,1,0.0017907498260541343,0.002367860977524144,0,0.0015861489686769374,0.0029421806626504657,0,1.8916201426681396,0.11459546616027752,1,0.015925251502415576,0.013926492597675243,0,0.016547928173454577,0.012420312271514735,0,2.208361879776737,0.18920077445664266,1,0.05124931128266226,0.0332303260478114,0,0.07965055808544398,0.03031206922765135,0,1.9329496988318737,0.18145584754398372,1,0.003861920479051537,0.0036453143759631232,0,0.003037749181504159,0.0028525816281516785,0,2.8083526321618306,0.33707843549446964,1,0.03389977733818731,0.01579658542178125,0,0.010896487101009733,0.009221683786606734,0,2.17810428686993,0.1474784330685307,1,0.022402556126546267,0.009909267813245337,0,0.003581486325723105,0.007679056921421244,0,1.828227573342468,0.2704767882179539,1,0.02007703787534152,0.01632509321456422,0,0.002189007154311022,0.0035052946271195715,0,2.061886683377314,0.19413722429550506,1,0.0032504728327926386,0.0010895782403204425,0,0.001978913994933964,0.002551575292811232,0,1.8877403830355655,0.14311802391925404,1,0.002104318589649398,0.003278224699986967,0,0.0003313428819552983,0.0022688469822250896,0,2.2511812371426023,0.15834102299794947,1,0.0010333774160246286,0.002341010790956201,0,0.0021408527511073425,0.004673194068466722,0,2.2366788119703935,0.12375689368758104,1,0.02528514258020915,0.015636704951789895,0,0.007578968901038502,0.006814924087290457,0,1.9372009428006376,0.2202343957401402,1,0.0011753206342988484,0.002889558213502678,0,0.0007004365928297221,0.004065309568008298,0,1.8713006376688164,0.21215468244089197,1,0.003226221824095622,0.00276452634650672,0,0.0020527336691546524,0.004632256868719548,0,1.9406057220358501,0.04825981481770753,1,0.04254843074320338,0.01284847725882542,0,0.003283554486096906,0.002582765065864634,0,1.9085481103920892,0.1346513372125759,1,0.007036753665943087,0.003674024599013882,0,-1.6952242263963431e-06,0.0017489861284066591,0
129,2000,0.9,lasso,0.9585077945316506,0.0012977660603629214,0.0,0.0,0,1.5631524787553124,0.2187435918839953,1,0.0,0.0,0,0.009348837890797046,0.018697675781594092,0,2.2762082869488838,0.17287819162462517,1,0.0,0.0,0,0.0,0.0,0,3.72677907938274,0.7174896344302345,1,0.0025113530624038633,0.005022706124807727,0,0.00909682064258394,0.017326410522651263,0,3.8201162948490137,0.4248948069724525,1,0.0,0.0,0,0.09845347468870058,0.0827742168083428,0,2.430830737005402,0.35661147425487033,1,0.0,0.0,0,0.0055321469434143076,0.011064293886828617,0,2.567329772100151,0.6098752054377387,1,0.07918598074866964,0.08780763169420337,0,0.20827506222138306,0.15269849279890987,0,2.7410594953386087,0.6371223011613268,1,0.15831743128832287,0.14643325464614734,0,0.0,0.0,0,2.3353568739174833,0.2074600887601031,1,0.0,0.0,0,0.10212296781680988,0.2033507604810225,0,3.5592529079783617,0.819528072286883,1,0.0,0.0,0,0.0,0.0,0,2.493033203469131,0.4551965189946423,1,0.22804546695920966,0.16210963446706064,0,0.0,0.0,0,2.747001445345977,0.4209502097116644,1,0.0,0.0,0,0.31469624319280687,0.25741468730229533,0,3.393277656328249,0.4425250944039723,1,0.0,0.0,0,0.0,0.0,0,1.9677868335128799,0.28825786042528156,1,0.08154060210698108,0.16308120421396216,0,0.0,0.0,0,3.546374910737923,0.31574428657927006,1,0.28773499469573366,0.08926770058776855,0,0.015714730260435558,0.03142946052087112,0,2.2975437284001377,0.43327964286612697,1,0.2518610852848343,0.1607092220894452,0,0.5567312149927586,0.14424639381192328,0,1.5796437123928786,0.2974879803609037,1,0.005226690479183138,0.010453380958366275,0,0.0,0.0,0,3.0211745295786585,0.4874491084281232,1,0.07140162506739878,0.13462732664186078,0,0.7814924290070373,0.2593061595759941,0,1.2893278339545515,0.2599476686618647,1,0.2376097689469688,0.10861162299880008,0,0.024674334166494793,0.04169991734630955,0,2.6879147591108112,0.2785118697694644,1,0.005843478337538351,0.011686956675076701,0,0.0,0.0,0,2.137128714874936,0.19232788014929925,1,0.0,0.0,0,0.5813335375121473,0.137018428498728,0,3.2101382253792266,0.4372179540206921,1,0.009117954240144818,0.018235908480289633,0,0.0,0.0,0,2.2326301300952434,0.2060032139241261,1,0.0,0.0,0,0.0,0.0,0,4.413824293432656,0.667669898400927,1,0.0,0.0,0,0.0,0.0,0,2.5034534732775153,0.24750477656155578,1,0.0,0.0,0,0.2811511495159982,0.27685252491622947,0,2.9196157250947516,0.3560464888545582,1,0.0,0.0,0,0.0,0.0,0,2.8950699238820397,0.25164558212862265,1,0.08936891320953398,0.13560204971545708,0,0.0,0.0,0,2.6307393979684752,0.15299477587760596,1,0.0,0.0,0,0.0,0.0,0,3.9539591679661634,0.2938323415826125,1,0.0,0.0,0,0.024081113943769508,0.03653874963511598,0,2.741692653232433,0.3037862343616277,1,0.0,0.0,0,0.0,0.0,0,3.4788909206906147,0.21352705037616504,1,0.0,0.0,0,0.011769581475557287,0.019041122049947203,0,2.7658831523283958,0.24149252826565082,1,0.0,0.0,0,0.0,0.0,0,2.8627208273362825,0.24024919261077474,1,0.025994707177670818,0.051989414355341636,0,0.0,0.0,0,1.1577976881235132,0.08484689836591244,1,0.0,0.0,0,0.0,0.0,0
129,2000,0.9,dt,0.45310411809555406,0.08909822913894716,-0.008482278931421039,0.8291533268750284,0,0.5432379611637757,0.5433294575677219,1,-0.39211552942538097,1.1398473945240086,0,0.15621183996659355,0.5228250130192501,0,0.6079699370650464,0.7701316408676601,1,0.5488361381816345,0.5642004726321375,0,0.56592313768433,0.6261909065824877,0,1.6528600810639194,1.1702396057625744,1,3.008821658305621,3.137601417361746,0,2.031406743008192,1.6542085701889504,0,3.45731750674853,3.461368856460397,1,1.3936838350197018,2.001701766106207,0,3.8716721186018206,3.738721603326609,0,0.6975834759908017,0.8580185446076084,1,1.7028088900359795,2.170634879480365,0,2.5479510506045466,2.448343281310728,0,4.927167675430267,2.9643682305332253,1,1.1357988004912491,2.3642126564872696,0,0.9316823510359573,1.0133776455099357,0,2.5059952605104607,3.5467422115582323,1,0.5833047173813893,0.518319121403256,0,1.1511970711190176,1.4561173581602127,0,1.2385852430324156,1.070443290904178,1,0.5175831831539929,0.8466948154888123,0,0.23331795256406074,0.3164231384271163,0,3.439146172297053,2.7241537812712266,1,-0.3731002530312364,1.7571796747930999,0,0.4766768598583,0.33902417284529174,0,-0.8998981053892914,2.21461740945123,1,2.399471772949104,3.345656037089358,0,1.320814961686887,1.8143086785438949,0,0.6084665145223955,0.8038852313437436,1,1.2362483197370857,1.2433029628666226,0,8.147569897988177,5.9080791639326256,0,0.6944256927793069,0.8294025842545166,1,0.6384980976699387,0.5678088771595827,0,0.17596856819644727,0.2709731115722192,0,1.860913268644513,1.3990980241054671,1,0.19913012194541743,1.271663873363882,0,1.3258157500537444,1.2510296988101597,0,2.05805778361436,1.6668030282040176,1,0.6444450410147522,1.3683330860377,0,6.020396864967171,12.600322112878025,0,4.015886395321759,3.902851809359305,1,1.4171694866966869,1.0775191364942411,0,0.7650318377645566,2.1645681929214624,0,0.48625532150645745,0.7551746078351662,1,0.20154486658627163,0.7177133671212403,0,1.8676173487808025,2.0870417259810052,0,0.08485891310469926,0.5535966814172407,1,-0.2417396975592882,0.19456972854600077,0,1.8162700734906647,3.1805051803944506,0,1.359249272481156,1.4691312074942051,1,0.7238805676868149,1.4863268771673928,0,1.7859943934781781,1.6539776600199125,0,1.3629338117010537,1.5180427010866804,1,1.3836710572340607,1.8401844268711594,0,-0.5937683027471808,1.2610255317492045,0,1.7494984424377247,1.1183945382784584,1,3.3258789506118047,2.76482214479815,0,2.3924581496378456,0.9267318901025704,0,0.8683166383643443,0.46201045340416824,1,0.25487404801332236,0.4954037686667805,0,1.3418984968645415,1.3181628848267009,0,0.18456653827402225,0.7969240672216426,1,0.08702953910065984,0.40501317160529143,0,0.008536817339754869,0.23631706609907058,0,1.4416733585706925,2.9703877199034787,1,0.587313690895256,2.171843587336927,0,0.7409284907028617,3.052494532655552,0,13.21637320832753,10.55581570358888,1,0.46368615660272805,1.0135580687980825,0,1.9338609353320446,1.6298524712800966,0,1.4644769655489354,1.9924223229684865,1,0.3555532762256649,0.5150613706493098,0,0.5866973114631515,1.8500349851138609,0,1.493691631227202,4.453864048569977,1,0.9704520633730628,1.1186533865781607,0,3.7095150654752005,4.839516020324869,0,1.4632563310438076,1.742602630554865,1,2.2959805672765943,2.2309688242307057,0,1.7888876879248818,2.330723430672736,0,3.2850876604809685,2.95248714015948,1,0.4296686467217188,1.6847421843759691,0,0.713629513738379,0.5358905837525794,0,0.9372354828827085,1.932981305415297,1,1.4536715024250249,2.9337646149541543,0,0.7923331867405594,3.3453498160529396,0,3.7795744063761285,6.162274175320239,1,0.2982803328687056,0.7599383939774496,0,1.0771407965156101,1.1214312629159673,0,0.9706362737135489,1.7291476989723928,1,0.8339409443500712,0.8419444533341824,0,0.9768240794740949,1.7846151421227994,0,0.13055789481032187,0.5330649354804927,1,0.2095422651781896,0.22790698186248046,0,-0.2525250284243576,0.6249940278267797,0,1.0103189310712388,1.0592673366024379,1,0.4614982895408703,1.1378808968777123,0,0.07854946992829578,0.45800993806783064,0
129,2000,0.9,rf,0.8495850791797395,0.0058792066778187435,0.2959411944994376,0.05599235960205125,0,0.43799872320956534,0.07752606787661431,1,0.2852776625085876,0.053467360649516064,0,0.33941574963378696,0.03894186402051468,0,0.5847484176854775,0.04527125881419252,1,0.5833272295386267,0.10140282336306143,0,0.5771789549203572,0.24861466741426774,0,0.9741425857026609,0.10404241356145717,1,0.9518830925990717,0.2940844409061865,0,1.002422290875405,0.21962570140798662,0,1.0945272101704115,0.32741342053737066,1,0.7410456036772793,0.1352883207311304,0,1.1770211966223916,0.23617299843210246,0,0.9764919283588306,0.377427893409183,1,0.5871782540660858,0.1957197433413822,0,0.940035265653545,0.2728965260642936,0,1.6919801566358674,0.40607477885232285,1,1.1449559615057876,0.2601998283044519,0,1.0987646559836584,0.16504941462836295,0,0.8622307365885036,0.25719945139140493,1,1.1105099054264618,0.41277420978919044,0,0.5855963910390694,0.12585580398639354,0,0.9612082217745563,0.19880835744869524,1,0.8074452675887585,0.2442145127690915,0,0.9692009208504826,0.2847206082784043,0,1.8944897467573578,0.6086598329029795,1,0.49972466029266976,0.1412702317125553,0,0.8308311788753139,0.29045257713842104,0,1.00889262816806,0.31516623394927734,1,0.6959223659532034,0.1294567617991275,0,0.5929511057837642,0.23923332294804703,0,0.4832445794621546,0.22318518171215926,1,0.63426101695289,0.17759656050288267,0,3.6369331700917806,1.5562808538152448,0,1.2731407876654546,0.4483389397685312,1,0.884418409906683,0.36619911843705294,0,0.6167983187297811,0.25762863660076935,0,0.574394911746324,0.19599332330058403,1,0.51577334082455,0.147661045021346,0,0.5551537281868142,0.22252175346040506,0,0.967401009207648,0.20240970631234373,1,1.6001464819723037,0.3627053126825446,0,1.7256207557468415,0.921968605859263,0,1.2866465422787177,0.5785071271755682,1,0.8124048851043673,0.15958872840716098,0,1.1261519752964992,0.09899131058551543,0,0.8067023042129691,0.2717837468800384,1,0.6807310587501787,0.09210084569251754,0,0.6854619377625912,0.09258570958476389,0,1.2693688813701163,0.29644415305554866,1,0.6216146954299878,0.09444207571009693,0,1.5550034890213367,0.49150731589358504,0,0.812220158150493,0.3508703463015684,1,0.8229467845924658,0.06373541185133139,0,0.7318916883458516,0.07881084565762447,0,0.7908117041179705,0.21705478068427125,1,0.5361745287121865,0.09687675882221779,0,0.5187376819672429,0.1287959226154723,0,0.8948005660617253,0.2178633347342088,1,0.7139909340544623,0.20295924570487386,0,0.8031988326266484,0.26787963172762513,0,1.4143658631171057,0.2531458997729542,1,0.8817694404216286,0.5046558210088481,0,0.9024215454043627,0.5401945829654646,0,1.030369724420357,0.1720263458910325,1,0.4827949145176822,0.16187620026227276,0,0.4147153012562018,0.07249231227066164,0,1.9180151765446012,0.531803399998091,1,0.5004012379947522,0.0878295555115016,0,0.7407662862729081,0.25975617620701263,0,2.347337236342189,1.4165357496879682,1,1.0652796674865268,0.3725246408287849,0,0.7690525012103637,0.305184225741256,0,1.195207668572832,0.24840685011847213,1,0.5227068795262624,0.13244278578617655,0,0.3328033073028591,0.17885478457930246,0,1.6661874786047957,0.5777121129619852,1,1.099710710937692,0.5612888877947335,0,2.099921316313164,0.5460129855523058,0,0.8831549437069679,0.19572622095665115,1,0.8860749782157391,0.2592656535473721,0,0.8310035214860271,0.15020117665293592,0,1.6864974201761824,0.5727302015555528,1,0.7191473682734617,0.18199085594764305,0,0.9445437263948921,0.20235577693200144,0,1.1058496826701147,0.1712138552816312,1,0.6605084022753841,0.08370015400399003,0,0.6511568756268526,0.12262481762685758,0,1.053416611186424,0.2505022603023539,1,0.6036527458648496,0.10130965477610415,0,0.79898225377442,0.16598432247423364,0,0.955572023606846,0.03397593285090173,1,0.7891078846252486,0.07894590430183877,0,0.48038282921541453,0.1629297318647493,0,0.6266405010971401,0.08862245623352143,1,0.46047025716977047,0.08498678435127395,0,0.22755644015718532,0.05039257015074239,0,0.3296090866485434,0.0714912213934762,1,0.24914907712173012,0.05074859266402112,0,0.28420407840605283,0.06670528321364222,0
129,2000,0.9,et,0.8705103513345176,0.002521878972774223,0.2946465701144898,0.021900730107283304,0,0.48014736038361183,0.13074885770470537,1,0.38641370728975116,0.07339458448439798,0,0.3959051420320521,0.05059757792115535,0,0.5546680006072182,0.07846246760172293,1,0.5596479841076947,0.12648156234792438,0,0.5815860070241944,0.14886913933978355,0,0.9298398250917435,0.12516086352830655,1,1.0156733773354625,0.2906484237655389,0,1.1595562788001856,0.15928652045793792,0,1.0415061137094341,0.2174022371699169,1,0.7184099289040589,0.21353668463848782,0,1.0930530668262473,0.23416491723153035,0,0.9665099305000151,0.11362778192812126,1,0.6367053152172353,0.2500285182198679,0,1.0801206700323036,0.30510260661286004,0,1.4781036719628928,0.34052103017787827,1,0.9800894328561753,0.26136932565673787,0,0.9505425607767204,0.1179424742761833,0,0.8767376048439445,0.2119251897818029,1,1.0427806911561812,0.3033370623392246,0,0.6477564371600218,0.2318447746228493,0,0.8920568126046616,0.21832218716039012,1,0.819726526845602,0.19489116147185634,0,1.0044149909563242,0.35187032506182847,0,1.642849590572839,0.3913027099736907,1,0.6077222480314953,0.15424926911363923,0,0.9493008408224333,0.3350097223475348,0,0.9759101888391488,0.2823392309738213,1,0.758046779671639,0.0956372716071985,0,0.8592700306905628,0.2786534257943435,0,0.8283647589007582,0.310439402403132,1,0.8271161393590096,0.1158209405513552,0,1.7862978979674082,0.40975721039913543,0,1.4440423540898126,0.3123398864030513,1,0.9022080231689806,0.26033930932066485,0,0.5948631814427707,0.13221410128905886,0,0.5038938504716267,0.0909063541831828,1,0.6262667876070098,0.290032419724611,0,0.5490207344424454,0.09503167156206338,0,1.0229930502375617,0.0675038663850183,1,1.3332487993247426,0.23551687332390925,0,1.4635337966088526,0.4862892563796587,0,1.6551957959892554,0.47216609723946024,1,0.9890116970400232,0.23370188387799692,0,1.1352815289665552,0.22274106108776548,0,0.7953806900927238,0.13804036319376786,1,0.6375945214604419,0.1847017831716881,0,0.7541267689917378,0.07670652947907693,0,1.1025359328863735,0.23043011919871553,1,0.6487405706131291,0.08746925666362253,0,1.3574652933678344,0.2569676345717217,0,0.8499445027256648,0.10944809380000287,1,0.9097526830223929,0.10362277911893512,0,0.6788881833853763,0.11561562514632182,0,0.6750693730288886,0.10676568978802764,1,0.48827912950321906,0.055208042080421904,0,0.44289723925379276,0.09814946892618565,0,0.7090296414882179,0.10800609518663234,1,0.5849940126328214,0.19872349850294677,0,0.7917236547079738,0.07934216468476177,0,1.6144592354393006,0.34842558486514613,1,1.4192024138577215,0.6035179916920044,0,0.8495393400716973,0.3367130937222797,0,0.6727372623773898,0.1558219202919961,1,0.4334468227348946,0.15391350860395517,0,0.7655961525346741,0.11181960863729583,0,1.31324459858573,0.4263203744450197,1,0.8134435044050479,0.3183372663288879,0,1.0046237272920704,0.33445296505097577,0,1.2840677287648912,0.39218227806966727,1,1.021754709028841,0.23084523310895164,0,0.9333485474124027,0.30370253866686725,0,1.2232686030595699,0.3254739983888647,1,0.5829368150154547,0.2670860445503598,0,0.5612704714405758,0.1310393565959646,0,1.0703656674443642,0.3313040271882285,1,1.2050086663182875,0.36217971647521174,0,1.4145294755619087,0.21702729030689166,0,1.264177138521107,0.2904332051571053,1,0.8676697826151637,0.21184340604784996,0,0.8130331340251192,0.17263832950341884,0,1.6839065818297942,0.48218674010626933,1,0.716869540360627,0.11596674094235739,0,0.8775310223965969,0.22861749323375966,0,1.081103088737611,0.13148408899945005,1,0.8047682581215246,0.1190058859364176,0,0.6353507367191126,0.11717553850860322,0,0.9800393214522763,0.17747469464560617,1,0.8296035971102687,0.0991069672358733,0,0.8611328277359693,0.12966268810073914,0,0.7884532584551275,0.05806275045703595,1,0.775590689396679,0.13945599437188566,0,0.5630886766950134,0.05210528949274761,0,0.5791002818444547,0.12240265478794812,1,0.41163790039966636,0.03944438743495682,0,0.31258342146128076,0.035634145097018614,0,0.3117351266041052,0.053815261052306544,1,0.2793988451288107,0.047988054373114444,0,0.2059203544017963,0.04984142469379005,0
129,2000,0.9,gb,0.9159217099760311,0.005296817495108598,0.125396162894097,0.043616145644499726,0,1.0602629217072481,0.19634490511231656,1,0.3519633383650255,0.2142521057046988,0,0.2541097980778277,0.1637417026036508,0,0.7239178528239203,0.2925810796716971,1,0.285227889797536,0.16932830785294536,0,0.33313380108146073,0.15488780059774673,0,1.8758183787121265,0.5593517776391921,1,0.4930327481310692,0.38978735185922725,0,0.5797750079740667,0.2751291765274117,0,1.0661073499757197,0.3078455687370007,1,0.34497412116163867,0.18111401730148577,0,0.7560672503254345,0.28463015691301335,0,1.0257477952598737,0.37121770206430693,1,0.12426815137045968,0.07086366309480671,0,0.47584672517916493,0.28991954097304784,0,1.2338463767237688,0.7910422543982613,1,0.5985566467946561,0.2171807386672441,0,1.1061341370247209,0.5893095156570777,0,0.8411403917826711,0.2742361031367489,1,0.7910957749246121,0.4096695023023822,0,0.27343576215065235,0.1686836609961317,0,0.7990046035683317,0.1957342691116946,1,0.5280716883424875,0.32095607960121064,0,0.5436083014088138,0.35180575236274103,0,2.394912501988003,0.97179211002901,1,0.10141243212021797,0.11123512570909502,0,0.33257794777741045,0.17778500296434227,0,1.0599645368786077,0.38225255260201174,1,0.5660764509859492,0.025017234246805988,0,0.49902022267431817,0.2580042780152782,0,0.7571683780637113,0.2595134498326602,1,0.2877512368556979,0.2583522868696935,0,1.699454270661482,0.2851953817177736,0,0.9934154817485554,0.400430849049119,1,0.4152774716966851,0.22716108361095627,0,0.21269309181767762,0.05980922556464692,0,0.6578066702780305,0.34761022448335754,1,0.47438026117159077,0.2727525722511168,0,0.2393642640953376,0.22714769272192478,0,1.448409491587792,0.6705730805988354,1,1.2156844428269429,0.076785666864629,0,0.6878177757519698,0.447782239883829,0,1.1438990706489869,0.4640333250307744,1,0.5135910058124277,0.2593701676735598,0,0.6848993189689354,0.5449869666953653,0,1.2935715995022716,0.1372469092796106,1,0.23492239781395657,0.14074564816623522,0,0.1852788997698998,0.11514371378380474,0,1.5271914853346922,0.4803811055119932,1,0.12546653989863932,0.20003917532305904,0,1.6994952016990965,0.37930841459140446,0,0.5412751419545595,0.1243356735109643,1,0.5453411439263455,0.2375845905360162,0,0.3219088786385405,0.31429771558862823,0,1.5108212779182868,0.3970779290178422,1,0.2052989066986474,0.11369059685552264,0,0.19368684324084007,0.11367460744765054,0,0.8345543890278062,0.1176469566523724,1,0.3155014223264744,0.2483544605872583,0,0.4799822883312661,0.2862872662228492,0,2.059896350026887,0.763507061948785,1,0.49031756716395164,0.22415836631499686,0,0.3675982499634142,0.3142852092223695,0,1.1982680568195352,0.20901069537608213,1,0.22726340289867264,0.07548227085628531,0,0.14656977763713425,0.06325324568663719,0,2.609798800866087,1.036944459272649,1,0.19895905393391547,0.12714201446511944,0,0.6219831562276652,0.10527346185741941,0,1.735721004424957,0.5131746588750893,1,0.30912971996310407,0.18590832304838603,0,0.710309237094993,0.27160668998937765,0,1.2600654698211233,0.35036720337702537,1,0.1718098653965397,0.11029358615088829,0,0.09457250602228345,0.08519394997177593,0,1.3361088531498566,0.47178446002906327,1,0.9868051669200462,0.40788562091245284,0,1.316368833096123,0.5726997580331726,0,0.8265141754396776,0.29309305968198207,1,0.2278857787220318,0.17411625106818324,0,0.4469909518093413,0.19108512816877343,0,1.9181423677057274,0.44503375245709187,1,0.44289970888938235,0.36531130561401826,0,0.3459721973751926,0.11401704700301016,0,1.6181574001578958,0.5497945132421541,1,0.25621678803973186,0.3248836269597326,0,0.1651480478147889,0.07216328265804124,0,1.7094952323910775,0.4824316524634327,1,0.514970791944687,0.17703527595538923,0,0.6047432430423311,0.19541759185730898,0,0.9752938092006721,0.2810321051143278,1,1.494654422341719,0.44220953435418914,0,0.19500795546017735,0.101102557093251,0,0.8688221237406679,0.2886357208501652,1,0.3754146297614729,0.16620359367566284,0,0.2059459631661459,0.1705543518893965,0,0.6357927942736086,0.19609103778049883,1,0.0934130515706936,0.0640061408052574,0,0.11937855911697784,0.06471433525593112,0
129,2000,0.9,hgb,0.911791997620487,0.004669752720561266,0.24282089897735282,0.10000357231456262,0,0.8072749443342258,0.27078729697987153,1,0.4079227412257701,0.1714645245101986,0,0.35281128600651346,0.12786523453215223,0,0.6031681008419021,0.19009205543126823,1,0.526888224065789,0.16058184593382901,0,0.31782383507110845,0.1204364878659337,0,1.6553054061435373,0.394348434453409,1,0.567145669250312,0.21720381384635665,0,0.7995774869297954,0.13667417357093228,0,1.0617850950423624,0.446132098526545,1,0.4450899218809935,0.19586854552296992,0,0.8777734628377729,0.3859782882456421,0,0.8200078941314652,0.3482386915669238,1,0.20615813350664752,0.17045880804232005,0,0.6652830205767792,0.19207702437584365,0,1.3746141570019894,0.6546125457069383,1,0.6082767808196038,0.2492231359113795,0,0.9902426620745285,0.3389883751362022,0,0.8268087196725276,0.21422034879722848,1,1.161484194752237,0.5061953840597222,0,0.21471524187452742,0.12355038665476213,0,0.9242821772884972,0.22861770790039596,1,0.537115154149263,0.3063090569327223,0,0.35768429078864417,0.20246786608255296,0,2.780480871567747,1.0203665270449511,1,0.24217665850462827,0.1485363741787091,0,0.33016243217719027,0.24639730589046432,0,1.0479340257195426,0.3414268436618687,1,0.8108980287564436,0.4252350639646687,0,0.45786872663957245,0.23568733009257956,0,0.9084940134626756,0.31839983697721036,1,0.1281008241192752,0.09354818052496497,0,2.128616491701869,0.7969203710334141,0,1.105195653810502,0.23494931611456196,1,0.3897499335205679,0.22435772175859786,0,0.3045112580095818,0.1512444187397104,0,0.8249301064295411,0.5230285671507353,1,0.6799029675352595,0.23965385396957023,0,0.2709349431568924,0.10267962729950943,0,1.2687956971527614,0.14574399526398515,1,1.3957148169148499,0.32375108973310224,0,0.81717758675027,0.5921510599684902,0,1.3116386304312189,0.5511377664373779,1,0.3077526818858911,0.23979526002484164,0,0.9518143900006567,0.4946077088843823,0,1.2470108221255098,0.46007187191513965,1,0.3097818442396928,0.11179214312777466,0,0.326269818133476,0.18208970242014266,0,1.2588296019219405,0.32556972966859704,1,0.3217755088525852,0.16491952151837935,0,1.5493053604812868,0.19051563116491466,0,0.5026685884939515,0.245241323115373,1,0.5582812179840456,0.13715826114999566,0,0.4608245273640007,0.3127641306887584,0,1.2688629053765657,0.3567927468223128,1,0.3515763436954837,0.1706401355848142,0,0.17999255141666892,0.015939348215827993,0,0.8484513115253363,0.31972171861632825,1,0.5493127605931156,0.3382729803338701,0,0.5516271750216329,0.23410351731484033,0,1.9792795287776108,0.7120918273377775,1,0.709901235528712,0.4567492782546899,0,0.6760183385510103,0.23502677093571994,0,0.9251246700361566,0.37428868782205416,1,0.3255880809003661,0.10095157666684441,0,0.2028874233840825,0.11755961853386054,0,2.026313361792217,0.7534120656769613,1,0.13268085125486112,0.11637586337041218,0,0.5006575108414371,0.2694915592562662,0,1.6415435156063403,0.9975301731062729,1,0.6362576030708734,0.34822482860280074,0,0.9130699714321893,0.7246134592040105,0,1.146495269406476,0.5089210754127292,1,0.20239447747613903,0.11507084311547311,0,0.18620181271362723,0.10783228350165577,0,1.650955091683348,0.8079417898195399,1,0.5971313849473286,0.32280367541097266,0,1.4257461487488163,0.2403299980735742,0,0.7091114124782922,0.4732059668274555,1,0.36375857687523594,0.24180755085533834,0,0.3988931895137054,0.17165497507800634,0,2.416863601188082,0.7471547945861199,1,0.4437762450085555,0.39705863527227003,0,0.5149537840102718,0.3070686049257028,0,1.2867466484881487,0.2590959365743978,1,0.32916934857006075,0.1775935282364318,0,0.24643626512907066,0.12845111038449117,0,1.3392448821651952,0.3708124181362184,1,0.5647190245707342,0.2872900398977814,0,0.8843629191182192,0.0979020366852267,0,0.9943467399722656,0.4265600963969484,1,0.9142359708449851,0.32138783206178534,0,0.2869773702188496,0.11454871768548039,0,1.0059643621126324,0.33093302315327666,1,0.47366852055539505,0.1557678346445966,0,0.19987424551083469,0.10964682558196846,0,0.5497028088667297,0.27105812674368013,1,0.18185602890754016,0.06667954338440937,0,0.16624841503623405,0.048775912903976634,0
129,2000,0.9,ab,0.7697680000114482,0.005026487708424846,0.09542507890340904,0.0992442518629756,0,0.812391582877115,0.6123147103500474,1,0.32849282452166767,0.18963291705998306,0,0.030387775994067622,0.05608160872816771,0,0.17987753562671954,0.16798626636535827,1,0.251428772436488,0.3617584756292383,0,0.33227340242801084,0.40740110727856604,0,1.839864707257601,1.0822759839801903,1,0.6552374368812754,0.5216808869503655,0,1.0217682420548182,0.6295926407426625,0,0.6015321155288179,0.3875525350658071,1,0.1533580889353729,0.21866632559604385,0,0.5764221958636462,0.49656242137753837,0,0.9462563515635827,0.4788892368529578,1,0.3516012097487421,0.3511565193754258,0,1.2070813165861203,0.6594445960442558,0,1.463740605723121,0.8507583763102424,1,0.8292046316492481,0.372008072112674,0,2.1217085962986273,0.49266852383190884,0,0.6415194043732116,0.3102674535750331,1,1.4401897418017835,0.6957164847303062,0,0.6734796164937032,0.7397276887211015,0,0.9612029305317782,0.47537936367028477,1,1.1699380155421326,0.7465052828967815,0,0.6163547354135525,0.8059271332081203,0,1.0040676256781804,0.3370854726254732,1,0.1355181810541454,0.20114185590912506,0,0.6781237860949406,0.5016232041911487,0,1.40800389309329,0.5230386111962493,1,0.6117578808406355,0.707658576323881,0,0.5901978008341408,0.314078981967223,0,1.3986464357502644,1.0656916667122174,1,0.4733587018690762,0.43300730523378766,0,1.3402531149449404,1.4702368100980008,0,0.9854119615842452,1.2069311242385323,1,1.0792198889365774,0.8417852790059633,0,0.4063400674519538,0.3443680629298892,0,0.14789424909064314,0.20883798159871245,1,0.2739513565883115,0.3974505324567831,0,0.43796536673457326,0.398751612689771,0,1.8862501061935109,1.0086489839134227,1,1.11872620165845,0.7921560363911057,0,0.8322163181721803,0.7594218802996603,0,2.3681690143752205,0.9501790992661084,1,1.3575073196520608,0.909592798367619,0,0.5744649536352963,0.41502304114736704,0,1.213931938173793,0.5013118144985703,1,0.13305258181575028,0.19032025405686656,0,0.4358332165869506,0.25703984262889534,0,0.8368483074137663,0.6202782459834338,1,1.2285239443492277,0.6199695407665062,0,2.2092758955100624,0.5753075349437639,0,0.4140428326933037,0.427624976345951,1,0.43935321019697293,0.41863255946982353,0,0.2127633395571497,0.04343256249125814,0,1.8870342220185907,0.6116979831766739,1,0.20408168651695285,0.18855329328503231,0,0.08176276196740526,0.09161290763595972,0,0.5268814940745663,0.40802202968779033,1,0.4811507261488558,0.3459084868814977,0,0.6148931301993317,0.5142025376583004,0,2.9008738363296622,1.8083048162942965,1,1.2858532400843992,0.7404100388988779,0,0.6793023575418247,0.2624552793768831,0,2.0355367314286803,0.4125194101450005,1,0.03669840777472953,0.11448525740016426,0,0.3805523310110549,0.3099930379791987,0,2.1118705770866697,0.9708939138544538,1,0.23838243648273522,0.1694392810806072,0,0.3276889365916753,0.265298644345005,0,0.5712181726389206,0.33385467825506493,1,0.8701427426473038,0.5906257406932393,0,1.4934030282448254,0.7643049137576665,0,1.7492900372949314,0.5747638591582211,1,0.2480417188269191,0.21709389251513259,0,1.1538153365732244,0.4751338585621788,0,1.1850856767366689,0.6737968516342923,1,1.0300693979849629,0.24528793644826313,0,1.8610463831931192,1.4826848433514674,0,0.5065700260070449,0.6128213922692199,1,1.2038118546494272,0.5581743184600998,0,0.6513221385612699,0.424671707787473,0,1.8544334025358857,0.500688807422566,1,0.32696282357954853,0.39774894370764813,0,0.9922184368462915,0.7218212926157631,0,1.0566639395886102,0.5257592690573344,1,0.35430489497369916,0.49839001569412794,0,0.5376302296721283,0.7545568095692624,0,3.5089294685797725,0.4704026334068405,1,0.35688438741001594,0.3660509493703255,0,1.3238310520247558,0.47565006658991527,0,0.27231078535774655,0.1862626410855956,1,0.33810580427334413,0.33019928891331296,0,0.5599435369859863,0.43371390613058447,0,0.5728673927121195,0.3861127501006498,1,0.11901246927586148,0.07639217429702179,0,0.21060063518378866,0.2654396540923184,0,0.14427060551873883,0.17671373197725468,1,-0.005497327168039192,0.010994654336078383,0,0.12894906252458532,0.1670965437323681,0
129,2000,0.9,bag,0.8078034068997031,0.008274633901397549,0.36782579802055365,0.1721176809206542,0,0.4776129027518777,0.32477624855814957,1,0.3181411956932153,0.16962668274881598,0,0.5578190614594308,0.2052243308116142,0,0.37499983498095035,0.2849949785567098,1,0.9992165768151808,0.5799744946680548,0,0.5652292731075046,0.3270754090960729,0,1.0799480109219683,0.32502529053979917,1,1.0592188705522283,0.4558546226036444,0,1.2384645794792633,0.25675805527593665,0,0.9909612505967557,0.43546178027534876,1,0.6887241420858053,0.18189265501591736,0,0.7944874982976111,0.44927729768531527,0,0.9931849088608408,0.2709708355598603,1,0.4571389960402127,0.4060022128262971,0,1.0501878997754752,0.35846278384333585,0,2.0059269618549465,1.4628372556028564,1,1.2111174857295774,0.29858610809800784,0,0.9387697664555091,0.28558961174807457,0,1.0224825120754046,0.29811523107682936,1,1.1128901001879683,0.5607318316011549,0,0.6438125254237462,0.3563248551489226,0,0.8282394501768644,0.28787470492270945,1,0.7924886843078507,0.32201009218835824,0,0.6015692216488636,0.23333679292291903,0,2.1954909566531953,1.4812818638307628,1,0.6668596705562597,0.35818009704984366,0,1.033681929597735,1.2759553760539344,0,0.8739838217072207,0.47465073870321034,1,1.0453586986039756,0.7356605962377448,0,0.4959616734092644,0.2349888655538504,0,0.3845586005267834,0.17948362874765636,1,0.6422320865931944,0.6983986651362938,0,4.882833458881821,3.136829754199315,0,0.8680840287897118,0.5051570949392593,1,0.8921057691538472,0.534704701692961,0,0.9827232434454949,0.7342907510818492,0,0.8088066024390251,0.14239266002411202,1,0.4056789048640548,0.23955771441419582,0,0.5217293301450707,0.29280269906396905,0,1.1265472304357398,0.7440014866225453,1,2.0356283102328154,1.5581323062829757,0,1.335128129304754,0.9148896911527681,0,1.02808158602736,0.48170657202244604,1,0.7712941560561665,0.5731862667121951,0,1.3048536569089173,0.8653233215021766,0,0.8014310938962828,0.23083121925603012,1,0.9028995772239,0.5411171295814564,0,0.32501474131908187,0.21084227504055297,0,1.4169360390683754,0.9112656467597726,1,0.5965552221664925,0.2881175815170497,0,1.2941770629349052,0.35213009433410536,0,0.7088771608533035,0.3239076487049452,1,0.9850368954768444,0.3685692288348049,0,0.5541658015824089,0.280966005417639,0,0.778628593879866,0.2165315113331048,1,0.44241615435909243,0.27891620642509074,0,0.6986074631098353,0.18989397878304035,0,1.1012005681762413,0.5955442910200975,1,0.9790001946759629,0.7811802497696767,0,0.9875961715913307,0.9211577459750354,0,0.855473145467518,0.453334108263595,1,0.9444699966442368,0.8788859143157938,0,0.45019938855740593,0.45958791028241913,0,1.0523352522633185,0.7324788904076104,1,0.8213253178475292,0.5567784324998248,0,0.6186578095787507,0.5542209514984037,0,2.7878988987234927,1.3843128331192054,1,0.540817845008157,0.5964657145357067,0,0.5010408505680324,0.3385876128410567,0,2.297509427783745,1.644779824248271,1,1.3513757614714537,0.9882727022806687,0,1.0791449524928243,1.208705935360708,0,0.7883253614630303,0.6991749224708271,1,0.42720591925198964,0.3994404593668821,0,0.4469939333473458,0.16183850899279248,0,1.914957398712242,0.9342185008391709,1,0.9071841177471693,0.6106340465562833,0,1.870212243400422,0.9507552431308653,0,1.1489675172636074,0.6188939657543991,1,0.5571016626917557,0.33558748566309865,0,0.7710456409824135,0.377141718690432,0,1.7665316994452644,0.7675091383725908,1,0.7839649100065802,0.319961623962691,0,1.0864907328396776,0.26351811604820374,0,1.2114588024346404,0.472365744932634,1,0.6807485673013678,0.560975846623636,0,0.7682069354116308,0.5896673231671556,0,1.4153357096602797,0.5210183239782525,1,0.7433805361570236,0.43371676144983273,0,1.019911270444917,0.16408001145994022,0,1.0553814770358332,0.4130942314934548,1,0.6707951589390364,0.05450521381410568,0,0.41737655730192247,0.17655597743185145,0,0.6067503353126842,0.1641785474724629,1,0.393158795535436,0.08028711516155736,0,0.26518054350480436,0.14310331980597898,0,0.351408169339268,0.15606326918667404,1,0.23109800541317468,0.13775288577562075,0,0.21607836072724243,0.24253081183688283,0
129,2000,0.9,mlp,0.9896697443571447,0.0014244559527854673,0.037930828844321925,0.03313521757964839,0,2.01661963920148,0.22895803481365826,1,0.1259446337246611,0.045301062801049334,0,0.11585414999272688,0.05157462066421947,0,2.156046054260601,0.32540692678969185,1,0.12610091273398263,0.04446529331737883,0,0.09409731094505833,0.027580393625729883,0,2.043879420614299,0.27171046227743306,1,0.1591669117173786,0.040843376374607436,0,0.053464279234663,0.008686507718027371,0,2.172135256821607,0.05706707255317834,1,0.08144146189861098,0.050453906731576556,0,0.03998094721684251,0.0335628099410954,0,2.144628473926477,0.2517938222420284,1,0.04681263602123843,0.024356113593929214,0,0.027890105875196282,0.01237571348797835,0,1.9449785889540105,0.3717721746058187,1,0.04411828628078983,0.04143014626833857,0,0.10808312078147508,0.09762954746369078,0,1.8566652569638689,0.2632879733241093,1,0.13630735991624257,0.00905314350978612,0,0.22778782257203903,0.06534990214170991,0,2.1989684159747123,0.13493721246498128,1,0.03897019204547385,0.036687397651984484,0,0.026510634262652155,0.035814151981593566,0,3.020894192655634,0.34309136782431404,1,0.06568047647868827,0.04695570129095672,0,0.08331875420407656,0.036738966312952016,0,1.6830552849231588,0.3426749075561249,1,0.04043987314379055,0.02638106904296446,0,0.09787668433890791,0.06376855373569958,0,1.9904366361347023,0.18784486728867456,1,0.050436115747012567,0.05203912999863507,0,0.05099073079469761,0.040675341366067826,0,1.6343157530533723,0.24914469407972584,1,0.0762631630443284,0.054076307659120054,0,0.03856965125671236,0.024541658781028375,0,1.4212111411854502,0.22582265983228408,1,0.032761757356602195,0.04200837989078556,0,0.02747445614413193,0.030002507004898534,0,2.214265740868533,0.2701373917800929,1,0.056925498008968,0.04288849614453578,0,0.032382146891721864,0.022205169256335016,0,1.6254668353499675,0.19245462766279212,1,0.09238124069848305,0.09316780923399753,0,0.04331271111217405,0.01714594466468411,0,1.4316622373430135,0.18780772700897763,1,0.06320484558267474,0.020962485554205115,0,0.08338351228505725,0.032733705974842583,0,1.9875023958502414,0.30881203431563786,1,0.06836517818841117,0.04374248532709831,0,0.05590156296210047,0.0329701000355196,0,1.5007311273223247,0.2522005920270814,1,0.046884090583615534,0.012534628691081403,0,0.0627080006094457,0.06808118782496482,0,2.6691161435158843,0.24581222656948265,1,0.026931648865123788,0.016361443992848827,0,0.0408570324473538,0.009722151572001,0,1.633090078780948,0.13883142988103184,1,0.05312777796229486,0.03211043447282879,0,0.05068250766251736,0.0227083338885216,0,2.4145488866763225,0.37912671079164406,1,0.13530678103841096,0.06944834733193674,0,0.1559885637646162,0.07570200398892911,0,2.104015998215108,0.09472769373862548,1,0.036683446772604454,0.01147911948305374,0,0.03742495905387415,0.030540507689357968,0,2.6875107067727626,0.5288900086825912,1,0.07465249418243808,0.034954591171545445,0,0.05149194276337028,0.00979222975193302,0,2.627536844698598,0.23247282020443372,1,0.08697543863474526,0.01976409887483826,0,0.03579323327434259,0.032260214938567004,0,2.10439722626867,0.2675231063974396,1,0.06714530386125799,0.03690327289834056,0,0.10981897736387154,0.03889179004165656,0,2.024152138915517,0.24132639210903553,1,0.05523414242998148,0.007919534402928807,0,0.04075189059837307,0.02083115107564597,0,2.3017078436667235,0.23402927691502207,1,0.07645467737974525,0.04915168591960611,0,0.05239952851804912,0.0458727354189462,0,2.060140721567301,0.18766249460994935,1,0.08775338859349972,0.06757981416572961,0,0.060930336483618716,0.027900647525769425,0,2.382566859121773,0.1737130994001808,1,0.08312272820130635,0.05483140758135609,0,0.030126372326485046,0.029279065082951,0,2.207849094314118,0.27579701376589505,1,0.04195897407435311,0.027688727740497382,0,0.07622536759299439,0.030827736227926932,0,1.526329308190801,0.052936692852218074,1,0.0560597138022859,0.0712034233478899,0,0.0552064120463974,0.005056181040431222,0,1.7634682833803523,0.22142804867588736,1,0.11126043595167327,0.05889260729295626,0,0.028148439105680732,0.031128665196997925,0,1.8616505212007113,0.2103711668216434,1,0.08883219933337348,0.042694632050818665,0,0.06078192519014032,0.022848737980977654,0
129,2000,0.9,svr,0.8904636863719165,0.01415514660544904,0.3563172138122434,0.10567707473826728,0,0.5596516935122391,0.1561163503576647,1,0.45753798642712146,0.09765401284667448,0,0.526837744171997,0.10616501729739897,0,0.7002059314925487,0.1549227176607786,1,0.3918010124263402,0.13574718580305978,0,0.5464441719495389,0.10664019781632303,0,1.051064363976495,0.17239020795566853,1,0.6346613207851113,0.13456120077552178,0,0.6586868624742411,0.13213918116866255,0,1.0708651746776319,0.1990020068456493,1,0.6359617647350897,0.15277263267126892,0,0.6900232328757208,0.1727984417512734,0,0.8594547573903375,0.15801306348772906,1,0.6488428648142431,0.11608014949993088,0,0.6319935358748369,0.122841152184527,0,0.8096549394108703,0.1338010996523914,1,0.5442942170590228,0.11915996738093786,0,0.6253377076064612,0.13534856666347148,0,0.9433091237987308,0.17540142934032346,1,0.7740997391722036,0.16547982294450314,0,0.6325371438221149,0.10938854166249837,0,0.9151421122254326,0.11504512390445858,1,0.7329022281922608,0.09309664985642885,0,0.6806422309861533,0.1773806258904032,0,0.9760941737082929,0.16731464112988012,1,0.5343667992415174,0.1590691306080662,0,0.6398150800387316,0.10699337933658108,0,0.9975862752820399,0.18468390609034918,1,0.6765874670674977,0.12526816239473015,0,0.7876305305682212,0.15064444141334246,0,1.0365322008505975,0.14478006990862996,1,0.5402318740550954,0.12879028002249807,0,0.7639517245030232,0.1284405687225051,0,1.0673377541464308,0.1655312328200146,1,0.7154812393663237,0.14180946762263621,0,0.6310504070341039,0.12382542586067616,0,0.8548839053905259,0.15355150814064059,1,0.7780886759915198,0.1448202328137361,0,0.7597317224046364,0.18060454540278115,0,1.175263210498111,0.18949273763413876,1,0.7315618275750335,0.13191669666588715,0,0.7046716772676803,0.16502257907017331,0,0.8705351952557642,0.1330829025295613,1,0.7193944422949465,0.10083857933417165,0,0.7035720352978883,0.1371531723651777,0,0.8813528011055075,0.14903052268149786,1,0.6952483053160389,0.1046545327861885,0,0.6555755584810703,0.10093498162847737,0,1.0057913248358017,0.130372019186181,1,0.6367550571543983,0.1286429931040538,0,0.6513668581723243,0.09325973443285202,0,0.910609362842834,0.11947162363537998,1,0.6680362350943442,0.12242337164508084,0,0.6257591156029818,0.08798038212325032,0,1.0330875055312316,0.1143012519138273,1,0.6617200902310085,0.12455323981533281,0,0.6585776672977762,0.1484945502803546,0,0.9227334998153578,0.16201197382864346,1,0.6449837378830449,0.16011187173918653,0,0.7615625571181887,0.18202293099579211,0,1.2148749207694434,0.18249445235061032,1,0.7006124884934394,0.14228929596792655,0,0.6038391569607444,0.1163163557815645,0,0.9873597944040476,0.20890291757401847,1,0.7892315394476791,0.2081831033755507,0,0.7398693263067526,0.22235758399976124,0,1.1874748614256834,0.2651887600987476,1,0.7415675963177922,0.17682818334041003,0,0.7690581109702197,0.20667312676537858,0,1.145024281337822,0.23372457203955826,1,0.696531697050762,0.16542056406380395,0,0.8767744505030743,0.1479614572421674,0,1.0501257272431077,0.2161084327047279,1,0.776555882354321,0.20486302257948277,0,0.6537540356057862,0.19459540552462679,0,0.9421145843923096,0.20331310168302633,1,0.7367054040121757,0.1543525988202761,0,0.6686495601085178,0.1421735495423441,0,1.047290232344067,0.16787534788689193,1,0.672883391479324,0.13087346861142837,0,0.5996824695013012,0.09399762173785205,0,1.1993159741618764,0.20294713241881668,1,0.6962882613916276,0.11190716619159055,0,0.6656693234651347,0.05849403217236635,0,0.9283349307252241,0.06302470166463811,1,0.4056853032331055,0.07488646098753038,0,0.469224210205099,0.06948661754599889,0,0.8940787438977248,0.10622288034250948,1,0.7384147868164066,0.06707831318227862,0,0.6587954501475239,0.07283926444348833,0,0.9494798964773326,0.042028757088009155,1,0.5992760928442074,0.061137444225543056,0,0.4559767941107946,0.05828644179184686,0,0.8338403648397993,0.0742189852218901,1,0.42338621490014533,0.0628346063182571,0,0.3488450205865549,0.08043183232354427,0,0.6308581271018052,0.10811351773483341,1,0.2273619838014512,0.10062414038100616,0,0.167255910338294,0.10412284081985207,0
129,2000,0.9,knn,0.9102250733743371,0.006205197618341034,0.3711909684361965,0.19161457291982037,0,0.33353224570698126,0.32123416316417763,1,0.26490298015137126,0.39467744611921735,0,0.453141881573757,0.11992960173121696,0,0.5538905736289763,0.39051900860769817,1,0.5320248135142976,0.3666822129563163,0,0.36094336956980133,0.3952033627093774,0,0.4826043309335358,0.30666489965823973,1,0.33318240959569956,0.19709659953734715,0,0.3708411541687294,0.1454832715181829,0,0.34000542604397727,0.2588235976611526,1,0.2033155573037015,0.35369994284445433,0,0.18028222719172354,0.28261356894884904,0,0.29437349882989283,0.3280858783870839,1,0.22009864788227854,0.2869393781726573,0,0.26344945735149755,0.22472832087849196,0,0.23176423420955844,0.18128392057799259,1,0.36994176841082943,0.3198827520586974,0,0.5065112887113964,0.34041483114113585,0,0.5034144057578951,0.3685992259850959,1,0.6319752644218474,0.4271751466042144,0,0.3404734767497385,0.3541418742594978,0,0.534919978937314,0.2327499434669428,1,0.45455782043955884,0.34144967816037025,0,0.40430773774061946,0.24771395776814342,0,0.48281731479351037,0.25902411171592454,1,0.28186439128182145,0.2961051059043178,0,0.32032266249093566,0.1996295781803888,0,0.32256638849167063,0.22917069922743347,1,0.6285385887274091,0.4334491974264627,0,0.4274108500048296,0.3217702877192821,0,0.512398526717974,0.22361039204375344,1,0.5106181942381418,0.29090638571155336,0,0.4855725793982145,0.2095916462438096,0,0.49486896640554007,0.3322594397920943,1,0.2585291704802226,0.3265087941106205,0,0.16880503342052405,0.29402285624566143,0,0.3705545990018459,0.28115915323799345,1,0.39093338028610114,0.2839976411144807,0,0.4514321624722138,0.3090162158126988,0,0.5176484026203034,0.3346586783480614,1,0.6138188445655176,0.3286653418515909,0,0.44557772054949163,0.4874880809301395,0,0.6133107361628407,0.38544802129165623,1,0.4322797479407984,0.4799464979025666,0,0.2830673142192949,0.28236014749437977,0,0.2005180291779217,0.3198483705662619,1,0.4140674254778938,0.28959909786711846,0,0.509062143030772,0.18730404654520114,0,0.624067742152923,0.26356580603326046,1,0.5713173472900195,0.1140540491921806,0,0.5916178405835002,0.18365739292001493,0,0.7762236734229789,0.3615426047729603,1,0.6269181225316455,0.3859052767335367,0,0.5520389102214907,0.5833812783834262,0,0.6511973198071055,0.593242294573374,1,0.568576618637014,0.49635846895136726,0,0.31139831206324947,0.4192749333517891,0,0.340541450265834,0.4990161870201458,1,0.2950050002778711,0.3738583742206423,0,0.6300939943738181,0.4842851826882233,0,0.5618705828366547,0.3791595808678419,1,0.6016311898014717,0.4176139332619102,0,0.5631551568836586,0.44986118047556545,0,0.6007968422679106,0.40190348891525096,1,0.4282438115752286,0.5261528183836299,0,0.5547552159463243,0.44879920556539626,0,0.6600866592382476,0.29956534578679467,1,0.3920302539756638,0.1343494124384044,0,0.2563988397301026,0.24586183327071354,0,0.4039956577500595,0.4854243785356386,1,0.23696919080364354,0.3331366758576076,0,0.23166727825785732,0.31264018912321595,0,0.6342543758973243,0.33377304121661094,1,0.4051793932193431,0.4061649880802035,0,0.4185678128793652,0.4334050427422447,0,0.5137280126320791,0.5327957627149869,1,0.4256963293968812,0.40233993749128527,0,0.3643113623331106,0.4686337056760333,0,0.5171877419874565,0.4684521367848845,1,0.25369023527275114,0.3532009763536095,0,0.2523092101514274,0.5059608970814757,0,0.4566182158124665,0.37315380840445556,1,0.36886858449138843,0.3588089846162593,0,0.4421737204490436,0.3282965319413779,0,0.42057922704616735,0.15179452155463974,1,0.16769672991482698,0.2118646065190466,0,0.4377157893714956,0.1730298866905139,0,0.40119358324551085,0.30138759452135017,1,0.2886965881509219,0.37505616375533496,0,0.3602017827233888,0.2676795743819403,0,0.46965563257089693,0.20599314495922824,1,0.10251870396784069,0.3831707569746253,0,0.18161628809407007,0.3163510647157793,0,0.19977071017473283,0.32969447461404927,1,0.1873975629068271,0.2741902451724215,0,0.09347862966608599,0.05365728533364703,0,0.02501645773365696,0.12475237421331489,1,-0.009404122386052172,0.20805753042765304,0,0.02175984316523997,0.3634698386615573,0
129,2000,0.9,SuperLearner,0.9940510198802327,0.0007821574280133572,-0.00045901691188128345,0.0026336232437122855,0,2.0832052427639303,0.19594480496856334,1,0.0010878102243534258,0.0071818913850895,0,0.031788651971041644,0.023146003134494823,0,2.170828557509149,0.10915998405379468,1,0.07781249408308945,0.03952504079947647,0,0.0041957640722738564,0.005405016914106734,0,2.2106346019032705,0.1904899509289081,1,0.02292921818835762,0.014461572438816853,0,0.0048255607963353445,0.011932935392347644,0,2.3291222206670303,0.17263207826271448,1,0.013749928947378035,0.01994676099100832,0,0.001326673538789031,0.007475363287201606,0,2.217736750956765,0.1420087558247257,1,0.004979672165827878,0.008708886032723618,0,0.008667748855421186,0.012943049709222552,0,2.056716810462652,0.28624192533912884,1,0.0009860256432179355,0.0037607165033100498,0,0.003067986016053445,0.0023643819403548583,0,1.9526056845251698,0.14171246616196456,1,0.011152012384120696,0.007825784139062915,0,0.04483558569910238,0.025407919615999336,0,2.1638063856363816,0.16279207395670564,1,4.811795956787979e-05,0.004878514116065154,0,0.00896344983437577,0.006836808953692181,0,2.5617400189733246,0.21891492089372613,1,0.01886754726324772,0.015907901733496176,0,0.00018586697008532126,0.002376106527205401,0,1.8572107456579245,0.17816507463220976,1,0.0027917898342445834,0.0028487600422940663,0,0.0070489792840861985,0.011747999959176388,0,1.9443339901135643,0.26227629617141485,1,0.005251443327177664,0.004654388742515767,0,0.0022087124053973175,0.006152817389374872,0,1.9144653106301592,0.20431190653522263,1,0.0028190996688847044,0.006352388331487692,0,0.009132221489290592,0.009753244302290005,0,1.5558139741350878,0.10913554755068751,1,0.005952963220708568,0.00508023398688392,0,0.004112948683642375,0.004498337707645541,0,2.286573651656549,0.22645574733358378,1,0.0005544955425435463,0.0021168471422597047,0,0.0062411767521814475,0.006796852724220521,0,1.7791434978263372,0.10857478010639585,1,0.02189154431358078,0.005425729612384834,0,0.0013300943593644093,0.0018217711656081793,0,1.7271751936428692,0.18127307752718638,1,0.0028628672379069813,0.003213721098325827,0,0.039422846361883125,0.010671074363062368,0,2.396223782313027,0.2608705883526337,1,0.004170951723976761,0.0046384413909755125,0,0.0054297390335438876,0.006005175019284499,0,1.5565270094452004,0.20624374215933278,1,0.0022499199970045214,0.0016999363569669098,0,0.0013807844843735273,0.0030030087549199804,0,1.9625111533726027,0.10591541435389752,1,0.0031133278880564968,0.0016001567944815618,0,0.0008455477908612269,0.0029607506489245064,0,1.8354898506813488,0.10434782484307116,1,0.0177575437722231,0.015470799979306985,0,0.022062537468007414,0.014092566798317224,0,2.171859063961902,0.1839077078353211,1,0.045497416662553504,0.03248480530506401,0,0.07408428976922068,0.028488103533621367,0,1.8632652420296403,0.18797911808728202,1,0.002644498931222921,0.0033312523326535725,0,0.0036438169752010903,0.003049148837892886,0,2.780892377770688,0.3488422544716981,1,0.03333624648772142,0.016132010428427445,0,0.011753184404707526,0.007541588735185083,0,2.094232454790827,0.16637486579676158,1,0.01761687045619634,0.008580238609322709,0,0.005271573499776746,0.010326952679410292,0,1.787030771372852,0.2802579673268285,1,0.01834175331330917,0.015810710322293735,0,0.0016098021019015966,0.003178778881851613,0,2.000872333633018,0.18325645086251624,1,0.005134701229022541,0.0031989490537417333,0,0.001976848839047195,0.0027066660390806544,0,1.8297774713380668,0.14259176221424694,1,0.001792667208317246,0.0035666771154160156,0,0.000745142652813164,0.003307146252574523,0,2.252372895227897,0.15907877870950415,1,0.0011375656258939247,0.002856607979052648,0,0.0035583812849323574,0.005539542129013275,0,2.180272689418138,0.11952619979940819,1,0.020958307086114805,0.014168057025107495,0,0.008121701107032865,0.005658026759561324,0,1.9266742341282197,0.19997807547399077,1,0.0029064204603159185,0.004026879033487195,0,0.001620782338610928,0.005067101165485901,0,1.8759395289786558,0.21389986599050892,1,0.002799751180948399,0.0039518369818260695,0,0.0014969658936410904,0.005123861057664587,0,1.9503462830506977,0.04488104976461149,1,0.04562939915492607,0.011840741595651932,0,0.002063123825402986,0.0026064977123691426,0,1.8411691556934795,0.10990491751340342,1,0.004956058000400543,0.005255464849066288,0,-0.0003435701587438205,0.0026539239959410526,0
129,5000,0.9,lr,0.9944740846533389,0.0003447015237525947,0.0002601108723359081,0.0003237923197718325,0,1.9021294416616343,0.060477604549251954,1,0.001015268148239966,0.0008448005121309269,0,0.0037923860090339698,0.003061854588667206,0,2.0127799208934682,0.08991208460612914,1,0.008243891283109206,0.0051983801946925735,0,0.016743871189555032,0.008214640474657593,0,1.7781057983501989,0.1330185628130628,1,0.0010082835146855045,0.0016570192488943234,0,0.0005281220321637456,0.0013634974173857145,0,2.03230325254689,0.0716985419004422,1,0.004231227215191495,0.0031230418842435703,0,0.015615531871123568,0.010472220685261774,0,1.775753246803181,0.10442202432949783,1,0.0010694696779334919,0.0011844005085793973,0,0.0010844269324122875,0.002073018896662055,0,2.2094424475778407,0.1887451275041341,1,0.0042661829816142225,0.005374455824309426,0,-0.0005618705520151872,0.00317710360587391,0,1.9967362717639108,0.19217176881702003,1,0.004956588821493362,0.005915673499920436,0,0.015012208969686506,0.008130124886535065,0,2.232979726265261,0.07647214299949082,1,0.005281548714928183,0.01016296332574038,0,0.0029889923114406677,0.003940067324884989,0,2.0731159504468684,0.04441222433545323,1,0.03213664684805301,0.014043761073981467,0,0.006705768524830412,0.002898736566905316,0,2.0921519221787124,0.14260465887196377,1,0.0009292117603714328,0.0015785689780133114,0,0.003132823322735861,0.003925947616295469,0,2.1965434710086997,0.11010512669491902,1,0.0008964018631149746,0.0038151389556417086,0,0.011817493459769545,0.00914012572521181,0,2.3295850016240123,0.10926272725642378,1,0.0012498184600127763,0.0025516902257150635,0,0.0019789818215718343,0.002490081985194658,0,2.0509581637752885,0.05312519771426176,1,0.01263511398325019,0.008870936452565628,0,0.007060326914178067,0.004762667721882741,0,2.2093646785504553,0.09625122042560222,1,0.0017537548452392214,0.0020112272434034363,0,0.0020504386824213524,0.002123116272217585,0,2.1560265062407042,0.08739058477190674,1,0.003290542569508853,0.0027255774046770057,0,0.0002490255267129062,0.000568205810740189,0,1.9298101133009322,0.1169515555866575,1,0.007815016677389949,0.0030197677948750855,0,0.0013517310711509516,0.0014855785481741564,0,2.167325543441873,0.069013702552478,1,0.01677554628160973,0.003308394498698628,0,0.00026922252712297873,0.0010912802996984885,0,2.161369406380255,0.22242333162975364,1,1.3301327574120978e-05,0.0007481617553336093,0,0.0009681874437253394,0.0007727708706962369,0,1.9820948954579667,0.18863107745130375,1,0.000684912011296392,0.0009138450287288661,0,0.0011202205265399274,0.0019701509848316094,0,1.8527742450079987,0.10726704939757441,1,0.0016873605764287439,0.0015077294305076265,0,0.000918606374055349,0.0016073854698977186,0,2.1055272704170305,0.21180884628622548,1,0.002574098439428894,0.004054416431411386,0,0.0015062551544100353,0.0012278658036872737,0,1.7785064964701305,0.06969720540867197,1,0.005814572790107829,0.003944638056323042,0,0.0014800361705441425,0.001131869909229813,0,1.8879214880574726,0.16531595675541633,1,0.004856041222051197,0.002421640869871664,0,0.004521136887490192,0.005822398840231537,0,2.2431329118438024,0.0977160785567837,1,0.0007043111743529918,0.0016454858071562506,0,0.00596272602915877,0.0029395477520678492,0,1.9906436419417026,0.14535862991348658,1,0.0018295221239364903,0.002622196549674438,0,0.0003393009510670016,0.002507760765324452,0,2.0906496573275186,0.1132424603005698,1,0.007960726086629951,0.0075320226707364405,0,0.004122304991836666,0.0028851422131734934,0,2.2176975483018895,0.1349627619591112,1,0.0004228669134996723,0.0006762853020355233,0,0.0004866506511938207,0.0003114941806409973,0,2.013005520774205,0.14961471998799397,1,0.0016764088878207495,0.001343477650491174,0,0.0007165533499515946,0.0016919562075135503,0,1.6690288589286388,0.09491495271424505,1,0.003484597141617994,0.0036888067926836186,0,0.0012051731982909767,0.0026312122494899243,0,2.0631713031759302,0.16084727278539243,1,0.0021236485168890738,0.0021808161270478374,0,0.003773071990397488,0.0057388774294567044,0,1.8819058288636814,0.13754256745471327,1,0.005677764960813355,0.0059531092018308565,0,0.009831759848445984,0.009880183579121167,0,2.101592418033233,0.14938510089085028,1,0.0006624856003394651,0.0014795474519925871,0,0.003502754511565278,0.004030608124371126,0,1.9146768314940925,0.11907131559467647,1,0.0013613885559603512,0.0011446865263749426,0,0.001227299883937882,0.0009282752299530797,0
129,5000,0.9,lasso,0.960876701503971,0.001438592797318627,0.0,0.0,0,1.16211468888083,0.11767790789529729,1,0.0,0.0,0,0.0,0.0,0,2.788304507499421,0.07923097680234284,1,0.0,0.0,0,0.022878472081846377,0.028515642812480584,0,3.1763547122263267,0.24552052236197822,1,0.0,0.0,0,0.059286544579121955,0.04939069940751057,0,2.988729292967712,0.2389738395072222,1,0.0,0.0,0,0.04416411853247555,0.049258343814173586,0,2.8770647281565545,0.14952729325224473,1,0.0,0.0,0,0.0018976037582143837,0.0037952075164287675,0,3.080553175460736,0.2306681237367802,1,0.0808031578500716,0.09897195742579812,0,0.007654945756007077,0.015309891512014152,0,2.8525408533534597,0.12385272543691156,1,0.03220389552751739,0.046472231259964615,0,0.0,0.0,0,3.32055837874089,0.1504666703624345,1,0.08414337167833379,0.10868930537035758,0,0.011033520282632584,0.022067040565265164,0,2.516627069162667,0.14621419509289013,1,0.0,0.0,0,0.0016757020192588712,0.0033514040385177425,0,3.005265083361448,0.139567124917242,1,0.20536667911354392,0.05977084424204626,0,0.0,0.0,0,2.872267806113127,0.06774734637974253,1,0.08876723104709312,0.048050583793897934,0,0.019205301498309645,0.03841060299661929,0,3.3621569782860092,0.21617697278043257,1,0.0,0.0,0,0.0,0.0,0,2.7834747692940875,0.16442797586511948,1,0.03646915846000155,0.04768542579617237,0,0.0,0.0,0,3.035246107841151,0.2709014312222759,1,0.060813198221171275,0.062357088201460284,0,0.021423501484339507,0.026806432556298755,0,3.032474441951527,0.2759791753583009,1,0.0,0.0,0,0.0554692886072435,0.06813108595848608,0,2.6275952393980537,0.24296450136492734,1,0.0293171087078002,0.03414477441754285,0,0.025006477984862836,0.03433310353392175,0,3.189971661642538,0.3196088779290672,1,0.0,0.0,0,0.04951767726248064,0.03617896585820813,0,2.959747783307803,0.2889329151573731,1,0.0,0.0,0,0.0,0.0,0,2.8362081343817,0.2844877786170956,1,0.007514635142391377,0.015029270284782752,0,0.0,0.0,0,2.489640928142181,0.23852148130271464,1,0.0,0.0,0,0.11584786260081045,0.0972571152869868,0,3.4125034214541983,0.35043641936246456,1,0.00042028317474863643,0.0008405663494972729,0,0.12791169043962763,0.02506691294476596,0,2.6315045386702223,0.1274144642967813,1,0.0,0.0,0,0.0,0.0,0,3.1292531575445874,0.20584676789589426,1,0.0,0.0,0,0.0,0.0,0,3.2236037708188356,0.19446179053772739,1,0.0,0.0,0,0.003938720001993513,0.007877440003987025,0,3.0441335114210544,0.12293588972500435,1,0.0,0.0,0,0.0,0.0,0,2.974740216132497,0.20185816078988003,1,0.16909540844098192,0.05928047993376776,0,0.004209642109549378,0.008419284219098756,0,3.0409138410513608,0.12455053277206785,1,0.04785008371298208,0.0669398306653249,0,0.0,0.0,0,2.9999784203526043,0.224245202327794,1,0.0,0.0,0,0.0,0.0,0,2.572027596425482,0.1117567393217621,1,0.0,0.0,0,0.046420993388575735,0.06894064953418402,0,3.310489864974998,0.38868462576662494,1,0.0,0.0,0,0.0,0.0,0,3.2425128137982404,0.196493235600285,1,0.007056893894944703,0.014113787789889407,0,0.0,0.0,0,2.9332102637618456,0.3134343944818463,1,0.0,0.0,0,0.0,0.0,0,1.1900014801172207,0.027499431952209417,1,0.0,0.0,0,0.0,0.0,0
129,5000,0.9,dt,0.5499988310566335,0.01919290127550979,0.3042931686080928,0.35200353087289765,0,0.38972337506615284,0.30295132270743125,1,0.4006067107816727,0.5073283088734609,0,0.8674248637947356,0.5017441465034984,0,0.8029421987795787,0.4562276374341028,1,0.9183703290309395,0.9236669053081878,0,0.8333880128996907,0.6148063868036846,0,1.4844222896063735,0.5267386247523571,1,1.1728575493861721,1.7562906293562173,0,0.5981144670183662,1.123873714393422,0,3.0926329627488442,2.536239216002425,1,2.37956923709159,1.570485377850518,0,1.9734532576186878,2.1871578630736517,0,2.060698670117059,2.151485803956055,1,-0.014334575997667631,0.5745734171915513,0,1.4743065841706877,1.3926551087506127,0,2.331149762858916,2.118172070815973,1,2.2613172153985266,2.7889355019817605,0,3.3220605851644756,2.370143484724337,0,3.057677663197833,4.405255152168271,1,1.0037535991299973,0.9820003263115323,0,1.3044986060044041,1.3674597975469847,0,3.313282594434566,1.7006632904315866,1,2.6002972752108913,2.2673484196224147,0,0.5917088961206536,0.6832342367371358,0,0.29781577418378735,0.7452606967982686,1,0.8951984520057799,0.8541376720597841,0,2.2188781551445858,1.1562248235212436,0,2.7101657723624917,2.868094196176342,1,1.3529238598825857,0.7793810222594119,0,0.8090301008817716,1.3433791953516168,0,0.6764246257036002,0.7443414337980782,1,0.6522419323216868,0.3037248125795784,0,10.773985828401779,7.285681569774954,0,1.829843598091541,1.4845388329896212,1,0.7214379151331464,0.6195557540410337,0,0.6718525929586823,0.6805885513808038,0,1.204641288249946,0.4351963259475582,1,0.5611188552789487,0.6105305195393637,0,0.7054072202193244,1.0049534911371025,0,0.6855126103909404,0.47498557543887543,1,1.1335448351869297,0.39613828925804906,0,3.531442935818878,4.484213572896861,0,2.6642071773041507,3.118938398429658,1,4.017114504826136,6.132207896778972,0,0.9392765558992385,0.5857048989909494,0,0.44459916781873704,0.305830475186449,1,1.3233590619745077,1.9513957626152143,0,3.341507414724897,3.5414813241023535,0,1.312484752133396,1.0916799974981446,1,1.552900164061144,1.4036525077106992,0,2.2703710793438825,1.4179270897494287,0,1.132870685032956,0.39536674323356746,1,0.3470244085872084,0.4307414285673308,0,1.4200162898475015,1.3959689033222535,0,2.299685243829395,1.5356493030226945,1,1.80087422093466,1.2269395283219362,0,1.0805292904825845,0.9340165943824851,0,0.8294507958535003,0.8314530120190393,1,1.7733545132053048,1.6157934770044493,0,0.9413787749999043,0.6180028037901247,0,0.8354941222904889,1.5267997464829939,1,0.6321768024309676,0.5494217709017806,0,6.527330000551987,1.3066216022023847,0,0.6498873495784477,1.2205499136010105,1,0.8320626665717153,1.6597431793496498,0,0.5481610475144573,0.6257404747730166,0,0.8784112518607449,0.46108630516424554,1,2.7786072123691112,4.29899132077342,0,0.5593907884375905,0.27624093743174355,0,0.6794069797521106,0.536539970579759,1,3.542404607675473,3.962367654757656,0,1.1854421457786255,0.6034066018310723,0,2.3263631286760704,2.8136538480122097,1,1.197801926741008,0.8528137781232678,0,2.305108274445166,2.293104098484773,0,1.6039373357786335,1.6226368941753953,1,5.769811377743882,3.332585982799773,0,0.7724039144472201,1.0420876494379172,0,2.0534430511950084,1.7347923006429735,1,0.9033646650321492,0.7580052043234787,0,1.9451082344133659,1.1469543527283572,0,1.060654124156541,1.101505634957736,1,2.9514453035148285,1.2763291925028672,0,3.542530668720354,1.3591781853532925,0,0.4257702003690085,0.5070226440176612,1,3.0379907449002976,2.447469500519203,0,1.4896714812172636,1.5399558495482384,0,1.7822079380131624,2.295963102768975,1,1.920258488838985,1.3607755640250512,0,1.3016088106154375,0.6102234965878159,0,1.2945556633748454,0.5952751255500898,1,0.8939380947214456,0.8860236735636688,0,0.6883366233286362,0.4850752261597011,0,0.47845090007451424,0.4111754963976279,1,0.8310223998070162,0.9259964928059342,0,0.34411817602906425,0.448320525614847,0,0.35129759967508256,0.5831923010315063,1,0.3241506599273674,0.49583801945415057,0,-0.020675704527606503,0.5741208473408562,0
129,5000,0.9,rf,0.882839468086561,0.003503917764348482,0.1983618565577435,0.015125342492668925,0,0.31979557883619525,0.03639683085318403,1,0.2789149250812562,0.027978956873037975,0,0.28869565704656386,0.04063414147838728,0,0.5537862784114829,0.021542477492682496,1,0.5782610821892235,0.06703667071050014,0,0.7060459490253695,0.1668583000059495,0,1.0885083685341905,0.20391916986638672,1,0.7730895228758827,0.17838186737390482,0,0.9788635816749972,0.09124108074678663,0,1.20566177975603,0.08842782106275732,1,0.8901409492057143,0.1043841677058441,0,0.836833059832981,0.16836991370631346,0,0.9329941146894644,0.14368405404897858,1,0.6584943456228209,0.09246831570956754,0,0.8909177441624534,0.18575544350726966,0,1.0693148805699364,0.3320240945303718,1,1.0540849736922842,0.28984235510316164,0,0.8922754417707187,0.12157408923113676,0,1.1150206102270197,0.15366818141851452,1,0.9361251411178566,0.21585038801364004,0,0.6714421322858757,0.09857663464417227,0,2.2319604508562443,0.5040852054356897,1,1.034188408966323,0.30985640762806393,0,0.5306097881304401,0.11939584316737363,0,0.8034262509432619,0.13962267346256052,1,0.5093307250539194,0.07483907302167692,0,0.680433652562996,0.1827258306706102,0,1.079752289580363,0.18975100247288745,1,1.347107403759122,0.2945892776031672,0,0.8523129480016003,0.4087466655005923,0,0.876482528963648,0.14384070950883193,1,0.7201074536130941,0.14897340223425307,0,2.5759782817637915,0.8289423798919089,0,1.3572289837529943,0.47692025452261283,1,0.5501465518253106,0.09620479989455491,0,0.45101334141217775,0.0576804959338838,0,0.6525551530313594,0.11810706038620412,1,0.5323880200426087,0.02642117733628406,0,0.4422094659385908,0.07831599675120525,0,0.7180440917804641,0.14728731893303385,1,1.0473603045813664,0.24275903190861575,0,1.1483092076106356,0.32335240137269056,0,0.9463160038281716,0.250170628081921,1,0.7725653286901878,0.17881230413605795,0,1.291951604579914,0.28617272062359167,0,1.1479729052743173,0.17823409590058792,1,0.912974178533107,0.24254445126677057,0,0.7812576061924865,0.23063099339132354,0,0.9350620943503671,0.19881059709986945,1,0.7166062594508489,0.21840527378119942,0,1.0266573907062024,0.2795830707260795,0,0.9796735182576087,0.21862558588985598,1,0.5778301042410527,0.15579736592318963,0,0.748131995175414,0.09121795375678064,0,0.7594149236459358,0.09876782635986436,1,0.5556145499186718,0.06400093104157015,0,0.5906157609610915,0.08183937668113858,0,0.8771993774599391,0.2014946763668884,1,0.8614900674110505,0.14456855726504317,0,0.8470943493799508,0.23275170823502692,0,0.9819740691971258,0.05309865982396474,1,0.933236418363468,0.37720712940266443,0,2.4293218276316746,0.284933018161929,0,0.9810327326987608,0.18179781210247953,1,0.6318881104646248,0.09371504311273607,0,0.5947655996003449,0.14092792465891799,0,1.389769623927342,0.13700336152599407,1,0.7330838944451619,0.10723851383131963,0,0.5641629157553447,0.1639891833356086,0,0.926242291325767,0.08819924126660514,1,0.6706573491308945,0.2512024562398098,0,0.6128241205571333,0.1427027026766093,0,1.9233433036215413,0.4585958342683021,1,0.7286055408141001,0.2493479791075318,0,0.5499037774471629,0.08676498307158,0,1.2198021341654468,0.30366353024808757,1,1.665591810170191,0.49077060386588134,0,1.4592691166775784,0.13181539942730075,0,0.9112668791233987,0.1820375057971173,1,0.6843199482076109,0.10981424475315955,0,0.6126244871478945,0.07864150538722339,0,1.1348131787605755,0.2160095645652347,1,0.8784550499297443,0.06300127556908482,0,0.8042554730569613,0.07594069081836809,0,1.036705532510298,0.14891289480287812,1,0.8139949605631018,0.05477621471226832,0,0.7350297840353228,0.05546575643192071,0,1.0416413401591942,0.10084120803595412,1,0.8190430130873498,0.08600051543942495,0,0.8056124449106455,0.15418269405645096,0,1.0563625208043512,0.11846629251143313,1,0.6889513540471295,0.06875805496668588,0,0.5571883194588506,0.0675892653703482,0,0.7060438401244665,0.0760377971651963,1,0.4587783138642534,0.06716892549986425,0,0.2786835798334669,0.04374534942310536,0,0.28526670505654855,0.052649732375690574,1,0.2168376718315732,0.0627407171480532,0,0.16044614919276218,0.03761024467006761,0
129,5000,0.9,et,0.8973833474844275,0.003686380403624566,0.21676665065797054,0.01844313306582399,0,0.31313621153121124,0.03979439174561621,1,0.2925050556407435,0.02736701040940072,0,0.338518652499293,0.060755570749781246,0,0.5838573841152399,0.0775965554549446,1,0.5623765933023896,0.05811207847852398,0,0.6702461777347741,0.09970885645698306,0,1.0235563256749491,0.11726313764901027,1,0.8027276836269298,0.14465533816267076,0,0.9675931298162614,0.10207571818854135,0,1.0095646425540792,0.10771810386099252,1,0.8960863453706238,0.08432016060269426,0,0.8829438547918231,0.06888029247495803,0,0.9812496853102151,0.07262358734137127,1,0.7282339841129233,0.10174146971406424,0,0.8213823946733882,0.12385403110400177,0,0.9945035246156365,0.16039244253870721,1,1.05346958248578,0.15367873268179905,0,0.8914098772325622,0.04856095471585936,0,1.07687373187117,0.0489413793521231,1,1.106595668209856,0.280374186822188,0,0.872494914781966,0.11297571072539989,0,1.492167181421231,0.12080625810013841,1,1.0675685763316851,0.1852632242866964,0,0.737418529434525,0.15704351230317204,0,0.8487315970962669,0.13988831563450893,1,0.5983576197400557,0.07479355095595697,0,0.9006014386905343,0.23307956917954956,0,1.0076123616387553,0.14366617569183077,1,0.8883959594927024,0.16395557556994605,0,0.8778920263769747,0.2632663035502338,0,0.929749986124332,0.2365485758834481,1,0.9469674385521824,0.20807002958851759,0,1.157034023553364,0.14050723374283122,0,1.4741974937460425,0.30553372903839665,1,0.8217100161767681,0.20382052351902682,0,0.5581187744602776,0.0729607207430827,0,0.7395310325334467,0.12168899757166488,1,0.6130720984517434,0.09141698493332083,0,0.4973540551242318,0.04871360756395279,0,0.7120109118066924,0.1322644838585762,1,1.1071848736825265,0.15165986377125093,0,0.8440147842655319,0.10170427135226591,0,1.2337606092106297,0.2505978324873961,1,0.9053911465544239,0.20298256015447527,0,0.9109637430579716,0.2504219073664168,0,1.146168993260265,0.14648363693289182,1,1.0599852822191551,0.27921978614422244,0,0.7703240511815512,0.04955385941985586,0,0.8920451517120223,0.17020056984845242,1,0.6525571728970476,0.15027227657601763,0,0.9709818432896009,0.17407314969718152,0,0.8314034374033257,0.15110752792854407,1,0.619565719285396,0.08673924355918566,0,0.6435525957980839,0.0773062659817829,0,0.7424790177761821,0.10108009925694239,1,0.6209441083596003,0.1012192956545545,0,0.5488010683014946,0.08428321227298204,0,0.7681947761365715,0.15702945464639165,1,0.701646531582824,0.06382860336272687,0,0.9262361478095137,0.04306833664616679,0,1.356511675559631,0.42287443564486077,1,1.2747184212785074,0.5912480697068678,0,1.5667200524200957,0.13563364500118952,0,0.8874470430610202,0.07443295371757333,1,0.5646669675004273,0.043517082208760084,0,0.8675298550340752,0.15403984831633838,0,1.0855877779005243,0.13836079950696376,1,0.8322352559136295,0.18649827545390646,0,0.6998748763768713,0.13089797406352183,0,0.8203424984476941,0.18450235236152496,1,0.6513026124632427,0.17734369613347245,0,0.6333436843847149,0.10307743576111754,0,1.2853296697722396,0.29033600688565014,1,0.9930793508704798,0.16452552020173866,0,0.6065226600322537,0.07129601900940291,0,1.2397271986405867,0.2341236755649111,1,1.2932731835041136,0.33533515121372903,0,1.2829042853216501,0.15847792900833318,0,1.074896596327548,0.17251806869118963,1,0.7611782666207032,0.20079081487336156,0,0.7321557353475626,0.09694683292158571,0,1.1832488436968618,0.1381050387350791,1,0.8205195476807463,0.12899114709497095,0,0.804659801665425,0.10492632752240563,0,1.071380681451924,0.1426263439383778,1,0.8338837731418296,0.08013412153066334,0,0.7877613350487717,0.09665808810816967,0,1.006184199926751,0.147960526029415,1,0.7581472599578828,0.10046578386341495,0,0.8082207532603112,0.10512584318841604,0,1.0117866436767293,0.09771393894931801,1,0.6814466965320831,0.09538718776410562,0,0.5913560727103953,0.05610654847121807,0,0.6157809411866704,0.10657013627048452,1,0.4501536612597107,0.07068345181281736,0,0.32980633184405045,0.043333717325364465,0,0.32305770022478303,0.020476400789770834,1,0.2502394289868377,0.026089501063124368,0,0.15763288167909797,0.035030661604786996,0
129,5000,0.9,gb,0.9391825837950101,0.0030776371268585465,0.03488709722555774,0.03858442903394301,0,1.116422584095976,0.15413408919457272,1,0.1280784299420941,0.0395422567590344,0,0.13038766717163708,0.056303744567156894,0,1.6456337478746867,0.18551776728765138,1,0.2718739514405074,0.12232187700607584,0,0.44139738207945306,0.13931919931146533,0,1.9937736068516585,0.3561261439765656,1,0.26512366593234493,0.1807158375679809,0,0.5510032597233903,0.12333930676393257,0,1.202502081089256,0.04488700248673297,1,0.35417249227732145,0.2785543373037644,0,0.5447969524884371,0.20012792406119834,0,1.0380944646747792,0.18607288613892525,1,0.17713227757116357,0.06765644756087505,0,0.31990649999029147,0.19349993050683353,0,0.9889592428768224,0.09937760125772555,1,0.7258907220182715,0.2213811754867006,0,0.37332545313421966,0.20644927474377778,0,1.3068441588925026,0.2707823183895679,1,0.4689841435694051,0.18179726464237117,0,0.2794168499985936,0.15878654960028482,0,2.0963425861592353,0.20878964105335215,1,0.4965346456238275,0.26526870362518756,0,0.2600495192402713,0.11076575160644084,0,0.827005053558884,0.2728070498578073,1,0.0873672063324712,0.08693234251874929,0,0.5816567342607052,0.12909251786496323,0,0.8243963025342961,0.20166291423521285,1,0.984496918814784,0.2700560274393888,0,0.33308110414655484,0.1630891405377438,0,0.887963757376695,0.2635346389468374,1,0.4986736153882633,0.14147415493941332,0,0.9018093822687515,0.07399469574886086,0,1.393323942618459,0.2065103478821903,1,0.21682054620306715,0.16452884091493614,0,0.03980509210601585,0.03136549571773767,0,1.098305092272314,0.3373313843232041,1,0.656801192495345,0.30895830147552833,0,0.0960816310553337,0.07212485537883136,0,1.1420111327597835,0.20037440780392704,1,0.5977080283319409,0.34947638067218856,0,0.5550065354800905,0.33182677566947616,0,1.1606830476552523,0.3580712464920157,1,0.32318404657852023,0.22350613173290376,0,0.34271254347504654,0.20905057614818864,0,1.465223760860955,0.49913486364596693,1,0.2720786006299938,0.3794369219913572,0,0.360739858986844,0.31320447236425075,0,1.440056054683318,0.5605604213228085,1,0.18768804206105882,0.19897067119380651,0,0.7943419169102103,0.18495830935877652,0,1.0316353120009625,0.19837482506642987,1,0.10501277000673533,0.0527349045721664,0,0.5008459940704928,0.24785043143914676,0,1.4791808626748346,0.13811232792867262,1,0.3592896638575621,0.18060067427782317,0,0.31996086093220366,0.10264992702011144,0,0.8520978112896138,0.20046161766979348,1,0.4376651950844847,0.3674892238269639,0,0.45602622502649737,0.2553349918942189,0,1.230697249812687,0.3584023207531082,1,0.3035495404478173,0.194893064305937,0,1.1883292634416187,0.4553054119407059,0,1.0392024866512788,0.11671324034418314,1,0.3455539928728274,0.13673322840564422,0,0.11329876131131764,0.09938147643565788,0,1.7504363688698574,0.3556627440449033,1,0.5054603733967176,0.33892146047437927,0,0.3344630281129057,0.20180630376085465,0,1.4354167988224753,0.3132925753772939,1,0.29516443227075967,0.21951106134963197,0,0.4344155630057501,0.14064484146629597,0,1.3256169857424607,0.3387894340749986,1,0.38788173362220646,0.17468492827879925,0,0.1437187493067697,0.13760551086596978,0,1.0639996627676171,0.18087065921262577,1,0.7311898250911971,0.15290265500279326,0,0.716112340261311,0.22472600672132903,0,0.9485382992237483,0.1070409097171407,1,0.24508378598707142,0.2128375912623867,0,0.20995459918634846,0.13712162930782312,0,2.0512835289462967,0.525652720747492,1,0.16872448395001446,0.11669844342893894,0,0.3322809653627376,0.17406170152411568,0,1.3202500736140115,0.46079805533224444,1,0.2715058095664128,0.0995688393189292,0,0.36970729666527274,0.13826845785432013,0,1.4554677959463906,0.42131803339240065,1,0.30583053752079675,0.17335321561515551,0,0.49558664582074813,0.22400397288315985,0,1.5266964697179852,0.2885208756605884,1,0.3604180378567399,0.1930979138061331,0,0.2305829631480203,0.09754423772382831,0,1.7369442462537479,0.3426422944276982,1,0.10113081587256412,0.050408727051663244,0,0.2795667076456165,0.08705778161455073,0,0.9239782837587605,0.15603996958518623,1,0.09183393173118712,0.07308169515668274,0,0.032179995997500634,0.03464309488992728,0
129,5000,0.9,hgb,0.9452075300989105,0.0029865735317983993,0.04507882114080048,0.021833823943155986,0,1.117020902186845,0.19024969444382664,1,0.22770700166913568,0.03426475016069284,0,0.2292659244630188,0.09870403356248825,0,1.086327042085074,0.17857611905600407,1,0.33985563503033406,0.11640734453655725,0,0.4862166304641614,0.11176924319457227,0,1.6075024782805898,0.2767822567198008,1,0.33678646078806546,0.14626775894832686,0,0.5904872851238762,0.1873785784590727,0,0.9151099680720571,0.10093830552386482,1,0.5457048367184206,0.20104226076394432,0,0.5003911074029943,0.2887198222020338,0,0.9087038327356065,0.25567129610326667,1,0.22001915100559635,0.06408025773645105,0,0.523318081390333,0.1598957631642205,0,0.9527483340648301,0.23837350840266797,1,0.4988070178736278,0.17092130988350562,0,0.4021627809056281,0.10909378202339244,0,1.1767952425360746,0.18928144817798415,1,0.504677279636867,0.16246671788232153,0,0.2144984347951374,0.11230299496472515,0,1.8915080820707615,0.23791615015140646,1,0.476636906746214,0.1439031373740003,0,0.296463032830461,0.15826376507352444,0,0.8108954295659594,0.2741276544975148,1,0.20397254678651672,0.08507295389499323,0,0.3715391580464821,0.1760321091469819,0,1.002327107594357,0.13706313981779344,1,0.8695543435613263,0.19730842001702906,0,0.3268519168916172,0.14633883174251,0,1.019841560828575,0.21585480848052244,1,0.2847495024896286,0.08752757053203235,0,0.7496153587571461,0.27246748478393745,0,1.3069407394188672,0.33010816269037513,1,0.3588295997036379,0.17753113546898935,0,0.09747308477021954,0.04545438726265275,0,1.011207317158862,0.15113756210871393,1,0.6811709848419534,0.4651534288299524,0,0.11456226191728343,0.05856904928863708,0,1.1142634117615804,0.3646331941095728,1,0.6352216521958066,0.14611929866104795,0,0.6966453725338745,0.3187190101245922,0,0.8557316412172555,0.28221897142353847,1,0.48890828168416134,0.23824750546565002,0,0.4168806540142585,0.2084382089195928,0,1.2306931813746078,0.3403776786041626,1,0.3384953561290935,0.21354550976541495,0,0.41554317428398757,0.23169241809803987,0,1.087750988014254,0.2813739142082029,1,0.32485822546453147,0.12468408788121903,0,0.7124348280217488,0.29398459039627756,0,1.2075496407200028,0.10091011190356429,1,0.19300166939275915,0.09445051411880065,0,0.44456044346310986,0.3406049241600761,0,1.2000040391206492,0.4277212091626113,1,0.42736815711460296,0.09509074113433554,0,0.24027416226964907,0.13268305604035088,0,0.917073892042678,0.18385037627157447,1,0.4625069850771948,0.21686405982582524,0,0.421685125285721,0.1772818767676626,0,0.9598450991962618,0.1387838393792286,1,0.2811356554769172,0.22518844577777655,0,1.257386798220771,0.1759409962171452,0,0.8806773120621335,0.2624834035015716,1,0.35323124335234246,0.11326695098660959,0,0.10883533171517716,0.049256963817566043,0,1.6425862807480278,0.33406799916030294,1,0.4267369463906383,0.2237580510203952,0,0.3047977462327152,0.07452335749050794,0,1.4380317887154361,0.18584917471382068,1,0.09220726196874816,0.056426458458484645,0,0.41317368603754634,0.19651834544582575,0,1.4573938425766455,0.42933925606263595,1,0.35881200584465456,0.07163938737778372,0,0.26338092551704706,0.06737060538660196,0,0.9869872700260218,0.2294925510969857,1,0.7794507071442738,0.33232051514811545,0,0.746063961358578,0.26264411175969654,0,0.9337469734137377,0.2950475806213366,1,0.22741508403311156,0.13795047346128333,0,0.3446835762461896,0.11087442462409143,0,1.465580216667727,0.2483211566836108,1,0.32872658906307867,0.14088868828272885,0,0.5036831161948594,0.1914395185545772,0,1.0907068998423737,0.135315896653809,1,0.5079392900630768,0.15403820455614156,0,0.24053911315296655,0.08001826779527696,0,1.2382845617222908,0.2599379448451276,1,0.33433328058061806,0.06716883008556242,0,0.4276862988794436,0.10321755590439455,0,1.3744210156408005,0.3030229352181877,1,0.4582708361000797,0.12528284842144646,0,0.3594134346130614,0.1043651276472843,0,1.068532767228624,0.17454894305327612,1,0.2740116531443157,0.09849938403693105,0,0.26867705858210955,0.09215919135157645,0,0.8353021022433029,0.09126193680678958,1,0.07316903595421403,0.028884137193913223,0,0.056358461500719284,0.007335498540232218,0
129,5000,0.9,ab,0.8011009777395539,0.010056830542320804,0.0,0.0,0,0.22884223013943497,0.25946062131001646,1,0.18681475583487442,0.21296372350512402,0,0.10200092548646333,0.13177377139139992,0,0.2956675778348737,0.26214824014103183,1,0.0,0.0,0,0.4814020693095878,0.31434570923336724,0,2.190453697758162,0.4832208384821397,1,0.389460519637755,0.30753155576506774,0,1.1326436148684682,0.4622060249418905,0,0.3850108610925771,0.2728978329483563,1,0.6121650682802271,0.3463064510440448,0,0.6235308707977948,0.273642143746373,0,1.3775877583541905,0.580991473437487,1,0.5736313921994176,0.2927541158484995,0,0.258265277608761,0.05520166745965949,0,1.2795899042756629,0.37661435980364216,1,0.6799860555747962,0.27166542101932223,0,1.3135145544601676,0.4904483524993548,0,1.6927953277652044,0.5563626848568141,1,0.9670757114829863,0.3508309258531925,0,0.3095989384834074,0.1575324975921563,0,1.4193784312024142,0.34686384680492555,1,0.45043341788358476,0.35268886997941157,0,0.46148925374248,0.19603100218713962,0,0.48612365949830594,0.29961806061291485,1,0.20543109216936495,0.13857098914435081,0,0.8165042754709344,0.32141781992836077,0,0.8200605540676754,0.11837182975293385,1,0.9998197089524699,0.7258573144385213,0,0.2969574632534077,0.2778523460959017,0,2.2931176459880653,0.6422816897345416,1,0.19167817047982094,0.18358154352551845,0,0.38685463311186485,0.12370249383583912,0,1.8060961732384833,0.5823231825802194,1,0.7007627906442465,0.3690534882196463,0,0.1211676673422299,0.12943648271961503,0,0.4443708486215951,0.39592743105755857,1,0.5643231389003759,0.5688950646152208,0,0.2304028373526783,0.2670502496185166,0,0.903033225228272,0.6242632608357388,1,2.088428541670104,1.1018006709508088,0,0.36582116810457144,0.31679012504805587,0,0.8323757787486162,0.530704464130507,1,2.7923178992273856,0.9476956528625935,0,0.455056691797673,0.1586117368566499,0,0.523810366729727,0.3681672511615254,1,0.9988296767003326,0.4980997176210121,0,0.20046177706916635,0.19368979674978765,0,1.0322295073886814,0.9179780556802294,1,0.3762514425108362,0.35220256827181884,0,0.8821258009842676,0.4259864815516529,0,1.9732680239787483,0.7125311319367155,1,0.2328002483119675,0.344271867429984,0,0.35994936230103863,0.24041454057797176,0,0.761633602424305,0.2135798936782692,1,0.3730535491694025,0.3199047957576711,0,0.29389278115360234,0.40121661254944907,0,0.8116289210798268,0.4330429928348758,1,0.10478840854088205,0.16834948105996692,0,1.728119463076185,0.5810782507905045,0,0.710628922809001,0.49362060792182955,1,0.288189403763225,0.23025757139098074,0,2.650314705138574,1.3575701485248317,0,2.3320665860376484,0.5668691960116895,1,0.3418338750240929,0.2743470002304684,0,0.1625756417634489,0.12762161849943415,0,1.924237854795853,0.19299394543470302,1,0.7023662607726192,0.417831494301841,0,0.15626525090485494,0.1408823742025852,0,0.9035936207188862,0.638299154891306,1,0.38839964124398907,0.3146347650012341,0,1.2207743323578826,0.5299499925092523,0,1.0726974116842718,0.1316089534741056,1,0.6335617460459089,0.5871368984073416,0,0.6801126280061826,0.4254984645700428,0,0.34476503354635757,0.2194262885700393,1,0.8616042368809183,0.7506512054534641,0,2.1185990798496706,0.9101611137669962,0,1.5298038028361076,0.94411278286163,1,0.7742158080600723,0.6440307106037295,0,0.7051651986479647,0.2862206901874008,0,0.5224864973844078,0.18988295718370848,1,0.4274730763939466,0.21994593353095196,0,0.4881249270370196,0.15768446753773066,0,0.5384419494238095,0.33381516360845903,1,0.7845890135034503,0.2682016871471828,0,0.614117479216177,0.48935103559939025,0,1.75708046044871,0.6414764467090952,1,0.704590784939518,0.44533584029744505,0,1.0770552422988917,0.4441722903615557,0,0.8365502810285582,0.5019691676473149,1,0.595224576094045,0.49348324237059077,0,0.4181721113928127,0.2916338510416482,0,0.5480717581352499,0.39302466377225126,1,0.4441292663389184,0.423240352685184,0,0.05611143071528577,0.05429905926883854,0,0.20466558259451198,0.115846356247589,1,0.0504266948629787,0.10726087818414215,0,0.0,0.0,0
129,5000,0.9,bag,0.8459528231628545,0.008429416108628858,0.18629518814954465,0.08258823006327325,0,0.3289692745318418,0.13723615512175946,1,0.2790727618911357,0.13440394851037138,0,0.26821444528808835,0.08871835938748675,0,0.44412056228818936,0.20219422065369708,1,0.5547107513770209,0.12252828796341791,0,0.7098687763904835,0.21372377414416957,0,0.9268305194384112,0.3468333286680088,1,0.8107222425288618,0.2223933597557506,0,1.086017409214677,0.25391636006891405,0,1.4007550505196993,0.2403431933572103,1,1.001366148536426,0.30077107851112456,0,1.0504337859726212,0.38538230226252324,0,0.8701959165242773,0.26221923639598066,1,0.7993872759745948,0.3280606289909242,0,0.8978612033963248,0.5743378305368996,0,0.9993983872426593,0.44007933605692023,1,1.009855668463323,0.5182894752884432,0,1.0329359389511044,0.735502028534235,0,1.1921707755213182,0.22230148639621639,1,1.0095054740702358,0.2585134499380122,0,0.6746224655954348,0.23416489788985187,0,2.4911576257009727,0.536662878472225,1,0.8049089026937344,0.6335345183527129,0,0.6242132835377987,0.30894843483145185,0,0.8915711072225904,0.38688675868443645,1,0.7423144272923292,0.18182431162023763,0,0.5754867573512061,0.2391646374326692,0,0.7685730769534975,0.37685484056846075,1,2.0250634634907105,1.6432941331694064,0,1.0363359463416493,0.5335624198448198,0,0.905946692787403,0.3585912724794237,1,0.9351950453477208,0.5717580005745642,0,3.167122060311138,2.260972877011263,0,0.977204523732993,0.44227188551602686,1,0.7642771313048564,0.5060164226243592,0,0.3710320342425426,0.1023544547795696,0,0.7636893625363154,0.3896542552560321,1,0.5117028827693708,0.1907362363647851,0,0.5615249738300576,0.14680090492392084,0,0.6324858065608957,0.1695922627536344,1,0.7978232276431549,0.38125442138265236,0,1.3100421490806071,0.6372886698333133,0,1.0767288039389284,0.4825830196504186,1,0.8286201063579272,0.32545469743072436,0,1.37939055506511,0.4885739122769677,0,1.3293826114192897,0.987270301616336,1,1.194721901035516,0.8012806134162612,0,0.9447168796301403,0.6262309149566246,0,0.9851618457512256,0.23783219065536756,1,0.612606332894475,0.25815908890622846,0,0.49598402030571237,0.32681598952750696,0,1.0816886497384222,0.31729376444986024,1,0.694265207918149,0.25792212753703725,0,0.793720654591418,0.1606520632265042,0,1.0824167344102753,0.35191094839171,1,0.34129577952661555,0.0824431741164053,0,0.7170126492113377,0.4339809147470386,0,1.3499867592785808,0.6604774224992824,1,0.758368772569947,0.3223135968709507,0,0.7287515920317365,0.2649770629161121,0,1.2182380927534286,0.5349406755852094,1,0.9136743239445728,0.7365585989288,0,3.354657112796436,1.3838418778710249,0,0.8120171049296641,0.41264071535115976,1,0.6753936648143549,0.2092058602418705,0,0.8109515023843323,0.521468329086517,0,1.180249338399438,0.5430811182368004,1,0.6431041024766321,0.16404707389098694,0,0.9128212107437937,0.4721337317008142,0,0.9289294258867435,0.25125361111591493,1,0.44933647648010855,0.13374307742001829,0,0.5609471595668682,0.28661795817004215,0,2.202424580982393,0.907993804269089,1,0.6210237169303143,0.5076953430411928,0,0.7771013280197698,0.3392483753225593,0,1.6102676476270967,0.9184986547077865,1,1.644846625019668,0.20764996960535811,0,1.155360972192995,0.386028960074491,0,1.567195329290937,0.8764404776435017,1,0.8269627468664709,0.4931509324703609,0,0.48868301873061026,0.17221372329419182,0,1.7707223476114529,0.33881546531239776,1,0.8969837910720393,0.3002888699950068,0,0.624047438084882,0.3562828247893688,0,0.8985396609437458,0.277724481291378,1,0.7080760065700478,0.22254633229486298,0,0.7649370998873071,0.1898449188966282,0,1.2969352604636517,0.43084467986971664,1,0.7775167377816393,0.15474035335458033,0,0.9751310527343193,0.3215010442601555,0,0.9762886369805326,0.33951200136646814,1,0.93890530853244,0.06907319157276558,0,0.5751777175029249,0.21905064415209086,0,0.8608250038744197,0.11246245399784009,1,0.41621878142033203,0.16005497008969508,0,0.3380166764403917,0.0467517356424338,0,0.33324624029757344,0.11068818440240782,1,0.1416935426975032,0.1315755113123964,0,0.2001232224288117,0.06122891730342167,0
129,5000,0.9,mlp,0.9909605738778378,0.0008095119809760323,0.0463157008261878,0.019149107699110275,0,2.076960275565749,0.12215498245548023,1,0.11906492436796334,0.04543444513426561,0,0.08417456237126868,0.012293154727921743,0,1.9133908078880257,0.071933816400743,1,0.06228883789985693,0.01870519776862956,0,0.07438382135836816,0.022600442981605972,0,1.949912855952246,0.2230726650210657,1,0.04873233021616211,0.027258797379697188,0,0.0650770435702546,0.016965816689568203,0,2.3185026691590647,0.11707886104622747,1,0.09198425731020714,0.018940248447951124,0,0.1042677509993015,0.03505608739391701,0,1.8263812741911782,0.13959076437968113,1,0.0854125415697869,0.031947676898139,0,0.11032640431152077,0.048930243617994404,0,2.3425748706031744,0.18315200553817615,1,0.04548715178615736,0.014377686529355345,0,0.06141726385747415,0.03025598732345656,0,2.0573968820109343,0.21993138068058082,1,0.06464117530357948,0.03643168628415269,0,0.0800122742167714,0.03080263409021261,0,2.427974498355872,0.09380414776322282,1,0.11054477148379196,0.0275253391568091,0,0.060985327723628545,0.009985829478683504,0,2.3699423979669114,0.16912676196924017,1,0.0760632577960964,0.015434140848786592,0,0.06875413475896579,0.028073069710952837,0,2.2578048506244754,0.21459358033286197,1,0.07615348420732178,0.033472476912730156,0,0.05416496087504828,0.03036595195362204,0,2.243434396558963,0.11327639842479163,1,0.05120924297476814,0.01882987359935741,0,0.0636766781538964,0.02179350219712165,0,2.390241431656518,0.08118787419026399,1,0.03952643197922297,0.014258448245277349,0,0.09469962224713065,0.02544300727744268,0,2.1024443405908766,0.04518281077817597,1,0.09079391683442464,0.040167130926782264,0,0.06396188466688137,0.017987322628351333,0,2.2456059526978445,0.22989633532640016,1,0.03968151176714421,0.01836847385721084,0,0.05211642917772691,0.01473085037578817,0,2.149473784745356,0.18494238747328684,1,0.052271456356885404,0.01777308722725448,0,0.06887203959341749,0.019106707134027023,0,2.157343220928445,0.2621432107695361,1,0.06601323064061945,0.010735204658026182,0,0.058171720833067174,0.03765886358676923,0,2.2745988434386004,0.21450175011871586,1,0.04246771394890698,0.010393647543738468,0,0.0808915668629306,0.021718067306467474,0,1.9418229974131112,0.33437538685849755,1,0.04018575424312738,0.020124220667583164,0,0.07426777026733289,0.0339483434281614,0,2.0631269590269374,0.2524750403667578,1,0.04198325106356341,0.019135466103914867,0,0.05012964482403674,0.0161962176352421,0,1.982422831177028,0.14592692553740816,1,0.04834350306845693,0.014905558266386525,0,0.059141075595459,0.009596637510480854,0,2.161150437514091,0.3674860871743546,1,0.08278149208663593,0.010381750271279924,0,0.095906586417151,0.025593654990794707,0,1.8669397019262148,0.24240068200756362,1,0.06700958971658759,0.008364964184747319,0,0.054163719340159164,0.02745982029186581,0,1.9887504204631383,0.25195819228553756,1,0.05795373738512273,0.031595986742886016,0,0.06510511894544756,0.022384559047753817,0,2.3682981976385857,0.185091919949046,1,0.052476851376325497,0.021956832962337552,0,0.06860100476619614,0.023391874926909632,0,1.8447008721861362,0.1978276098325111,1,0.057184038344114264,0.012361235036137409,0,0.08286019398987825,0.04092896011911851,0,2.1845116786061247,0.11252348665605637,1,0.07872612036719831,0.016441773597931936,0,0.06436607256015393,0.013844438052031014,0,2.368936810097088,0.09526709217379416,1,0.027556874996024206,0.010484936992413594,0,0.04851742021865525,0.018411357517696833,0,2.283973606350112,0.15599196143114802,1,0.07443054952225754,0.03265982772511319,0,0.06644243170769445,0.023074811057165943,0,1.9181334471996607,0.2528428612222614,1,0.06264320379784435,0.02554635369793297,0,0.065114338325546,0.012704363314406256,0,2.2728942121977216,0.14240867245784194,1,0.11692972252345853,0.021363631545210756,0,0.07963251147959137,0.013558604715608524,0,2.0206996302847093,0.270420812349966,1,0.060586061593459264,0.0319054345140915,0,0.1027868108337174,0.017610746780006965,0,2.2116663162149344,0.13612410354904048,1,0.07429677671410209,0.036457258141859336,0,0.05954503458494309,0.021806928348686503,0,1.9184078475646615,0.2269378093915239,1,0.0729055609053926,0.027394348930669894,0,0.03673571794160862,0.02346825919974096,0
129,5000,0.9,svr,0.9383232922543788,0.008062729812762381,0.24571223143848303,0.04980851677807267,0,0.9264500226709341,0.0816871343469162,1,0.3775938387162757,0.047616961745786036,0,0.32364368984107444,0.038091322921779636,0,0.9180072496020488,0.12531334678452843,1,0.44477700577807394,0.05248203438573609,0,0.497582458174554,0.03306400866816689,0,1.1077498272254278,0.1585276097667074,1,0.5259445772267215,0.08887962761035251,0,0.5257824437572721,0.028041641296834983,0,1.1370383912496949,0.11486871247855901,1,0.5617808848767533,0.0864802218002864,0,0.7104107254717054,0.09907319296223845,0,1.1222338904806783,0.07709883845560256,1,0.5816709494057605,0.0698240329619313,0,0.6020721056903318,0.06405977490171862,0,1.3646459970611602,0.09560128090726593,1,0.5764343857219133,0.016480573279267097,0,0.6609811060897979,0.06504050979438926,0,1.277517505339872,0.08933714190793927,1,0.6920772182136773,0.05009697385677608,0,0.6079480530895444,0.07684832757235736,0,1.1915955991627534,0.0988270187536888,1,0.6497191937088646,0.06348418928274953,0,0.640286674829309,0.07248237944437243,0,1.2611008465150646,0.12671959416723091,1,0.5559767019322355,0.06698568338777454,0,0.6664443725883257,0.07715081765396423,0,1.3896062560577107,0.10576647951669332,1,0.6455362316122298,0.05941907992924202,0,0.6838338830826476,0.04544111668546015,0,1.3067082461206267,0.09547405014079063,1,0.6182626313189286,0.0823700178581414,0,0.6026961385710129,0.08743875869320279,0,1.4719833668138156,0.13174372318435287,1,0.611566147557988,0.05438262092934825,0,0.5551705564874264,0.04271548942287828,0,1.2545981981091114,0.06659740971543679,1,0.7301701027044732,0.055950268543441165,0,0.5899199214339828,0.0596074505016494,0,1.3989869382554976,0.0847272115795246,1,0.6016404430605085,0.08683005467569627,0,0.5552138826487513,0.08367248994685728,0,1.2500997089067363,0.08306910054056016,1,0.6061897128607635,0.06968927867607523,0,0.6177554309813025,0.08929720345941358,0,1.1995164640177784,0.15358055623838843,1,0.6145694369824253,0.11577386318758054,0,0.7068900277696747,0.1534758654106945,0,1.303216756082944,0.13366008057283407,1,0.5270781636489691,0.09348351005788257,0,0.6100269458959501,0.09138714098291559,0,1.3367351434476409,0.12229329268093769,1,0.5560861809811115,0.10997454663378503,0,0.5525359355537081,0.09293800329271393,0,1.356665440594435,0.19059266104539901,1,0.6445888077741783,0.06743645201076968,0,0.5440477774664564,0.0924413790466586,0,1.1756473259592464,0.14067232176673192,1,0.6532002721641279,0.12442008768099379,0,0.7101434682800297,0.08906470719407157,0,1.5224251511610738,0.20976221707827805,1,0.6960164350468542,0.10874041271249407,0,0.595023620969565,0.07234244010641792,0,1.4245169627651744,0.1790650626666007,1,0.7069482539960318,0.08513659789107098,0,0.6010926256441681,0.10129399988607181,0,1.182412033296408,0.11188442794049011,1,0.6268952718698573,0.08402412295321729,0,0.6650691446607382,0.08943203681621588,0,1.5267083571272475,0.11264973311550662,1,0.6368831066613672,0.06700501584597927,0,0.6516722053049124,0.050063802260541475,0,1.1344607252197476,0.06136471713437579,1,0.6220272546128486,0.04254264392558207,0,0.6531439457187357,0.04524266913943908,0,1.3037690231812245,0.047493064939719574,1,0.6714607051641469,0.04957426437667708,0,0.6191259222211782,0.045328560377641186,0,1.2251724823160477,0.042204697613371284,1,0.6248842897542491,0.03240231421667141,0,0.5326686932969952,0.0346065626456595,0,1.2419625917873973,0.09352530557758847,1,0.5199701224380082,0.06089721411916482,0,0.5509140643825613,0.07651573410783381,0,1.251365596041524,0.12348268894348527,1,0.596933133074784,0.0715881166938887,0,0.5267852736611464,0.07273065023413573,0,1.076718537382905,0.11781618383788871,1,0.6381622178240286,0.0860901918815776,0,0.5027238341039216,0.08144522018295966,0,1.0852130321430913,0.1453605389927915,1,0.627416154112272,0.09693153217274728,0,0.43249410329916094,0.04692908125277336,0,1.1911349658761867,0.14460042239885823,1,0.4286532282211392,0.05807999566594851,0,0.3374735824433086,0.049413988895482416,0,0.8698486564223421,0.1263328273821256,1,0.2696496688038636,0.021436601256912623,0,0.18512318504750788,0.0162108877637152,0
129,5000,0.9,knn,0.9275428480312049,0.0029532417510409518,0.31593783986131413,0.11701606250482403,0,0.4177912979615825,0.13708760043455576,1,0.34669344429893767,0.09841641967836795,0,0.3939590162399653,0.10117800310932988,0,0.5104697089407512,0.11190892747932994,1,0.31901966034689927,0.1959077772740805,0,0.43847590615715387,0.2233758958694375,0,0.6015838165844475,0.18027978782273485,1,0.46394512414503897,0.2038177630955717,0,0.5594228011091922,0.17544393456016594,0,0.5470510453985991,0.05930098112570894,1,0.584241890849475,0.11908386392933099,0,0.5952947553904459,0.11676968888880836,0,0.6400161384660679,0.05317543231506302,1,0.45613069533646033,0.047292410483882455,0,0.5882833888477291,0.11206790807902962,0,0.6740643419275261,0.2114775407178186,1,0.567015108616594,0.16243377467303294,0,0.5476009472284339,0.14613281534562578,0,0.6031437854163043,0.11325032739495502,1,0.5675912726584114,0.14539761446720886,0,0.47391125543594753,0.1405799644041107,0,0.5370876275717216,0.15304317189317918,1,0.49173344867962665,0.19044558994748342,0,0.5753728446725579,0.13658667753050535,0,0.5267664153224141,0.30667741246242214,1,0.47376496614666064,0.2406511071084883,0,0.5757013680091096,0.21417846927789375,0,0.7360830491175969,0.3062038685333239,1,0.6470809694485515,0.2701559383111341,0,0.6043594840155676,0.23001150589476052,0,0.7607117809264395,0.23811652800216798,1,0.5758839632235789,0.24560805734343236,0,0.6025245041261874,0.22995884604238065,0,0.666193231932745,0.1932737638629706,1,0.5921001391905184,0.27040701671525824,0,0.6250656797783338,0.12695038713858928,0,0.5687481761957244,0.13756923043853156,1,0.4704137808348582,0.09221445745039757,0,0.39581674269233635,0.12273858901887842,0,0.45006919508652266,0.12841656398609164,1,0.3687800508858403,0.17925887206946575,0,0.46727163014352857,0.17583124574054415,0,0.4399228871079946,0.1456310960059733,1,0.4119687521845908,0.1461956417741621,0,0.37142326470216736,0.1175722640350335,0,0.4650302245283041,0.15634346259708073,1,0.4295671129517717,0.07894367961603148,0,0.43116803616882465,0.19198924189441696,0,0.5182217599444817,0.182294032944716,1,0.4023619062301373,0.19924891057146796,0,0.45148903985344824,0.18092647026008202,0,0.5904710265343468,0.1819331308630862,1,0.5969414132210697,0.24649502981462873,0,0.5771515509001323,0.2694467230044105,0,0.5943706975329631,0.19971734911083758,1,0.5193609384773052,0.17968860723252303,0,0.39175681808421486,0.2294685559771352,0,0.41462481987821825,0.23559123903593826,1,0.3625355113905549,0.111940334461921,0,0.44619681803463535,0.18547740640238253,0,0.6215278873481,0.19211148516287477,1,0.4828871999254515,0.11649176581974799,0,0.38228340255936616,0.12706470015282384,0,0.549300197597098,0.242426686930934,1,0.4989221243488454,0.19169915130844906,0,0.4388844714288985,0.14801937320476552,0,0.601284380978992,0.3117131014018149,1,0.4816079475038505,0.21466930250263477,0,0.4974173890524531,0.23040348458500653,0,0.5385932814239115,0.16738401863059393,1,0.3693651665275233,0.20320744076043593,0,0.4822974472990406,0.21210215097014837,0,0.6566899165753354,0.22593816953311135,1,0.3987217346977354,0.2682556565561072,0,0.4655654084210715,0.21183086351159008,0,0.6201537355679595,0.19182569039631545,1,0.528145460287238,0.12379114463554325,0,0.3965091245505087,0.18519635662497802,0,0.6062595464175313,0.1490938489596229,1,0.561853423714246,0.15224683929563793,0,0.46611899815240887,0.250156376538962,0,0.5695479062349322,0.2487478779187601,1,0.347985546037894,0.10718912908078239,0,0.3821967745495014,0.16969692955282423,0,0.5631636782561598,0.21283336974419687,1,0.3674836877105725,0.1213686570730563,0,0.43201833243228016,0.20520178886789006,0,0.6104328960497837,0.22317927019486658,1,0.44591512252444154,0.30985756459283353,0,0.48149172663167816,0.14457898244331033,0,0.576513091542134,0.13976617218142043,1,0.325307634169551,0.10023697035622343,0,0.21898346689027726,0.1978635437638429,0,0.40770885642837246,0.19849985274134505,1,0.1656840169952386,0.14258211550335564,0,0.10935812156786943,0.12063306560030464,0,0.20075219892773655,0.18568449455210898,1,0.0673733122242953,0.19305025391946745,0,-0.020302662957758778,0.18731928346385257,0
129,5000,0.9,SuperLearner,0.9944477362044563,0.00035405905767068956,0.000698669148954739,0.0005859270093592869,0,1.8727749835455039,0.056847792811574746,1,0.001959720524306488,0.0008104415594261349,0,0.002114952091999721,0.0027600178145291065,0,2.0045352667956235,0.08706113233823883,1,0.006118774572745719,0.004384603738848968,0,0.018262993938821047,0.007415908180615776,0,1.7796962849963875,0.13140458877846933,1,0.00041516831696636786,0.0011868527934129343,0,0.0008375139930041815,0.0014005346117715717,0,2.023663161398466,0.0825383764617241,1,0.0034819068935768617,0.0024183357491876284,0,0.01666905768708122,0.01061350758510819,0,1.7616926111417244,0.10132835640659524,1,0.001159836183372075,0.0010490838906235592,0,0.0017837230860047151,0.002727037787212013,0,2.1776512253460822,0.18756104360481746,1,0.003252354752264637,0.004363518392753312,0,-0.0010048252913473221,0.0029407374899325313,0,1.971489427823455,0.18734660348370905,1,0.005150372532922724,0.006295125723163935,0,0.013388273846775775,0.007150602411012062,0,2.204133862898252,0.07439717265040358,1,0.004820186295747172,0.008755332440622276,0,0.002914352626187084,0.003651517170803453,0,2.0344447444207816,0.04614648362279882,1,0.030530296100013364,0.012828165087879559,0,0.006200806029814902,0.002753709290476785,0,2.0540374112381152,0.13461914277459602,1,0.0005402240458926135,0.0023261579450549923,0,0.0025678427688544656,0.003676816562141332,0,2.1511189132285335,0.11107436253100421,1,0.0009406606101603701,0.004067836755727623,0,0.010713463479294258,0.008276439679604753,0,2.3003819457409707,0.10700540410313711,1,0.0010376863449237655,0.002534918402275029,0,0.0022281007412834836,0.0025125345786903555,0,2.0146289709430496,0.056146534343164835,1,0.012770072539308766,0.00872994176164934,0,0.006603030370493132,0.00448175372900881,0,2.169890660244911,0.09294197682092087,1,0.0013550918257736397,0.0017696915077582754,0,0.0013088859958900478,0.002084336603473735,0,2.128470022663875,0.08761937202430839,1,0.0025840983430346514,0.0025278926638484384,0,7.060732478918782e-05,0.0007326495883478168,0,1.908874567791409,0.11643794975666837,1,0.008234876753239268,0.0037290022994545522,0,0.0010217279572524354,0.0017146683486661998,0,2.137583804265224,0.07325128069020585,1,0.01565328592956254,0.003666193200663192,0,-2.916169473504397e-05,0.0015113319204444029,0,2.1240746900821383,0.21377607521131475,1,2.805628425865052e-06,0.0010480086417850559,0,0.0002256895521921716,0.0007090903876396807,0,1.9560994399605334,0.18643354079632338,1,0.0007219284013771406,0.0005739356438431838,0,0.0010748018773316273,0.0023598435512378435,0,1.821092668292178,0.0983661816147219,1,0.0011596705233482738,0.0013101245616774834,0,0.0006608461244040581,0.001683422371294682,0,2.079867734163501,0.21242381247452102,1,0.0017199064185520426,0.003309847821830932,0,0.002195658472179035,0.002489208232157944,0,1.7481361387606504,0.06957716312726707,1,0.005698703354579262,0.003820735994943861,0,0.0009214132852429947,0.0010822558924441263,0,1.8702655997330446,0.16711742776828725,1,0.004205617303252676,0.0020900529278761837,0,0.0047916645738455554,0.005697923918014553,0,2.2167598532254105,0.09158497853602346,1,0.0005748704918706719,0.0019213596413466278,0,0.004782181894060754,0.00248232337343595,0,1.9707870351364072,0.14910080142606214,1,0.0016565069600794082,0.0029801282908707167,0,-0.00012191221414133895,0.0022463788019372816,0,2.06500798858251,0.11110569724306794,1,0.008670662949237996,0.007640298535811402,0,0.0030966827610563455,0.0019095541764163886,0,2.1936359004404054,0.11950980643434668,1,-7.527353689040827e-05,0.000556568049092564,0,0.0004875072367286633,0.0004865839613772645,0,2.0036540743039066,0.15074431427778617,1,0.0008762385872310237,0.0011075474330972449,0,0.0007447632784943447,0.0018828820003739205,0,1.6611421298280065,0.09057921780311677,1,0.0038230163713603355,0.0038415030447385206,0,0.0018235924912215762,0.0031702384045995536,0,2.0558902034984032,0.1632603817484469,1,0.0014176802475438476,0.002319492307636158,0,0.004649253675097118,0.005558696950981919,0,1.8846883416823694,0.13012014847474657,1,0.007068285616277432,0.006759348471488523,0,0.007739650962548997,0.008362884300245971,0,2.0990980640287953,0.14785468786889575,1,0.0008890888864164443,0.001844508440928349,0,0.002387393899354968,0.0032056762940512037,0,1.8777505570117996,0.11847127012825115,1,0.002012456066303432,0.0017028183172756958,0,0.0014812727720099153,0.0013089538581091576,0
