seed,n_samples,cor,model,r2_mean,r2_std,imp_V0,imp_std_V0,tr_V0,imp_V1,imp_std_V1,tr_V1,imp_V2,imp_std_V2,tr_V2,imp_V3,imp_std_V3,tr_V3,imp_V4,imp_std_V4,tr_V4,imp_V5,imp_std_V5,tr_V5,imp_V6,imp_std_V6,tr_V6,imp_V7,imp_std_V7,tr_V7,imp_V8,imp_std_V8,tr_V8,imp_V9,imp_std_V9,tr_V9,imp_V10,imp_std_V10,tr_V10,imp_V11,imp_std_V11,tr_V11,imp_V12,imp_std_V12,tr_V12,imp_V13,imp_std_V13,tr_V13,imp_V14,imp_std_V14,tr_V14,imp_V15,imp_std_V15,tr_V15,imp_V16,imp_std_V16,tr_V16,imp_V17,imp_std_V17,tr_V17,imp_V18,imp_std_V18,tr_V18,imp_V19,imp_std_V19,tr_V19,imp_V20,imp_std_V20,tr_V20,imp_V21,imp_std_V21,tr_V21,imp_V22,imp_std_V22,tr_V22,imp_V23,imp_std_V23,tr_V23,imp_V24,imp_std_V24,tr_V24,imp_V25,imp_std_V25,tr_V25,imp_V26,imp_std_V26,tr_V26,imp_V27,imp_std_V27,tr_V27,imp_V28,imp_std_V28,tr_V28,imp_V29,imp_std_V29,tr_V29,imp_V30,imp_std_V30,tr_V30,imp_V31,imp_std_V31,tr_V31,imp_V32,imp_std_V32,tr_V32,imp_V33,imp_std_V33,tr_V33,imp_V34,imp_std_V34,tr_V34,imp_V35,imp_std_V35,tr_V35,imp_V36,imp_std_V36,tr_V36,imp_V37,imp_std_V37,tr_V37,imp_V38,imp_std_V38,tr_V38,imp_V39,imp_std_V39,tr_V39,imp_V40,imp_std_V40,tr_V40,imp_V41,imp_std_V41,tr_V41,imp_V42,imp_std_V42,tr_V42,imp_V43,imp_std_V43,tr_V43,imp_V44,imp_std_V44,tr_V44,imp_V45,imp_std_V45,tr_V45,imp_V46,imp_std_V46,tr_V46,imp_V47,imp_std_V47,tr_V47,imp_V48,imp_std_V48,tr_V48,imp_V49,imp_std_V49,tr_V49,imp_V50,imp_std_V50,tr_V50,imp_V51,imp_std_V51,tr_V51,imp_V52,imp_std_V52,tr_V52,imp_V53,imp_std_V53,tr_V53,imp_V54,imp_std_V54,tr_V54,imp_V55,imp_std_V55,tr_V55,imp_V56,imp_std_V56,tr_V56,imp_V57,imp_std_V57,tr_V57,imp_V58,imp_std_V58,tr_V58,imp_V59,imp_std_V59,tr_V59,imp_V60,imp_std_V60,tr_V60,imp_V61,imp_std_V61,tr_V61,imp_V62,imp_std_V62,tr_V62,imp_V63,imp_std_V63,tr_V63,imp_V64,imp_std_V64,tr_V64,imp_V65,imp_std_V65,tr_V65,imp_V66,imp_std_V66,tr_V66,imp_V67,imp_std_V67,tr_V67,imp_V68,imp_std_V68,tr_V68,imp_V69,imp_std_V69,tr_V69,imp_V70,imp_std_V70,tr_V70,imp_V71,imp_std_V71,tr_V71,imp_V72,imp_std_V72,tr_V72,imp_V73,imp_std_V73,tr_V73,imp_V74,imp_std_V74,tr_V74,imp_V75,imp_std_V75,tr_V75,imp_V76,imp_std_V76,tr_V76,imp_V77,imp_std_V77,tr_V77,imp_V78,imp_std_V78,tr_V78,imp_V79,imp_std_V79,tr_V79,imp_V80,imp_std_V80,tr_V80,imp_V81,imp_std_V81,tr_V81,imp_V82,imp_std_V82,tr_V82,imp_V83,imp_std_V83,tr_V83,imp_V84,imp_std_V84,tr_V84,imp_V85,imp_std_V85,tr_V85,imp_V86,imp_std_V86,tr_V86,imp_V87,imp_std_V87,tr_V87,imp_V88,imp_std_V88,tr_V88,imp_V89,imp_std_V89,tr_V89,imp_V90,imp_std_V90,tr_V90,imp_V91,imp_std_V91,tr_V91,imp_V92,imp_std_V92,tr_V92,imp_V93,imp_std_V93,tr_V93,imp_V94,imp_std_V94,tr_V94,imp_V95,imp_std_V95,tr_V95,imp_V96,imp_std_V96,tr_V96,imp_V97,imp_std_V97,tr_V97,imp_V98,imp_std_V98,tr_V98,imp_V99,imp_std_V99,tr_V99
125,100,0.9,lr,0.9593453553756447,0.013900458472239873,0.7088765908700588,1.0131956095082046,0,2.098114635582479,1.9060063566094945,1,0.9897012174315611,1.4940436881346342,0,1.3207324286511426,0.9657147780945566,0,4.546971944329163,2.5936775338410323,1,0.2611425157466621,0.6182751261098064,0,0.19361832212626612,0.4161614294915124,0,2.0844968855697097,1.642065815865767,1,0.168268177228689,0.11875542328498255,0,0.07567467915931661,0.2148768416172445,0,1.5603806709966117,1.2760345424723043,1,2.2943561274021245,2.462873398916604,0,1.5044471179582821,2.5324770738926023,0,1.9114913948768073,2.868719450976456,1,0.46207966028692293,0.7971872190583418,0,1.1499848538940294,1.7826388798974475,0,2.3208955323385476,1.9740253582184875,1,0.6418012542779338,0.7832224539208996,0,0.27216055180507137,0.4529962501419067,0,4.753801015173131,3.4177619063848037,1,2.465243327391861,2.5420405695527886,0,-0.13522924281133,0.3005547869376573,0,0.25250810669611906,0.8092153748648387,1,1.727245594443227,1.3242899291222896,0,1.0080006915787876,1.500177903150348,0,-0.12459012478420653,0.4650650221114829,1,4.304726566289929,3.089241794581858,0,0.0031043818566043545,0.4357052756226458,0,0.7435062401943269,1.0708650249406368,1,1.2169026950131017,1.6660633909681484,0,0.5708110163117239,0.7026483575602694,0,2.4252993627709953,1.8889962933635618,1,1.007307515797466,1.4644826662511665,0,0.2997289052240308,1.0013542452494297,0,2.857125980451649,3.174633275020914,1,0.8345990941371848,0.9037845785208743,0,0.5549020605908683,0.42188895062379017,0,0.19189412294732114,0.4754909493180968,1,0.9159535730385834,0.6157507535366582,0,0.5981542198740867,1.4657271926460163,0,2.4344434481472073,1.668537935579667,1,0.4104558430304355,0.5050468525009785,0,0.701615136560571,1.4519255400385087,0,5.055226709220563,4.130284472238954,1,0.9742289851560921,1.0825964040756135,0,1.179794706289703,1.1676767923696416,0,0.8029672557498199,0.3343377681794761,1,1.130697999500144,0.726612104696265,0,-0.05434423281327522,0.23581906934065439,0,2.4160112001794762,1.8269823257997453,1,0.46202988403583767,0.7955185334109337,0,0.6163373932915862,1.0488492504280256,0,0.6135710694734694,0.8008492151111629,1,0.4038749623420421,0.5074572210496011,0,1.3457500122823705,1.4414062253354951,0,4.327574116293373,3.6189002351543755,1,0.23494115754592088,0.3300768576085768,0,0.14292069465687024,0.34601859602439655,0,2.690721896390201,2.148031121061742,1,0.26916151006043687,0.775376649637078,0,0.7030998212297164,1.221262551513896,0,4.602663479817413,2.0581408250538433,1,0.9575030506157252,0.9536727753410614,0,0.8031978433639525,0.6479632375237385,0,1.0594077419286534,0.9650731597028505,1,0.9919987219759584,2.079179339988722,0,0.5231708957581677,0.6171010701877839,0,1.3974007844500402,1.5786227517602525,1,0.7516350092386708,0.8445012015474721,0,0.28506600374489727,0.3861491717206756,0,0.8983902769106653,1.2067307935798002,1,0.046059913629182526,0.09236767728773268,0,0.8693192555448466,1.08379256908155,0,0.5941531283417755,0.8203006082028496,1,1.041898229864378,1.1498261341141192,0,0.3505163193616291,0.3990792189868856,0,0.6505574510591162,0.573987549902531,1,0.26736177286999313,0.3820330956638059,0,0.9429810000040628,0.714726036735507,0,2.0224729788143487,1.9439649951337585,1,0.31907390960548787,0.5100967033344179,0,0.3531506564982152,0.41554420121001695,0,3.061514702012555,3.5801462860745965,1,0.33970386495058635,0.333467064363951,0,0.28580173926855645,0.21701357119531064,0,2.3230384948037104,1.6682056106870966,1,0.19009619566747554,0.5246156480244408,0,1.0675720589882058,1.1937255170768204,0,3.4014318327093376,3.0724249626660627,1,0.3328241287602667,0.9090994619060532,0,0.380037524484045,0.8431230099424707,0,0.9530934112287307,1.190937470564583,1,0.009930629809289826,0.34939163727936373,0,1.728127714354391,1.3676428887702021,0,-0.2570626355685669,0.2435017999541494,1,2.878403507282882,5.810904577771592,0,0.8854448864722771,1.6120505055856658,0,1.587848064176791,2.2511210717304957,1,0.4045244411024932,0.971250089820701,0,0.22134576971056474,0.429583415161434,0
125,100,0.9,lasso,0.8683849645328687,0.04073911851592233,0.0,0.0,0,-0.0802807453081662,0.1605614906163324,1,1.0021968897817097,0.8445786349643588,0,0.0,0.0,0,1.0686744875897365,0.9686083193933428,1,0.0,0.0,0,0.0,0.0,0,0.26439313737099684,0.5168885267097096,1,0.0,0.0,0,0.0,0.0,0,0.9290167548792171,1.096216544262278,1,0.0,0.0,0,0.47667791590331426,0.9962155179902679,0,13.151659467306036,2.7271194066329545,1,0.0,0.0,0,0.0,0.0,0,0.005272205640836291,0.010544411281672581,1,0.0,0.0,0,0.0,0.0,0,0.0,0.0,1,2.9498766862240404,1.9397284749008594,0,2.7511554007347216,2.212981662561457,0,0.0,0.0,1,0.0,0.0,0,1.6408701858413142,1.5137285031376833,0,0.0,0.0,1,4.535904397751939,2.9974814042133238,0,0.0,0.0,0,0.9608426726535854,1.6353841634397845,1,4.176215969283175,3.3944299870702728,0,0.3947605623449925,0.789521124689985,0,0.0,0.0,1,2.089579380777046,1.9023401188376932,0,0.10519058082577633,0.21038116165155268,0,0.26407828761689156,0.5143739627706734,1,2.300549564217138,3.1583941802791755,0,0.0,0.0,0,0.0,0.0,1,0.3560507851193636,0.7121015702387272,0,0.13418521675094844,0.2683704335018969,0,0.5568126887280598,1.112943402216104,1,0.0,0.0,0,2.7562806428483517,3.4203303523680706,0,0.5704301817971682,1.1408603635943364,1,2.1165069057446324,1.6975937640361485,0,0.19343121984566636,0.3868624396913327,0,1.1581773801459343,1.2107122157173156,1,0.24459120946827467,0.4891824189365494,0,0.6001321857253803,1.2002643714507606,0,0.0,0.0,1,4.145988447208723,3.8590590084169416,0,0.0,0.0,0,3.6514195369101765,1.824247174256318,1,0.0,0.0,0,-0.021412659723426486,0.04282531944685297,0,5.807360192941092,2.39179632689497,1,0.14484142340703338,0.28968284681406675,0,0.1204857719081657,0.24097154381633137,0,0.33192613000886945,0.6638522600177389,1,0.0,0.0,0,0.0,0.0,0,10.124913087344687,5.663748139254578,1,1.7346268339402091,2.18803454815522,0,1.4212477019414147,1.8455323702425095,0,0.6769515654034601,1.3539031308069203,1,0.0,0.0,0,0.005737572206936349,0.011475144413872696,0,0.0,0.0,1,0.0,0.0,0,0.0,0.0,0,0.9891209600186228,1.6213050017799389,1,0.7391567390362134,1.4783134780724267,0,1.5399366106154813,2.023095727229024,0,3.963653857801957,3.961599152963996,1,0.0,0.0,0,0.61181634857488,0.8334667415913206,0,1.668555403821421,2.3773436506230414,1,0.6080814533448867,0.681423793964482,0,0.0,0.0,0,0.0,0.0,1,0.0861109468821109,0.1722218937642218,0,0.0,0.0,0,7.627890752071055,3.733200431539442,1,3.0611121719159473,3.972474963015851,0,0.0,0.0,0,2.9642888339058957,2.2699109640139348,1,0.0,0.0,0,0.0,0.0,0,1.4968625088742953,1.5216431631244993,1,2.0420736115295406,2.2603810159840916,0,0.971718893636802,1.257500135967983,0,3.2599262844600063,2.552922773598834,1,0.24347603968022283,0.4869520793604457,0,0.0,0.0,0,0.6066293098599874,0.42753607394499465,1,0.0,0.0,0,0.0,0.0,0,0.0,0.0,1,0.016628303247895774,0.03325660649579155,0,0.0,0.0,0
125,100,0.9,dt,0.21036103281647528,0.22394983272005972,-0.2787465869673166,1.291572115203649,0,5.687951359359976,11.375902718719953,1,0.2811791034002532,1.0695384310302565,0,-6.121358722056979,12.242717444113959,0,0.7256572251512358,1.9441864081687605,1,0.0,0.0,0,8.989016750348432,17.978033500696863,0,3.9324856399710826,10.192609613910014,1,-0.19008566199654944,0.3801713239930989,0,0.0,0.0,0,0.9200274910739443,1.8400549821478889,1,0.0,0.0,0,0.0,0.0,0,2.121236975152307,2.870396417360706,1,-1.192049079540362,2.143322559955231,0,1.0595818378499677,2.1123363946624485,0,-0.11087370006674177,0.22174740013348357,1,-1.7155167714138237,3.575966843106962,0,1.9921277740256447,3.984255548051289,0,-0.1993636800550048,0.39872736011000964,1,3.0153041041817064,5.658598399059627,0,13.716779461341167,30.5054461326819,0,1.285251638975297,1.5256700766951905,1,0.9684255582303412,1.9392883162808419,0,0.0,0.0,0,0.0,0.0,1,0.6601960476153337,1.3203920952306674,0,5.112687089140806,9.519762555620764,0,-7.3009772384540526,17.755041322775895,1,-4.275101860471474,9.150234206994904,0,5.891773876206268,11.936768498848673,0,4.736152818420264,7.056926562781475,1,0.16281399010166245,0.6767869513602494,0,0.0,0.0,0,0.00505329659547067,0.010106593190941338,1,0.06385747276418068,0.2524424638188408,0,1.5210104643692801,2.504767034177422,0,2.8722260576887253,5.7444521153774515,1,0.5146427031546539,1.4539962306784553,0,0.06598512937961971,0.13197025875923943,0,0.0,0.0,1,0.0,0.0,0,0.48399147503077466,0.9679829500615493,0,-0.42007935556852516,0.7918565172747614,1,6.4709913182485765,8.131897641853792,0,17.459735527734104,33.27284997648349,0,0.056153370440692595,0.2425081080612448,1,2.1956603990510635,4.3626729214133855,0,52.96439820861572,38.14259626897558,0,0.4215528298223643,0.6506057906303834,1,0.13769967519869114,0.24404013264925722,0,1.151998649469776,1.5761584308780299,0,0.0,0.0,1,-0.5224572862017338,1.0449145724034676,0,1.193608623961754,1.378894230557791,0,0.047905658803449006,0.09581131760689801,1,0.19666111772279177,1.1829565306635792,0,-1.4168181895146865,1.2300135991446597,0,0.4992133143969587,1.4384830841448792,1,0.0,0.0,0,-0.7077549010913045,1.415509802182609,0,12.373556879463013,26.78106432208812,1,4.096068292339153,4.682751117593575,0,0.9541206450206445,1.9992275022166421,0,0.7793768336783,0.9097478404538416,1,0.0,0.0,0,-0.0066225271177297595,0.2630254891354452,0,0.3235633455852087,0.620391695869329,1,-0.054493274353896934,0.10898654870779387,0,0.4199652852721606,0.6786721794282128,0,4.252786448970746,5.247087809789696,1,1.1452165056957653,2.2904330113915305,0,0.3366993975971793,0.6733987951943586,0,0.025367905910650856,0.7071399742954477,1,-0.5516021992427664,1.4543408274571785,0,0.032702488834400814,0.04048867068162455,0,0.0,0.0,1,-0.13235418661002085,0.2647083732200417,0,3.509560388137088,5.244483728784941,0,-0.019920347258635843,0.03984069451727169,1,3.089077400863374,6.277574996744872,0,2.7828296631663485,10.308067506224353,0,-0.3661717293685185,1.012683076853181,1,4.6815660314536265,9.509795730609994,0,0.0,0.0,0,-4.3797750411559715,10.208652978786068,1,4.218449931941115,8.32770577019978,0,0.28016163083370393,0.5707693463059335,0,1.1992213615038867,1.625176543520685,1,0.0,0.0,0,5.61913856140372,7.549315319918891,0,1.316809382203267,3.7240007747412434,1,-0.15533872542989569,0.22945075038500612,0,-0.11584207069026127,0.20812631358396172,0,0.2974220818972455,0.594844163794491,1,1.2830494919622761,2.1484217294803933,0,0.0,0.0,0,0.46211247369724007,0.9242249473944802,1,0.0,0.0,0,-0.3089131167079481,0.46603468718049046,0
125,100,0.9,rf,0.6653631809743992,0.06096095019328694,-0.10410499220443548,0.21696038632975154,0,0.08373911163541374,0.46396815072570724,1,0.06584613146007932,0.16271700434557015,0,0.1414073451731829,0.12251622083434861,0,-0.018667800095402604,0.1842608894844171,1,0.15278443877674888,0.2704647700696417,0,0.23685118127212546,0.3512224680826414,0,0.4161879694461339,0.1689607610503763,1,0.10128336649354064,0.29541175055185936,0,0.08223438779304441,0.10760218516485032,0,0.5046285432659944,0.2351618909875963,1,0.46470423359464885,0.3024509608870728,0,0.33390021900251404,0.22639819075990228,0,2.129890168562824,0.8514449018223601,1,0.06380876143505973,0.250730910577074,0,-0.09774801780705769,0.2504364150639319,0,0.978349872106809,0.6368746022053522,1,0.1756774251102166,0.41525576352100996,0,0.3061688585231518,0.30827148860109266,0,0.5543603119542753,0.5178571881693051,1,2.3411480811638707,1.095187191415696,0,2.1377146874236983,1.4347846001030202,0,0.7575788575206767,0.7458332059689236,1,1.2242757507339284,0.3718223798347766,0,0.5708640776558213,0.5138322798995004,0,0.21631920485419412,0.1742363554008167,1,2.8399949496967816,0.9664503603756477,0,0.2744298347330683,0.2079661906108712,0,1.1311070136421315,0.6556474844134051,1,2.096919885953415,1.0532668126416693,0,1.3490916501873187,0.5069049840703048,0,1.9635402225425125,0.9160200996442284,1,0.9776050910501993,0.6585882913869973,0,0.7551806499084841,0.49794198904205605,0,0.23168874578307758,0.3014939389453736,1,0.09701519795392881,0.10780674622604715,0,0.020320134191633227,0.16527668784620683,0,0.24153534015722106,0.3550446687883643,1,0.21480013798844957,0.1546800387054586,0,0.11416330040521432,0.17574561884791942,0,0.23983217015393654,0.31719905169549945,1,0.46356345082598127,0.108131482249332,0,0.3250202964370853,0.6255626146849614,0,1.0314202777986603,0.5815431648331655,1,0.4808486618909752,0.9489673472593458,0,2.0710053152491636,1.9467972546138081,0,1.3600800007796525,0.9264774853906695,1,0.5588100967799687,0.48743502889405294,0,10.706972977456264,4.850183884575039,0,2.2946563381236205,1.5052356930795618,1,2.874197639265245,2.1468430376287793,0,0.7307073193983624,0.8178127711149928,0,0.5926380600091014,0.6561176304281326,1,0.2974521535638256,0.4342022278323715,0,0.2957874254860612,0.49561562372806145,0,2.50497921943454,1.5322549523835047,1,0.8620962789268495,0.7131433255045799,0,0.6960790095266998,0.5919285308734424,0,0.41158169119053756,0.16664644099445874,1,1.839199738823637,1.7522445076000375,0,0.9857314410295743,0.23131142701342589,0,1.7644423446068036,1.0342022746846127,1,3.0221859164151232,1.869846354883311,0,0.629757642286515,0.17701732715181825,0,0.2456276304848397,0.1772586812629296,1,0.17532154894937907,0.28766527095580857,0,0.07843570201407571,0.17888238481402752,0,0.39121517277351253,0.17713614161739577,1,0.5257651447718104,0.3821181979976436,0,0.37437096803341957,0.20382427983738255,0,2.1387396263565033,1.0010469783914904,1,0.3262713831586382,0.33048875988088605,0,1.7556934721295014,0.5299191285888153,0,0.36554935876565714,0.5740573211343243,1,0.1637659629162635,0.15491171586400046,0,0.5229612094003857,0.6229379859481265,0,0.3935029222398604,0.2264461942558289,1,0.5469325252998114,0.4979755868230824,0,0.4136385527044625,0.3966860161470335,0,0.45491457260476464,0.8817032144548214,1,0.7938303374478979,0.34996514839191656,0,0.7633207565604879,0.5615569389928738,0,0.583529763570222,0.9972278201427204,1,2.4191432224672718,1.0423572326418549,0,0.28957580058782284,0.37377216502501104,0,1.9160990752264975,0.7776848253320585,1,0.18868751886119933,0.4322511320257639,0,0.20083186591940966,0.2122092616394797,0,0.09023361868404782,0.46435742615325504,1,0.9782094526224079,0.381640404563435,0,2.5155539581172697,1.540468877420265,0,2.4575531638451933,0.8199106777621112,1,-0.015551222406014632,0.23589824038768067,0,0.09024872522468003,0.15609391686813537,0,0.49066148810921406,0.3711753292334835,1,0.3751568609533275,0.6763542447937575,0,0.21926872032471928,0.24244847971453828,0,0.06191080255250857,0.1862572107280242,1,0.30986337028150684,0.23639551028172007,0,0.1726905616670127,0.3947939335468135,0
125,100,0.9,et,0.6885078789760415,0.04999986177788517,0.06564077953808262,0.3121289692473479,0,0.21342568702760562,0.26543843773715087,1,0.08600408380091314,0.39499097284371376,0,0.045925601138145714,0.1751520598664232,0,0.04463520044868804,0.26219680492289177,1,0.32012657298495995,0.2830536461256649,0,0.4400159031515004,0.2871179461344318,0,0.7419618539090906,0.34055033129102036,1,0.12973186609657766,0.3403229198012189,0,0.05650255764525904,0.2649443370596248,0,0.7351849634889872,0.4124844430551351,1,0.3231109804009422,0.3974489904809888,0,0.3265118329761201,0.48656637580819156,0,1.7491161306002045,0.7829540753081538,1,0.9033692221075684,0.890187210964981,0,0.2942496078236181,0.451877678125471,0,0.5119482932574787,0.4941798726123612,1,0.5512303941489217,0.32919281008235435,0,0.751574843562384,0.4616435500294626,0,0.8539042769254802,0.3030312335484131,1,1.9637469954314433,1.7483151613774064,0,1.710787223065256,0.8870417365114976,0,0.9582757862320854,0.5091309722774233,1,1.313460940056452,0.2870279216848506,0,0.8371832691387443,0.7472026448423413,0,0.34613873463235106,0.289439409732421,1,1.8166541620172403,1.2403662726735385,0,0.41298596048119335,1.6579005896204553,0,1.2439283891867015,0.6801362303467833,1,2.026483394786792,1.0576895197427933,0,1.8450483719770552,0.7923047422933838,0,0.46420083096256304,0.3845867882204197,1,0.5190202532673931,0.5156077143684036,0,0.6754750522173372,0.43205740931645675,0,0.39092999464147044,0.5405597800168153,1,0.021590896720715024,0.5354109691345262,0,0.2868747993553512,0.2977367856640667,0,0.23438920778492717,0.6310199827146205,1,0.22359136917145195,0.47800773111220457,0,0.2395101101989261,0.3447819559209089,0,0.13073766364076903,0.3808080175371113,1,0.5149852425465209,0.5025819895661345,0,0.4159020224692213,0.21479216711665722,0,1.2497541095119562,0.9690443618040209,1,0.8289826625675978,1.0796440516801598,0,1.7124021497986714,1.7151855030147922,0,2.4825566136469033,1.8047227322012889,1,-0.012161564948762837,0.520556700592694,0,6.855067284670843,2.356738274000107,0,1.8602322658095314,0.5978700762923826,1,1.8953128112377648,1.6781887090040688,0,0.8639056567959914,1.1771849106958177,0,1.0586661267645605,0.7343234083915245,1,0.3978386160630835,0.6356761445175582,0,0.5476674926307104,0.5695894223322201,0,1.319709453222949,0.9343641193821356,1,1.4381443482381269,0.5147211670875274,0,0.17360944242172854,0.41547195920734586,0,0.48331176757042354,0.24220925959137488,1,2.4299968312925673,1.5654556065354162,0,1.226150948991745,0.9535900687933453,0,1.3891769180845348,0.8748161890811215,1,3.0688124058935813,1.900278079484576,0,0.5919820998204831,0.22454346678464257,0,0.40736076107608615,0.2802834559953534,1,-0.026874719396301684,0.3310733770365289,0,0.21204816392096942,0.2850976304505415,0,0.47318499067874437,0.33325625306180146,1,-0.08047024980253381,0.27660180652098526,0,0.6938627767417201,0.5156543916298558,0,2.050227032613955,1.0452000884093247,1,0.2259913893669813,0.49605990862311444,0,0.5706854257589654,0.8705973945184591,0,-0.03959906877889032,0.43635483168710476,1,0.25625022231250494,0.24601662522057105,0,0.2242908471130936,0.5079974316146841,0,0.03210002544130327,0.2090884116831587,1,0.01427694641162478,0.8080428833845185,0,-0.08233340290015193,0.49798492687011964,0,0.023310776598575757,0.43732502237635473,1,1.5684321510316432,1.4778575584472262,0,0.8723438220686986,0.48426296850081,0,0.7117192629643653,1.5716343783273878,1,1.1042835175670385,0.7321873590789709,0,0.30121077754178105,0.23068623246647932,0,1.5641596501660853,1.0823005043960972,1,0.5920325721036155,0.512266664128949,0,0.6232143711603616,0.5281876625968797,0,0.3063162646180066,0.3365295333809583,1,0.7377993006257584,0.5040436516023834,0,2.499433890893674,1.4588986795169456,0,0.9294012944599557,1.6168755281061957,1,0.11595096376946001,0.30570685759656807,0,0.3162763554056713,0.4172244319337925,0,0.35466144277163536,0.18189923804571306,1,0.19358264745776474,0.17953407228449877,0,-0.070154268410565,0.4088388554239138,0,-0.015247202431753527,0.33320951624013023,1,-0.13841570056718244,0.18951089295600332,0,0.19826602254608441,0.2091537993421784,0
125,100,0.9,gb,0.659378408807205,0.10273817486648587,-0.05099444463750541,0.06458327778248994,0,-0.043612724484430716,0.11979399262212219,1,-0.452786126606948,0.8410085631262729,0,0.16944291959944704,0.3335884604699974,0,0.19365707844697658,0.20453251773306844,1,0.10621412187505297,0.1400593919373222,0,-0.06961266542937053,0.3903902960027961,0,1.3830153013016049,1.0131247403487262,1,0.10555344993108917,0.07303045525419508,0,0.08730327651438359,0.14096228088501805,0,1.708074797878347,1.0929605767959163,1,0.4270602712081161,0.488079319830694,0,0.3800472248022638,0.35769948623268194,0,1.8794562472511287,0.9796026401912846,1,-0.19542861904312264,0.9035867604104232,0,0.07817903572522092,0.09455038991423409,0,-0.20306348610794803,0.34882186818452926,1,-0.004366806433173279,0.055463435210753975,0,0.08354138964463721,0.11839450455423058,0,0.2480554871625007,0.3909760672047684,1,4.468304862174393,5.579405104092856,0,1.4738366810860455,2.824211823242433,0,-0.1607226843385705,0.3634970120005112,1,1.3969170577865737,1.584455460648098,0,-0.03472533467940939,0.5311394312983428,0,0.07108149039672604,0.10586612441941406,1,6.049634943618847,4.211699632695275,0,0.8017871130125045,0.9894953720646689,0,1.505120322281699,2.267118837842525,1,1.0456963080029884,0.7766449404265092,0,2.1573360667303687,0.74886001543593,0,0.4611278899463149,1.1569097425463826,1,-0.004645122790558948,0.3349806337026974,0,0.3810676731329754,0.37786283791468384,0,0.01365971780044572,0.04198208103685191,1,0.3888011601802395,0.6523111393023482,0,0.020746760801127577,0.056381078363842096,0,0.02370946730489919,0.34997039024102516,1,1.1063525602917927,1.703819693888458,0,0.4283919773478536,0.3829009871690737,0,0.23991010813172925,0.4836140739014167,1,-0.9503636561920817,2.0216731809635418,0,0.17729736252715042,0.22715964519657217,0,0.912154377829892,1.214053752974298,1,-0.1238122045886425,1.2391312960263694,0,3.1374092599058785,2.6775045727186786,0,1.0426268424327845,1.779181339240465,1,0.18781351088823006,0.3719052653079801,0,11.968596921328277,9.438081531934317,0,-0.00040834882905917873,0.011392756972876217,1,1.2829929469875085,1.6903432358243946,0,-0.42207216256694685,2.1437989850518,0,0.20174109762667589,0.31164218601631527,1,-0.06553726078125836,0.4630972401403355,0,0.19359397374658807,0.2842251663840906,0,3.637405364334392,2.5852117366537852,1,0.40632291254314035,0.6576166287069091,0,0.14054843552953775,0.5471062981229862,0,0.2856048395233032,0.24338526600307694,1,4.658588312400058,3.8063075960382062,0,0.6703812892872175,0.7828600154282458,0,0.10853756094202263,1.5362689720033587,1,5.192399085729415,1.0186738359663547,0,0.7803037231607555,1.0851936490778147,0,0.3252531525869736,0.4499742213179394,1,0.31520244014173404,0.25307879212175943,0,0.3576869115118013,0.30209646333122436,0,0.3600987518471307,0.5619853826313396,1,0.18479738037514537,0.36085344241040185,0,0.2594295739872457,0.5357104543927809,0,5.643634684033291,4.318636835836959,1,0.5819951805328027,1.306031950910725,0,0.46566222843459587,2.1216343373117925,0,-0.09069759625545586,0.8727563940882095,1,-0.023431264945419545,0.044583525997881616,0,0.4182695253062502,0.7928827044284955,0,0.015283252006586165,0.029882617698259988,1,-0.9341210474097098,1.638422144483672,0,-0.11746268730525602,0.37333472161799586,0,0.2937999299464675,0.21553143799519534,1,1.8908295973275642,1.3142740525856194,0,0.4187539578850362,0.22651500325723906,0,-1.1090770941411867,2.1058393123035364,1,3.828713862249397,3.8715394981346467,0,0.0273519703881266,0.10375383290340022,0,2.429952103885077,1.4472891828738375,1,0.5197350772380904,0.3275161281779254,0,0.3052039783957182,0.5484245504094615,0,0.2760403917561323,0.3649909774127051,1,0.07484055705566049,0.15286846484507755,0,3.6975797321251576,2.250564934790007,0,1.236854171888704,2.485661628604926,1,0.32778483668349595,0.703755742259855,0,0.11117442332703911,0.11053176273962906,0,0.6103342017364067,0.774101803288433,1,0.07164014125745101,0.09839820118204254,0,0.01598916081409186,0.03728354992956008,0,0.10024993487135256,0.24110699170707584,1,0.45175314612793027,0.3471564416392007,0,0.38236997841650766,0.36975930161478604,0
125,100,0.9,hgb,0.7561930184546356,0.04629308049853385,0.04304746827480645,0.061488868424740196,0,-0.07455092587099123,0.14910185174198246,1,-0.11647458333422107,0.15353250846529173,0,0.2883558333553253,0.5052339663139823,0,0.6741694455997288,0.7655140229210677,1,0.15248811260629194,0.2619768908535,0,0.0,0.0,0,2.1242726164303245,2.3811984314603984,1,0.02702230612902548,0.11426586247219049,0,0.26517769349456366,0.34283646114457816,0,1.0916714223861206,2.110665878035458,1,1.6272380020774864,1.036734111773353,0,0.06855090693094497,0.1371018138618899,0,2.731989536117756,1.4764687430453927,1,0.38422304611258695,0.4710412048042539,0,0.061341123526870045,0.42563576643848156,0,0.5423301930170539,0.6702998606814872,1,-0.019537004108908008,0.028517267261333468,0,-0.04707329114658609,0.09414658229317217,0,0.01943250777453872,0.02721764403187581,1,5.6058887506936435,3.491952956118412,0,1.9049564283510503,1.4219431466284587,0,-0.017053771614234933,0.034107543228469865,1,0.6416733125168406,1.4285101609066257,0,-0.26158423459709257,0.7960331013505918,0,0.13474204316107058,0.2088711385515796,1,13.929806438922322,3.0447365382127787,0,0.01593418329827756,0.03186836659655512,0,0.40381245628432366,0.3910258894758723,1,3.123477343494775,3.1052012859455895,0,1.068056094052546,1.11827906881492,0,0.5640509715453421,0.9046008357296017,1,0.4418108846809279,0.9163755791741403,0,0.3055362406275603,0.4012981813714507,0,0.20499951397721977,0.33018354662226285,1,0.0,0.0,0,-0.008220237379304992,0.03480511045176606,0,-0.07028556728997157,0.14057113457994314,1,-0.058711444998296024,0.11949029400114702,0,-0.08455901354817734,0.1347091251865952,0,0.14676259190855595,0.4564645858602129,1,-0.06710605982724743,0.13421211965449487,0,0.3192463824242863,0.4536102405372206,0,0.6019376535371985,0.8495917935014693,1,2.3568733413191882,3.726652468427198,0,3.122225373650804,3.522824876887932,0,0.5220596730177252,1.0441193460354503,1,-0.34113415080123044,0.606203716167963,0,7.262968329620458,3.159762394803367,0,-0.10507939558565509,0.24378000666678687,1,1.0828187648486556,1.0606423762654438,0,0.2845044246010967,1.9447739531117847,0,0.3111885017955728,0.3516285819835444,1,0.2212849488288068,0.8203477348751244,0,0.13869564551717528,0.1918785501823233,0,1.5397709416509602,2.2602650254817127,1,-0.09742647188316045,0.2990551198480817,0,0.1517533093558096,1.68704864820402,0,2.704970575936724,2.8961891450125266,1,2.928377372247664,2.9931599624456884,0,0.6943979701664853,0.5955427394847854,0,-0.20399341905036597,1.3910140515566436,1,3.604006864489184,4.533203772559018,0,0.17998839476579254,0.738514205280357,0,0.49717576412942693,0.5256093694052574,1,0.5555899845949854,1.671864938508474,0,0.8459051200313885,0.9530526871698516,0,-0.0587427525257188,0.1174855050514376,1,-0.12279417166287647,0.9222014925717213,0,-0.007923632125345647,0.18824153247319314,0,6.280469746740576,4.168954459563144,1,0.11082400326651591,0.20183956273663453,0,1.6658387212842711,1.757338022305275,0,0.028136770821148273,0.35362679057797525,1,-0.11699254243263864,0.144686712909477,0,0.27531269046772405,0.5506253809354481,0,0.018426903130711225,0.03685380626142245,1,0.4751408350858883,0.48822007633738695,0,0.6382553711789298,0.6112547851345578,0,0.8140787322085231,0.8397602873339187,1,-0.06436903588547718,0.12873807177095437,0,0.4667285231939403,0.6655997511133179,0,0.6239547771856582,0.6576403653830105,1,3.1101611974665313,1.2626647476973578,0,-0.3964715628184794,0.588753025092561,0,0.3358700635208961,0.5981411661782469,1,1.1602980695002008,0.692320293053447,0,0.11185044620513689,0.25610829916702127,0,2.0618484643476345,0.8204586388317127,1,0.7168603201933907,1.3035300498831788,0,0.989420286522801,1.612485282576499,0,2.911352090754092,2.4128394640538144,1,0.06174363736910832,0.12348727473821663,0,0.5320412225934474,0.5018427618774611,0,0.35459396463953174,0.6889449740725014,1,0.37278486278867123,0.46213732514787664,0,0.0,0.0,0,0.05915299961762051,0.11830599923524102,1,-0.037550805092367565,0.10213242576102245,0,0.42310701074474427,0.5900384040313168,0
125,100,0.9,ab,0.6630572480434702,0.06901621430804658,0.10695794210665817,0.1383208234410502,0,0.11656679800791078,0.14497432069592125,1,0.0868565869656959,0.258109165013846,0,0.1037530491471806,0.1893605971085724,0,0.018032880517328067,0.09781121006481631,1,0.05560894478665773,0.10846964079140345,0,-0.052922367182161964,0.08815626870665895,0,0.9163957072189414,0.7811721718227802,1,-0.03636709803995862,0.18173011202769715,0,-0.18836586401184627,0.39100952119658033,0,0.8035902076246041,1.2012933226556204,1,0.6795063370623252,0.8123923713898296,0,-0.7074504688756249,1.228853592883686,0,0.4302619715598631,1.8696822105905604,1,-0.46245215820880253,0.8858990640631418,0,0.04321719774590867,0.12173472345165458,0,-0.2542174710712573,1.9803325127159879,1,-0.16831293051800078,0.5964035608512583,0,-0.07472338936350362,0.7845649101597637,0,0.6484476905105487,0.5956573663436303,1,4.683321898757548,1.7270742400191725,0,0.9544944758157126,0.7867179108271452,0,-0.3166372807774434,0.9723734044796458,1,0.6108217136214811,0.9527275973900434,0,1.25871894852953,1.1662191715774741,0,-0.3687214773426389,0.5415495722596791,1,5.747363569044004,0.5980622989050505,0,0.12857406741412064,0.3060824041834608,0,0.3903971099420248,0.5108509736474858,1,1.8357544273931896,1.930097616206651,0,1.231663107683421,1.8447991034680815,0,0.9532964362062586,0.7831865834558325,1,0.1481057150701761,1.3683607117473524,0,0.12158414409306295,0.3901383828987882,0,-0.03817857974514771,0.06490017499995698,1,-0.025671106898718397,0.11588614440677966,0,-0.45853109806849507,0.6476870408060029,0,0.2781876946558895,0.22935466209387284,1,0.03624737455552858,0.13277229004971147,0,0.37168460288393457,0.49643395502451676,0,0.644603928330888,0.6812712003552234,1,-0.05519151235178234,0.31518763974285,0,-0.05785364314912846,1.3731824645087989,0,1.2520730721844124,1.1572121564421791,1,-0.2843031294913293,1.9565936948286764,0,2.6208907920644977,3.8577525793397096,0,1.4066046763456657,1.548445512818294,1,0.18600980937439382,0.7585833557622867,0,5.037810489166664,3.6814738801149622,0,1.5202811486321348,0.8576730790215563,1,2.2805313310368063,2.116583360227242,0,0.48014397819629195,0.7684850831387294,0,0.2245979652932845,0.488513363551231,1,0.22287962336743328,1.385190414700694,0,0.13320182898472083,0.23378113242362789,0,2.3728953888819775,0.8628619034183788,1,0.6599295268569177,1.011429403477836,0,-0.09899279542905388,0.7264935843795975,0,0.5281569063882958,0.8647904709811641,1,3.4477404286094226,3.0991359942847434,0,1.4647151988868257,1.788742756167833,0,1.16047260318008,1.0411988332608226,1,3.843094498137085,3.9914765828465466,0,0.15398245805644148,0.5305887380623131,0,-0.10342370528843199,0.11207011857158793,1,0.09898948404378945,0.46852639522544104,0,0.096276395236171,0.9826506424495274,0,0.5554045939785089,1.3553613040117742,1,-0.028680258376763586,0.4205503959898458,0,0.7248137389696978,1.0098475924311705,0,5.091213275438479,1.4473632874857547,1,1.5670790464460604,1.4214958521901884,0,1.840816687004247,1.4775405024205912,0,0.7680049139308348,1.003449036693828,1,0.10380556910787822,0.6270789265881944,0,0.6315038919816772,0.5434097411883437,0,-0.6313933576035987,1.2873525055050155,1,0.6086480842599289,1.6423577060087582,0,-0.4202778915670599,1.6976471005592835,0,-0.07764618615773135,0.37560017854221966,1,0.28274082195283007,2.0756145543459397,0,0.4480670715607527,0.8477999264850967,0,-1.229728319831359,1.5459162186080713,1,3.2650258879953697,3.609449313959389,0,-0.3347880465781331,0.37418365200969783,0,-0.3574502280689907,1.1692875342468643,1,0.4725106301077121,0.5453936101718742,0,0.053943016123615885,0.13725426380027633,0,0.5173407499986207,1.0517612459860513,1,0.16174237489538318,0.43219158886641124,0,2.2762550258743444,1.8369634207109857,0,3.155402016126002,3.13958949956116,1,-0.550697847230348,0.4996295399421719,0,-0.008778803076027852,0.4700106077730574,0,0.5312751981112683,0.8321731567665842,1,0.46076787054959123,0.9042976877571894,0,0.08895576033458343,0.11074395698861565,0,-0.001000616943716437,0.0544493631816887,1,0.32793179115681015,0.4458202279632674,0,0.10489042276221143,0.9122192241431462,0
125,100,0.9,bag,0.5870523533552893,0.09926592364790435,0.6927273579048381,1.20217452000377,0,1.5928591780765091,3.2416636536442667,1,0.04648099094445777,0.26449391603003236,0,-0.2051635389139818,0.585928550385771,0,-0.5318553540655367,0.7107801884677768,1,0.3355494059060343,0.8793783240258599,0,-0.31038016769231247,0.3992932451578126,0,0.4921479296334416,0.5242786281520799,1,0.23907071458664375,0.6565358115531272,0,-0.2340156354422025,0.5121442148134033,0,0.47237613546640916,0.6469265730480036,1,0.5716824323212821,1.2903325528933232,0,0.9470426149329081,0.7253511502405163,0,3.087862041559579,3.3176481374450693,1,-0.22958493066864433,0.4479257325781057,0,-0.3477448555080539,0.5550126135913377,0,1.4942265919942137,1.8918798575571718,1,0.040965866009253026,1.5481537070101266,0,0.714324191284088,1.6624340139040603,0,1.6094104605358992,1.9800288923646736,1,1.730234910157619,2.676989693119571,0,4.366250958755233,3.174956895541968,0,-0.2939118484869096,0.43250861337229074,1,1.4733975506319688,1.525129264072305,0,-0.06687760773345242,0.197361485248368,0,0.20029669810966197,0.6138725851564815,1,4.162363737844045,3.9244718895227195,0,0.7294035774511556,1.0695659273916205,0,1.1846719231128273,1.17845881993894,1,3.6105524354321616,1.8258658562283685,0,1.737079791348999,1.5754587337711132,0,1.839715946474973,2.400493291542763,1,1.5602519313072372,2.5341278132414895,0,0.054905586479699856,0.46555493290959016,0,-0.23065951378451768,1.120605702070005,1,-0.33507022835560235,0.7215581984419315,0,0.16121928595851717,0.29628255150952415,0,0.2152614021749474,0.7057802838510333,1,0.17543751308832303,0.34998183563334234,0,0.5544280032332781,0.6978255487708054,0,0.2028365552704258,0.6022905030016397,1,-0.3337513285272521,0.7384131920822149,0,0.4030698448627709,0.5660509915775847,0,0.5273450789768411,1.0580524285697495,1,-0.412121778366488,0.33069286627995553,0,3.1274269588441386,2.782086535961965,0,-0.4475874006250896,1.5042729607653997,1,1.9278827845938817,3.5576802744463207,0,14.341699182708501,12.091177495825931,0,3.6220498610527136,2.7076290368627984,1,4.183697582229771,5.085983921847182,0,-0.05514975750791815,1.0555409493272976,0,0.46148110222630373,0.9407951299967999,1,0.1235258651328891,0.6691166150461835,0,-0.5725737356369878,1.1218977021704386,0,0.07768822961163148,1.4028432674229503,1,0.3285601987885491,1.0950518086185197,0,0.264641662207166,0.6708379502735522,0,0.15333015723035875,0.3097751379067802,1,0.5511554901244413,0.6779567420476824,0,2.2811902866237306,4.2023202914903734,0,5.122310238781624,4.109449100703034,1,2.645606030062563,2.3896871889976556,0,0.13280298940546062,0.4434105570269985,0,0.7740041948181762,1.2327061605846186,1,0.1141896400377719,0.750170141781775,0,0.07418245965095324,0.14528509618246707,0,0.2169398806038148,1.2092582217923709,1,0.8648094258835106,0.9271457860365825,0,0.16012400214031278,0.3231673873071487,0,0.8886088193516857,2.0466224620815194,1,0.85356376071803,1.9755983327183244,0,1.7163564527277146,2.964348984325796,0,-0.12962157430318838,0.18037785218118807,1,0.16346010891857574,0.4094475460785414,0,0.7766261760339642,2.131042236592197,0,-0.03577206612161735,0.11584177169572835,1,-0.8252876282035618,2.1053210829899194,0,1.6713492971288226,1.8085946080827324,0,0.15568534790591182,0.8270559325497474,1,0.5099717679765108,0.5099941645412679,0,0.09250828088657274,1.1378609255165986,0,2.7102291922977,3.7547139287827163,1,1.5385724306557313,1.8631072754161804,0,0.4343845233548114,0.7915842135644904,0,2.663916805081296,1.08911069960066,1,0.18752524092296471,0.7545986581988322,0,-0.12256868345515279,0.9775109271420691,0,-0.8676638144506571,0.7642222099591468,1,0.1511118068293269,0.8066808719800276,0,1.7442368633109937,2.254122376598092,0,1.1299996200514846,2.0046090438469153,1,0.3672062841718041,0.4177367347771426,0,0.18881520602843405,0.63659516527405,0,0.12045656642149342,2.8118384854318577,1,0.10977016546731462,0.3953007638344414,0,-0.03663846635655418,0.1389477204412549,0,-0.08765873360809456,0.2665744482338338,1,-0.1545023600728801,0.7883322709798959,0,1.7287933532846462,1.5702311880204258,0
125,100,0.9,mlp,0.9826648941929148,0.008355364363106436,0.45782462746229824,0.38330790025949685,0,0.16992622334029733,0.1658074935706954,1,0.32456551661045,0.21652953237038072,0,0.13069323645577308,0.038387678855651676,0,0.5472519257589377,0.21223228474027828,1,0.1584846166313342,0.15254440768048153,0,0.08551804018324285,0.10822678635356325,0,0.26320376218904623,0.13157211787270393,1,0.17269223809609094,0.1219432570526264,0,0.0005508973639497261,0.10619367743415738,0,0.32934381231065796,0.11099749004731368,1,0.2979515708801978,0.07257587336575286,0,0.262580488887728,0.10183907567293922,0,0.07114207926899976,0.08861608517477167,1,0.2024461950274274,0.18618480955803543,0,0.0886596646868796,0.1125355913532919,0,0.4142734238034757,0.41883473562814033,1,-0.019496926429449418,0.11603905813692533,0,0.15109792989433873,0.23079246912681126,0,0.3862701249533921,0.4366188358006294,1,0.3430452275717744,0.41845735896588687,0,0.2589944042088289,0.37084384542988275,0,0.12033769406843572,0.17571479715525137,1,0.14877334330023678,0.23251104976055953,0,0.3220380191541232,0.16615486489670217,0,0.44712469776780994,0.2682737307834967,1,0.48669541173553216,0.35632879029264547,0,0.3455303660546818,0.2752390467345891,0,0.48733302775538173,0.5184897771715025,1,0.060300890917627525,0.13828352620978193,0,0.48961071691224756,0.4043758773572264,0,0.1153019663801607,0.15199247112971265,1,0.12930562754551134,0.19452163864990704,0,0.4000618854223667,0.33906442055485775,0,0.33591788195216815,0.3613641902740562,1,0.17381144184590316,0.20890689799925125,0,0.11280660066181167,0.27569683155596386,0,0.082617929985735,0.24100907567218263,1,0.2749675760372051,0.30492660349733136,0,0.19107042484419134,0.2090697697189603,0,0.2907047942734392,0.23726710953466815,1,-0.004873380827403681,0.05552715598833239,0,0.10773643011823268,0.18349268053681297,0,0.1662191298604437,0.2616030164116531,1,-0.023664405151795298,0.221118927325232,0,0.2719985068280047,0.3188762184154222,0,0.5426835133051097,0.3854743500210662,1,0.11972299520434601,0.2398065864828033,0,0.011923287665073806,0.22179164951295333,0,0.11669912827853839,0.1164673811720052,1,0.08105912793751792,0.1042474991970526,0,0.022455234573358573,0.17102482277141212,0,0.3280213430244217,0.3919726411488633,1,0.36559407049293036,0.37375040698087364,0,0.36317843990653464,0.4888130360926674,0,0.11389399451273305,0.3409532527827507,1,-0.05446975170987437,0.18173046318362043,0,0.10864310241803732,0.19341610751188423,0,0.33450502910644053,0.324473772426279,1,0.06592701357339162,0.21908270808044875,0,0.17763633556759292,0.13527392061775725,0,0.6757292197895689,0.5493544790978657,1,0.180302329109039,0.2532184042609227,0,0.32970563947808607,0.36276193867815826,0,0.495235816326894,0.4944105779467996,1,0.3262520378929282,0.4472140442563102,0,0.3511431803356352,0.37924065953065256,0,0.1338644654848518,0.23324491431022942,1,0.20950785145337028,0.23695875547536638,0,0.10352813833793728,0.18077603117133725,0,0.15064008264431855,0.23323582918540003,1,0.08613332466824015,0.15813683404429915,0,0.3270816063957479,0.3769163774197502,0,0.18452719376514318,0.20329074738766942,1,0.04196083827567602,0.04855091591355074,0,0.07378610638205314,0.10901936949999931,0,0.0518234355533548,0.16548475593048603,1,0.09608999697411894,0.1254711598985606,0,0.43061810657986416,0.21993965344038455,0,0.3396709086297764,0.32579149413141467,1,-0.02001839288044339,0.10047456629366217,0,-0.02054824103835508,0.0545762672865323,0,0.3739261836002762,0.25777424960565776,1,0.20625472209908632,0.16604534502848622,0,0.25745659619034716,0.18099567417833926,0,0.5444077421499941,0.4059884677138626,1,0.2385940274272209,0.16406284160712845,0,0.3311080065520723,0.05490616083458438,0,0.2743424892106697,0.09382769738973164,1,0.33813826169471806,0.1055678409808439,0,0.2629672615237727,0.20144240019152435,0,0.0788314676895862,0.16094200344375342,1,0.19850545707605932,0.2094497088822624,0,0.2921163794139957,0.2639493608041839,0,-0.024373142006070936,0.14351223805771243,1,-0.03323338370605334,0.07917380171137135,0,0.0789165121706971,0.15505758581790263,0,0.24127191300593037,0.28430936752301333,1,-0.07139313076878832,0.069620106461489,0,0.008165952666999828,0.12133843833496524,0
125,100,0.9,svr,0.29725139706187215,0.08637361379027171,-0.021522485706895567,0.2226163612050178,0,-0.012264581431817755,0.16167417108435447,1,0.24761771961949774,0.19099481574769525,0,0.3224332465471737,0.07811595655159932,0,0.238619823750299,0.1020880747435917,1,0.15098464078722226,0.11823837474310793,0,0.14721288595042928,0.14896355761439356,0,0.5285993084173926,0.07442855400691585,1,0.38183527021463964,0.10618904602119765,0,0.17654414646006705,0.07077076729740912,0,0.37138242305307795,0.08639947103713759,1,0.3411365529940212,0.13591248505661446,0,0.538171007456421,0.15544687909490748,0,0.6912051765299666,0.12707211610347113,1,0.593642791619438,0.21539472231401144,0,0.3166906778714174,0.11694339045891661,0,0.4201168306370289,0.13750089995546666,1,0.4569491909708409,0.07005356361334057,0,0.3845985212661847,0.11115386922294417,0,0.6806951222994785,0.12039788059798999,1,1.0190316591879434,0.1942211318525437,0,1.0793641407600252,0.16542958734715035,0,0.842290680014963,0.16085389863792682,1,0.8666439423648589,0.15097495013865422,0,0.9863388551941418,0.25041952222328034,0,0.7578258870326505,0.13353571489303914,1,0.9885547713244403,0.1877582363587717,0,0.8857460776774895,0.22500907611405785,0,0.7718033442351582,0.28226331436125446,1,0.8949989972861354,0.21242751137925237,0,0.7222863677426649,0.1002273089974242,0,0.4633911489842932,0.11911653689003936,1,0.5121720877076862,0.16859959728316043,0,0.5902890706688577,0.1627459154898167,0,0.8090851090577003,0.2320941521811965,1,0.6416168598021876,0.19326313772990572,0,0.43519698314400845,0.1447087028110948,0,0.4956822387151951,0.18055394922264892,1,0.5636925113451031,0.2718811007753746,0,0.5643757295637231,0.21542634436916575,0,0.6425919048869252,0.18784994528103194,1,1.1195414853015393,0.3525358059710062,0,1.0574516905983198,0.392252839194406,0,1.0107397048037856,0.2584624188597242,1,1.0625749384558962,0.20136555234280692,0,1.0880513110777283,0.2600095640773838,0,1.0889450366166913,0.23930021656114572,1,1.029145902129668,0.19884883228928002,0,1.133949382331916,0.20119073154600436,0,0.9227322004767174,0.1738807423581621,1,0.894855200043823,0.14521695760949868,0,0.6238837629866879,0.1977258146561072,0,0.9131567430224713,0.23748740718323372,1,0.8067931134696946,0.1897261870139992,0,0.743763238955971,0.26396829739800143,0,0.9865569708954423,0.3550424148135654,1,0.751642301911492,0.4136231224761749,0,0.6707810810162547,0.376271197227518,0,0.6254250405585589,0.2987018704234612,1,0.5982184821600549,0.328951388376646,0,0.6807484314942615,0.3578929972978668,0,0.9077489056052153,0.34202455946859744,1,0.9118958709340884,0.452358017171588,0,0.7789637145438149,0.32850500654008713,0,0.6349420476984688,0.21708919802632787,1,0.4871465506158973,0.2315078914874884,0,0.46761435221858677,0.17328747324322658,0,0.3352185523007768,0.17245387752382613,1,0.33245575642779757,0.19496680100935693,0,0.4643447753041318,0.23716405220746323,0,0.5678479335882703,0.21182371075633633,1,0.41155609219264394,0.20984486497346427,0,0.45114323685121444,0.17448617111223372,0,0.4469402259992387,0.12259911477208163,1,0.3455198685083967,0.07552080821656981,0,0.5655781366383623,0.19865785290746432,0,0.5449409611734201,0.17893702905767633,1,0.48763315576721766,0.1571301525352759,0,0.4810655325138418,0.18477564458747278,0,0.3616858828520716,0.18333821637703818,1,0.5721031627579445,0.18421773231000477,0,0.46693490120328535,0.0837252478367183,0,0.7399402086930481,0.2640602046366806,1,0.6953700156519405,0.12870804429765653,0,0.7168723851904153,0.22144182535992102,0,0.8052110458977637,0.22172792542049008,1,0.5494529964162744,0.12800911385567454,0,0.40725852012165636,0.19275053675470882,0,0.6388770878066535,0.08973805195064594,1,0.7366715626285154,0.2100475848020801,0,0.5970289842476063,0.1529795749191387,0,0.6334344176604159,0.16624747385986247,1,0.42350237274675606,0.09529588669187794,0,0.4117961042399763,0.06667534421043418,0,0.2930301845682145,0.14275520313852752,1,0.3261170359398884,0.0957850752506644,0,0.24640588845495373,0.09797407565522127,0,0.18676853620207284,0.09781634916698506,1,0.14909318585533743,0.15692564013566518,0,0.13225618934872113,0.18394065220835532,0
125,100,0.9,knn,0.7334419623222485,0.0384009376358078,-0.2518739669296153,4.232009472796981,0,-0.9778665501105467,3.6899766012187585,1,-0.7364164589423018,3.2738729461353056,0,0.5923486720333182,1.819111384248176,0,0.2744756194201309,0.864730573927352,1,0.0639632743617015,1.4282525218100044,0,-0.9711690759587027,1.8824371873493693,0,-0.41219332526738306,1.4484876265909483,1,-1.4233151245817763,1.9330284596916631,0,-1.333422063337605,1.9741959918738263,0,-1.3200998730913285,1.0004332990374984,1,-1.3885736987831188,1.035925563234502,0,-0.18593063668140902,1.0430067069233526,0,0.13530081131641736,1.9228067343400301,1,-0.309687568411238,1.4414840825007247,0,0.27139231982976303,1.3715477509255318,0,0.8972854862042194,2.1545207619894637,1,-0.43710187008982276,2.182482503327408,0,-1.0955939523088343,1.666709599609339,0,-0.35591234189775,3.1233389339595288,1,2.0364459848307757,1.9696034408040903,0,0.8887391442060455,1.9069911960802899,0,0.9883594708718906,1.7381273331761053,1,0.7732693358493989,1.8980121087993551,0,1.0575963109793212,1.5659272572911818,0,0.7906712749359704,1.1041833631181521,1,1.9379405063005848,1.8190423942687928,0,1.2166981688101404,1.4183490759365187,0,1.5787850267702779,1.933025447221365,1,1.2600686670754757,1.662661254936149,0,0.41979607169005506,1.1143560789429723,0,0.00304901610363677,2.229418878931846,1,0.49742703145480194,2.013162777370033,0,0.7391838398407973,0.77067264053935,0,0.13949413416551018,2.356459919766104,1,-0.1544616998467981,2.1950432016864627,0,0.0707069312487129,1.4407243606870614,0,-0.1557239764340581,1.2790337857429415,1,0.9083330648193151,1.8348745835437605,0,0.35759144233049306,1.9579780710866106,0,-0.04855214006971418,1.899635219488125,1,-0.45045000397671997,1.518545394011985,0,0.13279838883814357,1.8303365689875728,0,-0.5670269866473671,2.5505245962916625,1,-0.6566624820509167,2.704822313423895,0,-0.760028256432727,2.4330958727033227,0,-0.7319777315299195,2.1121402614916605,1,-0.9117564444393862,1.9803365431552182,0,-0.0059643417547894815,1.6563124017487258,0,-0.15875051596973808,2.30792009963925,1,-0.6174033515597419,1.8133997515255433,0,-0.4181857675133484,2.6425585339154702,0,0.4850609609827471,1.846619462749898,1,0.22320901612261182,2.447691295877599,0,-0.8477645335773538,2.2498592111208646,0,1.2267382321751779,3.7939384507379716,1,0.6823679711954125,4.207363383909645,0,-1.378305283394286,3.219350312438808,0,-0.5032991014940937,2.2993309086415943,1,0.45952676963442435,3.239737632147258,0,-0.3949199473706451,3.219512226768172,0,1.9316715574542123,3.1712792640967087,1,0.035166788502673275,3.2325115607154427,0,-1.0194975433436941,2.8298851793215474,0,-2.1807919166148757,2.345478143552783,1,-1.339879580943026,1.644743404855013,0,-1.274329205945177,2.004809700578584,0,-2.318144172892515,2.3462347341307526,1,-0.7364157624007692,1.5910572653710389,0,-0.5181047383938194,2.4949224358357216,0,-0.5523531494751142,1.691322827433828,1,0.5838356851592552,1.2217237509248162,0,1.2038695137516835,1.4460153990562263,0,0.923741042575083,1.8315519867185477,1,0.6068723770871658,2.6702883592701134,0,-0.006313609827641131,2.6414569982745593,0,0.31889615829759693,1.5509369555148946,1,0.45576004881491583,1.8355388973836781,0,0.559729010131175,1.368975113634712,0,0.5437831639727365,2.2159886715411563,1,0.24496699898368196,3.118027234355169,0,0.06475827459982124,2.009156589456542,0,-0.6956995672832271,1.1889321185616375,1,-0.9570920727556569,1.9582158383878885,0,-1.6793405312315968,2.365075885185999,0,-1.0369698311882942,2.066560125585734,1,-0.36454284056116626,1.9314496321435521,0,-0.9510423880341765,2.386008203968715,0,0.6771287078497543,2.2883024899162128,1,1.8260986547000648,1.9228008927366007,0,1.555475044520114,2.556454660248981,0,-1.168012869751328,1.7557678240175663,1,-1.3373834818519637,1.8901627452743823,0,-1.1084227013319998,2.3593255448552304,0,-0.20723667525139913,1.705827762194007,1,-1.7394794619324014,2.0019331346979463,0,-1.6618350491862839,2.514215018350454,0,-2.5536051897388026,2.172946334276843,1,-2.7178021244170054,2.6315689430309743,0,-2.5413757799475736,3.3044317770290457,0
125,100,0.9,SuperLearner,0.9784844360462994,0.0058726957452715995,0.6055851175852361,0.6135013627833162,0,0.5598411116505465,0.39202830626364854,1,0.027363207799689326,0.258761881673836,0,0.3160492841648593,0.21126995915258842,0,1.5053096962754977,0.6481337402603955,1,0.14744921025189311,0.1198542422177944,0,0.19465050330783057,0.11445870427250879,0,0.7579412733871027,0.4917384096788264,1,0.19591783330405743,0.19217129085216453,0,0.04275322505240646,0.12823090567717546,0,0.6646569071546342,0.33235651568933294,1,0.6196245852013704,0.4091689120055954,0,0.3948576247975869,0.38887843009150314,0,0.22924030121939415,0.1961174956292361,1,0.06589679297405213,0.2574073168523711,0,0.185673786772575,0.2834914708910758,0,0.8570082257230902,0.8642872197566683,1,-0.03773281951456778,0.09512498697370599,0,0.0666616487562108,0.13662218186049285,0,1.2349892838130172,1.134488528037993,1,0.5510532280972644,0.5317807367068147,0,0.06332743449009998,0.10615915300581952,0,0.10189270314030045,0.15959577535375893,1,0.46506177850967534,0.6324551961811227,0,0.2981821050333314,0.36917868116960806,0,0.20491221455749536,0.20462586826526494,1,1.1245958023531515,0.8369797366020968,0,0.3188208978407651,0.4145333177370729,0,0.5796780354542082,0.7995515717678384,1,0.07675975812354902,0.2549117921359949,0,0.5445426998047654,0.7406415651928799,0,0.4108930119562009,0.5363541751098806,1,0.15069246116684384,0.2388383637493041,0,0.19192916912033028,0.6243631675229632,0,0.541096257566345,0.6526009423649224,1,0.2182179597380319,0.3095761700068192,0,-0.00377242054943997,0.24728720055067008,0,-0.0350750694386409,0.3658535171975723,1,0.4241066406862671,0.35209259367632734,0,0.31080554359116946,0.6592820359609347,0,0.6308527221634876,0.5227597393443691,1,0.012371252673135661,0.08182169517769323,0,0.14092549748259894,0.17588317625277536,0,0.7177419029321557,0.5384349784378496,1,-0.05747253186722645,0.10268877275946618,0,0.32822247605822363,0.4316943341520274,0,0.4885233699645021,0.3278038934314171,1,0.25952994731889734,0.20237764554954635,0,0.14809011798337032,0.12359428716860262,0,0.22651370740144997,0.4301555365945964,1,-0.08818323321000944,0.12019715495446819,0,-6.0369052719307094e-05,0.07834623552685052,0,0.2767198385860763,0.34621407599523973,1,0.3174813665709341,0.2946042427679889,0,0.3487015061333055,0.3032923247804506,0,0.7625549194697798,0.8731959243149958,1,-0.08836298599031425,0.10253665871972817,0,-0.00046891015266855576,0.20863695731568965,0,0.8239525522018333,0.7848736317893301,1,0.2079498661102817,0.5682696079929126,0,-0.0011082645399381307,0.3962264333763709,0,1.4354384930836197,0.9322359190518705,1,0.3091959007191409,0.4336313805825173,0,0.2208761154545456,0.38179729232856036,0,0.5799857964533632,0.772603971892997,1,0.4169862741109497,0.6368515422669505,0,0.3739832414861667,0.39978470342085276,0,0.05411894440783932,0.14983327968898022,1,0.2660208451499858,0.44081570263155784,0,0.08480420397315461,0.1780433694316885,0,0.22172232813919895,0.3567636997904673,1,0.04648853343850038,0.1993032929597696,0,0.31893526986522674,0.3733486884650432,0,0.11855847347508455,0.18835555160133674,1,0.2484998842860897,0.28381994514086095,0,0.009174893591988732,0.04209414192029664,0,0.10820224040716502,0.2089054835973395,1,0.1942226047998389,0.13699072988057764,0,0.2541670960257153,0.1869387115601758,0,0.7629454147789755,0.590656558318712,1,0.015737457096980826,0.12649420830317537,0,-0.0854507193626727,0.09577917374151287,0,0.7925618391901132,0.7559583283053872,1,0.1003630951118308,0.20683649705696833,0,0.09253526964139933,0.187395435758956,0,0.8101444908177273,0.3752751188527603,1,0.12222560944200164,0.2089188391942347,0,0.2544420923555146,0.35258789811656627,0,0.5985356204262635,0.4265787998245755,1,0.35078377458155163,0.22603992176777937,0,0.13595105640486815,0.12318376763244493,0,0.21870319426318047,0.1778464572411751,1,0.15047411913047154,0.182450395811412,0,0.4893025141485137,0.38336611190252123,0,-0.07923211732577132,0.15275493908444124,1,0.26284817515206094,0.6913413094337789,0,-0.004353555374339996,0.14845317027464458,0,0.461098598013231,0.3486888627177926,1,0.014448987480525144,0.21773228687768742,0,-0.04415906170093766,0.11214229915108291,0
125,250,0.9,lr,0.9885227495967168,0.0020779246518743033,0.060560129437811014,0.11941035452912023,0,1.7102974393652293,0.5806008634412908,1,0.1942483822977671,0.21282669571618826,0,0.021740498161358424,0.049538867372582965,0,1.7378096217554628,0.6970835889124528,1,0.02913169667237382,0.059152541294725566,0,0.05422125324390444,0.06851265966549158,0,1.2568978179734982,0.3190193720443482,1,0.2746943501842116,0.24346528962007208,0,0.07855448996236437,0.07982713214835008,0,1.0218781796406886,0.8251473470265049,1,0.30196701897212935,0.17104063808855902,0,1.9469694497811367,1.0728487749089206,0,9.089076714527055,1.8923536874321152,1,0.3509731363003995,0.3128851480073279,0,0.984495716954617,0.9350389058142872,0,3.396647828446292,0.611626635400566,1,0.2602744679746644,0.14956454725829837,0,0.5002062157288287,0.470144927186912,0,2.9464872536475855,1.211471393239462,1,0.03690228210017625,0.0836173679551866,0,0.29101870940431984,0.3289902464482242,0,1.4452508850575916,0.44101817524631454,1,0.19673406828908369,0.31584706135938,0,-0.005584723398419597,0.0643450155973697,0,1.4111121365002317,0.43142606416560203,1,0.03937301834079082,0.04187758142013457,0,0.2764691223214389,0.24641426249469237,0,1.0090272735568657,0.3518664982518097,1,0.5310758446536681,0.38788110286511723,0,0.02918616499366767,0.09544948017322707,0,1.035549593986174,0.6682573768216438,1,0.007974934429899837,0.06073923354101694,0,0.9603363439444191,0.5223261427357037,0,5.045563231649861,1.524104134423244,1,0.09354774348911496,0.14626308104277908,0,-0.005479090398920565,0.06135035526468397,0,1.2471305201658511,0.8037341089450778,1,0.07659554521584519,0.06475990654681628,0,0.009241884361631017,0.11170288158189047,0,3.303863636421288,1.4957652327341164,1,0.015433844615942185,0.02289493140826715,0,0.05357838413099725,0.10174237210147036,0,2.703694336806886,0.688347099495706,1,0.035246833824957705,0.06304974566106498,0,0.14514193114253954,0.11820350066409241,0,3.489688050087236,0.9047328642788359,1,0.21833372232212772,0.17926886117599436,0,0.14273684416305898,0.203602093122919,0,1.1702655660862225,0.4017072580737532,1,0.057528185106098716,0.08272345215853702,0,0.3938960627899889,0.303147956951747,0,3.09198764113496,0.9780545475229603,1,0.056962057643940286,0.029956163935663905,0,0.058183530076139335,0.07753631913927307,0,2.2089938925928436,0.6026490885916364,1,0.024651037667076384,0.03616782962815359,0,0.5283803904456145,0.3074835553670978,0,1.5946543238418287,0.604476816512072,1,0.0870603187689871,0.11936939980335969,0,0.04135741308448905,0.07222133572486153,0,1.541737212464091,0.6885859391792701,1,-0.00850015339460517,0.029481748110374965,0,0.09136707353956955,0.17233823709036053,0,3.1248952568965214,0.400922379331161,1,0.253776096929787,0.19562735350636867,0,0.11430529448522135,0.1944915159487414,0,2.4534020643794516,1.235973677782247,1,0.07275023635597774,0.11575445733840146,0,0.2568696549640085,0.2254912458260681,0,4.105946456451463,0.8140553787966089,1,0.1096819388806591,0.2115727229315113,0,0.3276441589123185,0.39479410438455,0,3.599960040887096,1.5123029951961233,1,0.19810326335788872,0.23732392549965486,0,0.0021130715375492926,0.011781468769458545,0,2.1991141335200193,0.8481697094812803,1,0.40320774392606307,0.480271548869089,0,0.1473336038631896,0.221856757202659,0,2.3529475896739536,1.037498776884392,1,0.07698758883935858,0.11823143394441381,0,0.367564919584587,0.20832707218740767,0,0.8273600080032051,0.5099101725193022,1,0.48257279772571565,0.3263293922062348,0,0.14591651614003354,0.060466806957202704,0,2.8347229299897534,1.2671661216456374,1,0.16945010408775224,0.1422247188701999,0,0.028766380681465874,0.06292125593554428,0,1.2839772879266667,0.45316661347796805,1,0.2453350509910061,0.16355708420920512,0,0.48733785100098725,0.5494945650885649,0,0.8687404282231718,0.6313441493360155,1,2.0783245676895925,1.1388871954071877,0,1.047034828245085,0.5821113836324234,0,3.0537581534491784,0.8313043580082137,1,0.04286431152485157,0.1168892599314602,0,0.21845746911087574,0.14108993580878676,0,3.6712309931987397,1.38491384807078,1,0.3631174887069688,0.2310548867414051,0,0.10230106435687705,0.1279604776700291,0
125,250,0.9,lasso,0.9319507042344197,0.003780869282912757,0.0,0.0,0,0.05840278961656496,0.09981626800155294,1,0.7926410136932217,0.6382349969937997,0,0.024128538165738105,0.04825707633147621,0,1.6858137965420408,1.3353946376430643,1,0.19465252945548403,0.2427494859806257,0,0.0,0.0,0,2.6297387861025117,0.7391735998698361,1,0.0,0.0,0,0.0,0.0,0,0.10161906235521737,0.2032381247104347,1,0.0,0.0,0,0.0,0.0,0,8.950509899099625,2.038907774972332,1,2.670025599813141,1.8761432693257896,0,0.0,0.0,0,0.3504036872064337,0.5600439236359283,1,0.0,0.0,0,0.01602566602273515,0.0320513320454703,0,0.2747192846484777,0.3475677207213054,1,1.5861202345064696,0.36368792090688534,0,0.4376519895334508,0.40224883607356166,0,3.744399341975098,1.8774354908537771,1,0.0,0.0,0,0.06760342415049836,0.1352068483009967,0,0.17734421546460438,0.3266135609641607,1,4.5009213792002,1.6009971099818816,0,0.0,0.0,0,0.42014380192102346,0.45602800176802594,1,3.035834464076564,1.4801849171994181,0,0.0,0.0,0,0.353711753538446,0.7068772028910907,1,1.3290519775146237,1.369413875799066,0,0.0,0.0,0,1.8388853358587867,0.9983195856625815,1,0.1464620482274394,0.2085914830180404,0,0.0,0.0,0,0.0,0.0,1,1.2011160513453951,0.5010706969304918,0,0.34971464244661354,0.6994292848932271,0,3.3506742750014356,2.0328087741322607,1,0.1429030875791565,0.285806175158313,0,2.294490162027004,1.1042173130642996,0,2.168883871250704,1.5759589644192955,1,0.3143328197388092,0.498575124447311,0,0.0,0.0,0,0.0,0.0,1,0.7738237595391034,0.5404430516429447,0,2.1014562771161516,1.5030657858434504,0,1.296738021428418,1.2654831770807575,1,0.0,0.0,0,0.0,0.0,0,4.477366313674946,1.4843867562151754,1,0.15989496804831174,0.3197899360966235,0,0.0,0.0,0,0.1203346470962601,0.19327429921956865,1,2.173690211984236,0.8398906472989166,0,0.0,0.0,0,1.1882436234352454,1.020144411502633,1,0.9312892298478106,1.4653432720402286,0,0.08890743147093905,0.1778148629418781,0,2.420514351162861,0.36685200729897516,1,0.618226242346719,0.40596444567341233,0,2.8788682867421898,1.6491586938498408,0,0.4750625289695284,0.9501250579390567,1,0.0,0.0,0,2.81652005244757,0.8636959720015895,0,0.0,0.0,1,0.0,0.0,0,0.0,0.0,0,1.6232019507885067,1.0986276382204327,1,0.0,0.0,0,0.0,0.0,0,4.898045721157816,0.6317626082714836,1,0.0,0.0,0,1.1336141799350181,1.1988373224333835,0,0.7305093163144701,0.7731143365388693,1,0.0,0.0,0,0.08154131396520217,0.16308262793040434,0,2.421826189770188,0.5076606095636933,1,0.30323197680575686,0.28096186284901536,0,0.0,0.0,0,2.7873098518280885,1.2350284953721493,1,1.2339962819708252,0.8411743072995158,0,0.0,0.0,0,1.0655686158777466,0.9100106487204296,1,0.08881419859790224,0.17762839719580448,0,0.0,0.0,0,5.256175454698619,2.0793255811793516,1,0.0,0.0,0,0.0,0.0,0,2.3676009604912465,0.778014248922485,1,0.0,0.0,0,0.0,0.0,0,5.137395224665427,1.3618214227516727,1,0.0,0.0,0,0.0,0.0,0,0.0,0.0,1,0.0,0.0,0,0.0,0.0,0
125,250,0.9,dt,0.2832154290851139,0.11799071471584985,-0.35914965859162623,0.9074630765880604,0,0.5985223128444521,1.1902988030059536,1,-0.536975518961994,1.0752717221067718,0,-0.022552145259546137,0.04666958208547715,0,0.36724991236113935,0.9041527837403567,1,1.5868397140686565,4.95698665379764,0,0.4690545415735934,0.8287941768863633,0,-0.5031236866478863,1.146235628453106,1,2.10682446309854,2.4641298011552997,0,2.6238734748454062,5.338598154345404,0,-0.052630758959047806,1.010109701823711,1,0.03806423266399179,0.07612846532798356,0,-0.7914196849119326,0.6975149769727758,0,13.143158174501526,12.906643679487855,1,-0.2039278007551058,1.9817541919629598,0,-1.0297775798832354,2.123411257689674,0,2.6764743329418406,5.450522106499271,1,3.448731748380342,4.850086389754264,0,-1.3048881649929769,2.7153867993953806,0,2.1890571266785104,4.498865067022608,1,1.4131962228395945,3.2444019976288785,0,1.5360481497470804,2.0735230662232325,0,0.5740106138155249,1.4846301542069622,1,-0.1494360403341828,0.8291017115392088,0,1.0965422829568854,2.1717953189651786,0,-1.077664682695661,1.5275259441324585,1,0.08418696175652442,2.737498348810267,0,-0.8229085239248773,1.9792916690135423,0,0.44635432223293875,2.6222733915459853,1,0.6570549201795151,1.0740411621538823,0,-0.10714212647013115,1.79072351852035,0,0.19776770160430016,2.773927833742198,1,-2.4441505107054344,4.874276807722861,0,0.3864625591279379,0.8899173859426365,0,0.9514873489382001,1.2434573522747785,1,-0.41126911805809485,1.5350536979382676,0,0.0,0.0,0,0.0031565583903066,0.0063131167806132,1,0.9267742810099046,1.907404881117898,0,-0.22202146216690374,0.750363947073137,0,8.669522506316865,11.426392781924758,1,23.157023576688402,20.190095423851364,0,0.46670083454176636,0.7483744128595776,0,0.32174327669447317,0.3620684177920712,1,0.6690059447660788,0.9412626032104006,0,1.3149570430893536,2.6922920109584214,0,0.2211506866989889,0.5299330475355968,1,-0.18152786176251265,0.3630557235250253,0,8.35536516427059,15.272778210427003,0,-3.6022630855709687,6.864615541301679,1,-1.3424917888825507,3.9617126312871567,0,5.983037289517123,7.993511629923964,0,0.04227551742167458,0.3098360510957909,1,3.3952100512569303,5.787552243455656,0,-5.073147704856889,5.0161338579595585,0,-0.9134168657074373,1.108904539846483,1,4.458602831376841,8.441494293492669,0,-0.40993557841973394,0.42824327949955976,0,4.280835938999087,8.003700977361232,1,-0.040824150964768144,0.06586401153268687,0,-1.3568153858948009,1.8875657804762924,0,9.230040156641323,19.61993462101422,1,2.4484376187232035,8.546622731391038,0,-0.24484599127095819,0.5607507468738057,0,2.706612800768693,4.788743886092395,1,1.344007372734276,1.898478730719102,0,-1.343484980291817,2.859786605839249,0,0.9814023636468798,2.0099662078081075,1,-0.3517862355866667,0.7085262210332304,0,0.8008680954089629,2.01013991934568,0,3.255160586407699,5.087822576723319,1,0.25419573722743855,0.6579780501544988,0,0.5937666865971073,2.621313663714103,0,1.5391097200106383,2.4550171806188685,1,0.6728923830249767,3.4930352821822206,0,8.015772960673903,10.783475529711486,0,0.6154526129350066,0.7337073722416331,1,16.006280759411027,23.76380782095256,0,-0.023509014164739196,0.04683606276339212,0,-1.279206070836007,6.208983969484495,1,3.4960984503109485,5.945088967295949,0,0.059028340036432723,0.2177923887894177,0,1.9393181794766867,3.897388227070395,1,4.950346117747755,9.103805908720535,0,1.9755737072613235,4.620825821907781,0,-0.05376382242356115,2.706262947233332,1,-0.6033453486285751,1.4971663102087092,0,-0.13380285557730565,0.17029677142166727,0,-0.6420575140298077,2.159491263792342,1,0.10382860464492927,0.1468875309586932,0,0.005312040344803347,0.4563328567465103,0,0.745034077659539,1.0287554113538482,1,0.3829988684412448,0.8170671871239632,0,6.624616553147551,13.25007873866849,0,2.5188186937856214,5.107966331326574,1,0.6234262377534703,0.7654365130364378,0,-0.017816202951718874,0.19807522681824888,0,-0.05955325507267646,1.6215485408061157,1,1.3339735008084426,1.219447000112216,0,-0.004744736787738635,1.6179704792867684,0
125,250,0.9,rf,0.7392523376145983,0.03782647337521515,0.27822677034648857,0.10590906684508143,0,0.23627151931042367,0.12292958689317382,1,0.2632135414946492,0.04619764321756292,0,0.25038801043895476,0.15684320290324344,0,0.18190016104488524,0.10621561106772548,1,0.2858081885099984,0.0772937846525544,0,0.5036423627202613,0.20292128900722348,0,0.5020144796486422,0.17538372501335886,1,0.4502082644490061,0.3998762355766301,0,0.13791342653162944,0.1678810248338071,0,0.2474132297375596,0.15444565521767128,1,0.5098265806846906,0.26696401857674956,0,0.5958650398266263,0.3530567110744902,0,1.820859238273241,0.6140346608527396,1,0.9891151464392509,0.8208756467168749,0,0.48103756446148455,0.3556992778711162,0,1.6966335004198476,1.303367832801583,1,0.7115503619992821,0.47369909077765193,0,0.6370649369275698,0.5124472523930544,0,0.8077313194542078,0.6125166735124777,1,5.285603772178374,1.2375642359695151,0,2.187246142915563,0.9340923517023599,0,1.4683503989067415,0.9261857845852731,1,1.011754291705455,0.32223071640244283,0,0.3889688189206276,0.35307336474366013,0,0.5684279281127782,0.27879043768191575,1,2.0870381675372744,0.8570484705875716,0,0.41648167362096444,0.29160128186101986,0,0.6024984923581551,0.7597772203826992,1,1.2942810546646057,0.37744426531408626,0,0.6022090075488056,0.5023870638873611,0,0.5488314984296674,0.2585137134924338,1,0.7520575641123493,0.33602767151562996,0,0.21041747032334174,0.061271901538256526,0,0.1634457065702958,0.22903432032382262,1,0.29572103266778604,0.18699038834223455,0,0.21951374661392165,0.19782451809880128,0,0.37631359937398845,0.28908254974890435,1,1.1431098518718164,0.7200034249938223,0,0.3562755794380225,0.4105598827529846,0,1.7953425565148993,1.0011130612857215,1,4.341417862798913,2.736936369850804,0,0.41068129821317106,0.30127955030263603,0,0.7309147657862514,0.4661469739930258,1,0.47710062624460037,0.29075452942396485,0,0.30681216157631164,0.31533927074252927,0,0.09861424252237126,0.21769104540561507,1,0.2874688297499718,0.41704142466545185,0,4.50333787579626,2.267229623449966,0,4.001946776948971,1.9997491244417311,1,0.247546725238397,0.3232934490663381,0,1.2866379328685382,1.3743672086996679,0,1.5536255063958566,0.7203611233320505,1,0.6648423050453347,0.4924882371073819,0,0.1851863554885051,0.17975003868970024,0,1.4151080339121962,0.6533836069627064,1,0.7081628907842441,0.38021533841860705,0,0.540318647021107,0.30950468990380336,0,1.3958234506843223,0.5102230315423065,1,1.7013625770224343,0.6907927817139111,0,0.7593333584801087,0.40548981876743845,0,1.0660375494434224,0.5584158033685326,1,1.0889769462459389,0.9029706602363768,0,0.8789858265712669,0.5151959032189769,0,0.5012671300235103,0.25860999269839996,1,0.4131956522912169,0.20793237139520407,0,0.9851538035997441,0.4783415346775085,0,0.17506366984209734,0.2183918835456893,1,0.24909514328163476,0.0894538860436904,0,0.29880775962794115,0.2964088077237197,0,1.248332931647698,0.822027351554677,1,0.8797134130163539,0.7282447799348182,0,0.3567942610495269,0.40696208731906003,0,1.1187837680970794,0.7080748316012735,1,0.43844782357716294,0.1971173237406131,0,1.6185893089530807,1.27579048049983,0,0.42888494199714833,0.14119607803536052,1,2.64193089971021,1.3933345596384852,0,0.5001640417727135,0.11762630104515837,0,1.107266070083734,0.6056524305503773,1,1.1322491819275737,0.31780889791324557,0,0.4144985094744874,0.24357085556957517,0,1.2522092348462097,0.551602936750522,1,2.8501391303322343,1.242715605480503,0,0.5341847147642564,0.16261904577566136,0,1.4119607595397787,0.7225609974361638,1,0.742742956826447,0.4266782495624612,0,0.19248253254098513,0.3018353808426729,0,1.290075197334265,0.5726648195236763,1,0.9794361330522378,0.20466161427888505,0,0.4350680739456759,0.27984788470125016,0,0.9750746041406358,0.2079349506539572,1,0.4348314355579916,0.1858172858331854,0,0.2748634417231532,0.15918455535478732,0,0.7135195932690573,0.2303614618522541,1,0.35632296291308646,0.1673511953048162,0,0.136303608775922,0.25029704656790314,0,0.19393923222042292,0.11867755987574141,1,0.10472168072800614,0.09337704951093934,0,0.17019482882280795,0.16622795752711636,0
125,250,0.9,et,0.7932620733975838,0.02759275657940198,0.0900493578451864,0.1693544902865389,0,0.2571089045621887,0.19918595956491492,1,0.18537515955328518,0.25909780507685964,0,0.1584375120478308,0.10007221079286291,0,0.2030225168591989,0.0638190567171327,1,0.47356020989243464,0.2381980441818999,0,0.3886092852569766,0.16945774628296417,0,0.8630976866951515,0.35997399844043065,1,0.28213955643000677,0.1897419141985273,0,0.36504703936094096,0.22027472251165325,0,0.325026370938733,0.29339964422754977,1,0.4609440600512831,0.3547806369120014,0,0.45777939949647617,0.3393816193667558,0,1.766794532644052,0.5810745746670547,1,1.3505310088752076,0.3528444671083114,0,0.766300701409801,0.34914921050794934,0,0.8519392269292652,0.47984206061463797,1,0.5691635553902645,0.24323996840800116,0,1.1406615136378362,0.4994305370202673,0,0.6494005044086509,0.5360529217551627,1,4.1055115194460345,1.033107989003758,0,2.2026731507571244,0.9814273407112776,0,1.5482481884775736,0.6076326901542752,1,0.5604997981039763,0.3008544647195749,0,0.5919242315120937,0.5879121161446214,0,0.882554237958257,0.5358901567581037,1,2.7768095133664197,1.0078329619951214,0,0.41575866209066215,0.45177189219366154,0,0.5993684884712286,0.4878680906076598,1,1.4204552296886588,0.3444162882351005,0,0.8026364154130569,0.26195547566839916,0,0.6945207899980634,0.32194670713121265,1,0.7433440956799664,0.4205943993018222,0,0.35121036614447176,0.15986049014955558,0,0.24960849457420334,0.310587975188746,1,0.49330013096522835,0.36717798178739924,0,0.2740860487532786,0.14789489896022123,0,0.3905859762303733,0.2286349531588267,1,0.6393555554694558,0.3461230555261001,0,0.7486782905756987,0.5351089705642326,0,1.9698424534219812,0.9648389301321281,1,2.2099146654083888,0.5972517153657576,0,1.382202857350287,0.6881155131246979,0,1.3313476394052661,0.32844843122467243,1,0.7796933547345976,0.41909970065914787,0,0.568632678534501,0.2414467305904112,0,0.2482748305112202,0.21653098125063314,1,1.0202505017726569,0.3275545147109251,0,2.0142480613694307,1.3851326228935399,0,1.8713906036171448,0.8841204548418966,1,0.4176471402126058,0.5408182116959865,0,1.4346118430408334,0.9480334803805882,0,2.2683714528593937,1.5258983856838302,1,1.0161402003531468,0.609791914640355,0,0.28302947663189365,0.1425797846026606,0,1.2717166193785128,0.7163155984927108,1,1.5914722847811396,0.39142465474805216,0,0.8192442882868951,0.5718772354370995,0,0.9667896958382391,0.3923817295030068,1,1.316461544422394,0.6963604656596415,0,1.0438661214935605,0.7411929162718326,0,1.4760099541088618,0.3011272156726105,1,1.1341745925439572,0.8893946995936599,0,1.387636264614168,0.5877784462158949,0,0.6602941386395168,0.2319534248394981,1,0.6654221748928919,0.3465962889477164,0,1.3577139481454572,0.36465881751791185,0,0.5498579060747169,0.2910631542102644,1,0.5689933164925819,0.42734115650288407,0,0.2636906696730309,0.22643561853029073,0,0.9907050907999337,0.3605217138209466,1,0.8059957909765568,0.3473256743670154,0,0.47645955549244484,0.08157396664603389,0,1.5831850309557065,0.37442671927313137,1,0.411048332228286,0.3707551419457715,0,0.9476289706993066,0.2669400592473697,0,0.7512472688030563,0.2790810945436541,1,1.9370303791342418,0.9266252500736055,0,0.9489187111837154,0.597004542000011,0,1.4117638468539986,0.5195004520861711,1,0.9546110275614448,0.40284985775472243,0,0.6590010340506691,0.26645920871486833,0,1.0385510578613988,0.4278220215569092,1,1.6549183146930915,0.3645121376854922,0,0.2620656285079965,0.19245150366226568,0,0.8131902547976715,0.6235831445312906,1,0.8039301398353811,0.4818715264587043,0,0.4091656478341778,0.35297091974219197,0,1.1779232158326471,0.366899203889411,1,0.8697935845032649,0.45813206081135627,0,0.6867661110839444,0.4366612409295282,0,1.1756191174415997,0.40944031813256665,1,0.5632399635843884,0.09169170239128752,0,0.47150744283919765,0.16604600341543554,0,0.5971429277552202,0.12621982625265257,1,0.4816023391121968,0.16133274637103945,0,0.2120251542735534,0.171286544452068,0,0.20715885179364496,0.054868295420990816,1,0.12644299494417605,0.12376138594669805,0,0.22698288104340159,0.16213182818071004,0
125,250,0.9,gb,0.797845702874669,0.03593503013861662,0.008581504873678236,0.250330524165393,0,0.05512184705047406,0.22917135305447744,1,0.35551333591622436,0.31488370821428735,0,-0.04988674020905015,0.26085425245265687,0,0.41134346849751025,0.5638726507507384,1,0.13015938755596335,0.18496247091716822,0,0.24650776925179635,0.14889958357647684,0,2.393745322340925,1.2020748373342438,1,0.1285925947473515,0.09035546425434351,0,0.2649216145960958,0.5976426443881033,0,0.4887835160911099,0.7502269374236764,1,0.4717386293594162,0.31981514737521577,0,0.10395690101033546,0.14646756176192224,0,3.1049113807517985,0.9944205194891429,1,0.7617667983686539,0.9962735339659945,0,0.18860176130803802,0.3829387819337001,0,2.316161780427183,2.4607032559847055,1,0.4186771547912317,0.6144948652930364,0,0.30363277806600236,0.2901739332786564,0,1.0263677080518054,0.7279725203774048,1,6.689137333814355,2.636245967571499,0,2.1977726746323367,1.8557095909047814,0,0.42017126497265533,0.3394047316980236,1,0.5390529452027119,0.5058828200116805,0,0.33453383491213684,0.49064086772812426,0,0.421899416955986,0.45043109370305184,1,4.918504941946262,1.7600131198848392,0,0.030711702886164798,0.1419905204397037,0,1.0783886820980504,1.4225815409233422,1,1.7730995601230568,1.1161191612229047,0,0.781468555456926,0.30416384941452834,0,1.3529840126329216,1.1722326942269452,1,0.9556549180226449,0.21874927323807855,0,0.09256033260101379,0.17493621835781284,0,0.39954360763404245,0.37524927269284625,1,0.04856442549310634,0.05868930930823165,0,0.0026794762867127135,0.025429976538282023,0,-0.03339529703632362,0.1724212172142074,1,0.781493166541386,0.5591698057146502,0,0.09329609597841744,0.2496789510081429,0,1.7352105250591414,1.0204513443591732,1,4.859089491994649,3.0020919402162836,0,0.35442536278836956,0.3927545626120975,0,0.8156852830902283,0.3509557214608017,1,0.5946378738253677,0.5202527067762519,0,0.22110226073310554,0.33017492220274963,0,0.216855477434107,0.2520867720105319,1,0.36466639709992205,0.2857298822649525,0,2.685565812727897,2.755065067662516,0,1.75469678286709,1.2745034725025939,1,0.2637457470639654,0.7101650077355753,0,0.5171336981443526,0.5849723644012018,0,4.37203027616678,2.902369702837622,1,0.6442354169301241,0.5659504049221522,0,0.23935921052357262,0.2586804265336224,0,1.211558976990293,1.321022554787133,1,0.8084831536444206,0.6914895779526082,0,0.4574316319778977,0.6463305445337217,0,0.6317487070575061,0.9138789456910816,1,1.119847983039352,0.8910507292435788,0,0.9857102111978197,0.5704509023619778,0,1.526295223883975,1.228928805218091,1,1.172311672462682,1.0735910650764053,0,1.0936867236669896,0.4949975155397767,0,1.0306790085696647,1.4966112411405805,1,0.4456482470643611,0.5301114671494097,0,1.381723266323177,0.3505604575221472,0,0.1048933440723093,0.08442273576534047,1,0.22676218592183806,0.38866388703184834,0,0.09487627663126477,0.09137596079797296,0,2.632148916575617,1.0727946013881617,1,0.20813422687207855,0.21642867305376223,0,0.16810440107273236,0.25655602192727434,0,0.8451409034774745,0.6058000159496213,1,0.2092484120285123,0.4158116290083808,0,2.1235945749320497,2.743323973465169,0,0.8260647385466597,1.1704135209393298,1,1.4565779256016342,1.7883858245305742,0,1.1693613993758594,0.7162454963467703,0,1.4350093818044871,1.8991111022758798,1,1.687074613659219,0.6179376868885413,0,0.22138723115116607,0.22740353270277133,0,0.27177871682699006,0.4480809214609365,1,3.670804887018469,1.3653907089182082,0,0.17929540296488627,0.2558432875790082,0,1.1261944788231966,0.5428094088892987,1,0.47324306218974427,1.0567011898074092,0,0.14456715958196883,0.16243841956337068,0,2.338354129869846,0.8837001705971236,1,1.1786921742177667,0.9199412520563868,0,0.2056131070000688,0.2940747551881748,0,1.378614730485022,0.6068263691910887,1,0.44366825854673025,0.5929926332391179,0,0.5669256463567875,0.7678362300361568,0,0.8794685019168289,0.5911265701889591,1,0.6629359661118468,0.4465691613133427,0,0.34767681872642614,0.3052028926307667,0,0.19790573820349472,0.2214046455577189,1,-0.03761841842212053,0.1716584765672853,0,0.09772204146286259,0.23959114754721186,0
125,250,0.9,hgb,0.8257725794422898,0.03846953115847759,0.10883402933033434,0.0770596001242782,0,0.12020752714870078,0.06148431996255442,1,0.36827570421901357,0.2111738826693536,0,0.5784699422256921,0.3370533972159596,0,0.22390921974542843,0.16935018951991632,1,0.6051743168959821,0.7568164501448197,0,0.4834831372407896,0.2362243552053784,0,1.9966338374242678,0.7762770489453393,1,0.33819469861531243,0.33775667990979336,0,0.27109697665438726,0.3691846068622653,0,0.07603172022867359,0.08978679719006079,1,1.088937148664464,0.7376188455199382,0,0.5287420003473043,0.44663824173671995,0,2.448145920023219,0.5923076792634545,1,0.9744761978616276,0.7217520871457823,0,0.2643969953281252,0.24610893713473408,0,2.3954123954602613,2.4940194465274104,1,0.3364939320754206,0.42278488850362483,0,0.7825223551312385,0.7322286669991488,0,0.8575669238902414,1.1969148487369423,1,5.20280486305823,2.997325029274111,0,2.922659243894435,2.932558513642244,0,1.0212128855473417,1.0852966884166992,1,0.43550010989322435,0.5420751888079152,0,0.0998756917513847,0.202874404474786,0,0.2897804495183957,0.44487457473975855,1,5.683756650083598,3.475017527514696,0,0.13770397222804778,0.12792509578059583,0,1.125535310134919,1.8114862582953586,1,1.4086580130081015,1.068024268027823,0,0.7681800007183001,0.7079678065148419,0,0.559481432316962,0.5822512050609033,1,1.1213755638191247,0.6328640316103349,0,0.7059383438463444,0.701082958690452,0,0.28715971592461276,0.28472919250900014,1,0.25854621494385666,0.2435454485235971,0,0.05499734118144404,0.19068282652263752,0,0.09882195888391446,0.12809369868099585,1,0.3883778724254017,0.24346679513734207,0,0.24375234753537578,0.1729127825850497,0,1.4150347320376917,0.48509861968972284,1,3.5289717369121165,2.9038492068496233,0,0.05376436089546517,0.08380153969027472,0,0.7568975901269301,0.8845645129239004,1,0.19832416129891026,0.17956709098517726,0,0.2528769467383734,0.33864022611693473,0,0.330973213174096,0.3221950718206964,1,0.29617958741888695,0.7506963898694812,0,1.7105443945526642,2.9322691235052862,0,1.1713760716645414,1.9089211695900867,1,-0.036822434132693635,0.3745863611149774,0,0.1373003411540496,0.3169462899843957,0,2.916784375975713,1.7740367611426626,1,0.29908979994666873,0.3845998885180121,0,0.197735297310834,0.19226713042469723,0,1.2495461352846124,1.9721064750290536,1,0.9133329719427262,0.6712395679854449,0,0.22515005858570974,0.40853909708979713,0,0.28825870976731227,0.49390863616490494,1,1.0039453300203571,0.8137299218046959,0,0.43291763504889946,0.9061760842139366,0,1.9841434191838765,1.686823611611306,1,0.9626850082053098,0.9856605472051083,0,1.383490537517757,0.5751428720923464,0,0.7459199682808244,0.6527346505180368,1,0.3996675685925818,0.42593452034494345,0,1.3835568826625844,0.666442594397229,0,0.3847313775688838,0.3569861514385065,1,0.25420886833843925,0.33611385074951566,0,0.2001848696039732,0.16512797076662372,0,1.4334930051716046,1.1395239047465648,1,0.7955320758945035,0.8580578159691845,0,0.14741061964525576,0.21875617783021167,0,0.5699257718662217,0.3251273094475999,1,0.2693239347478504,0.4277344819451909,0,1.5243639254341423,2.2939755205668977,0,0.5949374632063754,0.8673815369462421,1,1.611416384628479,0.9586484178061444,0,0.3912348683211535,0.5020932113645542,0,1.0919612470465752,0.956717756501384,1,1.4998944881001532,0.8817775215284576,0,0.4383809487023318,0.37268018219985594,0,0.394273788262914,0.6456575606082963,1,3.2023083441196443,0.9082562486285555,0,0.34942701097110834,0.19601718266114285,0,0.8024190917043894,0.5637374293462747,1,0.5984434851865632,0.5741845517667117,0,0.2279082874325781,0.15436729710430655,0,2.1896727261883884,2.1861225929873207,1,0.982083640701523,0.7100995757687857,0,0.4510618226796419,0.27011889844609166,0,1.662136749704968,0.6272219200342821,1,0.32964690159949717,0.2861335201626657,0,0.1703864620314475,0.16433506523461222,0,0.9392031182143304,0.6676766872137088,1,0.9277781802882885,0.594699131927552,0,0.11184937971183595,0.2624713170290632,0,0.15185849371580334,0.28521752512048,1,-0.018771226911120986,0.4449325494270605,0,0.4709397426797531,0.37894026818353616,0
125,250,0.9,ab,0.6982009131094857,0.023984657738792423,0.04159181127000645,0.08620460866695813,0,0.0,0.0,1,0.23630312077471033,0.269759401681725,0,0.2449863096753529,0.6702168589450438,0,0.20113630938534577,0.21581630174128538,1,0.1387487554328466,0.17045496400595958,0,0.006565136875673887,0.013130273751347774,0,0.4377695824930952,0.20632041253116915,1,0.200023368878569,0.3286416094013906,0,0.008166086862827882,0.04419795329581347,0,-0.0600925366156543,0.11116074049021067,1,0.7148952965282535,0.35043739875999286,0,0.17871031075031057,0.6474761037323521,0,3.216781334020476,2.332232838979509,1,0.8993615387879771,1.0330933642644455,0,0.43921372444928436,0.5175774371439897,0,2.727923924123398,0.7432296376225591,1,1.3339577259216324,1.2386308130154957,0,1.1993518204436309,0.496546631864865,0,1.7115987525454002,1.0586409110237978,1,6.123071763615246,1.8535057923053955,0,3.047870784975002,1.6042643362235385,0,2.2901159702546803,2.1904499831849034,1,0.23164527547400024,0.339359052630664,0,1.1032479495467769,1.643726608424689,0,0.9127274236441135,1.0184090426147658,1,3.7607460467936873,0.892635386746519,0,0.28187657941345956,0.21749564753364153,0,0.606864949784186,0.4696829351104823,1,0.836833151277439,0.7970638423896668,0,0.12441270146716721,0.15484854804550827,0,1.6828922278810434,0.4157391485392319,1,0.9293503068190458,0.3866696254286015,0,0.07635999780260035,0.23169426805079002,0,0.005693012784750468,0.20305791859727781,1,0.2504244824711166,0.4258973693205777,0,-0.05676295957877753,0.11352591915755506,0,0.11380039618161644,0.4138749700041564,1,0.8377976610319301,0.7527345070584927,0,-0.07982526648177521,0.21679781579302007,0,3.5887205199691556,2.4577740852274093,1,1.9998446018372413,1.391335907149563,0,1.8505794749820947,1.2375132508988684,0,1.1728983593427,0.7028123983813488,1,0.6512504154111463,1.1141635709785291,0,0.6564810630209781,0.7448118004909954,0,0.4639890120773241,0.6620927185289124,1,0.5919324281378731,0.9341387519840043,0,5.237283237226514,3.0592511247482617,0,3.3858150608758883,1.814972873990964,1,0.9466511296443947,0.43427474575603936,0,1.0021781548088646,0.8071429516677224,0,2.682083518769968,1.1338964851116073,1,1.2423455206790437,0.7474875152730266,0,0.2152497859592022,0.22193215290605192,0,2.578668957862571,1.4752872984461194,1,0.3559551266913187,0.5687829276346122,0,0.39009092293782277,0.40558985843325934,0,0.7683399474952628,0.1620721064044234,1,3.2155496258646155,1.0760935340940387,0,0.6338151233377597,0.7010543498160856,0,0.7595561868622409,0.2248329742080428,1,1.2546713484337662,1.2961903710581288,0,1.3749938399948036,1.5423078879698526,0,0.48891377524987173,0.5064319509040215,1,0.5939493943436502,0.449335020167247,0,1.406719887509198,1.3316036553779564,0,0.44550565994091623,0.6027059882454573,1,-0.13846397431392052,0.3634667926343691,0,0.4687505406931004,0.4148469228701216,0,1.034653190792866,1.0321131246474429,1,0.9917706512229089,1.1910886773780476,0,0.2063394414410063,0.1916399562407618,0,1.1710933988145005,0.7030086923415416,1,0.4754003500855896,0.6413258913615334,0,0.07068611006975116,1.251288838597621,0,0.6056742664475261,1.2453653268359517,1,2.7600530293159045,2.6255488471263333,0,1.9865094468161317,0.5458179473792174,0,0.731747525854219,0.8350612241832549,1,1.3449373635892807,1.0491291806448828,0,0.17695686888514328,0.40492375714745543,0,0.0833324746520547,0.2016457662780085,1,2.7144735654360637,1.5704928078754874,0,0.1141663369787369,0.2788465424585941,0,0.20669627231438548,0.1930117552322906,1,1.420670236510432,1.8232106705727151,0,0.20577514395684102,0.17293873039154942,0,1.5461851074449915,0.8541090849519286,1,0.32329641204348747,0.3275638603270906,0,0.3579530565025232,0.42870729513348793,0,1.205887273495981,0.7652071572873034,1,0.2111323753164796,0.15843671486905803,0,-0.03869306359721077,0.12982344855602795,0,1.3290723749218267,2.0344897372820707,1,0.6915658033543686,1.1074434222617702,0,0.00616644320251214,0.1308920212377134,0,-0.0028713829970463097,0.034192397454337844,1,0.19042860949141538,0.315308082970156,0,0.21166564596142892,0.39582937195206896,0
125,250,0.9,bag,0.6787705755857746,0.09069184322591865,0.16388812665127145,0.15872724038002353,0,0.3207405862046361,0.21857907329410706,1,0.15288932819280351,0.8900943683058371,0,0.2607006933451682,0.5860156905879169,0,0.1380709731402448,0.26090716655679397,1,0.5204664645090038,0.4980559424962607,0,0.13130581827677565,0.16090667088394306,0,0.3877743859879613,0.32081614200312863,1,-0.037368086363963486,0.2483466366180737,0,0.760295555710242,0.9842684459601827,0,-0.13425879433652574,0.3343007051215153,1,0.19433824041572584,0.5716323159006826,0,0.5292228621246482,0.9228538832464905,0,2.5397481679968905,2.0775640339721204,1,1.3013793261483735,1.300229023060486,0,0.43709670418388213,0.5993939967564387,0,2.343812966060851,2.2000308724237234,1,1.6366914888335278,0.8199154727028507,0,0.9081769626073617,0.6710588171602958,0,0.6056228283617223,0.6910372285360509,1,4.4742726243442155,2.185744684077428,0,2.4880071277794817,1.695621110624619,0,0.34977432233050354,0.39980242661716126,1,0.7873013623182661,1.438329104939634,0,0.48792782928435086,1.0344312694759028,0,1.025003655846634,0.7636527543606358,1,2.348384131758462,2.4317151170610076,0,0.3010828180062314,0.4918614057875032,0,0.6055395659943169,1.4942035296310607,1,1.8361441595318673,1.3097088893018312,0,1.2086525627610125,0.5566155598684134,0,0.2662528063720334,0.648772578621801,1,0.6617771088534933,0.4993612088685398,0,0.08258498377352438,0.41690229023189007,0,-0.5379927140002617,0.9288124122487492,1,0.3187371884773088,0.5022537379966435,0,0.05634841577848397,0.6670962045392672,0,0.00174478646255275,0.19766919105843586,1,0.5527892465886635,0.4212167824016041,0,0.3243939294866448,0.4718447646027598,0,2.2439639359242705,1.7570588585887024,1,3.757164952453955,2.783329728400623,0,0.24783840843545396,0.5823180834657967,0,0.7416039594178554,0.7422157187935835,1,-0.13087006586645264,0.1308537125444745,0,-0.609927524430971,0.7601156071571624,0,-0.749595738288106,1.345284197794649,1,0.26175401584213376,1.0026699675859188,0,5.053170311058524,6.993825888783436,0,1.6314387664763614,2.4977433451315014,1,0.645736532209478,0.8117031317930811,0,1.0061688365276023,2.90451361334627,0,1.7416864296686971,2.7141271744984694,1,1.371927144754047,1.1202883099173668,0,0.6549987037615069,1.0399144877919098,0,3.0015461508294266,1.8492460306465608,1,1.251422815436246,0.7345254556822696,0,0.5709148666017889,1.5649778402056136,0,2.3479245128518036,1.5450879574696232,1,1.157126872097336,0.7320027974661071,0,0.968875619139892,2.3911532314524617,0,0.5790974202268677,1.1829759035186598,1,0.40312218195542443,0.7057718473883099,0,0.39095439584650815,0.7433379700312818,0,0.3880198386766729,0.6299720483599672,1,0.5026444635140686,0.6158359179995648,0,1.997576843688822,1.670263623997569,0,0.14022583263634997,0.26034785657431714,1,0.2405421426363726,0.1897510602310003,0,0.17157103684584044,0.46311230097872136,0,2.4847968775814464,2.322630749159454,1,0.9493115485079991,0.544606667009242,0,0.004597249335400866,0.644459687715562,0,0.48047727760519665,0.42183197618529245,1,0.44131242085126055,0.3308107024559952,0,0.5032476710081963,1.62689653391489,0,1.7016631666976931,1.2346702570126904,1,3.533520359564446,3.321832239467595,0,-0.0860859802848179,0.40642676813148154,0,2.1207050667043728,1.4228526506705539,1,0.3382957187456036,0.39048019660517747,0,0.6609943210037772,0.7696853141320013,0,0.8721981406256667,1.2247089956963852,1,2.635517296675816,2.3580444249624857,0,0.5699779700631215,0.6277550111306569,0,0.9480218514190737,0.748990852114581,1,1.610591977691375,1.9026074372331785,0,-0.3613721807264082,0.43028657137055576,0,0.8844441090432401,0.8956259514157757,1,0.45731609202377344,0.3720052912445396,0,1.9282764547064275,1.0173948576369596,0,1.4132127938284345,0.9373625875366686,1,0.4741929414387579,0.5314763911169127,0,0.021099338674886902,0.26593522620899884,0,0.9029383162106388,1.4108267215008174,1,0.5466621806677863,0.613064044801199,0,-0.04579798909038539,0.4681847344259584,0,0.1075527893504723,0.2429282264833977,1,0.3201367812997903,0.2074927715227612,0,0.2453323525532082,0.46244341641627673,0
125,250,0.9,mlp,0.9809404320565015,0.005525925540769821,0.3426641524076678,0.19341722255477076,0,0.09390860623436528,0.0922946970187586,1,0.19787514154082692,0.167327726918527,0,0.0907798268032369,0.07225357887143322,0,0.24307855817488458,0.1499519643797996,1,0.09118984246908683,0.136377037076255,0,-0.055255846970091074,0.11664266635219124,0,0.12160447339607494,0.22072709891733838,1,0.05659781831724353,0.20388489222829992,0,0.027327239927736995,0.20338814849463813,0,0.15295106452149532,0.21461128917499864,1,0.1043462878244908,0.21150283037397166,0,-0.033493173331010914,0.1374336794571153,0,-0.004878743565262871,0.1560093063853644,1,0.09441190988542579,0.24783965033088443,0,-0.015632664398209727,0.1527565720874606,0,0.020687440899672106,0.25155090407052866,1,-0.0848461539503299,0.08105178964908433,0,-0.013868632441860818,0.21168245320012002,0,-0.004830728094397168,0.20094858876602734,1,-0.09611409020922276,0.24478955633933827,0,-0.17808510422797286,0.23039376994127658,0,-0.10503739297772419,0.24570093859038009,1,-0.11296506100367072,0.30488252108235314,0,-0.0610199992967401,0.314956960252194,0,-0.029358211562922974,0.23868597146187764,1,0.005351644180949422,0.2546012980808059,0,0.01022573061240808,0.2949433677058715,0,0.0513442061091753,0.2487551694936267,1,-0.020799162351302115,0.11620453337497703,0,0.1281822094281532,0.2723334527411833,0,-0.02712283921170578,0.12815047909449262,1,0.06282930456674966,0.20214372950684822,0,0.20263875712935672,0.08222539605466554,0,0.19717359246232913,0.15857140142020354,1,0.11812292738871104,0.09744577248847033,0,0.04538491687043867,0.09198316798372295,0,0.041727693653174025,0.09360943521220924,1,0.12152307952596433,0.1618636332398848,0,0.06128934404064932,0.1369723315372755,0,0.19631271020219243,0.20805755709746124,1,0.007519798394375337,0.12544842963467295,0,0.00046068598143027826,0.23057092756758682,0,0.09193521477051646,0.19984273451568205,1,-0.036011048838843006,0.23649267341171984,0,-0.002235011335120653,0.30322081861267597,0,0.0628424172661286,0.3541729389220831,1,-0.13420303013878368,0.22026588233212732,0,-0.156351385752754,0.23178937128161056,0,-0.08140140076733784,0.09742234315669177,1,-0.0852415922182006,0.123164189563891,0,-0.1313440998031931,0.12842402567955316,0,0.021646070530581558,0.14764321102904468,1,0.005376381645740902,0.2691957506213632,0,-0.04693392844928125,0.16281729997656544,0,-0.13248186449043117,0.17501567900591505,1,-0.13437502284812103,0.12483690543404712,0,-0.14491118925140808,0.13028979517877792,0,-0.09034056054379436,0.16947144517552362,1,-0.11716488346300866,0.09367340873888873,0,-0.09398750485797683,0.13443050425321715,0,0.04889151697637349,0.21368349709223897,1,-0.04525473914784546,0.1595914834573582,0,0.20284908455436107,0.28319490185096724,0,0.1672938892245897,0.21457704807573685,1,0.014051418381137848,0.217298795189306,0,0.13198078142061706,0.2736818882095663,0,0.010793613128156387,0.17231296336787777,1,0.07675508909083884,0.13556380573387994,0,0.05755804615841981,0.08899715507782316,0,-0.02865502353974857,0.05971803594140292,1,-0.09095349409826434,0.043687046501737346,0,-0.10794818927006822,0.1667254102970134,0,-0.01419770826857888,0.16712284311518052,1,-0.0855278668779578,0.1810719801641943,0,-0.07365441137153315,0.22735838833179176,0,0.013408711294736152,0.20814754752329392,1,-0.07653324751888949,0.12286649797443365,0,0.11622433733746865,0.3008665136110028,0,0.04911566497588175,0.23502391157510125,1,-0.0678647559198678,0.1691214522551067,0,-0.10713825720430474,0.1499270613892791,0,0.09548947236785964,0.21695634940240244,1,-0.05727388366555899,0.23429394836677475,0,0.004349176820961498,0.2929946712660159,0,0.2182568815245857,0.25954730427452755,1,0.015250616803934764,0.13672190791250072,0,0.004429606155762616,0.09913882195894179,0,-0.033031404489158624,0.1074009682774912,1,0.07372939063396047,0.08230787210066949,0,0.21753055092807722,0.21652125072528444,0,0.09972547498850363,0.09508023662386597,1,0.29008716413551666,0.24618521028914636,0,0.12159415545813886,0.2223872388857672,0,0.02665906776177076,0.11189118782262934,1,-0.002135189753796796,0.10867338761592935,0,0.09206097450048192,0.2726119510488882,0,0.05588324321390313,0.22283057659077987,1,-0.009681959224686277,0.2235264271899667,0,0.001454854974464459,0.24020208344594143,0
125,250,0.9,svr,0.6512824871769176,0.03341909857972851,0.1886750464843216,0.2559503716831148,0,0.32169110648259935,0.23156325772809044,1,0.471819793174702,0.2967122490168088,0,0.6265597493401955,0.3261778668456407,0,0.7762438759150774,0.2383252898109111,1,0.6294278464033075,0.11847871270891033,0,0.5277448623789065,0.15300594928542063,0,0.6463514337194822,0.17010735027656793,1,0.5244837788596386,0.20973750823620055,0,0.4093701142455769,0.24975654520578083,0,0.653503143160251,0.2830397506624754,1,0.8205184086828634,0.24104851851169057,0,0.914989681052532,0.19578051132850993,0,1.3332008313361043,0.2906874634046385,1,1.2589051489051808,0.2809454521083295,0,1.049977199070343,0.2518496388237378,0,0.9554898320908098,0.21009192654822506,1,0.9711433617902727,0.14777916677036718,0,0.9957159888039865,0.11208407427324639,0,1.1594739000191305,0.18269026384071674,1,1.4522277228381872,0.2948775937614656,0,1.30070510181655,0.25770640932449634,0,1.474727139456144,0.3522784590090124,1,1.0436324358430413,0.3650449704412031,0,1.0566958792468097,0.33559585552236953,0,1.0630540388216407,0.35887883931906744,1,1.3018293606518085,0.33977956591233227,0,0.9771292849048278,0.2470196085877218,0,0.9949422732742444,0.3088672481614906,1,1.1167646669016071,0.3635632888010758,0,0.9536477867719817,0.20954412905308822,0,0.80038786715245,0.1468543857489613,1,0.780880238646975,0.1718086635256166,0,0.6685415039131726,0.11645007322493371,0,1.069222304238093,0.26163105538697773,1,0.7945085160494785,0.31240069102092355,0,0.6703723929657505,0.28786253960492375,0,0.9033583315123836,0.3284240759398361,1,1.157023565274645,0.46844276039263,0,1.2435161620384136,0.3820741066429146,0,1.310222796945211,0.4039307048999228,1,1.4960297697084326,0.39230770704474793,0,1.5780307785499659,0.4210336794639977,0,1.4106312078237062,0.3641619344716287,1,1.2458779173302945,0.31059354534885597,0,1.1267405485088424,0.2583497611152361,0,1.051551390953732,0.1562555745000248,1,1.131013105612164,0.1828350839129629,0,1.1844406599455095,0.18481736727352407,0,1.401588884464747,0.21259026460125718,1,0.9851269519197668,0.17952643243507277,0,1.0357836618840142,0.09775939181265929,0,1.182131725994997,0.15701593065309194,1,1.0292237918800065,0.0922488102402994,0,0.7932973819830916,0.05696784857754092,0,1.0496498842263522,0.2127161189098916,1,1.236362292425605,0.09213568156434064,0,0.9006356092644967,0.10536785721512189,0,1.0044777155599576,0.11163797674884574,1,0.8789227501609368,0.2073844497481098,0,0.8873955972926018,0.24627527763919033,0,1.1155649365734115,0.1632045226171121,1,1.0242994627488433,0.19334018215027776,0,1.0417171241628513,0.22245831682568204,0,0.8552211621436097,0.23642190857475578,1,0.8620589327198473,0.24578790294216413,0,0.9169492893333671,0.32141041609079546,0,0.6872377038367989,0.3537036763392548,1,0.5982221533596224,0.1806757755494316,0,0.6485552792037849,0.22177630536946513,0,0.9379210434029372,0.3218101978143272,1,0.7329973249236948,0.20495006865597182,0,0.6568379972230332,0.20326023579862235,0,1.0286210904962563,0.22909832685182188,1,0.9213585735910155,0.2521764173870455,0,1.0425676522905771,0.27825285837693664,0,0.9380880178237889,0.15180983817434535,1,0.9766659778635811,0.12055127224226712,0,1.0914528653476157,0.09658333332864592,0,0.9143815240232858,0.06463364697310649,1,1.1149707231276484,0.10371748246460911,0,0.9624093900138512,0.2300545163672248,0,1.221972305427293,0.3637296662096993,1,0.9511815464258545,0.2677782046166636,0,0.6864664187084941,0.3087096096161669,0,0.8230646374063664,0.3372961672519066,1,0.83466326392913,0.40873977585799987,0,0.611012705157578,0.2655659219672431,0,1.0180331588738376,0.20817219951705612,1,0.8940244813648365,0.2844595835934366,0,0.8895796536509056,0.36068596072924686,0,1.0376423082661497,0.3491404387265376,1,0.7573027145482614,0.33137799474079505,0,0.7415904827062864,0.3319860457947026,0,0.7337660485593785,0.27444693598786574,1,0.5689526369280633,0.16161516388456337,0,0.4397341628916783,0.21750847555948272,0,0.5426910808692283,0.16795292251979418,1,0.4252175923741716,0.14304909674709335,0,0.268310897147488,0.12927681122478657,0
125,250,0.9,knn,0.8581616499494402,0.01970631101235501,0.31902393498053316,0.4105510052281416,0,0.6777295957509545,0.8610859770124528,1,0.3487085076204578,1.0269402140606252,0,0.2799389142700573,1.0579154800957298,0,0.5449408635733743,0.5388271078230429,1,0.7005046175911124,0.8150863916575968,0,0.5362410265917477,0.7344693867281117,0,0.44992985489154613,0.9729923027382299,1,0.41087414059895294,0.6058134371952424,0,0.5412503960871373,1.2346464374034558,0,0.6654411517369315,1.628584725316434,1,1.2931187472305101,1.9497820823826055,0,0.5715062836955742,2.3399316792579348,0,1.3871975673351,2.4975332407785302,1,1.1194511763183463,2.361007408984359,0,0.6872028271475996,1.311649719651913,0,0.8406867656040733,1.2107129129972036,1,0.33331807698847893,0.9541014970253395,0,0.739496854570454,0.8316147802274584,0,0.3467305497867235,1.4043181484802585,1,0.21113376485626117,1.0937128591919953,0,0.8180321322993807,1.312270966872271,0,0.6609204351433025,1.6280063917364733,1,0.6857354030136488,1.4313048027677118,0,0.5999380051356729,1.7881519566865391,0,0.7046258576840434,1.893249554934774,1,1.0575991078924,1.7282381839804055,0,0.08833618970110982,1.9039222798058342,0,0.7402298373337125,1.8753346492864058,1,1.0753396342377026,1.615688043776114,0,1.1172842804009924,1.0126895430819667,0,1.2140525637629196,1.6709230174485605,1,1.1095974265499362,1.2639929194787136,0,1.1071047539754497,1.0790937618084275,0,0.9620486506376263,0.8460384973915372,1,0.6508838605489217,1.6771944817520719,0,0.40835605787766305,1.316289468091688,0,0.5922408063303173,0.6311875456882428,1,0.5045335280141154,1.1881155806417831,0,0.8076551069290211,1.0993406357353706,0,0.4081711156865685,1.1438801377686283,1,1.1155396991595488,0.8810404463720223,0,1.277548285024038,0.7422855190929794,0,1.3173438487334432,0.3788426785969614,1,1.489387216722398,0.406256063681487,0,1.4297461139631888,1.0427143137678752,0,1.531079152380116,0.652016910865454,1,1.413040134265167,0.7230705728529053,0,0.925691653844653,0.6297593137160976,0,1.2580680653728806,1.52363971783161,1,1.920878747617813,1.644472969197516,0,1.787686326857458,1.9809751536808344,0,1.8270510350021945,1.5131706702632237,1,2.1784063770517905,1.5448820764072733,0,2.008422188563697,1.4615615319866155,0,2.199790427055654,0.845776789085863,1,2.0015792224072735,0.7996055157431268,0,2.4494290618232224,1.1071984447621759,0,1.1823256040756231,1.230607511403105,1,1.5085250252244127,1.3231513650540976,0,1.2397591053925725,0.5014756478617175,0,1.4517747165454986,1.0943396347053411,1,1.4852251132564838,0.9520832429919003,0,1.5284845532643736,0.836559236530818,0,1.2004860104491795,0.9419400364379454,1,0.5268743502556421,1.423046389314816,0,0.8966207850005972,0.9524090568587444,0,0.6886414122867756,1.2003739446028017,1,0.35862724378475147,1.546643120072447,0,1.0030683163058047,1.59713634168326,0,1.3719848009354105,1.0850016406890046,1,1.471465554847065,1.6555134851778117,0,1.2593755189115967,1.7211381541804152,0,1.5715246187109202,1.7337502201833859,1,0.8726869012393415,1.43313834097493,0,1.2586966272284705,0.8109199806185357,0,1.5661418297654008,1.0241889919614613,1,0.8989385719356363,0.7944970777992417,0,0.9774915325528133,0.8779175421963135,0,0.9552567330281405,1.0274872489023161,1,0.9416982044050839,0.6592847549267042,0,0.4563746318304441,1.0610784506406197,0,0.7476109835737204,1.2098567493517998,1,0.8412779558861793,1.62830121784525,0,0.4640899086190419,1.5092363752313078,0,0.27249938866926643,1.5508988058241737,1,1.0071076943638562,1.1253387965080583,0,0.5581533513642852,1.2886306624913861,0,1.5960907220153124,1.2411296490132033,1,1.3070541255390025,1.2777221497985185,0,0.8505290971962391,0.7582781403944361,0,0.9655652664926657,1.4506216737503534,1,1.259699343425014,1.8393315519410791,0,0.7731480982668584,1.7238868015213464,0,1.157460983001553,1.391435556592741,1,1.364693827773113,1.0815441379439557,0,0.8484868841353922,1.1200944145249128,0,0.7809491262219455,0.7357238149823812,1,1.3082986564608021,1.1283744069823591,0,1.20504569764495,0.7340973236776984,0
125,250,0.9,SuperLearner,0.9896181788527254,0.002516276469895328,0.07819739403868395,0.12749428322233208,0,0.6482835123800484,0.29659542854070775,1,0.21516678131379133,0.13858880237611534,0,0.005631162398320805,0.030516176193862075,0,0.9322463182595279,0.38465723359216825,1,0.06966212643055267,0.0816299291209414,0,-0.0064662390664997505,0.007911022407110268,0,0.7791711541837099,0.1944004409344024,1,0.008100359025999742,0.02859722043259771,0,0.12842895210907826,0.06187771422079177,0,0.6049907981258329,0.3043671274370172,1,0.2896828796913183,0.12864255987615744,0,0.29189908924498903,0.2940784902772165,0,3.2632966857461496,1.087736885374979,1,0.07150824067725238,0.08168657396803251,0,0.13216629626408155,0.18587895227774623,0,1.3894277583386585,0.36582869591308304,1,0.08809879089528268,0.09992445180439537,0,0.05093025006467435,0.06125776372170118,0,1.268090175276451,0.6549022174312907,1,-0.015171487939433157,0.0606627864200373,0,0.041444513287587824,0.05211440896406059,0,0.7930942652124181,0.5590049475570271,1,0.1422863069691089,0.27176496622200685,0,0.0010320698960523567,0.07917196437812392,0,0.6426465906881839,0.2908519347022821,1,0.08944195740848153,0.13116573433497417,0,0.1744448370179351,0.20764918810847938,0,0.5079921381031375,0.20833806300495328,1,0.37000788368767246,0.2843697996527862,0,0.08018007265995257,0.05893871313910439,0,0.48098708363889064,0.34744870575183723,1,0.09150674179437972,0.04568064184745176,0,0.07250862740717631,0.05034537597899172,0,2.2018137424192217,0.8142305909396351,1,0.1150400800483397,0.11714297758872176,0,-0.015637941775566586,0.030847372391466107,0,0.5593123858450219,0.331427876924914,1,-0.005908030000864544,0.09537639155447218,0,0.07060382336482261,0.10683442594755257,0,1.6375094589327865,0.6889399596294461,1,-0.012393135571428428,0.020918452832744298,0,0.08156043524849439,0.13550156404023572,0,1.2968554923697522,0.3795287531755226,1,0.008535751716228468,0.06264762731090716,0,-0.020247172672510413,0.02339265081288545,0,1.535172610369209,0.5579137409786419,1,-0.014179264905591677,0.04874637038799823,0,0.019694748236206806,0.14182572050441955,0,0.5230956244291265,0.34495842826937484,1,0.007391521867404288,0.07777914168302051,0,0.06081687555732174,0.05265432311163212,0,1.3606108605134821,0.4098218897201903,1,-0.005166359071237548,0.07068717849347275,0,0.07456199162218412,0.1206985586400249,0,0.7894690158385138,0.31191987055162285,1,0.004749572335319469,0.04688936115941345,0,0.07237953083031927,0.09902850199603928,0,0.6121482650766938,0.34351774886243547,1,0.07841437794312753,0.10927500195220052,0,-0.0011532754844395588,0.06261293370292123,0,0.7860954932731825,0.3040086731321718,1,-0.016554551568683913,0.05343793531819297,0,0.1941599742539005,0.14721563329730122,0,1.4240331831516833,0.36775402582216193,1,-0.00947502717019245,0.026943653886947815,0,0.19400038312824347,0.04052884973097537,0,0.9526528545411918,0.5152024100671893,1,-0.004461239427111583,0.012714487097913816,0,0.010731905582824155,0.01676988513696875,0,1.3245992101430188,0.2724174750632621,1,-0.0029204194868143103,0.05661497496106328,0,0.031974584721078905,0.09541235695638417,0,1.4711809093419934,0.513137480644609,1,0.031029181390787218,0.021878159116785235,0,0.018964330765950037,0.05890307960446695,0,0.8694855905781177,0.49897552383804533,1,0.07866313594084964,0.1707408065906082,0,0.01790099782143802,0.04692962137437478,0,1.059482748614672,0.5006203314195726,1,-0.005746917747402635,0.05349045863343041,0,0.10197246309045202,0.1263821516490366,0,0.4981947968426785,0.3118248984131927,1,0.2723098629347561,0.22129302795558092,0,-0.01608053999602977,0.05789550966126205,0,1.1655053423679722,0.38805563972457763,1,0.03417512236330411,0.06912196400689274,0,0.016692011927520227,0.07403863169078614,0,0.5151822537294942,0.1615058559656801,1,0.15820204519037517,0.11195146312909286,0,0.06236309363824618,0.08211486497072995,0,0.40326739774179926,0.22233417265092403,1,0.8652434907287601,0.22125947328437812,0,0.1548228215450997,0.1913353222825729,0,1.1326896781976994,0.46820108633295426,1,0.006531843927702741,0.09246318541133546,0,0.039315527961362076,0.04771059473373824,0,1.217914480860006,0.4802786439417932,1,0.022080327854972007,0.0870333208033545,0,0.07822773142105896,0.11836806344113328,0
125,500,0.9,lr,0.9935410844622707,0.0010274866923907437,0.04452171588781802,0.01976142639095452,0,2.1750186685456976,0.684808356839875,1,0.023371592075363913,0.028019656815271417,0,0.04133616723060774,0.025194605735769215,0,1.5710750094118526,0.2032148338154119,1,0.20378620663447214,0.16421582759646575,0,0.060246771813315156,0.028081969027030838,0,3.4844022753759902,0.4964622874414309,1,0.13240367304353212,0.05801578040142551,0,0.05016522485768984,0.0726914276345917,0,2.1527591899558827,0.5029162289965077,1,0.0337851160290209,0.04895324172119277,0,0.07422357631253144,0.03673282761387084,0,1.0273006456787699,0.41273324824093016,1,0.1796073529376262,0.06579233660649758,0,0.022462925526197018,0.020889478898473673,0,1.6310488802137535,0.27752447214362297,1,0.019106457184742864,0.02204395372531466,0,0.015410956669926753,0.023761645463256358,0,1.6443239208003853,0.3944342908450412,1,0.2555636819999752,0.09367579830056091,0,0.04620608549670474,0.05264513692513838,0,2.427615012983145,0.34607995253758944,1,0.06971342819822243,0.022586643188523072,0,0.03483403050197041,0.04350664236090053,0,1.7981433720001754,0.2849915657431554,1,0.13622404841049054,0.0813041438867339,0,0.12382256194522723,0.03061987055986656,0,2.45097339869266,0.46084924444596914,1,0.0067071347105871456,0.019745591001766344,0,0.017510852310711058,0.014369606298719301,0,1.0574082475589575,0.14270680956570256,1,0.14779119692436266,0.040555956651043695,0,0.04708190266861719,0.038666124020759834,0,2.377368033737624,0.42874090586752006,1,0.09368663287078369,0.11240061485323946,0,0.02980074892147566,0.03338936043654818,0,1.7806843936866439,0.2972852479164491,1,0.021083740369927877,0.03178621251096592,0,0.01586043123561529,0.0105674633386802,0,1.4082543848843683,0.3949327884339976,1,0.21844233283678632,0.09848336117188462,0,0.38882516095304986,0.19019385172374456,0,3.9692225699928274,0.1990215440207179,1,0.19442300704116328,0.10279009051546191,0,0.00916813783079733,0.023386017594889216,0,2.6217790564835455,0.5720110758532309,1,0.1002513167210262,0.0797422942610975,0,0.05801891205564227,0.05360424048559726,0,1.844999107902185,0.40135428026781406,1,0.001425941556199974,0.017988546744537346,0,0.02189475678910139,0.03853204073926216,0,1.6964940004718305,0.3876388198706072,1,0.0011972896481316098,0.0207865073681039,0,0.02463749936812601,0.019996076574556945,0,1.5033919986810353,0.4314889590564302,1,-0.0023629203122742326,0.01657346545551256,0,0.1971651678978655,0.22393238135510474,0,2.73823453067119,0.6457120895796574,1,0.11024790081542828,0.0925578235909796,0,0.09228371261640965,0.09313645608421012,0,1.5477367023938735,0.3628108892235512,1,0.030991850164303787,0.027707495368772792,0,-0.007878473770663152,0.008843089317307705,0,1.3967886220233914,0.19103521118637498,1,0.06463635501253644,0.057579418838395915,0,0.057425838636326464,0.0875031077037022,0,2.232136786413772,0.5808092300507641,1,0.02147373516908686,0.019014745453649933,0,0.02306187883863501,0.01846383575854983,0,2.5318915317252872,0.18684436002435784,1,0.07487633346606795,0.07369068050020192,0,0.13665999935404866,0.14657488162881335,0,2.2463072050116564,0.33187948548461105,1,0.08202107598474657,0.08724668647604696,0,0.02165083856063412,0.032652871608251095,0,3.034182551564691,0.3266506576518522,1,0.1979504008826189,0.15655996524932506,0,0.07881681230824628,0.0531126478884234,0,3.240687145618959,0.7537650555844544,1,0.010539481326055762,0.026515641809982688,0,0.01318277003041685,0.012836897844936085,0,2.347315608683592,0.6688521961964969,1,0.0623829224622494,0.03608112518693958,0,0.058790154197719977,0.049367780638145085,0,1.2784839910331045,0.2897478234776058,1,0.04350918366913167,0.05700338279970418,0,0.03208838297829074,0.04354925487110848,0,3.191822326976896,0.4143876562370228,1,0.014751728502199177,0.04290002451601644,0,-0.008896522790974628,0.02051947742887662,0,1.685468237930629,0.5409934449810859,1,0.061018359424880896,0.052445253771698744,0,0.09892228172119213,0.09067245267623383,0,2.080162660538548,0.3700795539883621,1,0.04628862461499832,0.08232896993972058,0,-0.005161847190725338,0.0070900047858415685,0,1.7418205058149774,0.21252045698317262,1,0.023728424437096586,0.02723471198665873,0,0.034861151379477096,0.01533871434330803,0
125,500,0.9,lasso,0.947004912373093,0.004028086218480944,0.0,0.0,0,0.11034428105308955,0.07787485969718996,1,0.0,0.0,0,0.30352082313493667,0.5372576779186566,0,1.7312613799119412,0.4731688462290363,1,0.7304185056075905,0.5993810975315942,0,0.0,0.0,0,3.2744558339500913,0.7850944840743423,1,0.0,0.0,0,0.0,0.0,0,0.44726131718491846,0.23141812495648875,1,1.1621202078600152,0.7137425488820699,0,0.022632460772034263,0.045264921544068526,0,4.765946479571569,2.1497633179717037,1,1.7886101903324907,1.0306566882249215,0,0.0,0.0,0,1.1000818609774565,0.44268128565803255,1,0.0,0.0,0,0.09078954977202472,0.17717900238062229,0,0.14229949098917985,0.2845989819783597,1,3.1178940749425603,1.3132684809676534,0,0.20931997516712744,0.4186399503342549,0,2.5586919095863467,0.3886647009133856,1,0.056395671051509444,0.1127913421030189,0,0.0,0.0,0,0.41676188832209976,0.1938537683717161,1,1.3575300446327134,0.43884325932640905,0,0.07132962550008312,0.1338928830385946,0,3.2375066677143542,0.6559044824154833,1,1.1829017386032379,0.31073747658191253,0,0.3093414195856875,0.15292999706828847,0,0.20090139230888998,0.16956821238118508,1,0.3455062932373537,0.3095812721732461,0,1.490200814010289,0.5719694975252817,0,3.4368081721038264,1.0874483378699582,1,0.0,0.0,0,0.15217864603929782,0.30435729207859563,0,0.774615044656228,0.3302402661729959,1,0.18818569896773568,0.22264434206826708,0,0.0,0.0,0,2.272551076492899,0.9197611819544664,1,0.15439061891865125,0.11311245229735906,0,0.0,0.0,0,3.754785995058195,0.3823310780654155,1,0.0,0.0,0,0.0,0.0,0,1.155650759548458,0.6412757030393177,1,1.2793642811908434,0.9904625318462122,0,0.0,0.0,0,3.522508781982186,0.3360644631851516,1,0.0032585349181376557,0.0065170698362753115,0,0.0,0.0,0,4.760163768908209,0.7309101162056961,1,0.0,0.0,0,0.0,0.0,0,0.35893582575858274,0.21775587807441812,1,0.8076012570093166,0.7907712138773416,0,0.7767538276952106,1.2412993289364826,0,4.138076856604209,1.4345499887763566,1,0.01026215718743736,0.02052431437487472,0,0.0,0.0,0,2.553909090143697,0.9491762960258116,1,0.04630090762650914,0.09260181525301828,0,2.1936294460377814,1.0907163999329306,0,0.3838550237707098,0.4438264772210133,1,0.0,0.0,0,1.0909257435936133,0.8371003084976225,0,0.9531278966486306,0.34361940819364134,1,0.0,0.0,0,0.0,0.0,0,3.7984595145869617,0.5591035733749012,1,0.3110711621252312,0.39174605611051455,0,0.050898566343931174,0.061451385948210986,0,3.045478983298058,1.287394067177436,1,0.0,0.0,0,0.5295680657191922,0.5891482947500456,0,2.003398141683374,0.3274976628923389,1,0.0,0.0,0,0.0,0.0,0,2.3752759647771406,0.8202778647723981,1,1.4548043145998295,0.3457295473318048,0,0.0,0.0,0,2.4685314978299657,0.7164110113454225,1,0.0033517932235476305,0.006703586447095261,0,0.041006404379374445,0.08201280875874889,0,1.3046909145540606,0.6906486974514037,1,0.0,0.0,0,0.0,0.0,0,5.705571024267828,1.1394613231209185,1,0.0,0.0,0,0.0,0.0,0,1.1292114475128696,0.43703059821017,1,0.0,0.0,0,0.0,0.0,0,3.410738296426598,0.7789909804750061,1,0.0,0.0,0,0.31335157668912217,0.4611584380997281,0,0.6414588973850932,0.3677477664781937,1,0.0,0.0,0,0.0,0.0,0
125,500,0.9,dt,0.359091831899412,0.0641712551272723,0.24257929589095148,0.5081869355388233,0,1.441181127696186,3.0549350560221273,1,1.0326645644903762,1.225010611873122,0,-0.48172631775324215,0.9114135925884498,0,1.6923692422743186,4.481571799824857,1,-0.22931294613259023,5.04329280551459,0,1.5716550084989716,2.343942472574768,0,-0.3197948671348754,0.42959442863310443,1,1.209029105427808,2.176094324682277,0,-1.1690661309833466,2.983307643712746,0,1.3325581122113035,2.673638816810417,1,1.504036068773106,1.9227569007362046,0,2.291172889494304,3.722552510974464,0,1.5352808058156857,2.3393445214520017,1,0.6310040735255121,0.7508374075751417,0,2.289907175213245,2.257926446379191,0,-0.14693431615949307,0.45872915859665575,1,1.7500634625559832,2.3227349884559993,0,3.504667704300611,3.297786618293308,0,-0.1844027625044911,0.5190002111286558,1,-0.19835343878928136,0.3626648499485711,0,0.13139603130562694,0.09797826194624,0,0.7282005553580937,2.410491196342127,1,0.38177827000376374,0.827527840849879,0,2.292680684528186,4.474587598905754,0,2.202328723715572,3.182727951866709,1,0.22685864504203668,1.242568660159361,0,0.08541027147286642,1.3241339690516243,0,-0.1284150307501415,3.09892501231001,1,1.7867701584761675,4.80147235473133,0,0.39886426781845724,0.648571714282036,0,2.0340146668417263,2.437114819473837,1,2.1226806556934634,2.456838390918205,0,-0.09884304281617258,2.1451522046444156,0,0.6752969556139712,1.140227087674113,1,-0.3792918945900118,1.2822315919495468,0,0.021475894080509712,0.09082635257925382,0,1.8107737530161567,1.57122232461764,1,0.9737794711942607,1.735915461640371,0,0.37749699961345795,0.9753901709062722,0,0.02169521719151688,0.9251188541641263,1,2.8618130339398675,3.0561872506822594,0,1.0843797578014878,0.788974056851364,0,-0.7514734627098592,0.6301138971432665,1,-0.24542333427288812,1.9492007209897788,0,-0.2927730262890583,0.7938904568312365,0,0.0014230128190926062,0.19109095873626783,1,0.7600758786153399,1.5479952679975055,0,23.4043471011955,15.450458896051524,0,8.214859653241431,13.323218824593825,1,0.7913148263222812,0.7891537754056885,0,2.075673001522938,2.5207580942502603,0,0.9311306918505065,0.6680813410262905,1,0.3194293957902018,0.2378122080500269,0,-0.09033019489680334,0.11951222858586662,0,1.7005646363500369,2.0415922880856274,1,1.310942345813256,4.3841540246951975,0,0.6461916059145861,1.7273719451775407,0,3.7556148092363606,5.442301557443432,1,-0.17290795780448542,1.445881344179422,0,0.03143042099035522,1.2542545943412182,0,0.9050802166816595,1.8602912679706594,1,0.9566445678422486,1.617310541210602,0,1.9855379101150004,3.594154066619496,0,-0.24178663752353247,0.8785312278678373,1,-1.56731953976613,3.5102665026588853,0,2.7700809770290435,3.1360754845342385,0,0.5667083800088349,0.8499522216371678,1,0.07388154885850125,0.3109622131791745,0,4.853322500188772,7.6631574501209245,0,-0.1500525943806688,0.8036885802359832,1,0.4058849156606419,0.4780832331605676,0,-1.0675914374232847,2.2891696905833365,0,-1.547645566174681,2.7139887958844318,1,0.9404870035679354,1.555933587074275,0,3.078733526697831,7.247970405112739,0,0.22139245498212637,0.4804285444940877,1,3.367163467851775,4.046448024306961,0,2.326253461735045,3.3151410921416415,0,1.921359257712367,3.552875600754624,1,12.435463222851478,9.665987666639026,0,1.5197383358362953,3.775803807155006,0,2.1768813192066028,1.3718170403649512,1,0.14361458180619163,0.5609059831935799,0,2.185345510518368,3.074843255860169,0,1.2043045676425943,2.908790416673222,1,0.0008183958492957888,0.23698956455345624,0,0.33225923341392927,1.125147703296812,0,3.3446521749217077,3.3542156519924604,1,-1.4133368568437283,2.512711508025922,0,0.2824161064759052,0.6736573677729346,0,1.000401325977314,1.6025815070507767,1,-0.4179975488063571,0.5371805176096774,0,1.1522806344628673,2.145435595171959,0,0.6262640419729366,0.9873973199243633,1,0.467230440824316,0.8861153040616572,0,1.931216089607603,3.246281801666808,0,0.033063625108665236,0.2584727251385674,1,0.010117135851970549,0.41370072167438443,0,1.2552002100505173,1.7367616742920147,0
125,500,0.9,rf,0.7941726734437848,0.026723130928282195,0.06841498898609465,0.06731410495282401,0,0.3421307708702125,0.12022627866603074,1,0.20916377882736126,0.148103386320778,0,0.3520449719468388,0.18062217529943453,0,0.6222139302291536,0.24523583205480312,1,0.6702190896170833,0.3105455234115909,0,0.5224106426745706,0.24079421302768014,0,0.63083169285936,0.13812536596806507,1,0.4297932360095985,0.2603025106579314,0,0.41870925313477897,0.1980904373282379,0,0.6455265258326282,0.10922942842089953,1,0.9379850325554007,0.22145558414638755,0,1.9302807328558285,0.5087404799792219,0,2.3089707309480283,0.6373744052567586,1,1.9638259414662638,1.2000556449330724,0,0.5922577190780769,0.30664075906577803,0,0.8554360988887926,0.3113487544420236,1,0.8661932871035299,0.1803834962508992,0,1.610052003560972,0.7803039839632796,0,0.6073907726414042,0.26071997858954615,1,2.2216816903994796,0.6781566320817136,0,1.0088101529743567,0.42786446672706663,0,1.0048972628231136,0.3496592451900349,1,0.5129844776434127,0.11573178805282178,0,0.49425859454130966,0.1692943071304384,0,0.9685868404037048,0.5990406364305122,1,2.056925146895961,0.5798043069603125,0,1.1397931637239938,0.34467163318164395,0,0.7861347948393016,0.2624938810392172,1,0.9466535153415121,0.24381416210137502,0,0.8006695075055565,0.24813036829424773,0,0.8702476174311944,0.18489002568817575,1,0.7135180331493729,0.23877159939469544,0,1.2260598617455354,0.3871737654527265,0,1.120099939207283,0.2246145576342398,1,0.5940766127702594,0.23755280095413991,0,0.5000075826646491,0.16681995278363312,0,0.659623891035573,0.2598483084773585,1,0.3976523222760736,0.18113716314956405,0,0.29407059708246597,0.2289863529121503,0,0.7896695128824001,0.24415059319889157,1,0.30850103953529495,0.12089692433635339,0,0.34167152609862955,0.2058805701937927,0,0.7370725787062582,0.3346019213147648,1,0.5611412857649996,0.14706133721403547,0,0.4842063916493595,0.17465535854151526,0,0.4393188452593358,0.12296790808617133,1,0.41141621033470405,0.33948843685691044,0,13.518314965564565,4.414051404197854,0,1.7266016942086686,0.9658192075151081,1,0.41998080416065237,0.18576317406917872,0,0.7094313278529181,0.29566613860567575,0,1.7935442102402508,0.18401953849261296,1,1.2388627058553543,0.7250350441236685,0,0.36289695455399046,0.12628035814340582,0,0.7930625274362763,0.30293949831596306,1,0.8582803217021491,0.36143714740661337,0,0.6272260874663662,0.22525038881126763,0,1.836161627161384,0.5926547906722098,1,0.9973492530889974,0.15345204208509952,0,0.9346691600206938,0.14271428334829553,0,0.780230124679375,0.4756515432465446,1,0.8372374185294799,0.536078968293385,0,1.6680801782267891,1.1208365191962266,0,0.45202753803644036,0.2960989226504614,1,0.41409709937710587,0.3456787169946696,0,0.5206594305107592,0.4183010770401429,0,0.24746437571790078,0.14220681111935826,1,0.45535275895265803,0.2562026664981039,0,0.3979101479599737,0.28998362099655317,0,0.7707394897686797,0.346443857782892,1,0.9457861948816992,0.27104313234754507,0,0.5398455423214552,0.30623635001060356,0,1.3042158905458998,0.9737627830918172,1,0.7537276763511249,0.4071124544864943,0,1.5354395957701912,0.49796252056234147,0,1.4735428693002939,0.6213353540519198,1,2.0023049592265516,0.5983878583177219,0,0.5708932892838485,0.276702978073143,0,1.4776274400557994,0.8156547689790121,1,1.4959618007499762,0.9669837889558481,0,0.43946825628267294,0.2382437896524709,0,0.7467891390554314,0.4888910950497119,1,0.8373169130605806,0.6733560187330255,0,0.5016403273612212,0.20466759769027706,0,0.5295957424553406,0.31844044984668846,1,0.49746259358109635,0.18319894169208262,0,0.4914426751014956,0.33865598761362137,0,1.0427285518884348,0.5785425088218169,1,0.9312836953996303,0.678225409476188,0,0.5192961596407675,0.2234281728747354,0,0.6894075252439278,0.3095090869506486,1,0.3078006293354042,0.26161043493577246,0,0.4310721176058901,0.2624966288613577,0,0.4963779682416227,0.1196047388155691,1,0.441915213837624,0.19863402411121953,0,0.3527541789334261,0.1934968054765277,0,0.2994173111456957,0.180628373522301,1,0.19336834630686256,0.08301340437853942,0,0.17352804172893793,0.060586872579618145,0
125,500,0.9,et,0.8250354596333949,0.02232543973947238,0.19367597537690923,0.10978005560002872,0,0.28294393706733995,0.12652952155481548,1,0.25231395797967393,0.1380053318059488,0,0.27658445541196613,0.11061547743784546,0,0.4905103999344561,0.24584054078156273,1,0.5313255098894507,0.19946320612862273,0,0.4183795004727292,0.20914644755261239,0,0.7274673294523363,0.2352072045482548,1,0.4681397534307575,0.1196918551668386,0,0.5839390659831591,0.07732396626480997,0,0.7311187111341775,0.29576281083477085,1,1.0194189740725383,0.18616731010697798,0,1.4437369590635418,0.7682090472839309,0,2.799940229108972,0.8811386563237719,1,2.0835965296160124,0.8304174179560575,0,0.612144057995923,0.2512306523710389,0,0.8354714145152092,0.10088979274648356,1,0.7211019288877892,0.21613751144090756,0,1.3432988313289678,0.3448231535587314,0,0.8724429230366908,0.16108505781351637,1,1.6297094349312675,0.11543141720945868,0,1.0231568359766197,0.4251103108949761,0,0.8196868999863163,0.34212852050642517,1,0.5650553696912668,0.17795541710755705,0,0.6263685522749911,0.25835640366223156,0,0.7937238628447837,0.1947912756689262,1,1.8700964302808187,0.7694881065670708,0,1.193243490898413,0.1749681272046835,0,1.1952480596995068,0.25521841563168374,1,1.5020363842480708,0.32489658404136024,0,0.8199110766093467,0.28937082279961235,0,0.83483865163234,0.08243768306990003,1,0.7818332861570194,0.3020978123923989,0,1.110074934930672,0.5518522926750131,0,0.8872006183642244,0.26791818060629424,1,0.4967809716776081,0.21639735228472487,0,0.6150432242072968,0.14556915986532162,0,0.5556355765967267,0.2141411289605934,1,0.35880685783148664,0.1191475282110407,0,0.24780266267578188,0.18450942440213208,0,0.866244394812254,0.2041512341655329,1,0.49796579387862083,0.1335657265037625,0,0.3468313854585414,0.10426544138468959,0,0.8991890595802271,0.18595265104003236,1,0.6313454750968153,0.24490547239613095,0,0.7646022064660183,0.5925892678611692,0,0.477667379323041,0.07188130241626135,1,1.3106074001493562,0.4588916268183126,0,2.933044481544373,0.9637897245459801,0,2.7286786001671857,0.324588733427688,1,1.0896025673303638,0.5484355683199579,0,1.2077284499131937,0.2538349116318978,0,1.4926976644530625,0.5058700284908061,1,1.9444884009910184,0.3140968826016022,0,0.46770931528667087,0.3251840354307696,0,1.055094190991404,0.4763905151713103,1,1.4219985013324339,0.46653477631437884,0,0.6817065910151896,0.2588155168707001,0,1.8367837305827017,0.3485591257050551,1,0.9903470218810059,0.23183010437621876,0,0.7957057684343077,0.48056817422088965,0,0.891821375667201,0.13383081249703327,1,1.0081305416803126,0.43032662491748913,0,1.4479412331977226,0.5325599035780325,0,0.6034643993892445,0.4257839657053268,1,0.5332471040944685,0.21703612561479996,0,0.4489679089830407,0.21421633344585378,0,0.5092623416047463,0.2647358031052645,1,0.5227787052552609,0.3206490917572499,0,0.4589020726719317,0.3657466775459909,0,0.8130749465068815,0.3357562932852146,1,0.9754892323445411,0.25047672388340964,0,0.693812412910938,0.34033698421272973,0,1.6396894747144526,1.1554012210973927,1,0.649480364062246,0.17171746130282967,0,2.3703434902041596,0.5307806770884441,0,1.4425494712623708,0.49806358582717886,1,1.461913892418913,0.5960013499315978,0,0.7022541744367077,0.3499772163056323,0,1.3310785458121548,0.40269996565225186,1,1.166910749570703,0.6094037497755939,0,0.6218452349519088,0.38864523738124324,0,0.7389175565320072,0.4314242670282388,1,0.7240107136929979,0.2327689352028558,0,0.16798284442794284,0.1660794719371437,0,0.8655540875874781,0.5982109057323597,1,0.6121725374185661,0.2950104410182871,0,0.7418999010571188,0.22723554443144722,0,1.2345488812323195,0.474474251898272,1,0.7830141126454849,0.42488098792281853,0,0.4947756789060909,0.2671441786121666,0,0.720175108280043,0.26922794118251797,1,0.5119497868279523,0.16311309006533894,0,0.45346102465052135,0.14963176846271267,0,0.40787653201121177,0.11158135732424346,1,0.39837009013492175,0.11930074277454304,0,0.31762035611672157,0.11059889492664608,0,0.38654131601898534,0.13827097981154543,1,0.2990454778075278,0.10173766324527175,0,0.17297350563574007,0.04283917222875594,0
125,500,0.9,gb,0.855587285284621,0.024600526102724566,0.12300284960696448,0.1000371985180614,0,0.3287562706212491,0.19811444084252314,1,0.16677891647055135,0.14730542025424012,0,0.0971583588704715,0.10343816016662134,0,0.8150876461505728,0.36079881103085526,1,1.602839451248363,1.5541588811767935,0,0.25852074854280055,0.19876597942743762,0,1.1815672279032632,0.7124826452359581,1,0.29995414689186645,0.21745537254298108,0,0.2703180055114126,0.20459326247935056,0,0.6173230959065721,0.5067911343014381,1,0.8944353464191849,1.0666991197136964,0,3.122216814688787,1.6464795254270321,0,2.8712141560388824,1.326681491903729,1,1.730030260627273,1.365334472438337,0,0.0976583337493185,0.12380640732162387,0,0.41972014641155775,0.3047552419485889,1,0.27015974495328404,0.2637619110293125,0,1.5268033374318883,1.080004732737786,0,0.3880047667578287,0.36568643285499713,1,1.5289662243679387,0.7920252622830222,0,0.6900579264616995,0.6110593071206757,0,0.9937542324312675,0.7886922669638702,1,0.16023136158535292,0.16475565511332244,0,0.5929020265464725,0.5224387661799091,0,0.6150579067302766,0.3983814091416385,1,2.9610202091315836,1.2419981998182463,0,0.5402232090616799,0.4085627986210925,0,0.5040656247166023,0.39640081473403843,1,0.9039123627983274,0.4970420474011805,0,0.7874259573067832,0.7482686445961282,0,1.347706214664441,0.8016031010916765,1,0.48808973192189287,0.43491859950443956,0,1.6744806987669716,0.4792514627986968,0,1.332136590804142,0.7975551139345131,1,0.3287749621640098,0.3668460643954231,0,0.22704448458282966,0.28805237254739524,0,0.5070849140740981,0.4811540857468127,1,0.22689757995930152,0.16655204733754245,0,0.27673351414135994,0.2735236717104925,0,1.4790469591110837,0.8149917861178109,1,1.0038856262067186,0.5502201204831382,0,0.095629319374545,0.15080780072431746,0,1.3809920637099404,0.6488808500274045,1,0.08198562281356184,0.3297781617943841,0,0.3027136411516606,0.436987668716958,0,0.18555973267449527,0.15769057054659102,1,0.35288710095849696,0.36122155529806066,0,6.593487259225779,2.9473143939316553,0,1.2947953451983758,1.1998852722742301,1,0.1085268188320107,0.08613104354974958,0,0.28919891772745465,0.36968878939666544,0,3.120279291265157,1.615691262989767,1,1.0938309911831656,1.6384089888259166,0,0.023461203253550708,0.03249890039537668,0,0.9279942849511394,0.3158323203764663,1,1.4672346614601621,1.02149431024184,0,0.4559368095672715,0.32804348177980963,0,2.403325169821945,0.8947612573508525,1,0.15359159569745615,0.19087499094700272,0,1.5322451563882722,0.3607764449700341,0,0.8226986316218131,0.4746372368998277,1,0.3098530118647047,0.264544311810174,0,1.8543354320614909,0.8448109737596364,0,0.4254312340289104,0.18541966456009282,1,0.20628383584269933,0.3422803239634539,0,0.7527025189770693,0.7688473929884877,0,0.4118910202951798,0.4020185235731889,1,0.37247623998141133,0.3374007757422471,0,0.3791855592218133,0.11891450617352295,0,1.1633546731708115,0.640299827066924,1,0.9640491255523443,0.5915132761199866,0,0.6944713107344727,0.4306235664905036,0,0.7275335414525465,0.45384850501458646,1,0.1846045630184286,0.15696955409051613,0,1.1473249169434694,0.4926734920404791,0,0.7959313583023759,0.34110739626490066,1,1.5425454758900694,0.6953699714675919,0,0.260935839593032,0.4577719510074936,0,1.736996495533314,0.6331063126697526,1,1.9373517019619815,1.160466056162423,0,0.09927885491159323,0.13167137643070106,0,0.9021443507777335,1.2613493642666194,1,1.0893992634008463,1.0848731828388012,0,0.18232389507781707,0.15504349393587868,0,0.6060448039001276,0.35777445768262056,1,0.3626188144497065,0.24640459682055366,0,0.5193563752291159,0.30696145955362975,0,3.1593273292523536,0.6162201323119266,1,0.4303392481299144,0.45245249651342817,0,0.2802243495300914,0.3528400474774858,0,0.9356164640765716,0.41627073230470263,1,0.01782373205384319,0.0531782790274948,0,0.39425316430147905,0.3403629516512835,0,0.7787455682152633,0.649415946789421,1,0.8716948986136274,0.11342081266351739,0,0.09863752844091903,0.13963016765706135,0,0.43086639424091483,0.13568056438192086,1,0.09598878905736778,0.06354535243259743,0,0.2504905789685814,0.2719402906983505,0
125,500,0.9,hgb,0.8529813163956911,0.02020501046882348,0.04726937244612257,0.0969960495212251,0,0.3828046026013616,0.14380475751997243,1,0.23251983865244208,0.25193957790104576,0,0.19227591620001655,0.14653817492673873,0,0.854259522133981,0.411049164831636,1,1.3603612352050334,0.9614185883170804,0,0.35900795587030393,0.3425653157768104,0,1.21841170647357,0.5977307407373449,1,0.42610166564413987,0.47793059382037445,0,0.6695103867451542,0.16101216869327262,0,0.5110975075782602,0.19560180481027187,1,0.5337509238099606,0.5481856275957115,0,1.5773552127912218,1.1761724685759531,0,2.8012359830583478,0.926341516235986,1,1.0022433837417484,0.7596537874674317,0,0.3018720399323265,0.3250538132888279,0,0.770735836768612,0.600348141735469,1,0.3707225353244136,0.2060304037850176,0,1.8236101896626806,1.8570627377150464,0,0.3368530272895228,0.17547896949745811,1,2.036417333532368,0.8103337954938836,0,0.805972230105717,0.36878980397234373,0,0.8013489761866331,0.45941141136691155,1,0.25059224889958437,0.18021176907489742,0,0.4158114753294916,0.4464925586064338,0,0.9315688211211782,0.7181672311084213,1,2.0444055094103613,0.9274572611540157,0,0.7134811218325477,0.5524717548429959,0,0.597677997042892,0.29967908495828277,1,1.0907130854141838,0.5055018954922834,0,0.5049212317269114,0.38129135799748193,0,1.350378885606347,0.44924912919546073,1,0.5868702396820275,0.3388536008952509,0,1.8982327167035553,0.3196206493040898,0,0.7878140445690791,0.5858724967196268,1,0.3975809015284162,0.1696118901471862,0,0.3577630431481376,0.39367160291076975,0,0.7431350476533766,0.45216226841749396,1,0.5778804043167708,0.2379155850647296,0,0.24979365875625986,0.3083577990329328,0,1.168770062127713,0.7678469103160742,1,0.2370381434157156,0.09333221936698988,0,0.3298991701216034,0.2963960542955095,0,1.301113578109779,0.8476385462375611,1,0.40958140128066056,0.23728626531534175,0,0.3340566807734952,0.4515321886591645,0,0.23118605551072938,0.13225586142170348,1,0.19216089158107985,0.18824905901434458,0,7.318140892604181,4.147511865392576,0,1.2126999827508897,1.697508498702695,1,0.34246187324388283,0.33784700812393775,0,0.22284287486668183,0.4201182089359692,0,3.150331755631424,1.8737423921458283,1,1.865589626588168,2.308725368932647,0,0.02719497663230011,0.028835745245372003,0,0.843922225897795,0.8632101062041091,1,1.0400408299654413,0.7763378511743992,0,0.24443541465445,0.18547248085985116,0,2.464573367034952,0.43845166099638605,1,0.3239918150831945,0.4323639872532747,0,0.9011881459910602,0.44266210077746804,0,1.2585916566120656,0.8998027358901041,1,0.6092054355607239,0.19951315938232267,0,1.5912337957874305,0.7411168332759211,0,0.48216821739022453,0.42477045730764373,1,0.39417736036842305,0.2420627892987199,0,0.9790992376495916,0.48786941751837576,0,0.41541896030812736,0.4480314091003829,1,0.4107491644228622,0.1735817327826703,0,0.3614794638014589,0.2441304476779579,0,1.108343015770263,0.6146764512553804,1,0.9717023642812566,0.6617561358222989,0,0.5440503306815093,0.5415984877828732,0,0.7814064959091842,0.6645032379648763,1,0.23091118741558508,0.3084922407210778,0,1.2276773904847962,0.6466215172816465,0,0.898058393835575,0.5215595770779533,1,1.0024337143928004,1.1034874273262596,0,0.807716481772656,1.0379958939864384,0,2.0923697765035087,0.4688148177733754,1,1.6795207211243688,1.3464847984709774,0,0.024587024929600815,0.1057818490153875,0,1.0966048383139975,0.7724865426980202,1,0.5484080618679826,0.5880387101658264,0,0.31000074226030694,0.2991891957525123,0,0.838788126055159,0.8576661643410686,1,0.3178529602773258,0.30520141403606155,0,0.8406854294916482,0.48165653163292543,0,1.8844197971122738,1.0941804613459092,1,0.5507723324833507,0.3359071377347388,0,0.300666124072544,0.2385383325367571,0,1.2732133613983994,0.812956272694902,1,0.12194080032924681,0.10470564696058907,0,0.650058151202749,0.41364650441749634,0,0.7668288368238783,0.18976064982094573,1,0.6236927450956674,0.27785208693791535,0,0.36508986660371157,0.3284015091893692,0,0.27875610075378243,0.31278854465597844,1,0.15408715729301953,0.16988520351036954,0,0.0589912019571401,0.05819783654666339,0
125,500,0.9,ab,0.7263777563173164,0.023631073693661412,-0.0006517367137754776,0.016453506015057656,0,0.05057660254512578,0.1418386973557763,1,-0.051645197315827174,0.10322110287834754,0,0.16005739698864824,0.24444681326588524,0,1.024281346407323,0.7043623810681414,1,0.48630338715589316,0.6256080415027081,0,0.2493248182604324,0.2789859009574042,0,0.3049414751260417,0.37510568971666464,1,0.048998591371355565,0.08123555500224428,0,0.3977468197680403,0.3428607120374634,0,0.6734324431688412,0.5988016416445526,1,1.343347870007076,0.9177427770084626,0,1.1421271014990881,1.17253261700834,0,3.9930463533994702,1.7243674859232316,1,2.110683123054078,1.3719974458881024,0,0.9675469085189251,0.4842670468577754,0,0.7839575009348023,0.43431382886156283,1,0.3754439268242724,0.3694992292140683,0,1.803536245279228,1.1758741585064572,0,0.6755216015159441,0.4593611589880783,1,0.3538912463042423,0.9787582368795215,0,2.4135317448720532,0.9328022274545071,0,0.5269281099138393,0.5446576553871656,1,0.9315530037953712,1.391120524659249,0,0.6582445718040307,0.7664701904014447,0,0.39384895658193264,0.3703910646784383,1,2.7622705732695416,1.093333302837029,0,1.5740445035274557,0.8691483773117851,0,1.5391270197645779,0.5598170366548827,1,0.9989599631987467,0.6811542896168999,0,0.5362897340717565,0.424825042510528,0,1.752421882744296,0.8722244512139954,1,1.0652059440353998,0.5047309263508317,0,2.678366492133205,1.5440640020990775,0,1.1642541846650052,0.7030531692644183,1,0.12566498375512725,0.2513299675102545,0,0.2164250364555687,0.20877372821337364,0,0.0804653091060519,0.14359721096982286,1,-0.034086581191397104,0.06817316238279421,0,0.1847904909553359,0.19966556130979146,0,1.4625587435890697,0.919084590766908,1,0.20470630357917666,0.34992792671486284,0,0.2263298221469246,0.21068833093090697,0,1.3229435185471312,0.6038104602580209,1,0.4945560250654674,0.6601906038838515,0,0.6267287292238343,0.4250937849286062,0,0.7625901373378376,0.5102804885998687,1,0.12620252892469758,0.32159329442459866,0,5.407305540643087,2.007321660289264,0,2.7684034559494166,1.7562734141538692,1,1.0469098026679973,1.0522862154882617,0,0.6069020419594064,0.39402070010623397,0,2.74594669232455,0.9158565958027522,1,1.9860989642217004,0.9169627483132547,0,0.3301657521568054,0.8251771629698313,0,1.4709603919189853,0.734902208096845,1,1.0262058048790559,0.2774377295881954,0,1.470559396808118,0.8067109234795748,0,1.4849008578866787,0.5580965658475622,1,0.2928206666393115,0.3442051838946779,0,1.6539259352712015,1.0897040363839077,0,1.5467564044512188,0.8411547333697893,1,0.4015532059603829,0.5654980068296698,0,1.2202453695506041,1.1449170212203854,0,0.07916718851507497,0.3580267983645918,1,0.20546115843072674,0.3315113868038961,0,0.8029475218731872,0.5245365497986111,0,0.3108598969788447,0.4584084803924666,1,0.18803579894471895,0.2643453740829547,0,0.2472231958126589,0.30278534243289207,0,2.563210338423353,1.2994377067634852,1,2.297930933150971,1.177293628306541,0,0.6384284263931915,0.7476591635748511,0,1.4642578313994226,0.45572041236611893,1,1.0026951504418762,0.5125426924518407,0,0.9280742798663297,0.8230350243644338,0,1.6703453636418477,1.4293862989104096,1,1.874794311891976,0.5990542736694242,0,0.7971783602513052,0.7093521969435483,0,0.42825029827305006,0.6176892251527468,1,1.5715038221003164,0.5511854253948076,0,-0.009853252095762943,0.14338075181750334,0,0.5211748347039638,0.13897972882024318,1,2.1387579839345294,1.3570185687148895,0,0.5689030638936159,0.5107983478876421,0,0.8977949636574889,0.5481088443844975,1,0.4598955497279643,0.45386470560511877,0,0.4242174197767519,0.3775617769053078,0,4.3090242627068225,1.3055067437970285,1,1.3795673987036194,0.5715950395210451,0,0.6610178154764583,0.5768003564204663,0,0.222593903302494,0.38374234708933297,1,0.2212185460989339,0.27045159012253644,0,0.18631308752271844,0.3504784784502765,0,0.48533921971021476,0.3256041373909524,1,0.4300487623005713,0.4520162379851269,0,0.2269003577510082,0.20171176478727584,0,0.1582959836920999,0.2977055027594533,1,0.0,0.0,0,-0.016447751858418513,0.0947680550512857,0
125,500,0.9,bag,0.7459120674017091,0.03684461769251951,0.01929163774840851,0.3953589092589984,0,0.30729642984994776,0.20624797756892718,1,0.10316486244506665,0.38703650583771376,0,0.9353905317365744,0.5720660758762264,0,0.5222215092304328,0.3736850263413991,1,0.3414156649551942,0.34930201351637336,0,0.413526864409471,0.7300230150797998,0,0.8314627884450996,0.25026472191124355,1,0.5965178930295337,0.6697800868563221,0,0.6741637806662865,0.499870396028086,0,0.534639112019435,0.5965777324351929,1,1.5133221710431182,0.9882556534029995,0,1.8378253131549624,1.2977577897779318,0,2.3402508878296184,1.2569451678762793,1,2.331041737389385,1.4071506165513397,0,1.6390949207457268,1.2140108303356847,0,1.0376812938010116,1.0273694122032098,1,0.6266831889694362,0.5352706248208218,0,1.0393705978524375,0.6077245250259368,0,0.5549251772837609,0.46518042278775,1,2.1773705935753465,1.2944020816623856,0,1.1756620566690947,1.7552583306562892,0,1.7719510418804383,2.093278253349667,1,0.4709949800422118,0.5697932769002021,0,0.26361021203115886,0.516976996682661,0,0.4720641758813944,0.47067821372538765,1,1.4945805381018544,0.7988935630060592,0,2.044751920387899,1.001440271506103,0,0.6052240464906373,0.2827941505472484,1,0.6262470692453451,0.809152305889665,0,1.2502759915853998,0.6839497239273894,0,1.054844002445242,0.581675906781245,1,1.023666506655068,0.6582469423957328,0,1.3432646676708468,1.2833048725643281,0,1.7186826876321546,1.2091869298654607,1,0.422584418943637,0.2652014075242504,0,0.1494273455248136,0.3466961895696695,0,1.3745521204454294,0.9128427028127345,1,0.22043170313610375,0.5772097437425977,0,0.23228001862015182,0.23978642642111786,0,0.5497453124951954,0.4929585719337735,1,0.2050143778137401,0.43640892730949393,0,0.46180189478102635,0.8187611583735173,0,0.30620046652320293,0.3155303176943168,1,0.20922271796477454,0.3584662821221711,0,1.0105233513507996,0.2671482869849434,0,0.1763755236144005,0.29499417868430855,1,0.4851368492596073,0.7632854099067876,0,14.55259285189087,6.177595836783446,0,0.7349401744478776,1.373132200668132,1,0.9467800759170583,0.4871940658144137,0,0.3620150840631623,0.4840718430351844,0,1.1353664478266516,0.9084166285709427,1,1.9330337129363877,1.70841362952174,0,0.8766522467838784,0.6645929268870521,0,1.1969628008145026,0.3882618121865355,1,0.5144002683729558,0.5416949239468944,0,0.13731514324806776,0.1684095726597473,0,2.4186791263744807,1.3410042106694648,1,1.024798671434276,0.6223126953199853,0,1.059640240276209,0.3481354766027908,0,1.2047978176866714,0.8127726437378746,1,0.8998745493130065,0.35847726351479586,0,1.4691077880580374,1.2112528033816954,0,0.24834408050370285,0.34436045433332635,1,0.24064290698797638,0.29369791433244435,0,0.0274075875198186,0.14617642994825647,0,0.2869005746324377,0.25656420866486834,1,0.18266533249448214,0.10214231944281567,0,0.24248099472373533,0.6478551334185904,0,0.6374701962211169,0.8939335966530583,1,1.360879852236339,0.6561883655681149,0,1.0024607447248681,1.6435474381273025,0,2.8319981992440124,1.909229964741672,1,1.1622984557946032,1.2283314337893942,0,1.1208863333673968,1.1229207520080773,0,1.7788181914399033,1.762095899891483,1,1.2962477423648813,0.8729569094932688,0,0.4206598287595851,0.5679913265352546,0,1.4650187581307113,1.4058497137501227,1,1.944475053046088,2.7291833036200086,0,0.10924325019498156,0.26881773846621054,0,1.129404146837651,1.1309895259538079,1,1.1655244937727738,0.7968858911653892,0,0.4479022029217125,0.7414113128402042,0,0.6187954570598999,0.9270583302414115,1,0.48127293112631336,0.25512084097469995,0,0.2873689186322298,0.4933752134895501,0,0.8447146931101551,0.6956547647613005,1,1.344749230210399,1.411093240473443,0,0.582936948805136,0.3391407735611316,0,0.5842509129080061,0.8610420195771527,1,0.23744990629170512,0.3264942975969881,0,0.40797429869305735,0.4592142072390124,0,0.9835773906616285,0.7727381452878919,1,0.194920816590354,0.49717192486652195,0,0.652506190323726,0.6902553380516246,0,0.4039306580054083,0.5344016724697906,1,0.48888006304013754,0.4354502064916925,0,0.2914776476935672,0.10336894096938976,0
125,500,0.9,mlp,0.9892948816815288,0.0016774319017281672,-0.018257441206323978,0.04845727533165718,0,1.6525277156246887,0.42858884824513815,1,0.06233180466221548,0.08286185692599432,0,0.05433098343172275,0.10985593248089373,0,0.9407447532824014,0.37401474993222,1,0.16682091147827502,0.13079234518851918,0,-0.008677911113057254,0.030233912775244898,0,1.9183652915735767,0.3342448302125887,1,0.03198599233487498,0.08367037992324276,0,0.030435163551200507,0.03795566787163491,0,1.1429531494172034,0.293501784618712,1,0.18963209769113204,0.12810852434937325,0,0.22982660582529593,0.15403766591132023,0,0.3552498097417048,0.15602221132183622,1,0.2555782226756976,0.058854758749439,0,0.043235964427126114,0.057708672105333904,0,0.9134087763857801,0.3277943303669415,1,0.04829945081290751,0.035956516922716404,0,0.036649299298575244,0.051088522198052405,0,1.1101174179458815,0.16557095552850334,1,0.12071794305836352,0.05644437215921216,0,0.09444285335111657,0.11658585555365543,0,0.753069485512712,0.20379142047840038,1,0.07842291209893212,0.12758419836120352,0,0.06854632557641012,0.05419731873338905,0,0.9596939105991729,0.276036226777492,1,0.060914540920283144,0.027842927385468702,0,0.12308298968379969,0.07985185874356492,0,1.3968078596603348,0.1036533433668731,1,0.11553330335855216,0.04093549823351886,0,0.06034484567660521,0.0456924697351096,0,0.42564073323441665,0.11512304152945367,1,0.11306337304951493,0.09283309056449501,0,0.12051321068499776,0.03454629429856693,0,1.4869675825793358,0.2868707737862582,1,0.13175311783967777,0.0635007348909413,0,0.051431418109420944,0.0630233620211517,0,0.9119048501190707,0.10279923643020307,1,0.17443257594752243,0.10538524294115476,0,0.054361217712315266,0.06306719583117744,0,1.244596425967287,0.12737718016292388,1,0.08985727306721707,0.04957718575306255,0,0.1950268278036953,0.07253446632296659,0,2.031175253722135,0.3122086294541473,1,0.047348422826988104,0.03481828660455924,0,0.0730275400577186,0.0833927745534929,0,1.3526475601199772,0.3087247773250466,1,0.030144789721607834,0.05622747707961075,0,0.06397095736035394,0.037148868154445035,0,0.9911598518515279,0.26545120374435116,1,0.048137091640302464,0.029356137429509262,0,0.06345059008965384,0.11540494102095837,0,0.9082598704249003,0.32378384937882015,1,0.10674229810681117,0.0798822959206352,0,0.028037115982236006,0.0508542182876481,0,0.873828562011882,0.21125593818260088,1,0.052891700457062006,0.03421297551012518,0,0.37944334975536365,0.2684472595464011,0,0.9789492683837876,0.30989464565541147,1,0.02509486543167134,0.024431227652165394,0,0.16322449909870987,0.13869116715459098,0,0.9615904202434221,0.4350671361948188,1,0.010965922281455178,0.049746016882346276,0,0.15270689515489438,0.06390937612726644,0,1.082378469829387,0.4579160179150793,1,0.11546913440565312,0.02667236941668898,0,0.10553540308483642,0.059730022101794414,0,1.2628397136546066,0.27266327370283494,1,0.050108652122221486,0.02882695759035612,0,-0.018460003974401968,0.024612522419816655,0,1.5162146039750106,0.12030953689564142,1,0.05132827052438057,0.04869462757662236,0,0.4768681631213644,0.3495850636299112,0,1.2046049615091565,0.16835762548748873,1,0.019601078971788567,0.04886288204019997,0,0.14998510084822408,0.17143960767804642,0,0.8911431135089867,0.1733524968493555,1,0.07553374959855078,0.04205933308018566,0,0.01939703464597736,0.038106738779619856,0,2.0063689476804587,0.7329932948388467,1,0.02794729481514573,0.06600918830402237,0,0.038347850004997026,0.044445256369280164,0,1.395069442299961,0.47620618824524763,1,0.036577639716257875,0.08033645664616418,0,0.17020816785588735,0.16591655610335054,0,0.7534439111976354,0.3571467085985012,1,0.07148572629863484,0.09377674609322756,0,0.02650934518245518,0.025654517082851252,0,1.131656595615372,0.18970591948300797,1,0.023198549325644365,0.04598648476796949,0,0.17968193143217642,0.05823533476191476,0,0.7267248860029707,0.30405719191289704,1,0.02015997126544431,0.06447745602041627,0,0.227303689832718,0.12393664977671096,0,1.1512033567548796,0.18675105442524778,1,0.07531468385358014,0.06949741232399509,0,0.02401963618450493,0.030504349730311832,0,1.004585058044961,0.22304972932064815,1,0.11727524436103365,0.06134081176390261,0,0.10773573532892174,0.0889305492598192,0
125,500,0.9,svr,0.7908527346549354,0.05212268798795588,0.27167107069537455,0.17225787135033682,0,0.4764915061023949,0.14470185075299888,1,0.40716710742322537,0.16043979844005227,0,0.5494491809346208,0.18273041253876351,0,0.7624153549444712,0.10817254786315474,1,0.752746584805071,0.10131482569383797,0,0.5361161612801894,0.18455981216596345,0,0.7573682045593303,0.18809244864186436,1,0.5680156735016604,0.2012541084373224,0,0.6236532305240317,0.17632308201811336,0,0.940705474431738,0.14265156406843496,1,0.9414032374214741,0.11931661512003804,0,0.9621760127270894,0.07930396261757366,0,1.1668725273054128,0.1434726635236186,1,1.0061359646563577,0.18016018699122685,0,0.8414767135888906,0.15625150556726897,0,0.8799998272972838,0.12298176626306082,1,0.7352631925480316,0.2010844613990611,0,0.7668081955995002,0.15496314778498677,0,0.9281790867031379,0.055882515772570564,1,1.0088649924301376,0.11723663587000445,0,0.8151115309637197,0.10793378532922895,0,0.9069094717756616,0.10074458039320788,1,0.7371494165306267,0.08709385535239188,0,0.7429110437423357,0.21170037059982832,0,0.8349258821388833,0.22596267526200448,1,0.819962351956077,0.10186670464933935,0,0.9732464698573582,0.1355467160258293,0,1.087797172209004,0.25471189792200305,1,1.0399075125575017,0.19693918442883301,0,0.9450978072591223,0.27747989470094725,0,0.8772406876037099,0.29548601777411676,1,0.851342874603722,0.29831086326495204,0,0.9483602840248485,0.2095627630794272,0,1.1376252210936255,0.22676818691563308,1,0.8645878674840052,0.1683536316147266,0,0.7669497311256305,0.21857253624759992,0,0.874535530823761,0.18607717184975067,1,0.907736383886663,0.14806495165023092,0,0.8508586130916337,0.1464629678506529,0,0.9136492579885156,0.21413431119454057,1,0.8102736704067194,0.22281150701821334,0,0.7820245932335981,0.16083766717324172,0,1.0693669539103832,0.18351715451174563,1,0.8733997604872779,0.07551288783220707,0,0.9385682542157096,0.15595525505896446,0,1.0532358667837447,0.23710415528521414,1,1.078610674999112,0.15370480176876275,0,0.9845454634756322,0.10103416444064274,0,1.1916342330934295,0.16921978723960293,1,1.0043565582570448,0.1772177761569575,0,0.9429653895335903,0.15136860243885047,0,1.0153808143445944,0.1265955379348081,1,0.7360152544156977,0.034521055153097405,0,0.78405900431935,0.09040730334488588,0,1.1521588951130997,0.1130751470637711,1,1.1471991995743145,0.11101125870704386,0,0.9628242002179277,0.17289022953282832,0,1.1157659540286309,0.19745862257780272,1,0.9039240181112094,0.17224092116503142,0,0.9731663071501211,0.22680587868667312,0,1.1782449291858084,0.31438896005243416,1,0.9235877831359313,0.2598118594141359,0,0.8637442133271092,0.2516833698408046,0,0.6160452064570208,0.16733249725440857,1,0.6528960496651706,0.11063676665379431,0,0.794916501970053,0.17262937009874504,0,0.7588399445567664,0.16879135873316953,1,0.6573510599111644,0.07422258069575415,0,0.7112508064161427,0.17803401396754692,0,0.8941996954542557,0.21032401755246882,1,0.7791647655566474,0.16234361289054564,0,0.8773284297622294,0.14701851211538713,0,0.9144671845474388,0.09000889839165437,1,0.8697043485162086,0.19186054786820145,0,1.094985267811793,0.19421084686359627,0,0.9159272742225768,0.09563288377520612,1,0.9239712850500027,0.13021653128053057,0,0.8822010329562637,0.1825402722678111,0,1.1280828701480936,0.24281496620860407,1,1.0700459783133345,0.18928438595990527,0,0.7762905187658495,0.10877546210182891,0,0.8806915702262199,0.16124211833577243,1,0.6709451768108531,0.16155753340271625,0,0.534168125548873,0.15007928634968556,0,0.6526546021843563,0.2807218415452292,1,0.6005886481079387,0.21141817994571763,0,0.5849797170327717,0.18329959487557643,0,0.8030201423257122,0.19683708854498386,1,0.6359177187199261,0.152852461412719,0,0.6565528936029248,0.17278588139934417,0,0.9006952899049715,0.24118204640850854,1,0.586951163747986,0.14423697379048264,0,0.7622206677528994,0.0941361075715049,0,0.8378787267407753,0.09013347608505527,1,0.7226007436672452,0.07444064959543827,0,0.5607618238341884,0.11448526993919374,0,0.6106901580238262,0.05256959195755727,1,0.4662641976008052,0.14529948989010297,0,0.4543884207796457,0.16114656020936416,0
125,500,0.9,knn,0.8799447056864744,0.015065568818716814,0.8751107044954708,0.778114348460927,0,0.7074893481903104,0.6370686400147285,1,0.6659607924849865,0.6860884118469964,0,0.667351765011651,0.6506066683829176,0,0.5811507986571215,0.8055825744258335,1,1.013912471544152,0.8950718465585276,0,0.7378362341386198,0.48013883887516595,0,0.766649162509394,0.6536826633374178,1,0.3460736784693131,0.43796560348793223,0,0.49438061663226807,0.43659373940382806,0,0.6323487724897754,0.3063870264227424,1,0.6542351846653107,0.2202127150427674,0,0.704950925037411,0.5040335002550944,0,0.9106036372146485,0.3795116611204775,1,0.6501830325744189,0.3544645076584297,0,0.5373080488345514,0.6951400784266081,0,0.7408181945801207,0.4584544180407268,1,0.6972818042288669,0.12641776466374727,0,0.5841025085595873,0.4109686406001081,0,0.7537518646602933,0.4648889432523834,1,0.6983589511270537,0.4869855044029635,0,0.803219796742552,0.4967815767521926,0,1.009213235016293,0.6750515858517295,1,0.5847728139609671,0.39470083285543583,0,0.5906801890781517,0.46340397566257197,0,1.0022548842636647,0.8581865363197889,1,1.1616444760794697,0.8381500222942909,0,1.0212214161540252,0.9646016600492722,0,1.1058154101423066,0.740200563006264,1,1.1348624963027674,0.6767037237005447,0,1.204142767535402,0.8058032208057831,0,0.8616328418727146,0.8024150830036655,1,1.186582437497292,0.9554287795422328,0,1.436464423035779,0.5462623919918963,0,1.5964289712873057,0.9894402647173619,1,1.5337816405976636,0.7079082897988995,0,1.096226970581414,0.5511003901086218,0,0.9383789334524405,0.5797196829018384,1,0.8763143798445375,0.7852658070370099,0,0.8267123202449221,0.5690888724702985,0,0.3102411574111926,0.3899021593371573,1,0.181435743114747,0.5467929778247195,0,0.4925111147551643,0.4231513984682919,0,0.5873703426277267,0.44536734565945246,1,0.6995957092005163,0.6740546369639868,0,0.8107335272704347,0.6076198681977175,0,0.7693825983237892,0.49396241078093506,1,0.6177193943349213,0.9328020793874618,0,0.3876981547123858,0.6564848596520322,0,0.6084816320930069,0.7531222016381423,1,0.3670043373041425,0.8885906112148868,0,0.46238787601575515,1.2057683015597616,0,0.7464009185975868,1.0955244555636194,1,0.9352013258157468,1.1362298684114285,0,1.1259920427158847,0.9177226100538657,0,1.058199777196649,0.943946635274367,1,1.142578698781143,0.5151475330312904,0,1.2867736926702074,0.6345072521666707,0,1.0465782946587932,0.3894238321031459,1,0.8693950691387015,1.00881617150348,0,0.7535805084442438,0.6723837241949403,0,0.649536215415961,0.6995901704965662,1,0.8223425460478779,0.4863545789345189,0,0.9181967895438374,0.43521176613305507,0,0.7441573882826482,0.3751770073911036,1,0.808328836167226,0.6991700913157195,0,0.4022130807391272,0.5811687219080719,0,0.5344390793399241,0.5858696380186375,1,0.7166576540735767,0.8298301232541392,0,0.42585007754115595,0.44340609754256094,0,0.5274226354533739,0.7752935623485527,1,0.3935280323920068,0.35001247888787296,0,0.7362707838410124,0.6085365585343349,0,0.49156923745368547,0.41340608820979335,1,0.5190399103269618,0.6253888769487569,0,0.25330176482703737,0.9639917720192893,0,0.005549998900207997,0.5584554755727469,1,0.417743346515869,0.5896022017058938,0,0.23515910766870193,0.8303872410823318,0,0.6250075708117221,0.9629051897999498,1,0.25655072775092763,1.1267205455199734,0,0.5024430716590238,0.4099101036016122,0,0.22557933154900361,0.7701951097401386,1,0.21677358644144165,0.6153009211895997,0,0.2745604349375343,0.893098280095541,0,0.6991148659238842,0.7150337042620502,1,0.14089882261301223,0.5721326293535737,0,0.1268065664905042,0.556816917427419,0,0.9023552580893812,0.6195858149507258,1,1.0232344368974136,0.47798607387702563,0,0.9184480285308225,0.8427380673038041,0,0.7930327950273734,0.8893175802622019,1,0.8485175475939382,0.5221774246841127,0,0.42187799126849745,0.41738017806491035,0,0.41694934684841367,0.5815081468561477,1,0.45402711726057693,0.6053475071044593,0,0.7827728141889161,0.5698689548899744,0,0.623265247164092,0.8338670027206654,1,0.6029551639931294,0.5416512417189384,0,0.555752825713988,0.5690431910884479,0
125,500,0.9,SuperLearner,0.9933472694388451,0.0009555919043585577,0.03027115099674641,0.02978699573347123,0,1.9775365626239576,0.5673232635287639,1,0.023986609847427523,0.025393799549721926,0,0.020842536820741907,0.02547888756362549,0,1.4533780566116934,0.22485055675123541,1,0.19966656296224564,0.12909532906052718,0,0.013667198557591834,0.023012489154286088,0,3.135653598265087,0.3353139005438795,1,0.08291594155140984,0.05378187026982009,0,0.03192883740159973,0.0508155408072035,0,1.8419746060238122,0.43050528470458127,1,0.0450946971104081,0.05203936050826448,0,0.09326674201904664,0.05028543881772393,0,0.8887418130592998,0.3525300823404439,1,0.18992669528505388,0.06535581358776932,0,0.009510546730902398,0.008803199616385931,0,1.4460799875899235,0.28998906720169787,1,0.011608599120479164,0.013952519054071966,0,0.008543516424169291,0.025536697141440808,0,1.4641631743713261,0.3392706192157021,1,0.26455276434122726,0.0860255687608241,0,0.015847269931807812,0.032995278576957575,0,2.032091952967272,0.3151993364204459,1,0.025831404967200995,0.026415829375661906,0,0.039987137025195504,0.04790777274604973,0,1.54465232447346,0.2116850605710843,1,0.0907677166553543,0.05713252103745339,0,0.11339921182006873,0.036009496266711925,0,2.213225142817359,0.39231983022608236,1,0.005207728040122959,0.009342490009403088,0,0.02499530216262944,0.015420515337705595,0,0.8704336430700149,0.14432638546798046,1,0.1324200319628215,0.03637644128429938,0,0.005439598786154111,0.01850373433307273,0,2.227059218970912,0.36262361145063166,1,0.08979402157152075,0.10121474043766332,0,0.030487287763138193,0.040555509100868664,0,1.5497581989150195,0.2607563509331775,1,0.04576777234403532,0.0433498422427992,0,0.015725850549742786,0.012707665747654286,0,1.3842650989296825,0.3302779877701075,1,0.17096928015441792,0.0851277900855427,0,0.3124335276693893,0.15643876553009295,0,3.538001219192033,0.19961029471308947,1,0.10631769766406907,0.08111821031092711,0,0.012236722066161198,0.03145424579993364,0,2.2323988111655,0.5159375034918893,1,0.05748391151509562,0.0704784546081931,0,0.07972543628811943,0.0504357036488932,0,1.6314840381901217,0.4234812045117837,1,-0.008245206900620458,0.01730351843976595,0,0.025701343029099943,0.04794745150323343,0,1.5517473842756957,0.3428109310558488,1,0.006567509928546679,0.02250514910933809,0,0.009690624339454963,0.027250339536690336,0,1.277750152227037,0.3833318568155406,1,-0.0010679526082917393,0.016278965368053986,0,0.21356929947677167,0.24079285275094586,0,2.3713440458987285,0.624950831300233,1,0.07583851951863396,0.07722311834811474,0,0.09011361580490843,0.11266049707992205,0,1.395596934973738,0.3609126741195633,1,0.01907118194317629,0.02666383538754156,0,0.007754708082918764,0.025020282598199446,0,1.2555882014139683,0.23516494843194372,1,0.05885651924426414,0.03803043276830287,0,0.03535686415657817,0.04289027899942473,0,1.9600035788932337,0.45415564945400844,1,0.018643046853184138,0.020956032243027518,0,0.0027386209092776,0.013672126568053625,0,2.326872445938201,0.15914455123360516,1,0.05868546067536249,0.05726904917393395,0,0.16740442618208168,0.16065962449368307,0,2.0407768433278295,0.32477982481969575,1,0.03614899058464515,0.062312605836265425,0,0.036692896344908146,0.0459783018294966,0,2.489738611990004,0.22327948175445098,1,0.13096929013370967,0.13791669622269562,0,0.027308847932099294,0.029336889128501867,0,2.940506483363181,0.6211084018019277,1,0.019757664655453505,0.03913722519393718,0,0.00686518809146771,0.014186830849585365,0,2.188520023677889,0.6401713283275987,1,0.04290039230061581,0.05076347132897579,0,0.07736730256346412,0.06100172242880833,0,1.1657113596188613,0.3026833314608832,1,0.041643602432635096,0.062177011436556205,0,-0.0007859111097331381,0.05242915114216544,0,2.7843550922622473,0.4529479536443923,1,0.008371586004923886,0.03482752808692108,0,-0.0029852488236710444,0.03234765681045417,0,1.4275727242215055,0.5045402818628415,1,0.034373785247077265,0.053749912483892645,0,0.11377816529273706,0.09257385011855547,0,1.9484000825828538,0.25429741689530194,1,0.025069404462653776,0.03392207495261528,0,-0.001999150972856787,0.01207117171030405,0,1.5488509537688002,0.1981057789090706,1,0.03410810235518737,0.03140687619490337,0,0.03235842191471637,0.027084854737101594,0
125,1000,0.9,lr,0.994074524495511,0.001079325383895383,0.04783415871400198,0.02634114065272612,0,1.5031887338145946,0.26115640030111925,1,0.014490011587230563,0.02358157921751599,0,0.010926867477470289,0.011665979631411371,0,2.1510841447261324,0.1901301383315619,1,0.018203604577748757,0.023620562687395912,0,0.007869669313862043,0.011877073741509208,0,2.2095482623504403,0.39641856989319835,1,0.00827053721788624,0.00406753267618658,0,0.009660193288547968,0.014152802998115261,0,1.8144216283415484,0.4046233489516813,1,0.013246746987395747,0.01777723500941789,0,0.007774612662779398,0.007947397737543058,0,1.6598971286182997,0.39700968270977965,1,0.08995580472536188,0.07299860529009605,0,0.08667345984553743,0.03661365998987691,0,1.705559685848689,0.3335300346069484,1,0.0796654493855967,0.04367223785485934,0,0.056424869881979575,0.047716241053630835,0,2.795179343414078,0.4152466149616193,1,0.024166071386188686,0.020480559472068532,0,0.021355563898894765,0.013298496800067327,0,1.586646399402907,0.24336665770211047,1,0.01176586298440036,0.015385276721365622,0,0.0011584677534833576,0.002493415618629193,0,2.408470201590123,0.24114434211928312,1,0.014910330174742683,0.014605874585814431,0,0.004967208866420272,0.006619023525531531,0,2.3279029961488265,0.29435787817848597,1,0.015036796764279945,0.01148779750948542,0,0.0035821465343092024,0.0036803354318519243,0,1.7227318836284962,0.2770956119572914,1,0.018292684189918796,0.019433748754327303,0,-0.0016713724294500714,0.006618431500387516,0,1.2955675435859755,0.09677731548005977,1,0.07754393969000013,0.051482618461160916,0,0.0732681919765718,0.05193874039576154,0,2.532568858366858,0.22633266116223583,1,0.0008278221396921155,0.016880167711096166,0,0.003741474795739183,0.010742218862145608,0,1.9153176283671882,0.15311669117057436,1,0.025838500630085352,0.03762644407330952,0,0.05810706561187272,0.03199657079522255,0,2.175241796597138,0.2567082805646866,1,0.04798238365795908,0.03826666966790693,0,0.006850277146741706,0.007250483778796902,0,2.0582338443610393,0.30844691198492763,1,-0.00014073656076432517,0.0009251150522803578,0,0.005502964490359479,0.004053720236489342,0,1.6429479075349698,0.17709491352237441,1,0.1215662094452787,0.029727283593262363,0,0.06573104857420418,0.014287286871793465,0,1.9539254696953225,0.34777436807699097,1,0.014950461995559708,0.004900235228438698,0,0.001687931138383901,0.003571452915478558,0,2.0934288228022853,0.27561005862075527,1,0.007905951444320613,0.00535636442064972,0,0.013213086674717225,0.019536979784930207,0,2.141636763955771,0.2542054872197504,1,-0.000631653543985012,0.003674331715863046,0,0.01771126986726252,0.016284273064556612,0,1.7534589760898829,0.31375162308733073,1,0.05019229042023689,0.058614426320154504,0,0.1026609408906742,0.054896280571578034,0,2.890697962852807,0.2207921700787202,1,0.00020120351518426147,0.0017788222980264418,0,0.012655311552354992,0.014479365343420703,0,2.1598665875017042,0.09922762055124268,1,0.0005897029826786488,0.002270489289215452,0,0.008982642410544583,0.014564770736324893,0,1.3901017674216933,0.17730778986003168,1,0.0005113903837481005,0.003397043508854827,0,0.00749844800016272,0.003955087965431722,0,1.8490248893719623,0.2131814341221327,1,0.004347445480356338,0.0094380078207596,0,0.0017444354454484816,0.0034677824256216846,0,2.2372532284355025,0.20534947763032027,1,0.017751234987816146,0.019581190753712993,0,0.062043714031189114,0.016690769945415247,0,1.6991108063204767,0.3419494376552217,1,0.013926931421279723,0.023578310344815265,0,0.0019122123225323458,0.007694400472661534,0,2.5070761954144665,0.29109703299002193,1,0.04915969516689976,0.03524970665119981,0,0.00873988917146225,0.013482669183720234,0,1.6378136114199144,0.15206800738601006,1,0.0037341050116477805,0.006856653383524935,0,0.012424083911981257,0.00825789374743779,0,1.6658145392369732,0.14417213475593432,1,0.01800675727237226,0.007531018655869858,0,0.10296829168507396,0.05692515488927603,0,2.332245479696346,0.3361181334292911,1,0.016066817354724504,0.012452896930336384,0,0.005267014205559459,0.01299540814736901,0,2.165033369743591,0.3303654585096297,1,-0.000506109704778686,0.0024539341713091,0,0.01105042847034801,0.02203202633693637,0,2.292645707125314,0.2173412208352478,1,0.01601930230011399,0.017935811542909408,0,0.01146569287364838,0.00878549363660022,0
125,1000,0.9,lasso,0.9586109306706712,0.003330997546322041,0.0,0.0,0,0.8799469344975673,0.08113633759763716,1,0.0,0.0,0,0.0,0.0,0,1.9714097189527557,0.35194693666758115,1,0.31943611357834006,0.22790968824928484,0,0.05469296808226287,0.06706098400183251,0,3.3716080858469852,0.2815536390136349,1,0.08633018074111007,0.1579930623928663,0,0.1066321479154017,0.17599860851684204,0,1.5158405914212845,0.5546269953221333,1,0.4732746927035654,0.3379720908982375,0,0.0,0.0,0,3.866609586211567,1.7274482258012074,1,0.9399638674514458,0.48220149841839993,0,0.0,0.0,0,1.8096686440532577,0.30608799234324446,1,0.0,0.0,0,0.0630226011349109,0.1260452022698218,0,2.5896842563897167,0.5129028889703432,1,0.37808782353142323,0.27086467438707373,0,0.022807338768259848,0.045614677536519696,0,2.7036373061583454,0.47265732083801815,1,0.15515329095567085,0.17209324339224716,0,0.011783862226490725,0.023567724452981446,0,2.496213703921366,0.7389549216840886,1,0.7166112987084661,0.3454923589473052,0,0.0,0.0,0,2.236020112748987,0.13048563188104645,1,0.008177225541632615,0.01635445108326523,0,0.6941809392264101,0.32551171754769326,0,1.5057844134973661,0.335477427056323,1,0.0,0.0,0,0.5305708285493159,0.17977402541497767,0,2.4018459331339685,0.2069243373174115,1,0.0,0.0,0,0.0,0.0,0,2.5970139656166045,0.3623325715599682,1,0.005783767895138943,0.011567535790277887,0,0.03659476425487129,0.07318952850974259,0,3.5265561823089184,0.46135766172665355,1,0.06170757981118621,0.06941542525684571,0,0.0056781280003724245,0.011356256000744849,0,2.4089207134426385,0.5095595239441219,1,0.0,0.0,0,0.001466641740018744,0.002933283480037488,0,1.3360792465243536,0.35361065688353,1,1.4346821377516414,0.6526557262471162,0,0.1428451691892598,0.27762929964650707,0,2.475166297247149,0.21985664477948463,1,0.0,0.0,0,0.0,0.0,0,3.708398129677336,0.5579826300783152,1,0.30974053962049336,0.24897344974748112,0,0.0,0.0,0,1.5285573543280233,0.46827248969511315,1,0.8646113706570642,0.5407791519827639,0,0.4187312878651112,0.2865390197560279,0,1.7402433302404894,0.5141106977300125,1,0.0,0.0,0,0.0,0.0,0,2.306296967918695,0.42266050426076673,1,0.03368179997006569,0.0584775955772031,0,0.0,0.0,0,5.779187757843191,0.8455141751650835,1,0.0,0.0,0,0.05227413857947163,0.10454827715894326,0,2.3472617769434483,0.3717900391558453,1,0.0,0.0,0,0.0,0.0,0,2.0270089838735528,0.4584342206911825,1,0.09213437432853906,0.09235251190658228,0,0.0,0.0,0,3.333110743131776,0.7018192522789778,1,0.06751434177417237,0.08772255755491658,0,0.1936417724160485,0.16783715342264371,0,2.9194532739546433,0.6995951504938372,1,0.263242918220274,0.17957088519864975,0,0.10465058048975269,0.10451870098528844,0,1.5009689404082953,0.4914557123417527,1,0.8767505423412214,0.2391333168418412,0,0.0,0.0,0,2.930046745806563,0.4266114490904154,1,0.04627048566658075,0.09210033485345014,0,0.04260311112425547,0.08520622224851095,0,2.1942719693731196,0.3281586045321514,1,0.01521114337829936,0.03042228675659872,0,0.0,0.0,0,3.763485763119904,0.3995871166886006,1,0.0,0.0,0,0.0,0.0,0,3.1318520640249217,0.334980068909647,1,0.0,0.0,0,0.0,0.0,0,2.39784022899582,0.1321868694895234,1,0.05570517500728166,0.09527908335146303,0,0.09131278527961283,0.12411872881717732,0,1.4954248225254918,0.31990471995934755,1,0.0064171812174850015,0.012834362434970003,0,0.0,0.0,0
125,1000,0.9,dt,0.4852129884808181,0.02861375997602971,-0.053259385716741006,0.1500217421192848,0,-0.15846801968331375,0.40630123176493876,1,0.1489754422839287,1.3148787082322322,0,0.005513389052050915,0.10982648287679854,0,0.4286334626583276,0.6794717904183841,1,2.0676823674686227,2.8542177297154936,0,2.621356997109708,4.874594268113219,0,1.7690280619521321,2.1979024462895964,1,1.9857195580668812,2.6545652575607432,0,0.3477968350548578,0.8443570868902098,0,3.4329320562412975,5.884921603537029,1,0.7463725924599632,1.0279068094571722,0,0.53952322239402,0.7667430510127302,0,11.858933717768414,6.623947386901426,1,3.3397172879951724,3.4346540513108903,0,1.9827112572853545,3.789756862370657,0,0.07838998694121983,0.6445451585124502,1,1.7778953992769762,2.01412514722115,0,1.26428203582847,1.78366404119772,0,1.7518050424801703,3.701851957036876,1,1.5241555559586444,1.6552310276397701,0,5.319796159288389,7.2004016148776815,0,0.9171110364553853,1.1913778975852027,1,1.1778630553291318,2.56046510414039,0,1.550725565973424,0.21822550259505108,0,0.25293196376606486,0.7624791528766871,1,0.3204615178095406,0.7835538002467894,0,1.7830537616437625,3.0477535454325535,0,1.2146927035861665,1.5303781733768544,1,0.5972930022226084,0.589992191782847,0,0.6764986533999353,1.0990438711420878,0,3.440100227801208,3.1966439846366157,1,1.196462054348072,1.0165056863080533,0,4.236442684384693,2.543800505779862,0,1.719899589944904,3.4708913245380346,1,2.446383037259072,2.3286705577845503,0,1.8055143258136426,2.82227400480675,0,0.5463833295668119,0.5340248088832587,1,0.9290854197021398,1.2305191835932088,0,4.916258902569948,6.044686315028703,0,0.5338956668565171,1.5836642488658013,1,3.751762145847316,2.4033672242930018,0,1.5498443721682198,2.7140633485690118,0,2.006376957869288,1.8733104432948475,1,0.6129965447522765,1.5705459000304554,0,-0.15006711678796952,0.3502897661456769,0,0.7547402777526486,0.8266178414203971,1,1.1555725995625603,2.2521425558628008,0,16.031715761958484,14.302852504238052,0,0.1463961471218533,0.8360906804489645,1,-0.08245672841140304,0.3247866761634336,0,2.3481168596593993,3.8673913750378026,0,9.184700517236504,10.270052525591778,1,-0.2447353974814917,1.7036986094555722,0,0.10076210747756482,1.0255798014172723,0,0.9211073707795296,0.9031654122392646,1,-0.48120025554305046,1.3360924313846252,0,0.7854068793533243,1.5745467303175056,0,0.24100911478819906,1.8718343055313074,1,1.9427998350139657,1.0417456357524755,0,-0.15971843444466152,0.773816217781227,0,1.2051216174061146,1.0558489875189518,1,3.3093681137837025,4.976532514233166,0,7.1263710269953195,5.101765273667425,0,1.6487047834162845,1.8794254908328782,1,1.0017421157262807,2.1404426590761236,0,0.7603883967031017,0.752039165379903,0,-0.19714474725150571,0.6687004882647025,1,-0.06774676772966912,0.49520578390046677,0,0.4818760827278097,0.9013976633667505,0,0.5249560032931633,0.8098530368790484,1,3.2163243426825865,4.549509463206104,0,-0.393455522970094,0.497139776518858,0,5.030320269405411,5.6713220922729555,1,3.9367527964710995,4.569820809663947,0,0.17191099051722186,2.0377306576374954,0,4.331410390101104,6.9418508057805886,1,6.442237839204017,5.818501929682806,0,1.3508241606279068,1.9103374319770048,0,1.4799625592133847,0.395970263175525,1,0.8055677864789231,1.1274003838324507,0,-0.4352366686363639,0.7929173527128217,0,1.193098326009595,1.3548144433294855,1,0.8141921102922343,2.8144405931304712,0,1.2667330951763072,1.506190130235037,0,5.3488964848684,4.120516106364807,1,0.7651068230083546,0.6231679576912307,0,0.6097559725639454,1.71475348415653,0,0.3210349796561143,0.5732535869979587,1,2.17287601419875,3.1465471772922666,0,-0.4012419098621704,0.25458123221738393,0,3.0134641808587914,3.2737363704008438,1,0.6718228360378482,0.6454566184832061,0,0.1307982816172113,1.2183274748222976,0,0.5837937990009584,1.0643602307913729,1,1.0587185811192348,0.6898736868870665,0,0.6931687468704167,2.007574563179295,0,1.7342773718872677,4.371211679420265,1,0.15129480317875715,0.8599923067925801,0,0.11205389455487957,1.0029747684587793,0
125,1000,0.9,rf,0.838058044020117,0.01103160992611791,0.20293287419969736,0.0818494063017534,0,0.32794519900306696,0.07731803082241703,1,0.31502436158147207,0.09958259947070264,0,0.28237325612758507,0.016909137839547613,0,0.5229439642486502,0.12785923934216556,1,0.5472754174666604,0.1480652872924528,0,0.6004180089149592,0.10848227038453533,0,0.5958301378186096,0.1276727156439418,1,0.5879130730867088,0.13443892626691858,0,0.6962997074687766,0.1704952068207303,0,0.8355362850091069,0.16855940858604945,1,0.8257796432691217,0.24762056208345193,0,1.2734859159990104,0.2685039574106139,0,2.8585860917197357,0.588775335650206,1,1.7363679960705292,0.23130644961108185,0,1.2285447576047261,0.6679831325902235,0,1.8576756722742822,0.35312354928092576,1,0.7606654408725156,0.2076224614202053,0,0.8681169032662783,0.30523236549718125,0,0.988422774909935,0.29284693228186975,1,1.5817770035844316,0.2929466029166881,0,1.4532583852644687,0.24404867206736552,0,1.0406156597734584,0.20341556258347182,1,0.8178297012396534,0.24234858557708053,0,0.7062066117756993,0.05250480730953215,0,1.0085923973944433,0.3856125961055133,1,1.3230214711941464,0.36445760612572026,0,0.6867248311797718,0.12811046428368467,0,0.7448550478332043,0.2234108225679551,1,0.46225387786066163,0.14002343035146647,0,0.8975626431679841,0.17126997785038878,0,1.2793558494208652,0.33449430110755884,1,0.5449601113730369,0.33750424833122955,0,1.7791433159995993,0.24675090413709536,0,1.656516510190425,0.5641890420570445,1,0.877172861999471,0.16155987898694507,0,1.0216646325735863,0.27180004937520363,0,0.7785825251813929,0.23129930215251593,1,0.48141318819480095,0.06939453500130943,0,0.5250297810974837,0.09557435543260226,0,1.3657511014000094,0.22885963761972966,1,0.825283701126102,0.12785436277479775,0,0.5030260749898239,0.16654330656120123,0,0.8885075674812416,0.37735970944118363,1,0.3990088443899965,0.017127827135382148,0,0.3838882315189614,0.08790642126516858,0,0.45893027013626986,0.2083551641230953,1,1.0687539339349423,0.564125834196241,0,6.194275757149527,2.209453261584958,0,0.597975875289518,0.19985117574869307,1,0.7374027381041338,0.14127065392364635,0,0.5845835844937012,0.31533539431597907,0,2.520700401564528,1.3569308864200293,1,2.353590004987704,0.7275508760399659,0,0.5414061451635044,0.06321431465684764,0,1.0173298034183138,0.32539488166640734,1,1.2556248015503422,0.5241782953572639,0,0.7429749511765465,0.23596977947019498,0,1.0222834741025835,0.20738908325371422,1,0.46518046252959466,0.05047269064343765,0,0.568288098866533,0.06648735022830352,0,0.7786606422470657,0.09343367193115316,1,0.8413540238752976,0.26706192538015694,0,1.5611097606353568,0.7237923976194045,0,1.5760456837754564,0.3874161504355471,1,0.5370223808255179,0.1469525393760188,0,0.6284897509728097,0.2079125569920496,0,0.4302598502974721,0.1735505621800162,1,0.5408682070996228,0.27535587306235176,0,0.9271453200974639,0.21871644655409242,0,0.6616184575198488,0.21841982173645913,1,0.5793944355270545,0.19714668493768572,0,0.3867671374146334,0.2096273924404763,0,3.187627793912988,0.7897627371362674,1,1.9861392461471943,0.951162196211346,0,1.3440460457495516,0.5228752308804759,0,1.3582805483524483,0.4991864202484105,1,1.5524560292153586,0.5013208161698398,0,0.844245233053438,0.26684266704806925,0,1.2296211049442713,0.16649015885241475,1,0.9795970203064105,0.1817081968969685,0,0.4144620939492366,0.10783706724313306,0,0.7900409753347314,0.10593115795645465,1,0.9354201642470213,0.1542730386279446,0,0.6871754942190618,0.3224709148333129,0,1.1220324775543489,0.1681798639805214,1,0.7646996122981635,0.09239128453543538,0,0.9731576643061708,0.1775866807650248,0,0.8881931496701914,0.21422698149179645,1,0.6942506860656368,0.22495669993822964,0,0.5506714025435288,0.15082015816190888,0,0.9376087581667848,0.22865517364921298,1,0.41482591549350323,0.1507958116324048,0,0.5062684936480124,0.13123870422588765,0,0.580153669292043,0.08927630464884335,1,0.3917141724984751,0.08538578977189773,0,0.3975870539475911,0.13186764649981145,0,0.2994576680769753,0.08751037259164804,1,0.27639117904046967,0.046627614551898684,0,0.20821414806988514,0.05691237226880845,0
125,1000,0.9,et,0.857136618565179,0.008608877626356384,0.24756198336785779,0.033324888314451566,0,0.29378652313431186,0.053254251428160926,1,0.24751984407636202,0.08591665347607114,0,0.32842128046259844,0.15755397434089907,0,0.5714808317406619,0.0790755132155043,1,0.6091898992968046,0.11640459493068274,0,0.660765800557918,0.08273857591932834,0,0.7218899749056785,0.10666129816730509,1,0.7267658623090801,0.18578377209194716,0,0.6461251614203435,0.2095965633497886,0,0.7927793609470554,0.13074042233093833,1,0.8722366447323768,0.18592316351221125,0,1.309576164726185,0.28550714439309977,0,2.4704747210777156,0.3943236527334274,1,1.880497626360962,0.4897721776477388,0,0.8708266063281538,0.315151543668944,0,1.5348016533147966,0.3302248664926859,1,0.7031664542019538,0.0770956996816352,0,0.9502394027037895,0.28439188076827315,0,0.917727805041676,0.16034968647644213,1,1.1502876846795904,0.1722026154914408,0,1.1764508495049182,0.22701776348527702,0,1.2222918205898636,0.16624422472145958,1,0.8252470846803062,0.18695180434449282,0,0.768404779071675,0.1225816267987787,0,0.9040689443236835,0.1377218147442095,1,1.2506375523665914,0.32083802688167085,0,0.8409960166922451,0.2538017745853659,0,0.6340937149210324,0.16172224964467008,1,0.6891569278864574,0.2604694062268977,0,0.954250228469111,0.28861370155505417,0,1.3891829196821135,0.3720701653429666,1,0.6471493613415393,0.19545337935051532,0,1.3499707521510325,0.26021057747795195,0,1.7666493420700777,0.36982586783468324,1,0.856440515020544,0.2587271573704936,0,0.8952752666154516,0.3584132466690351,0,0.7744417464877504,0.13255654533747294,1,0.5499009143596219,0.10128939216402792,0,0.6657739852476381,0.12524012169295332,0,1.4769545123075865,0.5157028692768871,1,0.9204053693345756,0.22647218869431354,0,0.624397060359936,0.15016675544375424,0,0.7926605139815127,0.3416808213355892,1,0.38949883235801497,0.09828871545666346,0,0.6533063248610288,0.1618460424209827,0,0.524426846830807,0.10091662826001627,1,1.2375095480445775,0.4247173728072869,0,1.8229389701677512,0.16680925865831212,0,0.7348045535311817,0.2513120024922948,1,0.7878314501182798,0.25709866120532815,0,0.9315545433854275,0.3028066038807649,0,1.5338924279251214,0.19263862875903318,1,2.473788307651745,0.6181450448727844,0,0.5990534103862881,0.16692487147012441,0,1.1421241286922308,0.36472024425028016,1,1.9714733491720655,0.42866774315000533,0,0.7536685185141121,0.09456583319032488,0,1.026947842586567,0.09420390882824035,1,0.4602246631165806,0.16937711457506935,0,0.5815335200818257,0.07684913644090563,0,0.7545489157239027,0.17277179486652836,1,0.6844248199848768,0.1948743422498567,0,1.184309228450206,0.3986534359570522,0,1.4470789045515877,0.4891690031650152,1,0.5996150271965803,0.13261031259759778,0,0.565785329285372,0.16779187897919567,0,0.40494782733513635,0.10380124205299714,1,0.8017415197057707,0.19288586383449413,0,0.7238432031042648,0.37102643923963485,0,0.6058906281768535,0.16516744141007095,1,0.5850811463288592,0.30408431813115083,0,0.48110814242394495,0.08466942566380983,0,3.033376687098519,1.0909161684357107,1,1.2933661045609763,0.7617760134911434,0,1.59397917006469,0.6713024827207976,0,1.2890316894747351,0.4009953116108336,1,1.6317872790065162,0.3032568089824101,0,0.7349696121147502,0.28066500486488605,0,1.0369244179864707,0.19480704840488614,1,0.9017662346373623,0.1495920621914392,0,0.5733301225723484,0.16635423474268554,0,0.8944112465863684,0.21053070221369255,1,0.8827062036429407,0.18542028081196862,0,0.6284311364338685,0.17804583977047395,0,1.112096341330073,0.11602135836831427,1,0.6940402944217217,0.19532559666547694,0,0.9541075262928308,0.24430211948247596,0,1.00971408872157,0.222006196361907,1,0.7432008187837389,0.18772872145216798,0,0.7238169291233543,0.21616021190844917,0,0.8091636279539612,0.16077556157444017,1,0.5473862204115008,0.09517504962334689,0,0.501391539691641,0.13561217632072659,0,0.5838674228653382,0.18444141912746836,1,0.40235062711327707,0.1377181378945505,0,0.3339337528506077,0.07656491907431234,0,0.39439859112187864,0.1304424720654704,1,0.27854419571329325,0.12287651612246558,0,0.3139045787616227,0.04127557878348956,0
125,1000,0.9,gb,0.9054611147981909,0.005900286636531718,0.2506330811382208,0.16002442557852714,0,0.8702410227389125,0.30438048461460154,1,0.1304855869740619,0.07379394809109725,0,0.10360754461986336,0.08589930956946172,0,1.484854009826035,0.667045614777151,1,0.7396968295085087,0.348965725436134,0,0.746278106028813,0.3728703131717218,0,0.8631060706753585,0.33838156177506673,1,0.1956626394660829,0.17094000955513625,0,0.46012449117349696,0.22624147045976506,0,0.9029416957475093,0.31992189280719313,1,0.6413176656660252,0.3300301587753094,0,0.918765180335171,0.34525162712857943,0,2.8298172472078487,1.0969693024888585,1,1.4172903418647826,0.8359543726946798,0,0.5728673791888343,0.5167442691299023,0,1.1877686769113487,0.16812322308337893,1,0.13131379806772858,0.07677544281343789,0,0.24470508725538642,0.18614472141787258,0,0.7821484595008066,0.4027775457720596,1,0.9618453896795349,0.22813877837553836,0,1.010907994176475,0.5731979101949952,0,1.1261605576066924,0.40170951665867727,1,1.0363130448089668,0.5074509449770008,0,0.6771078486537253,0.5076609103307508,0,0.6727622819411506,0.2030537902070838,1,1.0096352372517017,0.29917653310519227,0,0.6566185604478958,0.3125694953024971,0,0.7822238151495644,0.38563550936586966,1,0.18969652857512048,0.09589633304366299,0,0.46855295466534147,0.38083704037448257,0,0.8151325547907149,0.26589511152367096,1,0.29790281548099895,0.2155912205679132,0,1.9431431352837791,0.4720621543161887,0,1.8692700997482496,0.579336487639043,1,0.7667854839032718,0.6718916145653249,0,0.8130560733137118,0.5599734087967074,0,0.67298236447426,0.34099055814074175,1,0.2169918867862827,0.22126611342126076,0,0.3548669788181881,0.2180424021098073,0,2.557277215353605,0.7189766785212359,1,0.8110210241603306,0.2525734151328363,0,0.08531122628943395,0.06903348768458088,0,1.3284221934195874,0.6541025426686011,1,0.07255773069278823,0.07625286319609792,0,0.06153265774587596,0.06961189475462846,0,0.4798568479707847,0.1318939524559322,1,0.5978115782949385,0.5119146788003618,0,4.521269960171997,1.217930771481789,0,0.06581193945931504,0.04731186350701794,1,0.7710910617466052,0.3431513243139425,0,0.34128625471963925,0.2567420650568359,0,1.9738673420845434,1.0693622405085201,1,1.1608832525799113,1.004890930361254,0,0.1665196607124234,0.15004093612047295,0,1.3872073896033803,0.8960351351310372,1,1.0664069421099485,0.4243890226759906,0,0.5512942211303796,0.6600831564938968,0,1.5610588821674543,0.6334201787075677,1,0.1856849790084546,0.12764131271583437,0,0.21241294577528702,0.10782070518991756,0,0.932318594365357,0.3371099586202939,1,0.15600673918202312,0.08971729790958666,0,1.077667998426011,0.8088530454802173,0,4.1762168457512505,0.6494674774534193,1,0.2677000737604508,0.1803662991756269,0,0.19003502670717076,0.17389560555941236,0,0.43414278448038346,0.16122958585326627,1,0.14834429174079242,0.09884950686285396,0,1.4119670662908128,0.4061341671723277,0,0.6219885428213175,0.2809126272464688,1,0.20825735493496222,0.1909858864939382,0,0.17594144211969537,0.11827315993924374,0,2.6779595578569335,1.0548903457249572,1,0.7964926994881029,0.3811096217599337,0,0.7419078206385505,0.4795156518467124,0,0.7239575384342558,0.36282863838408175,1,1.3929557303426587,0.4986282422204524,0,0.2750855666534281,0.15657991299590893,0,1.464475048510669,0.8292569184150645,1,1.4398902780769356,0.5816690372977191,0,0.07088341833703307,0.06390807217733557,0,0.6595026934309467,0.22093061913649717,1,0.4819296776141043,0.38309773317663837,0,0.7013794367034347,0.7108739945281194,0,1.4837940856627467,1.1509989211870115,1,0.6921210649626154,0.23265450240815722,0,0.5945972964941205,0.19499826513125385,0,1.143514656398588,0.17303099398740163,1,0.42973635022960044,0.23742874508893003,0,0.1433432656462919,0.10335375274031494,0,1.1705014943862602,0.40761539152230747,1,0.21557506067746707,0.10042948813558665,0,0.27384810877159393,0.15709937883678762,0,1.4674123058167843,0.5147303430130549,1,0.37755702548047687,0.256273207290604,0,0.39490626962500053,0.29622558909587815,0,0.9030666289631814,0.4403716268958172,1,0.16423436428794555,0.09483273798222841,0,0.10151915118171548,0.15001886549848273,0
125,1000,0.9,hgb,0.8907531903251324,0.010600403185916586,0.21276059824345647,0.07258959793541231,0,0.6312480385412297,0.21737646575657418,1,0.2603630221067253,0.15955413543054128,0,0.2257963843765248,0.0512738623794656,0,1.1597543996857067,0.2767100613132473,1,0.5597578707429672,0.14121615113917765,0,0.614487201700086,0.18118050811393369,0,0.95837632352509,0.29781305206467795,1,0.49884591271383005,0.24634416098855197,0,0.4687015384764178,0.15811314245569164,0,0.8407483223665804,0.31940218846562707,1,0.4868210079724597,0.411353547001569,0,1.3054136501971931,0.5219230045123305,0,3.139505658675829,0.5978927166731811,1,1.0926122722404843,0.44901255287912795,0,0.7635467932522007,0.5862546980537312,0,1.4264873884792924,0.3608990181591653,1,0.29439358756163136,0.22585452584476728,0,0.2845623971035657,0.19975466561718935,0,0.7840582263562148,0.4093328111575152,1,0.5894971788363593,0.32203212575893847,0,0.7628158904271707,0.5344792638429526,0,1.0699369696034648,0.24488486327430892,1,1.2045338475423775,0.3135591078715289,0,0.7158491912296677,0.4252744456522029,0,0.8674928266593366,0.4632448936959261,1,0.9807174214738807,0.1835824723922374,0,0.5631074612432246,0.22648042126000464,0,0.9745573885558934,0.22668592661557196,1,0.3546894841087732,0.42550009680692996,0,0.38071571072623156,0.2520103163753574,0,1.3998718618866621,0.7135509121540539,1,0.26252999112980213,0.31361006488421045,0,2.309227259455395,1.0002434237364077,0,1.095544750780428,0.3339576857395591,1,0.5680551893595025,0.12102513306609876,0,0.6537142591855851,0.3747647914776845,0,0.7741634204870098,0.2784962283518343,1,0.40851915504732333,0.07497004451933703,0,0.5608422875744956,0.2105629814158385,0,2.2265558278168984,0.7393511092345451,1,0.5334701684611753,0.21078078639378603,0,0.25576844306074353,0.21001253462443967,0,0.9350162483620258,0.48544210610727584,1,0.17608489790984932,0.17290686095503985,0,0.1891538309588204,0.09321444839792166,0,0.530118748669798,0.24482220681135863,1,0.8415227010928948,0.8625685429103197,0,3.895017194754904,0.9046536438272064,0,0.2824365945860253,0.12808179714658563,1,0.606661912249123,0.2906473528613488,0,0.14237168618926227,0.18128534634650267,0,2.952358284062269,1.419328191958829,1,1.4069656229736154,0.7064088507526278,0,0.2680556260953092,0.11468826556527877,0,0.9732071466790609,0.8065327317663156,1,1.2354519469168974,0.663397773238589,0,0.5428897881453913,0.2628134997880043,0,1.1007575931278872,0.32487444486276335,1,0.13308540252668263,0.07351934855683782,0,0.2572275386918187,0.08128108601131911,0,0.6745587186807919,0.47565161638985,1,0.4064170746950568,0.1634475134185428,0,1.3411288901996765,0.8442314555279323,0,2.654538643119438,0.8465636865295636,1,0.23409655012780517,0.07744447548787542,0,0.37816506196269434,0.058796897849872805,0,0.34794355645981445,0.13727240967656154,1,0.31636321952108715,0.16871918899351437,0,1.0804798549129866,0.21491928427955143,0,0.2514409670026294,0.1810015631768157,1,0.2872836352138494,0.2570991357911534,0,0.16508592474527267,0.046534310485660965,0,3.5561456016381676,1.1191127356710648,1,0.726426518693015,0.3035599799064139,0,0.9323591592004578,0.910985648944107,0,0.7777314894263473,0.35915630400108783,1,1.7876331106079175,0.6295346517389655,0,0.3951822644335049,0.07708362259493853,0,0.8350020082205235,0.4186083298612932,1,0.7142184027196211,0.3848222169749465,0,0.14563470241760487,0.12792602048256713,0,0.5182225710623275,0.20408467436554062,1,0.9160284193920587,0.4853230730846921,0,0.7202816276584671,0.42783248253170747,0,1.1605332743395347,0.4419377038101547,1,0.7450534076198101,0.26685713352713686,0,0.6841221657575101,0.23875364308216704,0,0.8719719464630261,0.28280755828996407,1,0.6310321097253234,0.2537022339063421,0,0.6175365436444257,0.20693237771743425,0,0.8802292159817551,0.2369571132438224,1,0.24265487442258477,0.2041379249196111,0,0.2837052998669739,0.1989619740575493,0,1.051301755346743,0.2869081075517873,1,0.3444784698656312,0.08094563509360644,0,0.408066442146664,0.0767950674736365,0,0.5518175920754264,0.2481176755879409,1,0.1428593612527253,0.08454692368255794,0,0.12658721299169,0.10889107330603874,0
125,1000,0.9,ab,0.7624590718565705,0.02548794071286992,-0.002199048872845026,0.00272322916321671,0,0.19305225821776278,0.23170770125958737,1,0.009871526017401152,0.01640612293737528,0,0.1373473988806962,0.246062776557966,0,0.4384000919052176,0.3601321581319708,1,0.3580747648644568,0.4069201866675322,0,0.15459837694293793,0.10716147092773703,0,0.6102781479944195,0.2554421122971673,1,1.028838944066237,0.8289207962850332,0,0.4334711517171475,0.39165781595798815,0,0.9373161902778648,0.3001594030970189,1,0.6498652079332066,0.21778969481970442,0,0.8077709838471783,0.47727323981164804,0,2.2887237897215247,1.0377644641465897,1,2.235921630619921,1.427389581219041,0,0.5835800208111215,0.38729031441308676,0,0.8798782599493935,0.4158616235675943,1,-0.04464931620302298,0.10015831534455602,0,0.8013428995479301,0.5619052763540459,0,0.3274584688863722,0.3334321065264058,1,0.6460547054299399,0.17531905895949346,0,1.1053437285133925,0.7160068789758706,0,1.0582307583734025,0.35392717748707503,1,2.2167915393234727,1.2538736851323375,0,0.4182576580063425,0.3753959456439495,0,0.16110856678445776,0.1654180170288732,1,1.7561839529071925,1.0427401647310888,0,0.6745527753020939,0.3648630372427418,0,0.3790370678094949,0.4839632402497436,1,0.17560821285866574,0.11272431527952656,0,0.20650468636558691,0.3005319695948214,0,2.0303103769992275,1.2953517605249405,1,0.5795182499264212,0.4013903868272381,0,1.8625445044730369,1.3965109900120438,0,1.0995496531193327,0.8794049929634468,1,1.2046780147869485,0.5134666148053364,0,0.14503549086636885,0.2305239526950803,0,0.3586283539274809,0.25823628772262797,1,0.48560925032038826,0.36674490037301233,0,0.21493772091826818,0.28657004020160615,0,1.8583832722727736,1.4257686758644885,1,1.256727390137769,1.0074820391086563,0,0.1675676229478526,0.18735287628961675,0,0.14492489351570298,0.2244001742198666,1,0.2609248004811905,0.27333147991091805,0,0.4122624744791973,0.3195285863848651,0,1.0841130087461361,0.4539566074477709,1,1.6173265623061692,1.0598459501635433,0,1.5227780546648852,0.9893183330950418,0,0.25662599377095086,0.3117622979966227,1,0.6664669588677054,0.4210035787221178,0,0.3453886281575754,0.3548616198912314,0,1.3747364521289316,0.7482700342125473,1,3.4292218027562256,1.4994981453090122,0,0.5569357326527781,0.5384231268851419,0,1.691389817058419,0.9530483101379916,1,1.6434291814274495,1.8554675056694065,0,0.8631576057842274,0.3253840937722872,0,0.7847610939620566,0.5495805334428625,1,0.3917206499727138,0.5194627732610285,0,0.17694904648612414,0.3710622664719895,0,0.7207600856225996,0.33296289616816027,1,0.413415209544364,0.33965993799084715,0,0.16588900165339227,0.1630078979782022,0,4.018233340788373,1.1722723101581414,1,0.44744538689913205,0.42913809321762997,0,0.39552858897349796,0.2533613388088053,0,0.47635281250294714,0.6386996264624687,1,0.5402153651385714,0.6940841063052616,0,1.2944679241903603,1.2675992112961465,0,0.15859952939662042,0.1776842718672393,1,1.3707952387318643,0.3888011835439556,0,0.5545481063114421,0.2927978279883987,0,4.155985211120649,1.5952479909339385,1,0.5550318189667386,0.5616348190051826,0,0.36974441009449144,0.46283621259623564,0,0.9160096842927006,0.5433804457655628,1,1.5458705186433115,0.582238704214014,0,0.6365511795423705,0.3893938598501945,0,0.7579131583162196,0.9277544622041389,1,0.5799760029269437,0.3632371463294478,0,0.0967081671172498,0.1576386471212482,0,0.7014372668026225,0.8203737857141101,1,0.795339241863928,0.6129831446170544,0,0.3958447813854213,0.32853557036964665,0,0.25427570687567835,0.3888744013800345,1,0.6030372713079072,0.5705715074364611,0,1.2351734910811643,0.5358294528708148,0,0.9614017433848702,0.45306115377769296,1,1.1725256547702991,0.7778307259901645,0,0.41537304266540714,0.31112881385988816,0,0.4155728072125847,0.5787741999387369,1,0.2853547625095435,0.3405609559810062,0,0.3216331076340239,0.401104268089229,0,0.48271495976520756,0.295559913757792,1,0.24957858582972753,0.12515280101702783,0,0.33334326360291133,0.438364978287496,0,0.16578353723144656,0.14652601790800468,1,0.022794291408220063,0.03262486607973171,0,0.0,0.0,0
125,1000,0.9,bag,0.8034875752593461,0.016087220787114546,0.376005917498897,0.3391195243044633,0,0.4770750329951837,0.2781858087912053,1,0.5991544202835053,0.16821830229236262,0,0.31337694185236137,0.49981997140883266,0,0.9592696886900806,0.6770232878678104,1,0.6806394934953447,0.2780428109354733,0,0.44460717048113646,0.3499866495878182,0,0.5643598263425508,0.40961785960609276,1,0.8148456679634029,0.6137143597821592,0,1.1867946556710058,0.23333599212869516,0,0.5773674231147,0.32149284172863113,1,0.7828127962596856,0.6969323864234918,0,1.636026382433267,0.9605999853749922,0,2.2991654593008946,1.0595650408393038,1,2.2461614775525667,0.7976473401813604,0,1.4182136909901115,1.0400557286118244,0,1.0777626173543866,0.6875711067072934,1,0.7631728405594762,0.5489978429436024,0,1.2210589158973422,0.6681121499276425,0,0.8507804839726656,0.7966344774881795,1,1.3886482947432237,0.9075929127301925,0,1.8763808730719045,1.1826672773518034,0,1.0021464757035874,0.6048915310486154,1,1.6276864971083616,1.1434480909368208,0,1.282157887226915,0.9456027846474379,0,1.4506923451521667,1.0421899160448556,1,1.6786826369405685,0.43203017360621165,0,0.6772692949888629,0.3155812410035213,0,0.3496801014911586,0.46102110849971517,1,0.43229312915753243,0.184921694827267,0,0.16468982127504073,0.41173545211799295,0,1.3178922220268259,0.7220383484262676,1,0.8497264657199274,0.1343297612649889,0,1.9505378689993875,1.5475228528278486,0,1.4513980720008615,0.9138310675356135,1,0.7532596624715514,0.4114196858425806,0,1.533947237391251,0.9782365663701367,0,1.000035333725483,0.717089955149341,1,0.7276030424010888,0.7571893319881488,0,0.48651578389856825,0.35091015605446585,0,0.8363587346899898,0.8288046916399913,1,0.837233663118211,0.6899519285211319,0,0.40586582463368365,0.4109008013338662,0,1.0025443102949818,0.7620671998657963,1,0.7347150014743091,0.461261585434571,0,0.44860359820210666,0.453289444243734,0,0.3054808037751339,0.16285442943589665,1,1.0719107996104422,1.0562232393475737,0,5.550349442669966,3.097612344488524,0,0.4208556473197209,0.21818202250166924,1,0.8849826131837182,0.27966633420331616,0,0.38217404546300504,0.2812140159341232,0,3.0302002061198063,2.212935976550967,1,2.005900792680603,1.4973869919096159,0,0.5916249578125046,0.11846858490684514,0,0.6007654407886112,0.25912524818675897,1,1.9499357306897,1.3675219049249225,0,0.5955359818975677,0.345770780820944,0,0.8599400617570311,0.4328438184013876,1,0.34449371053477235,0.19275242811693355,0,0.667064905237894,0.3051498228446977,0,0.41510208118827024,0.24399389214790965,1,0.8119112899940637,0.7150457000066717,0,0.7431775702398458,0.3272376026724345,0,2.473623383033568,2.416046393782627,1,0.4693720568516159,0.302166617122679,0,0.937442646559034,0.5542332910286925,0,0.23998820107253488,0.042986199327699474,1,1.301493664800302,0.9683324877330712,0,1.4747767183102265,1.332533971598372,0,0.5900667089465967,0.4240767932919219,1,0.6440625925145685,0.6201142073872477,0,0.48643147404044784,0.13490632243985853,0,4.813902530496421,0.734567167186084,1,1.1143620633943614,0.27413757284518014,0,1.0630059724709697,1.2286766866546261,0,0.8803916920463143,0.44016432111666837,1,1.426268450415272,1.0263356384112445,0,1.5036920823003501,0.7849507683580139,0,0.923571738111862,0.6773312706306883,1,1.1154564009863213,0.48620708986516914,0,0.34188305556838483,0.18887998764380537,0,0.4387968938912078,0.4106250323033054,1,1.2251776797853196,0.2039678443392295,0,0.6734119881293487,0.17318827751896657,0,1.7637335736737534,1.058078873845808,1,0.7312550432841951,0.4460361443801767,0,0.8567689027849354,0.4512250618005744,0,0.5870818849270847,0.24224209897142984,1,0.9549254503950699,0.548057795179271,0,0.4905296548731398,0.42315235045805427,0,0.871020282572111,0.5089600154558755,1,0.23774935972278097,0.17824165812030443,0,0.435074338792535,0.3359229561533072,0,0.7983698112854997,0.4238737562176437,1,0.32276655673070226,0.32683319046734255,0,0.25973142433539725,0.18089903069061972,0,0.20188154234630326,0.06480868058722317,1,0.2805957458753747,0.15752187445324858,0,0.11774732722583729,0.17563410032776602,0
125,1000,0.9,mlp,0.9903157765542024,0.001503844916845767,0.07337950021714294,0.03335905306149136,0,1.5215534282356662,0.30051716051964955,1,0.045204080728885515,0.044187572314592236,0,0.019467489932095926,0.0269677353208496,0,2.5270653715361164,0.41567272457008214,1,0.1862583749100736,0.12116658441954194,0,0.027409206380690117,0.027896071611972568,0,2.2550301999641804,0.3643863212495681,1,0.01195953670825843,0.030658433062496587,0,0.04101230198763123,0.043523686822043536,0,2.039804499112481,0.4149525672583309,1,0.048953065443577,0.058665008328457786,0,0.03135825907573799,0.038249703892513226,0,1.1892792803699865,0.3160091547452916,1,0.2883044572510496,0.2258105666196019,0,0.06221776907333717,0.04047219716908093,0,1.0480667246619102,0.2528177860407356,1,0.11851261888796341,0.1149210570919942,0,0.08558563463257544,0.07133345710211783,0,2.1572289996798917,0.3813830383528324,1,0.1608368509632982,0.10975918637704579,0,0.02177887903609907,0.0699324451766519,0,1.5569923356621669,0.15395218971772218,1,0.053327363867615274,0.05192496754700885,0,0.04244008119612935,0.03440981400556705,0,1.6940183457199258,0.2496653504451394,1,0.06331021833648993,0.08080148149485598,0,0.01578422477165966,0.034268192607445576,0,1.7525657718274612,0.25089574515448126,1,0.01824463294347176,0.03465882173273211,0,0.03093311314078363,0.035292403548899884,0,1.9842439135743386,0.2630455580674822,1,0.036047509615373355,0.0813294723669252,0,0.0452763894883451,0.024412249730367257,0,0.8775512758971983,0.31817283728209306,1,0.16000754940187165,0.09900530415458758,0,0.03809135262631882,0.03240264450425184,0,2.043924958183124,0.4772799820380816,1,0.049573612624970155,0.05082466872167502,0,0.02694415124018259,0.031393240831511036,0,1.8875241970027468,0.19529819895463657,1,0.09006884904957786,0.06966503074794493,0,0.11255496497741849,0.054712231380545824,0,1.798756115840274,0.1922551536479279,1,0.011896588396632964,0.03596796669191771,0,0.07486603803086048,0.032830798957486154,0,1.6715000761253165,0.25829248047285597,1,0.025501931865650952,0.03483086052176444,0,0.07439107844299302,0.05093284818913171,0,1.1163076191566923,0.31897954533635364,1,0.16339853813049535,0.08558005382569366,0,0.07799517028801368,0.07160627563039605,0,1.4033839046591123,0.27407656823045784,1,0.08625736350930009,0.04759598960577824,0,0.0866152012841089,0.0490153791596692,0,1.8749972566510849,0.371240709251159,1,0.06554320097225201,0.039027486346105,0,0.022105356325879285,0.009026555172274107,0,1.6296514350426796,0.08561211831925476,1,0.08564052920460359,0.06954299767365243,0,0.041726792824745895,0.025687606345513647,0,1.3081582543678487,0.38315337776856934,1,0.039368383214358,0.06007763320557805,0,-0.000495262433680059,0.04234656464731689,0,2.5996221465800198,0.34505800337988496,1,0.06778127577354624,0.06074776127191536,0,0.02387867889880556,0.044209089285043,0,2.0224851970090434,0.17210326239175966,1,0.0278336809977619,0.054551059931142586,0,0.015365831574452963,0.024977283478710997,0,1.2500173560461336,0.2746060463664006,1,0.09534003097502766,0.08649563447496039,0,0.0331228893343956,0.018705314549192918,0,1.6284159053032283,0.20995833097401567,1,0.05266789909263344,0.04121674911340193,0,0.11184235439770082,0.10211337508292648,0,2.2229954198971744,0.3819765874070853,1,0.04877240898431593,0.05396043009448241,0,0.09709808167416473,0.051994575905935654,0,1.822143681827254,0.5167071950875385,1,0.028024834852856412,0.04004666509632773,0,0.06398546185415434,0.05299255466370147,0,2.173139585370258,0.3762225694025096,1,0.049193064082686234,0.056753082074698084,0,0.08457831432121947,0.03958140881983525,0,1.3938878667092656,0.16477079631899744,1,0.024538787995429634,0.03083781776871707,0,0.057260590654303334,0.10188469832122952,0,1.2697195058812998,0.17550946225297046,1,0.07895661421720097,0.07119852393120121,0,0.10498029920421743,0.09297553158661627,0,1.8979762616639366,0.43877815600538916,1,0.09989503688443349,0.08388444784782273,0,0.049323391267611406,0.07769770376806483,0,1.694224355963149,0.3792829720919809,1,0.040140183738572845,0.026196132128442483,0,0.028034945562300885,0.031537012413625824,0,1.765083617258928,0.28186949031072883,1,0.022133296444557048,0.03099784699077711,0,0.05178480558646762,0.03492967150678256,0
125,1000,0.9,svr,0.8532483001776017,0.02544045192070664,0.3381887561984461,0.0768270064575948,0,0.5298695646211057,0.08106463893232407,1,0.43849618972524,0.08141460692460191,0,0.6121755147803092,0.16228780260811784,0,0.7327713071865501,0.16797636628350246,1,0.49713953355583024,0.08017455348065929,0,0.6397959429815159,0.10744875580537776,0,0.8691438752463029,0.08567480769032326,1,0.7029097185494487,0.12570054422307725,0,0.6718684354888689,0.10027179316328232,0,0.9989710057813854,0.1943338805332568,1,0.7896334734406066,0.2585524665412775,0,0.8185602531819878,0.1805774895475045,0,0.9578163789423062,0.1276480211957386,1,0.8811841605671736,0.1712845772263188,0,0.7630341774999059,0.19324925518465152,0,0.9743882561818422,0.2088673666784093,1,0.6675880042928515,0.1499647507863854,0,0.7899036721665122,0.19495616816476832,0,1.0883079872802102,0.20686982866534748,1,0.9023876994621967,0.20016873928828308,0,0.8930971318532887,0.17631603345983568,0,0.9990600474748469,0.15807065797282885,1,0.7512917182645341,0.09225727551501636,0,0.7933620654981257,0.1451807700379696,0,1.0131444686083944,0.11839353547567852,1,0.7577606764123165,0.1203829087843798,0,0.7866375387175676,0.06736555934768242,0,1.1266971984459058,0.1371315304522331,1,0.7604129411366052,0.08177188014650556,0,0.747977887528371,0.08121919126516278,0,0.8654705877226896,0.022991925348184325,1,0.5702464119301041,0.05190883664011689,0,0.7435330203329686,0.10220169612185079,0,0.8480508234659793,0.13117023176992665,1,0.8357197416326375,0.10977527353132586,0,0.7424320153433024,0.09538461836701731,0,0.943579033545612,0.09191431158973795,1,0.8586476944039247,0.10505252665948324,0,0.7238216010823881,0.054684537639585536,0,1.071334199557869,0.09147826495322907,1,0.8121131621937939,0.14893285132540643,0,0.8363252496910917,0.07031373982443465,0,0.8914060496654054,0.1072957346286325,1,0.6935012788833005,0.11036754276510373,0,0.7748240538368131,0.11032420342050701,0,0.9466340423636679,0.13055462892343966,1,0.8180454905504307,0.10897295013195464,0,0.8526779088977714,0.18925872262216822,0,0.9353361298086948,0.1928566803701999,1,0.9241126209030428,0.23104641943153828,0,0.7603800176036444,0.18034980004444331,0,1.1288738095939839,0.1507849380943402,1,0.9139363092606934,0.1620855923843897,0,1.0414707788182418,0.16995265113662988,0,1.1960814412702958,0.26962078861539657,1,0.9545626736065053,0.22550877693334742,0,0.7314224306908026,0.26617720761101354,0,0.9243523780767211,0.18147298109120488,1,0.6874404218773185,0.1638797012693764,0,0.726177498288602,0.13422628760513294,0,1.128663541875572,0.1681500574613295,1,0.7648240746091385,0.11839533208875258,0,0.714894357763509,0.08870512073155855,0,1.1442134718827517,0.1526705374589108,1,0.7940096727260952,0.17946754825602113,0,0.878799625745116,0.24367772384610806,0,0.9527903759724993,0.2532558719900622,1,0.7825374581358777,0.13243701084956752,0,0.8634481369914173,0.10055697054770182,0,0.8084764268499548,0.09965894883700806,1,0.6365855811370285,0.08851482407666515,0,0.6393882874006532,0.13464704107055797,0,0.8676729959280379,0.15261136029583003,1,0.70544818631352,0.09777174130723527,0,0.7461712702094537,0.14612988031112253,0,0.9488221229221818,0.24597794869701042,1,0.8953093719813522,0.24525900092611083,0,0.935862039650018,0.09306850951416998,0,1.009837592962913,0.16129730271123158,1,0.9937839425643444,0.21733855651539155,0,0.7503025737013652,0.23286359862060746,0,0.9571574196504979,0.24741824544688754,1,0.6993583983755067,0.18455874082140677,0,0.5292944582921468,0.17748641777629612,0,0.7874829101679828,0.1525177850992794,1,0.7474684406616324,0.12334449385133489,0,0.6761866277308931,0.07423852596905149,0,0.8577862252920537,0.11787437405499487,1,0.511622547568274,0.07064362397932142,0,0.47326274168430693,0.06232183102921654,0,0.8902338988051024,0.13603023899450814,1,0.6016585836095729,0.15128252169341935,0,0.6793946523904394,0.1982200786390262,0,0.8379681800476586,0.2079065878439881,1,0.6272095015563559,0.18185760892361158,0,0.5653267155271655,0.1576900536350916,0,0.756785561746305,0.17707487455341697,1,0.485130186942153,0.13372293975164684,0,0.4241248546073419,0.18869604821196295,0
125,1000,0.9,knn,0.9067417434227849,0.008307735712110824,0.7947526054583088,0.565578037884554,0,0.6888614426077332,0.3380860039722352,1,0.5612829347706191,0.5150529487825932,0,0.4744280434611549,0.4564334175729915,0,0.7264293975509837,0.333303824476846,1,0.6262261125290892,0.5862750475493712,0,0.6000476615057981,0.20304156310847898,0,0.7576950493466014,0.36630246960113216,1,0.6828992910286432,0.21579076325218727,0,0.6489635971053238,0.2692929539220058,0,0.6335792667832886,0.3665006783127508,1,0.9788968426388751,0.40483815783952004,0,0.7281295434789029,0.5477386402265314,0,0.6342748571298129,0.6488047374120053,1,0.4749213334937143,0.5613220139633116,0,0.3035598074382904,0.6656997526639993,0,0.5261088724562402,0.8604847874915837,1,0.21932051860220647,0.5878252191128579,0,0.5542301093119859,0.6273400406023459,0,0.7567347547444604,0.352836967565851,1,0.4581798560787999,0.3505993870455551,0,0.66706457245859,0.2970022363087734,0,0.7845033643382181,0.45830352382154604,1,0.7571320838419471,0.26872489076475176,0,0.6829620025671789,0.31855667109789815,0,1.0857431350501359,0.2208989341644929,1,0.9484402783147605,0.19166626675720283,0,0.7488716113667728,0.2982905164609679,0,0.5836513437992594,0.43272284232614283,1,0.6518189666457661,0.535039654863165,0,0.6428547122734607,0.2847929915228492,0,0.8356891837934993,0.3433596110174632,1,0.7633919532862458,0.4994530637540204,0,0.754536628302173,0.42460100360110964,0,0.6958494495568062,0.5621569874496084,1,0.5155902733086288,0.4267814247591283,0,0.5347085162254267,0.2141786122334283,0,0.4416741258794348,0.13982747121592862,1,0.4529944314201667,0.1481794428637141,0,0.6034969930789152,0.17398703590943035,0,0.7793783121550432,0.526938721613238,1,0.5474821739365274,0.4330997088746231,0,0.6827807663988983,0.5511562831855282,0,0.6910526970814406,0.7353011300133755,1,0.5423104643471757,0.6062483412544614,0,0.6584342374634483,0.5620735330721452,0,0.764681331806546,0.2802905537352055,1,1.1322288062445423,0.2529203088687338,0,0.6742848356900312,0.3301164493337232,0,0.8320069969495817,0.41741165735161834,1,0.5426028972891367,0.3630830007871147,0,0.5511240387159744,0.26187727066113486,0,0.8270363155755647,0.5024979052178503,1,0.6094075051663873,0.6503698855681391,0,0.5201599444527591,0.30372660427747317,0,0.7710500532050696,0.4616104514457432,1,0.841062884687006,0.5275557384807499,0,0.8412211627767039,0.48363972696627,0,0.5791211831651597,0.49204724969852914,1,0.4126043239412704,0.6540135767039534,0,0.4909040658994314,0.5149412206281819,0,0.7307246239572496,0.42514918613094876,1,0.6140004619379191,0.304494333875942,0,0.5020354336540451,0.30206820140496454,0,0.8424170290242374,0.5083084229917999,1,0.6727972913800209,0.22149157211511902,0,0.33876029540022295,0.36220235789698074,0,0.5104484637951551,0.5462507802645569,1,0.37718986620323225,0.4789981176983938,0,0.49998304257281195,0.5230897252355972,0,0.5441565189263595,0.3784919323260014,1,0.3531463338413773,0.3461534529636772,0,0.320427769459369,0.37138475560464734,0,0.4392582341383104,0.4853674463697693,1,0.2837497997962162,0.5115288980146538,0,0.2594734404226259,0.24281258842065617,0,0.5495287357536387,0.36193095138024584,1,0.8688013898730172,0.28518198226880126,0,0.8232297063083177,0.20868705213089564,0,0.92385741214565,0.27362146361169504,1,0.7149384252506512,0.36377148052402714,0,0.6530250014376883,0.45316080526227975,0,0.7071646272252812,0.4902234556728987,1,0.5178608116378818,0.2904085047065886,0,0.5724128429810689,0.5119713451495408,0,0.843461615262777,0.4047687681658007,1,0.7816273682622337,0.5407553748583241,0,0.8827548492182601,0.3850659161972634,0,0.932240304795171,0.5529113893433635,1,0.8495567891730857,0.286418161317216,0,0.7919644932298879,0.2507840108390273,0,0.9150215963900296,0.26151323004355737,1,0.8407457090969743,0.1850811601924671,0,0.6655462857978044,0.2758509199344984,0,0.789190382452011,0.27923717381833685,1,0.6146195001248771,0.34260781307318594,0,0.4454930846240567,0.46077595702386054,0,0.5407850325045988,0.4836882534901489,1,0.4491139970879276,0.43097501410977296,0,0.327440473288975,0.3174348801461115,0
125,1000,0.9,SuperLearner,0.9940389679377546,0.0011277484997584402,0.05356433725428662,0.027160366462325846,0,1.4654705113063469,0.2539467785039657,1,0.010053387535281498,0.018205750935919748,0,0.010623366476984985,0.012015746072367979,0,2.133510303682619,0.17107588703960838,1,0.012817821709637148,0.013846360885296156,0,0.009823203934472408,0.011244659100368414,0,2.2495629338812666,0.41101197728417,1,0.005690092559979967,0.0037860314116625765,0,0.009572192764191521,0.017706222515454374,0,1.7665225853313715,0.42230345003978037,1,0.017980888180542116,0.01845807025611546,0,0.00782102763098166,0.009335995512914613,0,1.6603552000586004,0.42411267635927286,1,0.10674809947211816,0.08901190457554604,0,0.07335750465295107,0.03555151361613478,0,1.6097333253386812,0.31227669087546706,1,0.06972545540705499,0.04122310563037575,0,0.046681503585998416,0.046385533431702396,0,2.668430119012805,0.40723664679866584,1,0.017003009961873306,0.011170098680758338,0,0.01813523865523474,0.012374689079031739,0,1.578218557164989,0.22422858881006835,1,0.012361887415144686,0.017719056019964347,0,0.0007454022269749975,0.0034683912406144133,0,2.3113459142886272,0.25267537023183245,1,0.010882126399155093,0.012590519767923873,0,0.004269987315552747,0.009987867677504784,0,2.2266848125750736,0.2691653672079085,1,0.0088717000393306,0.011462589420667692,0,0.004282806462545963,0.006283010186956881,0,1.6629384163756882,0.23589046447675874,1,0.015111697498646071,0.013040655456892834,0,-0.004754484082885051,0.005491466632672974,0,1.282230697996368,0.09290167175918583,1,0.07200117149461231,0.04757609504273005,0,0.05927541321298942,0.03964506797030157,0,2.4227882782583636,0.2258558395669766,1,-0.002476412021786711,0.014651342346355211,0,0.003972747715406887,0.012310825322280002,0,1.8827322235693067,0.14844100198430987,1,0.027168849580002697,0.031012728406205954,0,0.054307123615206634,0.030756219604695406,0,2.117840635288764,0.25554339248204627,1,0.03818195984719615,0.03346191783488553,0,0.004871418299580511,0.006333253777336424,0,1.8868163529774933,0.2733660936128105,1,0.000981896118402378,0.003420209076403463,0,0.009022311946479133,0.014802631884871987,0,1.5974451019264724,0.163331254953139,1,0.10052788691371681,0.030572430261859292,0,0.05548574814135452,0.013452329387328791,0,1.9309610540891193,0.34131856098021857,1,0.01263269924126589,0.009816131096668073,0,0.0002434656026594136,0.003044773525167996,0,1.9853414799359559,0.26886901337266506,1,0.004879264370713972,0.003852142905482889,0,0.012996578568527244,0.014659626733366949,0,2.025652561432326,0.24347207203591376,1,0.00028480131457445215,0.004399212119041415,0,0.017797344815741186,0.019897419031888998,0,1.7140182039962366,0.2905817265850643,1,0.04208708052797991,0.04593115045572212,0,0.08507096490904678,0.045742460614718476,0,2.897243065968069,0.21064452017207444,1,0.0007791172636417551,0.0049888267953263,0,0.010787333014657879,0.014919574238511792,0,2.1068276357871327,0.11313043290594259,1,5.720264472887718e-06,0.0038516893823020105,0,0.00931274537126942,0.008649269486978577,0,1.3645094210400353,0.18672216080245946,1,0.001544259680916258,0.004008957374724009,0,0.0076124965901795474,0.004745097449789125,0,1.8199789994680817,0.23038625952506822,1,0.004067929978199884,0.006474469403800408,0,0.002752915699092184,0.00675009925140461,0,2.2194019039301733,0.22714561501161779,1,0.011593571830268611,0.016443074576780375,0,0.06225904873477338,0.014671668920701658,0,1.6507303916261058,0.3117208347654199,1,0.010445714910080325,0.014720564710521739,0,0.0018101642341718641,0.005193664740928613,0,2.4588769218448454,0.266015575683566,1,0.04340466515262757,0.027678795740258024,0,0.012944569915370453,0.01613114907658805,0,1.5972270192837252,0.14180446502819005,1,0.0029281101218244327,0.0033775204938979626,0,0.010574450855231335,0.007048668440628219,0,1.7040371710526572,0.14214597547709865,1,0.0197856149943552,0.009464128056201719,0,0.08546854054149548,0.0581052947921184,0,2.30844019981196,0.3262866341030942,1,0.01141417575494466,0.013758139278281652,0,0.00660924959145619,0.017943842334387432,0,2.113383156467657,0.312420256848761,1,-0.0028968510163816337,0.0036989239183919786,0,0.006897073386695977,0.013943913517687846,0,2.185601227509089,0.23053029459365632,1,0.010334832645934305,0.010806786015149563,0,0.013749628195940732,0.008464638164436308,0
125,2000,0.9,lr,0.9948930388466456,0.00040379473567527484,0.009899930975586599,0.011032591749228108,0,1.757575124298631,0.16420348345904098,1,0.004771252160478497,0.0067856759383670626,0,0.014809646487082597,0.0073985817904609966,0,1.1696590681244414,0.1357533765103741,1,0.03751223262977438,0.01808645137810081,0,0.00017184023356506817,0.004005932134877078,0,2.157408242644343,0.17475367616660395,1,0.019476547937342846,0.015140073057240628,0,0.0007620414403035871,0.003944168472682089,0,1.980562346484844,0.24747973960276445,1,0.006663979803309137,0.00564720141511953,0,0.006211436848472096,0.006819740811984581,0,1.880658789650365,0.07654646264599509,1,0.018411052027778242,0.02063873019798872,0,0.011646284779252645,0.00702945376616877,0,2.2752478547806936,0.2521500218175193,1,0.0011583524893980118,0.005551097501979493,0,0.011146198598794272,0.01110091316486852,0,1.8122039792849822,0.18561266549764774,1,0.0023718704563790325,0.010557303991192894,0,0.003977330747016716,0.009529211853183133,0,2.3380262254132402,0.306338110726448,1,0.04246688672930506,0.023534947163388754,0,0.007071881655205528,0.007280853041573649,0,2.2256207202626674,0.26645559251572176,1,0.009474913199227376,0.01124865811626376,0,-0.00014574457947255805,0.002505204054216953,0,1.9984069852973216,0.19639825750114578,1,0.028539286662578343,0.023051740821371153,0,0.01013910288353483,0.009950366168919844,0,2.087037108027842,0.1078680093342544,1,0.0019258650159968797,0.003957461824748118,0,0.011421223210447046,0.012595774456629814,0,2.063255419824018,0.14247901513273106,1,0.0041535985820150435,0.0052893460327246835,0,0.005591208814319465,0.005974153952655731,0,1.9128647594769526,0.20780358028891271,1,0.005986667686583671,0.008413886548750525,0,0.004847070114490064,0.006910412041818196,0,1.9464276997766432,0.03835795391249585,1,0.014322096714646187,0.016974236624905714,0,0.003899893874753068,0.00415028887743099,0,2.023961009569144,0.18132633134299717,1,0.018826849774160312,0.012918388620805313,0,0.02307023956438068,0.008341697544610081,0,2.3206194142019676,0.27546129156248345,1,-0.00015555647307392384,0.0014544048689619352,0,0.0030075741012864808,0.0050175648803642905,0,2.4306403240896652,0.2368454478206417,1,0.012394299033179857,0.010633599811058415,0,0.022709193371039795,0.021091240797336108,0,2.63375813027631,0.32332259538776376,1,0.007574926565829333,0.009522710163276356,0,0.013480332818044042,0.008526542528301553,0,2.369172124186348,0.1556030570110662,1,-0.0006438545311153263,0.0028644201988463455,0,0.001740673400072262,0.006314999902509035,0,1.8623918168840654,0.10977594054956084,1,0.0059233350757024435,0.00676620454992281,0,0.0025492640969763383,0.0013483328654110903,0,1.6798730343408557,0.08991691739604543,1,0.015526396476076027,0.00943864130756651,0,0.028137423423373713,0.005869116065390231,0,2.2048097439107277,0.22846496924023071,1,0.006273990682103092,0.009590594071117562,0,-0.0005998320056400882,0.000816919613150468,0,2.7252787716047044,0.13213259792122994,1,0.014417460337408816,0.014358090170954288,0,0.000945681656019082,0.0026649727800555443,0,1.8785248466022022,0.09872910857112734,1,0.002083101358792231,0.00214762162892642,0,0.005606437049858115,0.0037306559505939293,0,2.00995723672128,0.15876106781188273,1,0.008709588955601156,0.006778114583100616,0,0.0007017646823719826,0.002724787991108834,0,1.9451836632702832,0.07777060677198724,1,0.0020048576300112564,0.003078623143067438,0,0.002377041944556843,0.0029233858923093446,0,2.654286292174536,0.20124222361802405,1,0.01292298581109238,0.012903064395492544,0,0.006931802209221805,0.013694367586784132,0,1.9064718654082413,0.20678030114751578,1,0.0008767360974875845,0.002136532130614487,0,0.0011085441086451594,0.0040546845129655245,0,2.0555525874997223,0.1610641276351753,1,0.013008105011237244,0.006795803080909,0,0.00427579435455563,0.008785421805041731,0,1.7584553521509623,0.09991939783252513,1,0.0179247328088387,0.01471950287967394,0,0.02768518549175371,0.02105087395206707,0,2.2025085112135554,0.18217161391364306,1,0.014594564593330023,0.014819170310428615,0,0.007697501120737103,0.008502897823968226,0,1.9102426153102168,0.16024768742447737,1,0.001748360598150449,0.0022819145114572714,0,0.0012722014223397152,0.0018728410194436278,0,2.0645768431282607,0.2579097091615713,1,0.005384152010063427,0.0067363930572565695,0,0.0011815908309767184,0.0017137040099576395,0
125,2000,0.9,lasso,0.9637072123600536,0.0017292893024654008,0.0,0.0,0,1.2248022497741815,0.12378849302985795,1,0.0,0.0,0,0.0,0.0,0,0.9670449520920732,0.14610898652741963,1,1.1315259357791518,0.1406786072448666,0,0.0,0.0,0,3.5029550540858994,0.13635350594809675,1,0.0,0.0,0,0.0019027121316625185,0.0038054242633250366,0,1.8508799370873934,0.3285431725083712,1,0.12533499278805071,0.11502191435010009,0,0.0,0.0,0,5.467501136739779,0.5928458481042896,1,0.11880385793737418,0.06785564019510897,0,0.0,0.0,0,2.5083630137263317,0.33041250899087743,1,0.0,0.0,0,0.21424153243166355,0.20783662521570442,0,2.261047636821689,0.43633875227017044,1,0.06827198153289282,0.08417459771113676,0,0.0,0.0,0,2.999456583500108,0.401517469091799,1,0.0,0.0,0,0.0,0.0,0,3.0930281542004736,0.664422406891965,1,0.36056171394376924,0.17361862124580996,0,0.029601630651052518,0.05920326130210503,0,2.1725810964736003,0.4217174353100765,1,0.002715255642974185,0.005430511285948369,0,0.30978211855654986,0.13634171686813873,0,2.175372945590724,0.18898412959227584,1,0.0,0.0,0,0.2908003953219677,0.15460636335356207,0,3.0878321226979137,0.39062738596381635,1,0.04259482484136778,0.044329100744192114,0,0.21040270637634836,0.17737157199472578,0,2.698201380133149,0.3771250862681838,1,0.0038416595516831574,0.007683319103366315,0,0.0,0.0,0,2.024999487125112,0.22916648533921452,1,0.047535284815260655,0.09507056963052131,0,0.06366499853619133,0.06344871648899779,0,3.5243730104859865,0.259554978678509,1,0.0,0.0,0,0.0,0.0,0,2.7889198963068,0.3791316067634825,1,0.19802201339298892,0.19870293453469368,0,0.12784082073970932,0.16029469214938386,0,2.565855650635439,0.2600453290246018,1,0.0,0.0,0,0.0,0.0,0,3.8931852604648727,0.4095638478872218,1,0.0,0.0,0,0.0,0.0,0,2.2653069635429586,0.23820228507094085,1,0.5715020237336248,0.20443361720322512,0,0.0,0.0,0,2.6309881375750974,0.21953135404417912,1,0.04664399594708341,0.05978047701891091,0,0.0,0.0,0,2.5501143642728437,0.4991068657293917,1,0.1780356460902238,0.17749719839185008,0,0.0,0.0,0,3.6607661661450654,0.20963625841631098,1,0.0,0.0,0,0.0,0.0,0,3.407075376826115,0.20125609629830118,1,0.0,0.0,0,0.0,0.0,0,2.7773186487761317,0.3301634358894139,1,0.06999568750539624,0.058400999995886285,0,0.0,0.0,0,2.8979429354538437,0.1561983114437224,1,0.005730723426071731,0.007745353805842641,0,0.0,0.0,0,2.6828127845451903,0.3209774271254987,1,0.32774631459364373,0.33527963446635584,0,0.03899099196375437,0.07798198392750874,0,3.153726525175345,0.27195851447800284,1,0.0069861311197470174,0.013972262239494035,0,0.0,0.0,0,2.617491686264835,0.2504167558568703,1,0.39002467590850654,0.19938792510158265,0,0.0,0.0,0,2.872719728325992,0.44657494009164106,1,0.0,0.0,0,0.0,0.0,0,3.3819175847911964,0.3934038378807102,1,0.004340354923083254,0.008680709846166508,0,0.0,0.0,0,2.503618227426451,0.32438307349864487,1,0.0,0.0,0,0.0,0.0,0,3.117804324097014,0.23767728913388714,1,0.020555285351244935,0.02839655343908831,0,0.0,0.0,0,1.2519106683989976,0.15948177578270026,1,0.0,0.0,0,0.0,0.0,0
125,2000,0.9,dt,0.5314543747712807,0.04240524937065737,0.5616725638600266,0.7411406778095829,0,-0.4966121058505369,1.2212007450560343,1,0.8018957972283127,0.8522974675754135,0,0.3953905408637288,0.59328260616099,0,0.742778018670673,0.9440576712117371,1,0.24540495787954758,0.5676491823146881,0,-0.2316476525619104,1.2501230237447485,0,2.290652670186642,2.317660036453931,1,1.0046569238175918,1.257553879424694,0,2.2358152608494053,1.922147257703877,0,2.277261046188918,1.666451412945534,1,0.19308784922271446,0.8417050590022352,0,4.04574181203392,6.245754653739577,0,6.034687187389381,6.343043883571049,1,8.624398867804132,3.9492479866379298,0,2.084569866665712,3.473135993035612,0,3.728552935650005,3.8984990262285413,1,1.4950485825902742,1.3898784641674633,0,0.5983847277104926,1.1401430249046627,0,0.6169822077760317,1.3666890424360847,1,0.4666269036577605,1.0974612589055779,0,3.016785923765498,2.334317644004689,0,4.267373745003344,3.342998487556131,1,1.4222597269784587,1.2761432092358878,0,1.1988266523540845,2.1211101862258226,0,0.9721487710677504,1.5123854179167273,1,2.1412546772916325,1.8001792949020667,0,1.0802823538047506,1.0197835320485662,0,0.4477588147258104,0.5678407409057202,1,0.1186154762694053,0.9579241511198338,0,0.6996486696491434,1.6404602154142105,0,2.846596836364643,2.799984272691273,1,0.025859800019516342,0.8563009857432095,0,2.226280753167731,3.347387479031645,0,0.7145015666621142,0.589343226293635,1,4.173593028953525,8.078276331524298,0,15.692879983083326,14.140309897204874,0,0.39149707392426963,0.9866805341722331,1,0.138432634441391,0.9119640019927446,0,0.7586144643554438,0.6851217225094194,0,0.31526998549655244,0.19633844699613523,1,1.3211640605837975,0.6895243501783288,0,0.47848593861247346,0.9135939129555075,0,2.207944134015629,4.0001648385774695,1,0.9624141588248945,1.3557206752160038,0,1.668984416523955,1.249817501278712,0,0.8994562629085008,0.9663862963830329,1,1.2618013903719763,1.5578313908900088,0,0.3095574657898902,0.7171792570163986,0,0.5398054787552512,0.596712404508355,1,0.998911546782141,0.5910780930523879,0,2.471407035081764,2.5277268078410153,0,7.612218671384419,9.248044166411812,1,0.9406548732379919,1.1569669342127018,0,0.30669357961873117,0.7314769561397906,0,3.3713678155586115,2.1736594921775243,1,3.037449819779821,3.17780769101274,0,0.6485109409169818,0.706248344881226,0,0.8171616603873033,1.427826069115598,1,0.8254962125057812,0.42196415169021656,0,0.624033746157921,0.5459502906214063,0,2.5668329328791057,3.6074175341321024,1,1.2460954719404025,1.525172319053392,0,2.435184934903309,3.3752640700901493,0,8.200438701156054,7.062368479600917,1,0.8590976804620452,0.6269599518386214,0,1.3518403844087257,1.2501860886580538,0,0.7843884608022866,0.7354993070910639,1,2.379586554307094,3.828353194692033,0,0.03913217005895142,0.7584327010875499,0,0.6578878924424835,0.848882516957017,1,0.781643500102833,0.5864610838074173,0,0.634439311140962,0.8307627588227988,0,1.7855930709079977,1.2646765018078967,1,1.5219272969971451,1.7693684417212667,0,1.8298842634500303,2.6386820153741435,0,3.8670000882155704,5.2309809743231614,1,3.6316302221581616,5.083026592302362,0,0.9750977908456504,1.1871034819830872,0,5.785291153541709,5.205829599752671,1,1.1193049022766934,1.7875423981904979,0,2.5227232120748524,2.394756288344088,0,2.8848950504204036,2.8245068428307847,1,1.5538223093896069,1.1875458001062074,0,1.602923712516672,2.3571631529029218,0,0.8486578062625373,0.882969626968193,1,0.2144933198628362,0.7240054573063581,0,7.138686361455309,3.5527984311163916,0,0.7309108729860071,0.9044431681284925,1,0.08897057539016981,0.3984762235606511,0,0.9011531854321653,1.092040734053455,0,0.7843628276718638,0.7300129540306723,1,0.9503611481765215,1.020483257310988,0,1.2504544827166266,1.7094356030035354,0,0.4470259750870964,0.7350967043503001,1,-0.36953544933521576,0.7342194696994215,0,0.34016105819015374,1.002833854367856,0,-0.051436949640690635,0.5045445750604155,1,0.5494237227495714,1.243174351804775,0,0.7285386128407665,0.5881942429732863,0
125,2000,0.9,rf,0.8631009500026705,0.010481489843761294,0.2388830423803056,0.05900626821890886,0,0.34557009306114284,0.022274105639681095,1,0.2659552464089326,0.07673532141617172,0,0.2861858610525446,0.06301402327667321,0,0.5340994931594765,0.1735999861310184,1,0.5621312382579523,0.05900949112023856,0,0.5594901421115741,0.09617828312560779,0,0.642541917961476,0.1018324424483191,1,0.5530507572958901,0.1108813459192994,0,0.5779473096742833,0.09868025991881875,0,0.5455268328913043,0.15691666779524452,1,0.709579959297333,0.14253777533499487,0,1.295933275712548,0.3425339952413344,0,4.304768442428705,0.6755533989288682,1,1.8806761815645472,0.4010551539477814,0,0.9033758284092526,0.2032039211919725,0,1.4982505820887013,0.42908429075654786,1,0.5825624675346222,0.17302435218343887,0,1.0976548388656253,0.3020380350890811,0,0.7582530606893092,0.10227950527822395,1,0.6286365162755702,0.21387193263541712,0,0.8276829600833894,0.15331688764146648,0,1.2437642231130823,0.3714316361361383,1,1.0165778339902276,0.18558911783047968,0,0.6291082003824664,0.23006635018833624,0,0.720486369827749,0.1813467067427034,1,0.8800847214266521,0.17363235025038404,0,0.5760830255502114,0.22754567393089775,0,0.6649978613567937,0.32131386862727157,1,0.6081943383903539,0.17000355188189256,0,1.0177252044972225,0.3746811011649061,0,1.0543245896368119,0.1957500969846422,1,0.551449107863744,0.11178538669993379,0,1.3183935920884142,0.4346809932685807,0,1.8539795510895245,0.5078838230872876,1,1.6915516926675405,0.33187556843981375,0,1.8201406295009306,0.6997181550526104,0,1.0118253541968998,0.39956150406473856,1,0.6137397775371332,0.2181723221219756,0,0.7036516815311111,0.1927251990662497,0,0.538061847974473,0.1441928753248468,1,0.4487559355584659,0.09336330219137805,0,0.5731288684417983,0.09322327959006839,0,1.0546154683525923,0.3057475323725409,1,0.6883138471523907,0.09463205870872203,0,0.45592570743987243,0.06853174073816425,0,0.7423023439514858,0.10889853933460598,1,1.0891819616220686,0.16929209892769698,0,1.7052658327546606,0.5221910238129415,0,0.6776518138456111,0.106200993523233,1,0.8007022557842474,0.16700917007894622,0,0.6308013890221532,0.14868914594628058,0,4.1173633703393495,3.1111443579158276,1,1.0005747516595493,0.2168437656040932,0,0.5548150920472612,0.19103893221473967,0,1.0235123165336297,0.1823012365629042,1,1.007562065071058,0.31591338341490166,0,0.5888890225597961,0.1151812619248804,0,1.5123766071620968,0.3738692817939041,1,0.6826279398271515,0.18808975692319835,0,0.9936869433105404,0.18188681019917696,0,1.1292181992395303,0.20074500884788582,1,0.9766304892641406,0.41966958893231204,0,0.9265987583633933,0.24877636322446953,0,2.6477757628583034,1.0873853366280997,1,0.6116414607564125,0.12385915520303446,0,0.4393895101125775,0.0912973554801713,0,0.8956527598167705,0.33672012312811705,1,0.8429884585297387,0.24821393335044578,0,0.4564636642293317,0.07367187900083262,0,0.8927941372154354,0.22549540675265198,1,0.8878810487812947,0.3317074182742204,0,0.6511842422753874,0.1742017299241173,0,1.9427256522484981,0.2279019518234753,1,1.1603655583989059,0.3246142010789763,0,0.6684962537817501,0.2588159194863546,0,1.126572053906991,0.17486619926487484,1,1.5549688172331722,0.4080933243453829,0,0.9553007851961437,0.3900759574002605,0,1.43148620191483,0.28794367930313386,1,0.8173484796541161,0.23282392984818737,0,0.5713878382839521,0.2180152725968306,0,1.069042338516274,0.09184757519573668,1,1.5418870061417862,0.2714307043143308,0,0.8964702843569023,0.1494036411035082,0,1.160633576820389,0.2885572835984053,1,0.8276576359440035,0.14702064247364638,0,1.192893086420996,0.28496952500524564,0,1.249525937078041,0.2527931286124467,1,0.7582222931245849,0.1385425690614668,0,0.6953396136557681,0.11977648599543357,0,0.8533892135586727,0.18736814830844126,1,0.5391552680837178,0.11517718421576471,0,0.6094850266145015,0.12830209778898052,0,0.6076058314390679,0.1499152309455026,1,0.36089782928024705,0.05221154487226216,0,0.3111357564303795,0.09749935179370385,0,0.3055721055967512,0.09407613105716879,1,0.24226782170340383,0.05266385870975356,0,0.148101915671456,0.0917746677728708,0
125,2000,0.9,et,0.8827075776585591,0.009679457175889953,0.20580214991144277,0.06509476286447193,0,0.34747664065071715,0.05395969290268731,1,0.3150648397322762,0.07198106873090027,0,0.32308450227743835,0.03735626460619372,0,0.49495621606576723,0.05749456223412171,1,0.5909058846082873,0.07777882280576984,0,0.6352718836757998,0.025600594718927585,0,0.7181926815102576,0.08666638506982288,1,0.6163666766788796,0.04621784840549968,0,0.6552730228232797,0.09262433390808666,0,0.645832057426518,0.1622167540618536,1,0.7405930371891669,0.20156214155650223,0,1.3077491684260902,0.35196106368534774,0,2.8588925329516996,0.18683958903070524,1,1.8244798527942756,0.2685361702928012,0,0.9471003789328712,0.2629781142867255,0,1.6442897698358088,0.44927108502167207,1,0.6948243798090032,0.19050210166042064,0,0.9786120363855314,0.08454487030140934,0,0.784102362866679,0.09060629213263112,1,0.6473104389764666,0.19175504790754616,0,0.7572826953660907,0.24195213589098488,0,1.0294667065679728,0.18557826172242983,1,0.9581457663950352,0.23380989373557345,0,0.592550840317126,0.13314198745692735,0,0.8828864429326817,0.09949704401876877,1,0.7428067513117609,0.11488499242384283,0,0.6926351981206876,0.16191190197113975,0,0.6539281397602255,0.10980655317958421,1,0.6490472026306588,0.177384542280905,0,0.8960072380749897,0.1689884279610925,0,0.9504040098452677,0.29813935587125867,1,0.5847053854298941,0.12221375737103188,0,1.5122073311210977,0.33496173486384806,0,1.959825648954982,0.716039714667562,1,1.6764932678562339,0.4283974764993864,0,1.58382116293634,0.24590228135667713,0,1.2212517238954763,0.3227804094961534,1,0.616989249224597,0.10370748152586938,0,0.5633520014336624,0.06815059049236055,0,0.5726131149721359,0.10480474172159182,1,0.5678260844119182,0.06512765787988917,0,0.5089852705580001,0.20862866137658445,0,0.9355920455750801,0.1755060413864532,1,0.6716422879709449,0.06947137202015223,0,0.4689658874074011,0.07236550839081293,0,0.7570635236118695,0.14909783385625755,1,0.8599188962950606,0.14411420041318454,0,1.4795262116410381,0.3858760679639747,0,0.74512860475337,0.06360957226994317,1,0.6975209190633441,0.10926722292665933,0,0.8767502278003441,0.22323662276241488,0,1.8764328062009716,0.3663908337236808,1,1.2729888783420755,0.2849753179547984,0,1.027900772681297,0.2416874444346179,0,1.0875703274015254,0.167216509675322,1,1.1728952227260228,0.18903454536265238,0,0.9338089622439485,0.25137459582119775,0,1.2663243629493688,0.21552007268995527,1,0.7704161189996979,0.10104863869187539,0,0.9530704318331592,0.2270673930919089,0,1.1467186057067489,0.23139289762558415,1,0.8665038943814981,0.28234929671318343,0,1.1351172009319086,0.19128672612434466,0,1.8811455019779502,0.26894038808365384,1,0.5908861126357664,0.11471529816246864,0,0.46848413406039374,0.11606325101544732,0,0.8168341849242555,0.18746315085560916,1,0.838237556858874,0.33212810281189187,0,0.5266859892384563,0.04762066164293672,0,1.2829689750160742,0.169986783480533,1,0.7904444604056112,0.23530931160558252,0,0.7267563751065322,0.1406243681394906,0,1.631088373545556,0.4937526170458975,1,1.0850239439746487,0.20717428686713119,0,0.8743120594281264,0.16343245635927517,0,1.3442142260187275,0.2939233210201752,1,1.2782599346067602,0.13034576246330487,0,0.9702304179601441,0.26843381132343624,0,1.2380688074750712,0.20297157105713898,1,0.822820662842102,0.08058674932126796,0,0.6723552069491742,0.14632640302036515,0,1.1313714496425804,0.16534465576481305,1,1.3685629814754663,0.2019240968158346,0,0.9049557634507606,0.1556633818230599,0,1.05557885274635,0.3366198997888213,1,1.038458132019834,0.13230652593210035,0,0.8644771213776516,0.1586430477334297,0,1.3225920478752347,0.22837322512230415,1,0.7172136582151787,0.09377653301667557,0,0.5954500010915932,0.12318773136313109,0,0.9256625718934597,0.1417660925405873,1,0.5444494791667971,0.10337657024530655,0,0.5476869312120307,0.08142412719028479,0,0.6331874166407266,0.10336366699439914,1,0.4472846263616961,0.05289969344410434,0,0.28856974102894417,0.13258212281439677,0,0.376555795456383,0.125324945749303,1,0.26792302825574105,0.06348860967996028,0,0.23149026825282976,0.05742632725611321,0
125,2000,0.9,gb,0.9236029970178483,0.006622743364404156,0.11378583767154757,0.052570291646142187,0,1.203898673067369,0.3378538131409365,1,0.10851753939627806,0.0702313459528133,0,0.12686199605739948,0.10225352049981738,0,1.581919248719703,0.2709813892504142,1,0.6850233963344529,0.1657670737011233,0,0.7148489592556325,0.3403955640621468,0,1.4965229096794082,0.24112469144557117,1,0.21635857516123225,0.05652381146662152,0,0.2706262221702762,0.2572307041910878,0,0.5133746764397141,0.32682651020781106,1,0.3113408943071328,0.21455877977660565,0,0.778288372015307,0.426683727551084,0,3.349478215473366,1.15157653927847,1,0.8356654588672399,0.2619781683555498,0,0.23566281759999552,0.16100315740683652,0,1.610476862012931,0.8811188096604765,1,0.06834164687969148,0.1025946642050953,0,0.9310521693063952,0.258096238766406,0,0.8108507091997069,0.3395523445551213,1,0.4685808921463034,0.1658622124095275,0,0.5086778075626861,0.2311861905189553,0,1.6276285580586325,0.8478439295778138,1,0.5435824930279907,0.2554289084656946,0,0.17489687514651225,0.07517215370545775,0,0.9605449368306364,0.32307832050206575,1,0.9254887315869729,0.47423173331958013,0,0.26409954309319755,0.1537695932015069,0,0.8925382817890029,0.28539871527205807,1,0.1918848927841426,0.22928680841558557,0,0.8413868454314158,0.38625069336965623,0,1.0821565167997593,0.37468530353660423,1,0.12824431734293454,0.18638721304442615,0,1.4343477112747673,0.6288809494019421,0,0.9214090161734607,0.4390683356564334,1,0.9269455034766738,0.5589748063990764,0,1.0257448132786597,0.49601336785386874,0,0.7911714396402422,0.20127901398006243,1,0.21451888451511508,0.1447302338667116,0,0.6472595297308116,0.14262643144259704,0,0.6028379634643092,0.3089157227947463,1,0.6831643785820372,0.2979227544791751,0,0.04539928070443232,0.06356447869301246,0,1.41003338832031,0.3906548217720898,1,0.43835566623750355,0.10923730914684862,0,0.23082835572336508,0.18983542521930177,0,0.5293056175596834,0.2001312925102364,1,1.0683728985034906,0.1838237334377704,0,1.6185320715440212,0.3653003583688401,0,0.3260072988527486,0.12106028898251249,1,0.5230947431999908,0.4173065724173912,0,0.4814658667584064,0.13061845815499015,0,2.7871812478341194,0.6429975805164829,1,0.42120165494961437,0.17642395196856214,0,0.11852998875319502,0.17960642029306256,0,1.2764697327017873,0.5399291569719488,1,1.0424309246211774,0.4427659652718617,0,0.38913568275894955,0.17275232563917656,0,1.2542518882903375,0.5385444470097447,1,0.30171287056580115,0.24388299574715772,0,0.4729461669512993,0.14204955883960857,0,1.180959427328609,0.3344842556770837,1,0.22342382005038058,0.09752724723924983,0,0.7044350648792008,0.3580681091613121,0,3.6912729321093942,1.2195259119545345,1,0.10166447182190877,0.08655395276354555,0,0.1504350679073475,0.09578293472249085,0,0.710345801618893,0.32238062995463174,1,0.5116514313042178,0.22192409597609467,0,0.42255686424452354,0.14943467947137662,0,1.063140553420962,0.4181193892668587,1,0.48289778277785383,0.22860918481058493,0,0.21273706007834542,0.08742133880503904,0,1.7710801966594847,0.5371472976402603,1,0.4636549694409049,0.29866968292970136,0,0.28954798286858674,0.14282619797046237,0,1.1940501183418626,0.7750396922595093,1,0.9416030250444998,0.42636335605560216,0,0.470546265245801,0.37380145626023265,0,1.4746276970169732,0.3737332744098753,1,0.5238309785278494,0.28373865546047533,0,0.28780581308680253,0.23804946648313213,0,0.6652237766150801,0.31368949449229144,1,1.0732821867771718,0.2268874439259045,0,0.3449419087533386,0.1805024749956504,0,1.6042956825852404,0.778117666784409,1,0.45938754298077245,0.128753369548017,0,0.8786690288981858,0.3188672949086852,0,1.47711446741382,0.15908605852652977,1,0.23657770069103018,0.1441151805866675,0,0.0892091894185286,0.05530793087095526,0,1.501796952307537,0.5117153416627436,1,0.11657531482133712,0.14701082104274982,0,0.30298490466343647,0.2392894798108201,0,2.0348088955837347,0.3569235363054418,1,0.3912285551802854,0.24211571065279694,0,0.13855681636210163,0.13158910049041211,0,0.8856541172265988,0.2896203063077804,1,0.14916159248263372,0.12267579805013729,0,0.023264565459155753,0.02520766956833002,0
125,2000,0.9,hgb,0.9186050005607385,0.010289320012813937,0.2719988407756155,0.07937548316015532,0,0.5423199263578085,0.16748740975147913,1,0.23653559573763747,0.10081579385812842,0,0.25437240630041813,0.055727574823373476,0,1.40375089512623,0.43354620075444844,1,0.6427186336360651,0.26964811567401115,0,0.6961170425867422,0.17376865003897615,0,1.1536586809343854,0.3003516690576323,1,0.47817532950983344,0.26305626755650346,0,0.3240916436037647,0.25117282356483817,0,0.5563976683148588,0.26923890473655715,1,0.37051462387876255,0.3192253645574624,0,1.208462547213664,0.1413161660750597,0,3.0447717919490147,0.6418133316499813,1,0.795068533431136,0.19897610534165538,0,0.41012518936851106,0.2391496157591694,0,1.564698489562474,0.671115707757835,1,0.3347201066002473,0.21059818072833353,0,0.8730804846840077,0.19547044995204135,0,0.7246758949082223,0.26318831616646166,1,0.45028055153975916,0.12081460614047673,0,0.7829537896360336,0.3928957959691973,0,1.238198006847091,0.5492966863318393,1,0.49851440841230266,0.2734728842939925,0,0.29880150403979444,0.22902096594336838,0,0.8951683692970894,0.30692538112327655,1,0.8751935564009333,0.30009166199407983,0,0.3608175312792065,0.20652238815485852,0,0.961378707734017,0.2447228362938699,1,0.3304218488567683,0.14947231675875394,0,0.7900574856213944,0.2922691810273244,0,1.1180736177885628,0.2388194282968355,1,0.22863177414013255,0.14838424388510843,0,1.0689091745072257,0.2567097367639491,0,0.9182549388775785,0.30219774395080534,1,1.0530983945963048,0.5826034925254348,0,0.8178180225349049,0.7114477965209185,0,1.2011749043351394,0.29793357103569446,1,0.45844678317050436,0.03718756232438495,0,0.6484069085551278,0.33980091123973294,0,0.6759435850590867,0.17149047440120108,1,0.3346802732534222,0.1937220680686976,0,0.28480960834932956,0.10909696719297181,0,1.4899219086828723,0.38095768633223964,1,0.4068634727507656,0.11334770434379036,0,0.16474698162380041,0.11801715623264185,0,0.6689363306384031,0.16126982698328504,1,0.8084874933844979,0.30149664766027934,0,1.4420479062453455,0.4832423650963291,0,0.601548962983882,0.3250217105787171,1,0.42971950674999526,0.10067287851969238,0,0.3295455063469807,0.16657885552727433,0,2.8718331411305353,0.6589972655662275,1,0.46723079293068476,0.2697527211073866,0,0.12604856935815506,0.12171112392682898,0,1.0126594217722542,0.2569636754355059,1,1.295248685849756,0.20383552308721267,0,0.33084695579754303,0.15910412453492218,0,1.0816684019998686,0.42057484349157404,1,0.39599413785845294,0.1705396912735971,0,0.4282386750431371,0.2397353978635159,0,1.0509381315277904,0.44598819031845144,1,0.8014377832991322,0.5047227605675246,0,0.4028196002448435,0.14753349945588964,0,3.3649348036292706,1.0769680650815252,1,0.2475390377826935,0.12872379774999287,0,0.2520452110265328,0.12715343392334683,0,0.8354263022936907,0.2908947309094108,1,0.413290200276151,0.3075337181210192,0,0.44047543524991417,0.267322749965045,0,0.9093714327812217,0.4813313779865839,1,0.5001852358622786,0.2694092261009038,0,0.35589081859862104,0.1544607047023744,0,1.6375212457349633,0.6251909907277576,1,0.41821571564525223,0.1708043373078094,0,0.5212799512411046,0.2714120218568138,0,1.2949724268934077,0.6857464496915964,1,0.9411558610942399,0.26828070301396534,0,0.4099331102110443,0.2631074198963353,0,1.3822725554467261,0.4946442550105216,1,0.5590369805603839,0.20841388947613299,0,0.2654613738493092,0.1295486832756055,0,1.1289002484957007,0.38761127245976407,1,0.9416370066987781,0.24102249680629603,0,0.5177671876019834,0.21612403786292314,0,1.3794649235871386,0.6241262933730063,1,0.5363989326061585,0.3124792635557747,0,0.9534885700897359,0.41417629700478803,0,1.7566790252894904,0.21245573367860382,1,0.2606293920693564,0.16167814987295678,0,0.2856131893248663,0.05568693346333716,0,1.1907521482148022,0.5497795564115435,1,0.2963119937866886,0.13871382977601535,0,0.5148293176410259,0.1416719026085924,0,1.422285652640687,0.39181409263788075,1,0.4129974453312933,0.10565621597397441,0,0.3668229918474756,0.13814217133599627,0,0.7158121205425145,0.11180794637061166,1,0.14385424444818395,0.08989883849585638,0,0.044845136209122574,0.07320815636206218,0
125,2000,0.9,ab,0.783967100362779,0.010520833530868674,0.06646882404866841,0.10916614967699206,0,0.03667773192588806,0.04282554080901529,1,-0.004111181411813135,0.012353062247970318,0,0.0,0.0,0,0.3880672061462515,0.32197164367095704,1,1.095034976571732,0.4930807154878421,0,0.3500490864467158,0.18530078762462635,0,1.157532429546625,1.3571259604189205,1,0.8736628802247814,0.996065039264491,0,0.06341062857878135,0.05504558990003474,0,0.1282582917108553,0.15472070585138756,1,0.3156132667570525,0.31884381609515366,0,1.4211197344678823,0.8162397808118542,0,4.145732680623017,1.37042016577614,1,1.9562846142844492,0.6769508096494182,0,0.6078013063393854,0.45245394986290605,0,0.5435494685952231,0.572166188621312,1,0.32462589597579705,0.2598512721624611,0,0.8496910479784404,0.5556831623103441,0,0.3139539858740861,0.27730924643375754,1,0.37912737397738205,0.4815964415453147,0,0.7232418328463281,0.0854047030893727,0,1.3506985551594863,0.9850776910878422,1,1.2033591114218762,0.7778131565053314,0,0.5202548141260019,0.2899651457686584,0,0.8161747118479251,0.44897624913773826,1,0.7256965504132873,0.4301009066711189,0,0.37079975232035955,0.2183958762573009,0,0.9066350744074787,0.6922310266624246,1,0.0904255187939238,0.15067061506216736,0,0.44258490444905335,0.061090402878981785,0,0.8108327092658149,0.37663254178887834,1,0.843134170747823,0.6035005437503667,0,1.1447084044948908,0.4000026960813617,0,0.9387654042241673,0.2906050985452587,1,1.974160659108307,0.7822353834921885,0,1.6421045597645847,0.936989580093025,0,0.4245041344071068,0.30416940352165467,1,0.34308853596134725,0.35976784929335043,0,0.9197762327448771,0.6324618721468542,0,0.6960063927035225,0.649673515219739,1,0.6323763043493141,0.42785758064708196,0,0.30481610932385517,0.36271104870792636,0,0.5201642158241946,0.46459841608612207,1,0.27519997925250295,0.2729440868703087,0,0.2668062256885756,0.2874104926151984,0,0.7829775160008533,0.3650997695205281,1,0.5620993833853418,0.26467369901929566,0,2.4719319463115275,0.8163661609198611,0,0.28993135452341334,0.44973524120364655,1,0.6447697812272978,0.5936220880811643,0,0.4910111745318866,0.5904201409855646,0,2.1969923300426664,0.7474271815457694,1,1.7595619896613717,1.0588176494108443,0,1.1407451113684313,0.3171884452103446,0,0.9187038152570413,0.6634596501166633,1,0.7149741117666417,0.4097704365857132,0,0.48508927670459456,0.25016459822195214,0,0.7394658360138463,0.2825936961699637,1,1.7343087496047846,0.43728293477142965,0,1.2355971179308323,0.3302867387355431,0,0.8398922050002342,0.6008488244260141,1,0.19744301654039892,0.2793055361304905,0,0.8267239128449386,0.5757782514848439,0,3.241596330318836,0.3234497776569751,1,0.35145549014181887,0.22511379008338248,0,0.4333216747907801,0.2905891342235776,0,0.2436394685317223,0.29410245206279473,1,0.8079679919591133,0.4727014892463629,0,0.7056929243315351,0.5112604474237168,0,0.5139241358065145,0.3679554707717037,1,2.232397764894653,0.720637309613566,0,1.0414958162390469,0.437205540260092,0,1.5213294059538438,0.9087901276100905,1,0.46712043370175194,0.3420424169353703,0,0.6023624918127217,0.27487631337525015,0,0.4216230847666524,0.4294455615380735,1,1.161671027882749,0.7084441859262394,0,0.48889550431775197,0.40453956881393205,0,1.325193855588317,0.27531787686078213,1,0.20965116565807537,0.203724980579855,0,0.547513890300931,0.4400649946698476,0,0.7191491683085302,0.47785176032977933,1,1.7864665502700212,0.7208990690443761,0,0.4358921539306134,0.2517083641982406,0,0.6515831144897938,0.3494941471017355,1,0.7706892817963645,0.5406461155208249,0,1.4717928971935694,0.9414172939612654,0,1.4778883673546854,0.8937781193810084,1,0.35412544117358785,0.3059679816902447,0,0.4486269065528881,0.299120394944642,0,1.4582576253393735,0.807993595807356,1,0.5311978957478447,0.35615834927624723,0,0.563473019149799,0.39705526164604427,0,1.4159258625188034,0.636095782044059,1,0.09623819028166107,0.19757905041238225,0,0.002779146804688537,0.005558293609377074,0,0.08125087668043315,0.11002983954428444,1,-3.859565618887473e-05,7.719131237774945e-05,0,0.0,0.0,0
125,2000,0.9,bag,0.8313134474927344,0.009814416136620098,0.21601380932318753,0.15734516711329358,0,0.19686207835196473,0.14015486526539325,1,0.30047027332710086,0.15718271655366187,0,0.32233904946101843,0.09856889783205383,0,0.7819584312272934,0.16623161144142878,1,0.6626463627881142,0.08867846305870389,0,0.4759189041028762,0.3899031712942521,0,0.6412907897076627,0.14943773722792064,1,0.5291415920989747,0.21654823553290642,0,0.7074487912874186,0.4502039314029944,0,0.6674651411098569,0.4340062736551942,1,0.5983014906629032,0.46667389483885857,0,1.5884909595459953,0.9048033640394367,0,3.395346476465368,2.1637493462528163,1,2.8435908272152712,1.4687960866268341,0,1.6238793178973896,1.1904569763810686,0,1.9075870981580028,0.6634323989463646,1,0.9890467049607953,0.5777924397404934,0,1.2025079350054315,0.47450446001032814,0,0.6037600363099628,0.44754183474887277,1,0.35734493105901977,0.1971928916245526,0,0.7447198183858348,0.2363462004444117,0,1.5228335589864532,0.796626148757111,1,0.5792026433643337,0.14552808301039585,0,0.6773644330180153,0.5218912610830583,0,0.9771295517635028,0.31139712954143084,1,0.913051921375048,0.43725981884581716,0,0.46000596030915925,0.3076844680335282,0,0.6004335229654092,0.41734869011660514,1,0.6440800691999492,0.2808379187952213,0,1.2907591803818081,0.6327146874676566,0,0.8146377134008935,0.6441701701665797,1,0.7568431625750847,0.3193287268321773,0,1.9414087767463208,0.7088181507392325,0,2.960229227255049,1.8732197128642487,1,1.5878787709101205,0.8539299731219372,0,1.8115977377269985,1.115702674487561,0,0.8328778983146679,0.4238807628699043,1,0.48485226325678327,0.27494444548439545,0,0.7584946502500683,0.4798625522607041,0,0.42568361757638995,0.33124388331303617,1,0.5744535788898457,0.4440257374099755,0,0.5458212266664092,0.240082683265344,0,0.8719331169368975,0.23757494998492198,1,0.7093959771369297,0.2694495655447351,0,0.4946034348546614,0.40377988579545404,0,1.1193612676046985,0.5622279490628532,1,1.0581256879284235,0.7007660922901816,0,1.4235544666061277,1.076189742331543,0,0.724216386795507,0.5211265064792278,1,1.183804493362985,1.000671723154218,0,0.7292549647145832,0.4794445945984629,0,4.998392642771193,3.4662418472012777,1,0.6247515497173245,0.38301231352312887,0,0.6599928201480804,0.6314792897099629,0,1.3799636422181896,0.7373724216370845,1,1.132154984713361,0.6177000372868979,0,0.8191396408075983,0.26859412933574706,0,1.5369755174302693,0.8699604764119,1,0.6458340000579375,0.201777028114932,0,1.8212022681137747,1.4304495235716106,0,0.8987154930158354,0.4914327989345117,1,0.6294556300547509,0.16070136150474876,0,0.7405853219877647,0.38968366061600745,0,3.820141866339494,0.7353186800257928,1,0.7189091070078735,0.3953812129027164,0,0.7486726603713543,0.4349292722046442,0,0.4583503163138293,0.269296430670068,1,1.4290527281883827,0.8801793506457224,0,0.623402074051248,0.3368794151295211,0,0.8632126507964226,0.5010527101036163,1,0.3744009953971796,0.31674949816985515,0,0.9708993221752029,0.4956097401324527,0,2.2182002453393705,0.504774698574468,1,2.0434175758195963,1.3629401942695318,0,0.5167859886310958,0.30832293372663794,0,1.1614674863194905,0.5857357016120681,1,1.5540205828197788,0.5013145019375662,0,1.311403338922999,1.3147314297160193,0,1.5889976695141028,0.4238659446963402,1,1.0396454934510868,0.789930949754343,0,0.6541305964218957,0.08405132252790536,0,1.06602967433321,0.43378396417501686,1,1.511876179525938,0.8355025286102918,0,0.9696034442156138,0.5235029741526245,0,1.0162149235820377,0.36009645398058304,1,0.8964303053462406,0.38445821934247126,0,1.1396144130919499,0.3754070895651665,0,1.2562795215659714,0.2620168419739049,1,1.1703629933002486,0.6309841024288778,0,0.6566024751052719,0.3503064728295746,0,0.6995263759026523,0.2944355180771763,1,0.5469588712209977,0.1826093799706075,0,0.49140820632135485,0.3621096980041093,0,0.6557619958908184,0.4224085532096857,1,0.49812078033265017,0.4002806848073212,0,0.25261472273324126,0.14621043527755095,0,0.3666906422447179,0.15846228564865142,1,0.2751115470147924,0.2337952375720583,0,0.21779429124170652,0.28329502420218755,0
125,2000,0.9,mlp,0.9916357704397274,0.0003859971245970712,0.051155185703785966,0.018859386894554908,0,1.6321105080588616,0.23685205767586595,1,0.05403607683684446,0.04748496780180525,0,0.08485203399420925,0.05938300557540402,0,1.3043298856306242,0.15126728283743232,1,0.21818006312666266,0.06371582623550662,0,0.05303600692231893,0.03309217079065646,0,2.132165646498886,0.1705911688423677,1,0.039649909230848615,0.034872783724083534,0,0.041164959557413075,0.03175444798614213,0,1.6911026169020595,0.3076666613603108,1,0.04185724083036927,0.013996173190794934,0,0.036478515675384675,0.028792468174154952,0,1.6470206652849584,0.2503173563855916,1,0.09197097220732631,0.040902585003253514,0,0.059654262046561934,0.06389912506453907,0,2.0880994640242867,0.2930386694880625,1,0.025919418774356957,0.023188215567114326,0,0.061932569852599276,0.029820791656635055,0,1.590295229415626,0.23015948666852704,1,0.04538369060671036,0.04070231033915382,0,0.044961361792857514,0.037503246502419714,0,2.8218971863955433,0.3626218912098746,1,0.13040547686167425,0.0961841177763974,0,0.0577055411970054,0.030373057031219057,0,2.2360407790520633,0.4042560123697486,1,0.07525561498262658,0.08116338425565015,0,0.015422995844331214,0.02375404583522206,0,1.9107542557360913,0.2331793750278589,1,0.06067284960149448,0.03478680065746771,0,0.05963345017947932,0.03501137667889421,0,2.0110992728881367,0.39142188526595095,1,0.028188018608063702,0.01733066776879155,0,0.1112055224672724,0.04421705893630445,0,2.6175194457974458,0.28843893179990177,1,0.06793472732436365,0.05582599317068401,0,0.0701770012335991,0.029163539952281624,0,2.1962800984791304,0.4629830022286499,1,0.07472941476761133,0.0443116479534067,0,0.01086390727999553,0.011819706699121848,0,1.815408369738119,0.2549280091492353,1,0.04300227336799351,0.035178642241671804,0,0.07626349574492881,0.04344609372520602,0,2.47281617292984,0.20123639629525167,1,0.09074942064352964,0.038699719292243494,0,0.10296346470055784,0.05737637015248702,0,2.7951426212627646,0.42849524806703665,1,0.0355462851382976,0.023577516970438066,0,0.022656738829258612,0.03056456976681877,0,2.1989594357722853,0.3223853527723847,1,0.09545363800138028,0.03413388021273114,0,0.07425755050400103,0.06210103480393067,0,2.503846885304192,0.49007495832980896,1,0.057250681402811476,0.03605928540282646,0,0.04195024012321037,0.016328557405197463,0,2.8376291691504054,0.28458879871777437,1,0.046034583863832176,0.05368248978731926,0,0.04821862655250027,0.037946206881318445,0,1.7915960112113318,0.18867164197622338,1,0.0917413848444314,0.04729637392264412,0,0.09015005780353681,0.03951006799696238,0,1.322464349830667,0.11246021568520119,1,0.09283095537757532,0.03859389219303513,0,0.08840269206581168,0.03513415894752746,0,2.244259017143443,0.4157761868940019,1,0.048942759321802566,0.03636560976704128,0,0.03748780581173138,0.03421166091028799,0,2.644841744152079,0.17072604959945373,1,0.05617551494188544,0.01668411719321806,0,0.03708850362248896,0.038280463158209724,0,2.0542364458016382,0.23003928410935526,1,0.07319529234068417,0.03014577028313187,0,0.032380764146099306,0.021669250893195612,0,1.8861138312705084,0.2884996265396149,1,0.06308147072922055,0.010068817739337765,0,0.04721269567841372,0.027862582921581586,0,2.0216911235597914,0.13443135801324954,1,0.05290512318865594,0.028887555538040642,0,0.07632447190217692,0.025745989636555416,0,2.5563070954331235,0.3287645465204814,1,0.08690496438681772,0.04866058866271022,0,0.04606550789861141,0.02271274809868197,0,1.9829903801562014,0.45154243432632024,1,0.028445705918614776,0.023143227830058604,0,0.052617763748279436,0.036929266385902645,0,2.0007596984717706,0.33759587599336055,1,0.015583344072999944,0.014097546758667107,0,0.07077299412761359,0.025828256984580793,0,1.8808023186963392,0.13764255638305184,1,0.0609367859537143,0.03627303601346147,0,0.07910584549412684,0.024847856254694378,0,2.0815036813050223,0.14649520346751954,1,0.043943664696688575,0.03069009051025051,0,0.10245235287365365,0.03415064776450696,0,1.956751237642483,0.1863664584053725,1,0.046829521208000074,0.04780787365723156,0,0.015572532200246608,0.013014865056050496,0,2.410181048501344,0.3128831815218369,1,0.09252498639282503,0.04895940721123286,0,0.06289353888492566,0.031207229566912773,0
125,2000,0.9,svr,0.8956036999727036,0.016306090576883432,0.35823246629049504,0.03227806761737237,0,0.6982518386458809,0.09342256315887357,1,0.4091314174427372,0.0879879244802289,0,0.5092964981903929,0.08691025828036796,0,0.7608008317964489,0.09212831528225927,1,0.5392384758681104,0.06712903814708121,0,0.5686249612667096,0.09036862740682315,0,0.8209186449028874,0.10249855681945354,1,0.5654657458326794,0.08108130375385025,0,0.5962952057371707,0.07684804970896877,0,0.9929124883484054,0.1149640123477723,1,0.6947985037039484,0.09585969855987486,0,0.686912143349733,0.04943272316416663,0,1.1199340562345228,0.14887114026989212,1,0.7845687921969513,0.07886696651865197,0,0.7554170460052939,0.13713625993261805,0,1.0746809041322138,0.15454791789322045,1,0.6164186356798412,0.120063127330103,0,0.718575540574252,0.15523908393896105,0,1.0668926932878038,0.1636770198414757,1,0.69630454774556,0.12698906955002512,0,0.9447409840658366,0.1828878341979362,0,1.079923348462269,0.1698436976411593,1,0.616831034392965,0.0919466274545004,0,0.7292161977726006,0.1202244348296622,0,0.9089635963757564,0.2179147949499707,1,0.8408724430561957,0.17601141855955063,0,0.7033094929219914,0.11613262391097823,0,1.1043104467453788,0.17808929761872463,1,0.6927889241027619,0.09458666215535634,0,0.697693667866778,0.049731705312824795,0,1.0552799673888196,0.08859731890817268,1,0.5818999383751793,0.061406389870528086,0,0.8552985950877975,0.05935164136607257,0,1.1776493431708728,0.10827981927249059,1,0.6905367953698534,0.09484956810451772,0,0.6945719499165186,0.06215712446656471,0,1.0957753463994133,0.07594983042540113,1,0.75125490555671,0.08808433894277569,0,0.6595412314259079,0.04117647221665807,0,0.9570979303413785,0.06249444565346082,1,0.6330007921526175,0.09106573335672126,0,0.7291069423252152,0.09422572345384116,0,0.9890272183583309,0.10711244438706802,1,0.8221825866084922,0.05011024407115085,0,0.7103971055541384,0.08279377919931129,0,1.100313348500102,0.05435495802694202,1,0.7305923890787562,0.061662369941233426,0,0.8178201157518409,0.1064049374535046,0,1.1029390625714117,0.10591986036443421,1,0.7944488939310095,0.06833482701134044,0,0.7783798947584311,0.09191762838594872,0,1.3135036268646192,0.11225908068786168,1,0.8627426688865458,0.0651645473256432,0,0.7719737231633435,0.10234692927214475,0,1.1817218688830828,0.17718457804445328,1,0.8669443906375067,0.11091078784456808,0,0.6486537223932114,0.09273955793574284,0,1.0795722099693752,0.15919698194117338,1,0.6506448524950759,0.1249748156788869,0,0.700697933895095,0.16073176440383533,0,1.286193655289432,0.18029311872082582,1,0.8683831190110258,0.09880428960612185,0,0.6575709702523509,0.11710367958593224,0,1.2077798161685867,0.15598773768765078,1,0.7311864730588667,0.14956148854834025,0,0.7238219207446792,0.12678578857921668,0,1.1230147651185578,0.13020252852076464,1,0.8388245516337196,0.11864420331355251,0,1.0132502109928216,0.1678069578272797,0,0.9561064657118094,0.17922293940079012,1,0.6495783043015175,0.12591128663756834,0,0.717066709329211,0.13271129624680025,0,0.973628626313571,0.11749629379964242,1,0.7962346896571837,0.12778171782828177,0,0.7624567427704263,0.12638443924877385,0,1.0925135946699163,0.17883791918047903,1,0.9573949124673321,0.17808254692195025,0,0.9346817432685561,0.18742667161868462,0,1.2745387345730645,0.22680049853031695,1,0.7269853277553547,0.13099137266488273,0,0.7350236112157538,0.1070449315131733,0,1.013495941946337,0.18940904108107862,1,0.7848607546892399,0.12664946647497438,0,0.6585465694275923,0.07284554702703248,0,0.9893692792425475,0.10339788603468211,1,0.7503448013455037,0.11008208201122775,0,0.7550968437438679,0.12525254646675343,0,0.9123708492652044,0.13633835549914292,1,0.662422456164996,0.13549763246310725,0,0.5642112709706734,0.11738791317593027,0,1.0114929934842276,0.18855308543399196,1,0.5682461452917551,0.09257686808338299,0,0.5347597556124625,0.09629059474397028,0,0.9531569310867368,0.1417296969417461,1,0.5816056161023953,0.13191141737557427,0,0.4849252681793015,0.13368069642559144,0,0.7884140609508897,0.20255231012810118,1,0.4761605501049869,0.1065496303894209,0,0.26294720914191716,0.07512273127940673,0
125,2000,0.9,knn,0.9194653727342932,0.00622877239685044,0.32136277482854303,0.41399934102604524,0,0.45338103664620116,0.27613499207846887,1,0.4608079523563416,0.4930628343191606,0,0.37063219892051424,0.4382073764849593,0,0.4555461614130808,0.4254831051040928,1,0.6245890472573494,0.4682927167148091,0,0.5903868370340126,0.44413972559694964,0,0.5991207132508747,0.39893184691971145,1,0.5363360750296807,0.1810113904527496,0,0.518717783878195,0.13824292238712124,0,0.560869147432311,0.17941234847056822,1,0.32965824992251236,0.05500306542162183,0,0.45190269264985405,0.18933360180596503,0,0.7872412370090486,0.2823613204405608,1,0.5134127861146709,0.3930215249134062,0,0.5872686641270144,0.2793476705277378,0,0.7258482572938114,0.279969519361116,1,0.5175201907423463,0.3154297094116226,0,0.5113196214441812,0.26463761118481127,0,0.52301657950342,0.1749151961041842,1,0.47935935953809505,0.28435062055586124,0,0.5893335911387522,0.2978842068569299,0,0.5958947290779337,0.12590260787729382,1,0.41886623672876266,0.04407441563395989,0,0.5396388456890886,0.1681393507680025,0,0.7031522042064193,0.2727862161731477,1,0.5237873125085521,0.22342934032723924,0,0.5162082528078982,0.12274631514004557,0,0.4773820924758513,0.32820348754020323,1,0.3398755385612994,0.28984129401567943,0,0.41346902421341347,0.42855328685316385,0,0.554732981680764,0.30384247302815387,1,0.40292454340459904,0.17893243826936758,0,0.5030867057815394,0.16022735609098734,0,0.5742208035302067,0.14989842083925353,1,0.42379303530701834,0.11201030310281528,0,0.5897504904796926,0.0852493019907592,0,0.5750253197179419,0.17171040927425466,1,0.48720233348186764,0.1420008146238074,0,0.3073467514299829,0.12800498882609337,0,0.424065647085812,0.22903107242437198,1,0.48367528006952876,0.13583339468972208,0,0.7232321540106919,0.2349794800043204,0,0.8815700959632533,0.170602292641758,1,0.642354498542342,0.11500891988684991,0,0.5768215989617295,0.1429724037056845,0,0.6575143168002014,0.14243724963624776,1,0.558912020404428,0.11491711875763218,0,0.3993443739149776,0.2082652496263323,0,0.599818549560404,0.3681652637017319,1,0.4856996689321302,0.27103834801326554,0,0.6784180385791697,0.18918658704022911,0,0.6962801874528394,0.27339197954112543,1,0.4208565950031618,0.22976873910553577,0,0.6175258106051622,0.24735677346965212,0,0.6726429340606103,0.35103246367560986,1,0.6232487182581333,0.2754942785267179,0,0.6173373194525295,0.44371263423414486,0,0.6208845858171799,0.3394137226419493,1,0.6528913280498365,0.2824646541057614,0,0.8759134820714042,0.3657338431448022,0,0.8672103796757323,0.47559803651397076,1,0.7807917897106104,0.3913870278711404,0,0.7197351158364064,0.3247742328256316,0,0.8885212215746406,0.4688264113636666,1,0.75628342335563,0.24946105719115044,0,0.5616812681059193,0.36092861773020024,0,0.6450566044638759,0.3300327320726068,1,0.5007281872984695,0.25105508927093473,0,0.6004510108333181,0.39173925803536924,0,0.6269268039152953,0.17293926382947078,1,0.6915390545531179,0.21430041758660745,0,0.6117757299108602,0.17518571983983322,0,0.691775261873279,0.1434779137137099,1,0.680527959011247,0.19541204673478632,0,0.5555230533889587,0.1718027072667685,0,0.6376253673743932,0.3020858069488198,1,0.6314340973976997,0.2509339850092622,0,0.8680868572203199,0.4172701603089709,0,0.9722645786930947,0.3126388558441882,1,0.58582198103361,0.2671649212215159,0,0.6893030484921152,0.305190102272931,0,0.4844438344064286,0.22131764939570356,1,0.5885141322725193,0.3634682475840488,0,0.5257601107689495,0.18397221705340663,0,0.6467012489255093,0.2307585416645181,1,0.5737099247133394,0.11417375434447351,0,0.5434727788818228,0.16052640935095042,0,0.729475006533353,0.19072915589304829,1,0.5321672214134294,0.2663202055622042,0,0.42441030592579504,0.17899592777639023,0,0.5328819957609812,0.14924416277652794,1,0.3194918791071723,0.2122864763383535,0,0.4843962108629146,0.13307641650011018,0,0.589432612279203,0.1521300915887769,1,0.3150722965430055,0.21378416397946307,0,0.2657921426544575,0.24467829683657077,0,0.14301846822175407,0.212244685834385,1,-0.01045617411143085,0.11777777487040868,0,0.06814834850428995,0.13864686664837347,0
125,2000,0.9,SuperLearner,0.9948557623870059,0.00040070781174795605,0.011918252998908056,0.01052670032927316,0,1.71609721993694,0.15910885229974672,1,0.0043602865965303595,0.006637586153452966,0,0.01689693339651054,0.0065149264741816496,0,1.1320497343274742,0.13903227495371584,1,0.04549445025239656,0.020558439869015562,0,0.0007247886863980341,0.003847969644697072,0,2.155689508536274,0.16997892200308984,1,0.017799044944587433,0.013473896795274849,0,0.0012544373466686271,0.004246564586729724,0,1.9280359764544872,0.24574667857884175,1,0.007088422077590635,0.0070796408804963806,0,0.0061554134288736104,0.006926756874594638,0,1.9300138031828085,0.06102352547283905,1,0.01852098430144539,0.019513158626560903,0,0.01086341998776646,0.005629010103518211,0,2.22842591220656,0.2406026683393955,1,0.0017421385358116815,0.004969627663357496,0,0.01125926578296863,0.011204162130449946,0,1.7717013454919726,0.19178977591821195,1,0.0015764992218332823,0.010592951793111064,0,0.003111782850716225,0.008809387612331208,0,2.2856439660558854,0.30398952797541684,1,0.04129782311180301,0.02061795530699721,0,0.0066974404625217785,0.005305796936981487,0,2.1878687064391342,0.27416519473091994,1,0.012529877106694853,0.012674851983717435,0,0.00014094320139454244,0.002457768298903364,0,1.9452744198806209,0.19638600947068954,1,0.024579340235099882,0.02043474551539153,0,0.011041450257020777,0.011476429448510805,0,2.0296901826664318,0.12676108952718632,1,0.0017303449702991448,0.004154186344432621,0,0.007437568110299173,0.011514269613055487,0,2.014709388401522,0.14756381705146257,1,0.005968149353652007,0.005376332274236103,0,0.0063273646369670505,0.005853724321545007,0,1.8796603111471513,0.22284096208224896,1,0.006489152950628954,0.008127443034479116,0,0.0061061780011937945,0.008133999857152966,0,1.8958516979963338,0.0319462538542052,1,0.014110774644679696,0.015934628445807328,0,0.004288093321504361,0.004737970426116744,0,2.00865508433696,0.14384048544081723,1,0.0171840189539601,0.012801049784111286,0,0.018469286218605985,0.0074262884731292715,0,2.26153247983436,0.2649710620755933,1,-1.5974357998204455e-05,0.001450805714239578,0,0.0009223180269903377,0.003795229882692873,0,2.3729141924650037,0.22192357299876328,1,0.010156169538202933,0.00869752502096686,0,0.019780446345350818,0.018124913642627843,0,2.595596814611695,0.3192846919235828,1,0.005824746296296445,0.008203159295832315,0,0.012303260643043218,0.00577642763382641,0,2.290269736218002,0.13461783680840367,1,-0.0009794439387630516,0.002250242386554778,0,0.002224546230701886,0.006056306570664332,0,1.8372299410804491,0.11285530694936753,1,0.006107158847699893,0.0053439922837223595,0,0.0020082029520906083,0.0008631799559038957,0,1.670827770469786,0.09386177392334266,1,0.015508066232534668,0.00844361448873378,0,0.025637835839557855,0.006645006734120378,0,2.174102887049001,0.21684744576396753,1,0.00586689497004585,0.00857417782682257,0,-0.0007982611733127296,0.00029075565408734474,0,2.686907954300004,0.13156197355465268,1,0.013089518984070913,0.013300383624606362,0,0.003026695979498185,0.004377502133951507,0,1.8577529508997208,0.08494757605489307,1,0.002526206667731238,0.002018755789673929,0,0.005225766676910123,0.0036409306075556227,0,1.985088836045056,0.14866345804618722,1,0.006629774359278179,0.0076932952268222565,0,0.0004027401983649006,0.0017695184970386469,0,1.9061425796402365,0.07207132545972572,1,0.0032790704576280264,0.004032136228084871,0,0.0035846466248106194,0.0025104179012039795,0,2.603429531333319,0.17884325316145636,1,0.013495030332794722,0.012590520238116193,0,0.004944973393375746,0.009048190440650136,0,1.8771154232035556,0.1633433613362565,1,0.0024524064532108277,0.004367816106303397,0,0.0004292482329722812,0.005133758511471357,0,2.0323694425420817,0.16269045347614716,1,0.01397059430010541,0.007592132838929919,0,0.0030856259353331424,0.008682072918135943,0,1.7564375794382108,0.07752008292215316,1,0.018744710051780872,0.01471265080872491,0,0.024130491082173088,0.01817213127682752,0,2.173664488861248,0.18442158517862492,1,0.010803332382258021,0.013267699917246729,0,0.009052986651683154,0.009640194129994109,0,1.911219229244623,0.15868416086878614,1,0.0010806316009607086,0.0011823908133474189,0,0.0023350001731124934,0.00245431887993191,0,2.0031579160544,0.22814700139094735,1,0.005988081169387502,0.009392142920527419,0,0.0010473156108933017,0.0024218414806708873,0
125,5000,0.9,lr,0.994805499989388,0.00037219432746895815,0.00021614565675797027,0.0006141725772806314,0,1.6811592318447226,0.04747302107104868,1,0.004701810803967194,0.0025876555084390906,0,0.0016891703457141767,0.0024051702274693982,0,1.9867043445580723,0.11929931350825265,1,0.0009593590446173378,0.0010385612798919485,0,0.003895521157049953,0.001545636165085097,0,2.244102069781305,0.0635415281473746,1,0.002987155418109163,0.004266550780580932,0,0.0008588307658940059,0.001401105882995124,0,2.058704858125141,0.08508691865093831,1,0.0017524944999569463,0.002800782335745836,0,-0.00045172085941164755,0.0012185369943318806,0,2.1428038971180987,0.0942400286056687,1,0.0010505970352295715,0.001774346024104129,0,0.0019496450033857945,0.0019352071124043649,0,2.4159593573056775,0.11018470642525978,1,0.007051132104368113,0.007957370355411818,0,7.326275840128371e-05,0.00015006683037855666,0,1.9892602077194659,0.1187988086473727,1,0.009730533538938945,0.006493477591242673,0,0.013856080215964068,0.0015091016718609574,0,2.0620958083786762,0.07930111444062,1,0.0009427186520274908,0.0008881769399803185,0,0.0007764366483809387,0.0005032397341013097,0,2.033200178216707,0.08658992308481825,1,0.0006780862454184704,0.0005925031215065741,0,0.0025102915205002688,0.0022780017327860475,0,1.8929847783798952,0.07924124787960629,1,0.0013304853370097573,0.0015014863494189575,0,0.004685667120588405,0.004110088631549268,0,2.0898865411857606,0.13145344147168025,1,0.0010710118823800503,0.0011336229626317071,0,0.0008976927664176071,0.0018024914180487105,0,1.6460255372903094,0.11926510720190144,1,0.002508043189159281,0.002689234199010124,0,0.0015892308752386785,0.001039124742342442,0,1.9784265843300628,0.041212239019521736,1,0.008053855104987222,0.00551390369619126,0,0.0016677874755084497,0.0012788380022583264,0,2.0747092022711504,0.10805887345767481,1,0.0026265055224006504,0.003321327270725365,0,0.014536604500331923,0.005953853940408295,0,1.8559774512013825,0.0852466681763256,1,0.007227884751771829,0.007449780667659781,0,0.005592994599145426,0.003324253518944994,0,2.1490902767017737,0.18027159390022365,1,0.004419372951953319,0.004796308166644313,0,0.007798918751453045,0.006334406538858007,0,1.9356462081754366,0.15402867149561486,1,0.000979257381311972,0.0018608010831322225,0,0.0006105533025411769,0.0003586146120807296,0,1.962092478429166,0.08375965629352597,1,0.01070150210060273,0.005723657438505794,0,0.0013597604449220278,0.001422358130088456,0,2.0997891804998985,0.08216135478942553,1,-0.00020120460273932123,0.001444958383116053,0,0.011301956357868076,0.004093226814279672,0,2.224327513198925,0.15993128415888175,1,-3.994308581915141e-05,0.0006273542932166657,0,0.00040029391053872046,0.0008488827149436247,0,1.887098739881888,0.07080282678117858,1,0.0040890537490474626,0.004731266204541675,0,0.0007161141304734308,0.001453819646269922,0,2.084585029758169,0.06117978431794475,1,0.006360819378187772,0.0036124854655462404,0,0.006980878188336125,0.002200402849233091,0,1.9962455038647229,0.12794113635366605,1,0.0035994743040115703,0.0024378654489128656,0,0.006876990370804843,0.005540620910343701,0,2.073533606584973,0.0256547062232118,1,0.0036542736631322978,0.0027802378270502946,0,0.0043755563550640355,0.0028874242884103386,0,2.2457729375918936,0.12670914763229116,1,0.0019122692285997954,0.0036404607626717976,0,0.010263615397913775,0.0033765521806514128,0,1.7450225730389088,0.07884600885320246,1,0.00773642043475786,0.007247489185396212,0,0.0031647705866947465,0.002974749728284423,0,1.9759216786000422,0.14988523653769842,1,-0.0005660065351442191,0.0008381841627384786,0,0.009337466997306964,0.010228244185986541,0,1.968773336845882,0.2305369846138585,1,9.444424712365283e-05,0.0013602344787664836,0,0.004061144384812894,0.005309951872614459,0,1.94356723982417,0.08064485230102712,1,0.007405859151383967,0.008041155852015529,0,-4.0827817018727115e-05,0.0034430855928581573,0,2.1772589967682583,0.25376561148619253,1,0.00636914444668202,0.006190507530841946,0,0.0010285064725051613,0.002197960674754473,0,2.1305950790068375,0.09950197865839688,1,0.007957451093536537,0.009345942053849936,0,0.011764630829994849,0.008964563954854055,0,1.831635632884949,0.17006051405333564,1,0.0021357213731058324,0.00585478965672889,0,0.002722646685094328,0.004632924388557751,0,1.9706517176200098,0.08386770710877266,1,0.0035509588752660423,0.004648351053701793,0,0.0016002635054617985,0.0028547705284798605,0
125,5000,0.9,lasso,0.9644185968708181,0.000919834735312396,0.0,0.0,0,0.7815564201105462,0.04022226162672105,1,0.0,0.0,0,0.0,0.0,0,2.8300301267137193,0.11936097664577666,1,0.030494910874282632,0.06098982174856527,0,0.12726823307617718,0.08519515574821884,0,3.2279817418911536,0.24513274331251958,1,0.0,0.0,0,0.0,0.0,0,2.7147763923726034,0.2532213943660064,1,0.11906135272058319,0.11130593789796032,0,0.0,0.0,0,3.811837557151358,0.2169798843236316,1,0.0,0.0,0,0.0,0.0,0,3.2956121388349744,0.2565859659330565,1,0.0,0.0,0,0.06315766027858494,0.0596048172379882,0,2.441294789393971,0.20367349672696614,1,0.0016587978271104936,0.0033175956542209873,0,0.0,0.0,0,3.2162847993895314,0.22403065799596644,1,0.0,0.0,0,0.0,0.0,0,3.2056643046196056,0.2549135583122862,1,0.010701687650291563,0.013253055196009977,0,0.0,0.0,0,3.1182927783931915,0.15916128281038092,1,0.019567678815419536,0.0277234603023579,0,0.0,0.0,0,3.161740468183919,0.24648528649444443,1,0.0,0.0,0,0.06640883513942128,0.05588046366182396,0,2.457047247775706,0.24680566525266617,1,0.11634342126613054,0.06085763328477449,0,0.024694605882043467,0.02657526673596352,0,2.637183261043635,0.16748724306751686,1,0.0,0.0,0,0.0,0.0,0,2.766173835655237,0.26362813954509,1,0.03492872644566471,0.042957960015364914,0,0.011842136967760769,0.014537858197830733,0,3.7143338840990117,0.13876576156657236,1,0.0,0.0,0,0.0,0.0,0,2.720098105882149,0.2946059628252077,1,0.12342326575192235,0.1670239283378559,0,0.07597642646627159,0.08091370179211389,0,2.812939230358521,0.13060157826865987,1,0.0,0.0,0,0.0,0.0,0,3.538482009850777,0.1366216971951948,1,0.0,0.0,0,0.03103284217913712,0.038031379713349696,0,2.7194412299906183,0.1625648282217278,1,0.3621083639329905,0.11748862739157763,0,0.0,0.0,0,2.8761989187797603,0.18407431766105076,1,0.0,0.0,0,0.0,0.0,0,3.1545550664127937,0.34781375637764494,1,0.0,0.0,0,0.0667710650119908,0.09415494596712602,0,3.7511720579066745,0.23876361951421401,1,0.0,0.0,0,0.0,0.0,0,2.68375468622796,0.2113156757145535,1,0.0,0.0,0,0.0,0.0,0,2.807370272814316,0.18045838849159337,1,0.0,0.0,0,0.0,0.0,0,3.2585326539677255,0.29065894071205356,1,0.009089936144542995,0.01817987228908599,0,0.17965290135708045,0.09411895199993427,0,2.318527909908594,0.2794252995650119,1,0.3595946815020187,0.1931507652534175,0,0.0,0.0,0,2.9637400794508686,0.192670101844273,1,0.0034745005989331437,0.006949001197866287,0,0.0,0.0,0,3.1320779399674974,0.3627118292854966,1,0.013008945547164802,0.02215136035581734,0,0.0,0.0,0,2.940145552050777,0.21300249090348436,1,0.0,0.0,0,0.00343442063477686,0.005811487742099762,0,3.6571725329223383,0.32635245545581465,1,0.021536038077431794,0.04307207615486358,0,0.0,0.0,0,3.2004292360453013,0.13751032896687237,1,0.0,0.0,0,0.0,0.0,0,2.6869869604356595,0.2115466742942225,1,0.0,0.0,0,0.0,0.0,0,1.136371727247498,0.07760834724664546,1,0.0,0.0,0,0.0,0.0,0
125,5000,0.9,dt,0.5653640878492965,0.025710180001081197,-0.04182640927311042,0.2807786969568241,0,0.6763155752019737,0.7040620280154567,1,0.11134825854000266,0.3547489025411531,0,0.03817654777490663,0.4786842118956366,0,0.7432653867087848,0.20570613491987247,1,0.8329066190994447,0.4596320306049336,0,0.9927792293008217,0.7797023449865578,0,1.418383714912366,1.4796684237495763,1,1.2482433141150837,1.3508724560122773,0,0.8707989396413561,0.9498200024766323,0,2.1478730060291125,2.0408131069231006,1,4.816882792423643,3.9008490301840815,0,0.8785719623302672,0.42634552264772835,0,3.362952143668692,2.63873591899465,1,0.3767571699430018,0.47296959839534664,0,2.723327049875904,2.7311488607724956,0,3.872656342198359,4.249295871545387,1,0.7987721760153409,0.434939618065903,0,1.483890989896834,1.242615986691596,0,1.3752298253120248,0.8796946569076185,1,1.0587694017757165,0.47003782174856096,0,0.4106860834889023,0.6044455497880368,0,3.147666072151773,2.1890785187929183,1,0.7540864702810964,0.3456201390752104,0,1.0201394979082792,0.7684664046849361,0,1.3724860753202277,0.8078246938965185,1,1.0215503280700369,1.2274038143994306,0,0.6111654580492687,0.9157689513067329,0,0.8658665300250089,0.702124258011173,1,2.044592980025656,1.2127414169377149,0,0.8068640836542853,0.7030867382280027,0,7.589441870358149,4.294541876331377,1,0.04531547863452048,0.5133559885361256,0,1.7692079826520755,1.0683715267770806,0,1.6105028254581057,1.5602019930933424,1,0.4422074240964851,0.4323376974063474,0,1.2901101553962926,1.0642534820133258,0,5.662598151262335,5.012854901482873,1,0.24543780573509197,0.40605142243023423,0,2.1597035904891086,1.320370639056447,0,1.932285881140442,1.6396506596915663,1,1.3687985526745636,0.7048920136309687,0,1.8465382815594311,1.600772911766108,0,1.914538935968089,0.9749867215862563,1,1.1421896195351144,0.3991029007708803,0,0.43122638112973244,0.44748245652574736,0,1.0205471953477616,0.4257440585405884,1,2.1081985514386203,1.1342011407652113,0,0.8023100388997865,1.458262212165058,0,0.009242098940179378,0.5454655977545694,1,2.6912076691495654,0.5463871869587084,0,2.9968706775938676,3.119297120961539,0,1.2327302791254564,0.9508647563236187,1,1.624806534012779,1.2695933818560368,0,6.980700259062681,8.063232912981201,0,2.0665813194512603,1.7929364083389812,1,1.0719132848220299,0.6791404599245583,0,0.583630996139004,0.4878044335278464,0,1.0123683937587737,0.566163256433554,1,0.3503582620439965,0.1962069805695007,0,0.9998942317042966,0.7809945027356185,0,12.882401376541356,8.947676502182567,1,0.4770953171775318,0.520362872257301,0,0.285184205125781,0.46011138242123933,0,1.7214623199274346,1.9856685545219477,1,1.2626526912468778,1.2088159820780089,0,0.8501016191869027,0.550499998789954,0,0.30417158319615656,0.6611651566280599,1,0.664059634565653,0.8377816090905749,0,1.0364598322045218,1.0619494072492521,0,0.8218036281478099,0.749808958000257,1,2.4581942588144536,2.2062178505891246,0,0.9623867789463105,0.903939546527678,0,1.760891301157411,1.0621472340981293,1,1.0470024944363971,0.8469213243774084,0,1.1314973050656965,1.1639650522107687,0,2.0063611128875283,1.9389669306706128,1,4.698242991504818,2.316991695441461,0,2.906586834726725,3.012199717277741,0,7.248252722267888,5.566378768053397,1,1.1435569765614058,0.7279760242170029,0,0.9559777985758153,0.8451527831911013,0,0.48282090205692807,0.48097763588938663,1,0.628399286327225,0.22545676920964489,0,2.513720885599443,2.474165478445885,0,1.9164919784519028,1.0920070641790434,1,0.8680336620580306,0.6303348131567695,0,0.6002907667398076,0.9639521075235253,0,2.22829092384315,1.2068801752372385,1,2.3655754616783136,1.5381277513083758,0,0.9897527780107594,0.7932697613455131,0,3.0985314618366573,2.337426704321637,1,1.365071085496385,1.1072242436502235,0,0.5944804096153158,0.460503893377142,0,1.0043902616347122,0.7574569928964483,1,0.9374447451927533,0.7176933275683844,0,0.32770440966219827,0.49603326066051484,0,0.20183663347905498,0.41090396469971535,1,0.25302005389168625,0.16294884023062287,0,0.10694216344892152,0.4678362406342744,0
125,5000,0.9,rf,0.8876978405413588,0.004337598235828523,0.20077019091136555,0.00757417749491661,0,0.28245294764530515,0.03575191175830313,1,0.24456541430143125,0.05305897644558333,0,0.305546433500571,0.036754545246687496,0,0.4680043763886824,0.023794182533538277,1,0.4594069448213709,0.017712872874695668,0,0.6074680076344954,0.06902057869975513,0,0.7536782563971617,0.15834080715745838,1,0.7188829447348452,0.10796844383926048,0,0.5726497063552873,0.10460467583564091,0,0.9393704972265763,0.14675330249757937,1,1.204801254774284,0.16821681992189935,0,1.0780360126628006,0.31208099698612196,0,2.865733353494234,0.5146857264356002,1,0.7907869406487112,0.13790444098559868,0,0.6662110932871032,0.10585966477022846,0,1.820100756415291,0.38365442066501715,1,1.2257370337181068,0.24049951941654274,0,0.7229239352198523,0.11987687488764875,0,0.6747350679147837,0.06148290960980984,1,0.7120485716245195,0.1683205146522314,0,0.685121550801575,0.057077992635540455,0,1.3669755266961734,0.23912536380755817,1,0.6320816600186256,0.16186627210548302,0,0.6101732529217252,0.15440320761243614,0,0.8311754424831097,0.10186258985882217,1,0.703174808928295,0.09384419211317437,0,0.6368639040597207,0.06555093228235989,0,1.1224676876577993,0.2968391669613825,1,0.5578354768765943,0.15865917271676663,0,0.6639713114409642,0.2144163136500885,0,2.814988679765924,0.6448926156705713,1,0.42087409108959273,0.02294287275234461,0,0.8193222334080696,0.14158038049092786,0,0.9612711239262014,0.2536113450710346,1,1.1912379021060135,0.19383709667119173,0,0.9491107684589517,0.21019441450648177,0,1.8204892455923765,0.9329324844619664,1,0.45847925773081066,0.060586030846656314,0,0.7773335789370792,0.19315432373123936,0,0.6630754582173761,0.08271399165877802,1,0.6750483723026038,0.11126550188709777,0,0.7610821917402073,0.11522511218576552,0,1.3231400518715426,0.22946084886411766,1,0.5681325074895964,0.1279444165286394,0,0.5735975339495005,0.0953987872603914,0,0.8527132763301081,0.12418794571289764,1,0.9829346955006324,0.3961962188515946,0,1.0424049271479252,0.3478404292338892,0,0.6265669603427091,0.14035992323391222,1,1.3308788517940948,0.43802628496202084,0,0.7434422142229064,0.14572720838249334,0,1.242649435889167,0.30249979241496805,1,0.8202222914327214,0.29135007172414146,0,2.7467173552906954,1.1850738208824347,0,0.9270574885993017,0.23980180170212295,1,0.669368490816275,0.1061955661034938,0,0.7715118070618123,0.3327732246206106,0,0.803769611644612,0.30467093402707135,1,0.5229848712026332,0.1588874838275165,0,0.4712983727414023,0.16104148036702706,0,4.874377621413174,3.1491007901581556,1,0.6157726850236889,0.09628268863653572,0,0.869743875137947,0.179333512260523,0,1.3129413807576245,0.31335343094950063,1,0.41496383991505653,0.10623908786610448,0,0.330347771617306,0.08686463222231697,0,0.7890580925344479,0.12003005681897762,1,0.4591683404491831,0.1037957094059706,0,0.6063743499485594,0.10121762828219075,0,1.033191810804253,0.34118255646889784,1,0.714293967619939,0.2970655267362261,0,0.6473081280392993,0.14883911064520963,0,1.1645035991550678,0.45022830151822524,1,1.313926811236352,0.27059649683852044,0,1.2079483346300566,0.3139254757449442,0,1.3231203061250354,0.31959120400508756,1,1.5215741560047458,0.17539097961853117,0,0.980923844018432,0.1879112297845622,0,1.405094800444785,0.19829688376472213,1,0.8601910196090305,0.20643986161314945,0,0.6432586103839978,0.16162170731529066,0,0.8293165608010306,0.1152614698138315,1,0.8292640811023914,0.1296601122676769,0,0.6856839397416385,0.1418782450792192,0,1.3179772182941831,0.21125078824560795,1,0.9688524688852643,0.08092146167661224,0,1.0595887346060582,0.15206647451685984,0,1.8650361239992486,0.306459361495118,1,0.9544090904633586,0.14806167331058603,0,0.7463448100874729,0.11698565162980117,0,0.8433560775099644,0.11495354968351533,1,0.5518432468396395,0.05881109504892776,0,0.5026473814703734,0.03848951668793754,0,0.5723685566391981,0.04746478939442503,1,0.37762337325003914,0.058505734395246915,0,0.28135669194090107,0.09543018479001418,0,0.2938515045468422,0.032899192818770594,1,0.1718016064683237,0.03582867204006283,0,0.12335307168787284,0.03291405323793534,0
125,5000,0.9,et,0.9030541351281558,0.004031773608297443,0.17773684286385774,0.017545035547540482,0,0.2707597605472515,0.022021916599900878,1,0.23700925009208612,0.03207068559870076,0,0.3247528382383618,0.043049415956256346,0,0.522913283476776,0.05574247418569583,1,0.5066410656126086,0.0570404417807581,0,0.622672751073599,0.029556988178737517,0,0.7593596285688798,0.07907313237296498,1,0.7460296460839106,0.03593663574739565,0,0.6113131512496646,0.07235591115590102,0,0.9906390176568657,0.10580730111847694,1,1.302570501394611,0.12431580356188074,0,1.1457979859471203,0.2061123855735589,0,2.119052843081336,0.26399715455803274,1,0.9430883020900046,0.14054802026833044,0,0.8835338461957949,0.07746770081457376,0,1.6667953949995116,0.2703315014408417,1,0.950486431366766,0.10319481820827196,0,0.7223286054636627,0.08160208901301794,0,0.7277370865422831,0.09415089217276594,1,0.7943525757110941,0.08287106416822863,0,0.7012164780493084,0.10249267209839395,0,1.0458680256667747,0.10030019346204837,1,0.7147596246563468,0.1336758829050579,0,0.6616122321705336,0.11654726708145363,0,0.8954116512755513,0.14480177339168449,1,0.7124430418267351,0.0515744863712645,0,0.73855600356166,0.05179728369162091,0,1.0072577506858749,0.164794404608433,1,0.7657100315779466,0.10726994629127104,0,0.7608647928430865,0.19243856072570859,0,1.529007197013565,0.1750495428237371,1,0.6431267628524979,0.12868800292027463,0,0.9996534476023374,0.13988675520410424,0,0.9591975736461112,0.16244261146583394,1,0.9843733210261598,0.15057894786265413,0,1.0369176469582122,0.1026432409267872,0,1.0913206660964165,0.12231496718186008,1,0.5446189619085187,0.09353656923126903,0,0.8547803610699869,0.18684643772734447,0,0.6992838230259364,0.08898485448535043,1,0.8391073705023369,0.13564080889023947,0,0.7732031839240185,0.09748157811671998,0,1.190714631301568,0.09021889637477132,1,0.5991212184392637,0.08671899153536981,0,0.6051171896824081,0.09174089765440788,0,0.8846595090420977,0.09786646469186328,1,0.8615034276602511,0.1468316514888967,0,0.9295639963301827,0.16684201842776886,0,0.6705191554559489,0.03965196664405233,1,1.17966506833285,0.2667613050270695,0,0.875293402949645,0.1402647473214436,0,1.13691518669197,0.09134485342075924,1,1.1543736126897017,0.20781966347600997,0,1.37398486028404,0.1260579277675304,0,0.9788349971374736,0.2016964876630875,1,1.1077895547521677,0.12293575133814598,0,0.9765594270435198,0.1294459325460194,0,1.1587991821313337,0.3423041081862815,1,0.5590082709275618,0.13456030033068053,0,0.7181139193842098,0.2071888869887751,0,1.4843539311971476,0.3146678709931248,1,0.8742371461143593,0.12611570566300725,0,0.8876183294286941,0.024121233621119766,0,1.345300961515692,0.06412816944027024,1,0.5119359377343328,0.14290596850535398,0,0.4056732337611246,0.11155373341258075,0,0.8123249897569206,0.09494562710027775,1,0.5710418478263813,0.1152046174954399,0,0.6449158792735193,0.12105260398116516,0,1.0255051192321738,0.2731094554826713,1,0.8321132091807062,0.16901419144380722,0,0.5955069636684095,0.05931703302523189,0,1.2976082165902834,0.2768304603721786,1,1.3142392489128443,0.2330397475664513,0,1.1808196037398766,0.11284559346592865,0,1.1916024177158,0.12304779282409964,1,1.239083711263758,0.0421132519007166,0,1.0990954713096595,0.1871200255349016,0,1.3639426715970715,0.23110699649284325,1,0.8629450386164621,0.18363856400087228,0,0.7506103790091269,0.14729539107791387,0,0.9069241512109862,0.15758667461159237,1,0.8394092968364388,0.1406825797110731,0,0.6241707792602924,0.06466087235906154,0,1.1276969703351465,0.08170472232269038,1,0.9434881645016642,0.1547310092641829,0,1.0293072161002055,0.09582751269347267,0,1.5326659603780959,0.24214099930635385,1,0.9559706476346053,0.1302396156268276,0,0.7693191717356591,0.061431023127054056,0,0.828774210707835,0.0658486923361266,1,0.6539602340796786,0.09295691506518451,0,0.5699963443707258,0.08663278468816388,0,0.5918446752740896,0.07714325353235599,1,0.4090186210864931,0.03977010367807978,0,0.30764516566863226,0.07735971597816714,0,0.2855832519660574,0.03755212913696443,1,0.1809390807370074,0.028045031420852528,0,0.16239550835510616,0.019299163572351646,0
125,5000,0.9,gb,0.9427602694978926,0.004326975095842062,0.028058698254751074,0.03440092968968159,0,0.8355175022244226,0.15107618914267315,1,0.23997485278850555,0.19728204006595845,0,0.13647890843586447,0.07113719601816884,0,1.40086651462394,0.14386667997703168,1,0.21805929718012368,0.13464872096808375,0,0.5649787549048021,0.13615351745430754,0,1.4170084164688401,0.34509539877346196,1,0.363558438616007,0.09400190510276124,0,0.12376110850313371,0.04810530642311878,0,0.7203060112775749,0.17863608589977328,1,0.7462641275880935,0.27153840421062425,0,0.32171741892471534,0.16424430022149106,0,2.686413086699628,0.9801161744262696,1,0.19999568968933212,0.12907271290455455,0,0.14795716262930642,0.11922245320144542,0,1.8281331467015416,0.44557310218697216,1,0.44359380329576314,0.13667315000689648,0,0.23392095733195967,0.12096902418746247,0,0.8231314294734098,0.33076443280568296,1,0.2909572852317984,0.11342903672503897,0,0.1256321303917149,0.15720869465057302,0,2.3099652037991327,0.707067777108101,1,0.18074912354354525,0.21354704787589812,0,0.20643479362610329,0.14469201566222656,0,1.3117491394549934,0.24173871356452717,1,0.2538624113826077,0.1601576978061153,0,0.36747621174012146,0.14297214824965276,0,1.5549672694643624,0.25181924888086044,1,0.11547542100238481,0.08872744928071796,0,0.1389902380061818,0.13414489966731083,0,2.245378959913805,0.28246395303193134,1,0.07096612924764062,0.0784166401963262,0,0.6780826212933267,0.2604697668909589,0,0.7477952673895978,0.1664671738891214,1,0.4472436205483249,0.09951269540271876,0,0.6010420226353191,0.26028450602390263,0,1.3753897158696942,0.39324848433128334,1,0.023205793488138816,0.010924523124053268,0,0.6924026182366412,0.37262942895609225,0,0.5846486427809489,0.2137897516827986,1,0.3985525226412332,0.1526326222005219,0,0.24445763230850895,0.18699222688345718,0,1.9665710669934735,0.2715844495969137,1,0.0758163491138498,0.04899086240694078,0,0.25272907829252284,0.23985235603202212,0,1.0893573950103455,0.4301824519434442,1,0.6665367920842613,0.28267582529773955,0,0.7596623184841487,0.3781151796256667,0,0.2966029533257051,0.08387022765643003,1,0.948901752269722,0.34975492746291303,0,0.4175033448152594,0.06706284941842901,0,1.5270347780851137,0.3062246704519854,1,0.028260427013178813,0.023056109591512254,0,1.3780067399946758,0.3158676958532885,0,0.7081060923631072,0.3592056549480551,1,0.21473210289482517,0.14963327026827983,0,0.46443853814676894,0.2523830713950996,0,1.3482953686987933,0.3625329310160199,1,0.37926293149295937,0.3486680121841366,0,0.20149214658657982,0.07204976067932871,0,2.1476817889675965,0.688298921246912,1,0.10987926828495653,0.07752366859811718,0,0.5586923373693333,0.2616850761120595,0,2.5605796814145574,0.293383787618643,1,0.08250508343885464,0.02174776408519253,0,0.023004546947152406,0.020561504113496748,0,1.0716148294575891,0.2972232709471015,1,0.4014276038538047,0.1465481278062439,0,0.20211110288939654,0.13787821016766016,0,1.9473561305653324,0.595038711131954,1,0.25806856170274334,0.1928587921843845,0,0.23835754048837657,0.22533085094966793,0,0.9940483323945184,0.17085955559675756,1,0.47427671857569054,0.2226578492766946,0,0.47287028973768386,0.1702985500321818,0,1.0156713411411433,0.23680342475478589,1,0.8290219440955499,0.333888311200972,0,0.4950227890306735,0.3648656485999431,0,1.0443455814746272,0.38465743384948986,1,0.3716800578300192,0.1419578432040183,0,0.2208439448908576,0.11636275561920824,0,1.0426041732453664,0.2421719565140808,1,0.8011167756067445,0.24997886899756658,0,0.23424591331548505,0.17921762478286093,0,1.0785056042327608,0.197457608583425,1,0.30248105003564973,0.20299373755638975,0,0.2923600926910419,0.2289247494200967,0,2.0347902969244736,0.5472351667093118,1,0.5130660885277444,0.18520787350043325,0,0.4019410301184697,0.07739194995205913,0,0.7360478334215627,0.1802324667427721,1,0.32262872107781704,0.20405124866935295,0,0.1875635816901538,0.09926620367771206,0,1.9887912515740418,0.4548292882762114,1,0.24678632390153538,0.06686932194938312,0,0.06588177296332319,0.05419185270808837,0,0.8756400496714616,0.09256206062639237,1,0.10978569401123162,0.03847641786763085,0,0.01908684805707138,0.026059841690692906,0
125,5000,0.9,hgb,0.9483249722112485,0.002517328705176144,0.08391199401095215,0.02347745323721193,0,0.9437963513544435,0.13752104372057342,1,0.19088457459066102,0.10880825252628712,0,0.12318370154281974,0.04858250709779588,0,1.1235979347754017,0.12433684512856608,1,0.31020103143225886,0.13012123963736122,0,0.49493324461456983,0.12691141537373743,0,1.062839384945,0.22705996772407072,1,0.48108028033781913,0.23165854174238648,0,0.27326529061089705,0.15554520207773742,0,0.8049069240488315,0.18531935332618718,1,0.8511151563213344,0.3422475862351445,0,0.31534868998738996,0.18102989482356543,0,2.2417658276081807,0.4086958361022904,1,0.2903759096000694,0.1572571807504207,0,0.25358168716978746,0.15054581016746346,0,1.8961093770759654,0.31564225526822826,1,0.31836392017085313,0.09980777920906077,0,0.3617401218043217,0.13482975829148283,0,0.9118562026493354,0.17660707781693782,1,0.3168114334900093,0.21937794325885088,0,0.31295194023031936,0.07483943827402328,0,1.6752407060554972,0.2327268102616697,1,0.31855347251724825,0.16750068012563227,0,0.3912765483942494,0.31548748981584823,0,1.1026104504892646,0.16293968390117194,1,0.39910975284681716,0.16636283615532135,0,0.3489414711877722,0.10839143512517607,0,1.379414703600122,0.20019834857493504,1,0.22454723849632113,0.14206222086830297,0,0.18872183460372133,0.10144574237757906,0,2.127266460500305,0.3205603218935005,1,0.104405374869225,0.03907895658186997,0,0.4650492031207059,0.1908713716236865,0,0.8340012016487769,0.19395103914033565,1,0.5768220134690586,0.18793919492963207,0,0.48697978805582365,0.10142153052314046,0,1.3956640195958772,0.33864772403334664,1,0.1418848681312706,0.05964498731217799,0,0.6470147052874076,0.17865904815563446,0,0.7561504863240742,0.20516178650653497,1,0.41015972120617034,0.2929752023022671,0,0.19324733652652917,0.0368593348971527,0,1.684929911146289,0.36511130296889427,1,0.22200126286619812,0.08883522840428744,0,0.2870846010892654,0.21682096293389397,0,1.0052605357124265,0.28403270840186406,1,0.7219609614367541,0.3372119324164155,0,0.5286064029665342,0.21899539246705618,0,0.6992063020156577,0.10379036669392137,1,0.7941495009314341,0.06961196566271313,0,0.3878262180864245,0.12258075249576678,0,1.2906874848286778,0.39723360217950376,1,0.17905627743275437,0.08776956138097788,0,1.1839098216094617,0.27126554795503066,0,0.8345880052193998,0.3550659156905329,1,0.3301951576724967,0.15739758200338033,0,0.3230832761519725,0.13201032917147407,0,1.2841550159559512,0.3183871073215218,1,0.3412526897857968,0.17663707325630734,0,0.1822493160704909,0.06676116611972226,0,1.8427745190116007,0.2357732796844171,1,0.19555993808184738,0.08886315999928769,0,0.4184145452639897,0.15459476037751838,0,2.1642585405495125,0.2474686023320855,1,0.18287048770795344,0.0769807269428358,0,0.11796118931612795,0.03508160801237184,0,1.0097422692045754,0.19458813392791965,1,0.246638723725959,0.10760362483274884,0,0.2831628036583034,0.16398428876635845,0,1.5754291145496166,0.35422787952044194,1,0.29321899047092764,0.12764908347561874,0,0.21775804838730659,0.1821630509628529,0,1.3718557272030092,0.3429088242483029,1,0.5618332619003573,0.10715420989377455,0,0.49510265555163135,0.2431387246569454,0,0.9578733047027506,0.14387642139909654,1,0.8634897718363466,0.2957030962961231,0,0.38753666027871064,0.2806970624698792,0,1.1952230146432687,0.22036468801932735,1,0.35084613165177936,0.10806148408024983,0,0.2933742158447684,0.19094786256471333,0,1.1783857322363998,0.08821923741455374,1,0.5152894221349218,0.10805076810179048,0,0.3722968944295297,0.15465049322971525,0,0.9660870048712941,0.1387656833522966,1,0.4017281067504149,0.06757030406857262,0,0.46852839325006823,0.12393049252361622,0,2.1703245815391297,0.56659201313277,1,0.36644453816516215,0.10984937063145747,0,0.34972669071727064,0.14501855967553684,0,1.154602233506892,0.21701454580642351,1,0.28551325615507084,0.0816098626951729,0,0.3641168876133712,0.11402283644909973,0,1.6153149383723373,0.17068100658370844,1,0.2562297922029281,0.027334064044764496,0,0.16719709394830695,0.05573143415552172,0,0.8374632034195475,0.17624317185936544,1,0.10472021814319461,0.02464640554045035,0,0.043345257101015326,0.027763755942443447,0
125,5000,0.9,ab,0.8066392117719605,0.009284353458861428,0.0,0.0,0,0.00980863217846732,0.01961726435693464,1,0.011195117551980048,0.02328280391249351,0,0.0050515832165920075,0.010103166433184015,0,0.6883434440010054,0.44219925881923267,1,0.21463616794677876,0.1330108832547306,0,0.923701421770493,0.6114540993913471,0,0.6478776889315208,0.3101439612231576,1,0.6776539495295706,0.23903499524254873,0,0.5756455683736832,0.4458432661104012,0,1.1922156999267948,0.7265599391555932,1,0.9664846195226474,0.4110373181577673,0,1.913017128343649,0.48266586696671526,0,2.756296075320423,0.8093782829124827,1,0.11274084354584128,0.13133368976247775,0,0.35362077138787384,0.2309762342246254,0,0.9003630902066305,0.36497927944520137,1,0.6853939323733746,0.2395005955639088,0,0.3181566300028901,0.13409647320106632,0,0.6012768627443872,0.17386900009284023,1,0.2800796160375388,0.2322908470720206,0,0.3989586603288445,0.31990514555230887,0,1.676592126720847,0.5623898174605425,1,0.9311769888200434,0.33547724833336146,0,1.0205466455225753,1.0810551829960366,0,0.6653629821759666,0.21928104350536656,1,0.30596750527210714,0.2916797139790269,0,0.2981084033130108,0.32665633143040057,0,2.6890841211162044,0.9098204240504613,1,0.2637898399945423,0.21474791579326963,0,0.47532743335640903,0.40047274858733506,0,1.729149053102698,0.7474471437640149,1,0.2881018132460545,0.20908069738729268,0,0.861524377467991,0.5152615352840054,0,0.4225836855948355,0.31742925769490055,1,0.5643452676960743,0.7836089161436697,0,0.9679899304566628,0.4080386997161504,0,0.37769764748488444,0.1974852642100401,1,0.26364266851461426,0.2508159685186426,0,1.9760719250437824,0.795594924235433,0,0.7558004208351102,0.5260379705012379,1,0.20539059393769316,0.1726477460933653,0,0.19279984393463886,0.23785416206791055,0,1.8904900407768213,0.25385836133691747,1,0.24743169789740413,0.2199820720926914,0,0.4753041279136202,0.24385949918031957,0,0.9363367898968334,0.37172812769956587,1,0.14356375091568382,0.1582397124516952,0,1.919334806322959,1.1091779408994145,0,0.17110280525005228,0.17679226615858348,1,1.2652664792201833,0.6279617255138983,0,0.7792639816269721,0.3580429198900105,0,1.992151368750712,0.7447302029560614,1,0.23505233917142476,0.21478357892494038,0,1.6415693713564323,0.7207543362276193,0,1.4404988371137075,0.6786267036657203,1,0.2067891269531142,0.1712920681283586,0,0.7016276429516196,0.3713851092730703,0,0.13901397966752255,0.11934088129719547,1,0.9764799500951555,0.5231003552281623,0,1.2133875765703235,0.3214715206719766,0,1.397543774132442,0.5732809510530669,1,0.46338038984677504,0.48281491446839575,0,0.3369725792929966,0.37009976199923184,0,2.379650968017768,0.8333666603307885,1,0.12289504476289297,0.1511161986470637,0,0.08220887401534685,0.1168151555525798,0,0.49950041483185126,0.4332211847024465,1,1.4656429731358418,0.647430567880488,0,0.558619257669075,0.4808510803990306,0,0.5725314714683635,0.5608437848925575,1,1.1459285197435432,0.7370245481316401,0,1.03654139361876,0.4507514556696918,0,1.2663850890576094,0.39064124594190863,1,0.7279848867900066,0.556230252860162,0,1.2689219786434685,0.5922256400698436,0,0.7725072463121209,0.46757951364136013,1,1.155557231973228,0.514097892712006,0,1.0144260052513863,0.42774928191327044,0,1.3188355824740103,0.44004285809828614,1,0.26438913284750265,0.2197962783574685,0,0.06154562418542904,0.07485628484653033,0,0.6511408811419381,0.40647162363052475,1,0.6032682490423176,0.12580923310870443,0,0.20955119171523684,0.12149554230177813,0,0.8992541166353167,0.19305763435914525,1,0.4794827088734751,0.2268273835668807,0,0.35133903798573735,0.20024426183212182,0,2.327756382889114,1.1938382177649423,1,1.1424290853985675,0.550121185038219,0,0.37114490696163094,0.37634888247061715,0,0.5414949449384792,0.1408037083272659,1,0.827887405622435,0.3628928791108946,0,0.6728198108140477,0.18100017220223033,0,0.8273346527332823,0.2441947647328082,1,0.37811103130225826,0.1327638741863635,0,0.06340345888474443,0.09111488024737328,0,-0.002880789109203107,0.005761578218406215,1,0.0,0.0,0,0.0,0.0,0
125,5000,0.9,bag,0.854993807429189,0.003939290558269754,0.21277348606805244,0.03450184368629306,0,0.3873840277048089,0.14054303629653256,1,0.3358480787648556,0.07494106788513157,0,0.3101609181590149,0.06470813738800095,0,0.495517898089056,0.22834146283499607,1,0.41782192160721887,0.14433387156022687,0,0.6183725405293186,0.17646478206606925,0,0.8139551737723091,0.3884665790021435,1,0.5729410227019605,0.24828242560019387,0,0.7862138696912286,0.3452907287165475,0,0.9428723731958986,0.16113939134946578,1,1.5737799789258633,0.5412573985623325,0,0.8982399889942082,0.4152472872214737,0,3.879257157455882,0.7912255519885104,1,0.8176298700875076,0.4112942805503314,0,0.82040723079249,0.21020361221402847,0,1.5723967393074427,0.4293385681059762,1,1.7438348418818486,0.6217259595797583,0,0.8182253060636808,0.13854593661975673,0,0.4556033863466486,0.12342318683463392,1,0.7363213480274803,0.21164421595711397,0,0.738287184485743,0.38932381123676785,0,1.6128994484648196,0.6443933843070864,1,0.8026603443538247,0.654175048502601,0,0.573110388284953,0.34986173939233767,0,1.3282298597224667,0.6455543502475048,1,0.639666348235506,0.284923071154157,0,0.5771218141619172,0.3056814718658316,0,1.2912907824247648,0.39444735721602975,1,0.64331819544628,0.21249052003388003,0,0.6118454534152953,0.24973244794100144,0,2.5944318099635444,0.47440109680236664,1,0.49298781597254404,0.2129376445129524,0,1.0619670170972526,0.3260241613633584,0,1.4033277510411715,0.8395255640280296,1,1.840621702566758,0.5740479402094988,0,1.0006224076845016,0.4677768602982544,0,1.541748875469138,0.732240875089336,1,0.316813837450521,0.1949791379061108,0,0.9391037449384634,0.47436578132716484,0,0.7616977198880962,0.2540806898376875,1,0.8038425903131599,0.28364128079007206,0,0.9066652080172382,0.2798248928792562,0,1.6120711086471975,0.6049194838621088,1,0.676854192214247,0.2384382998945508,0,0.7028524250756742,0.12336893657972241,0,0.6906658906825065,0.18137177210408195,1,1.1159962336111922,0.9128492681272254,0,1.2749540327469409,1.0298849895474522,0,0.6596114305201395,0.3107782775094509,1,1.1695866308688654,0.7788696076442183,0,0.8539859565854705,0.21607647670993155,0,1.6536955628439962,1.0985369813260815,1,0.78068896898944,0.3063077604773175,0,4.4703168227697025,3.168492430910965,0,0.5652281096214314,0.2817774985529991,1,0.7641239180240793,0.18914671255860466,0,0.9133207711539212,0.6243616110403253,0,0.6006408012583397,0.3778022345939925,1,0.6168099941993191,0.22190059646284815,0,0.514743400925129,0.2712871178176212,0,5.385690758092988,3.0546584868014257,1,0.6249371054304019,0.21075188760666505,0,0.8951721274630271,0.5023817145743771,0,0.8990263681739672,0.4334840050798244,1,0.34263010803584926,0.13057529323073533,0,0.3332269794348395,0.15817503956689866,0,0.7212559374224938,0.24327764871850982,1,0.5194490296825729,0.34965785169433444,0,0.48866093621420265,0.17289752274331754,0,0.8944492168193374,0.699580552284938,1,0.9267255549710389,0.3996843275187135,0,0.9377996518369164,0.7612524614846412,0,1.482874017107189,0.8642715519572677,1,1.5031415407957842,0.6563633375544412,0,1.0959363017167534,0.4949382990057186,0,1.9319821363381156,1.2023655671748232,1,1.5332800172012218,0.5841709279157108,0,0.8416066915170266,0.26150546646630635,0,1.387404985511611,0.6079175078324036,1,1.0841633281909702,0.408266256767339,0,0.6299577907165389,0.37968951724035527,0,0.9584397661004911,0.21904039134601233,1,0.7745374878373188,0.27442331490939337,0,0.912107402358145,0.23952284047346428,0,1.166014850951457,0.3818123515265718,1,1.2316023331724506,0.45245470913441477,0,1.215336090216192,0.40043754522073693,0,2.0065544121658716,0.6654382804708215,1,1.0151938942941254,0.24357184827531392,0,0.9333594235618241,0.2433941472593763,0,0.9528887591527638,0.2285211247458518,1,0.6071006877881331,0.1853110367382462,0,0.41297676245600395,0.09135657710843191,0,0.4600445742316258,0.08012319568195506,1,0.44206253320360406,0.1479998320697499,0,0.3477825499749791,0.25651456642320736,0,0.3422570653370357,0.05552039281000615,1,0.2545166863898127,0.11160190674572694,0,0.151783979188844,0.08440185740150483,0
125,5000,0.9,mlp,0.9916756363653125,0.0007052916222464441,0.05517515353148317,0.04626138800122155,0,1.651606280003725,0.07048187910797732,1,0.06359069609735031,0.0176626074171275,0,0.04024758232726289,0.01791032303112275,0,2.05903893568111,0.24654859111235092,1,0.063793137241131,0.016237238823202726,0,0.05379133615088677,0.014222808171872393,0,2.158699526939576,0.052054278635695866,1,0.0772942652416877,0.019572811272868404,0,0.07813365820374545,0.02172559495502606,0,2.1059887332441964,0.20074902434631933,1,0.05433240069264601,0.02226773278018651,0,0.06341787180826594,0.031943901020828516,0,2.0560482911868125,0.15894478300425266,1,0.0384110796368851,0.030985543097807856,0,0.04604574452140862,0.035326943158378164,0,2.4342585871045808,0.21138709193532904,1,0.056173045603710545,0.014662199946089808,0,0.03470289691956048,0.034643064282863276,0,1.8238810577043432,0.22663841652153152,1,0.09408080014137259,0.014046595761046447,0,0.12232276230112463,0.019153985078044448,0,2.0092186981281888,0.22497061830850174,1,0.04635420919829066,0.017988723640042243,0,0.06808421676888618,0.04509777517937757,0,2.0991883573657844,0.11886741638214642,1,0.04167503720246092,0.009899607034272924,0,0.036830980256334335,0.0315529085774472,0,1.7955917714521992,0.14707738553243177,1,0.04143682354954875,0.03325994055327186,0,0.04665018373153358,0.03285856660651255,0,2.254666418069784,0.13375581447621776,1,0.04913811080510754,0.027538055169927834,0,0.06931870032996357,0.015964812538962977,0,1.6913604496132393,0.13702524836258814,1,0.04466031545536875,0.02277441048854608,0,0.03165416297352165,0.021402566796725545,0,2.0434967271347464,0.13062895327141044,1,0.06027762956985898,0.01822266196180614,0,0.03833809635557049,0.01728805733647516,0,2.047541744658769,0.17065517393928298,1,0.0539974289366141,0.023269383955413423,0,0.04142214770588305,0.011047017517827346,0,1.7560585016172485,0.0514819504447947,1,0.057743983037960286,0.021622789032567098,0,0.13970608845388194,0.05195689439715134,0,2.125205788857155,0.16786611087349046,1,0.011435579403788445,0.01804761355528902,0,0.046926751473164774,0.024246660913314858,0,1.8496263086017464,0.17572846610750914,1,0.04380915780250374,0.020235445694938757,0,0.04596716732352986,0.026236822207278406,0,1.843639598830552,0.22530985272969872,1,0.0982558893561668,0.06458002657834196,0,0.06712926173702796,0.021597401383113984,0,2.3559921988944277,0.20865507474950862,1,0.13727512223254276,0.07981706092347252,0,0.06147184354199563,0.0145439847879466,0,2.1712784309403714,0.1754266097696821,1,0.05026918798327699,0.0286772145976209,0,0.0601308945102238,0.032339327039795,0,1.725809667154153,0.07161222022155264,1,0.05471297014542472,0.024770287615743597,0,0.057585190644428595,0.014083036105771232,0,2.155887101365264,0.1552411964498361,1,0.056148194054331316,0.02224627278916153,0,0.04147023058440971,0.021956359832350503,0,2.0691947506335833,0.10167960656950405,1,0.02718425064865762,0.016808019584399005,0,0.03485673266688046,0.0105039514663667,0,1.9253306142225604,0.09443504372659692,1,0.0747261699881079,0.013050806089907321,0,0.070646071940569,0.015964404396663016,0,2.213194110260815,0.24947452315717977,1,0.04946875535342292,0.022057207010675185,0,0.0823549033228624,0.020382688687978535,0,1.7790261308469866,0.2670686585492189,1,0.041684604707425923,0.023136342516831183,0,0.037590211677717415,0.01745442331413826,0,2.0641274460285643,0.25159400116535974,1,0.0614617516459274,0.031184212102768432,0,0.09142221691656893,0.02659741194376893,0,1.9263370354487332,0.3119193152050184,1,0.04451137299412604,0.026032887428344097,0,0.034434994632943125,0.020995294337625977,0,2.1652856789358346,0.15910517930149887,1,0.03627256436888231,0.01739708540026015,0,0.026207992095455806,0.017479304875841956,0,2.2664819428964464,0.1643930425567238,1,0.052677651720933215,0.033088866235372674,0,0.043109776008281184,0.023232256071359616,0,2.1031098526715644,0.07002653891690941,1,0.055623756610931406,0.029954907757535537,0,0.045577472488972856,0.009142121738011991,0,1.6551027418488995,0.1888066517630532,1,0.049412964021749384,0.016322892592759666,0,0.038099052736316454,0.020458271088356187,0,1.9577914954998863,0.1453232871440245,1,0.047046180489941566,0.038982317341960115,0,0.05073755806050303,0.017499557318958327,0
125,5000,0.9,svr,0.9411020193385635,0.0073659250771697495,0.25327946553813074,0.048801668094456845,0,0.7475743164123448,0.09312537528795789,1,0.39161675540500235,0.05920278215130507,0,0.44179509526285027,0.06217057196338667,0,1.0486343444196544,0.1103237057753087,1,0.4430932400921437,0.07134836690972186,0,0.5160331132655975,0.05248989768103011,0,1.218613949875922,0.14373393491496486,1,0.5901747217167899,0.10844799740981431,0,0.583917201933429,0.09791653925198548,0,1.254746939704138,0.1076039340034028,1,0.5955004393082345,0.08737587621618546,0,0.6021710613421106,0.08269280608647021,0,1.347418696479565,0.15626340322474003,1,0.6272827207663203,0.08717694016917882,0,0.6894098163716229,0.10934314752356318,0,1.3868237847207179,0.12541518817717898,1,0.6000854567699385,0.07090200756752067,0,0.6552293069237032,0.07782648272114216,0,1.265023488735427,0.10318022893882248,1,0.6135581620741956,0.06765686755185976,0,0.7151041941083347,0.09867272668279067,0,1.2942011065595234,0.11771925187900041,1,0.710988175919066,0.11523103582759421,0,0.6317570119395709,0.08290015217077983,0,1.1618343175296137,0.12177677920478581,1,0.6018936083126762,0.10589173068599002,0,0.6328038437997697,0.07156897898708481,0,1.4269837962431926,0.14033805100176153,1,0.6344423902422459,0.06987854231558666,0,0.6044275869923201,0.06842891279934209,0,1.3609027993527594,0.07298671371711594,1,0.5238247673399965,0.05319504244963884,0,0.6503367198507217,0.07825290557377326,0,1.2816121340487048,0.11215278910712256,1,0.5772402361428337,0.07872231892646606,0,0.6019298129937658,0.0862530114518044,0,1.2983591421962233,0.0990532984925022,1,0.5630697658868102,0.044074066982686705,0,0.5872297341692685,0.055139102959366984,0,1.3360280674037543,0.10615949870067848,1,0.647626513780093,0.04625459776518621,0,0.7341214610658907,0.0755895498406273,0,1.189955560221136,0.043788890815061286,1,0.688652509162552,0.06253166970489424,0,0.690175858116717,0.09436124641481913,0,1.3717023496442784,0.10386168611602772,1,0.6447324557764379,0.030652199894491396,0,0.7616160987559885,0.06228945290918036,0,1.2307367683282222,0.1171058695576367,1,0.7116610816027731,0.06702339903044588,0,0.7170579667434548,0.07450423190496305,0,1.669148463692301,0.1008315193412815,1,0.7141176888517601,0.07818204980716906,0,0.6934260715847895,0.0859436737908434,0,1.3094542616953242,0.1411175400214297,1,0.6742599925462536,0.09227860830363191,0,0.6244787981834731,0.08108329331503895,0,1.4398322312697387,0.11511066169854965,1,0.7449510414690563,0.07293678824236667,0,0.6516268477549676,0.048378580480099825,0,1.479090245673535,0.14423163058469846,1,0.7122811309192654,0.11184759093731567,0,0.646346437900894,0.09132743998170244,0,1.5639736731945901,0.169312619119621,1,0.6657558024602901,0.08578313989355318,0,0.6292813306783875,0.052074723486452604,0,1.1951327457247725,0.09361056981627455,1,0.7504816571042415,0.0691078966995593,0,0.6870390422047608,0.06573532241317614,0,1.2308893300612922,0.07569569342738865,1,0.5778659898286541,0.06877087911524059,0,0.6179004167881028,0.08583620156699877,0,1.322598180117523,0.10500623128050057,1,0.6453301981793045,0.09793034434901435,0,0.703382734642027,0.07759767350365734,0,1.3575278510908642,0.11661579659972497,1,0.8010767403371842,0.08059175554132403,0,0.7408082042177532,0.05874733988600564,0,1.438191974162363,0.14267147470591815,1,0.6344041233600426,0.06430441559989623,0,0.6863328063775714,0.0852812250961816,0,1.384407640807745,0.20140160939797014,1,0.6283446476148662,0.09466765915725452,0,0.6026167253410805,0.09933373469157442,0,1.33426153793957,0.1434844816304394,1,0.6711258364671704,0.09116867414024184,0,0.584733703652594,0.04569750070287462,0,1.3218463402492044,0.13000926286121747,1,0.5294558662525942,0.08816575992253078,0,0.507890233017301,0.06717277003973922,0,1.2101949741841997,0.10264170216143716,1,0.4895930687705789,0.08222033758602774,0,0.5445098409923391,0.09967538758922814,0,1.0438086102546396,0.11786388880278542,1,0.48117851811598256,0.05035018965982781,0,0.3698633807823671,0.049422734782052995,0,0.8192268095873786,0.09417785175810706,1,0.30070200228250277,0.05547504455780783,0,0.17027059449041604,0.04832620253807373,0
125,5000,0.9,knn,0.9315838243487647,0.0014738963653425357,0.2161011078623396,0.07218153259908369,0,0.31965739575104224,0.08263270935090258,1,0.396792348960561,0.08611339036499051,0,0.35732653998773356,0.18823595349316813,0,0.6407106553185778,0.1629581618490499,1,0.5526593784443045,0.12751734382705765,0,0.6247048745230603,0.21327495118201958,0,0.6719407355198527,0.17844051963585772,1,0.5477724983736783,0.1431950293704682,0,0.5719720568337459,0.16046760830747223,0,0.6296567203867716,0.23183414304541883,1,0.5726207677829642,0.18180811451385967,0,0.5627918234773249,0.23200056960393378,0,0.7772291416955946,0.13655544142765927,1,0.5332692500002342,0.19785970266427877,0,0.5531708841244493,0.1928273797447328,0,0.6275062527292222,0.17887209566283016,1,0.49014222399260554,0.19821061981039667,0,0.503689611648123,0.1517161452074511,0,0.5211072101423083,0.18251384908734591,1,0.5787998196731694,0.32070976535335655,0,0.5691947257462678,0.23721505258581008,0,0.6820883571048504,0.23872708050551605,1,0.5891098705284984,0.2136109334611007,0,0.6695279156032251,0.2624328513369862,0,0.8281113778904,0.22204862023596042,1,0.8073983314769446,0.16218580298017765,0,0.6226863351484708,0.27741826217354587,0,0.717639261283525,0.2780617144943713,1,0.5545482818773607,0.18744161996745665,0,0.6805381678847755,0.15859738200107357,0,0.6903585724206022,0.1879634953395285,1,0.5416773123293191,0.18365725370675462,0,0.521637661820652,0.19525146625014592,0,0.5594921246456072,0.24522637009145046,1,0.5876018221717689,0.31441290191340515,0,0.5006666616458698,0.26738724434392774,0,0.5023309055165326,0.2474792617979248,1,0.4579979738993794,0.22110526817964726,0,0.5558771832252121,0.15185620187538115,0,0.6303586829930256,0.19727525184973616,1,0.5760584055222855,0.17592574788993967,0,0.5900433888256176,0.1947558652806303,0,0.6889091363789999,0.22505203663997286,1,0.6861102939864877,0.14318855565176442,0,0.7259980370978562,0.17526323983331668,0,0.786109580422804,0.2300698697341381,1,0.7589241561206886,0.23231848445214148,0,0.6453925259428409,0.22292834366468775,0,0.6192325365201193,0.20588941609559958,1,0.612862003599772,0.22452587085014797,0,0.6459713464410302,0.2052611677444626,0,0.7572092228267986,0.153684264773413,1,0.8119625480122312,0.15988678258789607,0,0.7503979554328737,0.1869441011521541,0,0.7542700744983935,0.19063816291757865,1,0.629424534922694,0.12653941696989449,0,0.564101278051408,0.18928131088001465,0,0.6964007590810044,0.09263750238995544,1,0.6450027932942146,0.12111419248678189,0,0.6403164352103439,0.12894153550272075,0,0.7139532607865161,0.16023357457153375,1,0.6175129753673821,0.07819783492489518,0,0.6741975318565108,0.2856140002622555,0,0.8149717993568373,0.17809354170661304,1,0.6360331827951459,0.06892673115228469,0,0.6018164437682301,0.09392728881120718,0,0.7553266435711189,0.11167550106070455,1,0.5085171146930548,0.1681045008494973,0,0.6452966752322009,0.14955646845228862,0,0.7697117228399818,0.17882343610311757,1,0.7143029436412266,0.11876400018785867,0,0.6200997524784692,0.12456799437798408,0,0.7557294496151001,0.13442611469691934,1,0.7057052854393486,0.12593341735753183,0,0.7723004991687878,0.13727504831930046,0,0.8054568376296164,0.07259573921150018,1,0.8113586020165023,0.061132896720944435,0,0.8276804204691869,0.1345502736003035,0,0.9021204215722971,0.14141460327209981,1,0.6471185228636256,0.1777560216415367,0,0.6508053737716504,0.12567389795024714,0,0.8157452867283712,0.15941026086842439,1,0.7406217581665203,0.08455214003538072,0,0.69340070320643,0.07812851750631561,0,0.7649694350413442,0.24123590567532002,1,0.5893403383142529,0.21234864663482667,0,0.5727452296156909,0.13736362737215227,0,0.6612615880859642,0.11625211079879391,1,0.5236024155911251,0.17120802973271113,0,0.4840828519794746,0.240339822148103,0,0.6698241038206331,0.1325707309689735,1,0.5110986174724625,0.07306336774150803,0,0.48218494447136206,0.15137438488734473,0,0.5469145021402216,0.12850052971238946,1,0.34947708698547963,0.16403145964794486,0,0.25392867581309786,0.15634957867970786,0,0.2690050518771344,0.09813974211984694,1,0.2504950200401949,0.179491100279805,0,0.2715536472148959,0.17684985469770864,0
125,5000,0.9,SuperLearner,0.9948079183522301,0.00036932851717056574,0.0009425987776342737,0.0007187824672969283,0,1.632081903887928,0.037302199013210996,1,0.006163469162617711,0.002970560200240343,0,0.0012879975969324864,0.0009704603883365331,0,1.9961803663973225,0.12412381551124342,1,0.000746686233857123,0.0006710088133336858,0,0.0027510949234464685,0.0018947133746703908,0,2.2521080756107694,0.06505101879880058,1,0.002828519231099432,0.0038830926144839692,0,0.0012265524016268064,0.0017110372709154887,0,2.047766609946298,0.08528202620470146,1,0.001272718812966073,0.0020954847884590393,0,0.00033025723180054196,0.002200010537853722,0,2.143876180467052,0.10971204454666715,1,0.00021026526850568888,0.00204991739581734,0,0.002124499823891792,0.0020001708504078603,0,2.3957617767688855,0.11439271139883225,1,0.0068448252389217866,0.007348515914867082,0,7.25005039645867e-05,0.0009473896627129643,0,1.9634779945310974,0.12202504232860699,1,0.00850839837631263,0.005049601083049357,0,0.01358717004899356,0.0014599326320194977,0,2.0539447601080423,0.07752458208239184,1,0.0010034520597876732,0.0013777437704323805,0,0.0012541860169875186,0.0004124203092368363,0,2.0272775948065003,0.08804443962380408,1,0.0006545002883767088,0.0007239852166864377,0,0.0024869981369814013,0.0027617959881840047,0,1.8849090307456553,0.0769272908511698,1,0.0015773590580140623,0.0022410329665621285,0,0.0038219113190429256,0.0036182116766365663,0,2.0748844066519694,0.13156236739682495,1,0.0013603443859283356,0.0013675626453397303,0,0.0010046862885164163,0.0018180380513277904,0,1.6450918067778861,0.11722481845715274,1,0.003183098395679193,0.0030836904902487566,0,0.0015587507850190806,0.0009674137386878449,0,1.9631532265150338,0.03648511146602358,1,0.006723730603522142,0.004780133531897366,0,0.0018152260794688097,0.0018684346863063568,0,2.0612375420071856,0.10586663459060731,1,0.0020355103742081783,0.0032369957149715354,0,0.01434462369469502,0.006646587918257078,0,1.8595214174421677,0.09896436785861161,1,0.007404237508630876,0.00720339860468238,0,0.005545739373810283,0.0032555836170164603,0,2.1238755122171766,0.19033740617522588,1,0.0032792698079789537,0.004948612297984703,0,0.007081189376676865,0.0061500165689600825,0,1.9329129443759019,0.1555999492240743,1,0.0006712578758157068,0.0022981235520242345,0,0.0008951606049400684,0.0008631502966430823,0,1.9669659533201778,0.0933187443990151,1,0.01129182085404403,0.005477192798807482,0,0.0009641400754236416,0.0014367205998559005,0,2.0878771895171697,0.07983074967367038,1,-0.00031335781980039814,0.0019440416033489156,0,0.011068919084814754,0.003820692384029167,0,2.2068930098138066,0.1596714514668353,1,0.0006437836929633067,0.0005055798579469526,0,0.0009657971973122219,0.0010721117776670887,0,1.8729930091550848,0.07428341416637847,1,0.004181627184837335,0.004792300566694264,0,0.000978408923234264,0.0013749419513839308,0,2.0885267735623443,0.06229109681193353,1,0.006465733265607662,0.003453044821031417,0,0.005898168198374425,0.0017945266976417073,0,1.98365747086561,0.13036040429784437,1,0.0033337674330904607,0.0019498144872491842,0,0.005400003798496233,0.0047578336414834605,0,2.048945776227884,0.03714572528334639,1,0.004113933247727637,0.0035288044904173994,0,0.0035377476651383237,0.0022735410504598937,0,2.2388094731064534,0.11266004524407074,1,0.0018687461975675172,0.0036340902699067896,0,0.010553829772701697,0.003575571998870432,0,1.7334279165996738,0.08032762702303284,1,0.008699388041674267,0.007601288680729019,0,0.003044737897849199,0.003584144951447781,0,1.9702661822848824,0.14677811896570978,1,-2.707714563576502e-05,0.0011224021463511838,0,0.009687256930425447,0.010386821937501444,0,1.973159404112618,0.22833901327464068,1,0.0004193449936904608,0.0018025862176997095,0,0.004078987264446545,0.004870132801139725,0,1.9488875855632517,0.08356395734919296,1,0.007511257825947545,0.0085672092302036,0,-0.0001267730029339674,0.002989800902248283,0,2.1770890335232576,0.24760104134947059,1,0.00604323836612438,0.0061604094472717565,0,0.0007941664708153451,0.0022875553167858555,0,2.146790149723787,0.10390617423232369,1,0.006530885536383803,0.008585071307174844,0,0.013210498142639507,0.009902194161597147,0,1.8327344692579426,0.16330965334668507,1,0.001016992833326924,0.0048036144188984345,0,0.0033980044780500566,0.005403844981074455,0,1.9192051050454026,0.09388913242062831,1,0.0025713241010108722,0.004132239060418417,0,0.002904102896816687,0.003282007900760665,0
