seed,n_samples,cor,model,r2_mean,r2_std,imp_V0,imp_std_V0,tr_V0,imp_V1,imp_std_V1,tr_V1,imp_V2,imp_std_V2,tr_V2,imp_V3,imp_std_V3,tr_V3,imp_V4,imp_std_V4,tr_V4,imp_V5,imp_std_V5,tr_V5,imp_V6,imp_std_V6,tr_V6,imp_V7,imp_std_V7,tr_V7,imp_V8,imp_std_V8,tr_V8,imp_V9,imp_std_V9,tr_V9,imp_V10,imp_std_V10,tr_V10,imp_V11,imp_std_V11,tr_V11,imp_V12,imp_std_V12,tr_V12,imp_V13,imp_std_V13,tr_V13,imp_V14,imp_std_V14,tr_V14,imp_V15,imp_std_V15,tr_V15,imp_V16,imp_std_V16,tr_V16,imp_V17,imp_std_V17,tr_V17,imp_V18,imp_std_V18,tr_V18,imp_V19,imp_std_V19,tr_V19,imp_V20,imp_std_V20,tr_V20,imp_V21,imp_std_V21,tr_V21,imp_V22,imp_std_V22,tr_V22,imp_V23,imp_std_V23,tr_V23,imp_V24,imp_std_V24,tr_V24,imp_V25,imp_std_V25,tr_V25,imp_V26,imp_std_V26,tr_V26,imp_V27,imp_std_V27,tr_V27,imp_V28,imp_std_V28,tr_V28,imp_V29,imp_std_V29,tr_V29,imp_V30,imp_std_V30,tr_V30,imp_V31,imp_std_V31,tr_V31,imp_V32,imp_std_V32,tr_V32,imp_V33,imp_std_V33,tr_V33,imp_V34,imp_std_V34,tr_V34,imp_V35,imp_std_V35,tr_V35,imp_V36,imp_std_V36,tr_V36,imp_V37,imp_std_V37,tr_V37,imp_V38,imp_std_V38,tr_V38,imp_V39,imp_std_V39,tr_V39,imp_V40,imp_std_V40,tr_V40,imp_V41,imp_std_V41,tr_V41,imp_V42,imp_std_V42,tr_V42,imp_V43,imp_std_V43,tr_V43,imp_V44,imp_std_V44,tr_V44,imp_V45,imp_std_V45,tr_V45,imp_V46,imp_std_V46,tr_V46,imp_V47,imp_std_V47,tr_V47,imp_V48,imp_std_V48,tr_V48,imp_V49,imp_std_V49,tr_V49,imp_V50,imp_std_V50,tr_V50,imp_V51,imp_std_V51,tr_V51,imp_V52,imp_std_V52,tr_V52,imp_V53,imp_std_V53,tr_V53,imp_V54,imp_std_V54,tr_V54,imp_V55,imp_std_V55,tr_V55,imp_V56,imp_std_V56,tr_V56,imp_V57,imp_std_V57,tr_V57,imp_V58,imp_std_V58,tr_V58,imp_V59,imp_std_V59,tr_V59,imp_V60,imp_std_V60,tr_V60,imp_V61,imp_std_V61,tr_V61,imp_V62,imp_std_V62,tr_V62,imp_V63,imp_std_V63,tr_V63,imp_V64,imp_std_V64,tr_V64,imp_V65,imp_std_V65,tr_V65,imp_V66,imp_std_V66,tr_V66,imp_V67,imp_std_V67,tr_V67,imp_V68,imp_std_V68,tr_V68,imp_V69,imp_std_V69,tr_V69,imp_V70,imp_std_V70,tr_V70,imp_V71,imp_std_V71,tr_V71,imp_V72,imp_std_V72,tr_V72,imp_V73,imp_std_V73,tr_V73,imp_V74,imp_std_V74,tr_V74,imp_V75,imp_std_V75,tr_V75,imp_V76,imp_std_V76,tr_V76,imp_V77,imp_std_V77,tr_V77,imp_V78,imp_std_V78,tr_V78,imp_V79,imp_std_V79,tr_V79,imp_V80,imp_std_V80,tr_V80,imp_V81,imp_std_V81,tr_V81,imp_V82,imp_std_V82,tr_V82,imp_V83,imp_std_V83,tr_V83,imp_V84,imp_std_V84,tr_V84,imp_V85,imp_std_V85,tr_V85,imp_V86,imp_std_V86,tr_V86,imp_V87,imp_std_V87,tr_V87,imp_V88,imp_std_V88,tr_V88,imp_V89,imp_std_V89,tr_V89,imp_V90,imp_std_V90,tr_V90,imp_V91,imp_std_V91,tr_V91,imp_V92,imp_std_V92,tr_V92,imp_V93,imp_std_V93,tr_V93,imp_V94,imp_std_V94,tr_V94,imp_V95,imp_std_V95,tr_V95,imp_V96,imp_std_V96,tr_V96,imp_V97,imp_std_V97,tr_V97,imp_V98,imp_std_V98,tr_V98,imp_V99,imp_std_V99,tr_V99
101,100,0.9,lr,0.9773314292406242,0.003935567761481311,0.12844180984526282,0.20465284814253693,0,1.5172273828217506,1.3398386592623426,1,0.39645206162346247,1.2008566589375742,0,1.155094541276581,1.2765860162839642,0,2.0488765327603167,2.27649774532312,1,0.4547742298298433,0.6457982946785159,0,-0.10274572157701076,0.26312854408110975,0,0.40116742436168185,0.5204084923111959,1,-0.10734306458903502,0.2608015893093451,0,0.23494429039251657,0.42153710359427715,0,0.948707263818665,1.2848906863168494,1,1.2285436382648522,1.458382694954522,0,0.8786367277026633,1.452466822902862,0,0.3364016431786653,0.6935071178755507,1,0.1841935647170258,0.2424516304953958,0,0.15748967764791255,0.37078267117308567,0,2.0044005767232296,2.325029955917895,1,0.4458423765623447,0.5015938280767223,0,0.11452505609357981,0.6933784704292904,0,3.865872200272084,4.598190291069262,1,0.6556425600874489,0.7267389011892652,0,0.12700554446576348,0.5216672089880181,0,3.3517000469166547,2.0312507161537523,1,0.05897622973142922,0.4445700903016496,0,0.4528652083873695,0.7738772263645552,0,0.26646220977601376,0.35148159631723425,1,0.6091560449352507,1.4337370875874635,0,0.1621168903881125,0.373083856449389,0,2.323984814116935,2.0132972085917364,1,0.27695214782535305,0.4266335308674566,0,0.5585723661412648,1.1068410790419276,0,1.137240638016769,1.616952962912747,1,-0.07187048774701943,0.10665585297149406,0,-0.021281690824755277,0.19205524876461483,0,1.1342862710672712,1.6377480857977935,1,0.12381810813611036,0.359468499522967,0,0.518100070711865,0.6269748574096966,0,3.1455154327413353,1.1942385434469045,1,0.9031497885538918,1.1223477852137673,0,0.28015245464044813,0.34061324199105464,0,3.0790666739207535,1.679773638822431,1,0.11287319419078741,0.20073298037182055,0,0.33328173129313904,0.35984627131130115,0,0.6806615751597465,0.5721938132506497,1,0.04943188909738945,0.11232936388540203,0,0.3696154578553351,0.4581269597698674,0,0.306542045272169,0.5880785430962583,1,0.37606260900554356,0.27643359081894237,0,0.9252370305471116,1.2940954914442298,0,1.7569136802428715,1.0604303068364356,1,0.8071535308439053,0.9200034067527906,0,0.2294694920463828,0.5172962653394784,0,3.1674832374121435,0.9832775843560216,1,0.6947013513997647,1.005073195009946,0,0.1411587557925814,0.15188966032834694,0,3.2332152942532497,1.3170447342401257,1,2.672942784248438,2.615458813694463,0,0.1321609109861485,0.2071830241902387,0,0.24502636172577774,0.18727852046738203,1,0.3863138742418807,0.4096916450038376,0,0.602667986511572,0.8846794394615796,0,2.3297070999095166,2.450742639501374,1,0.4832200301612032,0.7051592289147827,0,2.4719071158394046,1.5695446231329662,0,0.6725993602407679,0.9012824457726993,1,1.0073992179789175,1.2517267007752124,0,0.39688283512061967,0.5301553424952639,0,2.6019374980024255,2.805940023456285,1,-0.20983550345941585,0.3912050994969394,0,0.611704293315497,1.3623303030780685,0,-0.0203751144332798,0.2774958152883001,1,0.5981923068141141,0.6592150723231033,0,2.4003545994894737,1.541164750455769,0,3.2261333262061926,3.18682241525376,1,1.2222369248462475,1.2670035867287137,0,1.0768162109656287,0.7603570834464068,0,-0.08538152695612003,0.343780331446112,1,0.36220085630078214,0.5623203677676076,0,0.5632068873387887,0.6571319367938611,0,4.808200465068924,2.1656986704962997,1,0.7978182799535793,1.0221946980094225,0,1.3683120676305844,1.2644140449181467,0,6.539092712498656,1.3133559372290693,1,0.7510505418220954,0.8774822518322062,0,0.10069701113850005,0.21793081974650283,0,2.3309861222834654,0.44672037852812924,1,0.7723520267329063,0.5864712973508948,0,2.8039678632329337,2.1832535037898646,0,1.6908403730095642,0.9965036157663154,1,1.5869338421366688,0.43184101843693734,0,0.21437736139588576,0.4223130987577697,0,0.45280233819093557,0.47014811351258745,1,0.9424384901692408,1.1859884549128683,0,0.6140987627501756,1.3768131143630609,0,0.572082833546687,0.46123226071865475,1,0.4142843388482061,0.24802923800462756,0,0.1799475846786091,0.21436228502915958,0,1.0117081862059139,1.2578718487311689,1,0.2584059148032418,0.234904910201625,0,0.13160152240021739,0.16733535884177922,0
101,100,0.9,lasso,0.882187928828561,0.03202168014825343,0.0,0.0,0,0.0,0.0,1,0.0,0.0,0,0.0,0.0,0,0.0,0.0,1,2.163271656660366,4.27316163411974,0,1.866492891930293,2.3173776348764443,0,1.7554045251778008,1.1634013270417711,1,0.0,0.0,0,0.0,0.0,0,1.0110134826952657,1.8178467137549814,1,1.9448842945672022,2.2874478091136408,0,0.0,0.0,0,1.751822190091556,2.7884256298133585,1,3.157351794089938,2.62829461941026,0,0.0,0.0,0,0.0,0.0,1,0.0,0.0,0,0.0,0.0,0,3.5263347406161243,4.699347571624218,1,4.627697586728995,7.4741214194405705,0,0.0,0.0,0,5.570219752750793,5.188766622462129,1,0.0,0.0,0,0.0,0.0,0,0.31089842927663514,0.3491739032941186,1,0.05754656805746796,0.11509313611493592,0,1.3461637935942377,2.1139242572900896,0,0.4979562478531524,0.7865196749276842,1,1.427785931999174,1.5164965130767007,0,0.0,0.0,0,2.0530763922824677,2.349897587800262,1,9.05844452249276,8.064424168021478,0,1.736439588174817,1.8520638990567608,0,0.0,0.0,1,0.0,0.0,0,0.0,0.0,0,0.6474965055859963,0.7423270854281422,1,0.0,0.0,0,1.2559834998738457,1.8309115981844248,0,2.0968474990054533,1.8164767752159292,1,0.33853747755830826,0.6770749551166165,0,0.0,0.0,0,0.8041250552856484,1.0991339587906312,1,0.06227190661488371,0.07999525252320365,0,0.0,0.0,0,4.975664543368389,4.033649281597393,1,0.0,0.0,0,0.029164503785755157,0.05832900757151031,0,2.76488356329063,2.1519257283060975,1,0.0,0.0,0,1.1008617269623548,1.3299765785423732,0,7.796154755759683,6.845776476699563,1,0.7965566240401744,1.1544682967237265,0,0.0,0.0,0,2.7512116287930817,1.498040503825896,1,0.16666563935075301,0.33333127870150603,0,3.0499390953660224,2.333958689117312,0,0.0,0.0,1,0.0,0.0,0,0.20455649702800532,0.3057529245084731,0,0.19636137075494225,0.3927227415098845,1,0.20228323515458704,0.4045664703091741,0,2.3194224783654613,2.60727531984609,0,5.133594077374812,3.458600148682342,1,1.4388994730762026,1.9528251010537632,0,0.010318452651990953,0.020636905303981906,0,0.0,0.0,1,0.0,0.0,0,0.012251933766777755,0.023635296909242792,0,-0.02414676319857193,0.04829352639714386,1,0.0,0.0,0,9.129439590496862,3.772885372323738,0,0.23794164257454647,0.4758832851490929,1,0.0,0.0,0,1.5601834294831451,1.5817905635265412,0,0.0,0.0,1,0.0,0.0,0,0.0,0.0,0,3.7122783223724953,2.5559740420022927,1,0.0,0.0,0,0.0,0.0,0,2.6178979898869303,2.010864081879771,1,2.560547595943101,3.97539686202041,0,0.0,0.0,0,6.261552433023313,3.532397742068682,1,0.15929119768632632,0.31858239537265265,0,0.0,0.0,0,0.057694181161819444,0.0809763075078533,1,0.0,0.0,0,0.0,0.0,0,3.5723991286801096,3.1291082508042654,1,0.0013916936209248832,0.0027833872418497664,0,0.0,0.0,0,0.0,0.0,1,1.33948137138591,1.3556396309594254,0,2.3107209138361258,2.5570446424908884,0,0.0,0.0,1,0.0,0.0,0,0.0,0.0,0
101,100,0.9,dt,-0.1406931342302289,0.39464853245031495,-0.025790346680954028,0.046864102187152264,0,0.00708626928665035,0.0141725385733007,1,-1.094809927855519,2.3036461475299888,0,0.0,0.0,0,-0.9418426520562401,1.4000309148231018,1,0.0739149432536492,0.1478298865072984,0,0.11013144614296153,0.22026289228592305,0,0.6437141417331103,1.2874282834662205,1,-0.14400755831024092,0.2933857531446302,0,-0.010272904408954788,0.020545808817909576,0,-0.8631528240827656,3.26322331648951,1,0.8411841291648567,1.6823682583297137,0,0.1653198175901448,0.3306396351802896,0,4.730105992743284,7.074495723861762,1,0.5435138200629694,1.0870276401259389,0,-0.0568956304148867,1.4558842501505205,0,-5.460705054805627,7.918891331811723,1,-0.6687186685612627,1.3374373371225254,0,2.0760879737282005,3.836425360117006,0,23.234547268178318,41.206011429379316,1,3.3073284477004234,6.202772226893512,0,0.09853383969319271,0.13448998594049302,0,0.39787059699353816,0.7957411939870763,1,-1.277577948954499,2.555155897908998,0,-0.035018114870224507,0.07003622974044903,0,20.30443223718361,25.44442091745789,1,0.0,0.0,0,-0.44336406762806996,1.037471778097012,0,2.3814500971792443,3.8646854099889554,1,-0.417426247263159,0.6149563074384706,0,-0.11717228686212984,0.8719088401823759,0,-1.4943396094057557,10.313216398038294,1,-2.530421588432038,15.421043000920243,0,-2.1031904090110998,4.2063808180221995,0,3.4636545952170175,6.451354528454023,1,25.99976412063965,35.308246753319516,0,-0.9893017658749249,1.9993826470398275,0,2.769883447145383,6.689194785866077,1,-0.047678384112755566,0.15916677291514275,0,-3.6075256999973826,4.199657315721276,0,1.9995667240088744,3.9991334480177487,1,-2.1204962161254453,3.9354385223841586,0,0.0,0.0,0,-0.5190611015120667,1.0381222030241335,1,0.0,0.0,0,0.8102461355700186,2.2425740039666713,0,-2.867542947291692,5.735085894583384,1,0.5953875096040181,1.1826056777638283,0,0.07317175470991924,0.2910978563414364,0,19.316159334606233,34.69764697647416,1,-0.3326975438203103,3.69934773635064,0,-5.140861967498962,10.281723934997924,0,4.05429097614879,5.941942862326341,1,0.0,0.0,0,-0.2493522489164021,0.5353055095348368,0,26.108619571453573,53.61059117484785,1,6.286426647426885,12.57285329485377,0,-1.4537702524189036,3.099010425708451,0,1.167583588681767,5.499362211034449,1,0.005846268592960996,0.011692537185921992,0,0.597078431299404,1.5031806065556579,0,-0.034091408036577946,0.06818281607315589,1,-0.4305843935038509,0.8611687870077017,0,12.309863999125962,31.303350831132114,0,12.660007159960605,25.32001431992121,1,-0.8263065450072155,1.652613090014431,0,1.4102554620786834,2.849462068409187,0,0.0,0.0,1,-0.18071695509865515,0.3614339101973103,0,-0.19392236263978263,2.5597302896971,0,2.1305148135385705,3.805944905652598,1,6.394098716613394,12.788197433226788,0,5.0338974038525555,8.697213594869863,0,2.85549190230175,5.7109838046035,1,-4.298070647424029,5.696357302033837,0,0.3057036603255997,0.5660114551297984,0,0.12785542890178764,1.0952256372320373,1,0.0,0.0,0,-2.166728041064973,4.3334560821299455,0,0.774763926890855,4.687387072413128,1,0.2725395341064679,0.42229601835190284,0,-0.9503631930424975,1.4831599894869325,0,-2.6555457154933966,5.311091430986793,1,1.8231707920443274,3.5179990738098015,0,1.2365689017512467,15.517510980895514,0,1.885496591735956,3.770993183471912,1,0.313546443366845,0.62709288673369,0,0.8455144640305796,1.0357365187750105,0,-0.7005610848432197,2.2311633197531657,1,0.0,0.0,0,0.6624259979393093,1.2328045144042497,0,3.740395235219018,4.723596441902311,1,-0.05582789232170512,0.11165578464341024,0,-0.4416616549945355,0.8833233099890709,0,2.2939603259455987,4.404566024735205,1,-0.2451858507314042,0.3941236756129141,0,0.6200266423155009,2.1893033750819377,0,-0.14742045296005246,0.5008395199901818,1,4.298329899689426,8.596659799378852,0,-0.6011821003420943,1.7811808620406373,0
101,100,0.9,rf,0.5882311281281342,0.11949357288909945,0.3121125660575096,0.29783428759236785,0,0.23502778774741148,0.15892780998536674,1,0.41593625321702365,0.3546637009276537,0,0.4242286604615223,0.4401647408205686,0,-0.08748097920892374,0.16087323239913534,1,0.40028384052215615,0.5202503136601392,0,0.19740829147489553,0.14123558366259292,0,0.2086432447431487,0.6128371071885189,1,0.09156037417100997,0.30117010299387476,0,0.08332741509385067,0.47733946831847684,0,0.38474034716718125,1.0020549043240286,1,0.563761571689318,1.1733685784822445,0,0.608006668962445,0.48406957649345955,0,0.8251847906018279,0.7535691401289027,1,0.8625104253595997,0.21486561222148284,0,0.535056584306054,0.4493634545160542,0,0.5861464664198861,0.6640497828907171,1,0.7167287363976417,0.9072943179200013,0,0.8606594443951711,0.5927571474452599,0,1.6940554880468024,1.3335409296806364,1,2.1218653191491508,1.5356069879591467,0,0.5333737009972651,0.6455802953790883,0,0.5061590154688252,0.7288482051528804,1,0.6647106948632503,0.5169375897971963,0,0.4992333253310983,0.5785579581245047,0,2.286769665570491,0.6806233552419009,1,0.26716715465394897,0.2544834204152292,0,1.0852495246947185,0.5121437614090478,0,0.42997940157259407,0.32040800472966663,1,0.9093224022241037,0.8175601894748266,0,0.3178385893215717,0.5625927446717818,0,0.6546702852485962,0.49428132204019154,1,5.920222024554759,2.5892037025707837,0,3.100271329967782,1.9432766778822725,0,0.6993045876918715,0.4946022270077812,1,2.8764532284532387,1.2553070509567186,0,-0.0074398765847578765,0.413396680834985,0,1.0187771304178774,1.2910230307240267,1,0.3520843482378309,0.2450000914545231,0,0.9074331096672204,1.0185052338675922,0,0.19868654442996853,0.7137819102498545,1,0.4220377107409069,0.8134884003980231,0,0.280429157826671,0.31789900743221383,0,0.08931353066009834,0.3542242289804218,1,0.20429327532623032,0.4910671912515586,0,0.045664335610085996,0.17679300534887363,0,0.8357628621619451,2.1532467463899074,1,-0.2816397590072907,0.6257914832976691,0,0.6376215514168129,0.9633747700988756,0,7.174578826853065,1.8691575793308643,1,1.6937573769403074,1.9579584494372126,0,1.088002998359562,1.3119628345184633,0,2.479179841035294,3.431765497521475,1,0.0957610798892898,0.556489387291872,0,0.9432207230885699,1.5586290732576669,0,0.9349068085304264,1.1329730947336698,1,0.5629276797391704,0.748203031999973,0,1.3099364735486554,1.3636781819636776,0,0.49985707499926046,0.931080247708059,1,0.4380308651995269,0.2613357043624059,0,0.7040018503642839,0.756848661513031,0,1.2056620798706592,1.7192813037941583,1,1.5245395418798158,1.3902349068719064,0,1.4826097941669092,1.9287517705430708,0,1.931466251878573,1.128906387538437,1,1.0406201804210458,0.6062397624101524,0,1.247609222779094,1.556071374700193,0,0.46720231879564533,0.5406576188865764,1,1.3449381166056074,1.5266417693091412,0,0.7581049500069694,0.8420284050752479,0,0.45476125734475226,0.8242426927315781,1,0.65706665365844,0.6997829452037558,0,1.047305195593498,1.1085177512641193,0,0.6007660752989727,0.7219496155839668,1,0.9987840445385625,1.0131556848602776,0,0.6541601248337741,0.8887498841035892,0,0.3798720963727778,0.23144855143212803,1,0.1588592827093472,0.5297370908711053,0,1.1872923117675305,0.37881516134586946,0,0.8128730384191905,0.6408553389043603,1,0.29462224513928537,0.4036749354832974,0,0.5610621722610297,0.6189427227150974,0,1.0385900724348702,0.8468634831323416,1,0.962219544588185,0.5883375519399888,0,3.627115689456182,1.0100049242767786,0,1.5857440967215564,1.163389648719139,1,0.37770347211439814,0.2546052710076814,0,0.2410976552561456,0.24876202406118977,0,0.12412922162151777,0.14688611795196727,1,-0.1426154198816368,0.3340488412043182,0,0.47391182931691056,0.6570756996413838,0,0.5304678761680067,0.4805881647522228,1,0.5892149626613101,1.0585651726133711,0,0.48156265304104356,1.1660353942239166,0,0.22152686808250435,1.1504005973893234,1,0.18960463232007635,0.8794711645306169,0,0.6048612634169171,0.7556023356608222,0,0.05255371430328478,0.21019393392827798,1,-0.0678272779997677,0.3349561558186234,0,-0.15212540607925346,0.5277935048724648,0
101,100,0.9,et,0.6535991162651985,0.10086215364288886,0.03382866502925154,0.239712346842589,0,0.25885257638866677,0.20782154812580914,1,0.5411841404472119,0.45573457745410334,0,0.4055824527247382,0.47387671680645893,0,0.054672218495539424,0.3682679041808841,1,0.580108680186887,0.5425989193133101,0,0.068563581073444,0.7826250822218305,0,0.7955347537418881,0.6618913932105459,1,0.2672156549275301,0.35447479733100745,0,0.16793805754311242,0.3813859222385301,0,0.020350482846045993,1.009760610796958,1,0.11188349166921696,0.46297481488501563,0,0.9288213354135577,0.5797630828941586,0,1.226262060488916,0.9599150081828937,1,1.5999809673448784,0.8015637731506731,0,0.7775814684058914,0.611876675070686,0,0.5886721161489245,0.7751836958715376,1,0.575917977207842,0.5508165959282401,0,0.7723900831162082,0.651350975419194,0,2.3912555528483574,1.3382889213955607,1,3.220446149559392,1.6670973641154374,0,0.5479940601583685,1.2533309387152811,0,1.4999488498926676,2.2073575013542253,1,1.1292686079076035,0.7341123029229004,0,2.006973075058875,2.280145844889956,0,1.711554648643378,1.2126995240755136,1,0.14572859435080687,0.36148060599840737,0,0.7577530094446203,0.5804062842109418,0,0.5466163088082505,0.455987044832832,1,0.9967664056868528,0.34507654949677286,0,0.4880051572991649,0.4037502501664832,0,1.7204663193699694,0.6524938701335449,1,4.518964291626129,2.057422179326353,0,3.975955885421162,2.8834501292010435,0,0.7350736641413802,0.9547387176578506,1,2.9296191402291307,1.223081251833302,0,0.3039073313625262,0.6142828321873112,0,0.1307195141666437,0.5411970484239654,1,0.16304937670377712,0.2218708712946487,0,0.566404404968968,0.5466053728276795,0,0.2883329409342116,0.16166591556580762,1,-0.01100292517204876,0.27082490929732905,0,0.19608154620761226,0.43639327318032173,0,0.22432578667450737,0.42683696077088157,1,0.28244878348874797,0.34388164317519615,0,0.07666632432774698,0.24949277974237838,0,1.090795423514904,1.3072975414479318,1,0.4351820068980848,0.18859866839032147,0,0.5266643536174574,1.3531596066021234,0,4.079478066075298,2.2659719222565338,1,0.6561879110289832,1.6671104859798667,0,1.8214699546329005,1.6106246448560735,0,1.8039888822503976,2.5591031386057916,1,-0.034192279489140075,0.788613664144844,0,-0.051385819181723656,0.969002153860646,0,0.9629483738278164,3.279126513005071,1,1.3338151570481518,2.0766529988995788,0,0.9027117544676406,0.8292089632200724,0,0.31308769848498125,0.651720401046977,1,0.39713388192356713,0.5569338495736799,0,1.1395023002678484,1.6407477929926997,0,0.4421167515977891,0.4859748173562593,1,1.9278197338408265,1.4801919004154416,0,1.5182474143687013,0.9887548644479135,0,1.4106068766382194,0.6172370672733248,1,1.696632304014215,0.3966787177379943,0,0.9618907332608309,0.7681254728968088,0,0.17848893097851604,0.48831854585751383,1,1.1265892051654725,0.7022812189183634,0,1.3784788636247405,0.9841236718036577,0,-0.1734611886267226,1.2100147566178272,1,0.5784006499682641,0.8856273421904999,0,0.9752352214104405,0.460240877918111,0,0.28126358178994737,0.3321450886027391,1,0.51233443747712,0.42865377811357425,0,0.4272135070013385,0.3053288062320666,0,0.7166361959986631,0.3779518032126999,1,0.7548562173557773,0.7280876579433954,0,1.0578906540549542,1.1743749447652525,0,1.7096594251202266,1.2960839437817844,1,0.371344268823666,0.41148542740108,0,0.7364461950479024,0.6599748282081311,0,1.4257380546965348,0.65465617951204,1,0.9088093585402046,0.8426232573730782,0,2.1094538332511616,1.1806094779095497,0,0.5839314780292474,0.6290960972357525,1,0.16162521649082268,0.16458984496686432,0,0.16956231415876805,0.3054423005135756,0,0.1270593074041456,0.34099743754478823,1,0.2592596285086646,0.3615689692170701,0,0.5672119677051615,0.5124254680094307,0,0.6173163854361147,0.4636027099372155,1,0.6529781318931307,0.5139763739754316,0,0.5836428275541167,0.5912517902583391,0,0.39081221236427344,0.4616775192087437,1,0.5072607182595613,0.8143663324909757,0,0.34777656556736736,0.5218856495750742,0,-0.09973096209869765,0.21236886776710945,1,0.15987305842452484,0.2168099625910129,0,0.09746398323692465,0.5327631164443358,0
101,100,0.9,gb,0.6423465389282719,0.08576465277577222,0.14159670810920708,0.1764419971541677,0,0.09733592491523066,0.10437333067346058,1,1.1331376700024456,1.4585857222855159,0,0.022648692470613276,0.27894422314097045,0,0.019026768178977842,0.076959723898858,1,0.5216194540660897,0.6739451536540675,0,0.2303647305901031,0.3024466800983734,0,0.3763074352926824,1.1408842881875882,1,0.04029774560467527,0.05755329543559599,0,0.4036402354381238,1.2455072464765864,0,2.4880359541955186,1.0448217655903713,1,0.42993629378813425,0.20382696731774425,0,1.2992883130696165,2.122424753257507,0,0.8254932407960748,1.777458704403113,1,0.5568684574363337,0.615685779109571,0,0.4445220037013601,1.0173068744707077,0,1.2000311494208222,1.1465373605912357,1,0.12845524662555285,0.3635071660135596,0,0.3433047559225128,0.9321671226869969,0,3.915335241040799,3.7608714822004097,1,1.648329247883354,1.125938277767465,0,0.0796909538682588,0.1942152810228361,0,1.162930018862457,3.363233561622562,1,-0.16156504480467654,0.62773549382658,0,0.54785928780615,0.43163447385364045,0,1.3172709610483762,3.4966745899618674,1,0.2899695197137156,0.3119110022899791,0,0.1712990226708076,0.3182939203863811,0,0.3869785497363313,0.4615493563571313,1,1.0100321792398,1.6983274803027721,0,-0.46602077212135995,0.7377909954864298,0,0.1669963778938987,0.7957794387178853,1,10.95883689945224,5.665248442947749,0,1.9409640682750553,1.0647103397563051,0,0.12024078028541867,0.2540888990767353,1,3.1686858873593104,2.9280161696776346,0,0.4430036738349193,0.9041569412092676,0,2.3709678507221983,2.873253654804606,1,0.1853931617185181,0.32216064654278115,0,0.4480396996522929,0.6376779714485833,0,0.19555082791719733,0.2273921478443369,1,0.2675512437522373,0.21550727689107904,0,-0.05333069964432281,0.1454117561603652,0,-0.04012852334637369,0.08065332450080935,1,0.11648296201647221,0.4785972890882339,0,-0.017806996393262435,0.04103422528829894,0,0.6295939233439871,3.3598852293891848,1,0.09226790022680431,0.3425648661015879,0,0.8151552785082419,3.231793337623484,0,7.103683148050054,4.864652320640762,1,-0.373996671881447,0.4486292847362559,0,0.053053946823480524,1.0640431476729202,0,1.4323693460751303,1.5737564441760865,1,-0.23804296537796038,0.41852010290888225,0,0.16956321515291206,1.1760850224590835,0,2.4519199847337303,3.8727195699681567,1,2.2099728149505284,3.040053817221804,0,1.3857841702873515,1.7110823518413192,0,0.04990256644939316,0.059823323211237775,1,-0.050036486875823814,0.24689512339398756,0,1.2299584694830954,1.5266219172791227,0,1.182495365953611,1.1942893060194082,1,1.9470245617473345,2.9675183054415406,0,1.6314127788514667,0.7684576720792218,0,2.135218148223195,3.3771793213920853,1,3.196535145840108,3.18756041833091,0,0.40993970823439785,0.3430631781785034,0,0.3803395767556182,0.6678608453043007,1,0.267954205151658,0.8669814203878222,0,0.24516402248613348,0.7386912253601858,0,0.26367677161039327,0.7762649856218489,1,0.12720083175033903,0.6172206523222074,0,1.1601362446265284,1.0881326492327141,0,0.5658066885724026,1.7016930362444287,1,0.053082750037925105,0.03621618946166907,0,0.6147962897295065,0.5973374050620749,0,0.08940415350391712,0.12031255348965697,1,0.4723013378475419,0.573062638500535,0,1.4575247878172828,2.2832490816950997,0,1.000613372514393,1.3022203117853683,1,0.24780325335639378,0.44213757722883534,0,-0.0784811129479075,0.4756627746961302,0,3.0232873297183622,3.198024764642355,1,0.8868255996646102,1.0900519219770715,0,10.898980605905788,4.545243670470703,0,1.0481735327550636,2.4060198500659395,1,0.009876306266236496,0.09411887029832858,0,-0.03928807756894444,0.09699143111909495,0,0.10301204327734266,0.31885396156466245,1,0.12874251786554783,0.1562205151153076,0,0.8636986043512154,1.1845460107503563,0,0.20718962935388346,0.23630577196261143,1,0.885713947661659,0.9427030776496388,0,1.6194538142021304,1.9828331869268532,0,0.13775138613072319,0.7709824577392905,1,0.14214301765409648,0.36602134443090556,0,-0.02117211599735421,0.13167959503511334,0,0.08036701974180704,0.12017989752353656,1,0.023917868739893346,0.04213144930157467,0,0.0624155852159749,0.6495371269538807,0
101,100,0.9,hgb,0.7444318355676195,0.0731702322355408,-0.025764895336277276,0.05152979067255455,0,0.10341523984677906,0.20683047969355814,1,0.2381597683732331,0.2632661672844122,0,0.4143157122155583,0.5810397798095154,0,0.0,0.0,1,0.0,0.0,0,0.07131615726776788,0.09867577286819035,0,0.6105207659735288,0.8789457632943477,1,0.014354644802727193,0.18876285459490552,0,0.014088305560463582,0.12081013123621362,0,5.779761560178201,6.960276239706291,1,1.0740158166517526,0.9690517513652511,0,1.7332682690868395,2.2563739087380608,0,0.6330017205732974,1.9061439866102095,1,-0.04181359082792381,0.20906668999265676,0,0.15592954052954616,0.6364687724020028,0,0.0831146566830765,0.10925816146937614,1,-0.011585547530519477,0.023171095061038954,0,-0.015457959874267324,0.3691036407759256,0,-0.1804587698452417,0.503307497663818,1,-0.7067885497040249,1.0552504934839715,0,-0.024715182624381427,0.049430365248762854,0,-1.0448452757988904,1.5405566496230443,1,0.8612398287791688,1.3570148271373037,0,0.008090859068249833,0.18454455308768666,0,3.3104131253208102,1.234680576613143,1,0.4106453023572073,0.46690391680199617,0,0.2781675471498574,0.37116167183293797,0,0.12326200125559864,0.15327608751091915,1,0.4682421680060401,0.4790968973415903,0,0.09615428432084218,0.11297855342839072,0,1.7407941325336758,1.3205129334525378,1,6.118358840773596,2.565664078714007,0,0.989782928312307,1.183269885864222,0,-0.07713826184188663,0.13741658547981617,1,5.851805399421615,3.2299950581471637,0,0.3064413457798049,0.2977462099770397,0,1.3975621666001554,2.040775736811228,1,0.19878934950278915,0.9060916391740937,0,0.05405568873481377,0.2082909792008763,0,-0.4870729813556826,0.936435027104711,1,-0.5743292072206125,1.0066758875843138,0,-0.2910635685315673,0.5821271370631346,0,0.002694026370640842,0.03206664309300382,1,0.2478340073656085,0.3322084670661903,0,0.0,0.0,0,-0.47225602489003365,2.378820774848456,1,0.09769589053121383,0.15920554135173146,0,1.1145656510921853,1.190527214834933,0,8.236959124646393,4.806877370593081,1,0.004869756613036515,0.00973951322607303,0,-0.6394888613683245,1.2975167331485595,0,1.2462300941954605,2.6899181903202414,1,0.047694132397254604,0.19588597324193247,0,-0.09825345240352454,0.23152411217027935,0,-0.044459461936795744,0.33536744656671263,1,2.6352147376340693,5.932227485241746,0,3.604083054121498,2.570027752937593,0,0.05092952556240491,0.7141182995302033,1,1.0745030968704303,1.6820110076438959,0,0.8393875072891553,1.0761937960713437,0,1.456099967915512,1.3813789555016298,1,0.8610771801522198,1.2145837386399705,0,-0.1541360453509965,1.1441500317905962,0,0.4384479563417457,0.3649320016489609,1,2.7292434051721175,1.5692636021217983,0,-0.30510002029540895,0.8250557093472813,0,0.019609035460080408,0.09499197441631195,1,-0.09219285700597232,0.1736843633186487,0,-0.08687649423057561,0.46319600466477534,0,0.4191072746076575,1.3656158703881716,1,0.8338536671757822,1.0262114811936682,0,1.170144358060361,1.5961325084675664,0,0.41254490178530734,0.37082742697063237,1,0.24024455955957197,0.48048911911914394,0,-0.19037627480652555,0.6322018676792556,0,0.4317025836449776,0.5977754105560801,1,0.7915298387095198,0.8159375718632906,0,2.5175050349722725,2.7804872421174864,0,1.5603709080970338,2.4100553271929535,1,0.09273550178491799,0.12175319592150546,0,-0.022450461275327287,0.04490092255065457,0,2.5420272867479645,2.323797798285143,1,0.0,0.0,0,12.7389292765915,5.050136328540519,0,0.09315384216007029,0.11929435359744413,1,0.550713541789141,0.6595133117829002,0,0.08608582290523846,0.18789456733176668,0,0.982044244486229,1.019697984684071,1,-0.03924773822135239,0.07356718950113768,0,0.19336103416093445,0.2887143916594536,0,1.3405256814103184,0.8229946363831735,1,0.265704363684474,0.5305395758319906,0,1.2899259596572328,1.2555454853685308,0,3.587580931755776,2.6581062335494314,1,-0.02512503211707561,0.5529930658982148,0,-0.018621189935115013,0.23628258072467914,0,0.002648433813607497,0.02890544150155834,1,0.030165852381330693,0.060331704762661385,0,0.23755454290897188,1.028538648004171,0
101,100,0.9,ab,0.5789383840301959,0.1383856080039115,0.5110352887339078,0.7053393317657312,0,-0.009240498877091113,0.01548263020395994,1,0.2810235439810026,0.2818780445702398,0,0.7359201463229625,2.0960319968748324,0,0.08262110967886212,0.960153789082387,1,-0.14464977878536073,0.21292066352424438,0,0.2880969068471537,0.6477003701161317,0,1.2364165019054645,2.217697293917857,1,-0.018143967358917424,0.08209099454762243,0,0.09081507485207613,0.18640257040760316,0,-0.35876531803345557,1.3650454771740366,1,0.0948180137742626,0.6667450345458538,0,1.1342990066201146,0.8540742742792846,0,2.567253936913481,4.195613759413269,1,1.047801687430172,1.3299777870498903,0,0.8693942234145619,1.1028579068450328,0,1.2644585942680489,1.2007574744459555,1,2.5745869238342456,2.1767122991761765,0,1.2138510731561134,1.6043620983673965,0,1.9358403734423817,1.8261469066975107,1,2.1921598212768254,3.4223034900951776,0,-0.0062706176668743995,0.030985447479368253,0,1.2473961666636315,2.7333800995317756,1,0.26847170325311265,0.6421765254247481,0,0.5020225593001181,1.0579089477519956,0,2.4447082241085836,2.923386981297202,1,0.2653612342970002,0.263470204304175,0,0.5208017029157083,0.7252546915884692,0,0.48778924682465485,0.5696058975006019,1,0.37464110794967365,1.0128078771676612,0,0.0077686661030046955,0.15464347789682717,0,0.3414487898343661,1.096326092570435,1,9.289090264453876,4.689233271589913,0,3.5809796265144174,3.9357477771845266,0,0.32695341045541637,0.42565793350951336,1,2.4894963771774257,1.8038997916032913,0,0.2621878516333975,1.0648729825585472,0,0.8357135086877447,0.6299866073221504,1,0.7501765113030444,1.6451477328786113,0,0.46380969884167095,1.2602648792672584,0,0.2519461156075044,0.32190129738962986,1,1.7792058481693869,2.81062112687485,0,-0.023236169637240976,0.6559389215442298,0,0.4839010632562351,0.5636529671854024,1,0.15342414815565056,0.44341569602943526,0,-0.11263400515143085,0.1501253715075249,0,2.2120254854683,1.780422618688563,1,-0.08407046813791456,0.8956771142250994,0,2.1698685448638155,1.8966991132478133,0,3.972996216242882,3.8763736133465456,1,1.2696051825752197,2.9126742932022407,0,2.7995105566677334,3.0782064251571577,0,1.271206160551044,1.6880379581560003,1,1.16151375950793,0.6755376962530182,0,2.103653802910091,1.8157003852763451,0,-0.45042475234795487,2.1463300961807597,1,3.1768487249925,1.9881718093889764,0,-0.21007854235899673,1.0511118305719713,0,0.6951399325960953,0.7574141557689831,1,2.4838370194004193,2.640785495739973,0,1.1295821657408958,1.59904061811167,0,2.779365814746753,2.7254793834540227,1,1.9369449688727673,2.6046597173748713,0,2.4882745253521117,2.7689918977734207,0,1.5684767167732319,1.6346842629919298,1,2.3131417375539423,1.6129699317487924,0,0.929567067519162,1.0496364506231242,0,0.20360001927583596,0.6643182631920511,1,0.9179962055549737,1.1296132138030643,0,-0.12499682634863274,1.0990995432163857,0,0.6825800496272104,1.5101863459356324,1,0.017152932339237825,0.5015123065510857,0,1.4135850132828864,1.0706659448243367,0,1.1244661047772595,1.798909999483866,1,1.2017468159292615,2.3561689197960054,0,-0.2068643238297086,0.818028086350317,0,0.45341158697737677,0.43944379147035634,1,0.2748297200799413,1.0271318694943832,0,2.0547679198497186,2.798771084931704,0,0.9471232636331173,0.7069865366941025,1,0.30937750128791175,0.8889006622743308,0,0.4224945310531393,0.6219728263530887,0,2.30082040594595,1.3741130237414751,1,0.8389221241350079,0.612124415356515,0,3.8095342612373186,2.6686775148257,0,1.058635776938758,2.780112002274538,1,0.41345447511637845,0.6132121784167761,0,-0.026063349212573684,0.03220671800198901,0,0.5691813608214092,0.8510170959641024,1,-0.024125067680706304,0.21418374548239058,0,0.2994291360010853,0.7006545724014231,0,0.4956845631328502,0.9913691262657003,1,1.9317613484212004,1.9778399704766434,0,1.1118792671483322,0.900091333377984,0,0.3912887651659786,1.3812706644690067,1,0.21379134546195636,0.8141823525546584,0,-0.0350337925131391,0.2136331149747704,0,0.06986341567728008,0.13972683135456015,1,0.684563635056394,1.365473914109952,0,-0.06587697304135634,0.44036937862113645,0
101,100,0.9,bag,0.5183662781760038,0.12701038183961819,-0.32449308750945005,1.5808701029526937,0,1.7632242089888355,1.9719454351945125,1,0.34684978024608926,0.7836647142473456,0,0.4663192174350728,0.7134369667974737,0,0.09002963077531859,0.5532211958716421,1,-0.02425440665498548,0.5087881477783573,0,0.22570247470801527,0.7333985269649896,0,0.08386642863582297,0.7585769732787275,1,0.8846606498591658,0.9684757820355844,0,0.020567186634969127,1.0463064065404684,0,2.5810676281214016,2.999271783625686,1,0.36030347135341145,0.973999843897332,0,0.012280816279671591,0.22975690680186361,0,0.233638285293258,0.5542875313836294,1,1.58562573889701,1.189623480450978,0,-0.36897417227502755,1.4117577424896723,0,0.2546044313774117,1.0295202767554632,1,3.044758551621784,5.5725784863285455,0,1.4015029439797755,1.5258932719082297,0,1.112541631699451,1.6931928374442493,1,2.5907769999083445,3.379975930340911,0,0.0594243448548343,2.4098672668552714,0,0.21945074642755075,1.1437977205143757,1,-0.20690995095721293,0.28644389595253195,0,-1.6625401323053517,3.15067854473094,0,0.5776690173599099,0.9747670879156716,1,-0.43352050169214723,1.3386802085142615,0,1.4899401571208855,2.634141347959396,0,1.509569715504415,1.3030063548794066,1,1.1630809526945376,2.1151577341431356,0,0.8840012692053069,1.5425373346190394,0,-0.45186284444970654,2.083721294166197,1,6.137432639690088,6.040033049391956,0,3.027040925009828,2.4986988568968975,0,1.1819662450676947,1.1313050556038218,1,2.8809496760409297,3.2939918053488175,0,0.06812641059183418,0.9153478693265346,0,2.0534927191416004,4.692248581906938,1,0.6604935133033953,1.2176267228664603,0,0.460395042907663,0.9348142976419065,0,-0.18493292018777713,0.3564294530777253,1,-0.38160504302442216,0.8877122428759885,0,0.21381506326631733,0.5833520712224138,0,0.05751186492958826,0.2876840492324677,1,-0.19360042930656424,0.34626222684257146,0,-0.2149017341916022,0.4909279548906149,0,0.34277691769842944,2.811114070583095,1,0.2735955792151322,1.324355316990051,0,0.5538946864630525,4.620885687845382,0,9.151371367075381,7.096698953749992,1,3.5579497255382697,4.491284405994357,0,1.3595992128049448,1.3175996353458932,0,4.154394035554374,8.093978820747918,1,-0.9190222327226539,3.5437776962861984,0,1.401155195618817,4.764737800880787,0,0.09739916413468866,1.6383876059111802,1,0.006757637086845181,0.6953110146573834,0,-0.8714237536924582,1.2415742844932691,0,0.7730590188002557,2.7393857878706487,1,-0.12803401694239153,0.751501558330504,0,0.31812107731441724,0.32725119396097824,0,3.1025625231421565,4.104130805546257,1,0.49678062652519356,0.2907827719574019,0,2.1971541048221876,2.697145199260031,0,2.134006477038999,3.5877226413970695,1,1.5698218579391816,2.4987248612674735,0,-0.2940585869729225,1.1072781643047678,0,0.7328692615960575,2.116988599196086,1,1.2134074846924343,1.5531691024024215,0,0.5278872314190644,1.0460539817193066,0,0.8403155840778839,2.1186500080253294,1,1.1851038317689881,1.0927253108784631,0,0.931957612033439,2.699565642321837,0,-0.7380414186407289,0.7289840444604035,1,1.6742019736515399,3.5024524171412104,0,2.1240018011193422,3.6810584716177654,0,0.08445366757898735,0.7865088620995411,1,-0.11820175598059297,0.5116951237530557,0,0.9211091075064383,1.9697834776957786,0,-0.15151458580744676,1.2369866600774895,1,0.607888575807582,1.0115362230386442,0,0.6135539284284668,1.382108805082241,0,4.961942571271987,5.2010492519237115,1,0.801527722478637,0.7977844976400537,0,3.43062424094882,3.2962673966219507,0,0.8209464910710998,0.850948316612264,1,0.5239151305139188,2.498866252551428,0,0.22612752516548024,1.4938246693172625,0,-0.23797941059495628,0.4136299925306425,1,-0.24824051129582853,0.8274661424630932,0,0.2796330313033089,0.20099296365941113,0,-0.2696760768471098,0.43683920364769163,1,0.7791956391637328,0.9565067207731391,0,1.0159616513671879,1.1876810313131878,0,0.7641365406043812,3.972060750942771,1,1.2618892632681802,1.1844089902377921,0,-0.12993031641463373,0.3427226943667514,0,-0.6284599635970232,0.7588927481720743,1,0.637261591621067,1.1470705097958316,0,-1.2176966390699566,1.9352102115896683,0
101,100,0.9,mlp,0.9723313111651745,0.01266305514183456,0.03282766382843323,0.21621932736179164,0,0.1185736897912388,0.24083959691453033,1,0.06267915023769252,0.38104471959022773,0,0.25051136178588235,0.28712273742399175,0,0.03869723627853544,0.29451961253392345,1,0.3029322605770367,0.3091874386457432,0,0.2852028982833287,0.30088550504127703,0,1.1234211437378732,0.3894881052252616,1,0.16878003472494899,0.26443868707871676,0,0.07877866525554865,0.1197696980890497,0,0.15838120709774212,0.36877279450735034,1,0.24461388502802345,0.36080119320725745,0,0.2523439426259575,0.22990679292089594,0,0.18175650848473945,0.49570190523769225,1,0.12924108600858097,0.14829803259643431,0,-0.04561209871580599,0.19183765088664687,0,0.08069855215421363,0.2544617105947147,1,0.06874165320963325,0.18875467901593845,0,0.3965637313932332,0.39863626531758106,0,1.0884010738187642,0.8425380572585753,1,0.18028910697100553,0.30093506008610155,0,0.19325193761872553,0.5324680518142768,0,0.07922819120371424,0.40308772061709747,1,0.03135791972144337,0.39245851979765956,0,-0.018294805595592968,0.41506443380307684,0,0.22616797805175484,0.4649290870546218,1,0.13520407138690244,0.39866885151227804,0,-0.0722099345909535,0.12919934670852082,0,0.028575439840454454,0.11794998221291218,1,-0.04814113452577839,0.0938754092018883,0,-0.02370741591099675,0.16003421507758556,0,0.5006131708546133,0.45675610169053515,1,0.470228603826152,0.2934692987710752,0,0.304190777915916,0.5486477640222114,0,0.15553023060294321,0.32614797351621605,1,0.13905198856683335,0.2400864592206245,0,0.04918547149228211,0.19157685301381605,0,0.1716836153798126,0.24502289031994062,1,-0.11175799877358232,0.3142878019775874,0,0.22470930868223568,0.7216347184494297,0,0.09026852640229188,0.34595458215135394,1,-0.012698357640620267,0.10852611406731762,0,0.01971533818087735,0.1722988159532109,0,0.07496989982677156,0.17832862160435903,1,0.048689565944875834,0.17311832452901801,0,0.17026543017050982,0.2685607348775369,0,0.24067975937765293,0.7908667881662879,1,0.36452647086599094,0.4450392343029449,0,0.07056551202611258,0.27860702450271185,0,0.15312813226927607,0.42484983062142867,1,-0.11500271357645105,0.19522285993732427,0,0.019227935791771244,0.5328515370557779,0,0.446909154489861,0.847384917924302,1,5.250569864911902e-06,0.564554371492115,0,0.021033797679891997,0.5091723420177429,0,0.4651566383233064,0.6961783343651453,1,-0.036483147715014194,0.42714003792971544,0,-0.09212346563653558,0.4864824676387254,0,-0.0836679179830804,0.21899285327646253,1,-0.12570723949431015,0.261848306768023,0,0.31740955154490297,0.48775186354515127,0,0.4385443577990884,0.39677633908932675,1,0.07025216293128851,0.21571643536917906,0,0.10191189509902668,0.5115029504737381,0,0.4272615385605049,0.4043811452020259,1,0.19182890818325699,0.27886173761147315,0,-0.09114155363528323,0.10459574661192514,0,0.2375463476843466,0.2996168272056155,1,-0.07567385116609217,0.14590318188005283,0,-0.03952925459495029,0.2505453101883537,0,0.03190874153470006,0.10461312134465099,1,0.09683664612974353,0.16051141603017544,0,0.28620838783609964,0.24355545369672876,0,0.403183579494575,0.39038849490925615,1,0.6549981011233996,0.53073266183404,0,0.5004599543211901,0.4520319838165206,0,0.04953450619364013,0.13578110176761932,1,0.13183365369518754,0.1786315337221128,0,0.019808931613432564,0.18968144419702618,0,0.1942890833908958,0.36554470163350056,1,0.010726941111528918,0.33432126678501,0,0.09567743874372307,0.2204255940815156,0,1.0960750419740983,0.4650518011054782,1,-0.007117660337859588,0.2006477925609983,0,0.06629722016091122,0.1551536068474487,0,0.4169414902192571,0.26543192533814153,1,0.2772959733321332,0.5688236529191519,0,0.0008941457261365263,0.16851407026783674,0,0.027298530834040814,0.15032738914995866,1,0.2421017830747627,0.19828120940913596,0,0.009401344605865414,0.15968304836834585,0,0.47784638234077936,0.5340378682116184,1,0.2283731944488041,0.29463364728086666,0,-0.02799047069959213,0.07500689878228567,0,0.41528012665143493,0.4428584610496482,1,0.0713647738799769,0.2686409638649862,0,0.407308835507166,0.3182714649908866,0,0.4104555311865363,0.5064255089490739,1,0.27620891620689153,0.3607880724444016,0,0.018194682369121796,0.16900775317742744,0
101,100,0.9,svr,0.2571803843784715,0.10392421492876866,0.1850400088732771,0.14746951549304693,0,0.1598142096597171,0.19555577333725863,1,0.2484084300594202,0.25615129088806904,0,0.271957385839765,0.19621832651603294,0,0.28387601572335974,0.21800655996546323,1,0.15088499037452202,0.24833937146748283,0,0.17495702971683422,0.3324573647967745,0,0.28359902533604775,0.2168603484659845,1,0.2848614501036728,0.28818794517290364,0,0.10591462119708188,0.17774839502250545,0,0.3076537699478053,0.176534523434362,1,0.38883135695088644,0.2933044570159833,0,0.43634126689911873,0.23201187000230297,0,0.490658475260031,0.3261448937889751,1,0.594016579349551,0.1478212950382001,0,0.5357891353204438,0.18886527662384467,0,0.629374579819028,0.19650561338999492,1,0.5814102509151413,0.30354500503526777,0,0.5533202950331652,0.2679304552101986,0,0.8891033146538406,0.3927452075435346,1,0.9653578287155614,0.38712032550008313,0,0.8791439367149889,0.5269255910897487,0,1.1313326967449115,0.46346534399937045,1,0.6582660202775374,0.2549132563684879,0,0.593302599259827,0.36763270561415606,0,0.6390107589767833,0.3592428891040101,1,0.49530634944097773,0.17388904010033263,0,0.6482469381590974,0.29524628323806335,0,0.590457521542241,0.2832980771676991,1,0.850527268616205,0.15421790018918555,0,0.7392605082700984,0.2453002238340205,0,0.5744381184185997,0.14165050986118174,1,0.6934923023034496,0.19030966680093328,0,0.5754768017536366,0.15782991659931642,0,0.3669834755066893,0.1510356737589686,1,0.4008880845666475,0.1506787472849503,0,0.283559908656381,0.20294400662391673,0,0.3475285499121444,0.19915188139523265,1,0.35158340569459884,0.26726568856587785,0,0.6749565422632008,0.39047055955285553,0,0.5964180804590067,0.47756033804715564,1,0.539795757900916,0.4714509688101965,0,0.6726551072710676,0.43274467877424955,0,0.7036934646587704,0.43309533465303957,1,0.7010310363923733,0.4567475349877125,0,0.6679132116583844,0.3836332695303013,0,0.8494087382809525,0.34195179032219025,1,0.6974134259398962,0.22994175854368396,0,0.6815060559843978,0.25970040104016295,0,0.7045542805815724,0.20266425999145066,1,0.7012665375817096,0.20597003153744048,0,1.0246878495598852,0.25308688502114834,0,1.0687639160936564,0.25674781674007646,1,1.0762754646257051,0.284540081618166,0,0.6211601988570007,0.1345884635859101,0,0.8176044841603239,0.24904393172275383,1,0.7121461463913601,0.1882084091783989,0,0.8438069908147595,0.20764983797527067,0,0.6074886330760846,0.12205384799678788,1,0.5419690040552397,0.10516024809158389,0,0.6221534198176102,0.12276090381979912,0,0.642310974565014,0.14732703165822772,1,0.8245873798184153,0.23901796040622778,0,1.1955640994331154,0.20508874379403796,0,1.0425704443798804,0.18215656524549337,1,0.9075143191562038,0.2569010370333353,0,0.9612111488934174,0.1874318096657896,0,0.42129213048175124,0.2117338716992375,1,0.6806793014820076,0.13719045976135444,0,0.6169811580617244,0.19406683980444348,0,0.5667880350938802,0.33354968607467145,1,0.6150170025439223,0.30494949455794484,0,0.8273339873447441,0.4563673297816252,0,0.5891649454445469,0.382493272327597,1,0.43384752572307744,0.23269250640894687,0,0.5055117138524968,0.39868497127788244,0,0.5617416228918084,0.4331513794045293,1,0.4592160044507206,0.31290786508649215,0,0.46304733337316256,0.3123260579312628,0,0.7446735140812505,0.3180246654487703,1,0.5668880715696132,0.3923000409006515,0,0.6566812514749543,0.2422066134337394,0,0.7228393803330564,0.25852785460035527,1,0.7352947095653382,0.17700727569498848,0,0.7287442705075055,0.20495616545497047,0,0.7288437687914912,0.2062823371360856,1,0.38503026402567325,0.14745192040266247,0,0.3954891653776747,0.2565505724324473,0,0.4672278666563415,0.268951519690377,1,0.3977996896905558,0.29090472210493923,0,0.4005186600639113,0.24120887657319934,0,0.4047858872628952,0.20750930060253414,1,0.4166330618458215,0.25938390375724635,0,0.4119396608534471,0.2925808405266868,0,0.40041058345323216,0.33269609162020486,1,0.5433167398269408,0.39975382328220654,0,0.39459428784872563,0.4914262745108192,0,0.3450555458952361,0.3141552514109151,1,0.27424754427727144,0.30080342398542737,0,0.2803927690139959,0.17668665281234128,0
101,100,0.9,knn,0.7860775875227158,0.07177343429775443,-1.0304134063228692,1.3413610681900157,0,1.3261331837208217,2.514149060169299,1,0.7093277215533128,2.512070125886059,0,0.07272017924118604,0.7545164225419149,0,0.8370193462347281,1.7376586420736082,1,2.5672989650653206,3.900561429684396,0,0.8676647111617809,2.109068143957372,0,0.12070584283316017,1.9851771240879679,1,-0.2719729656229627,2.6406143140439737,0,-0.20262375186666798,1.3722234078919269,0,-0.2472460699817332,1.6859810461198832,1,-0.12394651000610653,1.852198301413066,0,-0.01253236855165991,1.330308105005657,0,1.3954202683710608,1.3996513378887863,1,0.996983042488349,1.0269387622620767,0,0.9403390911482911,1.2065459034428254,0,1.8255564757547575,2.138687683605588,1,0.5137794406430376,2.2018342723765714,0,0.5192838800982805,1.1744531180323101,0,0.8885299701740259,2.1030161484597114,1,1.1909140484024612,2.9034993817914656,0,0.08012060431850196,2.1432267492675865,0,-0.11820327179244941,2.6858704759880405,1,-0.6489711625259689,2.6709079354813285,0,0.13372370737964054,1.6021229926554765,0,0.19562036040746983,1.8032601157058559,1,0.25861788189920826,1.0235709941926932,0,0.8790260860110646,1.2537136717520927,0,0.8010253349210515,1.4902650264336994,1,0.7040123107237418,2.0425608399261095,0,0.5615759125240545,1.6847526029752968,0,0.9611353518347375,2.2043944965306173,1,0.31967892853053737,1.0362022747552608,0,0.02076966526256161,0.9874881571370189,0,-0.16986265778418175,1.0009653214265408,1,0.11018936707539621,1.0663338235939308,0,-0.23537180816289233,1.1315189403914572,0,0.060892251600586825,0.8783129771360051,1,0.15910605504144562,1.106393291550112,0,1.0543789838582558,1.542440509052271,0,2.4202503097953914,2.8669068815427394,1,0.9394723518806117,1.032481471042588,0,1.9949617745249189,2.1024110656555046,0,0.42325224947543544,2.1513105007801143,1,0.13218280787058942,1.4158288886010237,0,-0.10065200209156985,2.178380758239714,0,0.36886077235846193,1.8384847730033915,1,0.00043193861414678734,2.3510174187646196,0,0.2458916315962071,2.3042216279431136,0,0.7203508965371154,1.7114154977278888,1,0.22088322397073634,1.6005451385620322,0,0.4653402979776594,1.7762623236080748,0,0.6661989175366874,1.5183606345032161,1,-0.1397144514723001,2.358849806085609,0,0.2512554435420499,1.340790354068551,0,0.4185301628652051,1.219641111984244,1,-0.11616695163773394,1.4484802903703227,0,0.002960543802806348,1.837392137932974,0,-1.0748142553719104,1.0556783426803626,1,-0.710954193665099,1.2112892872945074,0,-0.3497992148358078,0.8141502035798857,0,-0.0597305762095854,1.0701981397709766,1,0.21520478304488969,1.9004087417720261,0,-0.33818078355079967,1.8103756369631032,0,0.3174371179140236,2.1631379791774674,1,0.046986853486684146,2.3823325149624863,0,0.1529142889326107,3.21558301472365,0,-0.7712343085234263,1.8274352652837165,1,-0.08737706846638706,1.039111963456451,0,-0.4232806458261621,2.7005512199938146,0,-0.3341524227837695,1.8187394874723692,1,0.38519148077846166,0.9620587075868973,0,0.8776533915053637,1.9962363846085258,0,0.8262019496707429,1.640506776003486,1,0.43586322301633845,0.856685110424346,0,0.7739263458145109,0.7058963877848954,0,-0.11964006689774209,1.1853237944574215,1,0.9269283839680147,1.2612877687709168,0,0.8247135296517033,0.4980255410248832,0,1.0065632427086193,1.119289945451339,1,0.9839154916150594,1.3372699133212038,0,0.4588211013921593,0.45357569197720027,0,0.1693423001811673,0.33872765648178177,1,0.5208978154724022,0.6615688334847861,0,1.1678782693262282,1.4144532067373294,0,0.847484908390336,1.2671794704268147,1,0.3323771433887977,1.0142409317783636,0,0.8038637559457549,1.3409941731105668,0,1.6730699570950296,1.7472071275423493,1,1.3328335484610996,1.4166716999293756,0,0.5253121790231055,2.365244405345893,0,0.15409332274913548,1.1665083823625195,1,-0.08903050701992042,1.3123729014817533,0,-0.9492118610788746,2.6739916540261364,0,-1.0611179507727644,2.747434080110378,1,-0.7433555493806635,1.7872795768451348,0,0.38931395546425546,1.976271863788874,0,-0.35587685286561505,1.8660347011974727,1,-0.6748359243936347,1.4676603621216078,0,-0.8252430317784238,1.9002986115493603,0
101,100,0.9,SuperLearner,0.9810458535128455,0.00853994676078305,0.07512463880449202,0.12172596622507256,0,0.5600428870688321,0.4877324626638786,1,-0.005757026646752761,0.2501434851512265,0,0.5976014626334263,0.6732811069883836,0,0.8083278281072002,1.0147329724980227,1,0.14450138615380562,0.25529971492149456,0,0.07706115050469106,0.12120341578396762,0,0.6223633328295237,0.6037704216693421,1,-0.08993549341985259,0.09201317504842849,0,0.2319145379552367,0.34162197918160486,0,0.374437124894416,0.7261146088295242,1,0.8422337320664888,0.7459659178733468,0,0.5365653747822505,0.5512095862149523,0,0.4135623412082084,0.5984053098253359,1,0.09398419721006498,0.230546696860602,0,0.039869665463364415,0.15801162521228576,0,0.990874172896677,1.1838739265854403,1,0.15988733731211116,0.1262884249178866,0,0.2098236577304971,0.3792966497036667,0,2.491288344602519,1.9156932652492535,1,0.04947252896680884,0.06907539696837957,0,-0.009084711644539384,0.1809598479986672,0,2.0033714858056877,1.2994623712162081,1,-0.04833984290530676,0.16299331583435647,0,0.15979226909505267,0.2855026520751326,0,0.07785827714817421,0.15198555275875358,1,0.4033934811289366,0.5024499996176629,0,0.16537350892799577,0.14452815230916652,0,0.9772933645814685,0.5364667815910762,1,0.1205941660995156,0.1415594737707579,0,0.29593967445563496,0.3511923255122314,0,0.794369030058532,0.6550318598533234,1,0.08871176741803774,0.2864041623323871,0,0.0907607050096019,0.2562061090703107,0,0.6214926282359851,0.9423974047050867,1,0.021384443109702722,0.21141456206489925,0,0.1173850053636665,0.21166038221614658,0,1.3910859942841594,0.7629446335495943,1,0.07954319236700359,0.29205668575208904,0,0.18657969569586558,0.40059865878593925,0,1.3814893936132475,0.9898456488397988,1,-0.03873771569980618,0.1172821688508453,0,0.14779087119490136,0.2856895356166585,0,0.3138071638550216,0.3870536737831296,1,0.04684271480781066,0.13510854615282816,0,0.3046961627298922,0.3860467541173698,0,0.2780599768820875,0.37623872605939945,1,0.38919414029336663,0.36392493454564584,0,0.2223509568635187,0.3240921286344318,0,1.226985955928533,0.6980329774225028,1,0.2326013422530162,0.44690676171827937,0,0.16918828799793154,0.1837808390805183,0,2.381184980861185,1.1151101056206438,1,0.186524033440369,0.3021924984033319,0,0.09295318316944817,0.1979996233879538,0,2.037005911057183,0.8005633901166096,1,0.9211045020467983,0.8724947354568697,0,-0.031163734888835247,0.09891797886622906,0,0.09812297068138695,0.10330218243471422,1,-0.018334266504418002,0.12855716736363312,0,0.4959298375400202,0.7164319074479981,0,1.2668681831850188,0.6081597110249983,1,0.18192151318569402,0.4511635018511503,0,0.9804183830075089,0.9361526393902506,0,0.6936812366341905,0.7865978044970539,1,0.5568990287620272,0.684545575803549,0,0.04200286360177016,0.33751161571198496,0,1.1830657017022077,1.376064669283632,1,-0.03370989446525035,0.2554567143719701,0,0.17530026161863246,0.44327077229327033,0,-0.003397139846190908,0.19937417233348406,1,0.23041869666936696,0.3601774683668789,0,1.610632085182647,1.1836312168178686,0,1.703039134027017,1.649881231944871,1,1.0675108239595057,0.8590407965447127,0,0.8921783688387961,0.3278182672408998,0,-0.09912895108570667,0.10551636558655496,1,0.16591232132748882,0.12131075416684135,0,0.3189609664463864,0.3715916441757598,0,2.333856484328555,0.27417390637456246,1,0.17388479751247451,0.2689432637712261,0,0.6656525280695937,0.5754710367892745,0,3.7135795882693814,0.5206700338894453,1,0.05557209509678516,0.15480761656379305,0,0.09814416615351321,0.11468483146004435,0,1.6605647048756427,0.3898143445354925,1,0.604188397078954,0.4321236880363693,0,1.121611805309017,0.9668867388484906,0,0.7889685775059767,0.5057808917137516,1,0.9990066652979728,0.5963752973330815,0,0.08279685888553352,0.12342199364744183,0,0.2544447555859132,0.21227465025745343,1,0.7357477532073861,1.105716243305323,0,0.13283518587230425,0.513415586751626,0,0.5622345116358248,0.5223494562660038,1,0.15703661216393375,0.21405054641874513,0,0.2749150391219167,0.370028723262228,0,0.626206287604427,0.889094800017159,1,0.13745168384075512,0.1589291605240662,0,0.11483829665271006,0.15494817916632894,0
101,250,0.9,lr,0.9889740429358496,0.001903171374632971,0.10980261814956457,0.07938321958142211,0,3.6618189974111006,1.3697954048364898,1,0.16111875735078993,0.2026942697570423,0,0.09106230004719283,0.17795427419883553,0,1.595251346724342,0.2536817568259517,1,0.021217016737209424,0.05481061169765346,0,0.015277623197879741,0.04578860936752971,0,1.8280709654733158,0.6740305396896062,1,0.091109498135122,0.09399015017867539,0,0.005275918769032636,0.015493533728345435,0,2.0657589066838993,0.8302953910177443,1,0.03464981140126516,0.0686176994323335,0,0.03582669111869724,0.03187188339964592,0,2.5456841069785328,0.716525300298637,1,0.03009280014528535,0.030171081934862745,0,0.11797810777545055,0.10778576444716932,0,0.764067307775326,0.26300284640499155,1,0.21805164244405745,0.20685420575868646,0,0.3017733346030555,0.106478710994456,0,1.6551416675423751,0.9414701792242969,1,0.18981307473453649,0.11205406706993465,0,0.0818746637828495,0.10474678443311795,0,2.4361818595573075,0.4508266313852555,1,0.029937886716333174,0.041953588444586604,0,0.0021223185288861157,0.020311560859309387,0,1.6041329615165432,0.5990452777403721,1,0.05255265282777542,0.06974472017078713,0,-0.010575144815213999,0.07655572503038466,0,2.6785283619304954,0.8220348250869579,1,0.18561968320088437,0.19430801230758607,0,0.08685805006302094,0.14882290515396357,0,2.971323778709281,1.1442476802178811,1,0.05594723488501173,0.05021305911125106,0,0.07063171680787086,0.04426712793735874,0,2.53662283228799,0.8737144374690453,1,0.05719417019943355,0.06298562752661138,0,0.04891253141252626,0.08269079461741191,0,2.9908502676007274,0.713085239415802,1,0.04108221553866267,0.064924931732642,0,0.0562781902643394,0.0499522242575033,0,1.391004695149952,0.4791762102751972,1,0.37994966244263606,0.3403002700748998,0,0.23274575065769448,0.09596933263633863,0,1.3442236746831602,0.36741481842529583,1,0.05552609013900754,0.05689941130262232,0,0.07752008310613032,0.07127200551373482,0,2.1762289252245806,0.7193752523091902,1,0.3214648095568829,0.1768778642890075,0,0.1026314767678533,0.16795770421689366,0,3.071012201353338,0.9859230839563798,1,0.17836082634921158,0.12261414827253567,0,0.004552086869479068,0.017100379328699476,0,3.2630297444840908,0.7359906261657062,1,0.010317169098977633,0.033365848216923635,0,0.06281990046895014,0.13540455679529237,0,2.4093054595953727,0.9670070097495421,1,0.07650504470098846,0.11499875349559445,0,0.22716864184803284,0.2226829569384054,0,1.143090163565878,0.4056177729198882,1,0.0075368413883311015,0.04800681384192343,0,0.14786184837272617,0.16817535063105918,0,2.966494393712101,0.3354493274407865,1,0.04231875353518111,0.033506652066354115,0,0.06587096450065169,0.13042617423794475,0,1.904250769937332,0.8993612352372518,1,0.05297451081537785,0.02182364257531546,0,0.040181322388025284,0.05060150884331534,0,1.6035912665221368,0.4645652584824305,1,0.07598912179436618,0.11866125670865559,0,0.22462909561469396,0.16566731818441321,0,3.1991507842833085,1.30013030427626,1,0.0684177405701065,0.08194259726075044,0,0.23207896113689092,0.15989037479277227,0,0.6842582071889998,0.08783157171962552,1,0.18033544705212404,0.1354633328138115,0,0.22726744230368726,0.20257941324754,0,2.025302242640268,0.5647409401627432,1,0.005538958132338858,0.014374832628285575,0,0.02349486778415536,0.02415030270846164,0,1.6145558625672571,0.7679192163170862,1,0.005703920992433782,0.016266467940292503,0,0.15807673139495373,0.13070667187078064,0,1.3156368418324,0.34740614565160716,1,0.03254019994884353,0.058695648473411806,0,0.14305224260589278,0.18899426239705208,0,1.928556204899449,1.4075561205441076,1,0.2191199744462291,0.1984856270517816,0,0.1904344878870595,0.15292236863873218,0,3.625163078843923,1.3838050767060737,1,0.234914313388019,0.1768154330384979,0,0.07032603639987442,0.1504973039889236,0,2.2544286843190378,1.1578529155138702,1,0.10151224976923304,0.08286748925478016,0,0.12418033654163485,0.12754799460645475,0,0.9479768656316072,0.4567258962995018,1,0.1058297410357331,0.09018469714268076,0,0.17821273560152706,0.33439096005586577,0,1.75872732138006,0.6492926162905486,1,0.040626937397282584,0.0622190841436137,0,0.03751470369153333,0.05252439033433212,0
101,250,0.9,lasso,0.9188763926363326,0.007713066867501579,0.060163972694048606,0.12032794538809721,0,1.1910224266931966,0.28850184890652086,1,0.0,0.0,0,0.0,0.0,0,0.0,0.0,1,1.237093021028117,0.6611487186324384,0,0.5408055642047993,0.7511665553614643,0,2.1366634508399085,1.2689155373813596,1,0.0,0.0,0,0.0,0.0,0,1.3607154117574034,0.8953863317103605,1,0.5220779129722687,0.5095740787017956,0,0.0,0.0,0,2.8838797760242305,1.0473265706766044,1,1.001286658683212,0.775892404593555,0,0.1897679664853026,0.25290505324299295,0,0.01364563254608803,0.021530874228941097,1,0.011551838369590357,0.023103676739180713,0,0.0,0.0,0,1.1021927040893449,0.7747685328163162,1,0.8352193949367293,0.5671296389427056,0,0.0,0.0,0,6.788379229506065,2.274663416390383,1,0.11145947862385444,0.22291895724770888,0,0.2033524193206194,0.21984477981111047,0,1.9427218571025455,0.6542350360716783,1,0.1147340302394049,0.22946806047880977,0,1.6579771642307868,0.8252464191176411,0,0.0,0.0,1,0.0,0.0,0,0.0,0.0,0,5.1989453383503506,1.405626700088126,1,0.47811868061630386,0.48736524595734765,0,1.0455708325702475,0.8794010739806462,0,0.727463105872364,0.662987075516218,1,0.25026210796075526,0.38501770678748826,0,0.15153514805932958,0.30307029611865915,0,8.004888892354684,3.232824686141434,1,0.28021832627837123,0.43429855985777616,0,0.3865579293175522,0.30271248099435016,0,0.1749736297430911,0.3323923656644715,1,0.0,0.0,0,1.9534014961801458,1.086861138985767,0,2.0542162189532247,1.2519595249396565,1,0.3397795037060112,0.6795590074120224,0,0.0,0.0,0,2.641610200553944,0.5539939672173205,1,0.0,0.0,0,1.0022881948325062,0.992304323406554,0,0.98782474908347,0.9776986414069099,1,0.0,0.0,0,1.3616982342399528,1.2302385746601314,0,4.649740010902806,2.1920102054558828,1,0.0,0.0,0,0.0,0.0,0,0.43220098730726797,0.26469766816039025,1,0.11630155369961867,0.1924730122582732,0,4.192920334388449,1.4061477608905995,0,0.01885036921921147,0.03770073843842294,1,0.0,0.0,0,0.0,0.0,0,0.0,0.0,1,1.5801780960673335,1.0476487877547516,0,0.2663556270931857,0.3053719654762801,0,3.7797531496126924,1.7573561292379138,1,1.5997583175412209,0.8649514271043096,0,2.031077568042939,0.6244677470731236,0,0.48855825710980233,0.4775822445747737,1,0.0,0.0,0,0.16890470360675797,0.3256584444473034,0,0.7222591817658853,0.6201319054683229,1,0.0,0.0,0,2.5265624532647815,1.6708059910283557,0,0.09825269887504356,0.12037564454392466,1,0.5084145142047707,0.6238604191372332,0,1.1072386851403528,0.9299453005988979,0,0.0,0.0,1,0.0,0.0,0,0.0,0.0,0,5.942107656243946,2.6944219768780324,1,0.0,0.0,0,0.012847078247581351,0.025694156495162702,0,1.2193157849256866,1.4172779587921798,1,0.7070757782554322,0.9492335267573485,0,0.0,0.0,0,1.1890950976713146,0.9086197045897431,1,0.0,0.0,0,0.005725639424250332,0.011451278848500664,0,4.1448106471751505,2.7492273916454546,1,0.0,0.0,0,0.010307016054081608,0.020614032108163215,0,3.9311802818423067,1.2583827645258814,1,0.2633097998929203,0.5266195997858406,0,0.060577980743807214,0.08483248900093154,0,0.0,0.0,1,2.9820870315639065,0.6278935979129451,0,0.2764231305264892,0.4555481981116006,0,0.051714286684912,0.08636079705780668,1,0.0,0.0,0,0.0,0.0,0
101,250,0.9,dt,0.21434559029239394,0.17371070765112995,-1.3420290902544532,1.7895202728207087,0,0.7507859087199991,1.352986417481313,1,0.605178433100752,2.065520388235542,0,0.11165086783205087,1.2332200310113086,0,1.8387855987586668,3.87288260324389,1,0.698508795495431,0.8188741120030539,0,0.8659568720771645,1.4224256958099168,0,1.7493643542031294,3.465757711836291,1,-0.010048339033241632,0.025926893498431695,0,3.4313863056155127,4.181085938263973,0,3.489301382701588,5.054801795657507,1,2.0860000496967652,3.8227447769748966,0,1.5712813055213668,3.336456877053095,0,4.111334736941517,5.825045034447468,1,-0.20682177723933398,0.4552703757671491,0,-0.496743963530122,1.1266300081556813,0,-0.2593295871657303,0.33781316327688254,1,0.14145455234732615,0.21292450631000545,0,6.2305945369424,11.216910165452717,0,1.516889166365375,3.3978565284512237,1,1.7595431847220866,3.4173832921285405,0,0.3228946579901783,0.6345031039128018,0,2.1733788296767913,4.025656225020095,1,1.6443022580554802,1.6277416087338346,0,2.181688267337573,3.6521928986555245,0,4.710458150225629,10.494370556604874,1,1.9933094923890338,2.433560063765515,0,0.13573237213884629,0.4873124894838189,0,1.5631718566040558,1.9220741089884652,1,1.989451328278885,2.38553615080027,0,0.06672746807766794,0.9842456438423033,0,4.024204822412104,4.8804070509864825,1,0.1638947337252216,0.22553487010969342,0,0.22766402570342406,0.3269699677562471,0,1.929505914565528,2.86395525759699,1,8.240837540194027,18.143858146568043,0,0.7944069476912208,5.400511558531016,0,5.169494683543639,12.102542779363118,1,1.0475034152618299,1.0442034877956607,0,2.1394627617341384,8.71631556037666,0,1.3444973134411764,4.164858118020056,1,0.6819357370724143,1.2896764101655276,0,0.5964653787081131,2.5486964137391808,0,2.6242821577578455,5.287480686975344,1,-2.099377265551984,4.157092534504319,0,0.8910795804104825,2.810217074147212,0,-1.3096057820103173,2.960068438953029,1,5.115602324066566,7.394134090687008,0,7.028525311010772,6.257224644436456,0,4.125168871486639,8.087091741870926,1,4.251647115545844,2.665387135067011,0,0.09120908706796609,0.4487826629939892,0,-0.7658490301915548,1.489013883872691,1,0.20308802344437282,0.4516519320133454,0,1.0599183500784686,2.135279254183561,0,-0.8542339938366311,1.5410092814102438,1,0.0356365472526578,0.2426716347296717,0,-0.5302447426427266,0.7564117479165354,0,1.6161586672039376,2.211886413874287,1,-1.4093348462070272,2.8311481343913636,0,1.487902121881638,2.375818697373563,0,0.002930099292861996,0.005860198585723992,1,0.4742956739703586,1.4390284065212533,0,-2.947996834622756,4.526233697099476,0,9.188707214005166,14.481095189207721,1,6.756399929643573,13.312916217780906,0,1.4729312033849564,1.8774332726542646,0,0.0032226967416579557,0.007125330354614973,1,1.440164888282636,2.171391656163188,0,3.199049369106556,3.4239098021896024,0,1.7401589474968842,3.4203370798756807,1,-1.2075644871482125,2.6669512914716402,0,0.49181959002622333,4.414464806734806,0,-0.0013346056641407812,0.004670670689678913,1,4.978035224567064,9.853758467172005,0,4.380178205174231,5.313900016386752,0,0.8753117325174721,3.336684174179728,1,0.5796627433969621,0.8280592451702847,0,-3.621232131672145,5.842174454373814,0,0.023954736705451975,0.05406063480353891,1,-0.01461964070568067,0.6421347661512476,0,2.8621797727687994,3.6100363859342384,0,0.902296051061486,1.8983962283550142,1,-1.4402834770072528,1.478387493398243,0,3.4322755431077794,5.894629598048281,0,0.045316954344679514,0.14092846669855413,1,0.008321255640746643,0.016642511281493282,0,-0.7819353897663377,1.5638707795326754,0,4.753834917227975,4.801858050976875,1,-0.006420195133255958,0.04690574891943724,0,0.1448384867407197,0.27341289482394804,0,0.0679746079662902,0.12416409223448763,1,-0.6726315639528156,5.02454401853786,0,0.04270399177100414,0.14574843850289956,0,1.5975562411951802,1.6576707470490657,1,1.9935662588634604,3.3593278134448723,0,-0.21078405384248997,2.392536034135317,0,-0.1725136695319652,0.1814556220875248,1,-1.146672419520124,1.938335317517744,0,-0.19304342414026238,0.24340837054442852,0
101,250,0.9,rf,0.7326171612973721,0.028330418898212827,0.5076840556866549,0.30626965662345723,0,0.32300942592771775,0.18891191126695972,1,0.4816049863800237,0.1131503177016827,0,0.44277603921251335,0.1817008193675838,0,0.14462404168106185,0.15045008903318113,1,0.23400272216845247,0.09992906351614043,0,0.27911424039692145,0.21523892912335887,0,0.46181740183080516,0.20520189881989576,1,0.41128348355668665,0.16799162747680482,0,0.14671494208474742,0.21030387466033781,0,2.0446546198014435,0.7094244234635908,1,1.1213678759212347,0.7018534043761506,0,1.1392111698706162,0.5021671918041514,0,1.0389938299453123,0.5963951780188889,1,0.6033794933106484,0.2980844959966391,0,0.46553816881997057,0.3579416962402872,0,0.3351245509387469,0.38718733409764844,1,0.49143064922598995,0.2713111084979517,0,0.5429644160200695,0.578712942366623,0,0.7680293053639591,0.4389983871767721,1,1.1590218625652646,0.38092940452511914,0,0.9794835061082742,0.3743426476503648,0,1.2171136642498834,0.4957118214891206,1,1.2753065871700175,0.4551160666444109,0,0.5620430333506478,0.30070347332452396,0,1.7944794562559114,0.3082729211258466,1,0.7847283548475377,0.5006311757813274,0,0.46158168330652494,0.37960968130685563,0,0.4049196824189541,0.2266280259367642,1,0.5340010630555714,0.2786682375495126,0,0.8304532463041161,0.8188163704340375,0,1.6314146161549155,0.8583212899438557,1,1.2060106106112136,0.46826249126313774,0,2.3797810353210247,1.4693733209611914,0,1.168464905989317,0.8895208516961288,1,2.429571225504276,2.114082260649625,0,1.5418279616974857,0.9089815009287754,0,2.7743618713209446,1.2629912914415684,1,1.7068128264936966,0.8122495373268327,0,1.878787515373191,1.5905138704275708,0,0.2532155643540476,0.7024733132124377,1,0.41693839082774176,0.40794648531813615,0,0.35780548767541565,0.4355279799474204,0,2.0892283895669284,0.3802042719856494,1,0.4263406236303318,0.3603048186199643,0,0.4530177675091287,0.13193147368251332,0,0.952355522391019,0.328899119268876,1,0.39978688264014445,0.302390612588439,0,4.369733875162533,1.4760447600815676,0,1.0630014294256562,0.6487708811241284,1,0.8765998618614912,0.18459444399436364,0,0.8834238181239582,0.43395524630282545,0,0.7958384982261292,0.37551892290919264,1,0.21363000648658298,0.12610465706764468,0,0.3940113434597106,0.1738898953009834,0,0.5135806030598328,0.29299023905298055,1,0.3061432519960892,0.24666109000828643,0,0.527823945868316,0.4067996138673823,0,0.004387676242984214,0.16316524675402577,1,0.43288069550505154,0.565980153122937,0,0.17776452142364102,0.3300749863475454,0,0.2884877813995155,0.09264818700886221,1,1.7583011051973454,0.8255346611691107,0,1.5030717224523167,0.5097516025221562,0,1.5155422430447103,0.7822344935895276,1,1.3696812104655467,0.6700597116142043,0,1.4960637526972458,0.9011187560948003,0,0.9321996986084032,0.36718967621123455,1,1.579545398433752,0.7499529697370442,0,1.0665818169460264,0.23725362708887376,0,0.5632695223076042,0.6652315770482918,1,0.7362992306762661,0.542619229083379,0,0.5047450162325968,0.3653176029922258,0,0.670560148526911,0.6619633550417974,1,1.515043172802835,1.1676258870015392,0,1.5358108493802782,1.6573956692913854,0,0.44852556205505,0.29496484270402384,1,0.7011935628340632,0.3479165813458572,0,0.6082960090016355,0.37365028350538254,0,1.3557413732843089,0.6717773434137807,1,0.42090751227816864,0.28913526720440413,0,0.29522274345431765,0.24931252479036814,0,0.3152061922793913,0.3873161120531723,1,0.8524023176270463,0.7532835655431483,0,0.8779695293526822,0.5047839867654844,0,0.7388493801478797,0.3566403769621632,1,0.6382599872368878,0.47440019245047743,0,0.37892349900767563,0.3119037271668888,0,0.6426662082486253,0.3983366165267393,1,0.6135159167655969,0.39611116098496724,0,0.4804503802528434,0.33843904956659754,0,0.512845300717309,0.3619474999991188,1,0.7060881052710846,0.4233421500514781,0,0.6851812246236962,0.5691091335102764,0,0.29347919797857946,0.20987384831521133,1,0.384626072340087,0.26966326837689353,0,0.19137054245145405,0.06866069949610115,0,0.2820733451587213,0.09727285169573228,1,0.14070089589807802,0.22387988977735834,0,0.14057241314704344,0.11613694543707494,0
101,250,0.9,et,0.7752994648647851,0.01598694938217698,0.2803641591393931,0.0941971930999699,0,0.24618343746037566,0.2296440781583119,1,0.3257518843433783,0.08233289142427846,0,0.43326455491899285,0.3179733429387644,0,0.09663121162873105,0.13056311890814412,1,0.33832607241720464,0.10344410921789488,0,0.3316070893836885,0.21629196809774381,0,0.48203861239675627,0.2563832493573978,1,0.29320122620170586,0.10414827228691317,0,0.2303536198408039,0.24771762434558006,0,1.214872627529063,0.5586171357558306,1,1.3563788392307823,0.5703615723727464,0,0.8718330308225968,0.38672424821284845,0,0.9077507249572456,0.3683962085453236,1,0.7482964463266832,0.37394954284304244,0,0.844888812462829,0.22568632151832446,0,0.3710718478095326,0.34244124851988544,1,0.6493087167959757,0.4752637449968901,0,0.7367470302189891,0.36761635739078413,0,0.5477943400125243,0.30214422861053325,1,1.2196150048427339,0.3460599813217266,0,1.2087595309038037,0.433489561751849,0,1.4587595536708284,0.6440497952014335,1,0.9982563115100888,0.3017768484735679,0,0.7079816811220965,0.33805699487906427,0,1.2783735849804585,0.561636506399698,1,0.6986121105779293,0.3285266160705888,0,0.7956636744916213,0.4276464093665991,0,0.7615134649907789,0.23043013458513936,1,0.7885538696084728,0.5593692394210016,0,0.854493998837792,0.784666458441011,0,1.3884456813460229,0.7787029007755698,1,1.565287361201803,0.9400607508255131,0,2.0559306615083863,1.3166096402706526,0,1.6897144266579733,1.0440486577402737,1,2.181222147257986,1.0566871296534648,0,2.1668484023580126,1.6137323353658406,0,2.314359419389325,1.5611819770911364,1,1.4791174813055292,0.47974572666941573,0,1.3335975367824784,0.857519008003538,0,0.2721672117354169,0.49669703344662347,1,0.262581643582257,0.40677592142282143,0,0.25353701174463306,0.5244638258354528,0,1.2854365165994728,0.5307346447529822,1,0.6158865174055674,0.14774799959148535,0,0.3045394732340775,0.3517098130070475,0,1.2484758509675506,0.8294432787767155,1,0.42694223968751477,0.4062231798472112,0,2.761955767566748,0.9573572064729652,0,1.1409901207001365,0.5357076548536829,1,0.8294303257079795,0.6772388909632708,0,1.3416321874469355,0.45319637054681533,0,0.6236753172629765,0.34287836156455476,1,0.32045253326438833,0.13498059248262884,0,0.2731840004130265,0.19875454944221746,0,0.384655659601606,0.20870278715205118,1,0.2446167241387292,0.3737099180294798,0,0.39802914089898883,0.4169011997289988,0,0.27290485542575793,0.09952745222576365,1,0.5121163574989313,0.42829419927076223,0,0.4540570439151107,0.2948664957473003,0,0.4178671460671003,0.43583950341988664,1,1.7650570560333918,0.9443356895680237,0,1.6043089454486643,0.570219119889002,0,2.2944800990257583,1.1742299104124823,1,1.4339971677728964,0.49573023629523805,0,1.5227644143632424,0.6649111180442996,0,0.6781931602848246,0.18528285545866768,1,1.3224419771532046,0.9354658320096545,0,1.0988795985840722,0.6101766212966405,0,1.0030710331436574,0.38128560161225755,1,0.6153577603058615,0.3296545022755752,0,0.698456605866654,0.2546569719465079,0,0.4334834623517271,0.2747981959210087,1,1.5066867504346768,0.48669391750014934,0,1.069298085654094,0.5617366510155777,0,0.5835763712267726,0.19439112866906735,1,0.43218490138011917,0.44231439623577024,0,0.6101070282093215,0.4734675801265541,0,1.4117059558583815,0.6397446702952364,1,0.516360825694163,0.21150366283700386,0,0.7084776150022292,0.4603272764962099,0,0.664496708145432,0.3289778597096836,1,0.8972036391409727,0.5854681231744308,0,0.9109150398554245,0.7012646763678315,0,0.9374075610328537,0.5960588679544135,1,0.6174537101490026,0.23165549515304587,0,0.26694977366554684,0.17078175513060387,0,0.7237365502690153,0.29292215958905704,1,0.23073330804652134,0.21846431294188137,0,0.3448519401709379,0.28944972866071683,0,0.4118295881132381,0.36397265955149183,1,0.46780254153747175,0.34134605378779254,0,0.609772102025016,0.4979773987443487,0,0.5216219326373039,0.2704748768588525,1,0.5971378278481743,0.20636000715170663,0,0.11108203890935839,0.2092211267496771,0,0.1970828143502686,0.11651111759062119,1,0.19022172674032195,0.14293457140091195,0,0.18993822284765677,0.11261543167281107,0
101,250,0.9,gb,0.7934169322866471,0.030243291570442535,0.6051027573979822,0.4022114177706078,0,0.41634095510111535,0.2673723286598316,1,0.7439787819934708,0.2643878739424092,0,0.28932892907272434,0.30921050718196114,0,0.07909788962468564,0.13015863739986921,1,0.45261776598859865,0.49816641357811275,0,0.5699306258490884,0.6082633351234025,0,0.5759360273510261,0.6751618210130858,1,-0.14846647301236407,0.40798831405220015,0,0.17157376301441643,0.40964798085292103,0,3.524200773141422,2.90918572365641,1,1.986294804440816,1.1501775749785679,0,1.3368627689116068,1.2717002566569742,0,0.9192440019388293,0.8348186492701671,1,0.7928760643062928,0.49205543429134074,0,0.49412969836158105,0.36227053447881724,0,0.3222465788693771,0.375589330615881,1,0.3915134890285519,0.36632629813134643,0,0.7196271838577244,0.9727726871000821,0,1.4727352655467176,0.6910309357504768,1,0.5098266906109449,0.2967617440456273,0,1.8417377714559577,1.8679459892725958,0,1.1881688292298904,0.7544351579355044,1,1.3726985576861472,1.068301326653383,0,1.4751677710894593,0.8438794211263284,0,2.4966371247165338,0.9309098419488193,1,1.30270677211054,0.8727146313699204,0,0.617403628722598,0.3592915708453445,0,0.47077222900884197,0.3017040692396058,1,-0.0435903167705871,0.38496394321507077,0,0.3773562581181896,0.5507243078407212,0,0.7742246932845818,0.3007078173070448,1,1.9506998429700677,2.4578599820543636,0,1.936403179288941,0.9499746454066829,0,2.3026682690468157,1.4845284244022598,1,1.3941783422129008,1.7367172775794326,0,1.131460291773863,2.025595768171749,0,2.719915497328797,1.1850602424345558,1,1.516032728494032,1.4763122265615458,0,1.8429027151513029,1.6820800570572803,0,0.04872997816996973,0.9829138300792062,1,0.2880093339920197,0.5899410441674249,0,0.19178247541011711,0.14945819444447306,0,1.9307641948983207,1.5378879752599233,1,-0.033903315691641914,0.15737810544536607,0,0.021513869492270087,0.05945407862375071,0,0.6956502436232006,0.5507375811048307,1,0.41184875097886675,0.7549050370146388,0,6.525939748892324,1.8392273878652106,0,0.4247859065204717,0.5942873440603041,1,0.6320761303306781,0.9330142195526704,0,1.5911341035843822,0.8223776768737018,0,1.1266726479631644,1.3148461934087485,1,0.021597470119881706,0.07239483267931889,0,0.2236604699113401,0.24983369379737677,0,0.6651147989577424,0.37954116762982754,1,-0.2030450387904294,0.4359258321908959,0,0.61590602851221,0.49632968730659427,0,0.2264434348777528,0.28139053299595757,1,0.7521842822052063,1.0617531301395704,0,0.10719251651625958,0.1258132297684976,0,0.5928370515676222,0.4903121552702954,1,2.098282982717887,1.7649916707786295,0,1.466728632091193,0.9252341952477198,0,2.8781857175560654,1.2851530870463788,1,1.5312876969763873,1.7156022106077657,0,0.46812072262959764,0.4775150369437148,0,0.0306472080147557,0.3726862947938783,1,0.8538354929610581,0.7766554659418545,0,1.328492943725075,0.6773322104084933,0,0.31594838945487747,0.6148351013273804,1,0.8003598950111339,0.4418989146519946,0,0.12779299329081245,0.3983340359110078,0,0.17818233449299456,0.39794726333520075,1,2.488352694785571,1.7214507436023117,0,0.5927180336874396,0.6659320161802994,0,0.6211610391945807,0.6912663057797327,1,0.32134051285401566,0.21117674676644646,0,0.49731803316314166,0.510063797859772,0,1.1446879722215366,0.4745083408635738,1,0.06187656209572199,0.12619914405208196,0,0.4236794083804739,0.39486950006437144,0,0.5884779425690753,0.3726426114699482,1,1.1814425661783945,1.8452916469618452,0,3.457933080939173,1.6342170397364362,0,0.4006560101444063,0.19884032284273437,1,0.20626725110177335,0.35274823508646397,0,0.30357538955041063,0.34275142958186594,0,1.2223098201751994,0.32113677423470416,1,0.28959048461543646,0.32662530086106023,0,0.41790763016565124,0.4583684856335508,0,0.6026138307098737,0.3503521003687936,1,0.37689563618277055,0.36237310104878573,0,1.5320831171749671,1.3682255163514982,0,0.6928557663746763,0.27187492039196903,1,0.569289553097376,0.4640705595742597,0,0.06100337250176293,0.05006442328364361,0,0.0920484200697989,0.09606297583495578,1,0.20578312574588087,0.22247377417803643,0,0.031106932168908842,0.09341919807572079,0
101,250,0.9,hgb,0.8249047205786775,0.03114754100112295,0.3208892638994336,0.3690735609049723,0,0.3603160676709218,0.20138985653219954,1,0.7820771540383544,0.38268152833477714,0,0.5606218045907664,0.4316511227799613,0,0.27912314795271237,0.2195902642574702,1,0.10230338888160957,0.18061738882158565,0,0.7166631608426344,0.4489605870557707,0,0.8918080526457686,0.4217936632301537,1,0.14481806577422549,0.14238117186434934,0,0.16892304017508641,0.30713087891604857,0,2.7365618543435333,1.891581449044392,1,1.2240135246168635,0.3124007699384585,0,1.7731837296445279,1.7485672724239918,0,1.2643847001789417,0.7714559194997473,1,0.8468267908563286,1.2247207782280252,0,0.6220483971228993,0.3567306273974388,0,0.4412571934089585,0.49958112209406963,1,1.080002394387145,0.6908986040566129,0,0.1125702071654594,0.19434364541695076,0,1.148705666719797,0.6622880340697088,1,0.7136017870050457,0.5530711131111398,0,0.9861016824097977,0.6175003411059766,0,1.0763630663983768,0.6435473108511229,1,1.207163197304955,0.7015084827478102,0,0.8080194088846179,0.8141057688055975,0,3.013309092056761,2.2430648379589417,1,0.730502643760608,0.7285066846948237,0,0.40603176145799696,0.3720319000296795,0,0.4659553329700998,0.42974854760313086,1,0.16998922560130855,0.3522311882932275,0,0.24225053742298241,0.33753220123890176,0,0.710751998076059,0.970717728181793,1,0.678552512492904,0.6944445064828731,0,2.5332133464529085,2.458482729585612,0,0.8855724921561782,0.6696882511313416,1,1.1069427023220373,0.558477906724412,0,0.8131691924340491,1.3413322067599907,0,2.985762170584528,0.8587129683877915,1,1.333787494045018,0.8354258347530824,0,1.2596662317380818,1.0585045172979513,0,0.6058185802468203,1.1864131066778725,1,0.20055089799805823,0.2031822197034964,0,0.2215310483450625,0.20938316297559267,0,3.017095623707435,1.528763633990626,1,0.036328834163918425,0.13399989780555346,0,0.21471454832618692,0.12274452320192077,0,0.438102440730745,0.33279497543106507,1,0.29430434325482685,0.5091661065617216,0,5.067825599698503,1.7224218481005478,0,0.9824636947534244,0.9400065855248906,1,1.8912681303436856,1.5889560679617816,0,0.7706394101029505,0.6868258855028656,0,0.5380333828999456,0.4145360198185571,1,0.16967971116134245,0.13485831290026418,0,0.32411001619394403,0.3822267375557789,0,0.516295609450332,0.790463416908985,1,0.3521970246266359,0.3967776340799409,0,1.2686846504893416,1.118719702504085,0,0.3981912646460396,0.4528268701272652,1,0.35725313397142977,0.44225336704534673,0,0.11420177750538682,0.43027576268225387,0,0.2446164755304204,0.3042812295432695,1,2.2130316132727414,0.8002491787133443,0,1.6842016651155063,2.0220819858457832,0,1.8781029680800043,1.0021025355202486,1,1.0520402735547916,1.0385842923522415,0,0.926600110670272,0.39276863425003866,0,0.7446835784218362,0.6116512706099754,1,0.9380446266319771,1.379521339111525,0,0.8751123449366756,0.9108615533619595,0,0.6893955244334666,0.7804460953475103,1,0.4562075159892596,0.9559661963041337,0,0.47734196136594614,0.7267835622187301,0,0.07469677871805884,0.4996598082060428,1,1.4911591792535597,1.6900132241079986,0,1.49607090129073,2.178925990880369,0,0.9022158766694449,1.115660585885395,1,0.42864684459281444,0.6244159236629865,0,0.48390204765239775,0.4330799621277138,0,1.9078517026033261,0.5607287360555374,1,0.0685423419639305,0.09489790546685768,0,0.3942191586870562,0.38665634935277565,0,0.504171091224362,0.6845234095768709,1,1.1122477480974058,1.5662723908820329,0,2.998836095486449,0.9591258096081684,0,0.7409303503417112,0.5978481451339743,1,0.2215164598675723,0.3168766491164031,0,0.05147418522972984,0.1886036799742802,0,0.46723973061678803,0.6815334732303705,1,0.20916399538691022,0.2233185081989513,0,0.477591201049972,1.2906366402754967,0,0.6939182233639604,0.44638928687878354,1,0.8678224229004048,0.8375728506799458,0,1.4842062019343203,1.5373203495891594,0,0.42921356413273787,0.2609375062801797,1,0.5243229366921561,0.2694887048965033,0,0.28342330119413617,0.17454647465122128,0,0.7064655185320953,0.4100314289931695,1,-0.03971566796245782,0.16358762462263096,0,0.053300682214103855,0.04649207553945346,0
101,250,0.9,ab,0.6780916673128681,0.02538352417744785,0.21440012510725648,0.2936665729680839,0,0.21368696137167467,0.2319515275235455,1,0.19873298731171216,0.2495454142142195,0,0.04350401163273121,0.22330512762322174,0,0.27024620044462405,0.3763707456690473,1,0.1651658984559395,0.29230398221701714,0,0.1962934375621221,0.3594637131741658,0,0.47125579712637033,0.48055855553046484,1,0.13170923800278622,0.16579926707702208,0,0.0941833662347418,0.2274818302669332,0,1.9759136613860442,1.310887437227201,1,0.7131531182464224,0.5256070549753974,0,0.4229017810840928,0.5264578186714933,0,0.604552294607317,1.1603527805863125,1,-0.0200517547580092,0.2643919931620663,0,-0.04703065921314304,0.4254241815068505,0,0.17851217525565252,0.6130549661589805,1,-0.08395821596073205,0.15600064621651077,0,0.2344493636150967,0.36641973088895374,0,0.26981398317325006,0.5387401165141439,1,0.030648355684488215,0.37547046289977165,0,1.144358629872524,0.9042041130612913,0,1.4208187729818456,0.937589846722989,1,0.1871839046352633,0.6226402860357197,0,0.4676222916962744,0.3023416235082687,0,1.774326789693101,1.6196870474848672,1,0.2519496944990658,0.5606076753271647,0,0.16003787934384334,0.2229208726408605,0,0.20528892810076,0.2479725671249579,1,-0.46880380165356106,0.7951443755353662,0,0.44528367121409784,1.3238006695010638,0,1.1769496591063482,0.8937054353784508,1,2.837719965741779,1.6419837476268875,0,0.6964112654499826,1.073399451816644,0,1.271971252036543,1.3555533139573952,1,1.7740068303101715,1.8822454975120784,0,1.7352665409711379,2.5145613124179227,0,1.7509810683764993,1.2092070880948325,1,1.432625022954457,1.4589628458331807,0,1.4400518940070843,1.0105779957566852,0,0.9540613628718562,1.8474792594610396,1,-0.039701140030636774,0.2084839308384013,0,0.1478324200397346,0.15289414901706813,0,1.4644936851825359,0.5369188462402646,1,0.18370095221364907,0.4389438830402931,0,-0.06246850689628399,0.6407583728945935,0,1.035769905040512,0.3444031332871328,1,0.07254739354579091,0.3432726167470116,0,1.9833001025822636,2.1556588066064144,0,0.4732826179095285,0.6674183661417903,1,0.12318506787639087,0.9365107356249665,0,0.8903884383893763,0.6819735813337588,0,0.4678891252916043,0.973924007080262,1,0.29633539835695133,0.4577204562608962,0,-0.0745312791106275,0.13280704381923653,0,0.7515160971574216,0.8136244390832185,1,0.48020800077686704,0.4131184775513422,0,0.9721244904501056,0.9799789287145292,0,0.20799962759623963,0.2663896647356284,1,1.8405963405151151,2.9873619137404215,0,0.24962950119416183,0.5320793504904627,0,-0.033712638225628574,0.7140608258593791,1,2.4762168111997416,1.4093704479212648,0,0.31854900790371576,0.4320067373049024,0,1.8649440858800985,1.6790898276526178,1,1.6840777474119364,1.8976038547488343,0,1.2828237074398465,0.3902915446403414,0,0.23357356714674293,0.4537737622427629,1,1.2297722776787867,0.6721213624208399,0,0.46247241871722666,0.4467587946622233,0,0.5963083249548552,0.8322654167586905,1,1.0392994324123415,1.4103782974629868,0,0.3819874557806509,0.5424268654535835,0,0.08526635039055064,0.4102237827607882,1,1.47966546790049,1.0264192829954764,0,0.4389432536289187,0.6694296066748358,0,0.24921849425622908,0.6555531173308418,1,0.1734142361628474,0.23194732260640444,0,0.44694529438670577,0.6489903231226994,0,1.8824916016468953,1.2667640773430808,1,0.15495971884160323,0.11213670422187909,0,0.5212783924185838,0.8760028356988298,0,0.036984921018647574,0.3064070080841946,1,0.3506519060899633,0.6123053900667605,0,1.7389731576409564,0.8477214995029315,0,0.34762244420310184,0.3356863588772297,1,0.3488788469439528,0.6465652490362687,0,0.3109917912271256,0.34266569687165443,0,0.1110693607218141,0.674235364037731,1,0.2141139217948298,0.5765599015345445,0,0.07101910120012177,0.2723827787261179,0,0.1611231693929928,0.2939150360865101,1,0.4293978171966609,0.3688875747527169,0,0.4322503139453472,0.7948477660571452,0,0.019989210647466026,0.13288524981454633,1,0.4833220692353993,0.3848541725528608,0,0.07767665259194785,0.24793053429456843,0,0.12795536846655994,0.2416858136526576,1,0.029388003607758385,0.10089462101067874,0,0.0605841997105685,0.1726055671153635,0
101,250,0.9,bag,0.6586541265953221,0.079882887207177,0.3848013632901276,0.5767655171235277,0,0.26234223919559707,0.5351190117322141,1,0.6230855917034696,0.4522260390766595,0,0.6352205625482474,0.5438900867639722,0,-0.4623581139292824,0.6521485665462594,1,0.26437996874759473,0.2409695049525997,0,-0.07263791519879234,0.6255552639742321,0,0.2270392177515066,0.4623420960654431,1,0.4435328103970691,0.6531450006530924,0,-0.34524489779860623,0.8194750811246084,0,0.8470936524641592,1.2296320933702718,1,1.2955151650344328,1.329859129089472,0,0.7252100014238372,0.8501553603004316,0,0.11580125184509389,0.47432819971691853,1,1.5811723928220878,2.42788286576722,0,0.5149199664938016,0.6370245205583689,0,0.5930361142639844,1.7108086626474381,1,0.8056449321652808,0.8713811530218588,0,1.188470859174987,1.5416088579271536,0,0.5401866886478814,1.0819962071508147,1,0.6000030900207821,0.9500551827830378,0,1.2159150337861484,0.8232611820873512,0,0.5053629881861561,0.611017362372287,1,1.5398377830962726,0.9430887250150198,0,1.5323905283931594,1.8567090527408174,0,0.5407286599237422,1.4110273133945854,1,0.7480294781039364,1.1340176532981545,0,0.42471015654385535,0.6304953175761733,0,0.10937115755181129,0.8274108137539329,1,-0.3152411515959792,0.509400782229908,0,0.27775301484927156,1.121771945903669,0,1.2664878225899723,1.0785313029095684,1,1.66707428783493,1.972742758161973,0,3.6827589355748698,4.5711066038687225,0,0.5958421191203627,0.7065220837865962,1,2.845725052340552,2.4684134190303157,0,1.583291443067643,1.0333132940770458,0,2.76317315333603,2.3851355420530584,1,1.736633670019787,0.5328420536588827,0,1.4332353416717978,1.702560680912093,0,0.726442613111997,1.4102431954740469,1,0.3399827935400624,0.527880719505541,0,-0.12733049431218474,0.6323805150848844,0,2.0362305376094865,1.3812235318451858,1,0.5854804757583464,0.616901134794065,0,-0.16299225298676984,1.0090085283631847,0,0.08856096916253567,1.250102220574563,1,0.20734074575703643,1.7155547599555965,0,8.54141411770479,4.261634786887176,0,1.3859480973395146,1.3494654224753697,1,-0.023011611487989227,0.9157438690774423,0,1.1897996274300378,2.2980466782872386,0,0.7323927116355348,0.8611017608695825,1,0.22336165576795794,0.18130010519051293,0,0.38802480134449047,0.3805210004885043,0,0.3657268952682553,0.25512030382120837,1,0.022097654546478097,0.3962873721087916,0,0.2909979859477333,0.44683720962051765,0,0.029835612159537207,0.42776894147682937,1,0.3470403233791147,1.132602492735016,0,-0.12186881672439676,0.6134000870077145,0,1.2156734770990245,1.1877798568003768,1,1.0990799058166623,1.3190773534057376,0,1.469392409143434,2.0809452214620014,0,2.1897314352519106,1.232846384275146,1,1.1426350888568737,1.6350204673597069,0,0.5088150610820722,1.218602140767163,0,1.2141676257627896,1.5385159175257452,1,1.7708075060228807,1.0594499294705562,0,2.524373458947812,1.362418419123325,0,1.268667853951527,1.5667181711326947,1,0.16535802463833735,0.15470665617625376,0,-0.027244312809792937,0.43281093513075963,0,0.8849196427753387,2.798466464012325,1,0.9524888018700179,1.2623547327688327,0,1.9314307108229762,2.138243646115855,0,0.49370421679864956,1.2438377123889812,1,0.6019747123449952,1.2111202282182274,0,0.5719109179627532,0.6457151817163199,0,1.3121116778224509,1.5002431716502183,1,0.6112198529138935,0.913982940169662,0,0.4933892574968649,0.5428035204625691,0,0.21372021526224913,0.5073961939298346,1,-0.26323112916089436,0.7667803431697578,0,0.9132741097426825,2.210146357598699,0,0.4761397990231465,0.7599396555573484,1,0.77362857197612,0.3857374278687517,0,-0.06713333955347653,0.5516463904667525,0,-0.4057687991199841,0.9551662141888337,1,1.170994660907894,0.8120206255691607,0,0.09762757834326334,0.9680867085008987,0,1.117126619579866,1.0985980132745121,1,0.41476950223233827,0.8218414628896047,0,0.7639358724534133,1.2823713826735073,0,0.30780136357598575,0.7749444121899229,1,0.35628189148135336,0.3837895639439779,0,0.21321627613420388,0.3713291319599956,0,0.5997019469114726,0.9301996201986709,1,0.06776510116335213,0.22100624680284864,0,-0.0014870705551804475,0.5046954552205599,0
101,250,0.9,mlp,0.9805355395659037,0.00581665793617956,-0.007924312977491408,0.07094353927605175,0,0.8810620439426398,0.9497582549937614,1,0.18439945533575738,0.25108054157652787,0,0.1444675746076379,0.21159228872203845,0,0.15479599713301548,0.2735478147353902,1,0.039115701041586196,0.14019472627597407,0,0.02299168986516891,0.05674491899618556,0,0.8211384591446332,0.7529270958014819,1,-0.03209807967376792,0.05496974604098664,0,0.02087991509986838,0.15070410500028833,0,0.1407552628089714,0.2356907237262828,1,0.04196317586921692,0.1451939733519864,0,0.14027296005712456,0.2932617724836767,0,0.29926167230721795,0.34848722014273537,1,0.04133628749298379,0.08805898626452399,0,0.04919874621820121,0.1505606626806336,0,-0.04189446810278003,0.06741726064428745,1,0.09866898998746437,0.05227241755357347,0,-0.0037910869668784665,0.0502715080584321,0,0.7644897749569873,0.8429953549394255,1,0.022120162591408716,0.08398303399504506,0,0.17335878510448424,0.21460427656490666,0,0.25883318266955463,0.3958641767682639,1,0.09227678804690329,0.18213115341464292,0,-0.033417149137476475,0.07563140824037438,0,0.42111526383660863,0.43075804476021656,1,0.3403838480669387,0.36962577373434075,0,-0.027194582007026458,0.10923051995923111,0,0.14120475621149428,0.3039601565881833,1,-0.026703566385915034,0.072508615250442,0,-0.03110008609759173,0.100103761448758,0,0.6195448527870715,0.673845987775822,1,-0.01063442214017583,0.15704845949757332,0,0.03706579752169157,0.18037954712584425,0,0.3945371107972634,0.4954377261572389,1,0.08817070588419879,0.15144087809446774,0,0.27169927459768806,0.2493192840950596,0,0.6876755587137404,0.7183101103872422,1,-0.06159021595392049,0.09524476133131067,0,0.15008263857113158,0.23543437210997048,0,-0.05275984896824772,0.14732265481619428,1,-0.07379228028677262,0.11646793110313178,0,0.034045873295728515,0.2042619245733947,0,0.0965114508598039,0.1624484739492291,1,0.019255810611558424,0.12616696577119002,0,0.014781227572831294,0.1846910514789365,0,0.3358182954469302,0.5153755959666004,1,0.06070333785215552,0.18234791823659643,0,0.12547333694435897,0.17862202983082806,0,0.48038351533174495,0.5817992516851425,1,0.01831072853094559,0.06220460104678343,0,0.17121147439544737,0.10890724372779809,0,0.570222330394901,0.3283775062705647,1,0.19137347201049487,0.23101261605501824,0,0.11602288146320294,0.2900722989807898,0,0.5140260904381275,0.4014575396355963,1,0.1644283464311864,0.24596046797101068,0,0.2093694267508382,0.2538462565070478,0,0.1291393714049498,0.11979485189136897,1,0.23436570266151313,0.26106002061656775,0,0.11834979109121843,0.12999971091389778,0,0.5394143089266804,0.3636285222547991,1,0.12924779642320733,0.2383366773354559,0,0.13711141892202852,0.21151362510681532,0,0.29588370417902576,0.20356447425372268,1,0.32438351821931244,0.25937955125746365,0,-0.0037333656703813665,0.10808576013289606,0,0.16983364573356047,0.28392198338572744,1,0.05064538065122035,0.1859751211475995,0,0.20189294207841849,0.2748928921199366,0,0.3466004621299642,0.4284908219125183,1,0.06364974685406685,0.1435262074457429,0,0.09863639568224311,0.11308535346963808,0,0.23817494207676843,0.33312486072468744,1,0.06720470504894328,0.21496776987737506,0,0.25112666018719976,0.281194770327362,0,0.11883596339011113,0.2643762642917964,1,0.049056449662536646,0.19340396890176564,0,-0.049244849048092156,0.099627693106928,0,0.17726048396672464,0.2839266218726218,1,-0.0017815120506963517,0.06037582787020468,0,0.11066599087858191,0.1978854484338504,0,0.33416372758622437,0.2595074061550868,1,-0.04648676887136058,0.06679902819280352,0,-0.07732968456626312,0.11442595861021658,0,0.18915190905040552,0.27203757237079396,1,0.19355597065512092,0.1893220417390233,0,0.001748897204939338,0.23935200447866833,0,0.24356205689926358,0.29905061275369643,1,0.07458842263752255,0.2638695839604958,0,0.054191267583497585,0.24789939579636147,0,0.6762751775566179,0.6977452316270918,1,0.06649019560432241,0.0834589055726068,0,0.015318007928105162,0.05711053718357894,0,0.5467419792903582,0.5547127075137467,1,0.1705926883821551,0.15872278138471263,0,0.12111556456975021,0.0723510288069853,0,0.7258045931904004,0.7881953979613491,1,-0.015765641123227165,0.07513696655785734,0,-0.04173012911954051,0.14862031196572142,0
101,250,0.9,svr,0.6251213531453934,0.0544855228380244,0.6626417440925807,0.24152866274686302,0,0.61360105371136,0.25237591581783375,1,0.46447508093731676,0.3076688867648231,0,0.39359060650317734,0.2806005951494657,0,0.4954272971345398,0.20638679692621176,1,0.6023613967963923,0.39723452850341906,0,0.5100076211627653,0.3592733159754651,0,0.5711492046280647,0.2581661364165464,1,0.5351061472346217,0.3169221586927249,0,0.36815891195523165,0.2515990322638187,0,0.45640685332606923,0.15347411949590845,1,0.6225634689118845,0.1635940107574915,0,0.5376889205109702,0.15054026268810286,0,0.5105613838584345,0.33120474079860573,1,0.49105741480025705,0.23985292795719942,0,0.5474382902762793,0.19327974696103395,0,0.5530948640319695,0.25646212540726,1,0.580148284158555,0.2859888386776887,0,0.46771200740657803,0.28021565935719506,0,0.7513318822330808,0.2828062691754367,1,0.8989828697962953,0.25780906020835836,0,0.7196955913480465,0.30186327499322135,0,0.9581773452024323,0.29208711163767986,1,0.7601980941331525,0.28369912334107766,0,0.9040613460759793,0.2601509720606743,0,0.9652251007428791,0.3260639340091051,1,0.8433618406508991,0.1568647602090463,0,0.9611318807250736,0.2652499309886668,0,0.7661877631218708,0.2609961553162545,1,0.901260407489542,0.34956439502612624,0,0.8814588770628153,0.3097902346548637,0,1.119498690707292,0.3495624364716805,1,1.0156554937090778,0.2656786813553827,0,1.0175162627457248,0.21593536709714806,0,0.9614809227897545,0.162289329570379,1,1.0991107253097634,0.3118093302108625,0,1.13373758522947,0.23302340048245287,0,1.243373540996771,0.3409873132900779,1,1.074022993608854,0.4580443110853843,0,0.9093933720359206,0.3886602063069566,0,0.9831355275249051,0.4514404945140453,1,0.7579867984160056,0.4729932570840679,0,0.9146623394056522,0.3940432224954771,0,0.9918522555786795,0.38275192004024194,1,0.9384925828518644,0.29723260814362834,0,0.8257675063822866,0.29798085067181873,0,0.9951629724496025,0.3520338040374487,1,1.0481121050850721,0.27185195673920765,0,1.2840887660448286,0.27980088841413436,0,1.1245967579186078,0.2345863024234681,1,0.9395486974938907,0.11169844937522094,0,1.2357554126247827,0.13897709951752912,0,1.2573889689202449,0.09796188531223111,1,0.8853241599067617,0.0916332282435526,0,0.7851795155584916,0.14234968017465902,0,0.9063651945832593,0.23032619699910972,1,1.004842368272779,0.2680957621955416,0,0.8948779430451141,0.16800494454179318,0,0.780990357035732,0.1915311156232319,1,0.6707835268794743,0.18902990461226715,0,0.6472935126897085,0.2257088839500952,0,0.8339985722094685,0.2190831494377651,1,1.157388273534241,0.2738700152990693,0,1.16459504778332,0.3137133820237169,0,1.212262555648294,0.2808706971220683,1,1.2901195314786493,0.3259077032882533,0,1.336249507291278,0.38075041568734996,0,1.0182837525994106,0.2526713174670623,1,0.9899767571587329,0.2507425596853414,0,0.8862195948411081,0.2567454877203898,0,0.9003561581246812,0.41711145312738207,1,0.9010081108710881,0.3738152856514658,0,1.01778273973498,0.4460911468042466,0,0.8326411992695728,0.3709030100385216,1,0.7344545102845801,0.23679452823040736,0,0.7083481018319459,0.35059464793215683,0,0.8799352840950057,0.3813355931298864,1,0.7996057903134419,0.352350830935019,0,0.7176217874033222,0.2815141678617026,0,1.1129300245567275,0.30795573984104035,1,0.8051181903725567,0.25838193310750146,0,0.7289179456488235,0.280171031233642,0,0.8168313222416448,0.26227933601359676,1,0.8097495716566672,0.31764086456825524,0,0.7499524096253604,0.3468224113187358,0,0.819775962703674,0.2990993899109806,1,0.720833256585062,0.22882988062200874,0,0.6668548417860307,0.2524526817088034,0,0.9462339311792768,0.33079424537659097,1,0.6266458595641574,0.3211195597067301,0,0.6736787441241308,0.3289272596145489,0,0.6995440273762532,0.2248983845918414,1,0.6165291461769746,0.2601366391900721,0,0.6781232415972938,0.2892809838398919,0,0.6504617330734901,0.16252096996025597,1,0.8153780750632386,0.21553939647139814,0,0.677509781232178,0.23424935063012867,0,0.8155308799651205,0.21248366203979757,1,0.5335167273646975,0.15866324929451203,0,0.4253427305274037,0.14346390177663443,0
101,250,0.9,knn,0.8385054139797002,0.0207415738608689,0.26697656233974126,0.895812290909674,0,1.0635159312380453,0.4400040226488998,1,0.5440015498983052,0.6413216685235786,0,0.31664253043322593,0.6844238351964157,0,0.45652209851328907,0.8122744310102016,1,0.4260717367829655,0.24971117070542517,0,0.06703995556555906,0.8291868113977594,0,-0.3763790145982781,0.9442129773309531,1,0.0986878259851939,0.33767944773712,0,0.10899279506381472,0.493838163336594,0,0.782108158784267,1.077138302123815,1,0.6074168747423545,0.6636529342495194,0,0.7363410737608949,0.8975068922474084,0,0.8059856294039356,1.319192540624126,1,0.6594209429514488,1.1272484216481846,0,0.5877429502694278,1.2232994753802682,0,0.11822059787616102,1.1083948667154582,1,0.6200342233562923,0.35257944493248433,0,0.3970191844191859,0.31668125911446626,0,0.8737653909589232,0.7641054667441695,1,0.6826322026990199,0.870895125545169,0,0.6133082220917307,0.8822716498957969,0,0.2555024544748733,0.6673168758361199,1,0.6400014520076013,0.6171615080639867,0,0.6462626332394901,0.57455890642762,0,0.3016326543003355,0.5392284937536524,1,1.2918605083897314,0.9345686110465902,0,1.6488557566184852,0.5771158835753619,0,1.3046457017199429,1.209520069884036,1,0.6774751733747989,1.3913573253360496,0,0.5867260123879031,1.33090729546077,0,1.085375711509518,1.0234911835869451,1,1.067834614810439,0.7849271944811578,0,1.0384718480304382,0.984826749168512,0,0.4591260795698243,0.5354309677281648,1,0.9194691225059483,1.0771734264436994,0,1.412521964665465,1.3469716975745138,0,1.4269360738778936,0.9317733053325921,1,1.213431542032577,1.1766961180414626,0,0.9706703740616309,0.8394278278478305,0,0.7751090777682093,0.7710160033788696,1,0.6506047309272949,0.8386492450910764,0,0.9595330360681192,1.0320573124463908,0,1.1335531626320121,0.8548669631782102,1,0.9156661837779524,0.8917472247711526,0,0.8330617099316038,0.6776477884947535,0,1.213927937020351,1.1189208328683231,1,0.5766145697510587,0.7163439406402534,0,0.8760797203645302,1.2233772825195677,0,0.8352219747426652,1.0154735598420315,1,0.7190589979748176,1.082482264330719,0,0.8525922473910003,0.9089878332998838,0,1.0207671011536459,0.5178658813859573,1,0.8718252625583247,0.6349815310800837,0,1.1965940947758487,0.4763378490734251,0,0.4854318478198378,0.5329471718338739,1,0.5935454092498655,0.4687222634251431,0,0.7798655736489082,0.681720180390303,0,0.6505830032027939,0.8161644813591655,1,0.40429735231765046,0.5511269466172971,0,0.7239888301041011,0.7468805556700655,0,0.65397936155192,1.1092646881136348,1,1.0479840748232125,0.8657414388934817,0,1.0593689396975052,0.8942209066237922,0,1.139828434886223,1.099745056469298,1,1.4002589334250009,1.2165548893889608,0,1.554457581705945,0.7413765461147156,0,1.1575323433076767,1.0079530742903775,1,1.2701922636537848,0.42689422648370684,0,0.4335704097100182,0.6882014570037022,0,0.5127970618736224,0.6623013590967842,1,0.869169617419141,0.24125629116878664,0,0.6619928608006544,0.8418070528611334,0,0.5366756326962132,1.002360662383402,1,0.6813731906958111,1.1456855352327897,0,0.7240841177431956,1.6973615371272297,0,0.6412157093545161,0.8205731193855804,1,0.2944264995763039,0.7171642270496217,0,0.24679172634265117,0.7024542656959198,0,0.7196930289555772,0.6848056787356674,1,0.4395785784830843,0.23231694372348732,0,0.5434521100311616,0.6163281395524833,0,0.9003846378266571,0.3879499717836516,1,0.4600854384628709,0.46607702106861915,0,0.39962631523123904,0.3796369673076653,0,0.7848511063890109,0.21278728928094273,1,0.5837031488057768,0.5929590906640482,0,0.3125909825334291,0.5048358318410785,0,0.6389048963905118,0.6861960410367756,1,0.652439573790807,0.14187743554536247,0,0.4903010407565132,0.8308520498523903,0,0.7672434929212508,0.6573188643279698,1,0.4766543034322126,0.9120237414221254,0,0.46359605668140713,0.7156615080819161,0,0.22144859890977514,0.8451685281653994,1,0.01156304453332262,1.0023019154241768,0,0.5554809891909949,1.1956462941764665,0,0.08305237416828767,1.1981797437414046,1,-0.11806823052881041,0.8472124355832319,0,-0.09041759905175878,0.3026994888017875,0
101,250,0.9,SuperLearner,0.9891196389356063,0.0019718089872703313,-0.006612992535803995,0.039000597357205125,0,1.9192402051127544,0.7568249940338535,1,0.08059476502593363,0.09305495658067249,0,0.0733099953534567,0.06879967821079629,0,0.7233728194974762,0.2213592794044756,1,0.08126503148169043,0.11165183115257697,0,0.006928793237985349,0.019637564940179285,0,1.305644714003638,0.6557613799560822,1,0.017633321084548424,0.08183324399886834,0,0.02446146820552493,0.04201808328505682,0,0.949411202197308,0.4350718814778699,1,0.05675637293092177,0.06272495226399886,0,0.06510288631557036,0.14349528322318417,0,1.3755619204102565,0.462844432514763,1,0.03021424492939654,0.030694094037151995,0,0.06743047958975594,0.05901550746342154,0,0.2680283334773318,0.11210471589702463,1,0.17200714151567134,0.11363383554394202,0,0.026549882292872806,0.03833472789817015,0,1.2565932949775303,0.8873315203825576,1,0.17357502727658158,0.08990354625267429,0,0.03224345835297593,0.07305603624983599,0,1.3246836177012145,0.45072010846500743,1,0.009816369293421232,0.07980893959117429,0,0.015005018416896696,0.05768567197098398,0,0.9660880984904946,0.5482791153481862,1,0.20511114385591528,0.1624092947453168,0,0.007141403372840374,0.026434069399207002,0,0.8921320518321423,0.4519080827396649,1,0.029227820539356124,0.04834992939730277,0,0.011949385675969159,0.02722103671227559,0,1.6981978321693816,0.837053436295962,1,0.042913391344235975,0.05882143931788774,0,0.08111172114502008,0.1587868682708644,0,1.1088837043438822,0.6276581070264083,1,0.030132156353680585,0.06752254671677037,0,0.12338861857672215,0.08876768605713131,0,1.8643051581829464,0.7710039190275478,1,-0.01318734033040327,0.03551472957394389,0,0.11135047759126437,0.12302681164275243,0,0.39652718366368245,0.24910562502935726,1,0.0960660216335251,0.12504606449377362,0,0.1713669701979654,0.1700117996955169,0,0.5828287037598678,0.18343662441735964,1,0.06192663068019073,0.07301725557077744,0,0.06302655639990977,0.06523595210206459,0,1.0624632533924672,0.4953503215118045,1,0.03517371136924531,0.023832607304455015,0,0.17302806973835788,0.25673721104508807,0,1.3373633275835535,0.637516568647022,1,0.012862067010501379,0.022866877667208248,0,0.06119927193298352,0.028082972337331848,0,1.8031837300544349,0.43721064687748057,1,0.07187321781959362,0.06873402185430424,0,0.06864132205340855,0.06522003284549624,0,1.2254642793533783,0.41209283529974255,1,0.04330700003864081,0.046194049824540895,0,0.3538256567964092,0.3253006952231058,0,0.42160337030802175,0.1728354436701039,1,0.06180030123392829,0.047605681648538,0,0.04335977127448375,0.06491125751903196,0,1.3910619651719147,0.3270357526159769,1,0.04177860955035036,0.047350943964693915,0,0.05718106948639411,0.04961389095097647,0,0.9975686352605686,0.2836609145286233,1,0.17042118167518172,0.028780332335503676,0,0.04858993937381959,0.05183803705365607,0,0.7111265120939538,0.18103231877911877,1,0.01809405999599955,0.04486895211885619,0,0.02813271868200582,0.027909137858006763,0,1.2839846043544887,0.4522039111418712,1,0.063762243081524,0.08757088880456929,0,0.23490053150367007,0.12661600111003685,0,0.4158416972740107,0.1348563879563668,1,0.16593303759959288,0.12357892455594982,0,0.07734202298904806,0.05501898326213434,0,0.6903029879890679,0.24580832376291045,1,0.033344189724903335,0.036858538672552295,0,0.029903483772715917,0.018484920399247175,0,0.9886368318092277,0.5064250150941688,1,0.023573305724889932,0.036991802561064616,0,0.14098505277119183,0.07923251590687126,0,0.7631005987231149,0.23117567417478105,1,0.02150744746231215,0.0765415749246654,0,0.041728372957810934,0.07870714840056428,0,0.9060882271228394,0.49646116252980776,1,0.03368507727859946,0.05132347901387208,0,0.1523116869759483,0.06533946998097707,0,1.5671743996509349,0.22699739999542717,1,0.004299403812094989,0.0062626936121052785,0,0.00687898572464289,0.018693455866186936,0,1.4767331209935701,0.7790242734729715,1,0.12900501515560148,0.07247509446761903,0,0.10078801743221825,0.09740040801154919,0,0.6713070373127351,0.285259312047524,1,0.20856397931782644,0.1915689276812464,0,0.15995597907531126,0.12657286046875066,0,1.0913654713690237,0.4563749109552689,1,-0.006253992450309299,0.027735008184124693,0,0.039014275345682047,0.032120793025717395,0
101,500,0.9,lr,0.9930161069211729,0.0012994064185875866,0.061073422693791936,0.056285179545830656,0,2.313893556423454,0.7563002706641312,1,0.13436467877892025,0.09770511107399397,0,0.0373303520424558,0.0733490018388697,0,1.577347907941069,0.38364064552020893,1,-0.004438748016502585,0.02345482999566773,0,-0.0014423924926678419,0.01636774482101929,0,1.5953292093989242,0.31179939723801425,1,0.021304812869977256,0.017341587490087948,0,0.15383431744319084,0.05714377457297504,0,1.8506303411837273,0.2719110176055051,1,0.055705187975213545,0.023848772463288734,0,0.17607138267291578,0.09790317848357928,0,1.0611952008993037,0.32034556118833835,1,0.017854657389810673,0.02658006207970867,0,0.05615642954094317,0.04730804043359758,0,1.2794106234146256,0.14093604607900923,1,0.1780867518802286,0.10958503113456608,0,0.08940967974012655,0.060766763198504506,0,2.203686320961045,0.7272526336812233,1,-0.00013859094352419618,0.02391758663788555,0,0.022923307586847456,0.0558476844545587,0,1.8709243534695446,0.6037656782768616,1,0.11003487068240018,0.2175988569862691,0,0.07732096070293495,0.06555148625442685,0,1.5472795862397395,0.48014950216759383,1,0.07543002727281284,0.09861845394633202,0,0.024338492535207326,0.033714608290044495,0,1.3639736381543557,0.5882743939708625,1,0.21260972669866848,0.2050973912751519,0,0.051281361935977744,0.0672394884481191,0,2.4961131767812743,0.7388049722896922,1,-0.015158252188642984,0.009976324569751477,0,0.0699501979440186,0.10457439044770044,0,1.4761067472554772,0.3836061128677631,1,0.007067515261623887,0.017681343830601545,0,0.03846115936972163,0.056049856355009704,0,1.4701432958133591,0.39333706222217524,1,0.04870872724958538,0.06140198032174786,0,0.06773187349580656,0.09326623392219316,0,2.7073816262874315,0.7881290147180798,1,-0.012372506303867914,0.027749496909838585,0,-0.003308686818388448,0.01507841288127855,0,1.6391820673081738,0.5241875287692342,1,0.021058895237005628,0.03819420794099771,0,0.05359838788592468,0.08959048575163557,0,1.7485136326534687,0.4747802691118306,1,0.07470271925668151,0.07486625966788008,0,0.1769100083653059,0.07996345954974655,0,0.8910613240146198,0.3308512022425486,1,0.024328117481078628,0.048525226511320754,0,0.03078245528314279,0.05363340388657723,0,2.56391895646925,0.9379341596585488,1,-0.004392508781994707,0.035397173417921264,0,0.05659309558163108,0.06154367191210678,0,1.4020323764929856,0.4648883326924528,1,0.5277698549406735,0.2427500143135719,0,0.0948641227133284,0.07757836929473666,0,1.4220260852590463,0.37897421850672425,1,0.024619807005125515,0.04114140330027713,0,0.0035855629362793106,0.008277593713543861,0,2.3593302399585556,0.5964256885488642,1,-0.007402221327786817,0.010949962237226387,0,0.04590200836125858,0.03695499609306794,0,2.367159522799002,0.40206926300598805,1,0.08835470061829868,0.06510863520418761,0,0.07339207741730316,0.058379458636565594,0,1.7014879502417493,0.3276890483786396,1,0.12115368773930077,0.09080159368987767,0,0.17389073379104808,0.09973934986465566,0,3.8390373288267248,0.6966513902735796,1,0.16007407998842435,0.08506011560734301,0,-0.0003019563939613278,0.01115743764494758,0,2.0787182014467653,0.5650015960944572,1,0.019447780460416775,0.009912752101735133,0,0.10813692930341241,0.1424197211614251,0,0.6643756904135062,0.2701072073928812,1,0.01022110675593112,0.035431322192217105,0,0.04765954738781578,0.060384599208287155,0,1.8901237171914151,0.4459236257315465,1,-0.0007106050533071188,0.0021338796147389654,0,0.00288906861653125,0.008932687079433751,0,1.2304324664572026,0.3087694756655758,1,0.021400918912979485,0.026950257513490408,0,0.016695626090261585,0.024868708461885682,0,2.2899599983439587,0.46463097574864554,1,0.008863207516030078,0.009340800033238379,0,0.03424832786268765,0.06486220747573442,0,1.8817309052477715,0.37607349903260795,1,0.11528980397268122,0.041102187690836345,0,0.06203771253666853,0.038673393402206824,0,1.5974520327593564,0.1301924740457912,1,0.027368153267170438,0.015719663987334397,0,0.009515936555428626,0.012482404863960763,0,2.4857884069169076,0.5428792636252464,1,0.014550121901272764,0.014148807015452791,0,0.02066348007239207,0.021565457218630898,0,2.136863666099703,0.36760184635361465,1,0.013274789323411862,0.0206917797735758,0,0.012621368178723013,0.029887670383331556,0
101,500,0.9,lasso,0.9447267087967803,0.006749109483630184,0.0,0.0,0,2.7472911403024467,0.8508408964651686,1,0.0,0.0,0,0.0,0.0,0,0.6904474426185725,0.23834168864793395,1,0.015209419155751368,0.03041883831150274,0,0.23812063847103165,0.2913204209632919,0,2.436074881781625,0.7226278674188734,1,0.1581577701115097,0.3163155402230194,0,0.1460389824630133,0.27782827407239713,0,2.677502006316556,0.7739927860776981,1,0.17140478317547375,0.28540544711832977,0,0.0,0.0,0,1.6878313099528672,0.3427007834496477,1,0.03492069188550358,0.06984138377100715,0,2.990026856759882,0.910547478001287,0,1.2675908083162952,0.602752692072872,1,0.041551132059177806,0.0831022641183556,0,0.0,0.0,0,1.1108861617743209,0.24913457265510386,1,0.0,0.0,0,0.0,0.0,0,5.986781645364155,1.2030824063854704,1,0.0,0.0,0,0.6140216087136657,0.29852550028986374,0,0.29563512284758997,0.5263043249629955,1,0.0,0.0,0,1.7711790233914833,0.9331370388668042,0,0.11808984171440706,0.13947761602793046,1,0.5418696828751848,0.5073804523698671,0,0.0,0.0,0,5.274341814705929,1.3687008605666668,1,0.5397352105179535,0.5312695743936057,0,0.0,0.0,0,1.6947576349913132,0.9279865254335645,1,0.35396343017235854,0.1846012859302739,0,0.0,0.0,0,1.7765754690123543,0.6057355577238065,1,0.05012157248521933,0.10024314497043867,0,0.0,0.0,0,5.318593602780205,0.9090920716288403,1,0.0,0.0,0,0.0,0.0,0,3.113544780492566,0.6455004403812049,1,0.0,0.0,0,0.0,0.0,0,1.9093413974373772,0.5894894443722912,1,0.0,0.0,0,1.7556001972336648,0.5986524286457294,0,1.193026395629489,0.6670703492083139,1,0.21225470936473192,0.2817365253904221,0,1.251675440118873,0.7901170959930617,0,4.446137782773848,1.5636711647790276,1,0.0,0.0,0,0.0,0.0,0,0.3472387016340042,0.3595702737887567,1,1.2990153107154012,0.4187281774032262,0,0.3534877349434721,0.15872305468665765,0,0.10281000101364524,0.14259515970793418,1,0.0,0.0,0,1.3345817922867025,0.6519815210504499,0,0.4923927780500909,0.33726271991582724,1,0.731854988851755,0.47051043549875315,0,0.21986648862639196,0.3825172218224166,0,3.7843940898041213,1.2511795240472654,1,0.0980021454735934,0.17066821782283834,0,1.124704278257417,0.13464298663852753,0,1.26940435705752,0.5179017497406683,1,0.0,0.0,0,0.0,0.0,0,3.001991172942359,0.5693101845947415,1,0.0,0.0,0,0.0,0.0,0,0.7743278099709916,0.4783049133693162,1,1.4132475938456226,0.5056183636763514,0,1.1850131628300993,0.5748009708626395,0,1.1113294716791977,0.34695739308482615,1,0.0,0.0,0,0.0,0.0,0,2.368064975050429,0.15958179472428435,1,0.06215079968388221,0.12430159936776441,0,0.053172031165550214,0.06522333530134948,0,1.7344978463507044,0.6712383669447236,1,0.6339076858754921,0.3662176011450564,0,0.0,0.0,0,2.5489277225914098,0.253527800532006,1,0.0,0.0,0,0.0,0.0,0,3.6176889330780115,0.5293015150217907,1,0.0,0.0,0,0.0,0.0,0,2.5435941149608836,0.9941993714834358,1,0.012429553369091316,0.024859106738182632,0,0.0,0.0,0,3.9560583445336706,0.39391643576474294,1,0.15171855869813786,0.2458449931478152,0,0.109240101567972,0.12802887613195177,0,0.9041984062800426,0.3339531390809555,1,0.0,0.0,0,0.0,0.0,0
101,500,0.9,dt,0.3959260866555313,0.15026404233515592,1.280940001768729,2.358304009338419,0,1.7077788021196088,2.4262797154776483,1,-0.3323690105209028,0.5586130595151937,0,1.0498227366368216,1.3326607472857377,0,-0.29730681076988075,0.7442493817225655,1,0.7978855540181264,1.508324897224283,0,1.9952666489500224,2.3009877968977146,0,-0.8064915556473297,1.201777913583108,1,0.0652205365586072,1.3624366378915818,0,0.9765064361520903,1.5683900487694091,0,0.5558293650424962,0.7636289391634179,1,0.01602021819415562,0.9527372262570778,0,0.5701215263455642,0.8613906486452131,0,2.0262837702806604,3.0363779650512193,1,0.5568235393682472,3.23291589693341,0,4.075752900635287,3.0848241721211185,0,3.9258823706280226,7.078408996078488,1,0.9661560859775562,1.75397179345973,0,1.0908195936112017,2.4247290073548755,0,1.6765856283900935,2.3847503682618596,1,1.4856111563183974,1.9655355628632671,0,-0.31358274802539554,0.45830877701374617,0,-0.08603607827974638,0.5609889004415601,1,1.7022386865619676,3.306221951426169,0,0.9663634865617491,1.6229188722977015,0,3.6959831165395896,3.703827208598884,1,0.29188574177528537,0.4027542467837441,0,0.40765074571821397,0.43481803934814206,0,0.47252855679109,0.8374926009440287,1,0.034668198885294425,0.03732208277061443,0,8.97999259070022,7.870249781170631,0,0.4860043354386989,1.8531299699862387,1,8.12317389550573,9.932110287852778,0,-0.5724653937537638,1.2157955763782666,0,12.055922688347803,16.311408204569123,1,4.317931901206096,6.803448152560226,0,0.32629755874663413,0.5498073101422231,0,0.1344683380243247,0.6415740273176396,1,1.2981356309300043,1.4032843777601272,0,1.313212613747477,0.555822507699164,0,1.025696876776597,2.7772561072567994,1,0.3053653640125079,0.5375866633128269,0,4.505617783443676,9.700356830757276,0,0.051277365845264856,0.8141328868284394,1,0.3398685654413526,0.6290142304660435,0,1.5788356450753518,3.184902219480776,0,1.2982704754073597,2.2994066263516344,1,0.24080173326646714,0.3625232030771242,0,20.298559557565106,15.513625328477389,0,1.5842397570706452,3.140797234861418,1,-0.3337527581874175,0.8915416627829288,0,19.213053465736735,15.964224341099127,0,0.627637684064671,1.0053894090946518,1,0.4576129207265879,1.3109930363679254,0,-0.5195307589229873,0.6321771295200427,0,0.16306431903079155,0.4526849932498127,1,-0.8670425451826913,2.5464344965679353,0,2.1384693306185403,2.9706094541011807,0,0.020490037107176538,0.21313421201573438,1,-0.020946171847956708,3.290014946613884,0,0.6940320694990759,2.575148850554874,0,2.2829894816174816,1.757252412310825,1,2.9016734491300324,3.88017582067618,0,5.703288373349325,6.4198874432434545,0,5.205076794080857,5.438215004224552,1,0.4406302140645626,1.4039758422990627,0,1.5128370301025567,1.330202834574061,0,2.6364862499195016,4.905233971599416,1,1.201799443779807,1.331622958701245,0,-0.28048379033641185,0.7319243977065996,0,-0.3679636982622814,1.774603668425154,1,5.782569599922563,4.758789259513,0,0.503686565666128,0.6845708813078631,0,-0.5617812267776602,1.1944893966432626,1,0.09042896565538756,2.4498940164114655,0,0.33158181466405956,1.64901501741252,0,-0.4417799427106104,0.9959244640012831,1,0.16780850283228746,0.3235531370585889,0,-0.6562548340178788,0.915246804718217,0,4.858781277764436,6.330824464611257,1,0.9624244503473024,2.482237149426389,0,6.05897569273559,5.273570446196206,0,0.6583010156146459,1.1203193535285045,1,8.38613448605905,6.295203894113618,0,-0.05392699450950282,0.5838162168756562,0,-0.8432053562777634,1.0054655825967833,1,1.3521354478634904,1.5239261758828233,0,1.6473392112371261,4.150615153179445,0,-0.546953188129268,0.8750484968521919,1,0.2255883364341032,0.3673554075758682,0,2.102605476619035,2.4712029813726244,0,1.901465256008494,2.776826950461321,1,0.8892769394036314,1.5300632694050664,0,2.5303380989872784,4.48726749666211,0,2.8034492006011473,2.9680091260963546,1,2.217043977123561,0.6089000948575167,0,-1.045254288103577,2.9670878289606906,0,2.394984965456178,4.056122125437163,1,2.807830960067956,6.200988772343887,0,0.1950375290121075,0.4864004909616453,0
101,500,0.9,rf,0.7951051873492206,0.025527273106331617,0.30347904756574096,0.18518488665710373,0,0.5916909294500582,0.244695859091615,1,0.11261339067300953,0.20182507578724462,0,0.29566651440449465,0.10171411331054128,0,0.2618745010068812,0.1369929140523338,1,0.35538944035632014,0.0962920685410338,0,0.2997242868790725,0.12063383346472609,0,0.45927222255634953,0.280234862096769,1,0.4934746723769413,0.21580025551671542,0,0.3653643736779144,0.13164410103691992,0,1.0386104800463358,0.16429959455097326,1,0.5730670080307618,0.12614054464327132,0,0.8781409422802806,0.19713976773096686,0,1.3693046152407635,0.28294495820778237,1,0.8311343993124677,0.20350952146604886,0,1.1412502546204255,0.2914605383084968,0,0.6801190517989869,0.11965422970180406,1,0.5290538441546018,0.17316878105626274,0,0.4936331824865837,0.14881901687161408,0,0.9872116658773296,0.34348887547337703,1,0.7246484785668225,0.22761672785380985,0,0.5228789091826799,0.41511827826907854,0,1.689963999486746,0.5395865738384865,1,1.4152636437330655,0.8700054212479258,0,0.9700480263164755,0.37790334907705303,0,0.7369104996019482,0.2947403843227832,1,0.5703551713886339,0.19880055638632096,0,0.942982964774145,0.18771826479779016,0,0.7602888962032498,0.16103433663226602,1,0.47171000167671284,0.32638200702107795,0,2.2246181453759957,0.7350634574836094,0,1.1743576819676158,0.6578339456508192,1,3.2573476324027815,2.0439283004743447,0,0.44655704217487147,0.27454453593198314,0,0.8402179273848329,0.6929130314042466,1,5.017595140607125,1.244430833962056,0,0.5570829445416761,0.47561979330445553,0,0.5536609449876486,0.3089298666247381,1,0.7995506608661744,0.6355315155759984,0,0.771393647684375,0.2537391625100772,0,0.9301995288931696,0.5919105383433593,1,0.3388519028252547,0.26276376086057807,0,0.9702999196897496,0.7176452241332174,0,1.6046826075801903,0.977972023458798,1,0.6931312271199774,0.39753449649871075,0,0.4768534878403396,0.28838255930081813,0,0.36581441484503047,0.19258457072147617,1,0.18752319861024452,0.31322393109170604,0,8.587040802812247,2.7857740613992297,0,1.3368484031072474,0.37141588376035595,1,0.5036570269231243,0.31991610870459414,0,6.798747711465606,3.754840853231336,0,0.4873866006717977,0.18194477982327883,1,0.26048336764338764,0.1815490270926255,0,0.070214471989608,0.07131203761437696,0,0.23768254908856762,0.1805597771685864,1,0.21826490782361646,0.17474435571939909,0,0.6507093445275479,0.15379985083587905,0,0.4171108595600619,0.14683868598007663,1,0.6004289929170475,0.5830352078756749,0,0.5036805141676604,0.18513663931610141,0,0.7190220599074426,0.34735908023489415,1,1.7684294409557482,0.6312261232003241,0,1.3319680751439944,0.6079694440947617,0,1.166179512477917,0.6589213321295664,1,0.7620217013775707,0.2271468647979179,0,1.1257104621473497,0.36251369112782267,0,0.6218235785021753,0.40066698130648387,1,0.504823172074224,0.20476545347911596,0,0.6691540318900916,0.3475063027139216,0,1.1175369237590214,0.2947282275496781,1,2.506237565110103,1.023339632495071,0,0.45344759663573875,0.15093285597349176,0,0.714657015428009,0.23919884037760678,1,0.6876082450998485,0.19792878502564354,0,0.8269532499226653,0.504426842543073,0,1.0603373915372525,0.3719130717494541,1,0.7955810638334697,0.29677243847130974,0,0.5712228610699827,0.2256571854371927,0,1.212047261037051,0.24173915306064647,1,0.6801113899106761,0.2155582809649823,0,0.8259602938186605,0.21308475893571277,0,0.5583264559695189,0.2786844675848381,1,1.78409549302683,0.6905548111967597,0,1.0485064924367733,0.45781207412228864,0,1.3637405943986773,0.5407791791394988,1,0.6118122344485063,0.268262237092714,0,0.8035768590709139,0.16682984999143838,0,0.9413423452165548,0.21748930590760387,1,0.6789088931795872,0.07964199031653323,0,0.45363148818433235,0.22126901569198468,0,0.7571968882248777,0.21629710731686366,1,0.9175095775815152,0.3287116139498406,0,0.8713219858156803,0.26466899967189306,0,0.86932379895103,0.29145367275015294,1,0.7572561413980744,0.2031206370305563,0,0.24536555383191772,0.13363533657058171,0,0.3321778652260763,0.14371975888576904,1,0.21308420377148166,0.0463532231193307,0,0.027537316684794515,0.04794416516624449,0
101,500,0.9,et,0.8285711010546832,0.02783288243373233,0.29741493211760905,0.2835965699892625,0,0.5173921366131472,0.24184928906644887,1,0.1824167143158293,0.16512504022986182,0,0.27599069263827825,0.20468117600091706,0,0.3242922829295564,0.08544489460230918,1,0.315662543620485,0.13064426857307285,0,0.4857923064380218,0.19298168759355275,0,0.5049643122579687,0.1152541877993876,1,0.49368573705381846,0.31455950676165284,0,0.6329068747626361,0.32716908562250274,0,0.8742495009048895,0.3876223914927451,1,0.6999773707396918,0.12390528594634713,0,0.9346971679938696,0.23840311256641045,0,1.3372347535816798,0.1200830515183468,1,0.7509564806437763,0.24241646268116143,0,1.534852810994781,0.49928017559840365,0,0.8616813364241451,0.31696302385118236,1,0.5965289648557943,0.3218004112470227,0,0.7097082865045474,0.21940620403199182,0,1.0292331681677764,0.39734814206773805,1,0.7924230311972995,0.07185983334828754,0,0.5596861083679445,0.30188954392744366,0,1.2820835935019175,0.3146491120611986,1,1.0519923620539315,0.38028973811199573,0,0.8268490230574267,0.16127924562495927,0,1.0952421240688741,0.45273490713628606,1,0.5647160431067392,0.10887464177834828,0,0.9982569513091626,0.35829936379940636,0,0.7943467302168894,0.38588853573159815,1,0.7307016826849698,0.1774654796352458,0,1.4224872333192533,0.5432897263875783,0,2.1159482060569013,0.9770424407973397,1,2.3239732039302163,0.8255197745211169,0,0.6356706905000324,0.41512201471692217,0,1.230403671785235,0.6655547731871869,1,2.720060402467662,1.0110172077810813,0,0.8238691643270275,0.4205093318498198,0,0.4247776393505692,0.324411844218264,1,0.6033971222970942,0.3039079690610154,0,0.5120315234172155,0.24356899630294954,0,1.1741911034108585,0.720579394083323,1,0.3574473726113906,0.2922963174695989,0,0.9855167253314271,0.31930837025362074,0,1.9070528533296127,1.0261364159398998,1,0.5236149063373532,0.34629942097582816,0,0.6487158053581839,0.4300375902433359,0,0.5674732357197065,0.3642012391548909,1,0.284428711101531,0.5586775076007949,0,4.496001998970403,1.800576413437567,0,2.177323476453806,0.740084407911037,1,1.1361276855392248,0.5278683068593375,0,1.8927165912265511,0.8157235373407044,0,0.8781787761741636,0.27842303230085563,1,0.2699556960672583,0.13904383786577532,0,0.3337796346241892,0.15353090998713634,0,0.31617746009944614,0.15967991708256382,1,0.42145769053617155,0.15911386974693684,0,0.8035795546404196,0.28602986815798565,0,0.33027444309768805,0.08993994578671953,1,0.7045431543580559,0.1530083534312855,0,0.4765350621279977,0.2621523714912703,0,0.8442349844360061,0.2029419268582669,1,1.7511911855981073,0.3688468017383016,0,1.2698629117260043,0.4053401867249667,0,1.434415571607428,0.4002584328231337,1,0.9631203628796398,0.38884160761707093,0,1.0038249330472002,0.3552298738163175,0,0.5740588219428372,0.1306291602389714,1,0.823335948988736,0.2552325221016492,0,0.6263645676377079,0.15827301303889219,0,1.1950838849408765,0.47965631029813377,1,1.4958839066576093,0.29992112692875655,0,0.878150622151314,0.3325347939949355,0,0.9688507065832048,0.2950215541512435,1,0.8091195445296435,0.2601332956833909,0,0.8358156390967556,0.20193127166002137,0,0.7658262682337457,0.27268415998401513,1,0.37567009043650135,0.21164326271658868,0,0.4688585209174322,0.1419541822244503,0,1.26826775891445,0.40816346337597686,1,0.6064681101558216,0.24311045409854407,0,0.6353133833016612,0.18746692057369163,0,0.5677483477778338,0.2134196465986479,1,1.2601177572987599,0.5286003581195301,0,0.9620940758052503,0.1911879396164046,0,1.4611281459162362,0.29839449170077237,1,0.8406487219877308,0.12029494996799998,0,0.9438072841558285,0.13849476854420176,0,0.8697795871472673,0.12327759455060064,1,0.6539187105663207,0.09039871052306568,0,0.3346435226964016,0.13112106191937561,0,0.7907487531337358,0.09808646863210425,1,0.8456050652403292,0.153632754177574,0,0.6427690024649847,0.23033593773654598,0,0.7002791106407267,0.12546444583564786,1,0.6078344099928488,0.21040349239350328,0,0.46161527646361494,0.1625445709866445,0,0.2756628218852687,0.13989756808358653,1,0.20393395243092619,0.07784512384936873,0,0.08097382677627962,0.04261727465218021,0
101,500,0.9,gb,0.8677155116267354,0.02278203551126372,0.44908503199445987,0.317923832653903,0,0.9442372697939085,0.4971173645397148,1,0.06579520291458749,0.06023391941382069,0,0.17066152463155576,0.12531684804224738,0,0.33080661067333267,0.2910094003303611,1,0.2975864954760805,0.14092884767232705,0,0.3161829673912898,0.15846684992758744,0,0.7749358630109011,0.2339501989231978,1,0.23381536856895518,0.2933518135653565,0,0.38875660255929395,0.2576213882237325,0,2.3058302924982006,0.9267207478872588,1,0.4517959924760337,0.2843045659908473,0,0.6782452407836174,0.3653079287039741,0,1.9766811154619437,0.962918886057672,1,0.5313786146394262,0.41630999796397944,0,0.5272985967349665,0.32078384754771344,0,1.5162463019866526,0.49852233753667535,1,0.2273768102911456,0.22667156984120962,0,0.4600151407715719,0.37555748530686056,0,1.8475002687591977,0.5106823678622866,1,0.2638235804875217,0.22559726175773548,0,0.3153729195744561,0.17759910735458606,0,1.2054630368747639,0.3708285151274721,1,1.540528713449844,1.2186668404812737,0,0.32256410060272084,0.22594973646351088,0,0.5827472790323495,0.5516623575993076,1,0.23505514274975597,0.293733527406986,0,1.1950962260985503,0.7922601965708933,0,0.5329529507623829,0.4533216134778352,1,0.2219333843724364,0.2339314080591752,0,2.0230927959264453,0.943172570763495,0,1.3564645975485534,0.5761145446809579,1,2.5802806847225086,2.302184439450635,0,0.11513084024281897,0.1898241995076189,0,0.899043552843451,1.7449790845492437,1,4.012082960642938,1.3197999723864826,0,0.06396942018908136,0.1405578659132535,0,0.3756248395456777,0.24751905808652358,1,0.7360440265500581,0.6577688478732857,0,0.49919388801056,0.2870662499057947,0,1.5195218072089234,0.7833058910149477,1,0.07419273810076855,0.28849054462150564,0,1.0688774037070337,0.8233216986744444,0,1.527927477558217,1.359611163427088,1,0.4907923809458842,0.5301269581996085,0,0.5602329871968849,0.6056684521934524,0,0.1520002337838447,0.17597653339054373,1,0.13056209636719976,0.12655614592483927,0,6.709556289190644,1.7889108189941094,0,0.6782908809334472,0.6943756382918386,1,0.19746595860003807,0.22033874158422895,0,5.031602474459054,1.207575222115913,0,0.35019684555022906,0.19805533924498078,1,0.0764418981287647,0.08599271993570771,0,0.0399728248390464,0.05397334854126506,0,0.07371678042119964,0.06663571471210203,1,0.5261263705154358,0.3122139153598255,0,0.6344082931228187,0.43585676564206266,0,0.6528385921870953,0.3284499620108703,1,0.174249493793963,0.27575862924218075,0,0.3998891077297929,0.2167307981718405,0,1.1625175009053392,0.4640120723240784,1,2.577326468048742,1.490302276329893,0,1.9684347137618545,0.5813723557069712,0,1.048387826490472,0.9973673988845981,1,1.3276049452927576,0.588946172500676,0,0.547737075982788,0.3489738340601401,0,0.2922126889899702,0.2659833653136336,1,0.3268636404973481,0.18087261250435546,0,0.12479179951081769,0.11752921176077216,0,0.4893699493815246,0.4469363393220718,1,2.5404579450725278,1.1111355664193727,0,0.4194532301451853,0.34273499240244976,0,0.541136972953428,0.48427056777429645,1,0.6129981331691784,0.176086585560884,0,0.7498023178879537,0.443949877589842,0,1.1031303916458899,1.255283926302655,1,0.19055808738281907,0.1714852380482504,0,0.26270416914040856,0.20468000706914077,0,3.2059234099078546,0.9888756389362588,1,0.25652392943123054,0.17013831380465094,0,0.9673672662069734,0.8800738272880253,0,0.33557546091273865,0.2758355079557131,1,0.9420280311646121,0.5511095371161162,0,0.6604263349802524,0.41676278678278705,0,3.0868166623186744,0.896889822624484,1,0.4831695018087057,0.28225009239749166,0,0.6334560172666752,0.250333284597493,0,0.81525386289978,0.5772121043101511,1,0.41796444314541786,0.18222362566830627,0,0.3510212626952407,0.24363533885667352,0,0.6772593527341122,0.23243537038888223,1,0.887037067355001,0.7564634361992242,0,1.0696865487168128,0.6345776691341495,0,1.1339846008536987,0.5749154496592267,1,1.8280488870918794,1.6840774373221374,0,0.05104283516569087,0.1007645897765991,0,0.4319806342287588,0.3300786564116164,1,0.12135623664714927,0.09095980904065927,0,-0.04990639057345358,0.19599015463004507,0
101,500,0.9,hgb,0.8728101827432923,0.016030887372706765,0.4356440299120596,0.1873558852705249,0,0.9521194731725849,0.6305501965088611,1,0.251659790753557,0.25742405062095597,0,0.2684642751006465,0.11454022005364749,0,0.3517589326471942,0.11520343057742671,1,0.27033917894931775,0.17375873339452383,0,0.2988565749561668,0.2540918092823643,0,0.6322443174430422,0.2569513568915552,1,0.24188500947317498,0.2526336139901528,0,0.29252994457149606,0.24631823005896306,0,1.6343780461776791,0.5282372652652757,1,0.506857493853534,0.43730728564094307,0,1.2594030498803517,0.5219089325868962,0,1.3803802598404615,1.0626638289928048,1,0.47304065828593733,0.3451597670514744,0,0.7399014677090039,0.5688507404085812,0,1.4461244488748082,0.32097344561053476,1,0.32447722500866644,0.21034097227243262,0,0.4447196055198841,0.3164982071126679,0,1.6069662513631875,0.9336967442975785,1,0.36130403105931264,0.12548720157655863,0,0.22623244712340376,0.29687712732844046,0,1.3449774192939188,0.3224039632514537,1,1.2822354458533733,1.3808686234592156,0,0.41877523529961413,0.3378695571176676,0,0.83402439277677,0.6847911628258542,1,0.1869722893357462,0.23404749932509852,0,1.0356274066324107,0.6246634896798479,0,0.6721949703713893,0.4077923068036061,1,0.025386253884579775,0.04160621112274612,0,3.1328264648631228,1.301349874118288,0,1.7881348152013392,1.5062955682635122,1,2.2080077994383474,1.6098691246913384,0,0.08674403629163632,0.12073845074902927,0,1.1267039448408287,2.230379069221987,1,4.755219789144256,1.9076040044600404,0,0.015182525681290896,0.13231029213083265,0,0.17448115276374285,0.15790629606341727,1,0.39039291480753635,0.472468717382617,0,0.31860107395483245,0.2300696212438924,0,1.3456638097997133,0.3563309239098134,1,-0.03624735786238012,0.3568949471760196,0,0.3885998910162481,0.48522497779798557,0,1.5564177683464455,1.4402744771925813,1,0.5182592393339085,0.4522623482547953,0,0.3264455430760897,0.3149974320842905,0,0.10856561546652457,0.05990033778802067,1,0.2065571971025971,0.11808870790488382,0,6.192541884707977,2.8550301770644375,0,0.36790325898675713,0.23052389006802942,1,0.15895348971389595,0.17092336689018695,0,6.257580164749988,2.0274344480777695,0,0.45938503263609853,0.42089719458689934,1,0.0037502347783399713,0.04854441668654031,0,0.002760843694275053,0.03534835646867631,0,0.15851036411007918,0.08665734143538895,1,0.3134493387149825,0.21882876893294026,0,0.9259583165724014,0.5350681498913327,0,0.5229572491678729,0.3623768453213943,1,0.22661393586055292,0.19525594479883532,0,0.44936225175581146,0.24622060059934298,0,1.317871783768818,0.7339391588259491,1,1.9476763414773086,1.0469038572940388,0,1.262126283583134,0.8990280892458844,0,1.178893129219147,0.6273465241616788,1,0.9314389852213016,0.8898022985372818,0,0.6865559707191711,0.5737778791645913,0,0.6410520364534962,0.40122688949374247,1,0.36677505635491975,0.23946714024591137,0,0.35161982526355484,0.361774929185465,0,0.5910373661893533,0.3131741089691273,1,2.675608173993038,1.0222805558525803,0,0.4184371822154887,0.4046206127391787,0,0.7111490391151157,0.4347113127026729,1,0.31703080175840836,0.3107236387692956,0,0.5735157153170676,0.1988312250060396,0,0.7578086224062133,0.7934257376285404,1,0.5386492063510089,0.24889318752705025,0,0.42740345772496957,0.26596294492617323,0,2.5302356423868604,0.7674391481464958,1,0.3483033346810241,0.25978797657758024,0,0.7569723055297246,0.4523133181631168,0,0.13554154867034202,0.061986355097870136,1,0.7203355530049661,0.28565372818309936,0,0.44757044954125763,0.09354001677536251,0,2.6548922381802003,0.5005391245808959,1,1.0513788279412275,0.23396027036610142,0,0.5798328210400596,0.6539476972098884,0,0.9596086071988486,0.6652814021731782,1,0.19827512436278982,0.12275835444519469,0,0.17634181461927687,0.22927994116340916,0,0.6713378253006045,0.11045764531024035,1,0.6708211458528662,0.15463612486856151,0,1.0710523930033802,0.5858940838262983,0,1.0273907210828355,0.52328696162574,1,1.001284670445514,0.23052540702744106,0,0.17352873950104925,0.12588813812893443,0,0.36326621407340304,0.1347464005687177,1,0.2456938909554045,0.11516177881686834,0,0.08003978894603006,0.037825052475844216,0
101,500,0.9,ab,0.7536281801138414,0.014916708657384748,0.20550443473399546,0.3799328625726855,0,0.17268199200947962,0.24607848372281904,1,0.05486958021682716,0.09692009976466606,0,-0.03057811875350012,0.06115623750700025,0,-0.028458645063906145,0.05691729012781229,1,0.1331292183612623,0.15078104897620412,0,0.06892989299068678,0.1111744280411908,0,0.2123886038577707,0.24034409761801168,1,0.032390122863898196,0.08095119227183514,0,0.4342930001060942,0.13237348624545373,0,1.4740607352155282,1.2559746417135125,1,0.4132843155126035,0.5159667159679033,0,0.4579011929986286,0.4270600736801968,0,1.6323600166760541,0.8334429378247544,1,1.1232754095457582,0.7808392782232595,0,1.2973576878067679,0.5775428023133149,0,0.6555351526049751,0.8310971596182881,1,0.7933772755560049,0.4520402809176714,0,0.26316695017135083,0.26641746338799577,0,0.6650396924425295,0.29642195436353047,1,0.5037078200879652,0.545126530900738,0,0.43323876861619154,0.25158230639883156,0,0.711531409698661,0.7570333320308036,1,1.7202091399897532,1.0645863065421188,0,0.3096827088883097,0.3052220355541539,0,0.3200630851144498,0.24992654483888838,1,0.10098435609703435,0.1134797691034144,0,0.41966969878403415,0.20155165049214566,0,0.8163105167774672,0.7149080493914244,1,0.16073217188811068,0.34712342591191003,0,3.0161483025006435,1.1250542519625857,0,3.7057348166911686,0.7797283540224537,1,2.871869531988664,0.7217851692846746,0,-0.041873013708376816,0.19732959284402848,0,1.1509339716390983,0.7574359023152428,1,4.269196044413571,1.123294173326743,0,0.39249887540435396,0.46923742475143065,0,0.3670511126722029,0.6175436825722599,1,0.36458966841482116,0.31332576917916655,0,0.42763127961354924,0.4022714473321429,0,1.5631368886861658,0.5648652304677366,1,0.3070233995563203,0.32658472459717935,0,0.9813504297051938,0.7129520677342961,0,1.883047264278968,1.145716183172464,1,0.6552496807392775,0.9540949599398024,0,0.9665829418223492,0.696350207486066,0,0.011422911288564878,0.044143865389104475,1,0.3193633440844104,0.27122575934835164,0,4.295612328109993,1.465433010097717,0,1.379136014301301,1.2092872899465528,1,0.16039435884155792,0.4412987407684895,0,7.313210846660835,1.9431578662495033,0,0.5339355176409432,0.3282280995272862,1,0.1775672281195085,0.15425014827204583,0,0.23223247299369407,0.30099036730947026,0,0.2713230759896348,0.4436474297595615,1,0.027603894052087387,0.11973618514055542,0,1.1555796979520503,1.0368753425058934,0,0.22648006800628595,0.17736881116856265,1,0.743587225275429,0.34458919686765843,0,1.0346044584018965,1.0952427316431796,0,0.6819639618521232,0.4458467676370927,1,1.5086232163271878,1.171551495936955,0,0.7298682191654358,0.6267006055788042,0,1.2010431812409494,0.9087516334316914,1,1.165774867426965,1.0297927057890686,0,1.6510040345540944,0.4306818755627681,0,0.3883591063941147,0.4410648251812525,1,0.2946240258119728,0.29407588273553953,0,-0.08409774361716078,0.13822042474909918,0,1.0193189090768353,0.718835005281148,1,2.8398665030580226,1.095984750077744,0,0.5990711380927947,0.5760444132379706,0,1.4192543988433126,1.0861334421755207,1,0.4825170194887035,0.1674440015271875,0,0.23343165598650648,0.6031552781286103,0,1.1022881212010296,1.3321438293160774,1,0.5989117427060116,0.6401481314343849,0,0.09332013644280747,0.38704711287569815,0,1.0969031605355137,0.6314542804489848,1,0.4323764862955298,0.23833728228603562,0,0.49256520400228,0.4552816477089492,0,0.4119253074518759,0.3745634184842405,1,0.9324782052321055,0.5000515473158222,0,1.505779938346948,0.6544012468712023,0,2.2449089440177983,1.092602864957971,1,0.9267865456084727,0.3401034869656575,0,1.0147372209652514,0.5511317817132075,0,0.5308117890133719,0.33977739274028496,1,0.10013857609280256,0.1923294812628856,0,0.4191449252127339,0.25119213525123707,0,0.6070319820721959,0.7747227158767483,1,0.3374648664423359,0.3728395911273358,0,0.5577665588259658,0.4582019930109189,0,0.8654601628002094,0.5047380546809291,1,0.6083088128682611,0.666601937981301,0,0.07862835207289512,0.12255568793765813,0,0.19042770825356767,0.2264138356675428,1,0.054411901238762286,0.10882380247752457,0,0.019630420879445068,0.039260841758890136,0
101,500,0.9,bag,0.7294853314294548,0.04134130143784554,0.45493405345281435,0.6077462848681323,0,0.7604011533502746,0.9551544814727349,1,-0.035586501313637275,0.21201192491199758,0,0.2032133560556845,0.5340251361128296,0,0.18585272617285237,0.2270767142755358,1,0.4802525731112063,0.6284640649347811,0,0.43465503612115713,0.31192968871621435,0,0.22705381845598516,0.6831059077233379,1,0.8237328168611601,0.5720209287377249,0,0.5253990914908906,0.27606226205871776,0,0.9178622678492928,0.4038981831062732,1,1.266648353304026,0.7141328165645997,0,0.2915873022893375,0.5542852368776134,0,0.9013498296882501,0.6295965997726569,1,0.9928903464097509,0.49293411578485596,0,0.7867204797082599,0.31102134713875207,0,0.5510223162299358,0.7515535276334758,1,0.4843877242003793,0.6673449387326518,0,0.7087264169966916,0.863241467044198,0,0.5808716292582443,0.64555091126678,1,0.6763552029051926,0.45198626449502294,0,0.5627466417138532,0.4705456115795549,0,2.3653366804138303,0.6210099851350519,1,1.3284334055956157,1.5682073824289553,0,0.3944533362036287,0.41454311913855324,0,0.39926349895358937,0.6783340763685838,1,0.3948803185128001,0.4998417880197232,0,0.6313957585008414,0.4155741259158978,0,1.0841657092842087,1.1489320590840622,1,1.1162027739334572,1.2585016899861383,0,1.9101516817079325,1.2004603777806437,0,1.0683322618727429,1.4685196162436587,1,4.118416126224024,3.5866161833419956,0,0.6320162066701321,0.5370557610099925,0,0.08844393015346932,0.8258243092563061,1,3.7086725025601455,1.8455640062166003,0,0.7585556394499504,0.6643578787324388,0,0.3553584965954446,0.6757345909324366,1,1.1398606846645967,1.5174419763617546,0,0.9979452537927042,0.693065258527532,0,0.3673256508888473,0.6941405188441,1,0.14586545333837356,0.4022891463436186,0,0.6219335589520123,0.9234840089938671,0,2.457137831751842,2.716594516938046,1,0.23491049561567148,0.47277311911678854,0,0.7208695060721141,0.4888333562781416,0,0.32910074181045273,0.08438516072215413,1,0.5209838313725961,0.4911344181418328,0,8.575305146485583,4.998857132325391,0,3.1656521641150746,1.5684688827802535,1,0.2266798447645216,0.33891014561797866,0,5.4244222320317625,2.784848370460831,0,0.9643810632744607,0.8173701722515435,1,-0.015272869895083164,0.26713391418780913,0,0.28130529296406603,0.4963234330876115,0,0.3474675619535854,0.6620454584015543,1,0.6595029659287903,0.612763531719283,0,1.8028195752451324,0.9019559261700117,0,0.20304536230056275,0.1802859713642004,1,0.6968323472361159,0.6958336555225889,0,0.585753357525237,0.5534648993095884,0,0.6716436125911194,0.5023222166017669,1,1.762797640658419,1.6003025678719978,0,0.7678928701308337,0.9216229776569671,0,1.5622293074414437,0.709512869741694,1,0.8407530171518486,0.8676491228178944,0,0.6698607880846925,0.5900454281682382,0,0.922064399394387,0.734220048347454,1,0.18086169089138834,0.17789781255007978,0,0.39756366276410665,0.5676416041979839,0,0.9510305936044595,0.5009934992883343,1,1.2433054137103283,1.2428219967054934,0,0.9720976859866269,1.6466339265827634,0,0.30517962299881785,0.7498925637473944,1,-0.00012294579672374601,0.23003401074094362,0,1.0577841458698862,1.2340043763680346,0,0.7785681369475773,0.743000156161577,1,1.09112576504648,0.6771030458058552,0,0.5843758990147548,0.8743832970342018,0,0.45764908915508107,0.13941991962268624,1,1.2196685493883748,0.43479315636310534,0,0.9234087976775092,0.676230155563111,0,0.5776337710131783,0.8819074062348563,1,2.123636597628459,1.101115105779619,0,0.7914428730847198,0.7487184278223279,0,1.9014140987376726,0.9040166458189782,1,0.5645217014541345,0.8382722351736478,0,0.480600616909525,0.4419854934250407,0,1.40048507678917,0.5574264514636027,1,0.7611844829786083,0.36294575703229714,0,0.6003986399442756,0.6034112443809112,0,0.9420320051321461,1.0534093993176872,1,0.7323062806690408,0.7749082524940932,0,0.9758361515131341,0.4017962510808636,0,1.2200053972915905,1.2794331061278774,1,0.27698345191964363,0.24150772201816315,0,-0.056251582592832104,0.13202189665573577,0,0.045679606847014186,0.3230029187103524,1,-0.1064145893983635,0.19315752807293748,0,0.16586186700977418,0.17435823486818222,0
101,500,0.9,mlp,0.9888836396825671,0.002335785428451557,0.037308943337700184,0.04280628489952439,0,1.7963098983647208,0.3672125324543806,1,0.03581714739309973,0.10234516088639443,0,0.08916731630127317,0.08091483480882883,0,1.019945477816449,0.14472757177921036,1,0.038747410434669206,0.04170173977029228,0,0.0531024826197722,0.048383405176910164,0,1.505880038093522,0.4349679687999899,1,0.11185384523643023,0.0791797762769333,0,0.28034125239656477,0.16518982213655004,0,0.9016127353385898,0.24636373953051213,1,0.02631630119139018,0.02123837377875628,0,0.5112477291803275,0.1734643284939356,0,0.6544527895059723,0.2137130660137826,1,0.02512446135760828,0.051758535457709406,0,0.34056164327788385,0.20074142932618833,0,0.7402611633566998,0.21036541034847614,1,0.21743767903509129,0.16838453488539748,0,0.05930307271909061,0.09701464720335315,0,1.6008196475227003,0.5763552704465188,1,0.012721556170720887,0.051739395343399504,0,0.029884863453747846,0.07662012735098614,0,0.5904315301723739,0.3078644406956981,1,0.19003399686954003,0.23789111661096096,0,0.031625870162427544,0.050091298819424916,0,0.6181680210812275,0.296913769919343,1,0.12884904708922248,0.19794450484118253,0,-0.011113507150178722,0.0242395250436671,0,1.3133748989834135,0.6912904086665773,1,0.09958891517642117,0.17904741406261226,0,0.15994629820548767,0.03668804931503364,0,1.097359888778995,0.5447987328166171,1,0.042351272535840624,0.09017365935555015,0,0.1179781756140198,0.23326636038592313,0,0.7510042293788886,0.22535327844052094,1,0.046394964792161056,0.030916206127639085,0,0.08542866800091115,0.09675391330756543,0,0.6995935692986297,0.20072581815156426,1,0.10676597741523235,0.15053127037927688,0,0.15698176616958848,0.1437202292081349,0,0.9503759074071176,0.24918338575384377,1,0.09039436407765136,0.1258049449865562,0,0.049693323240918096,0.07186496148522911,0,1.1981780801743476,0.4870769331744305,1,0.043833606937251794,0.1013404731117646,0,0.22405989762094625,0.1423339309528835,0,0.4504889483995457,0.135040406702419,1,0.059270938644494064,0.09116176815753754,0,0.2404336879058305,0.14793951975211553,0,0.5829685455317616,0.349430211602334,1,0.13013729114505504,0.1083130448067512,0,0.07057635031276681,0.11115923083445098,0,1.0034757344916856,0.515818717189604,1,0.10938676672179452,0.103601847257977,0,-0.009249366605317607,0.03100297843106025,0,1.0687470492641897,0.5747131338263126,1,0.3350254274493,0.21553991659999808,0,0.010158617876492899,0.05653212332393489,0,0.42543477117269546,0.12374832097471708,1,0.07187347345131039,0.06580408812378005,0,0.17315143965757418,0.1486611395625924,0,1.1377461530354422,0.4503344419292501,1,0.032121360814289915,0.09191495560275072,0,0.0858531813559938,0.058700304506762016,0,1.2313044855295512,0.3841056678234321,1,0.07495109509284126,0.1000111462930621,0,0.026435129508112644,0.03339908880070337,0,0.8178136932449958,0.18266492128747783,1,0.21233538799045112,0.13028251143805059,0,0.024055710131910917,0.05242051299917546,0,2.3078045249967927,0.3841835737833317,1,0.15004067016337896,0.10342523059031691,0,0.06264372163928654,0.04129515968530402,0,1.2881946728241938,0.4866154180802433,1,0.09854685493099165,0.07785048778621725,0,0.19682734989475434,0.19717766899037736,0,0.18269241339436518,0.11970145630232149,1,0.29393674254713553,0.12951552230584015,0,-0.0055053546231602106,0.046005736331226635,0,0.922119261115253,0.19778333693253417,1,0.037826698335267604,0.07372339634067109,0,-0.003390482758933752,0.008104272475992165,0,1.198175827301392,0.21820870729673764,1,0.015119245200570333,0.03342385895161085,0,0.07605478455094751,0.055509622790750765,0,1.3718676686255669,0.22352986450432516,1,0.041660431127086305,0.05957053390385023,0,-0.013390692496830175,0.040809396525106255,0,1.271415916197706,0.5591686470006387,1,0.423312765263375,0.08626918944552235,0,0.0392841663329063,0.042426411363258,0,0.977677218242572,0.2282510704024166,1,0.17207542390524228,0.056388685205266506,0,-0.0010471638134564227,0.01826316262670922,0,2.0375376416719058,0.6085632695987144,1,0.031108670205320287,0.06131031649804125,0,0.05332193086427842,0.033324972851965264,0,2.2452949571618035,0.34882374918667935,1,0.0578545513072698,0.04810132682796967,0,0.026997058355786085,0.06998677095580944,0
101,500,0.9,svr,0.7887767624712205,0.03610547884598108,0.604893546164256,0.20321034712674232,0,0.7497002020315156,0.35804404452057553,1,0.42162568952625834,0.2609812802416099,0,0.41673336092378455,0.2704940734113511,0,0.6784613026163089,0.2213692484271254,1,0.6528064013133645,0.20896354998117886,0,0.5707555373974327,0.173216953233129,0,0.7178811602720148,0.2672009624121823,1,0.5907100905397262,0.2332857048381844,0,0.7252491070144534,0.17721665665443878,0,0.6281851715699178,0.15588496971766233,1,0.5151318246664495,0.1138506123454339,0,0.7600608595599618,0.14060251326655937,0,0.7366572763783057,0.17384713145567685,1,0.7629563229680467,0.1538223361281487,0,0.806996859567783,0.24390719813136505,0,0.8200244669867297,0.2948389781896535,1,0.68776826352715,0.27056991211093234,0,0.5141663474446962,0.26525209782077686,0,0.715689207323209,0.20606793450958,1,0.6736344608040173,0.18008683907539638,0,0.7006322034698511,0.21576965382639632,0,0.8895322166017113,0.23810335287845485,1,0.9234503722730366,0.3641610148625543,0,0.8222604360596246,0.32757741031472665,0,0.8599475354371281,0.19730120898039769,1,0.673121748311742,0.22981106680955685,0,0.8703775077843142,0.24387440150922127,0,0.9264163444793188,0.16337248983211802,1,1.0284432482391694,0.1985579958574851,0,0.8703298270283358,0.18863121611843617,0,1.1956517954383554,0.2794778507914744,1,0.949515600007377,0.24547761940048154,0,0.9960428806088217,0.22411579260374187,0,1.2456406844557921,0.32145242797202594,1,1.1921392529129187,0.25387665157742834,0,0.8737770411588153,0.2683184708996829,0,1.0478915164373657,0.24412359026272476,1,0.9133973620665075,0.20173543056522128,0,0.7797775119331234,0.17717353940973501,0,1.1423963278950426,0.2735320230191866,1,0.8964218966668136,0.16956825593103664,0,1.0876534868747032,0.25313735188410047,0,1.1531765391524622,0.3369637281076902,1,0.90145310275347,0.2848338059630651,0,0.9347700985734783,0.2930426336372226,0,1.0270902627776994,0.2849480738706893,1,0.9231660757137543,0.2024874391053053,0,1.2506353861924393,0.19310187421320532,0,1.0811071950752225,0.13927973842410415,1,0.8993475062679286,0.08671103342645915,0,0.9784777770029478,0.21396887310024373,0,1.1878870065819958,0.12018810091043675,1,0.8404211311736706,0.102693631910109,0,0.5941560890136308,0.10615006860210141,0,0.8162316715008181,0.22422465326976354,1,0.8681223420022132,0.2041271794867958,0,0.6948941878038811,0.09987874828703673,0,0.8333636336888752,0.11072910031333923,1,0.7553638349320544,0.14771060829438185,0,0.9360173405580445,0.2209052726922169,0,0.8811415253433152,0.13055661072977598,1,0.9075006021419277,0.10258789768950159,0,0.959902137619132,0.11713921863528727,0,1.136554036735458,0.13344579420512626,1,0.910719328702594,0.09392926330335218,0,1.0146599463888777,0.09027374788696521,0,0.9119595151985331,0.15170476681713382,1,0.8008917310452874,0.1287602838365294,0,0.9122927115254695,0.17671793725797774,0,1.0043974008783567,0.19938410545785415,1,0.7345570558809766,0.14217160565882891,0,0.6485347121521453,0.11320733706666262,0,0.8365404889116691,0.1233880082562562,1,0.909858344650725,0.15460572156222263,0,1.0296862144026573,0.2191027576941001,0,0.9450917493398616,0.15877701443800668,1,0.8302062435044061,0.21028919340674027,0,0.7054663980116145,0.19963237013651983,0,1.0279384763128365,0.23645492670322313,1,0.7175682118462454,0.14918973537776015,0,0.7481055002408498,0.1734628652396124,0,0.8482406247327153,0.13598722275994285,1,0.887869528939803,0.14479577157760506,0,0.745171428169564,0.13640865996697693,0,0.9055738806260452,0.13699100655310423,1,0.767501841044204,0.04806983871502633,0,0.8389002012569537,0.08845639968945337,0,0.9286268571389773,0.12866105244035905,1,0.8316925204618337,0.16579129751293645,0,0.6454471392805311,0.19504567389178057,0,0.7813402803336303,0.14780229763944897,1,0.8480006031034957,0.07586415387760699,0,0.791925459105061,0.10080406266294269,0,1.0002972250481517,0.14669342930782614,1,0.8387053370267916,0.14554871452997786,0,0.7087086539051215,0.15632054357877598,0,0.867369512262386,0.14427963186183862,1,0.477585143536544,0.11432193359422106,0,0.2590797552331837,0.08501393480397723,0
101,500,0.9,knn,0.8839050575109392,0.017629217359694437,0.07472611697204493,0.5291848077850078,0,0.06733846695517312,0.4776602734856436,1,0.08249668109685963,0.49014510965793806,0,0.15159029151723455,0.5074947250364442,0,0.2326420721279236,0.6629204815970811,1,0.27912923387859234,0.939481635268563,0,0.2268015347228395,1.073740670698862,0,0.4374713419855377,0.9781851094888733,1,0.4051200228573574,0.626788665056457,0,0.47971193179009,0.9706400882902154,0,0.6784554992052809,0.4857872000809596,1,0.6133133797979273,0.2249858188126698,0,0.4615023270969375,0.34609273142450003,0,0.5631950519055084,0.32131877048996166,1,0.7693505040204718,0.4621859585775922,0,0.8933857964041515,0.5873325541283517,0,0.45684557990479624,0.20665190770716751,1,0.6152898176732046,0.68096426799438,0,0.20070607340025431,0.9733985787411574,0,0.38271124735259854,0.5327972708269461,1,0.3662584839933839,0.5634287845843585,0,0.2907106013496147,0.5411361591287167,0,0.5401405354543096,0.3041656300619804,1,0.5885689199724584,0.7101758463178904,0,0.4587906977440899,0.7332512049941968,0,0.7515602719983397,0.5545869756123849,1,0.9748008297341683,0.7253015893849467,0,0.7231493085833531,0.7505647997317162,0,0.2092141890552325,0.45033309950602424,1,0.6334635137512225,0.48332644959042165,0,0.3822799139907269,0.3567411392706528,0,0.35284784481721704,0.577769256875284,1,0.26050035914559155,0.37518662910950284,0,0.18211347383753057,0.5961282224924284,0,0.7474367981744001,0.3786545078940144,1,0.6506086312927747,0.15646733129926851,0,0.7159809075301695,0.6854472754737865,0,0.3711257580047914,0.3833568816984997,1,-0.028125607944511723,0.5541158809902934,0,-0.05837196351688401,0.8294793025745607,0,0.6399747788793273,1.0304689632398956,1,0.35841134054919843,0.9189480637587423,0,0.7521640788354478,1.1798106538775883,0,0.44849716261260764,0.9838529062336175,1,0.4630066281392297,0.8752852145259069,0,0.4688683576353359,0.8066715557806633,0,0.6568804152095493,0.4706305903425331,1,0.46885455074557847,0.7811015864153539,0,0.40600863485974437,0.40948779308563954,0,0.16237184489802609,0.7771673352851307,1,0.3822293401299048,0.4860456321994781,0,0.5365874823786213,0.6569654989279836,0,0.5155989001364392,0.9259192358937473,1,0.35011536552164446,0.7738437190386072,0,-0.039527594910209934,0.673901580003912,0,-0.17970283737005427,0.7389307434293049,1,-0.06850414037414174,0.473856667638033,0,0.5015780474297794,0.32948674227521446,0,0.23381843743525438,0.5590573640246521,1,-0.07710843298201873,0.565007005291981,0,0.15190080067473993,0.5322871926407157,0,0.3258797927136924,0.4107796384176456,1,0.16535423755563397,0.8081935038748214,0,0.28556452377807856,0.8038330480550497,0,0.6675419219121228,1.041271348818523,1,0.699186233676128,0.9669229396375254,0,0.3913389094626055,0.9365674529635111,0,0.6296287338207727,0.8045602581411136,1,0.3978614539556386,0.7932235857483038,0,0.5094753463281593,0.8252039830635888,0,0.7598483938629093,0.6242491828090913,1,0.4709963484388474,0.5068325563553382,0,0.07477055858780288,0.6819338426069753,0,0.046254645776204584,0.7044973015421023,1,0.3012342071826145,0.7328463171899654,0,0.20007256884744332,0.6820921101743521,0,-0.056627637839717734,0.6100465571383146,1,-0.05677286912561373,0.4861217267828581,0,0.10337927265175699,0.694176340803857,0,0.26173452149450327,0.6196077918475074,1,0.11384700021841798,0.6629435450099923,0,0.01466087926997638,0.7237857165828763,0,0.45802863662290444,0.5443966734081351,1,0.3952590424708161,0.7396254552546601,0,0.4791006390112635,0.7106372547338021,0,0.4258116772838494,0.43196329326641825,1,0.6359672054955762,0.46688549957300823,0,0.4867584707089301,0.6061286833199386,0,0.21627328192413264,0.3330971428855467,1,0.2767038943052834,0.4517690957118485,0,0.05914251547360995,0.6200524727074986,0,0.18141807651497235,0.7827237089679506,1,0.19548875579438518,0.7912238677788579,0,0.02247404737052223,0.506898631636576,0,0.3183509240465582,0.7125975492577612,1,0.3706137208740006,0.6307331556504122,0,-0.07098503689854492,0.4534791381638295,0,0.1969284010620719,0.7405636473270523,1,-0.1947462263339853,0.6784556606935596,0,-0.20670766487804357,0.7376775400153519,0
101,500,0.9,SuperLearner,0.9929539847296432,0.0012165470440438462,0.05888176422619866,0.059407719630405295,0,2.2421406387022285,0.6552937453892558,1,0.08398921123701883,0.07557500212739263,0,0.03490136903166245,0.07384594592671812,0,1.4676557766529754,0.3118792827650962,1,-0.006193556706281247,0.015684906554691732,0,0.00610458970742782,0.012063046575604397,0,1.5746044224103133,0.2562170267253824,1,0.009567312993822822,0.02506253453682088,0,0.15409403827296914,0.04747079027258778,0,1.7737958308521407,0.23487498427131298,1,0.039759100601307676,0.024182366023578688,0,0.20011330325010337,0.08693684341833942,0,1.0522498292632263,0.3685450938689801,1,0.016547822348554602,0.011355683211448161,0,0.08036416325498372,0.06320031357943097,0,1.2044871229928695,0.09804917794951717,1,0.16910000342723303,0.0986669405504881,0,0.07561529548959053,0.04644880673505049,0,2.063410332422659,0.6505172081736591,1,0.003623814845241411,0.021805719636167627,0,0.019794539494471394,0.04043754631845073,0,1.7428586749667123,0.49834450458218427,1,0.07397449448739829,0.15294660116001343,0,0.07157772847149871,0.06366916082176569,0,1.334070941294519,0.3939123938070814,1,0.06929381812055407,0.10167451793687701,0,0.007467555597540104,0.029739734591444737,0,1.245695812998213,0.5610287462994135,1,0.18283239967858264,0.22019905991107525,0,0.03248670706920999,0.06475667902826691,0,2.2915775067991198,0.7640712843094567,1,-0.00916848768824787,0.036725575378746454,0,0.07866822727563169,0.1347302949287371,0,1.273619904112207,0.33771910033666364,1,-0.0006248508164014111,0.02319249067351778,0,0.03168050084427121,0.06958532306066034,0,1.3081808367727352,0.40783536335282544,1,0.05122201265723064,0.08187177323993171,0,0.05839066766598529,0.08371584725819946,0,2.4441415938222883,0.6656705898410546,1,-0.007746648495398517,0.028030265533239163,0,-0.003776899649364695,0.012241528207182831,0,1.5378462576184593,0.48323921202296777,1,0.022467039622834792,0.056289810853389154,0,0.038058901287863225,0.06741538178847914,0,1.4732170395842747,0.521388695665598,1,0.06464381808167875,0.07012225269893652,0,0.20504354536534147,0.07708604648062575,0,0.7633043707108477,0.3361818200272784,1,0.02298293860910303,0.04005151537420887,0,0.010368046016717664,0.02550264759597498,0,2.305242363712156,0.9507469655753383,1,-0.004536684110930689,0.04483463438829604,0,0.05116414766456834,0.054639528359026274,0,1.2327812590231582,0.460733183319596,1,0.47582487020303593,0.22969649951285673,0,0.059461244403153465,0.05891616536436354,0,1.2125874847599298,0.26576504928653055,1,0.015107306161575459,0.029421968619967896,0,0.0014723150161834058,0.012824511951997526,0,2.0776880918601752,0.4838556261139087,1,-0.0033563856558554593,0.028084072165678813,0,0.038625734065039066,0.02773592978031802,0,2.1590172512476524,0.43988677878803795,1,0.07070195755709012,0.04436707712593952,0,0.05088704888250935,0.04239122902578873,0,1.503312705182374,0.2988563408187707,1,0.11522756364244977,0.09796552386099078,0,0.14224186742214556,0.08275312627794529,0,3.4931479803458196,0.6615249206993509,1,0.13706763407633926,0.07958528190045397,0,0.005417855095740479,0.004906469300862912,0,1.8379376187126883,0.488260461724684,1,0.01782636037691317,0.019136709325339236,0,0.10486186480718114,0.15587438873105525,0,0.5811862840222587,0.26159299062729024,1,0.01375569816989003,0.039078310869969324,0,0.024172522449066376,0.0410045384646927,0,1.740469053338994,0.34783225303183574,1,-0.007034784281638879,0.010451336867161608,0,-0.0082187213483534,0.013821116614834992,0,1.1620897231813567,0.28135266290071875,1,0.012920190433454881,0.018578938544079587,0,0.007819262999648066,0.01978958231674841,0,2.1609236689141325,0.3798580021678249,1,-0.00043777825210621014,0.0058188729636773715,0,0.02140060089974662,0.05315421508231639,0,1.801951757385061,0.4226953334521432,1,0.12557135473699793,0.04621623168325735,0,0.044780305626818194,0.04139635650456945,0,1.5025868619610867,0.10759887563250102,1,0.030726020798046066,0.014560222128202804,0,0.0024640649407472424,0.010540107657216287,0,2.3779454824722235,0.4317135027437484,1,0.01086571083254306,0.01816090374498386,0,0.016492802193079498,0.023221112579652866,0,2.059073524430817,0.33049704019087,1,0.012509539245970605,0.022642942401035225,0,0.003353564898558384,0.030441891020197034,0
101,1000,0.9,lr,0.994182981098122,0.0005494911956136896,0.026293079470588454,0.028291551446897007,0,2.0392766892410323,0.29243555685263334,1,0.019381147205374746,0.021707179001963173,0,-0.0019941963677278783,0.0055064718515488885,0,2.308759944750128,0.3601507806815486,1,0.0037550450017154757,0.01811387721767164,0,0.07762301388858414,0.055868679901932485,0,1.8929607963056505,0.32056835801783157,1,0.05518854820248009,0.050583547216425925,0,0.013806607259112777,0.019370730786649828,0,2.05522364449756,0.35445283099191854,1,0.003165904769343722,0.007420006580467254,0,-0.004771182561248894,0.005887373286184147,0,1.413169985772258,0.33516551783710113,1,0.032657200577694584,0.035881760845858486,0,0.005296459358673201,0.018045747602193518,0,2.417442304675419,0.41185201955118694,1,0.01947099592728817,0.025540423695150097,0,-0.0046540236071991245,0.01102645280131181,0,1.7542872922101538,0.4502572632966932,1,-0.0003971711426770448,0.006317976143368288,0,0.009865009411994837,0.009228250617094666,0,1.7896402838866354,0.41945153997698886,1,0.05090270829617799,0.02803552493290122,0,0.028082697108030623,0.03270029529011997,0,2.1762482414680084,0.1467723717796277,1,0.02448706316497944,0.022860010792050585,0,0.022319136617982172,0.040111392816534856,0,1.7450026519688968,0.29359924122029185,1,0.037914874232187874,0.03781284768756627,0,0.014753954668304464,0.02290389260350823,0,1.8023696482112235,0.3302561088855367,1,0.0047876909989559195,0.016999643615236544,0,0.008366300320553577,0.013063623961348927,0,1.9141254696747503,0.2591590974761764,1,0.0038092935543988004,0.015787648598738914,0,0.018081696749910333,0.019176758289581267,0,2.3533134811997956,0.4432588427004544,1,0.00440341441371773,0.004128989165585545,0,0.03596185065339959,0.01961666116161306,0,2.659114366994157,0.29109278641223973,1,0.07504526458333997,0.05053413594889432,0,0.044592648206427624,0.04954689052444485,0,2.6170241511211927,0.5246746202785447,1,0.056275643653491345,0.024187511055214942,0,0.04344107675082743,0.025365026096617598,0,1.6132794204951062,0.32838750440054476,1,0.007031907980855422,0.011245819861264586,0,0.0030910190082795654,0.004953260702220322,0,2.4615940548235313,0.5444689601575066,1,0.013171785403519062,0.018067808332008824,0,0.02098845815251949,0.03490092661121091,0,1.7962246754966618,0.1527413066431277,1,0.029345010216727994,0.01007001432463264,0,0.030824757824520165,0.014168200058041293,0,1.4032715664157058,0.12157287745561937,1,0.003241584148035807,0.0030126111931591754,0,0.0013302974730810809,0.0046786100918241764,0,2.1180631687792686,0.13100851049711276,1,0.021336132035921836,0.022083876906181462,0,0.030417321604444852,0.027151615354118377,0,1.991745999313268,0.3725283229067587,1,0.003037306879704549,0.00735760342476717,0,0.004388808749393248,0.008915927616117985,0,1.2707023688264383,0.2767682012484182,1,0.02369731020925759,0.03207646934654881,0,0.009171332978125876,0.01415272117621365,0,1.7750888508746896,0.2855172263634369,1,0.032439109632165085,0.035705755461679346,0,0.008888042079450034,0.010483477238080394,0,1.9963602395912325,0.27003854832802965,1,0.00591280615503534,0.012460540246079881,0,0.006944996535363615,0.009855692407470164,0,2.0184142782171763,0.21129666872102418,1,0.0015368107097509724,0.010025574620599761,0,-0.003198659876635733,0.005505859296722624,0,1.045716956457839,0.24805818685447095,1,0.06775216440053386,0.025389778598703786,0,0.004498019242814406,0.011216300533929134,0,1.8963840608531826,0.2673531278421274,1,-0.0003281123222603906,0.002909667517016893,0,0.004071571651991119,0.008259141624455025,0,1.744793711860606,0.30793426462803825,1,0.0073824330163674385,0.022673841083703707,0,0.03302019223064489,0.029069767097429804,0,1.647369951055244,0.23450085610407012,1,0.01329170194735275,0.013368154387767056,0,0.016416933955599365,0.013743002862599631,0,2.547402078560464,0.44890459779926506,1,0.0023525991731435463,0.005121471763934336,0,0.03383389771641254,0.03928317480178386,0,1.8199044820161707,0.2263968773255262,1,0.06462741382887725,0.03732535555813507,0,0.00718974833584426,0.00943991514052351,0,2.0886380771050628,0.1311163184401704,1,0.03169479445423473,0.02425544747444177,0,0.0014866445677631554,0.007685791394177564,0,2.465702683186943,0.45624551711897177,1,0.0184549800767538,0.01951032500032221,0,-0.0014118321460121117,0.0054699376296446925,0
101,1000,0.9,lasso,0.955868599687929,0.001966131037113653,0.0,0.0,0,2.1165006847863572,0.19316518814021272,1,0.0,0.0,0,0.0,0.0,0,2.7003267234944426,0.46358739115066744,1,0.012372507853637877,0.024745015707275754,0,0.6488122076495397,0.2913647888638253,0,2.241994472812735,0.34103438484726,1,0.0,0.0,0,0.0,0.0,0,1.5586849221152765,0.3966936110362011,1,0.059740455870045485,0.07188804778931847,0,0.041071983545518886,0.05055770279845888,0,1.5330032586111941,0.19989860817682512,1,0.0,0.0,0,3.3874240389989225,0.9328192888036441,0,1.316420676462561,0.3850906882279437,1,0.0,0.0,0,0.024287210416078318,0.048574420832156635,0,1.8961213706186357,0.3308456466716103,1,0.0,0.0,0,0.0,0.0,0,4.448335597958084,1.0582383039463819,1,0.6702925013990764,0.4146289466341119,0,0.04510875773767266,0.03814942536861748,0,0.9932112198744123,0.2254117783948242,1,0.01999158423419177,0.03998316846838354,0,0.4905895299275473,0.2122944634099584,0,2.0213269651344827,0.7449613464027599,1,0.8913270242290954,0.5586372351322074,0,0.07771721567338549,0.11460732864552393,0,3.4681344982163447,0.35429614284746425,1,0.09371484921394108,0.18742969842788212,0,0.01383114107012714,0.02766228214025428,0,2.1597552459964526,0.25792839100156284,1,0.0,0.0,0,0.0,0.0,0,2.2606530078482003,0.36600217616850184,1,0.050435753883284494,0.06342763294103056,0,0.0,0.0,0,2.9335700841274144,0.4083714060697608,1,0.1307692790898065,0.2615385581796131,0,0.5394722863308188,0.3609595877974485,0,3.1226489280864493,0.697143287045391,1,0.0,0.0,0,0.0032597851573108586,0.006519570314621717,0,2.563470429446285,0.38392705305788816,1,0.0,0.0,0,0.1893582729722682,0.29038993281204056,0,3.291106278209882,0.4547502951408764,1,0.21315500667614673,0.2653254834015921,0,0.6868190287681661,0.4470335877768004,0,3.130457014904118,0.7273376749536463,1,0.0,0.0,0,0.0,0.0,0,1.3399220521038226,0.2041446736505122,1,0.0,0.0,0,0.35979767000351226,0.3230453298541569,0,2.587705807940314,0.2793986822251557,1,0.025066870606786577,0.026098899979635257,0,0.7964616596320286,0.3837578245380288,0,1.6518596703579624,0.4813707542271472,1,0.03933539813497948,0.061398750198374014,0,0.006387571811347194,0.012775143622694388,0,2.2732089967357894,0.5927962205227744,1,0.13273106244646593,0.15003358516437296,0,0.6220477273975209,0.4276086829142921,0,2.119475742877525,0.7612994448168533,1,0.022097020066825686,0.04419404013365138,0,0.25148339308526646,0.18175084868540514,0,2.5630859254813805,0.37518870111828556,1,0.5166579576217205,0.2093022281296508,0,0.0,0.0,0,1.175037520332895,0.5908779292707828,1,1.0979316707704039,0.45094603441681447,0,0.01651443025541433,0.024004388798357434,0,1.647689666744263,0.3774916231208145,1,0.21284130069359053,0.30808843226554583,0,0.0,0.0,0,2.181652517280282,0.6649939711673227,1,0.4012742276092517,0.35397247773591917,0,0.0,0.0,0,2.8059753887861714,0.5947789337918837,1,0.33922586191611276,0.6116745700991184,0,0.0,0.0,0,2.0777211673672378,0.3119891450545263,1,0.0,0.0,0,0.0,0.0,0,3.960588547663852,1.0136880646298279,1,0.0,0.0,0,0.0,0.0,0,1.7358725209771904,0.2910918355054395,1,0.611416214348749,0.26793722839131595,0,0.0,0.0,0,3.4178477457339733,0.454573942956379,1,0.0,0.0,0,0.016098454348735615,0.03219690869747123,0,0.9720630009512176,0.16868655824025197,1,0.0,0.0,0,0.0,0.0,0
101,1000,0.9,dt,0.4515937339151529,0.06777936626415747,0.5716942071616764,1.1138959366053116,0,0.7840591769558694,1.963274512744356,1,1.243731804490731,2.3121622012230705,0,0.5692744139339568,0.5341894543666563,0,0.481574220575412,0.5046224105737933,1,0.11992291561777954,1.7692457483193778,0,0.6146146236444117,1.1630391592174867,0,1.6139518099515417,2.4256822861874294,1,0.9163538031122844,0.8601147692302623,0,0.2753173217813593,0.41820210528890883,0,0.1079538663169259,2.53479638182104,1,1.4523708372541033,2.612245455279342,0,0.5678888566626135,0.6660297744443523,0,2.9317376084748736,3.649702068597748,1,5.977906958519523,6.526674997591564,0,2.893368046785836,3.717820199932583,0,0.41894323036945363,0.32959116442284714,1,0.5479896671366863,0.5810202703008862,0,1.608525991351108,0.8400849256801896,0,2.8488770699694412,3.2986859722891024,1,0.9636007746241658,1.0145589552072256,0,1.4546255886193227,1.4597009884982306,0,6.368083275668534,4.896335133775534,1,5.238349462674405,9.316958085191027,0,0.6789598755986964,0.8532529183051007,0,1.0933528628354052,1.8371959644745701,1,-0.3339795549255907,0.3910978873408041,0,3.8393147389811753,10.098103382462975,0,0.9731220579934726,1.5356417345078195,1,4.598283941753974,7.281218179084151,0,2.615211991575829,3.2475628990099414,0,2.977901338531433,4.181965642900252,1,-0.18379747215292935,1.0470103297860733,0,5.676270291566382,6.228327105065376,0,0.8332690595658752,0.9664815089899262,1,1.2969210911873197,1.2324240436902636,0,-0.16624867922465522,0.373757092881044,0,0.9771356480615104,1.6968191535943675,1,0.8114056600376678,1.0526594001522,0,0.13153454312202567,0.6232065736580201,0,4.210536326957987,3.1675654518882097,1,0.6580512661390163,1.702952906131305,0,0.23371257689685127,0.36540540139401684,0,2.0578065760342112,2.383771357890039,1,-0.5610696492663176,1.4434194807936982,0,1.009353529303787,1.5181680600093486,0,0.27872957243527113,0.7976214464074199,1,0.528765664935312,0.6311335717595794,0,18.45162992186134,15.23614483662148,0,-1.0823137922360404,1.978868872986209,1,-0.006490003843635806,0.30359552463027034,0,9.225845201214208,14.396120348071015,0,1.582450937079053,2.2264630140312858,1,0.9132158218272572,1.1162268160970201,0,0.33173944570164027,0.2312535854049404,0,-0.40316741744548634,1.1073798984176588,1,-0.2634112190680732,0.5401219320695526,0,1.5156430368533507,1.317182184575885,0,1.1648029951744099,2.5405770781050654,1,1.0571910530115494,1.5693061633939762,0,1.2181413005479216,3.2823535143495106,0,1.6676867385281047,2.000182809180286,1,1.1201771530474922,1.9581626930149532,0,5.153907662247806,6.160535399090394,0,5.332969181221367,4.252886153946832,1,2.510318203847266,2.4940064660948225,0,1.1534132683466496,1.1417259656351273,0,-0.30594620699990366,0.323577177277803,1,2.445296407925452,2.52745527562967,0,0.5984253593665263,1.0522583253293092,0,2.2918137434423684,3.2880256288072585,1,6.703079557111197,7.5087234436335395,0,0.19137507763286962,0.2554648855708224,0,1.2894746071543481,1.454115533093828,1,0.570347299550056,0.6729201205940468,0,0.48918152244635954,0.5897510108332275,0,0.3939161523982429,0.634448427305916,1,1.122434992376678,3.430081459324531,0,0.33391955985847677,1.195848603332688,0,5.271733819670332,6.509457416691069,1,1.6314476228085126,2.480204051904273,0,2.8622402483396385,7.074068029983289,0,1.0000790928899028,2.0174519067393444,1,4.120328956815511,3.7059073990117395,0,1.4493715559446154,1.8651776514751048,0,2.0494006177718,3.008038323852689,1,4.191603080718998,4.694638143120021,0,0.6201003050626561,1.4917213651623347,0,1.2531179450774093,2.372415099749862,1,1.097230757626811,1.9050475598547307,0,0.053364605889635056,0.6208340537132431,0,1.115930042166928,0.5021169001230735,1,-0.042793758049075446,0.30539346274248264,0,1.170187035861119,0.7100616714115183,0,1.9545028372901077,1.8604186088770105,1,1.5280660045331305,0.9819073655596401,0,-1.0803144099089077,1.0801680301687606,0,0.36148377791272057,0.49010037553917896,1,-0.6994714117438547,0.6503967227322098,0,-0.10815453226666327,0.36379945879478975,0
101,1000,0.9,rf,0.8305801658115433,0.014199034224247039,0.36380652425173127,0.09543097988000848,0,0.5296071371637301,0.1681763870028841,1,0.27704018434987215,0.08103398574611102,0,0.6371142859787128,0.24077879991180995,0,0.6266964265885144,0.2151103789846716,1,0.678278597894915,0.10148889445483547,0,0.6481078839416787,0.11298460690454822,0,0.8448333974707284,0.1114873814078804,1,0.46202038956141306,0.08186466311222654,0,0.4141481988998824,0.19494108550109157,0,0.9929491105757862,0.19997860593439623,1,0.5598371660448118,0.16656396864096412,0,0.7672965544903735,0.2689437303860877,0,1.2114665659115387,0.4222667732329002,1,0.8518070714989872,0.4896625297184459,0,2.395316596872431,0.6435569534631184,0,0.7827401774278506,0.4867458485800223,1,0.48526331341648055,0.15702893195371978,0,0.9677232734079647,0.5340525654000737,0,0.9909463201266482,0.26744208630958266,1,0.6946414049990912,0.21551114234490182,0,0.49644225789807733,0.16124460998432372,0,1.5514243785946753,0.4598204264672747,1,2.253484174668799,1.1594715296717657,0,0.6843513811569264,0.28157464555357353,0,0.9087830885482937,0.3071778580109081,1,0.7517620511227102,0.22366968527078696,0,1.0617489605069625,0.2761462071710181,0,0.9138564673193198,0.2132845795209391,1,0.9223954694065382,0.2179119576332344,0,0.9813702879721256,0.4167397323897152,0,1.7905471635542767,0.5454155759137682,1,1.307162872575378,0.4582257539031438,0,0.9183167819757069,0.30816689413832016,0,0.9496726709161081,0.3299946801358941,1,1.3204880136711945,0.35911553309313177,0,0.3536323429547019,0.19104077525622845,0,0.7582244691882775,0.1788638937571243,1,0.7133772389251061,0.32170077351552395,0,0.6602834259134565,0.20673574224958657,0,1.3196406800943754,0.409199350840178,1,1.0287953126784877,0.7269702564488336,0,0.7836011486574588,0.11798114400773634,0,0.937680122102814,0.1744527836260886,1,0.4148233160303797,0.14002785280537258,0,0.47568992833602514,0.13329174553633977,0,1.114200107936211,0.42204016984898435,1,0.31448570737411435,0.2193058772251669,0,6.460970074113024,3.0614157328795026,0,1.6449546384912446,0.3624937691057717,1,0.9694823669375175,0.338932196685924,0,2.480340249351671,1.4311826654134647,0,0.8362811504161328,0.3295110573245464,1,0.36390912032801515,0.11813449324581264,0,0.21401691997197486,0.09862656621468309,0,0.5924525927008931,0.12126647405979658,1,0.35990126911942766,0.05384942399449214,0,0.7952026585914526,0.3213433468996774,0,1.1568505311981985,0.3372025016482329,1,0.48789031614235895,0.12508212614459666,0,1.2789531702743488,0.36620939084025256,0,0.8751556751474425,0.33754947077680303,1,0.8797420966525584,0.1453525541999694,0,1.7709902557745305,0.5568767080882805,0,1.2091074896080027,0.35172545195620475,1,0.622452040055681,0.16655805523917755,0,0.6523503647356617,0.2496644879987185,0,0.5442340121820048,0.20184454184069933,1,0.5963009541813351,0.10734313713411339,0,0.673218054387897,0.22397269627074606,0,1.316708625486514,0.2160433636430687,1,2.071241959918901,0.6971798903295956,0,0.6077237317395316,0.1566597294708258,0,0.904723298124501,0.2635124062772585,1,1.0249290014066879,0.16958397361207464,0,0.9591763474884306,0.38090029056625196,0,0.8671851541366683,0.05550367550881063,1,0.4765710077302779,0.22477390735010042,0,0.4760478820728288,0.16047751969807436,0,1.0992045225798555,0.45740422709027556,1,0.8250563090774928,0.20345671878050386,0,0.7830358381415821,0.41905468474187124,0,0.8166850195981535,0.32101330483333507,1,2.0090282326031508,0.6340433103056874,0,1.0163813775376032,0.22489550522259416,0,1.2592262149423508,0.3818044360462141,1,0.7200723037628759,0.29147187412400094,0,1.0354807075670707,0.2108348604251105,0,1.0257352226528524,0.2663042265921881,1,0.41634724062392436,0.12187500365707084,0,0.478175959561187,0.10738418117129798,0,0.6834477186791296,0.2262811018190831,1,0.740562359921349,0.27205697440782484,0,0.9725437201815179,0.28234238252489025,0,0.8911484178799132,0.17414553153116621,1,0.22817700691239406,0.09473231406638823,0,0.34326054565735686,0.0875613234661339,0,0.31397510950786345,0.080497677419603,1,0.18284611311747123,0.06298160177194291,0,0.07369087511476033,0.058607407681128404,0
101,1000,0.9,et,0.8572497539938823,0.012671983349521852,0.29418716494463076,0.05446988122053014,0,0.47063017840299964,0.16888806280604404,1,0.3499646543087416,0.11017876962735297,0,0.5720818068707013,0.07660182930577582,0,0.672834838210826,0.12329944040479172,1,0.5984786650106754,0.11212938225736319,0,0.5626032055174818,0.11243449195701326,0,0.6845860335519867,0.17210569207496929,1,0.5369499128640983,0.10823656441805543,0,0.4060135292094498,0.14182302256691284,0,0.8978248581800197,0.24285224285270193,1,0.7224562138185837,0.1948904375756597,0,0.9144373348242324,0.3294326628712112,0,1.1260835029228962,0.2985224923830069,1,0.9039612662583913,0.25014805385888483,0,1.7914821116202428,0.41161565500127223,0,1.083191513506669,0.193872763756687,1,0.7366783997045618,0.21841205555740995,0,1.0180145572530752,0.27823644536523073,0,0.9475267035520757,0.2253306651208956,1,0.6393239064654979,0.12767318633569422,0,0.5839175200367153,0.14760997366832765,0,1.4605972033735033,0.587741503676767,1,1.7635870534710676,0.5177775634125971,0,0.7350577481606393,0.19926653191036514,0,0.9121788609173697,0.18157359434024312,1,0.664278330454034,0.09948180689404287,0,1.2791806197879743,0.3093075635276046,0,0.8778676758977948,0.24357947340298866,1,0.8236667938807439,0.352972655347417,0,1.0484010506656145,0.14068568688044464,0,2.2355106271469065,0.49813781465124685,1,1.2958871863802295,0.27796736630466934,0,1.060777568719701,0.49603290159999897,0,1.206749405127762,0.23570798258914144,1,0.7255723081860691,0.26221812451967275,0,0.4290141527432718,0.09738893549162082,0,0.7939241678727985,0.10207208697577728,1,0.6695294241080543,0.14852375470836418,0,0.5381767445461422,0.13147666604031888,0,1.2603645182652043,0.3955013724997969,1,0.9958991314007273,0.27483009342411324,0,1.4080850252921175,0.31201207861992447,0,0.9810242432151475,0.30164007924974046,1,0.4941062591273428,0.12823953531772747,0,0.5042070366874469,0.3443378931908048,0,1.1480502911319885,0.19441048313858247,1,0.8298147021715971,0.24478224158975023,0,2.5892943466680913,0.41080417650843276,0,1.7919885398628126,0.420262356574768,1,1.2954680309481252,0.1685245987760848,0,1.4381254554469276,0.23285193697357215,0,1.2510310999563306,0.4475193396213302,1,0.35483316441122925,0.04042858774930705,0,0.27848754774113416,0.09431136110218032,0,0.5461796734965255,0.13019929207600095,1,0.45646167151247896,0.0699139283236838,0,0.9245414206932878,0.2813994525570364,0,1.1905297067637266,0.19162529231141937,1,0.7006710657219506,0.07825795669044021,0,1.3558233750851494,0.33244486849266747,0,0.8696000485860178,0.19338512947127337,1,0.8940204281311159,0.2942989400401221,0,1.2456406363777883,0.20011039981238218,0,1.1169578260777375,0.16640353277538025,1,0.548362877223985,0.10930414704934471,0,0.567373048573734,0.10475840217745647,0,0.7839840706071989,0.08337353100416885,1,0.6946239137125791,0.12887383718046355,0,0.6735119745634441,0.1830359702591289,0,1.2548476028881574,0.466416561617234,1,1.3588467419557877,0.39830220590672105,0,0.6900226664904371,0.21139620142455412,0,0.9602230559517266,0.2797149577207486,1,1.2118606097642952,0.26113849213082957,0,0.9851196323981573,0.16463379418156412,0,0.8792061041192435,0.09150152308614834,1,0.6173514283023094,0.14532676834876723,0,0.47911521318022887,0.10215821898371243,0,1.0098222890313358,0.06835748481448498,1,0.7611261785619974,0.20039045456152374,0,0.6622565064165654,0.15682462290060203,0,1.1169847500294097,0.3282026382459001,1,1.697897798920722,0.42969804040183246,0,0.9732484617957766,0.2876149342054581,0,1.2756988973572307,0.2481610982175044,1,0.836406238068647,0.3879318912150574,0,0.9278494214216642,0.2528440291527378,0,0.9349585583297193,0.2697694660017648,1,0.5192187696755824,0.11313547448343632,0,0.626543849471593,0.1621289589511638,0,0.7178347461289294,0.108491481259549,1,0.6472149266450871,0.05484995242593237,0,0.8051631722891717,0.1596418528915903,0,0.8356798638824084,0.19778958726743429,1,0.456824005367433,0.12149777745234666,0,0.3415720215589834,0.10110285130347739,0,0.30983408920730166,0.02235675612229915,1,0.14581895190551983,0.02980844610677823,0,0.1110930148036376,0.04005262540582019,0
101,1000,0.9,gb,0.9011737350766891,0.008568966771104188,0.15110275771818021,0.154670707254711,0,0.6764220255084326,0.190526641886193,1,0.2304299065924214,0.18394072942846376,0,0.4431062306122815,0.44816210213532065,0,1.1142748820638713,0.5932695109860284,1,0.8546347513945595,0.5435128285228341,0,0.6432463432768364,0.2943030780867936,0,1.4192612072705273,0.37752428368715374,1,0.10945823972046169,0.08374181460531617,0,0.2640742895553521,0.17798242362120145,0,1.749163163137021,0.6140040829643585,1,0.46085917761923334,0.21824909671202053,0,0.6710054252252554,0.4154560830136053,0,1.5383729181578958,0.20014782432002676,1,0.35030633206248274,0.3159619774963484,0,2.9022850706401577,0.9165575416875049,0,0.4341756158772217,0.2827426540907957,1,0.11541212194387589,0.06970960563810469,0,0.3576753298422924,0.3328318733771459,0,1.0905515455531245,0.39541299641729893,1,0.06813050538820904,0.11276366042892179,0,0.17769149180436022,0.1888832623355002,0,2.058046260863722,0.6334335657390261,1,2.1857457701458927,0.7835871322744492,0,0.24992601284108798,0.2160790944125503,0,1.0202546067420344,0.695533123296313,1,0.155981890606474,0.19208555255968102,0,0.41095032810287374,0.2853202020848507,0,0.7074666944380024,0.30457851640360395,1,0.5264324066281527,0.27577570144592267,0,0.7224579725451414,0.4429278486734476,0,2.1609181784289495,0.48134732376819656,1,1.4304780033848035,1.0995154739710618,0,0.6054029714552833,0.38251235429059954,0,0.4587393197416608,0.10436526992147685,1,1.3593810869053604,0.7558378965914693,0,0.09956321699561724,0.0750191797842428,0,0.9196171822907893,0.4083634093180898,1,0.36769219532093766,0.2199751874755065,0,0.29124969581905485,0.23643692219438303,0,1.9689310929346402,0.5703861985780341,1,1.283722878854285,0.9679342106657887,0,0.8432151120319101,0.63175223073826,0,1.077014533128009,0.2941188360762113,1,0.32340932082087503,0.2800855981778036,0,0.3883223651291661,0.2315880892310116,0,0.6781145824703187,0.5706377348695265,1,0.13504169548264935,0.11273131032124109,0,2.8463842073947303,1.5696171682497686,0,1.3462043975338074,0.49880256274731116,1,0.47163742060863917,0.1856961499281282,0,2.4162231053083,0.5543103694236544,0,0.4116237705480407,0.32929822579210954,1,0.13634881534775453,0.29214097735446887,0,0.18052776901836282,0.09751140182942139,0,0.7889566390922849,0.35060344298600316,1,0.23027706667085068,0.16222044493738397,0,0.6014558053510403,0.24566087875016307,0,2.0111338306891478,0.19880557097730958,1,0.3457486041418495,0.4422637113654803,0,1.6789654216312233,0.7462910029279294,0,0.5949004185430488,0.3592741575450426,1,0.3559611045011969,0.2762655004461239,0,1.545721104703294,0.4652976703371493,0,0.743732835644159,0.46825864857843147,1,0.4355567683092957,0.25715162347377246,0,0.540495595054137,0.4557329425005075,0,0.7559560412221382,0.3477457896897211,1,0.32963416956901803,0.282427884079364,0,0.24192921877476356,0.11279770242216641,0,0.978011056125298,0.36174387608206704,1,1.782245544388648,0.7612334799912602,0,0.06044968375970859,0.10997902110324408,0,1.0169031295206228,0.39086819608885653,1,0.9991783373504465,0.5255610978325843,0,0.3919788090272588,0.2584664890851596,0,1.2613035801005854,0.45465255791707126,1,0.3753588254978078,0.3923154711779135,0,0.20410941958893866,0.17694622706872482,0,1.6753495380125396,0.5872013314762871,1,0.3750715386603061,0.32639455694349756,0,0.6299011246794854,1.0196902880854697,0,0.25869234776689887,0.11455546735872787,1,1.986769478810259,0.9728144311573779,0,0.286609935388477,0.24978008683970898,0,1.1783032584266624,0.6164433244127189,1,0.40762630454036675,0.2943137258639245,0,0.8839594546165015,0.4669732931466329,0,1.2940982120420699,0.5276559130568304,1,0.12589183342480828,0.1431792171001145,0,0.5146600293543904,0.34691162482897103,0,0.3741761239809168,0.15781137743417956,1,0.3316843796731982,0.20280900154145964,0,1.2703440923873335,0.5305585067611879,0,2.2507147277469133,0.2641004795910484,1,0.22124049320302802,0.22672116033367956,0,0.42444996063790114,0.29028047609844426,0,0.7177289601847584,0.32093611025491753,1,0.02297534159583515,0.02879281142498725,0,0.060746418654839554,0.0791096569313317,0
101,1000,0.9,hgb,0.8897356954450746,0.002677380151828112,0.14947516969718488,0.052873028003702874,0,0.524084695101084,0.2913848348970417,1,0.1747718798234579,0.0887336555361205,0,0.4532314216534295,0.20791627172280627,0,1.2425395607338126,0.6136378015332733,1,0.6841758397751472,0.23781532188970653,0,0.5484473005584709,0.20910218833790703,0,1.1548540713336144,0.6318629145405232,1,0.10183534832756416,0.06188231085609782,0,0.22184273923386919,0.11526167809202165,0,1.0549268934029592,0.12188943511332742,1,0.6450432787649099,0.4562547936413636,0,1.168154891549166,0.5896408649998016,0,0.9833956529390211,0.30532087082738485,1,0.46587222336999073,0.1811507497821492,0,2.392939334346817,1.0654997194707452,0,0.6534228487285756,0.5917847246207275,1,0.32375466839957,0.22724628556653267,0,0.5318273946678671,0.33968972162601163,0,1.2148692561642975,0.2666080857139249,1,0.3907592175429334,0.20698705852051105,0,0.45438029255356377,0.07601754061951833,0,1.328381666925501,0.38844753007024274,1,2.263096707431405,1.2814842977637533,0,0.27768875195887666,0.06518920928445773,0,1.1514697978940178,0.549289285471226,1,0.3747389016998735,0.2827457680047383,0,0.7219489101413725,0.4015887747361692,0,0.6443347108135097,0.3328181891504337,1,0.7373565982156751,0.43590944525132036,0,0.5515291264040297,0.32180571807340186,0,2.399213415041271,1.1293774804236065,1,1.079708810847389,0.5581062648787559,0,0.7339602407417527,0.37564224249262357,0,0.6068381619253671,0.4608379313388429,1,1.2566459885300367,0.7792061916045611,0,0.06790930304321892,0.032332074313699395,0,0.5944777097099554,0.37255099651290874,1,0.2327789711121469,0.2842332858555764,0,0.313885908219257,0.22014620622090253,0,2.66215088241469,1.0093572477067296,1,0.8433491092178003,0.7875578708201171,0,0.659146094870376,0.38204785226529303,0,0.681438666664149,0.0572013287691563,1,0.2658286240044581,0.08667320682840157,0,0.3424598720294944,0.14706329958065234,0,0.8060956135171778,0.5876841909813744,1,0.14072774051404865,0.09456720386895641,0,3.1820131167710857,1.5076792819711275,0,1.5313671616058995,0.6842361298839074,1,0.3925397513855863,0.12985855272534794,0,2.8120478863813125,0.6087382130526854,0,0.5584334705506221,0.26258795864801,1,0.21625427854479487,0.1470585886796107,0,0.07622099674217567,0.09088974623231792,0,0.47630351193054593,0.13365902855108833,1,0.188189447601035,0.12665637881364405,0,1.105083161026598,0.4446773617219499,0,1.5528260579071855,0.5827816758458149,1,0.30954368207454974,0.29978628207612773,0,1.0333921703541518,0.5801611190218539,0,0.9377496061733875,0.30990910042240366,1,0.5129262407035788,0.4335452495354361,0,1.700984436614958,0.9265462745096914,0,0.7293133500073116,0.14788781391433795,1,0.2978729108536547,0.24044102426733852,0,0.47951476657299796,0.31618549682926256,0,0.5720332849995619,0.23980010360605034,1,0.5379556423478032,0.14295095751886816,0,0.31291471306646207,0.37351483523122875,0,0.8724856015255437,0.1871450600868196,1,2.0130526043314343,0.6694950011682638,0,0.17041866950374757,0.14184749572884575,0,0.6422727931791703,0.33959084448285637,1,0.858804052343066,0.44588152177265583,0,0.8205718103179527,0.4005495677137252,0,0.7872904485267498,0.31786891662135036,1,0.4606496486551957,0.17098049000827562,0,0.19432150953402277,0.08155881326566851,0,2.190463806422744,0.8049171195767262,1,0.7927067028765037,0.4518930159329446,0,0.29037729781533106,0.1902429759226689,0,0.46940195167091775,0.2056620282277748,1,2.007236454928026,0.8487083276870253,0,0.3708889187054493,0.10749997395524728,0,1.2065193747935192,0.6311332575758425,1,0.3373672110686471,0.1700128464277346,0,0.8633248782305522,0.5731693287590989,0,1.5945355397472956,0.7173975584586635,1,0.2570685261251424,0.12053440902171776,0,0.6253985037730004,0.3288228728055972,0,0.7782861607290418,0.3258590407537559,1,0.6276491821478085,0.2563796745069527,0,0.8866067993363173,0.34345547196346726,0,1.5937972272847554,0.5164343710681502,1,0.501632378883255,0.28119050213381663,0,0.5046167520820696,0.16206774968463122,0,0.40426478746108396,0.10494602532841492,1,0.05410236879782844,0.054544335458191776,0,0.08208731616326556,0.051719675509069016,0
101,1000,0.9,ab,0.7635933747959618,0.019002649191854886,0.00798762168269886,0.01597524336539772,0,0.3193110156321739,0.31143707943443216,1,0.11315422605589534,0.13709243694923312,0,0.4544238211014423,0.07655849110821586,0,0.45495931291614705,0.3747598615149071,1,0.49921598075226986,0.4211378970184143,0,0.2734502134474821,0.23441323747281068,0,1.6931244940037544,0.6184551928971174,1,0.06504683755407638,0.07175197042460899,0,0.10148501934429914,0.12323588263046328,0,0.6376121811919563,0.4935470667753242,1,0.00036735726436802477,0.02415889337794952,0,0.8274251107822694,0.25750913622441773,0,1.6993549831614068,0.5119212722800229,1,0.7659473623236691,0.7782513599489932,0,2.0695466788943007,1.0800528229363264,0,0.4004830619021975,0.46488910668132727,1,0.17594251377224226,0.16875495444660507,0,0.8305913407460521,0.6826564038699171,0,0.8898251729480554,0.4501489168890697,1,0.08740691561988839,0.10647664568741866,0,0.027529790582919135,0.10965984987134562,0,1.4430798092267103,0.7944820430278475,1,1.8553298132078235,0.540025384021641,0,0.6310974562932236,0.49401269455865826,0,0.35781570627386633,0.392155309920642,1,0.3378840218030262,0.14480212528886677,0,0.28393766253228564,0.2926219842426501,0,0.34759932092276735,0.1564508199552331,1,0.2978633380354799,0.38203529675725306,0,1.859298557047206,1.0959253977032988,0,3.391137931859415,1.970081577402847,1,1.3341399959359703,0.7189840703984662,0,0.8777042640376873,0.6453996029964476,0,1.3135392699354085,0.4169387205897013,1,1.503719553899691,1.1805258870766777,0,0.11324293104550684,0.21956260984247933,0,0.7871112237913039,0.4367978099949326,1,0.9789954023769006,0.606710864943185,0,0.34867891414049107,0.31099190652929964,0,2.0645885217407365,0.8984065989933632,1,1.1930890105910124,0.24040979717913932,0,2.7814727085868896,1.0160453569033197,0,0.3804854441409091,0.24427846266807057,1,0.2858340785817836,0.35208696709112836,0,0.872373191991678,0.6104870958237014,0,0.4123227786225023,0.27498458505073003,1,0.2550866613302181,0.4425886222199073,0,1.4801067670134143,0.7073316525200524,0,1.7618148840533778,0.7389605346044549,1,0.7491227926305009,0.589903529915022,0,2.684074659134511,1.185115378173103,0,0.8938745417954138,0.5641296660249917,1,0.5662928987422028,0.3503372721744157,0,0.3055343231701082,0.25495124742691777,0,0.5203415591494224,0.5119391973520203,1,0.22537186015611205,0.14831672723643727,0,1.6849888008907705,0.5700056512993376,0,1.8403850879588277,1.3723598098377272,1,0.25343475240086233,0.19956025403891128,0,3.7198115308865285,0.8464635206137523,0,0.5116895792081907,0.5307173974623013,1,0.8086572929708538,0.4054592445399617,0,0.560201292846833,0.3474315837889651,0,1.055718395144156,0.38607404915405735,1,0.3860587706701915,0.28347739791176335,0,0.4124994812649992,0.3224652132916552,0,0.6205318608412369,0.42800725807827705,1,0.7926094154029442,0.6013211223002922,0,0.2543411796651649,0.49923632274879326,0,0.6522589812053908,0.43989867768350477,1,3.345871260598288,0.6064855091148592,0,0.8727054522421682,0.854086385986629,0,1.1189394044593524,0.6627346420644447,1,1.4932695961714524,0.6964350047156909,0,0.49763860947065064,0.4452747568267886,0,1.0275817177176234,0.5279823677546909,1,0.5828812312163006,0.566920194892184,0,0.12966012664210647,0.24641578704692482,0,1.617094221453074,1.1048865140132227,1,0.4906104991961387,0.6884042102090636,0,0.47440744098302706,0.23851838621238594,0,0.23697134127931246,0.41107298628025074,1,1.6824668592108183,0.8440343115426442,0,0.8086097984833762,0.6545082284805095,0,1.0128033961607974,0.6030024984419576,1,0.09867586756286544,0.11442063834194091,0,0.6889891097863561,0.38145403212729506,0,0.8668922645429585,0.6857798916444756,1,0.11621252938403137,0.13330569056131805,0,0.9613249004776258,0.43997943488219293,0,0.36986184783777276,0.2124409070448732,1,0.16728594612108091,0.22424210232865574,0,0.20701068436227427,0.1561654605270448,0,1.873088914686413,0.45471987440433403,1,0.007159431573540871,0.014318863147081742,0,0.03710400209284777,0.07065084866866227,0,0.12771518206211666,0.1345440330073965,1,0.0,0.0,0,0.0,0.0,0
101,1000,0.9,bag,0.7981579019554742,0.014831437035706064,0.26403269717616284,0.23942236195731584,0,0.8801664696192228,0.2793752008294513,1,0.291468296326665,0.09506282234971533,0,0.19568726218464086,0.16665181378755653,0,0.48174312351669685,0.21527730197082584,1,0.8647726870121204,0.5289991210762468,0,0.5525554797931218,0.5201907767096267,0,0.5177843407425545,0.4530763313843359,1,0.5243906734487437,0.27820077113613695,0,0.4196126733158104,0.39332499269880944,0,1.2075194859407123,0.47337163357142853,1,0.8273066168405439,0.5171299048847218,0,0.6968224756078658,0.3528299860261847,0,1.2668483616203279,1.1573038073053297,1,0.6940626403528245,0.5526745400909125,0,2.2247955591098085,0.49823786292236255,0,0.6983229027288542,0.5529815538888647,1,0.33634315405226095,0.3816195272674178,0,1.3247495381007757,1.0505489301009945,0,0.911702430986766,0.37382953316797357,1,0.9201899772676313,0.9116298416812553,0,0.4610728290028268,0.4970365968572397,0,1.5956066281212888,0.6884251423984629,1,2.6900373000135103,2.439411426432202,0,0.6538410337249029,0.6753857160010891,0,1.0357490865720234,0.6394892159707556,1,0.47251531713151323,0.33652918816378713,0,1.207210037995133,0.9391228202810327,0,0.870518351129365,0.6086252855010282,1,1.468513791859533,0.5417427244431909,0,0.7767690430879145,0.6783002567459648,0,2.4430577906601583,0.8459241228015402,1,1.8172054598783802,0.8144566217763555,0,0.7282431399905012,0.520790271121766,0,0.9777059980275254,0.37991593768861953,1,0.9525036151974309,0.5801891956920004,0,0.12842403937345673,0.20500833334975394,0,0.4934147380279123,0.4419877854905179,1,1.0428367481393035,0.7039288142795248,0,0.5186489345904686,0.35410479165546266,0,2.325055111752442,0.32944385324271147,1,0.6747559123742574,0.48935676103295683,0,0.8760776344069298,0.8722418939677773,0,1.046466430069844,0.3586800954231573,1,0.29928566138392143,0.3399228326689066,0,0.5712257651934318,0.4284920867724493,0,1.3439153474485654,1.0941082053520332,1,0.08378212462718096,0.30939160934249066,0,4.798105569646158,3.0499583690833485,0,1.420379814981748,1.3598451652522163,1,2.2180824036181286,1.5109163149693114,0,3.5250833810021973,2.147745748174597,0,1.142894612241592,0.7697798770140951,1,0.12775372894269668,0.23177982177150855,0,0.20028364194566378,0.22836119535668128,0,0.4028723982068919,0.25500146789069433,1,0.1763860141532307,0.2399118874876556,0,0.6988218504729102,0.5151581598077817,0,1.206202222764797,0.8103766617238706,1,0.5899359876787184,0.3960746946735553,0,0.6776694508780927,0.5760825834737563,0,0.897814633781512,0.5592994227727468,1,0.6856540692320994,0.47638415524783423,0,2.9350378334453198,1.9973916486749976,0,1.834109880951613,1.3845620311864841,1,0.4456123041763675,0.3374368735909136,0,0.6086676221814706,0.27922596758593826,0,0.8915286599769399,0.5026160531315325,1,0.6176809381940525,0.6637401538200003,0,1.2473865669414241,0.6879276705199819,0,1.4003099586572207,0.7039493877816442,1,1.8365996127689102,0.5391836637267967,0,0.4887284340213486,0.3816338148190847,0,0.6557662269078695,1.0425553516510644,1,1.5167035166819915,0.5548742009509559,0,0.4856851164091374,0.32434469895274004,0,1.2810926919126064,0.575665020055044,1,0.3401084811359807,0.3837597533353195,0,0.7203847018462015,0.6541457083144716,0,1.4515627054913245,0.8093774107271663,1,0.8294503855397848,0.21645054372800512,0,0.6319594700798505,0.4723824956693409,0,0.7069680999171565,0.43835371353881325,1,2.900483660635477,2.0316165782917377,0,0.5810307071795028,0.6962298983640478,0,2.0569768901544307,1.6576381878659932,1,1.1576772279766254,0.9251022575481602,0,1.3338104672354518,0.9619324920267841,0,0.8461613643876156,0.7072828216199991,1,0.4085226856810228,0.18779937847355235,0,0.34475685008120627,0.29885379033343706,0,0.8351793158846373,0.6395871527580297,1,1.0319942767993093,0.7757833235652565,0,0.7554738113007655,0.9988062981640002,0,0.6729078897657695,0.31954584537318625,1,0.41278780327744113,0.3127109304055207,0,0.2925613878617273,0.4875159003571964,0,0.2592649149802459,0.42674707996001693,1,0.03904790796144013,0.12692994536181745,0,0.07177684779754015,0.07959883322249159,0
101,1000,0.9,mlp,0.989672403021687,0.0012029841367444173,0.08384233672926222,0.048074883914596876,0,1.9682166735427553,0.35807611477551493,1,0.046128523420571096,0.038540328575763144,0,0.07244430047250584,0.030351680926104945,0,2.0964696877561075,0.6118004695815349,1,0.020576200940141398,0.02548912849126031,0,0.1685816857711452,0.11814257430728921,0,1.6506669191114427,0.4873715850351726,1,0.021888661627469486,0.04762740270545453,0,0.03350195201128674,0.047889978775182605,0,1.751273677237337,0.41533788764894475,1,0.08975371714924789,0.0809025434677236,0,-0.01512939641825213,0.026416141679030745,0,1.8398242481923046,0.6472123585775359,1,0.0761891284322864,0.05032295047332713,0,0.08105315662094821,0.03768832067500288,0,2.299691227056839,0.46961844907107386,1,0.058619312668762705,0.08301278698293339,0,0.021070711892869,0.04732985719682039,0,1.70077111906816,0.3927295361426311,1,0.0057100140250216135,0.025889285210211898,0,0.10749762257792828,0.09234509520435438,0,0.969152556768535,0.366903255450583,1,0.18490380884646537,0.09096415991658681,0,0.031511173596695405,0.06246280562627013,0,1.5199740720538633,0.32750157842379923,1,0.007879900757252777,0.03492711076530149,0,0.055674252713155,0.10322195472798402,0,1.202896162192308,0.3292528954313311,1,0.0778333338674767,0.06299080875162313,0,0.052969657352989065,0.050936872072026865,0,1.8935442471800905,0.6286714597865272,1,0.005310826439706779,0.026338127360858037,0,0.0636038300577083,0.05895849002144531,0,1.705049927013032,0.46060801678555274,1,0.023863135186776595,0.041968919819719445,0,0.01573778244607648,0.031147922093981456,0,2.4423346622751594,0.6469987311701321,1,0.04570152596909295,0.025779041419650203,0,-0.005062326973520587,0.026228919680104986,0,1.618242791474474,0.39202487413706805,1,0.01224143459840397,0.018420592944197917,0,0.20474253673221207,0.07982268334732992,0,2.3225673122148685,0.6018801963399167,1,0.1835406500788827,0.13179562317605642,0,0.19633449122013164,0.10051622848783762,0,1.2847321597144707,0.354133836640775,1,0.02338169347227206,0.035147444683829694,0,0.07123840986369841,0.03624152212660076,0,2.0774171465053506,0.28372283717412516,1,0.05519731424705786,0.05265060805581527,0,0.08758342239311666,0.03588632505833309,0,1.2479206238662228,0.20818983863158086,1,0.04455732444933249,0.03999960797841662,0,0.0422045988404442,0.04756176286462903,0,1.8259797429205318,0.15907194149773202,1,0.06016073360938741,0.04231688708122422,0,0.02076829009811863,0.029966259981658812,0,1.8691997221274317,0.3516323723791278,1,0.05844249137297787,0.07164567167793418,0,0.04532558940044769,0.04752895681093922,0,1.908783261370034,0.35435069342377534,1,0.04196058831841494,0.022706215544137733,0,0.17194686846336074,0.08749126397816281,0,1.19835483958189,0.1911943285943959,1,0.124407373476937,0.055864807781093,0,0.04396332850843735,0.061435759464261566,0,1.8628319959316475,0.474996235162526,1,0.047356365175918805,0.07520798919693461,0,0.061638405006908384,0.05310202148279708,0,2.193221692409188,0.5845367434713911,1,-0.010829317305904078,0.03296362794477917,0,0.10365021782142178,0.05644525650948089,0,2.167774223332441,0.5053268813541996,1,0.0012044952814482437,0.026189994111047096,0,0.047407048213762536,0.053245839343226936,0,0.8445480062897358,0.32174035324233563,1,0.10643591346394798,0.04287724443982456,0,0.01523229297153278,0.0164461458446275,0,1.468750024493528,0.2815656580666992,1,0.072040182884461,0.03635678066863187,0,0.08235346774009275,0.07970777373031453,0,1.4157822950769403,0.38654083616351714,1,0.018128604399846378,0.06206251469158038,0,0.06806590496855885,0.05774168702213895,0,1.478330235285679,0.3073158473241073,1,0.05674372164214705,0.07521735862063081,0,0.02253321230248443,0.017592717597009696,0,2.1895772295647213,0.29472753316200473,1,0.06699885632469305,0.04806629587203354,0,0.0438924193022427,0.04806019569401759,0,1.6375697074325681,0.4211739409933308,1,0.06802473595838196,0.07609620030242506,0,0.056760061877745606,0.05002252363385785,0,2.3060323878561233,0.33306932214961427,1,0.07941939676952142,0.04839200802997791,0,0.036929237007140826,0.03865557671584451,0,2.4410764728334224,0.6579751204962583,1,0.130996847186496,0.0805940785370605,0,0.08285134817193494,0.09227970003407907,0
101,1000,0.9,svr,0.8583319435997186,0.022875530418850935,0.43230024726783434,0.1603551333365036,0,0.779247952989391,0.15945532754793357,1,0.4074412667008837,0.16461555055774046,0,0.401763150090947,0.15706331591607076,0,0.8944325010761526,0.22984950793108966,1,0.6361021102004889,0.1851783444928014,0,0.5996148064966127,0.19642298396988825,0,0.8175127935824161,0.24631497383047482,1,0.43092457311772214,0.18198287339145702,0,0.504670174395737,0.2912808976002976,0,0.6886152691854207,0.3081603077810489,1,0.5369449348505931,0.19865751061240117,0,0.6062805859801461,0.207887016359912,0,0.7525084544467732,0.23432536174239338,1,0.5637046211073702,0.1518754005242933,0,0.8070930220856732,0.13884461285699715,0,1.0186208200763034,0.194267407765485,1,0.8414909096786557,0.16004808201085668,0,0.8565005411154327,0.233789600114847,0,0.8631092025726812,0.1955003826733067,1,0.6691022215169482,0.16240411716458944,0,0.7027644059988829,0.13390161172925094,0,1.1327379209459267,0.23794526243532205,1,0.8904927849029175,0.19607622184625384,0,0.7245755657874293,0.14401167765450867,0,0.8346789688593137,0.1924146559807926,1,0.6955673912255016,0.17132734164217753,0,0.6591938590574388,0.15743902918699484,0,0.8943707145383055,0.22817303360185298,1,0.9431817885717205,0.17689111242917144,0,0.8554017040991722,0.12757241169984262,0,1.2999079537873133,0.23146796474011122,1,0.8369606561239598,0.13201025759944215,0,0.6776657586956253,0.13654461793322392,0,1.026069480615638,0.2149074828891016,1,0.9125426326933243,0.19236355789256812,0,0.8621287212799744,0.17725458127400223,0,1.1460267485148896,0.19806239849269547,1,0.7751927891200148,0.14897740284700853,0,0.8696765149760942,0.16538973378391092,0,1.0039379073581394,0.11826757273144034,1,0.8918853057891069,0.1646456268771033,0,0.9697721899253798,0.196243185241632,0,1.1088717340616334,0.1483024477484714,1,0.788848812623615,0.12410975042903018,0,0.9178074628832171,0.13586971324909392,0,1.0111770517270942,0.10007758201182362,1,0.726675478250213,0.1342287014132389,0,1.0223453609490951,0.12232615743715251,0,1.2359233817625328,0.10857978710157913,1,0.9334423400004418,0.1342945710329246,0,0.8402419016560078,0.14330166435623581,0,0.9223581920125534,0.20246338764265298,1,0.7208557863419347,0.21919429474927835,0,0.7098346692605306,0.11322558422806754,0,0.9566753877092864,0.16236198023199705,1,0.5783481309844489,0.12068000528372233,0,0.7615835433146192,0.14827116761476894,0,1.0705334504186124,0.13476701095339122,1,0.7458334885921374,0.176155655990282,0,0.7596804312203649,0.12590556029685007,0,0.8513119624804096,0.15518517014589944,1,0.7199303314676839,0.13708430317489562,0,0.7258862982135262,0.15750705166668158,0,0.8605124087826944,0.1868168250619653,1,0.7334737055221432,0.13385315541841314,0,0.8127085827500883,0.13447137698954237,0,0.9041709647406376,0.16751731099891007,1,0.644180348779373,0.14180446328662888,0,0.8023922987874712,0.2277511271932924,0,1.047156337194122,0.26378325247182494,1,0.7510656205249149,0.17960089862279122,0,0.5147598591096874,0.10209968039158658,0,0.7412282099025227,0.09611755059084309,1,0.7083943764724359,0.08388779496760451,0,0.7591915474600825,0.09085795463491546,0,0.7655487445677576,0.11843099670084817,1,0.7163467712612585,0.0904616455945051,0,0.6073993139338828,0.10481167295972693,0,0.8825136740158415,0.13168919839096022,1,0.7001316134959377,0.16718140837982898,0,0.5855264632461818,0.13729440662231576,0,0.9592005859604653,0.15275685218568896,1,0.7908030167572342,0.17898441268666734,0,0.5990580176861043,0.09555131694461756,0,0.775647245745774,0.12976089343547786,1,0.6373122056865523,0.12425388540788095,0,0.6734782662247184,0.1432500952920903,0,0.868891976859467,0.11392418659523416,1,0.7638521888137199,0.12381950567027818,0,0.64146208600766,0.17225563786293066,0,0.67952643385069,0.15609816509427937,1,0.675072723513722,0.15488662726162852,0,0.6004686968759307,0.1499210880606598,0,0.8372281687128271,0.05321476874787637,1,0.4652598227495936,0.11699981379241267,0,0.5037154960801355,0.1154317594088136,0,0.7346570220703807,0.12002041156890496,1,0.33347497621751687,0.12121313718344644,0,0.18050312202842067,0.13816561786686685,0
101,1000,0.9,knn,0.898839532389734,0.007871899681237533,0.0834455287005573,0.2724186024344189,0,0.3251795524719942,0.2507972808355855,1,0.2492980898822373,0.2772263273589779,0,0.2675561190174682,0.25331603777818434,0,0.38423670677417976,0.21478223191749812,1,0.11915097683251274,0.10960764319186617,0,0.3073055716224614,0.3090056129304712,0,0.634866928955369,0.5365462227912893,1,0.4678209352006504,0.6881899247984719,0,0.2721353208430144,0.5477831704550824,0,0.1914777013714814,0.3489984985213001,1,0.49542107447595435,0.3801912419991723,0,0.3761663012296853,0.6751494098855881,0,0.3682998611211075,0.6412597770410285,1,0.12112066397184021,0.8865569278594627,0,0.4202175605200494,0.8808404750024738,0,0.2523565585155413,0.6682493477832057,1,0.004929147600029405,0.5726795588367404,0,0.48904856663118046,0.5573028533120521,0,0.3632988812506529,0.6372617711520844,1,0.33365136924237826,0.5960171741019225,0,0.2935303561685947,0.6232644904502618,0,0.5694491529402143,0.5250661024191307,1,0.46275501916507256,0.6348124942676959,0,-0.10516495756079387,0.17047156073557052,0,-0.08235339185663289,0.31171701657456263,1,0.28231214471900057,0.33722313456063113,0,0.2679225859649246,0.3330233407410717,0,0.46610547278767545,0.23210920800523638,1,0.22027682471640206,0.2349827428356428,0,0.2387871906945313,0.5060329862393562,0,0.6417288242570612,0.45945710353387137,1,0.4933166018726601,0.41674386287318155,0,0.45271026107320234,0.5403467183297638,0,0.4224303933518545,0.7014270606227018,1,0.28340088764287197,0.41093895856661994,0,-0.2881095125642893,0.36638273164810203,0,0.26976083994353567,0.2692514609559005,1,0.01659584954462089,0.20579179672100356,0,0.2207052133847503,0.21916929336677798,0,0.6050381871193589,0.26275808138038736,1,0.5485444257826285,0.3444534568305966,0,0.6427749497441301,0.2950670716794418,0,0.9061117472480109,0.3925650306418544,1,0.4522753283889921,0.281478797679801,0,0.6745889403105685,0.7433041001102443,0,0.6478551584069226,0.701967500588735,1,0.4578003252927602,0.6726030487479596,0,0.6086292784707303,0.5193770492931782,0,0.6220755141109915,0.5590328387139764,1,0.4360307922096743,0.432536647340707,0,0.26910372729755205,0.6663481899697813,0,0.1824740006789869,0.7089646354368145,1,0.1559895120683102,0.47454950277712393,0,0.1292119578803677,0.29833165593692396,0,0.3734936996027657,0.3388238172946575,1,0.2067016960955807,0.633660523993035,0,0.663904055224596,0.37744848566095984,0,0.6053035318600015,0.6576815243115502,1,0.35383802233239775,0.6384864452228719,0,0.43793577541124645,0.7590559678046815,0,0.34900894050017994,0.1106164438237469,1,0.19615399850662177,0.21641310978392486,0,0.3577884678404347,0.4500099542786922,0,0.3444523492790713,0.35398929879656166,1,0.234376590533867,0.2474751856156094,0,0.3887046536347848,0.3054471138886808,0,0.5971000770355883,0.25707943874366646,1,0.6631995994693822,0.3900310285831696,0,0.7388988554164663,0.4111980888621823,0,0.8793610645120232,0.4748007577962868,1,0.7024073877410979,0.47900213936031916,0,0.4506427197428902,0.6045272412273183,0,0.6372619930446071,0.11099368433513093,1,0.5176008323936625,0.2818225741373893,0,0.6483656638829813,0.2562697888064287,0,0.43065089618169894,0.39077901539536253,1,0.3497663173382108,0.29616394783353295,0,0.2956539090590599,0.2673919202223636,0,0.2660962904723873,0.30580244726523115,1,0.4784298497593428,0.23210118146860684,0,0.07024725554484293,0.2948442961829677,0,0.2925105619063949,0.2701545260362388,1,0.29878868266129877,0.2895963501805276,0,0.25009904903845975,0.17890169260132596,0,0.19528885957815328,0.2438589976667185,1,0.14339344760606182,0.3382130990959445,0,-0.057936200708715094,0.4180443981081002,0,0.011890900570059282,0.288840076884505,1,-0.03256059063327925,0.48507952961543827,0,-0.22346338244488403,0.3673594371223497,0,0.1370692992647921,0.24316149008000323,1,-0.22013050849717009,0.1816227679866238,0,-0.10003966329793368,0.1024136642827579,0,0.1814827093569694,0.399544164235562,1,-0.13852392191157775,0.2848299623538942,0,-0.18436159931391652,0.44820963384281814,0,-0.10560326405172975,0.3070523495086137,1,-0.24433408342282217,0.6410421031297794,0,-0.4958579037679927,0.3778006507364092,0
101,1000,0.9,SuperLearner,0.994157781462941,0.0006492503881509182,0.028253398804160806,0.024599263305229546,0,1.9543724406272531,0.2717351852711763,1,0.014439414415197596,0.0182011036848032,0,-0.0019833530266716226,0.002499021193362652,0,2.2326795101582007,0.34744081973784113,1,0.0007941076816572231,0.0176497589107849,0,0.08602403887113773,0.049391049621841654,0,1.8338540729094088,0.3026059365687793,1,0.04556053164462044,0.043354516219933616,0,0.009315260512848575,0.018877774417482673,0,1.9326932877313208,0.3635350873057171,1,0.006219091502984266,0.007938145963745468,0,-0.004302680057271236,0.009982271862377937,0,1.3072501294799617,0.29276394110822734,1,0.033204921647810845,0.038304119136415876,0,0.00604451211895269,0.01311232889324402,0,2.2278594385988884,0.383571532194346,1,0.015224733803749549,0.020497552926132225,0,-0.0038519647906667598,0.009657884202974294,0,1.6559613100975832,0.43606018531274426,1,-0.000768442849210124,0.004520196464973122,0,0.007135367649079641,0.006934595178796587,0,1.7921293117128598,0.4329990994012677,1,0.05599337947297023,0.030734045098372704,0,0.0255822670839325,0.02676958595807255,0,2.0090535726966605,0.1887214330049704,1,0.02200139912517904,0.02042903056809404,0,0.023646632981693328,0.0411716058583358,0,1.6710542409743845,0.31916828137174963,1,0.042417317060815904,0.03926684766350974,0,0.01808766578443536,0.0218485196247526,0,1.749385412768263,0.26943604232579693,1,0.006971688775726062,0.014939707818796676,0,0.009659183042186565,0.008912087696933644,0,1.8126463484707909,0.20233534106757892,1,0.006099453371073804,0.01524646193532251,0,0.016593168088534355,0.017805108706787094,0,2.2104285096986347,0.3985242602306567,1,0.004500732870460074,0.0021287260555639263,0,0.03069722785603419,0.01829387458457671,0,2.5463940913193417,0.2742554108480433,1,0.06743525509584933,0.04805728336183007,0,0.045528487855124714,0.04472590081762528,0,2.490270299959824,0.5114154981224358,1,0.046657889853443955,0.017027298728014537,0,0.03885659105247673,0.0210956065778234,0,1.551266171298393,0.33488703093624933,1,0.0061112595164887155,0.007380085665616922,0,0.012512583256665677,0.016680718965938646,0,2.375969526457094,0.5817171013550297,1,0.01394479896957159,0.01858925258446364,0,0.016751062423383034,0.03918959104208817,0,1.7483058485320442,0.19828090110875665,1,0.024361845743797406,0.011005894715432547,0,0.030337996418808084,0.01721721160315886,0,1.2935227699963456,0.15519096029995083,1,0.00406499905108145,0.0016161848368427309,0,0.00226843204717292,0.005130563344507429,0,2.0262620968845337,0.14642483663618416,1,0.020301845218217596,0.021477077506431692,0,0.018816601522588912,0.018595491784514084,0,1.864385115274184,0.3460579110982255,1,0.0044638276105799565,0.009784983899335287,0,0.004293158093194761,0.00518391552912623,0,1.2278227906600867,0.28702793463264964,1,0.02386014710801266,0.03230345697813728,0,0.009586735808190689,0.01067417109685881,0,1.687890443353253,0.301253394311597,1,0.03341934468360651,0.03895419173631276,0,0.008077117103793866,0.008924052192503093,0,1.9024517275138961,0.2640797766739196,1,0.005110383932328487,0.011192824280861996,0,0.004192143608441223,0.009440790337426458,0,1.866151284387503,0.2199507839325624,1,0.000388095221732997,0.006725542505946156,0,-0.0011645082613648146,0.007912617323193713,0,1.020798171472727,0.2407332817857682,1,0.06727144758075629,0.03163437619261973,0,0.0038382901879576285,0.012988815901682226,0,1.815440197654533,0.2952227582679819,1,-1.593118471931148e-05,0.00496099713929037,0,0.005303011477023367,0.009946911233480214,0,1.70930471254801,0.32342360348692084,1,0.012058457880059223,0.027094253668903643,0,0.023994117225493935,0.022456539601826565,0,1.5860511279955203,0.24127034452939009,1,0.014076621832245704,0.0129846951171689,0,0.01387092673312805,0.009128627027265832,0,2.46273725596453,0.4176506239719267,1,0.004708961113529278,0.00541102780804287,0,0.025661254861116266,0.03450636090785733,0,1.7430161424682915,0.22272369349436671,1,0.07469408037912414,0.03875148557226806,0,0.0030566997849449996,0.007279830585722926,0,2.054189489439943,0.1145440695470301,1,0.022300703203517222,0.01985028778068914,0,0.004227092351105574,0.013827541913853615,0,2.331946253502542,0.448553284083598,1,0.008812683182004564,0.016834598237738547,0,-0.0020500268039739923,0.004753021433959216,0
101,2000,0.9,lr,0.9943039888789803,0.0006416151602249091,0.005884534856443916,0.003894033370101818,0,2.081586386397769,0.179368356515434,1,0.0003462828467442365,0.006892104688766982,0,0.04566687501303293,0.02711754769255758,0,2.5237786902237924,0.2846194253275837,1,0.008794691966964823,0.010607564863033698,0,0.0030991794144154807,0.003759051539315061,0,1.5830072522337981,0.16714313606524034,1,0.027805607232310098,0.008774446830456693,0,0.004777053268268038,0.00948795272484214,0,1.86035909100988,0.17915147258198486,1,0.002994644354456099,0.00317432041844076,0,0.001938546365667072,0.003752704613032783,0,1.9557972970785145,0.139994679891683,1,0.004361349455004149,0.0025020085843846006,0,0.009070300666125852,0.007451598885419856,0,3.0155211776618636,0.13123850095715967,1,0.031932392287249374,0.018510025878186356,0,0.012438329325811506,0.012625014096220417,0,2.303066592546989,0.19737013218361293,1,0.029013460317114485,0.019361259371851552,0,2.823631793036753e-05,0.0004222968090779608,0,2.1047646880010475,0.14198593394731784,1,0.003100099512352213,0.004848906065431199,0,0.008681985610369414,0.008361700378473901,0,2.3450222048301024,0.2515181042553313,1,0.003448279033650878,0.004943506849863827,0,0.00979405959444806,0.0112064628721262,0,1.9463438196328755,0.17419324613199705,1,0.0035232595562211576,0.0031628125749472874,0,0.0016414928623971925,0.0009094388106701281,0,1.4236343478066804,0.10906386656048757,1,0.023710207130668653,0.009607832690677115,0,0.005780409991230015,0.006802347055242411,0,1.8047434753479272,0.11649322245936976,1,0.006597939732952236,0.00686107660701093,0,0.0032263935727800687,0.003271651846170029,0,2.363130663394527,0.18615662642694022,1,0.010595550591746002,0.01025189165449819,0,0.001029489421058541,0.004908421623720888,0,2.0326903223584942,0.20513357524971998,1,0.055953600769843584,0.009165842521255725,0,0.025511105206726663,0.012016941300945608,0,2.048814760282342,0.18052643997931944,1,0.015461023598518286,0.014377203177500042,0,0.009914880370836463,0.007094058617714683,0,1.6729010402474445,0.09049307997354736,1,0.02876885783138682,0.01474677728277767,0,0.00358469672366177,0.006956875127867429,0,1.9436606184231053,0.2110772466125673,1,0.01272353864400182,0.012735359184116984,0,0.01727299866583867,0.019634870279371476,0,1.9592668126770623,0.34830359311926806,1,0.020519883071567793,0.01615049816335331,0,0.019560664684324984,0.013607017987909033,0,1.7200378522696518,0.1858628168992415,1,0.010476147156706958,0.008833961172789695,0,0.011960578979546894,0.01758100379347459,0,2.108221118199663,0.3343783046905286,1,0.022680511467379427,0.007281884415355705,0,0.048024729474769184,0.026965076824724175,0,1.7103594403033102,0.20632338632468106,1,0.015710986844202558,0.011008583598640041,0,0.004119179717466998,0.002368713549827923,0,2.1881591082616163,0.2165737900259424,1,0.025879385316310333,0.016069369949470207,0,-0.0002153559031492183,0.003960302288689477,0,2.3567391681254977,0.10651986972518326,1,0.012340676012430293,0.011769972465340598,0,0.0035121720339709476,0.0026521804358093405,0,2.1229000042456,0.2558095103809432,1,0.0009211790861942406,0.001930402372980409,0,0.00832097091848218,0.004167571478053335,0,2.3825062524583047,0.22936474449368235,1,0.00500386080328704,0.0029473274530374192,0,0.023781294922841808,0.018149370024088375,0,2.2399144583635353,0.2139479227589188,1,0.023001537117300287,0.017298433268001682,0,0.012668736319593994,0.004867507328589395,0,1.788489517040406,0.18870827963660483,1,0.007088181894823771,0.010485630492731593,0,-0.00039068348857829,0.00862393968755858,0,1.5335030374174163,0.11953119863751566,1,0.016032051369377222,0.013393949953796475,0,0.039644709673570595,0.01667787598202669,0,2.589091912698852,0.1488663485668946,1,0.00533019138586637,0.007932809387442721,0,-0.0002497380177189952,0.004145478612917507,0,1.7342211490172015,0.16464543929675896,1,0.014343566513655658,0.01266644711133802,0,-0.00033502285752769017,0.0022194936498732437,0,1.9420457807650855,0.18826740313544707,1,0.011170819367927668,0.00785038047878025,0,0.0006503219674055003,0.002018777420133565,0,1.957344548999465,0.1500780855214477,1,0.002219231399841123,0.002898105141385958,0,0.0042258284612524165,0.0064866441420488525,0,1.6534788575635218,0.10805308882792306,1,0.025022961421748008,0.02170571796360895,0,0.0014261367759167362,0.003945749327589351,0
101,2000,0.9,lasso,0.9586116092090256,0.0012657709142699658,0.0,0.0,0,1.4355742066798438,0.17685453771589008,1,0.0,0.0,0,0.0,0.0,0,4.133140123183936,0.38919857185346746,1,0.0,0.0,0,0.08404166467950544,0.14316514086215062,0,2.2989995587119405,0.16468896056376733,1,0.359910115840097,0.2896068400748631,0,0.0,0.0,0,1.7279566196108647,0.20504539974685523,1,0.0,0.0,0,0.032414043020949884,0.05992165849057598,0,3.0074462438319856,0.17877435066011346,1,0.0,0.0,0,0.34567592537483527,0.2553782504512777,0,3.2651443972412117,0.47689302120593335,1,0.0,0.0,0,0.053766159106389336,0.10753231821277866,0,2.13761880953417,0.2788046013659051,1,0.0,0.0,0,0.0,0.0,0,3.4409627130440867,0.2790054485702436,1,0.25866646213086775,0.15558052557179028,0,0.0,0.0,0,2.0615983976885457,0.4058500499705589,1,0.036096465468477154,0.07219293093695431,0,0.0,0.0,0,3.270369776554561,0.5068891034260573,1,0.2207856935103542,0.26586248497156767,0,0.0,0.0,0,3.0106336204249886,0.36255227925415784,1,0.03573675322208779,0.06161147949359584,0,0.07364668410596226,0.10989210084375983,0,2.652378778318777,0.204985961407699,1,0.0,0.0,0,0.0046398862655156175,0.006125110384153565,0,2.6859363415856765,0.27699035111148695,1,0.0,0.0,0,0.029742163386563936,0.036947663945181924,0,3.0595906756660254,0.29084412433836476,1,0.32777377659962764,0.14106834485023378,0,0.1427268662054383,0.1623811901598367,0,2.799689314978499,0.2088630970658672,1,0.0,0.0,0,0.007988822175236856,0.015977644350473715,0,2.3499616683404803,0.19567299480458866,1,0.0,0.0,0,0.6304564358035785,0.34931274856863354,0,2.6365072869898514,0.18799464752723757,1,0.01011011085476141,0.02022022170952282,0,0.3339337206319386,0.1201334099696881,0,3.0158079526589026,0.5471716423318028,1,0.0,0.0,0,0.0,0.0,0,2.257188010022549,0.4258992528901296,1,0.0,0.0,0,0.21713264441683933,0.16102803321236778,0,2.5783417598755625,0.29621840891492746,1,0.0,0.0,0,1.3260973971375674,0.31408732785219984,0,1.189358181281976,0.425976072265282,1,0.0,0.0,0,0.04394616672387024,0.08477914486512203,0,2.8836949722443395,0.47620811044845973,1,0.03035790444093698,0.06071580888187396,0,0.0,0.0,0,3.2126173889134835,0.5395193969381783,1,0.0,0.0,0,0.0,0.0,0,3.6030751663837597,0.3581128401120345,1,0.04483635823483868,0.06166061584050331,0,0.0,0.0,0,3.0082063301883846,0.4408536901025062,1,0.005911650372798895,0.006005172330869833,0,0.0,0.0,0,2.290460217374389,0.31549312450376343,1,0.0,0.0,0,0.0,0.0,0,3.0532693959272894,0.3508844087853686,1,0.30971780692751255,0.1132487789016239,0,0.0,0.0,0,2.2723833038405563,0.26464533541160074,1,0.5165300339821914,0.09439026542230061,0,0.021937138148905955,0.04387427629781191,0,2.383341959201222,0.2827906532899285,1,0.0,0.0,0,0.019882404551753254,0.03976480910350651,0,3.1153403681190737,0.34232458720081094,1,0.0,0.0,0,0.0,0.0,0,2.2804751433226733,0.31840201008494995,1,0.011275957004955029,0.02255191400991006,0,0.0,0.0,0,2.9533652615613755,0.2557589755313402,1,0.0,0.0,0,0.19917629032985684,0.13452327155870344,0,1.031652974546469,0.17167131103718317,1,0.0,0.0,0,0.0,0.0,0
101,2000,0.9,dt,0.4878514114695342,0.06496661561462405,0.08418825917617578,0.33960554611346044,0,1.035172772794785,0.8027215674250912,1,1.1057981474265801,2.280689696044266,0,1.006736170429228,1.0396319687813176,0,2.073111684521072,2.9713012115971167,1,2.0277088494769844,2.1130548124652875,0,1.6798663664922358,1.6808037107998903,0,1.6459727426134365,1.9499977750649709,1,0.6910356185564848,0.6369310357641842,0,1.5433598617720976,3.9836827671211936,0,0.31620965642167337,1.3655314988712879,1,0.4676813245926635,0.4506461420915973,0,3.761740006371844,2.3499817924173154,0,1.990714484537643,1.8142193413659349,1,0.6984048791042248,0.4532247287993537,0,1.6915413694762673,2.396550514812602,0,-0.04740307985412835,0.4673892716877773,1,1.3009203529514548,1.4149379068794727,0,2.3212938200178956,1.9760520275900972,0,1.8517222318293645,1.9101342403301302,1,0.2622424773532076,0.5412621823101592,0,0.3478800174607337,1.3261310065140268,0,2.9080326952631474,1.8617920415138929,1,5.340899514699352,4.533031960508541,0,1.720913340350053,1.9513247709063457,0,1.038879415457942,0.6626778876731597,1,1.8138896789478078,2.940575902893162,0,0.8281373196337581,0.8528918090044637,0,5.911858001505424,4.651798504962811,1,1.8410743212701661,1.9250176044209053,0,0.38405006997332375,0.4338137087902549,0,4.074782435380746,3.249350911281908,1,3.2832890093307476,5.208771591905341,0,0.8476529663720289,0.5806122611390966,0,1.0353764677208288,1.1530091389983657,1,4.354557535792936,5.473112216733684,0,2.914409092996255,3.6900800966548943,0,0.9037994769158765,1.6149891528514566,1,-0.0740112681569206,0.9267675962070497,0,1.058793458680362,1.2905977242244888,0,1.2281542321707821,0.6916925565718083,1,1.0674720483409765,1.1832586031030805,0,0.16867226977813146,1.1425498102425882,0,0.7442758263509266,0.5313800968607728,1,3.8253509405469783,5.003636552062431,0,0.6551310574588337,0.6835240677249771,0,0.670898143691258,0.26548057710011064,1,0.6937644288120692,0.8913469835546743,0,13.055267105309056,11.6415535973368,0,1.3514126537581386,1.8507419209925742,1,0.8350119485044487,0.8179350047998085,0,5.336747121953264,7.216843326776841,0,1.1794899515041708,1.3082030240927396,1,-0.19214191827278823,0.32525161389018986,0,0.8823788981898545,1.7087236719935597,0,0.36675970594862817,0.6943796492539622,1,0.7127390471458142,0.8158731927909474,0,0.5464450194036434,3.2651033956698434,0,6.743586643846333,9.69877963525194,1,0.48099881925460836,0.9589778128887124,0,1.0390245905076547,0.834682217591141,0,1.175634317929876,0.9966703805921648,1,1.9409887999505315,1.490070042780223,0,2.3162773398975918,3.8060217929525586,0,3.373997284766162,3.285259729558105,1,0.8033896782638218,0.938571690320847,0,-0.2966429696089547,0.7034011524904986,0,1.326199727659557,1.140279780743163,1,-0.1434901642715793,0.7899354172296984,0,1.5278459699572855,1.0664739330543487,0,6.035747921621306,4.445730243959024,1,2.068348523399559,3.4919392692434155,0,0.4466934387465142,0.7627591821195548,0,1.0293839033743808,0.8091504460570034,1,2.8984784732230744,4.801377993868317,0,0.9122694101809294,1.3647792355738333,0,2.44060643131644,3.9477154284791554,1,0.34290043583065766,0.4614030856972622,0,1.1066754450259821,1.7611210119736596,0,1.544459015033576,1.4371423891353765,1,0.6873500008761029,0.9590324676341074,0,5.353837378358235,6.714829109257777,0,1.4297178367373944,1.0731690881199745,1,1.4209332574017919,2.4267676017257416,0,0.7757979935589989,0.9718010531494978,0,0.5680183079351594,0.6768510755843334,1,0.4228302006424178,0.8383709064756704,0,1.2863066356236839,1.7485554921166546,0,1.6611713550716645,2.677289395016492,1,1.1809136270961047,1.473766835085328,0,2.3519738326652564,0.8277365479216182,0,1.2561196945438777,1.4599336956331965,1,2.30783090930647,1.9145091257191258,0,1.3522985755871317,0.627779322487945,0,0.7583299336860453,0.8246601223968759,1,1.2414571076361856,0.49053331647393833,0,0.5597093647382805,0.7238578955701608,0,0.17583805970617733,0.7884223790734525,1,0.19067488410958325,0.21763928152639758,0,0.14155348035121423,0.3143997152072157,0
101,2000,0.9,rf,0.8550619818592462,0.005249877487061738,0.2414262892158466,0.041373112358025016,0,0.429496476141176,0.09420981345655226,1,0.42414278507841957,0.08425420876549722,0,0.4163923004526384,0.07640259205978743,0,0.7634376958669156,0.06277721172129971,1,0.6617112366751041,0.1300298978646765,0,0.7231543875396231,0.07026015713243437,0,0.8194259672816762,0.244532336853604,1,0.6062334406267886,0.05119226474988515,0,0.7354211636432011,0.14594040965194854,0,0.8353452234389215,0.1276318957300045,1,0.9772296250730571,0.17425994297958822,0,0.9470414281762766,0.15748861164677552,0,1.3378417245029517,0.1395767000985829,1,0.7435211160863159,0.06023014149170055,0,1.3979957129687157,0.1862458238131387,0,1.1920160017429169,0.20456579785514836,1,0.9078261989716243,0.218121815499819,0,0.9140404045379273,0.1871550538387992,0,1.3402705053715342,0.3115500183483936,1,0.4823233150581384,0.15828233231716868,0,0.45195103602188247,0.08881786213253909,0,1.2210999568622942,0.12712110233168966,1,1.4479957840586983,0.5572268341948097,0,0.6686262226342171,0.11713437718830763,0,1.0855110655167484,0.3325808650623423,1,0.6355095589902496,0.2546846386342291,0,1.0499778389322276,0.2719603179033081,0,1.5867176906956646,0.2519233750281764,1,0.8881727717200238,0.23191278789080927,0,0.5540858311342289,0.12714723917117238,0,1.447392891890445,0.4865246891762598,1,1.7343744038552056,0.18768611819489764,0,0.611053780317041,0.19875336798759013,0,0.863744843675488,0.2833222561766106,1,1.061055165796522,0.5201953860549645,0,0.6202053167678081,0.1781970699262729,0,0.769678111273584,0.10994748205681601,1,0.5421086494936204,0.06018227068889794,0,0.5220102840613122,0.11892124704010855,0,0.7476694831506446,0.15144496427314913,1,1.1394836416107799,0.31940310243040126,0,1.6557891747789486,0.39733441535273867,0,0.8856814655188409,0.3197922428106898,1,0.7408776149096566,0.1745148168307417,0,0.6929749181549123,0.15189223605248878,0,0.9209382922346141,0.170477635687161,1,0.3320355247222924,0.06669825614470673,0,3.929962757358794,1.7011859098434217,0,1.0317288078420992,0.12739237169523093,1,0.9052131336352023,0.37548533132878487,0,1.7219065569776213,0.72015828548954,0,0.6744037489001407,0.19696617097358685,1,0.40026436105177127,0.06369886810723054,0,0.5261612761172503,0.23402114760186804,0,0.8919634015774502,0.4397778873362304,1,0.34006013361217774,0.1275111135772968,0,0.6547966776318596,0.15747784580301422,0,3.825971156660697,1.6178032946964442,1,0.5281268306163666,0.22224549047087458,0,1.6645075505139553,0.48590427428821753,0,0.5510322284992933,0.22060802622327066,1,0.7678905840927638,0.23947223297852802,0,1.1793262117358652,0.9557565137739185,0,0.8357181525067304,0.225936360523479,1,0.5118572355238961,0.1259616316296878,0,0.5269790873757977,0.13186426648114913,0,0.8533763048988036,0.366755544189172,1,0.6762496272579275,0.11517419093456675,0,0.7732211811808186,0.35116328418153314,0,2.819456201549495,0.4827331642250507,1,1.5639320519469186,0.45255205303822704,0,0.7047974402256717,0.1680157503872497,0,0.650149018844447,0.23413637592444703,1,0.7339638194790322,0.3609083098020668,0,0.7698259124757642,0.16649295812312978,0,1.0761078923852794,0.4253043562804801,1,0.5766121410382975,0.08444392949260057,0,0.4256332952631913,0.12314720783841204,0,1.6770248134962955,0.4039412842762337,1,1.0353854242636928,0.234776743302566,0,1.122853426151254,0.2629851261200886,0,1.2328093302354677,0.2966736358440056,1,1.2196439798468273,0.21427414387045135,0,1.112507938950085,0.11376593931353228,0,0.7055604141050169,0.08552331962202595,1,0.6293477401376426,0.10686952195149585,0,0.9877525380019889,0.24491506499199558,0,1.0385023958257618,0.26451756992527287,1,0.6532419007087326,0.14752545826631108,0,0.5369417935175588,0.1254621754159952,0,0.6036131782999468,0.12579647526537768,1,0.535057756332957,0.1081515350237366,0,0.4294735928012409,0.14096323213135695,0,0.6345595864053353,0.14741421023241794,1,0.4174974515880586,0.06211571063432042,0,0.32481835400351977,0.08512739673830379,0,0.3398938881194148,0.09160678182757173,1,0.2013264289852003,0.08703976574652521,0,0.12393829544399015,0.042494363449118396,0
101,2000,0.9,et,0.8755794104197591,0.0060029579957092336,0.25083013458152614,0.09393422155538599,0,0.40696337591421744,0.03864024814717547,1,0.47610116145365183,0.04847978260379471,0,0.49615655991398794,0.07280579135643707,0,0.8917808622988262,0.09776554886094804,1,0.7550959339864265,0.07595329001731657,0,0.7563351427937814,0.15943638539142843,0,0.8054245333007831,0.06395018235104384,1,0.7083660810686878,0.06287135262147908,0,0.6656417584500758,0.09194239736277446,0,0.8655603168513901,0.13980453334379658,1,0.857489880991046,0.14068346919901248,0,1.0775301926031104,0.21531190490417093,0,1.2667487476823465,0.1944602976904505,1,0.8121456686994026,0.10870085600133082,0,1.3450589801499602,0.2473809293536693,0,1.1289617840040465,0.12308710060240387,1,1.0033532449290226,0.2661523908769885,0,0.9670986751224937,0.17051610461699437,0,1.1905967784203426,0.17412704266918844,1,0.6096980646266367,0.14420585211776318,0,0.5429498363495375,0.12499344204730772,0,1.1700538629908386,0.3322958622211875,1,1.2187152168007318,0.10068160234073617,0,0.6260640062508729,0.08031638581075154,0,0.8760763073072113,0.137666120920353,1,0.737599192854716,0.14033667978367123,0,0.7917583777409651,0.25318282270591774,0,1.6947063195087755,0.3275366891456414,1,0.7014868640935459,0.10475419994894117,0,0.70334173067885,0.20691970753709416,0,1.552795867773713,0.4198616558310847,1,1.413911129618183,0.3820621895622139,0,0.9646715395844876,0.22299188277094553,0,1.155623362580822,0.455635410781491,1,0.800127556986595,0.14361066162286706,0,0.6339794131783474,0.07751574736071858,0,0.7182348361455063,0.17862537122157765,1,0.6065304502986577,0.10797342140754078,0,0.571396466790077,0.09349451245116977,0,0.6820954277378706,0.1460123849641188,1,1.0190203022395483,0.33330388755989315,0,1.3354164629296723,0.17023103000815165,0,0.9706539874524405,0.19898922150888704,1,0.8474538990553843,0.1406510776592501,0,0.655171532214113,0.13468684984128904,0,1.0156445153408558,0.2933974897305016,1,0.7804472687752602,0.2154400247175419,0,2.1890293784845745,0.5323206134698519,0,1.4013872377280283,0.24684023838787514,1,0.9385334583889131,0.2958231464923552,0,1.519429246722805,0.3253516824765304,0,0.8632168683316357,0.15968544480062277,1,0.5828608115545558,0.16690918857755707,0,0.5212053408346798,0.1725939703792338,0,0.9291986849823666,0.1610959497870235,1,0.4892369541351503,0.10984124710312146,0,1.085140693958578,0.3225816254372543,0,2.1686451925361356,0.45351732657570043,1,0.8047378741161444,0.15270042332482422,0,1.4532063175381844,0.6122098325774844,0,0.7613431806333145,0.173398469662943,1,0.6623055011216652,0.21946231026688415,0,0.9109694351256357,0.29465248895765134,0,0.9482139838347887,0.17536642587485773,1,0.6251264529119052,0.14852030503554636,0,0.5746207983263909,0.11158918612307019,0,0.9039650091806841,0.23910421135316365,1,0.7419639295927026,0.20350966724884478,0,0.7985764908453359,0.2642629269406182,0,2.5244760673475293,0.09277479322054297,1,1.2826419503988797,0.23800589019631652,0,0.6513914646444493,0.19221706361968224,0,0.8347252948525851,0.2695416986098252,1,0.7629368171396569,0.25985053464287633,0,0.7959263433086117,0.17857194761035136,0,1.017568543538468,0.24412039947130978,1,0.6211962743222312,0.22807275804132737,0,0.5501375907448173,0.16123982423070285,0,1.3836887686569352,0.38892686531759785,1,1.0504788476333924,0.2565008667808979,0,1.1704030185800807,0.26651805762139696,0,0.9483872863427066,0.1863484634513162,1,1.452052240245371,0.37818792102561766,0,1.0904164448311218,0.22926870021321552,0,0.8533944485807577,0.12457194157122184,1,0.7035382166585746,0.10825217782880783,0,0.919143144313432,0.1858840857304272,0,1.0295030784432808,0.12994742962374548,1,0.6574652159825282,0.0743484813006338,0,0.6114231050908006,0.13124184477770126,0,0.6751192369742168,0.15565801089647366,1,0.6238126148900914,0.07005148266116826,0,0.4572697227721386,0.1443601051329685,0,0.5727389304894657,0.11428764168397175,1,0.40016950160366915,0.06256631336242922,0,0.30619161634846764,0.09157142750908216,0,0.27171139808555356,0.07520920046879079,1,0.23203267235149413,0.0766259307579991,0,0.09448853947474142,0.03961143961044953,0
101,2000,0.9,gb,0.9220163147428242,0.005725079656591884,0.0498487221492989,0.026094009796338295,0,1.1115934243686376,0.0694528970270431,1,0.2538601040295704,0.0954755544675985,0,0.2780610932685019,0.2519930801789579,0,1.6903726908712897,0.6640748436205268,1,0.6118417950524766,0.18215082420622847,0,0.47701267088173543,0.15641196952827757,0,1.259163691183109,0.3277552677125142,1,0.20082378428342906,0.07879155247658129,0,0.6261115621200943,0.19548661623034347,0,1.1733118059816006,0.3312348367303733,1,0.34932892176246455,0.18849637783378226,0,0.4340830358437258,0.27158387287907154,0,1.805778528180344,0.30335292242696005,1,0.34600494527243236,0.2599297232133962,0,0.8722905086147096,0.6487166236066728,0,1.4909716867011273,0.3681542787350687,1,0.2259250218922964,0.19288820906095985,0,0.40447754148583853,0.3957763241715288,0,1.6769568038441516,0.6970778406483327,1,0.06420242642025704,0.08295979724266922,0,0.1572986406942301,0.1162091099987176,0,1.0363280701804714,0.2678530088128819,1,1.2887962888115174,0.49143096080250337,0,0.22270258852037417,0.12285828225139674,0,1.460193863297885,0.5007718913750233,1,0.32484195776984587,0.1342722552885012,0,0.5119393170857948,0.26357423384208456,0,2.184480902780003,0.41426640080734695,1,0.2437751959925878,0.33295850672362515,0,0.0938699563789553,0.0778706037480945,0,1.0469914134329004,0.42905963792306884,1,1.7256169852659258,0.6222885373960666,0,0.05620821720916247,0.017872870427914675,0,0.6371595812089952,0.45646523133029604,1,0.8934958381869951,0.23738348932016165,0,0.4471465448382519,0.4199391879201998,0,0.991959192522026,0.5500313596602276,1,0.2763218911436284,0.22819703521818518,0,0.3045697880375734,0.03232726196198215,0,0.6634934898348264,0.499059340645157,1,1.174365538333668,0.44060592212051475,0,1.0911381455793847,0.43442498488149717,0,1.1332994703715298,0.313687326663986,1,0.2846009047886513,0.1858758418188395,0,0.3851776793436311,0.1011456062085582,0,0.6518078857532666,0.29335110587128294,1,0.1690942384609102,0.20957369698875025,0,2.032640884345123,0.8265144840368379,0,1.0530528436100088,0.5186461458697933,1,0.6192405582122095,0.2074510530381803,0,1.329719997113278,0.2383677648921471,0,1.091552958819166,0.22370914548289528,1,0.11141577537139388,0.09636304980596458,0,0.4826894641700529,0.12869966535420094,0,1.049526465575378,0.42612913481703896,1,0.06517580179361813,0.09811574424485808,0,0.3190807661106404,0.18190133396712455,0,2.5640093927764713,0.412693959403528,1,0.08158566051220034,0.11527609300846854,0,2.2735519411927902,0.5509129857315153,0,0.4790846180707592,0.20645460554873726,1,0.42253169604118207,0.25984860080554745,0,0.7789542121221749,0.5512072637645036,0,0.9353177159404658,0.42525127672723484,1,0.2989425200614169,0.22572616000381915,0,0.43424266622200847,0.26142153002842883,0,1.1983442792073176,0.358629149222088,1,0.11298995780936247,0.06189218697892952,0,0.2961447513029157,0.3880220832382429,0,2.458424505181356,0.4035159555593184,1,1.2186622187857954,0.23230547774145857,0,0.3433812928097838,0.21197470501074575,0,0.7905052621991625,0.24344981643976346,1,0.35769587335851916,0.0893271615522746,0,0.621686632703392,0.25557145737081194,0,1.2329473086176919,0.7120122498689765,1,0.3104934872913788,0.17468902621508578,0,0.06172582483525028,0.05172514846911304,0,2.150796182297155,0.257608862279418,1,0.3633516257048424,0.27813841723434457,0,0.5738649010435777,0.33727922604655924,0,0.7230615307718045,0.39638724904664546,1,1.1153870773111507,0.32639938357787224,0,0.732043329118048,0.3413155741108991,0,0.774276386896336,0.22886128795425328,1,0.21836642034177428,0.13604072527738176,0,0.910014045601742,0.37441428650512665,0,1.2234604872690487,0.6441214678467059,1,0.46613103256152816,0.1444064875178197,0,0.5030358372595075,0.19456834778885468,0,0.6026260368332153,0.4258729415390178,1,0.281291375910257,0.1385566389074189,0,0.47282300560270585,0.44706127813686825,0,1.8437897128168543,0.31337410831154766,1,0.1837783038432233,0.12017276064258396,0,0.454344380591599,0.20010809173839667,0,0.7788094449198883,0.29099517690758264,1,0.05247358712463316,0.038833735770556,0,0.051281988955040284,0.0242265402652328,0
101,2000,0.9,hgb,0.9145187068040801,0.00455810629603344,0.1226208387376253,0.05394949492296617,0,0.7665087717917987,0.18999116127632815,1,0.5023544582080893,0.279491708800397,0,0.3287644292583466,0.081379419075578,0,1.3832117522629812,0.2087301205910171,1,0.6911843510594555,0.2794307931008371,0,0.614285842852126,0.28530855079652423,0,0.9593791025381172,0.2071681753979711,1,0.4056787448697783,0.08875957406088252,0,0.6860109168803328,0.12298490181683037,0,0.9640113307239868,0.38598922268635966,1,0.609012614995277,0.24021933117844727,0,0.6593005485162174,0.2415421637981806,0,1.5736985240088082,0.39205059180665625,1,0.43686611236339157,0.05173558135017118,0,0.941882940397895,0.5676006100439254,0,1.297073485686973,0.4833326798673266,1,0.2954791890109164,0.20616972822033264,0,0.5660367122768966,0.17973329003628502,0,1.7034825690055553,0.516646004721962,1,0.10028226575977092,0.12643610899370875,0,0.16004536571635503,0.07176966153992473,0,0.9353836690097289,0.2669001113289229,1,1.4682734217342772,0.4389065943515974,0,0.2941285544970117,0.13586902422900485,0,1.0970500782416073,0.4907175381127718,1,0.5099466250281691,0.17486352056329044,0,0.5474336820068875,0.4330608398702918,0,2.176660814307469,0.6067281886765881,1,0.3062008590282085,0.22120462351279097,0,0.19147901702929976,0.12262860262780344,0,1.1252907739167781,0.3229538149159252,1,1.3884393737493645,0.14825092842932105,0,0.3017201766545389,0.06714847488126069,0,0.946637542900836,0.4412689474489858,1,0.6804298122326127,0.47064463848457067,0,0.6402283933594419,0.2776353171361825,0,0.7686761352392277,0.37872878914688435,1,0.3481258098213272,0.04495778273078788,0,0.19670844736948184,0.08915981020243215,0,0.7583183377334877,0.2725295643953779,1,0.9919232110380989,0.4262970260156826,0,1.5055064877268305,0.5832774752844118,0,0.8995827045936838,0.2439453624457534,1,0.5161333860600987,0.2527482963358315,0,0.42123633331131005,0.14405450579460197,0,0.7834180221983951,0.25812456334757705,1,0.1968418176528582,0.1023929433112354,0,2.4512721000799247,0.6046965161088104,0,0.6371297961229601,0.19520046262074103,1,1.0330011199566198,0.6089232128583667,0,1.4792648527311243,0.2672217637226902,0,0.7161199858326176,0.257745102904443,1,0.19915298968876333,0.10283568974745608,0,0.48760572302496563,0.23435080325492547,0,0.8493345373891813,0.14119793795612384,1,0.12839662211970876,0.15291870654539838,0,0.39322404658390775,0.21863356033141615,0,3.1759554521465527,0.91425512881849,1,0.12510659213836198,0.09652823229192174,0,2.5063401322883285,0.6691468165473369,0,0.3104085988021711,0.13414100372657672,1,0.35039507429469613,0.11393778806195985,0,0.9627175749911903,0.7046844250072402,0,0.9793974932545859,0.6143952845803333,1,0.274398360398333,0.1502642395140587,0,0.31204830255505184,0.07777767724958445,0,1.129584972511929,0.3113613855839679,1,0.40569480926314283,0.09340771978615361,0,0.3514362291594963,0.2225919578058099,0,2.678257618712352,0.7801061234781296,1,0.7009887646074917,0.4688428971013655,0,0.23966035916300762,0.15566655388859288,0,0.8968770619168669,0.228545449062319,1,0.5977576045219398,0.10064917954420494,0,0.594252566061221,0.2945747505701373,0,0.9949472446756144,0.559285338331882,1,0.3885614207918892,0.18774770553786957,0,0.1098954556944491,0.1087303446487607,0,1.8802178139076056,0.20518672033083313,1,0.4187314720858817,0.19823232921873654,0,1.0695811346884678,0.5073763426440021,0,0.9140768777632404,0.19826478472892764,1,0.7923451650070181,0.22521820392173791,0,0.5185528992914687,0.2464962731619923,0,0.7706129614521998,0.2999565901377807,1,0.4915908800538529,0.20655899313285553,0,0.8829678259505904,0.2731246170950913,0,1.1964820370387446,0.4572527445270453,1,0.3892477285704268,0.14756214570715648,0,0.5843280055750695,0.268263856249913,0,0.7553083449100535,0.20363362449679256,1,0.518038404882043,0.301236148208312,0,0.4666187800619335,0.12595801536439807,0,1.3375041929233977,0.36077454002758114,1,0.439130696547218,0.15724143330767168,0,0.39642558610617196,0.12810028079981423,0,0.6140364845868878,0.1088636681326109,1,0.2145723860315975,0.08582451749802894,0,0.054560133827035305,0.04396739721604479,0
101,2000,0.9,ab,0.7813888898682227,0.0136122353937157,0.0,0.0,0,0.04519089710107204,0.09038179420214408,1,0.3386487738001653,0.16754984199050593,0,0.6251000969239862,0.44556179543213303,0,0.6141907615774131,0.24520172590286354,1,0.35684812294100415,0.23229117882544295,0,0.34754034375114307,0.3387196230336732,0,1.0096204592516387,0.6375731391127102,1,0.17678415107166173,0.24163407540971535,0,0.5956706894347983,0.20498713185171077,0,0.7295293093823754,0.2915655902592574,1,0.781999555789826,0.40156207566018604,0,0.7771318445050541,0.47515176260622605,0,1.1307055473927652,0.2552543692287887,1,0.4073696946188449,0.18765969159549317,0,1.6141532894986788,0.2932254806549567,0,1.0210694549615977,0.26440833472080594,1,0.46602142395401885,0.23879973138005764,0,1.6604202876868843,0.6222053182452978,0,1.3997548439085938,0.5667604175421407,1,0.21888659647107728,0.178336165571777,0,0.18561673985806165,0.13423564169109256,0,0.5264747626892864,0.35289855632594425,1,1.2937362348438817,0.7250615003112005,0,0.1876387743456319,0.14511568002788836,0,1.6876697783340755,1.093109893459196,1,0.10277991148945671,0.10211075570576676,0,0.5048889614963741,0.4768416381927297,0,2.3147321993714756,0.41198532140319216,1,0.3797209572073128,0.3265568463782845,0,0.08343721907068359,0.17632011251370525,0,1.0037976697486681,0.3577835410673985,1,1.0347578108447544,0.5924603781074518,0,0.5854681479791324,0.5208999422217148,0,1.26770422510794,0.9511426828544538,1,1.4286235630891144,0.5590936895710453,0,0.14102183681718827,0.19324169627669552,0,0.5562145223729432,0.3601569123834078,1,0.2834972481656711,0.16159025939754135,0,0.2388326985110157,0.13338228228411964,0,0.450639336973949,0.2749360793059744,1,0.5291227553195288,0.2829313122775034,0,3.0434626892547314,0.7767438096940261,0,0.47938340652307715,0.25948992162790807,1,0.6250061524844581,0.5385485856566145,0,0.6041776791875387,0.38741288411882485,0,1.4296887253024706,0.5135169196844417,1,0.25747386674067513,0.16747693653324502,0,0.559067412253331,0.47992951309340554,0,0.9984323371551689,0.14253871082990172,1,1.0075740624332383,0.2983645818070499,0,2.2207997872316354,1.1221018267518572,0,0.8383710459278463,0.6655606385796806,1,0.049691645036057344,0.04732870981341927,0,1.0938356946406322,0.5061259502283872,0,0.4222543540762917,0.5225078611647084,1,0.17318049414990253,0.11441585158140508,0,0.32373123532741993,0.262875194682741,0,3.2036444989494077,1.0968248048772262,1,0.22040301418671976,0.37593183217121623,0,3.2037145863588945,0.6559966673407802,0,0.8910295668115433,0.8520607403551244,1,1.3799655651273384,0.960322401146177,0,0.23431775838684793,0.25205950390960213,0,0.7600476372839291,0.49207152476078014,1,0.38281149549523247,0.10881487719536244,0,0.5295340162261475,0.21316594537635608,0,1.7892537743111787,0.7765268305562432,1,0.36907197861159746,0.26256079416545164,0,0.0658999339765722,0.20816240635449698,0,1.1442119828841912,0.6014277714993881,1,3.7601857794273976,1.3076166063819794,0,0.6045466301883294,0.3294240189308713,0,0.19197229689559764,0.31931499592818907,1,0.8622099431838757,0.2316458246941079,0,0.1934089911173444,0.24157012887143317,0,0.70534986235369,0.47612869291631293,1,0.20090027882247666,0.1983333261534324,0,0.18078818325922694,0.11971352871858183,0,1.8452406599818043,0.5903932178573844,1,0.5689675916702497,0.4769040107067763,0,1.2262018655937266,0.6336111595811695,0,0.682689788178956,0.4467672064423635,1,1.4419561207427443,0.3000985180410991,0,1.4631315099459532,0.9097826988663185,0,0.24249992191849765,0.2726555331538002,1,0.3502603327450341,0.15208251851500768,0,1.3897342764079548,0.5441895558854024,0,0.7225945854651649,0.3789581005944098,1,0.42301992104227965,0.2595017436633765,0,0.4339842081684894,0.3502372659690751,0,0.6226003839007793,0.2654564231917099,1,0.5171115471676501,0.297876330322832,0,0.09829324249582772,0.11442333760616133,0,0.7170598445603874,0.23318176160975126,1,0.11140013967491307,0.13039359038748013,0,0.1108720505958198,0.22174410119163956,0,0.0036194339174413412,0.008568961181853364,1,0.0,0.0,0,0.0,0.0,0
101,2000,0.9,bag,0.8143434621526808,0.018326379780093983,0.2988149751825039,0.29242319170025244,0,0.5903644877309117,0.23045184412960232,1,0.5711543536716237,0.20308168822722583,0,0.3539904834650113,0.27580358168987096,0,0.7403553919412026,0.23741769555975076,1,0.9783079767896063,0.5323072248817574,0,0.7721426811738481,0.46678464172907114,0,0.7541498558379836,0.3528960265823317,1,0.5790108286339996,0.24596769350278241,0,0.6291094904181603,0.2689186948049525,0,0.984364000957639,0.2662656603241763,1,1.0435691840294228,0.19637665000985652,0,0.5109536377325071,0.37340550853446486,0,1.0856696572023605,0.5732440555447449,1,0.9042553048018886,0.4049919645087408,0,1.4389021849358754,0.5739837018701855,0,1.5764716328066513,0.44696089343601514,1,0.9615340449150527,0.6658544411378087,0,0.9327062096408465,0.35611613548191784,0,1.244445610990255,0.47983662374115865,1,0.6341986737260378,0.2820650291905934,0,0.47972675362324113,0.02103350554401731,0,1.159883811317671,0.55170519096919,1,1.5544783146253969,0.7184880894260733,0,0.3865074693526555,0.286353103628563,0,1.4592628018572258,1.244193729212193,1,0.6900376931931632,0.5444358016887573,0,1.044680838479902,0.658623300988887,0,1.6227671399683623,0.8438208857348185,1,1.4404748583953055,0.9173910145595243,0,0.5724925858750289,0.36861032667829435,0,1.4288816486359324,0.8520264590845045,1,2.1584623821568822,1.0387659064341328,0,0.276202641674319,0.28486055304967817,0,0.8212289504977985,0.21958723586938336,1,0.7879824344051458,1.0098471909845432,0,0.5038945250904165,0.1785795112897275,0,0.7049800939960646,0.41272966233796804,1,0.3462765062470952,0.2585158519098585,0,1.0254407283905471,0.6554846050678848,0,0.9403529911837234,0.6276580887713628,1,1.325024727092074,0.9149462299280686,0,1.4661458511063274,1.109675263608949,0,0.9251943358885208,0.4587608059598081,1,0.6727024727838128,0.3271465904879971,0,0.6046745025892801,0.18042285379634942,0,0.6045590818373652,0.49168235050203024,1,0.6253418527133753,0.5011273333845236,0,4.4116343695886915,2.4835073608599374,0,1.8710922041779825,1.4542203242406395,1,1.1477102263000452,0.5187585825410315,0,1.4535941866613744,0.9147078138050632,0,0.6633732814746739,0.4516946796751628,1,0.41776019125639985,0.48755335979923586,0,0.47297217405258085,0.41521064073896713,0,0.9138105184303559,0.7383115648227507,1,0.5721949956881399,0.33876630493342214,0,0.5181802693180942,0.3992144313852369,0,2.975616283651464,1.7627548369881025,1,0.8251184274454602,0.61107177746801,0,1.7904926161951153,0.6451666177460013,0,0.7535961575450731,0.3020732859864654,1,0.7982368689322653,0.47095696329733006,0,0.9863469267336742,0.9342624190652422,0,1.0624357759904741,0.5668221183787726,1,0.9139238301907117,0.23533905321021753,0,0.5224814701263089,0.25986728074353477,0,0.984999817067215,0.4204609025089406,1,0.7056603388654308,0.6262675571301668,0,0.8803915341380666,0.2491694011051907,0,3.170663466549919,0.9577169419877887,1,1.9606863409620314,0.37430114063603365,0,0.38529563469900313,0.26742856547543037,0,0.5552684751345891,0.4903339494563163,1,0.4878116825860256,0.20881407128799875,0,0.6787825817049112,0.23227820711011002,0,1.1225337231151884,1.0078515656948597,1,0.8381787718656749,0.19925370714595,0,0.2839953218397039,0.2864827435260143,0,1.7885294725387761,0.5846817705698675,1,1.194818291104911,0.3702657493707649,0,1.171124102590813,0.8708913040486181,0,0.8905857439268168,0.3413566469306693,1,1.3329372707399076,0.43566444334151966,0,1.1449992301707344,0.4641086368305508,0,0.4670804781580179,0.24718736335338107,1,0.6282457640071591,0.21020604928213474,0,1.2572410522945983,0.5989156035009213,0,1.1814577675927316,0.3628628101460439,1,0.5059275605125191,0.3705978806580144,0,0.29915984218392666,0.19183814760146947,0,0.6177490014103099,0.4491761357726752,1,0.5401679669056235,0.18395509072113927,0,0.7563763246778168,0.3999392096290946,0,0.7883921623729364,0.43052890259014864,1,0.3913101356573911,0.3122738961447745,0,0.2893216319043555,0.24112262307435908,0,0.33225923761743126,0.22089830532830462,1,0.11755187912450449,0.14506749560063154,0,0.02120537052394289,0.02173457684334495,0
101,2000,0.9,mlp,0.9909765070430027,0.0010237161890118156,0.06775316362072695,0.03847413807744659,0,2.0877564564262032,0.25114980849538404,1,0.054460481291884244,0.0505211114902397,0,0.0844028033244962,0.02785030495822818,0,2.5844784579596216,0.22244387067950705,1,0.09717686223530889,0.03156504091829484,0,0.08128069434694993,0.031604754704906216,0,1.4324565109007033,0.19942072088896526,1,0.10473363101562057,0.033294892501921705,0,0.04437593501580349,0.018831671788921384,0,2.1040173045194304,0.29191603733418386,1,0.06736083157561976,0.03564056657654277,0,0.051607374462876075,0.025270354125400418,0,1.8116199909412345,0.09869480269014727,1,0.057151920401001234,0.011737729782208174,0,0.04095187888778729,0.03335490930702405,0,2.661646181175173,0.32298779890936696,1,0.08552680293294133,0.020717832995149232,0,0.10498003791865315,0.04056973951141215,0,2.3639278755756363,0.19447030473943375,1,0.08353266988386297,0.030056719471392674,0,0.04864951803812342,0.0215767475380395,0,1.6503098630715534,0.1886086178010365,1,0.08642342426960069,0.03567210131180244,0,0.0681632410300601,0.028640193781735056,0,2.4406024641223802,0.13360347713124202,1,0.059033665677319644,0.015350445612943235,0,0.08225975863987912,0.049566968355161056,0,2.0198163928094623,0.09621420929839618,1,0.057481453177342934,0.04622129016512351,0,0.04690208246743201,0.048099465869344715,0,1.3201581278419554,0.274653600760656,1,0.09054039480894771,0.05590122148146715,0,0.038293640702471515,0.03254850942686963,0,2.0065913547181697,0.3016301025832806,1,0.054422995606417536,0.020677664678891854,0,0.0835400307802974,0.03244657835952151,0,2.2598540394225894,0.24765252060188347,1,0.03871000916079522,0.010215329074508499,0,0.06700889040901419,0.04476685220325349,0,1.8787730853956224,0.19608724446874287,1,0.13578149847468055,0.05634502803524135,0,0.029410085532032997,0.009092714041340037,0,1.8657157339456538,0.3193048760727049,1,0.055678431628501855,0.025856873090662612,0,0.03863595972304047,0.024114879577098743,0,1.837157788876943,0.19008452401193304,1,0.051066798894459794,0.04443540268772499,0,0.03076023578763662,0.030428954870355424,0,1.9462284902515712,0.28209017133987646,1,0.05022953090865758,0.03399583591320933,0,0.06471414877967298,0.03818037910297813,0,1.9780465637828872,0.3918142633507711,1,0.09488731695715528,0.061074648598080046,0,0.07242004114090739,0.05199670424259255,0,1.7512574859976655,0.2275513216169626,1,0.045590303783628314,0.027698708067370716,0,0.0674108064002826,0.03525621978825256,0,1.8465241100061696,0.4085167729301734,1,0.044535197669849945,0.03526458946447199,0,0.05764398384770825,0.041954788918913175,0,1.7237146014411848,0.16090349793803427,1,0.07727579521457134,0.04099987430046436,0,0.08692258277018039,0.02677738857369051,0,2.132525199779408,0.5215236772684337,1,0.021153525096172555,0.020636562252002198,0,0.051286711123579506,0.02158330540286612,0,2.13747751900175,0.2230043706768637,1,0.05197656734454811,0.009808704398228368,0,0.0916767409049479,0.02987657178169337,0,2.508681645666514,0.2978290125746922,1,0.03583769691847337,0.022696879443839364,0,0.042325358604033254,0.022038655561628664,0,2.223087069104899,0.32173113787321533,1,0.08505033414410808,0.050229030168879925,0,0.08053700578145884,0.030255841074232636,0,2.280257961237389,0.375667592391329,1,0.05813652648775319,0.03884821742299431,0,0.10553526101092107,0.0645303221123576,0,1.7129673947241777,0.12932311480525013,1,0.056861244256294484,0.028193379031818223,0,0.02582485336896532,0.015547804946362787,0,1.4059197415717528,0.08577165834105786,1,0.0502305519102102,0.02510672440822953,0,0.058114671418019924,0.028276316155869695,0,2.0209662518547207,0.2388900478477842,1,0.04180374902029188,0.009264498183791279,0,0.11822641888805459,0.02422623587546045,0,1.7694309788122564,0.06647894073869554,1,0.03612254554483153,0.03211647064114263,0,0.02848381623229717,0.006157070106509619,0,1.9867923367338984,0.3749108834027002,1,0.09686217775412018,0.014798424070377039,0,0.06151830443537236,0.06167541990656249,0,1.9824296494932772,0.2481314839261687,1,0.06165999860855685,0.04523716674749223,0,0.034444705859727844,0.014412975353530729,0,1.7123997932961117,0.19425285746859117,1,0.0657104166068104,0.04482875425212794,0,0.05806670641033328,0.026542016230177615,0
101,2000,0.9,svr,0.8946038288765348,0.010782528710167057,0.3755712478353964,0.05309566328228989,0,0.770451076031344,0.04581358127328378,1,0.4840590590586992,0.08550917695559165,0,0.4277483303154056,0.06124800462955679,0,0.9305171749814587,0.06028798497235177,1,0.5882764023748149,0.05707187024943093,0,0.5663293295063137,0.06892078443931779,0,0.8747373223373446,0.03461532247751134,1,0.5336642931474793,0.026967138091162832,0,0.595073252365108,0.06666201209991648,0,0.809970421108616,0.06893396342487589,1,0.5893968372589188,0.08586535345500079,0,0.5731937891244397,0.07682275771855102,0,0.9992948367864425,0.12678331413156574,1,0.5976315563632032,0.10943177509464769,0,0.7581695994928662,0.10372179344196898,0,1.0033228676790802,0.11510819277178827,1,0.7003907039490185,0.09770066404250498,0,0.7093782221417531,0.16262611301669722,0,0.8681310923031322,0.1672027421899285,1,0.5435547015254095,0.1174143294686608,0,0.5948363621683336,0.09458145878897817,0,1.0901357171252752,0.2514078727618581,1,0.7816832314832144,0.16741419086076553,0,0.6256792776031469,0.04686238403715336,0,0.942249262215045,0.13319390844132778,1,0.7364381245584687,0.14600392528810102,0,0.6736391571517993,0.11137420416091848,0,1.116535160436474,0.16854443359656623,1,0.8321709682345434,0.13644293758145723,0,0.649560695137237,0.14232186474068956,0,1.1165477670490578,0.22997272541970176,1,0.8035014428626347,0.17283912203759944,0,0.7438510169606101,0.14349154985527152,0,1.003064767227367,0.15438301708689345,1,0.8478216320206003,0.1573992735680841,0,0.8441506336758952,0.12926469736543184,0,1.2014097364840326,0.17963482839830577,1,0.7422272122642598,0.08835276314715243,0,0.8262594523707246,0.18132444312753318,0,1.132415422047194,0.12261077258918472,1,0.9137350288540208,0.13063914149197678,0,0.7582596771517851,0.12307654254002397,0,1.0973488914338516,0.1347856191702584,1,0.6625420984409625,0.15272066335155057,0,0.765604499301571,0.17834615453238398,0,1.1533530666065994,0.1699674695816118,1,0.8547710793327428,0.18580470092575974,0,0.9132968052468078,0.21730238713120772,0,1.2801129941927556,0.21793133928624578,1,0.8954163075321422,0.16929106523446658,0,0.8828184334002446,0.15948885954393163,0,1.0067236141021685,0.178502753420829,1,0.670904588742394,0.1268727995530288,0,0.829180383770538,0.14987122110077578,0,1.0564934247638795,0.21251413319887716,1,0.568724289556348,0.07500943463514748,0,0.7760843426880263,0.16556929273478804,0,1.1430702420504975,0.2789101685693821,1,0.705449452118003,0.16825764514497138,0,0.8673402831117254,0.1729398811262849,0,0.9978918968508163,0.15566493461461148,1,0.6024476225867738,0.1134653423417819,0,0.7045680539665771,0.13200913347787643,0,0.9824474129180043,0.16905616540645635,1,0.6418729299988982,0.14544382187443253,0,0.7496811789522945,0.12429197432548948,0,1.362716812107966,0.19054735268775982,1,0.7810025562954287,0.17730897714507834,0,0.7477023845671666,0.12483195578917441,0,1.1401818640664032,0.1990621236827186,1,0.7731057863030679,0.11969698164818916,0,0.5668836231836353,0.07786585199851795,0,1.0311025434105516,0.16209151290167556,1,0.7476159997039096,0.12998729385615945,0,0.7488723916039817,0.19104915856079258,0,0.9689897372492318,0.1803502407727098,1,0.7074969098828581,0.1478672295709483,0,0.606820401279316,0.15790282944752648,0,1.0207435890115863,0.17909942473506155,1,0.6913183008404721,0.10448684435883474,0,0.5995107979011716,0.13658801955980776,0,0.9629960993634837,0.17938775335718257,1,0.7752404477639327,0.13481797456059036,0,0.6672012223355808,0.10177975172708699,0,0.9763515448974006,0.12538837096422265,1,0.6346418668744157,0.11356217497751071,0,0.5823463957457433,0.08171963101675928,0,0.7621387271461819,0.09536674966747408,1,0.4978642558942485,0.08143463289003092,0,0.4672009201166752,0.10887605808947988,0,0.6219549639484926,0.04720758457632283,1,0.49428649871120706,0.062364287332823065,0,0.580623035308711,0.0654553876846883,0,0.8777389013227499,0.09332326387483372,1,0.3799840691859324,0.055859184930207584,0,0.33175627487238096,0.05851649979858646,0,0.49688725389503857,0.08409561104557346,1,0.2796762135355765,0.04933041304453897,0,0.21226072973895738,0.06918721607856503,0
101,2000,0.9,knn,0.9163164293404538,0.005635176807029759,0.43334033709818803,0.2181043042225085,0,0.5841729290546385,0.2772390089877405,1,0.5875242905780567,0.4005360919174673,0,0.5853297006657388,0.2569400152270241,0,0.7309913742131993,0.13842359470861662,1,0.4336563499949423,0.16415471039244448,0,0.5311435933024002,0.3367376614562112,0,0.6592305609417963,0.26134235123575467,1,0.7189717415906605,0.3575226112705137,0,0.6079734945294291,0.3362184258770599,0,0.6944219770342271,0.22994266797006158,1,0.6423897590906289,0.2247211241110491,0,0.6730654043043787,0.301129479713609,0,0.7412629781762068,0.28496577554918884,1,0.6228404432512056,0.3530589548046947,0,0.8813447910413206,0.42411014505587447,0,0.907634216775364,0.3415858676045924,1,0.7614403432380309,0.4706201109549141,0,0.7393004217352764,0.4683797775679829,0,0.7078507220743663,0.3622346434728952,1,0.5963983592525774,0.2916284812190355,0,0.52896774012709,0.41888564176747173,0,0.7610030042743833,0.23046089416871923,1,0.6885058149106597,0.26261024440458525,0,0.5274225582211669,0.19393612454526532,0,0.6791419531090329,0.26772920643792153,1,0.6323726961308542,0.2344816857981989,0,0.526648220739178,0.19954294188743835,0,0.7811077373456672,0.20430601038519292,1,0.489840082723906,0.1560995704778509,0,0.5282748998567339,0.094325741102284,0,0.5319011303668758,0.25845120207155853,1,0.5150457790002223,0.18274572352271012,0,0.6174233718309555,0.2210006333372075,0,0.7092800376092738,0.12294654966156589,1,0.5854526823853655,0.1406491818403263,0,0.6958619596477836,0.2630511187758988,0,0.8093084649403833,0.07923242172081892,1,0.7012372846068313,0.2447045740882415,0,0.7567940018749659,0.3144454782184086,0,0.7563403021916253,0.21025224696863962,1,0.7655452275835469,0.23963938419656616,0,0.8775909992009769,0.11824610701422683,0,0.7207005198659894,0.1762834182558276,1,0.6232226799210788,0.33436238056928236,0,0.2804140470993778,0.22024837737489045,0,0.7452053594602157,0.18920975904179035,1,0.5478481766828824,0.19134679121771458,0,0.6324940536488932,0.33837918087316743,0,0.6461589084518169,0.24729505718604095,1,0.7145554416196177,0.2539061382134265,0,0.6085021241457752,0.41709449464214515,0,0.6346565997610635,0.1905006081309417,1,0.5464191058795669,0.1735575500687632,0,0.6151034898848443,0.3935787050148831,0,0.6090714556000087,0.3918595401096207,1,0.40582881661020476,0.4865529481129113,0,0.5073767975998196,0.45929772452775414,0,0.6198004584641473,0.42742211901403715,1,0.7397011717313327,0.4236708690025131,0,0.771347831378605,0.4855908281741907,0,0.6671505158133694,0.25544603726893006,1,0.7667023696776337,0.26497267167784405,0,0.6580847476436907,0.1968404584425503,0,0.8122091422956359,0.35544879129413576,1,0.6410308048532657,0.32325250472311406,0,0.6070802198782824,0.3217416308327212,0,0.7378644620981063,0.35840235253815866,1,0.4467183847322504,0.3982079705112065,0,0.6131405645980923,0.29846222143282297,0,0.5820867660311446,0.46446880750473857,1,0.6483262355917176,0.3173193219530819,0,0.49042251531556535,0.4586824466683825,0,0.7418572058158475,0.3816931727181248,1,0.7257660462047106,0.3228166225086601,0,0.6762058844957358,0.47830373459977726,0,0.8275451110901623,0.5044838776845975,1,0.7887867750122938,0.3522086967732265,0,0.7606665582448944,0.5167777664658995,0,0.9253964198219139,0.4809602852432245,1,0.9072988867819843,0.5615675035608931,0,0.7342341407697673,0.5042321049916126,0,0.8348411140473931,0.33728384525810495,1,0.6974284903309739,0.3424933188388126,0,0.5680390366026573,0.28179828554498093,0,0.6171826531901246,0.2756923502394563,1,0.49331274211262405,0.4568806597906511,0,0.49817390438829723,0.30295403523852765,0,0.4535893734044102,0.30396268425133594,1,0.30391931675547906,0.27286364516967515,0,0.3088051476887293,0.3545923808739543,0,0.2600286695003363,0.26508572942458086,1,0.17574407849116955,0.33280152166892557,0,0.19536921062513116,0.2732293062321287,0,0.37344608024305354,0.23387539239343427,1,0.46820605945248533,0.26332267425547184,0,0.3072813747645977,0.3759677944945069,0,0.4062507770842836,0.2637545526997813,1,0.3462035806941682,0.23311021146691266,0,0.3601381444341675,0.17976635077970116,0
101,2000,0.9,SuperLearner,0.9942834552482578,0.0006848099917316037,0.007082835858510622,0.0034725556726470583,0,2.049577002012478,0.1915414826952611,1,-6.506059034677505e-05,0.007132488042242336,0,0.03894130811952906,0.023607357419123034,0,2.4916371639841817,0.27058155186419774,1,0.009708769920644095,0.010902456441825659,0,0.0017592149505201206,0.00316973958950198,0,1.5684989154953783,0.16513915539831378,1,0.030879500867041144,0.010410078057313463,0,0.004254665465381104,0.0076649311023887666,0,1.8343300972607288,0.16625171431779903,1,0.002619808404255027,0.0016751787728153196,0,0.0011743944483158168,0.003034349701518507,0,1.924135692667472,0.13583999262239171,1,0.0047717345617385816,0.0030136576419448995,0,0.006573213875186787,0.0063682599294283306,0,2.946164237804967,0.16081789327828855,1,0.02933196827606188,0.017632006294052486,0,0.010687776516593915,0.01092945036748984,0,2.2549787995916057,0.2091996992368061,1,0.02642882939696135,0.01849909822153934,0,0.00022345454405350114,0.0009112370062588742,0,2.067355649844413,0.15816781348526654,1,0.0040209348366218095,0.004532420334126183,0,0.008597293683196209,0.0086914409341864,0,2.311805616813347,0.24988500038960032,1,0.003455573563198866,0.005932701347900002,0,0.008628055876955911,0.01097536617322117,0,1.9125115088698397,0.18293441507340016,1,0.003738269158654023,0.004329309726649792,0,0.001252751151308773,0.0009125409570565936,0,1.393695265343365,0.1118862849764044,1,0.024000889604673094,0.009566824940018422,0,0.006522212031608446,0.005945025351408146,0,1.778069715784002,0.12138152039909071,1,0.0068518234787760274,0.006137105007932572,0,0.003656208549954155,0.0030209143590569257,0,2.3078573620122755,0.193867501318929,1,0.010162447803392894,0.010053547835608662,0,0.0008848604270772373,0.005043765394195314,0,1.9752829375482333,0.20753422334967325,1,0.054927509085844615,0.007844282810279683,0,0.02191923945277573,0.011045222003388283,0,1.9874554533491284,0.17499919136392153,1,0.014442296916249053,0.013313739099612094,0,0.009343041697946971,0.00704874214364124,0,1.6396090552101206,0.0986407498652393,1,0.027310674630677805,0.015716267602572664,0,0.006085616726372044,0.00835733841304363,0,1.8944309016628325,0.2087352368646226,1,0.010206822729239428,0.00949589210005615,0,0.015871518275629617,0.021905787691817415,0,1.9073682802241976,0.35300515452818937,1,0.020138459692398587,0.016066338130721537,0,0.016914449551448107,0.01370377706106961,0,1.6721912464615287,0.18756126920141936,1,0.011083757913277776,0.009136279859608461,0,0.013349972095984106,0.016905846109722605,0,2.050161331780744,0.3191165124803654,1,0.020709772163356312,0.006347847321496389,0,0.04865036562587747,0.02657126722791579,0,1.6529043722809795,0.1879887387777552,1,0.015733819979952178,0.010747249897965811,0,0.003241622158432837,0.003021604565980252,0,2.1318807355318357,0.21484422835138092,1,0.024412820125369057,0.017005475499925087,0,0.00046340268694770366,0.002848401195829301,0,2.3057223056851313,0.10698038973803337,1,0.011839845467240975,0.012646224337846118,0,0.003922206783560566,0.002477891474909806,0,2.085963165850692,0.23943145114206377,1,0.001221677840435867,0.0008138567450619625,0,0.008014658046499566,0.004911893428362753,0,2.322702871507743,0.22636583784857497,1,0.005398781728516672,0.0030568138863039515,0,0.021549953097303298,0.017233568504878317,0,2.185620843179632,0.21489752497172648,1,0.02211023805116578,0.01695240626705966,0,0.011926746441538322,0.00529758253981425,0,1.7603677570876204,0.17843440530891183,1,0.008453987707223774,0.010751162610807392,0,0.001541044128358196,0.011050993534492503,0,1.5105850379490595,0.10823426175800217,1,0.018496747166440314,0.015193409837740588,0,0.03317792142856303,0.015150482698584995,0,2.525996102509432,0.1598308826417003,1,0.004060932944797001,0.00787374302086698,0,0.0017573264898534335,0.006373617815169469,0,1.7275181822288261,0.16423326670914729,1,0.016987140794481766,0.01324396475079198,0,-0.0005789978542384064,0.0026680400558237324,0,1.916599662786782,0.19779454867011276,1,0.009021261131516297,0.006810498259326301,0,0.00020125483939810522,0.0022708760094285485,0,1.94168721498257,0.14502188730550622,1,0.0012825689151292265,0.0022507958344806464,0,0.006006507475896815,0.0070007082685725665,0,1.6293798871316163,0.09958676932923868,1,0.027457059100898767,0.022075426967209443,0,0.0008148873374887096,0.0043404388397499105,0
101,5000,0.9,lr,0.9947449705416137,0.0002646071149842962,0.001945904389665274,0.002887845904512401,0,1.828136030119793,0.07651971056051281,1,0.0032268219551343388,0.0033960608923846148,0,0.014070835230649498,0.009980985808069949,0,2.494382928961021,0.07783942913097701,1,0.008079810240136447,0.0029380526249412693,0,0.017709450951002372,0.007057658397824802,0,1.753060746983803,0.10427175474580927,1,0.0013164475853093788,0.0022980066034052333,0,0.011214936328616967,0.004159354781402717,0,1.6073370015431898,0.09887953671712423,1,0.0033152369845259296,0.003101480598981133,0,0.0018077016487138622,0.002043636839125091,0,1.7287166649489412,0.09168879930818057,1,0.004480343737339616,0.00414415028043091,0,0.00439461306235542,0.005203160615024018,0,2.0639573155188193,0.10962740478490275,1,0.0021673110904285873,0.0019087958540311807,0,0.0007268921296813361,0.0005208757526696886,0,2.024551459255934,0.12623410720400843,1,0.0007116418780098926,0.0013293782467187897,0,0.00485939992172806,0.004890696149121386,0,2.4559356247368855,0.0708491918824371,1,0.004815942662883278,0.006369651283936491,0,0.004267094028001607,0.002306699097369407,0,2.0323603845731384,0.14103327082699538,1,0.01034737665970339,0.0061222124193363245,0,0.018779258197736497,0.009571047682035823,0,1.9255746748799478,0.2096417672184203,1,0.0008813306081831875,0.0014722595417500986,0,0.006042397117564831,0.0067288554522349775,0,1.948745004234149,0.1503215391326754,1,0.0027653550411391088,0.0025312596467170394,0,0.009279964885527282,0.0048328387667251884,0,1.8146779629426277,0.07435195750903756,1,0.005928393560210063,0.006931384486372529,0,0.0008215283829838733,0.0019635799919318726,0,2.0580739811339486,0.1396157232719374,1,0.0024093627310219157,0.003135014419390623,0,0.002592350943641133,0.0029039710216441613,0,1.7411242644954992,0.06765273911833421,1,0.01117638192333212,0.007163077128687344,0,0.0076725579487177745,0.003708535459465003,0,1.8189294274961423,0.1283767345804642,1,0.0005246828686090913,0.0007869423343036324,0,0.003997513046554041,0.003160614062277633,0,1.911212508891796,0.12893685496795512,1,0.0006965448894112929,0.0016228007026326719,0,0.007074622078175422,0.004829216127201193,0,2.1255614125432913,0.07221153744712441,1,0.0024684248456537158,0.001578080184573892,0,0.0030448361124791644,0.0027422107366769145,0,1.8626480002457935,0.10986663128496994,1,0.002987714881023919,0.003098566455549236,0,0.007195213992338188,0.006553486156163596,0,1.6840198982548515,0.054117698440794344,1,0.0005203325493464917,0.0003647390394345017,0,0.011878529649208179,0.007434178443658814,0,1.894730689250391,0.04178849034119417,1,0.00506562999308611,0.005021682499878656,0,0.004964526048889703,0.0028846640652341457,0,2.2896180135053092,0.10094134846529894,1,0.0058232363692321725,0.0026983983268686284,0,0.0030412820142625826,0.002406979742342535,0,1.8627893963343696,0.12529725805176276,1,0.0018825392375209343,0.001514504064526788,0,0.001348994450119711,0.001495947993800402,0,2.2187366591925275,0.1375879657125686,1,0.0020913452233051666,0.002347407731877363,0,0.0008223154027262227,0.0014459823103970732,0,1.9624370525482084,0.057701532459690216,1,0.0015227061209412153,0.001574488151094097,0,0.006147614755031025,0.005648592781764273,0,1.7692128542640682,0.050493311128230446,1,0.009888383094942863,0.008583090928264323,0,0.0004654200645975424,0.0012800414351859996,0,1.868326502037575,0.14967627175337903,1,0.0008345375728237645,0.002476061570044602,0,-8.145038369356786e-05,0.0008146305902136177,0,1.9273345408725517,0.18958581312108408,1,0.0003361615309151777,0.0011944569801545307,0,0.00977047338825044,0.006539123826390507,0,1.7318925796655251,0.1299312869624182,1,0.002876417756629561,0.0035666410251369287,0,0.003004160344969428,0.002774526177388521,0,1.8647923005778957,0.12648165723355106,1,0.0014042377031554386,0.0018128615318999714,0,-0.0005928906621236104,0.0009099622717765632,0,1.8002734684589232,0.0652895712796576,1,0.0016586190778413834,0.0016814784210131925,0,0.002884636416853292,0.00347490666850452,0,1.779285799373883,0.0990137101287666,1,-0.0002305609148227781,0.0008848104480800194,0,0.010032255521445705,0.009102787995725822,0,1.5567721041679918,0.045071702440369336,1,0.0016701633378168699,0.0025234028960906397,0,0.004403632083543705,0.005766166943140402,0,2.27647220403045,0.1618810407606907,1,0.030371704203113588,0.014010668742076623,0,0.007019127470146246,0.004157541482149986,0
101,5000,0.9,lasso,0.9618488490627911,0.001145400459197072,0.0,0.0,0,1.134125690239667,0.06713745497140153,1,0.0,0.0,0,0.0,0.0,0,3.73809502088154,0.2636754688956222,1,0.0,0.0,0,0.1420120561244716,0.18042810837210355,0,2.599160071513398,0.08248546991734414,1,0.0,0.0,0,0.12586547900250747,0.1115378371219808,0,2.2869565144158863,0.2271044483833889,1,0.0,0.0,0,0.055689602296581354,0.056714409868342315,0,3.025291446727771,0.28362558825775336,1,0.0,0.0,0,0.10965064725640192,0.1586148722228227,0,2.6609994825737218,0.21400984356475422,1,0.25912918640159904,0.06640916758753627,0,0.23217397714865012,0.14624541599566507,0,2.063907675890634,0.2394291588999405,1,0.0,0.0,0,0.0,0.0,0,4.006834358354637,0.42644456106155637,1,0.03740718267607608,0.07481436535215216,0,0.0,0.0,0,2.38316944538852,0.17311032564148968,1,0.0,0.0,0,0.003996790983014833,0.007993581966029666,0,3.7134126267336756,0.28590128074828874,1,0.0,0.0,0,0.04017960201539507,0.04973291527316319,0,2.7952434072668786,0.2538587019442245,1,0.0017827511642616756,0.003565502328523351,0,0.016751262211603075,0.03350252442320615,0,2.6458099258952266,0.19091828762064791,1,0.0,0.0,0,0.009982230639756047,0.019964461279512093,0,3.1993702878513064,0.0994371419091297,1,0.033388219894232275,0.048907225717884084,0,0.034050740044063235,0.05623416243600246,0,2.894852715062875,0.30874239792795927,1,0.103445630372341,0.1135987258740232,0,0.2617985313880194,0.11251966656285463,0,2.6138753185982035,0.16010737555546142,1,0.0,0.0,0,0.0,0.0,0,2.957231330228959,0.08864984719496002,1,0.0,0.0,0,0.0,0.0,0,3.1238755002155374,0.10198826326345155,1,0.0,0.0,0,0.07093087211703875,0.08810443479849593,0,3.5052028420672117,0.23616967355729082,1,0.0,0.0,0,0.0,0.0,0,2.5461543415215324,0.22738605195150266,1,0.0,0.0,0,0.12235118846732077,0.16093592814571042,0,2.6440298793347217,0.19389384779513386,1,0.08428020397115213,0.09238579008402066,0,0.1688910935781339,0.14567151949963125,0,3.0629783326616087,0.22954432485153242,1,0.019692263335515162,0.039384526671030325,0,0.0,0.0,0,2.7079780583587176,0.1451723123257217,1,0.0,0.0,0,0.08278810561797066,0.08430540826992489,0,3.2758326920346894,0.19245749268614387,1,0.0,0.0,0,0.0,0.0,0,3.076959786796572,0.17645901677734283,1,0.0,0.0,0,0.0,0.0,0,3.4179747465842603,0.11421749701817405,1,0.0,0.0,0,0.0,0.0,0,2.678236104676473,0.16254619105367296,1,0.0,0.0,0,0.0,0.0,0,2.2627647594099254,0.16918389028528752,1,0.4302666125871134,0.11688244207019155,0,0.0,0.0,0,2.405870313490776,0.3581663309340704,1,0.4670426662784819,0.19356661303764022,0,0.0,0.0,0,2.230821502609454,0.19761839407510717,1,0.0,0.0,0,0.1827232156642772,0.07507073796589199,0,2.6693570211541293,0.19257573251160348,1,0.0,0.0,0,0.0,0.0,0,3.213080047798467,0.14355182749230397,1,0.0,0.0,0,0.0,0.0,0,2.5666114581956014,0.11191454394539815,1,0.0,0.0,0,0.008311320671510507,0.016622641343021015,0,1.5161656520523707,0.05793136490551822,1,0.0,0.0,0,0.0,0.0,0
101,5000,0.9,dt,0.5517135289903223,0.029100068537187766,0.06428609931997722,0.3510011509011349,0,0.7255851747777202,0.4283392157088713,1,0.39380810461593985,0.1815801740387405,0,0.7158680782416502,0.6739789980161242,0,1.1267216395832,0.8364729705407906,1,0.8750867990636184,0.4750431080617609,0,0.9158740943340515,0.8473064229726133,0,1.2350458392196546,1.0997562055004386,1,1.4719689000207785,1.137921455643781,0,0.019119394104915633,1.0203476792260104,0,1.4170413742982721,0.675313157155492,1,1.9818816256539697,1.6216486231984677,0,0.48073301129604173,0.8340341066074277,0,2.9025464882849237,2.5056771252207555,1,1.0076825597784198,0.17099258488847502,0,2.8480589013166298,1.493866323322615,0,3.4901228741226697,2.1590417905624464,1,2.7114352255603618,2.1246031324774806,0,1.1502517271108545,1.4548180823826855,0,0.11837677897537044,0.6496084501652956,1,0.45105600124977585,0.9809624327945331,0,0.8630396705863204,0.23851265051882276,0,2.0343086481073205,1.291861824409458,1,2.229874600635534,2.817500627051126,0,0.7237783111900032,1.0384749296476408,0,0.36403796740589794,0.25821484208468887,1,0.398776893725119,0.38915333998158474,0,4.665080164956871,5.429218423885133,0,8.799596684937462,3.9721225770201536,1,0.6099831725260187,1.332293193759495,0,1.1287159832649472,1.4118922705202563,0,1.002381706781104,0.6756090180226841,1,0.9037006671445014,0.658651697763217,0,0.7159479804291706,0.5601428887643211,0,0.2629980685060011,0.6619558209896897,1,1.1007998225093245,1.3279883083596,0,3.7955786152229374,3.7738965752672344,0,1.4645040550805255,1.5243434191260352,1,1.3231697988253812,0.8808699396135511,0,1.7020102987760724,1.303002047216767,0,2.318417136481682,2.3270448976215206,1,0.27549060367909184,0.3068968261328287,0,1.4748629682926109,2.1402026585890477,0,2.769190358708083,2.098107447759156,1,1.4633863081471428,0.6485286473710911,0,2.582273857760847,1.834207238754811,0,2.2064354252605045,1.0992143804905674,1,2.2032568654208347,1.9255632787567636,0,1.946003889865862,1.6115637922424462,0,0.8241208589691242,0.4477898440765797,1,2.33866792576588,2.380026320600908,0,0.788756830386261,0.6255499428173763,0,3.640920153687605,6.1552773477367175,1,0.484095588396658,0.6027938860731511,0,1.0430768569659352,1.1164797210237274,0,4.8654620907738835,8.081804453843073,1,0.7736097925233287,0.7282963006697296,0,0.7569153207570667,0.9579891807597481,0,7.973091668799716,7.880629563421197,1,0.529388541548441,0.8029809918255318,0,4.462980786496683,9.340692181830443,0,1.3253599525058277,0.557952606733234,1,0.5948209508368449,0.3794748693469806,0,0.2613833167279833,0.3351752683492429,0,0.8421086525895112,0.3806799603485807,1,2.1790029982169097,3.3578558056698196,0,1.7699038512720708,0.9481847303560739,0,0.9339098474756338,0.22547997531663228,1,0.5302077853833642,0.4905558760985694,0,1.9872613431191866,2.8265082967577957,0,2.542051370575673,1.9287392515481296,1,1.4434181575786282,2.3590443534895846,0,2.3281587044961443,1.9566613107851205,0,1.5739584843498204,0.6410570920736621,1,1.130512023130423,1.389903101741261,0,0.6567134587468578,0.9528360626834607,0,0.3893749368786078,0.7100724277611296,1,0.9327822358345458,1.0778505580424216,0,1.2290364847874975,1.580090037093184,0,1.3426531563049502,1.0744882108221276,1,4.056799613572141,3.32506166088326,0,0.7004035396639356,0.8903757793489507,0,2.0832026731221585,1.4383882989737962,1,3.978316304978842,2.8497396040634637,0,1.3113042611176957,1.0461605029249976,0,0.506440256963163,0.3714484914362062,1,0.5825222388504255,0.6800165888609017,0,3.7945692323866522,2.330572023059976,0,4.7926796868448,6.200555623828123,1,1.2838688381976164,0.7201555120397332,0,0.9154100243875384,0.6198082412702957,0,2.0118580769351944,1.290547838711632,1,0.8183103309300449,0.4258076097331001,0,0.28324674670088623,0.6657748268709168,0,1.104535403765136,0.907658173722053,1,0.2923935946959313,0.698478089092752,0,0.6583516231778891,0.4898589030799076,0,0.617560831947869,0.5444737510787793,1,0.44312663263715046,0.3651153025757586,0,0.06405815624006779,0.38180552790745714,0
101,5000,0.9,rf,0.8852144715035732,0.00409731819288647,0.2513797989832853,0.028544049130952466,0,0.4184160182316815,0.06352112356685273,1,0.429944089566938,0.07562720532394865,0,0.5098351745731942,0.039306315981406846,0,0.7730283988216059,0.10155332596917646,1,0.519405672690533,0.04419886547450924,0,0.6691133229266804,0.06573104987558862,0,0.839880457945544,0.08538317134925422,1,0.6297296389984333,0.17852298486338983,0,0.6318291402246936,0.12140339341373224,0,0.990858150233716,0.17425224063396574,1,0.896637703100548,0.14422646051299573,0,0.9875297530076569,0.11021207382442914,0,1.417422992063354,0.09572896186454297,1,0.7562731405713443,0.10255185087554694,0,0.8761919136713658,0.22346325630968533,0,1.1597695643219523,0.2703528652702285,1,1.3908922563471937,0.20440874000879952,0,1.0723131605030178,0.24192972959789122,0,0.8951995550297083,0.19139572862021365,1,0.6114217732171202,0.17940721450745445,0,0.5929203863208228,0.15862176344042708,0,1.494326614578228,0.11891093553529342,1,1.2978808725568205,0.357802959562485,0,0.7418594789437296,0.21500825371548982,0,0.9373352292238462,0.180656731063503,1,0.5070093502150482,0.10085639078047906,0,1.480291945121644,0.7146924092230538,0,2.4643797005560093,0.801859909220898,1,0.6840644974179625,0.2060254605474353,0,0.7049641505888332,0.16042474886971148,0,0.9140755423180347,0.1995360192850462,1,0.6326215820210279,0.10723362101649733,0,0.48853498303389176,0.13119432282791652,0,0.7940516121048654,0.22183589269169549,1,0.6877709243528847,0.10400895205654073,0,1.0716150526093469,0.47917391548698013,0,1.683295831951476,0.1945021674749384,1,0.8585069944855286,0.13402062103165088,0,0.7860711364025659,0.35707772397783294,0,1.0224538848545772,0.36965582130866736,1,0.8736496594854077,0.15818982262483378,0,1.029362680943017,0.12110346489222588,0,1.5297824784678027,0.9172031350735189,1,0.48828561464721865,0.09326116631891314,0,0.5908484274347751,0.1033569787844336,0,0.9059965440436489,0.22282013460770525,1,0.7204188465807466,0.07619424838906468,0,0.7236392596235396,0.12492225468016957,0,0.8989091445603599,0.16097584455081546,1,1.0001660475689458,0.47637207760358785,0,1.0372428738883168,0.24570143279970486,0,1.8979019831290116,0.970187695217461,1,0.532127845989668,0.11204777042121646,0,0.47118069771268745,0.06081132013378318,0,1.8743213272538355,1.91083048715136,1,0.40932858309703385,0.09658847145411052,0,0.6194158351945531,0.14277925784415596,0,2.291485088002316,1.4266076292523096,1,0.5390693681662062,0.13673102373795307,0,1.8674506825595283,0.9306528533794496,0,0.8046014153637217,0.3128742215283777,1,0.633164146672604,0.11905146023955057,0,0.9449840280921846,0.5596925828188709,0,1.0166207001872203,0.21457122358906044,1,0.7140129688333721,0.15006414745511215,0,0.6753649911393804,0.1576162926809444,0,0.9880475409123155,0.2248919043574767,1,0.48261229998266364,0.10811277382846742,0,0.44649612495559615,0.09450012581055034,0,1.5171549284366648,0.3319887134124101,1,1.6073188589095935,0.3423246192516586,0,0.9614375783715271,0.1935203071452188,0,1.3058100651249434,0.2577521795830047,1,0.7551648506282079,0.1509849210362622,0,0.6953217049311886,0.1153481930583566,0,0.9614028983148261,0.14067946160733807,1,0.5235624379440226,0.1118554797420119,0,0.4894665170710722,0.04183411257237747,0,1.0020760588714421,0.12224204535826395,1,1.1404863707730393,0.13017934477710336,0,0.694322234826274,0.10078233695825177,0,0.9768717594821943,0.11677973289268294,1,1.3547959261112514,0.13517461300583894,0,0.8203365740602282,0.14203911031388639,0,0.8222888514064305,0.14245816831731054,1,0.9616945630560861,0.1411948696616936,0,1.623498843757066,0.2816870468258974,0,1.1891967918911126,0.09286998406453018,1,0.7243770361336083,0.10400536393744389,0,0.6277674342238597,0.12455259092314018,0,0.8295071917341502,0.1640242364288175,1,0.5665375432552631,0.04403086205735632,0,0.5680192452224884,0.048282599183829114,0,0.7295047335302655,0.05842729070909841,1,0.33548533362990296,0.028995715622225773,0,0.31252491118723275,0.03846449722779557,0,0.301381830839753,0.03184160697911645,1,0.1965057423487897,0.028798445223217884,0,0.11782606149438749,0.029346150012043624,0
101,5000,0.9,et,0.9000507866143902,0.0034184353451746237,0.25225969007567983,0.024264503766605727,0,0.366252183396991,0.06071034889857006,1,0.4268160023458317,0.06799758835729228,0,0.5077012125136748,0.04599361121365534,0,0.7215271370915364,0.07602862519826194,1,0.572654779555099,0.03511001580861741,0,0.6478764934155603,0.029942014030079844,0,0.8321817090758927,0.10262984489172179,1,0.6331816599689548,0.08848636396505356,0,0.6767644034004394,0.1423452658558105,0,0.9603033899507942,0.17433501140724994,1,0.897685927442869,0.19282046646068304,0,0.9124212169241244,0.14272290697435172,0,1.3690928147713008,0.2207853712830714,1,0.8136493697188995,0.07816138872437263,0,0.9660157341661941,0.1397929705528243,0,1.248002663118547,0.22825979770268834,1,1.1400786287260023,0.1682295169663416,0,1.0803055968633766,0.29254204267397543,0,1.033504764749537,0.22214756424665866,1,0.6280539779951034,0.18935291803328783,0,0.6084622616062548,0.1067616378244537,0,1.228326645955906,0.19397928298571043,1,1.2414523192527072,0.25810949737026667,0,0.6788193957061166,0.1451880760720448,0,1.0101784680922312,0.08980856559247088,1,0.5346828578894883,0.1052022738550873,0,1.126584846658767,0.1669384804675623,0,1.5660819279073201,0.21475114818351076,1,0.7046926060526983,0.18310330476204578,0,0.7157489290860806,0.1222300601054696,0,0.8210064278746205,0.07428536540534962,1,0.617547461569243,0.09156950928014478,0,0.6304602289157337,0.048475205344141674,0,0.9807179083240903,0.32968588490971523,1,0.7556357368792617,0.12834890855428654,0,0.9849993910645413,0.15798375749607385,0,1.410102165121862,0.13409579362473464,1,0.9069447494633247,0.19044506540860945,0,0.8116889209072106,0.13442071508279982,0,0.9780518970410685,0.17080618925271518,1,0.8564980778218236,0.19385597293504228,0,0.9715101793002405,0.15814086628267998,0,0.9940091254350809,0.1327085644339865,1,0.5446413956705327,0.06895665453031188,0,0.5163977218251816,0.06769638028856043,0,0.8884123475390725,0.1100904660561007,1,0.967678783206767,0.2504841934786312,0,0.8490193750605032,0.03736363695378643,0,1.1711974595736556,0.35775467093199664,1,0.7626461255300966,0.19701158819320264,0,1.0969524070002863,0.12656603027644656,0,1.4040125635665344,0.3280091787321266,1,0.6172035564901293,0.09674557572236782,0,0.5308942357659074,0.0999876510475421,0,1.172777632901473,0.27257631078184846,1,0.7261838531169384,0.21124228188118366,0,1.0494979477309088,0.23646397914428083,0,1.3999825127819288,0.31110263791819376,1,0.9180291214034557,0.28075304520630245,0,1.0373888235417255,0.21185897758042824,0,0.9057959552383394,0.2262003397537804,1,0.7268932830239938,0.09510766002687833,0,0.9264990315782093,0.14126407341380753,0,1.1563771743780573,0.3406175067868936,1,0.8640141968085319,0.06110549622290456,0,0.8294515318505884,0.20794364776420432,0,1.0533469470850416,0.1887008642859071,1,0.6649875420616892,0.1261374411469293,0,0.48025340443550607,0.06728743729315553,0,1.2000337047167193,0.16876645880370647,1,1.3090565007892137,0.18626669536832827,0,1.007098306272925,0.18809656497410687,0,1.3354736958897844,0.13286952188394857,1,0.7476064113634483,0.06478546244658334,0,0.6027426380267334,0.04252551079365479,0,0.9056868577614703,0.13970705297308864,1,0.48357327108957177,0.04169167139094641,0,0.5357813008606978,0.09350417026679711,0,1.009119669626319,0.1235164217909806,1,1.023337042613241,0.17934900628751455,0,0.763546681457884,0.07944601355919516,0,1.0532042310790246,0.16455823592644087,1,1.1806697473519552,0.1977298756289078,0,0.9331091238234677,0.09199736798412356,0,0.8927509015930355,0.10367056000917779,1,0.8998841004848096,0.12237634772837563,0,1.2376259984681348,0.10468260777560913,0,1.1830090576680783,0.05882500145609245,1,0.7083875901779729,0.06801266185908764,0,0.6371389996721114,0.09452691640990608,0,0.8479467350285447,0.06081851000273247,1,0.5858906907091914,0.07372403373943942,0,0.5592228782436447,0.061069062545407435,0,0.6526291586075547,0.045414480914168,1,0.3798290184846537,0.017583836201122586,0,0.3310820829516486,0.027339826477452835,0,0.30066661451010857,0.043299252482742766,1,0.21261556275091742,0.024356768962181686,0,0.12832116922822118,0.02059686617080991,0
101,5000,0.9,gb,0.9412907636256154,0.0021707366721830787,0.04076514612873848,0.03308397927411771,0,1.0860098421031448,0.033323159029008016,1,0.17661770373225524,0.06066200098290149,0,0.25945941714865983,0.18935172328512387,0,2.1157391701337254,0.45715168955455787,1,0.14516538088657174,0.06209993660731774,0,0.38936585078221514,0.08715907389129009,0,1.516081866893362,0.23223486448302536,1,0.10260239453841417,0.07085554783385165,0,0.27535447073703806,0.1305828227065617,0,1.0028515639181048,0.4104357497876837,1,0.3686065075072061,0.08812426768999225,0,0.5155182666797241,0.28773541592661556,0,1.7426774857320027,0.18058580339147492,1,0.13976420701577819,0.0555748434746277,0,0.5299302306215941,0.2926399576743539,0,0.7489573976550272,0.2976612625668751,1,1.1513284549776723,0.2717554041519655,0,0.769427177570583,0.3920917332288471,0,0.775608567526339,0.23046964916299792,1,0.19902286978711597,0.10151675213319071,0,0.2656751542824314,0.14875307892565773,0,1.5749435986059424,0.29765173056865435,1,0.6507430437198299,0.4486920240416958,0,0.28058337834969443,0.2086460713318155,0,1.13238505818084,0.24602214593124985,1,0.09818785648671033,0.028657080855821384,0,0.8437015770532013,0.5645553070346714,0,2.123985999457766,0.6960270758481897,1,0.15087239430018623,0.11768893887343927,0,0.3928891787518762,0.1633235971423749,0,1.5425185338037344,0.4745173661996223,1,0.2236005297220572,0.15548789334981,0,0.2924154413576652,0.3280754016211883,0,1.1378500816571313,0.41026008614575676,1,0.28100211574526995,0.18730939758376097,0,0.41941818604830605,0.08472570277629674,0,1.232394060705979,0.09079064219335652,1,0.41038959599419345,0.27305654038933125,0,0.7556787621728891,0.3721107587651936,0,0.9392643224085008,0.2661576994543697,1,0.3499764880017426,0.18801635260454616,0,0.5253130980151971,0.17658687675366216,0,2.004007043481173,0.29696043444110387,1,0.04746300959001735,0.04868549959689812,0,0.17062256707419046,0.09052115553680448,0,1.204130963264137,0.28537154530647196,1,0.3875360895436669,0.1033232570912811,0,0.17152127336207998,0.21555289423067064,0,1.5778493690227058,0.6734910998865333,1,0.2859677961474997,0.333593531708698,0,0.5607340252404692,0.21265990809086144,0,2.234552780359274,0.538721767859709,1,0.11790801622379903,0.11521539151800424,0,0.1987521102816068,0.1023335238012354,0,1.5290162790749153,0.5569247513636751,1,0.1246511363369441,0.029276251464088916,0,0.25075282285605904,0.16535577551926864,0,2.0315808845746357,0.5084436256031786,1,0.08097456315611821,0.08664258990826922,0,1.2454523937163213,0.6669962737343549,0,0.7857084579970883,0.266022366133167,1,0.22823942222417468,0.1798960856388068,0,0.2798197545019396,0.24755968857464802,0,1.2208440225881438,0.5713060619424092,1,0.35066844559261745,0.09652266574013449,0,0.3138308398639952,0.21290571386841076,0,2.048842419592565,0.3181333504862494,1,0.15778875898354502,0.14002204233722645,0,0.06883396617403806,0.08751684684909118,0,1.290665602414108,0.4828086189861246,1,0.9710870372475723,0.4179869929582335,0,0.351288068146774,0.22228540053090945,0,0.9505460535997325,0.3150225638447318,1,0.8123342008774435,0.20344122546951585,0,0.1823055665057601,0.15413655231860607,0,1.441556005853742,0.2204630780412862,1,0.17564015160816657,0.10132308854000793,0,0.10227479201771979,0.05592535114068151,0,1.3764564271744946,0.26658127962198847,1,1.1922833698354212,0.3408165815648961,0,0.16261889703830326,0.12386618677159765,0,0.7082156416288294,0.13424804927947884,1,1.292993032311022,0.7027515594125856,0,0.15422599067565546,0.11427906733089505,0,0.6957014151689942,0.08080734741802259,1,0.23381831204956943,0.07151958776080665,0,1.122868534019247,0.2301681068797328,0,1.342027791084853,0.36309925379509694,1,0.17614148358085996,0.11379983805789591,0,0.25160132235176463,0.08027978424819279,0,1.4046388958816907,0.17064602665892709,1,0.22678942444584843,0.153476380098664,0,0.2748404790204734,0.1613647949821551,0,1.94221119487231,0.3147665485755874,1,0.08893819019183487,0.05504166527919183,0,0.2921444608278835,0.07740451503780178,0,1.1159592930925846,0.07714691482102956,1,0.04598612933633146,0.026065210507178395,0,0.0009419616697312847,0.003247788678999086,0
101,5000,0.9,hgb,0.9452570600816076,0.0014502824240347485,0.15484427593130146,0.043402243973619775,0,0.9938291990456227,0.07874487179329556,1,0.2943860702303104,0.16442997322118286,0,0.26646967967792046,0.09260324562910335,0,1.4993932071811646,0.2665116694669981,1,0.19615947106284531,0.09703271958811119,0,0.5050599251226615,0.17317654117439865,0,1.2822190010632348,0.3130452306580834,1,0.3995642172763648,0.11686076014498274,0,0.16070254766014003,0.07042917920703078,0,1.0812069621139848,0.22983733307932508,1,0.3656875148075707,0.08225204166083205,0,0.5130317749242292,0.19288072196359843,0,1.3582540084871604,0.21803840067205238,1,0.222004546572028,0.09347331438602362,0,0.4916746422587709,0.31246108622128754,0,1.1320829794543694,0.3997447465029553,1,0.8117452198147352,0.49795898309468545,0,0.5962169820626817,0.18987294791244555,0,1.091651752994361,0.2908384787618163,1,0.1619982724719679,0.15708320349309732,0,0.20520401492817514,0.12364276680094304,0,1.8759201174194033,0.2616327903610213,1,0.5177421855719855,0.26165264659299314,0,0.32018966945970023,0.20393626753872948,0,1.0366473511607732,0.1445138990397761,1,0.1407518350692552,0.023457206379898267,0,0.6310061919341534,0.31497160756968046,0,1.78955433292398,0.4431156537254191,1,0.1967641867295804,0.07569072554561153,0,0.4912714233245197,0.22414062743481805,0,1.1787751291385737,0.2729116509441656,1,0.3497283377291068,0.11899097905211299,0,0.2842851565770251,0.16600829356872093,0,0.8848754015384399,0.18106796804266326,1,0.30525882268428484,0.12513295429011503,0,0.44293659938743823,0.11398880794116915,0,1.114007493092718,0.17052752031319973,1,0.41841915134669616,0.10336852985780143,0,0.47422846923358525,0.19170910664556579,0,1.123698680123444,0.3900454004573147,1,0.31824472475039284,0.14017727261777405,0,0.7289535380886019,0.23307015685060034,0,1.2933561972979806,0.4647083601597221,1,0.10863197630073096,0.04374360272863161,0,0.2792128996801984,0.06939116356258243,0,1.0266708748655984,0.35634742692488264,1,0.5762240065397785,0.3107990154719175,0,0.20314220699562618,0.15153297090733603,0,1.3028778198514606,0.39547359146118133,1,0.45363525752474676,0.25453779620854783,0,0.33235052690273215,0.14466655784331411,0,1.7660821109621516,0.3717420819934606,1,0.19432050187602953,0.08331448550533019,0,0.2666982398151248,0.08181570264273946,0,1.4101300845513596,0.7668442630911252,1,0.12592510881553196,0.03712829511717335,0,0.28311998161285007,0.1220208839161779,0,1.4795821166393068,0.4860367830715246,1,0.2198267015266982,0.07173218840919769,0,0.6347081013022114,0.2577310613449209,0,1.0750782190943087,0.11508420816987436,1,0.1993706747847638,0.019653011162483667,0,0.28630093297533943,0.1258251215656929,0,1.1847940308288702,0.22118058772026075,1,0.3111304801824519,0.09908633694646693,0,0.2810726786996267,0.02757734715756247,0,1.9301955768209922,0.29899886577072776,1,0.19965252309170795,0.09598773288971106,0,0.07363585676129633,0.06653757654300073,0,1.1293680945343805,0.4141914598425296,1,0.7180416322463234,0.20448684217264881,0,0.35895996371196714,0.09167677420713521,0,1.0354025507803957,0.1887523453177135,1,0.46954604733382704,0.15829632208615174,0,0.32701663593216035,0.10942987471702197,0,1.1270242619338415,0.08493887229448187,1,0.16859237716736641,0.052379858403033094,0,0.18105960551565117,0.07311265834619246,0,1.283106883244367,0.1467554204685405,1,0.734094736374762,0.14624164956526928,0,0.1813208912713025,0.11397049717970648,0,0.9102039457267322,0.10816811677017547,1,0.868110392889373,0.10573225822747187,0,0.19126044907339346,0.10562593235393147,0,0.7923106198957911,0.25881593310442813,1,0.26865177815183283,0.12387039159302103,0,0.9566586710516836,0.373715898594773,0,0.9970874228382314,0.310338790069261,1,0.31393241525180265,0.11282997555440444,0,0.3368512516327558,0.1009011436111473,0,1.4462831944037973,0.30052696557087716,1,0.3003012709672923,0.07009696466682859,0,0.3723784117798905,0.19182624645136007,0,1.3657783712392333,0.24492653467950629,1,0.15552877122003794,0.049438418465820956,0,0.17466867060621316,0.053077322911410485,0,1.0886990171272473,0.13759449340848873,1,0.11428960735999301,0.040887386096153285,0,0.045830344830276856,0.04202093546636676,0
101,5000,0.9,ab,0.7986915953115351,0.008700277399895992,0.0,0.0,0,0.13594799948452418,0.12183192989008625,1,0.025205754361372214,0.05041150872274443,0,0.315953818333092,0.5496929902362898,0,1.0772488710286963,0.6150967595772956,1,0.35254143990111386,0.3414983585066044,0,0.2452176971868108,0.25808383244591804,0,1.390863747806188,0.38107281387509023,1,0.5459025265464279,0.16520780613782993,0,0.4485101043137453,0.2525533155304629,0,0.8003553692446793,0.2861097628219345,1,1.214584346306861,0.4933580083417418,0,0.4290151512762347,0.33941455751296473,0,1.204242333398471,0.17656466276132257,1,0.2087318470782596,0.1396847094709661,0,0.8033496704534123,0.5945693407354332,0,1.0544128717429477,0.4719242321729253,1,1.2136959014695932,0.4292224310098931,0,0.8745211053199882,0.6068313018596085,0,1.1258456137436113,0.6289661951105455,1,0.15268331315505254,0.17558283184145784,0,0.20833353714129688,0.23975937335060463,0,1.2007865280871315,0.3409528095161553,1,0.9546270431908628,0.3924919609450507,0,0.3222423081425121,0.5758190813347829,0,1.415694138808849,0.4262826186139494,1,0.05845170283466729,0.07275347873996217,0,0.5668548282578832,0.4082853324213851,0,2.1470606888868358,0.28566225723417826,1,0.08324874724069589,0.0951503401433886,0,0.18710906138010094,0.12472438807204357,0,1.8692527210984111,0.680575304022078,1,0.6413726597564768,0.583355178378498,0,0.3476430761611088,0.3045305202974742,0,0.3026908964189459,0.176149201983704,1,0.4388119421219866,0.31154846179021123,0,0.10529454710473077,0.17198327956121676,0,1.19186906427943,0.5772114195484375,1,0.8325866894928794,0.6418054989393157,0,1.2137024626483492,0.6964834007422281,0,0.43367561629374884,0.27978473837898954,1,0.36026247850441023,0.26218848057527333,0,1.036741156910168,0.5281978103774972,0,0.9841986327022957,0.7515821650340498,1,0.06272315968971978,0.05216741118010978,0,0.8057752532130525,0.4300589548677556,0,0.5056025978936043,0.3091906007567018,1,0.7617291221412723,0.6533989232787415,0,0.35258665857733734,0.2815497735597267,0,1.256143385985205,0.39186167079877243,1,0.5215508910748544,0.5112758341518442,0,0.7187344348501858,0.47983393916928624,0,3.0890354332349346,0.6753175604733993,1,0.06995058595325722,0.051846094392480155,0,0.532297866285406,0.2996082467311027,0,0.24810401181528818,0.23428462466528688,1,0.29307110022317684,0.2148593486019741,0,0.2685857675999155,0.2480173227837637,0,0.7136456859693141,0.503472282576137,1,0.8377507479569513,0.3989864668633568,0,1.1579452404181154,0.6077339887832415,0,1.6350892477723096,0.6921212838137493,1,0.41751549866312326,0.5313664876730374,0,0.2787660801623725,0.11628686303214938,0,1.8340024808464246,0.6649094860738864,1,0.14452631491185178,0.21380211708306604,0,0.655912790988064,0.42898629913942465,0,2.4297910072795785,1.591458553222525,1,0.3087263084069255,0.20018800257958297,0,0.15319157791364932,0.12859527354206937,0,1.058139561581901,0.47746486912793545,1,2.1307836329018484,0.42433548607235266,0,1.3530067230795644,0.2775583593572456,0,0.592810273844993,0.21615526669060348,1,1.0934179298936106,0.567669894740718,0,0.5688786784926002,0.36342951681260144,0,0.8494298829600637,0.40871713467201204,1,0.045919357415277626,0.0840879868152758,0,0.554506783678327,0.3156915902381285,0,0.4634475917096128,0.28273413297802663,1,0.6823795849624716,0.21049399994976578,0,1.1214007202812548,0.7237116674067023,0,0.9030104498588448,0.2749563948037654,1,1.575933257458397,0.30297665715149735,0,0.7051967139601758,0.4160476883911128,0,0.2931981448643282,0.21633042876137754,1,0.4864385198500867,0.3187698862149071,0,1.5995885716714544,0.5303348905489566,0,1.1173659745231157,0.5274799943929491,1,0.5940666190781029,0.29462920512970675,0,0.8285166270159117,0.5041786934365466,0,0.47803736183545853,0.3341554363923373,1,0.15534702200005954,0.16313589088663402,0,0.29341925297246074,0.18164690673191294,0,1.2598766313242407,0.28211220140525683,1,0.13334711006535624,0.1728143258537447,0,0.0,0.0,0,0.056262498476665965,0.11252499695333194,1,0.0,0.0,0,0.0,0.0,0
101,5000,0.9,bag,0.8516420750638476,0.007639111934554015,0.31363148453272427,0.05264999643732922,0,0.5188735573056793,0.1660223819680373,1,0.4478266656354625,0.1809841257868583,0,0.48317398853457816,0.19708865408657034,0,0.6120063965947697,0.1529363407019603,1,0.5289221681499862,0.15411305928494512,0,0.6662378849594889,0.11025964782567098,0,0.8810232814855254,0.3844624595434448,1,0.6783713622627651,0.38677357015746194,0,0.879149402075696,0.3112871726573208,0,1.0277947931575298,0.31538835229791484,1,1.2001037568948902,0.2325139680177423,0,0.7619093932146019,0.18622939321333376,0,1.7756506316064442,0.2977525715163696,1,0.8334998071767382,0.20757584255103254,0,0.7385145348909243,0.39817112571431806,0,1.3376812963045754,0.5011286563306072,1,1.2692424327526701,0.3663389628243805,0,1.222255897125296,0.24527744236178267,0,1.0259837099016653,0.3736852563248047,1,0.8437472219634143,0.4619278942069137,0,0.6001153494252713,0.30701737352598296,0,1.3653371137431034,0.28081917472757373,1,1.232898292331011,0.4372962977914722,0,0.9105199929543277,0.2135630475425631,0,0.9863924027766012,0.5532906265770282,1,0.5771682352206844,0.28398878048567744,0,1.5196982298225798,0.8136196731791046,0,2.2833816150529964,0.702778393782376,1,0.7025912313679789,0.22455590395008507,0,0.7086605828416326,0.3724131802198667,0,0.8616696016038933,0.3228244988588727,1,0.839729274879779,0.3926720484030356,0,0.5119990258646998,0.2655125219884958,0,0.8251960148376198,0.19298017007420995,1,0.881913621875043,0.2639855129623237,0,1.2519331966391156,0.9802390789882406,0,1.417322650134218,0.5753205327925129,1,0.7527536185333324,0.08799600357201104,0,1.167057575812744,1.0368314357264998,0,1.1612587187978527,0.6585610177022091,1,1.2010266969866663,0.5410861341782859,0,0.8390378758009372,0.30765110496191994,0,1.5891200026631271,0.6479510616454647,1,0.5464534832449216,0.18699017919298838,0,0.531659845973305,0.08317162824283472,0,0.7766217945489163,0.25858481601172906,1,0.6984562562585281,0.3195484835027493,0,0.703860332967963,0.2215908458596123,0,0.9479349935038857,0.29403186964781763,1,0.9303140844140456,0.2870404704911032,0,1.440013655850755,0.9799192074660069,0,2.4863667824301143,1.038992929344805,1,0.5876367264036755,0.21916008656864716,0,0.43328315367716996,0.0909983446994276,0,1.241556742046342,0.7283278634993228,1,0.3721892305966886,0.1648800155335745,0,0.43596772650321325,0.14066412501451905,0,2.2567644619607656,1.2482169824263418,1,0.5777557594748682,0.42079282634466464,0,2.143429651295892,1.3067236686712256,0,0.9619875080414049,0.6620000004646724,1,0.7395093824690985,0.3050896146078593,0,0.8030253096725218,0.4514656121973796,0,0.9081008390296725,0.14497965096831036,1,0.8137495240372503,0.45374412748210485,0,0.9091175798608392,0.43446755815658034,0,0.8032247831758614,0.3072186036433889,1,0.5421516968674174,0.19916265750954873,0,0.6280215632459758,0.2464631097555656,0,1.8193979306070034,0.37093344031352826,1,1.6814232677693084,0.8929602744412026,0,0.8733956998290762,0.36332410798358816,0,1.4290277490093033,0.5839975840181931,1,0.6893248442909581,0.09018736154154913,0,0.6664746253343574,0.21344052963077745,0,0.9870136055039801,0.46698875583745514,1,0.6976594400216012,0.29233997770059705,0,0.40957780589392667,0.1177200424741986,0,1.0664685087913877,0.35204644238524313,1,1.3778892931218323,0.25706405766893087,0,0.6332764456256383,0.25764380089950384,0,0.6744886462267325,0.12965345007697676,1,1.7985250911772959,0.5514414781457845,0,0.9202745108953646,0.2405996764217956,0,0.7039713792877729,0.12598690194440357,1,0.9347715694884362,0.27296848978613125,0,1.8095590065247014,1.0024476188557463,0,1.3786839323016964,0.34995304087366064,1,0.7145020563658064,0.3070066249742979,0,0.6066258298289398,0.24584694301215843,0,1.0135002602646854,0.30996471745279736,1,0.602794145392056,0.03861348961812631,0,0.629241799302325,0.17435015081176222,0,0.7296454254859016,0.19076054317306,1,0.46805995447640864,0.13344289894719877,0,0.2799089256650113,0.10977326271275521,0,0.283377992266975,0.16042579923754816,1,0.17073365435067706,0.06543831635033838,0,0.17847880444376277,0.07198600333742179,0
101,5000,0.9,mlp,0.9919624903390034,0.0007881621102362553,0.030738762030601063,0.01657486349872447,0,1.704526588142335,0.15992368659366446,1,0.03709069271571695,0.01604744296547424,0,0.04763973771783923,0.017197343036699335,0,2.59559935556391,0.0870751124064599,1,0.053079586925789124,0.017632428377873814,0,0.06129713679142921,0.03080285872959903,0,1.789910441019445,0.15856959408120985,1,0.018738162519370587,0.009128292169074233,0,0.031056217120631235,0.022499010429412956,0,1.653597054822567,0.12591119904753467,1,0.0640527817125586,0.02594346953097298,0,0.01655521739293956,0.008658140713719313,0,1.6375745565765176,0.10566853194085725,1,0.03353653547407713,0.011507710120827977,0,0.04944300662953775,0.021578341626038,0,1.751524750077459,0.13273980020890552,1,0.06430335248673265,0.014302017090949816,0,0.04402623424696788,0.021043293813887587,0,1.9617229977817114,0.07586921019330703,1,0.04987535482492165,0.024003817744743968,0,0.05017669972663656,0.025025720851594723,0,2.3986824552870964,0.18439575205715986,1,0.02370838123540501,0.016093566678860104,0,0.04111627874540445,0.018077682568733985,0,1.967648879979515,0.2057034775497429,1,0.04294790856928217,0.03165159611900181,0,0.03803529841745177,0.020719453121772195,0,2.1013693568623695,0.2440243319780889,1,0.04656498203014503,0.02004902236613074,0,0.03418115510002766,0.02182424487975245,0,1.8106244530486049,0.12737802303779341,1,0.02579020847732183,0.02588160546801538,0,0.029336387611863596,0.015448385868910761,0,1.799953188918866,0.14886578148221397,1,0.05930437959126831,0.010603728868427625,0,0.05277050065374052,0.010057907461484565,0,2.0985586539675434,0.2620889605139253,1,0.025905522263728314,0.014459693692209324,0,0.036218470181717234,0.018625079596388344,0,1.7661038365904935,0.11751272912808987,1,0.03277966009123567,0.009896324936659557,0,0.04306785020422592,0.012392298656878289,0,1.807119042450995,0.17672286210287833,1,0.051859872692654574,0.02690439982601518,0,0.015741288930668947,0.008464412991809334,0,1.8591877909338197,0.17374831702294746,1,0.024437922984845005,0.011370553244849663,0,0.04784515746154229,0.02049883637935398,0,1.992850357191775,0.1180115681748727,1,0.06933643436457361,0.024894248925468057,0,0.027376753450361214,0.022909950549646278,0,1.9503116450778701,0.21096355569755695,1,0.026798676565466036,0.021380955272309946,0,0.02722231503900251,0.012758850049125492,0,1.768037122600053,0.12664254819804135,1,0.04488354885313214,0.02607115604926816,0,0.07309613272554764,0.02159420109810888,0,1.8308005617029892,0.14368308278986588,1,0.026869238651839367,0.026431910295832767,0,0.026514802928627207,0.023203486149422976,0,2.1516817876581085,0.06752293861521994,1,0.0429913326436017,0.016739510164626548,0,0.04118056103084645,0.016236216697784373,0,1.856063435172383,0.19589052218577638,1,0.03439826505646196,0.017894366275522596,0,0.0407120873863079,0.0324558512960144,0,2.1588195571215607,0.08273926996869951,1,0.04026643742757961,0.02332693173252348,0,0.0372872976415133,0.015317198549835093,0,1.9395596210355646,0.05147743522283536,1,0.05086335722050241,0.027164550633382342,0,0.036667106642838065,0.012390695211253399,0,1.7846780266697828,0.21784926204762747,1,0.04999684995669757,0.011180332772340144,0,0.038164998758163496,0.018761943284757766,0,1.9616794654506644,0.29921012392508733,1,0.04812519134125409,0.02524966392721379,0,0.01579328404481875,0.019000358835392434,0,2.2745570349249293,0.16845653692917062,1,0.09969261769197325,0.0297360495496808,0,0.05094509229363027,0.00840903132178546,0,1.9387462205946744,0.16191812563832633,1,0.02974998738046177,0.015252681869083334,0,0.05552390324675861,0.012564761394700441,0,1.9311087230998918,0.16073228648749183,1,0.019975242065071,0.017603492373747365,0,0.043536216982688405,0.01943845882782043,0,1.6992570553484025,0.0867189613556159,1,0.036645830559550806,0.017121642035025728,0,0.03407566642521356,0.02112557407920309,0,1.8238188277724823,0.13999500772522125,1,0.0347155498602564,0.02635226467746,0,0.05273817347894812,0.02897621722921075,0,1.5662289601864472,0.10385792196007443,1,0.03629014185901605,0.013888183351274237,0,0.047083733912608706,0.017744605851388418,0,2.3648774946594626,0.102192745810624,1,0.08357695937443305,0.046822700883056866,0,0.03007353714344807,0.015061499586565566,0
101,5000,0.9,svr,0.9447162617032274,0.004022142329576972,0.4515789130656751,0.08288650009899008,0,0.9073947100899495,0.09167832666859371,1,0.3911247481438981,0.04579896109214682,0,0.3818863281442802,0.06916455349559372,0,1.182402837589191,0.116454775946284,1,0.47084042883783733,0.06489948600687186,0,0.5484347424633242,0.08290228263472943,0,1.2188153685958953,0.1180539172469275,1,0.549429871741947,0.08362637470014944,0,0.6036162380761083,0.12458452789870901,0,1.0174485822668426,0.1489359417130309,1,0.5563282061004526,0.10093581001640753,0,0.5513186379229632,0.08260241509151138,0,1.207877672197553,0.15436285949268705,1,0.558691027001702,0.08000736715498075,0,0.6322390386032184,0.12823685844455807,0,1.3832723564299378,0.1722142525216022,1,0.7252592517692851,0.12112380538143781,0,0.6150395250534972,0.07165509106859473,0,1.125097950251262,0.11663557606492211,1,0.570274541703446,0.10057396299783046,0,0.6432814254828699,0.09005930981367373,0,1.5755494942263837,0.17039759178734126,1,0.7456018443395254,0.10313211467335825,0,0.5781822558607355,0.09475539506022862,0,1.169792739426406,0.1298815702241655,1,0.5472160170701951,0.09434603595779532,0,0.6821119252069738,0.11643418900243,0,1.2923463526312762,0.20989452365897537,1,0.6398756672072727,0.10338991920710874,0,0.5376238819466208,0.08988244491241759,0,1.3147810996175138,0.15843273105695643,1,0.5773910023641913,0.0801567686463449,0,0.5982193870898803,0.07617615745074163,0,1.1230665485703075,0.11505374475888974,1,0.5661079282208434,0.06701159787613681,0,0.7335097402425917,0.0690540249681896,0,1.245581849482409,0.0551188134373803,1,0.6304825001919114,0.06761249693544444,0,0.6597383184292489,0.05540354582556169,0,1.2398289312738149,0.09481352089069246,1,0.7898380923818884,0.0862840242705651,0,0.7598498157852452,0.08719528773833506,0,1.2073949869230556,0.07822691876775399,1,0.639347881434964,0.041386944105280286,0,0.5736731774180683,0.06962170831738858,0,1.3814436515488868,0.09361615948910365,1,0.6077998579026572,0.056729564231287125,0,0.6065115382612914,0.0371434102143738,0,1.491533170738617,0.07926889058680742,1,0.6481680840875671,0.06097665432363083,0,0.6376023171993505,0.07348989559146506,0,1.335223724396836,0.047463592797308135,1,0.5549597142713882,0.07128167335651953,0,0.6585113517259427,0.0609611750855794,0,1.2606393080541176,0.05377036092400045,1,0.6586771906816742,0.041868250433444366,0,0.6012244085644886,0.07059626469520264,0,1.2326684593690698,0.08124755424136858,1,0.6730235135735063,0.07058461045631684,0,0.692274394631613,0.08804312873363296,0,1.3415176978366241,0.11989181211272029,1,0.6505907294122695,0.09745020573664599,0,0.5182761902745326,0.08079812071509807,0,1.1630241248432516,0.0996983975956463,1,0.6374007588001517,0.07005445278927207,0,0.6585835297543529,0.09888526341992121,0,1.4365045717573166,0.12829310051145454,1,0.5982799704580245,0.08401131759983929,0,0.5684928825038863,0.06699955416800746,0,1.262132307997037,0.07930414642520484,1,0.6669852812894848,0.043958206029306744,0,0.6087469304781723,0.07388595656669308,0,1.1084064480438722,0.10881550170088793,1,0.6336312654780336,0.08310717115178731,0,0.603613332686676,0.09536896081707483,0,1.1761952143196304,0.08652074305435797,1,0.5546849449205223,0.07176415258082477,0,0.487515441803483,0.06989211762010408,0,1.1881792684166588,0.16635640848530173,1,0.6137490395461785,0.08031996379008383,0,0.4908003764646673,0.08161586329908628,0,1.1814138853670673,0.1504722695947733,1,0.5966128853568547,0.05700325213092052,0,0.47458954140850623,0.051059646246214035,0,1.0260288306421164,0.0975232810401057,1,0.6374550939479032,0.0774797488558472,0,0.5412988798017032,0.057799975692239665,0,1.0418428586479345,0.0777068041091054,1,0.49580482258909064,0.05971523301664961,0,0.455882407936833,0.041106198929822584,0,1.0196483559581506,0.09178859442545548,1,0.490277312944167,0.06454701917684427,0,0.49614409311017005,0.05504071766083493,0,0.9617364777963674,0.08407100107902146,1,0.3769478263006826,0.06048516656212503,0,0.34672111121868154,0.042287896915462087,0,0.8426692874792954,0.09947870800536869,1,0.2588016355480916,0.04188315457665491,0,0.21115702933380737,0.03402401312391798,0
101,5000,0.9,knn,0.933827642042315,0.0027949471047674875,0.38271317676776373,0.147145589494487,0,0.47410503543035426,0.17061837887540338,1,0.3787701721156463,0.19801294141386325,0,0.5169685088951439,0.17629294671550533,0,0.6275217012283575,0.1912317175852661,1,0.5235396652647746,0.10836613432606675,0,0.49763725991327357,0.11009442869025884,0,0.6324912161175789,0.1296615822390516,1,0.5946538162762878,0.12606967362306648,0,0.5285149176132611,0.08574194573313135,0,0.6795312781152887,0.10075008489467796,1,0.5497561825171612,0.12092507637607411,0,0.5881296113787764,0.07386661580593218,0,0.6167633029639247,0.11117026637403209,1,0.6212464012761885,0.13833363910210902,0,0.6264331340247391,0.13978094455681625,0,0.7183637116430848,0.10108248932243195,1,0.734174506007958,0.1897263546515922,0,0.607117361413739,0.17126186428381704,0,0.6300004142392572,0.09914273782323263,1,0.5996837371144922,0.14098934180932193,0,0.570062130673485,0.092982896855633,0,0.7400205093035325,0.14394811255270049,1,0.5752718152050678,0.11624862304298292,0,0.5753865617215153,0.09078756364277099,0,0.604270993885263,0.1293333560060883,1,0.5264732509721917,0.20049221079981094,0,0.6149190720597684,0.0941496508157047,0,0.5685322542973165,0.04492232644285693,1,0.48955727601910154,0.099967632226305,0,0.3961559512381564,0.14242041239358147,0,0.6086455089346997,0.16927565548188697,1,0.48056660102112475,0.15929029275998796,0,0.4621415445054334,0.23266272850787711,0,0.48815406686143376,0.1915599554744319,1,0.5108299391593013,0.23223844991694617,0,0.663698425872013,0.13421386899897503,0,0.6149631578085314,0.17856574886359095,1,0.47265912949826366,0.13875255828892574,0,0.6241454350632453,0.07185697236157636,0,0.5227961316760438,0.16000750006134085,1,0.6129550781087929,0.16180276818288528,0,0.7160293968184892,0.11324805714928451,0,0.7468706602530288,0.10786011021350755,1,0.6650541891400001,0.18530522368548716,0,0.7050277832056608,0.12419884225307659,0,0.8332713612610807,0.08897170711152814,1,0.6168358690849869,0.08617002033551388,0,0.5869093530541628,0.07429067671391147,0,0.6647412957196075,0.14020975985762632,1,0.5126078170901013,0.12920808025683506,0,0.5390171494454832,0.2104427349170293,0,0.6733959014073747,0.1779348419231298,1,0.6014353318715799,0.09890085270394133,0,0.6756823260758757,0.12586407394566484,0,0.7580943088965422,0.1333137354482093,1,0.6486049842932997,0.15494586601137425,0,0.6620851807453698,0.20698664186806118,0,0.7798910023843482,0.16798515050055157,1,0.621305092945985,0.1677086373127688,0,0.6796036233577655,0.1775859305777476,0,0.7663456423480334,0.20289895722215828,1,0.620072548584534,0.2133997977472628,0,0.670662259483749,0.15166654416936648,0,0.744320078532281,0.12088885851040447,1,0.5576707612097715,0.14848207346800732,0,0.5910931252653581,0.1471928250961837,0,0.6583078803466998,0.17185636365147727,1,0.5929495452687173,0.18911518565577443,0,0.5955390419399114,0.21507623602804807,0,0.6881007400919847,0.29099441441770907,1,0.5235740344108789,0.24866154820832778,0,0.5496204545684398,0.2649019702569109,0,0.6845164220014486,0.12928553476510157,1,0.5339568075218698,0.22341528195875035,0,0.5332391266604671,0.18478052339102455,0,0.6529640484329158,0.24021723426428124,1,0.5077638629551279,0.14839843984543466,0,0.5005675404107108,0.1716788779828643,0,0.6305454732853732,0.0813892814372553,1,0.47235518286681544,0.12150654991157131,0,0.5225588908096159,0.06630326454671538,0,0.6117644420209614,0.13171043892853054,1,0.5938137746235491,0.16198840285337585,0,0.46105998423638817,0.2336486859624964,0,0.5805471335678128,0.21324169356433403,1,0.47207144505605425,0.1597540376661362,0,0.5076964396209893,0.16126859939866983,0,0.6071748767958717,0.15127838820732054,1,0.5071185427793461,0.18039390733083477,0,0.5308186213709771,0.10092599556293062,0,0.7040805983223615,0.18094463368220648,1,0.6139270564016026,0.1384878429717236,0,0.5570532641982361,0.10091709290821986,0,0.5484815670777753,0.1610716605016225,1,0.40354688620205187,0.15856642556882805,0,0.39547962950951493,0.2080993646969583,0,0.32729658258106864,0.25463022554136955,1,0.19098641769480199,0.2952903922692038,0,0.09538969823000507,0.2798564860552171,0
101,5000,0.9,SuperLearner,0.9947417796103546,0.0002529943198704371,0.0024320233596955175,0.003258252980146143,0,1.7913255522196898,0.06167247886584481,1,0.003435307629780307,0.003376620693573894,0,0.012463380551419614,0.009118978694973766,0,2.544089860764344,0.08353478455126476,1,0.006541285963493171,0.0022921941759085638,0,0.017620850221248825,0.00850395087990112,0,1.7761031647798908,0.10027796103510814,1,0.0013449561697433353,0.0032014418018532975,0,0.011788350651942578,0.004604955217143598,0,1.6175004383211182,0.09579503146930939,1,0.0030427255745720428,0.0033448065958064637,0,0.001907248522527081,0.0020124453545595266,0,1.7583873866581254,0.08828360099470443,1,0.004255414198961585,0.0043760388894859385,0,0.004232135623817612,0.004502361949756445,0,2.0750101465326303,0.0998869869752447,1,0.0029707749535704156,0.002299517800206688,0,0.0004741349160316606,0.0004679997073480144,0,2.005134968867799,0.127813785613143,1,0.00046344776019466625,0.0012574128245863643,0,0.0047674925773807855,0.004881952721118674,0,2.500362216059993,0.07872980628109008,1,0.0054598535222267945,0.006119971210725365,0,0.004190521952587961,0.0021649994714288937,0,2.023886776586516,0.14599224378294864,1,0.009661510452683746,0.005713101086701381,0,0.016953572912269368,0.009567113732941938,0,1.9534796490006632,0.21643905415377573,1,0.0005987497113499089,0.001385865323386975,0,0.006244915076157559,0.005659356551357394,0,1.9616788751803884,0.15089816409745843,1,0.002972574921067117,0.001519498909588815,0,0.008435895583094075,0.005029549876540548,0,1.8257132058458037,0.07610853754042395,1,0.005534126494345808,0.0066819801719709025,0,0.0006801708820145321,0.0022421163047207024,0,2.077236386812795,0.13482764694565735,1,0.002114144945033542,0.003004893193252653,0,0.0030462799205941853,0.0025529442280628647,0,1.7667387514717192,0.0745542950139523,1,0.01062263085162522,0.006492323499698892,0,0.008424311644762981,0.004769773622632032,0,1.8138455946379228,0.12513734660746464,1,0.0006537225913127223,0.0008400841635748653,0,0.003749036147043177,0.0028988821142631334,0,1.9360065436786662,0.12387655580128114,1,-3.467882964584537e-05,0.0009998881655468104,0,0.0074149903801978365,0.004952025635951334,0,2.1477051598372596,0.06365464439917558,1,0.0016491169518987486,0.0016066541764419042,0,0.002673362145418289,0.003780061772081587,0,1.8875036186082645,0.10725651282396957,1,0.0028728570536988083,0.0028445724625118934,0,0.007153804177992632,0.005587780287065496,0,1.6870090164921276,0.05050926591324597,1,0.0007208434603553328,0.0005307581809034799,0,0.011537820241373639,0.007824095502306568,0,1.8925525846850868,0.05399466042345239,1,0.004154253626280582,0.004275040528529336,0,0.0034810373364797657,0.0031214081088581694,0,2.308202015305361,0.09331105849850431,1,0.005580302935347742,0.0024738403106119486,0,0.0032912173755863167,0.0026075028194548658,0,1.8730344593770571,0.1212639693924326,1,0.0010737989111678603,0.0008812267471370567,0,0.000997895307576627,0.0015989635945922588,0,2.242436777323335,0.14547121971381716,1,0.0024178565254897614,0.0022878543078555026,0,0.0010868065704067067,0.0013989908915820186,0,1.9831353848805087,0.05530398754800524,1,0.0010015935928808636,0.0014325590512349771,0,0.006230346365249245,0.004895313232535465,0,1.8122614635658778,0.05084108052224576,1,0.00851672435590216,0.007662379749109974,0,0.00021198412539903487,0.0009688541335172729,0,1.8807147017804398,0.14535998449756815,1,0.0007193296806425558,0.0023578698812638417,0,-0.0003905947564461072,0.0007781236967466887,0,1.9101642423990057,0.1834307414605991,1,0.0001281596890861896,0.0016392026108986845,0,0.009148360156458292,0.00639878801102792,0,1.7384696445203012,0.13716493379742337,1,0.0045781001990574674,0.004210424518305202,0,0.002340773723579601,0.0024541431458716765,0,1.8647271922368815,0.12301603190503162,1,0.0012282035404330874,0.00197283927275719,0,-0.0003365268986683429,0.0014276144473608075,0,1.8220506666677985,0.07019501721800428,1,0.001733712933179862,0.002003254286773876,0,0.0031525485664173555,0.0034763798281333444,0,1.8282981451423708,0.09793105822594562,1,2.5380367123552283e-05,0.0012377049815423759,0,0.009995567410808774,0.008655641188864308,0,1.5900854337706494,0.04334236394408332,1,0.0017988073811293782,0.002362527853007146,0,0.005258324545044974,0.005567216595331516,0,2.237860551596456,0.15634568977922095,1,0.02554797139688973,0.013579278893471025,0,0.007667334239943435,0.004280905168499244,0
