seed,n_samples,cor,model,r2_mean,r2_std,imp_V0,imp_std_V0,tr_V0,imp_V1,imp_std_V1,tr_V1,imp_V2,imp_std_V2,tr_V2,imp_V3,imp_std_V3,tr_V3,imp_V4,imp_std_V4,tr_V4,imp_V5,imp_std_V5,tr_V5,imp_V6,imp_std_V6,tr_V6,imp_V7,imp_std_V7,tr_V7,imp_V8,imp_std_V8,tr_V8,imp_V9,imp_std_V9,tr_V9,imp_V10,imp_std_V10,tr_V10,imp_V11,imp_std_V11,tr_V11,imp_V12,imp_std_V12,tr_V12,imp_V13,imp_std_V13,tr_V13,imp_V14,imp_std_V14,tr_V14,imp_V15,imp_std_V15,tr_V15,imp_V16,imp_std_V16,tr_V16,imp_V17,imp_std_V17,tr_V17,imp_V18,imp_std_V18,tr_V18,imp_V19,imp_std_V19,tr_V19,imp_V20,imp_std_V20,tr_V20,imp_V21,imp_std_V21,tr_V21,imp_V22,imp_std_V22,tr_V22,imp_V23,imp_std_V23,tr_V23,imp_V24,imp_std_V24,tr_V24,imp_V25,imp_std_V25,tr_V25,imp_V26,imp_std_V26,tr_V26,imp_V27,imp_std_V27,tr_V27,imp_V28,imp_std_V28,tr_V28,imp_V29,imp_std_V29,tr_V29,imp_V30,imp_std_V30,tr_V30,imp_V31,imp_std_V31,tr_V31,imp_V32,imp_std_V32,tr_V32,imp_V33,imp_std_V33,tr_V33,imp_V34,imp_std_V34,tr_V34,imp_V35,imp_std_V35,tr_V35,imp_V36,imp_std_V36,tr_V36,imp_V37,imp_std_V37,tr_V37,imp_V38,imp_std_V38,tr_V38,imp_V39,imp_std_V39,tr_V39,imp_V40,imp_std_V40,tr_V40,imp_V41,imp_std_V41,tr_V41,imp_V42,imp_std_V42,tr_V42,imp_V43,imp_std_V43,tr_V43,imp_V44,imp_std_V44,tr_V44,imp_V45,imp_std_V45,tr_V45,imp_V46,imp_std_V46,tr_V46,imp_V47,imp_std_V47,tr_V47,imp_V48,imp_std_V48,tr_V48,imp_V49,imp_std_V49,tr_V49,imp_V50,imp_std_V50,tr_V50,imp_V51,imp_std_V51,tr_V51,imp_V52,imp_std_V52,tr_V52,imp_V53,imp_std_V53,tr_V53,imp_V54,imp_std_V54,tr_V54,imp_V55,imp_std_V55,tr_V55,imp_V56,imp_std_V56,tr_V56,imp_V57,imp_std_V57,tr_V57,imp_V58,imp_std_V58,tr_V58,imp_V59,imp_std_V59,tr_V59,imp_V60,imp_std_V60,tr_V60,imp_V61,imp_std_V61,tr_V61,imp_V62,imp_std_V62,tr_V62,imp_V63,imp_std_V63,tr_V63,imp_V64,imp_std_V64,tr_V64,imp_V65,imp_std_V65,tr_V65,imp_V66,imp_std_V66,tr_V66,imp_V67,imp_std_V67,tr_V67,imp_V68,imp_std_V68,tr_V68,imp_V69,imp_std_V69,tr_V69,imp_V70,imp_std_V70,tr_V70,imp_V71,imp_std_V71,tr_V71,imp_V72,imp_std_V72,tr_V72,imp_V73,imp_std_V73,tr_V73,imp_V74,imp_std_V74,tr_V74,imp_V75,imp_std_V75,tr_V75,imp_V76,imp_std_V76,tr_V76,imp_V77,imp_std_V77,tr_V77,imp_V78,imp_std_V78,tr_V78,imp_V79,imp_std_V79,tr_V79,imp_V80,imp_std_V80,tr_V80,imp_V81,imp_std_V81,tr_V81,imp_V82,imp_std_V82,tr_V82,imp_V83,imp_std_V83,tr_V83,imp_V84,imp_std_V84,tr_V84,imp_V85,imp_std_V85,tr_V85,imp_V86,imp_std_V86,tr_V86,imp_V87,imp_std_V87,tr_V87,imp_V88,imp_std_V88,tr_V88,imp_V89,imp_std_V89,tr_V89,imp_V90,imp_std_V90,tr_V90,imp_V91,imp_std_V91,tr_V91,imp_V92,imp_std_V92,tr_V92,imp_V93,imp_std_V93,tr_V93,imp_V94,imp_std_V94,tr_V94,imp_V95,imp_std_V95,tr_V95,imp_V96,imp_std_V96,tr_V96,imp_V97,imp_std_V97,tr_V97,imp_V98,imp_std_V98,tr_V98,imp_V99,imp_std_V99,tr_V99
130,100,0.6,lr,0.8766415451683939,0.06134716500657106,-0.06249659829793741,0.05602246457841943,0,3.7541333573773494,0.5269071105035212,1,-0.00805880642274324,0.27773943480117025,0,0.28381563485822403,0.2050980267386663,0,2.3150431341257396,1.194476340232005,1,-0.034290434595705535,0.07170850953911218,0,0.22923411497007504,0.23670649511498879,0,1.66562406745394,0.7649798353951129,1,-0.0024052930836261006,0.06928052569401817,0,-0.08285131611463978,0.25282176381535765,0,0.5331696128321639,0.3671500735615041,1,0.23342726415153475,0.3245707175301581,0,-0.15641288942040069,0.46269732969031785,0,1.3228110619047344,0.7378089443085818,1,0.020416849793016688,0.23821303627542004,0,-0.09851756672330632,0.19936976105566612,0,2.032924011873082,1.9984877940114691,1,0.10756762239021136,0.1774195211441769,0,0.14583996230726792,0.20121303058597734,0,2.1843358872472165,2.3548813083844453,1,0.31323916203239843,0.21230752676644354,0,0.06174148952710625,0.164431229131282,0,1.1342621417121508,0.8383681786588599,1,-0.03578685989332441,0.13152579047370533,0,-0.017380675030619668,0.030689628389535973,0,1.25949258848751,0.83146327064116,1,0.07083535014551665,0.16549766418764414,0,0.03931799342451765,0.1228572909528656,0,2.83182743685322,1.8032345170628143,1,0.22232945365633605,0.49590454227987607,0,-0.3135795664761754,0.5628151668351967,0,0.37458494375470264,0.49657726914937006,1,0.5156861096469388,0.6236730946454382,0,0.23919200625592169,0.38534228445271457,0,0.40061909924856137,0.9308268333439614,1,-0.24815682692692417,0.5212407532811882,0,0.04984275915547626,0.1853909466070764,0,0.6462381335700049,0.2582887365183108,1,-0.0949482066901438,0.1763621709304255,0,0.0336779607742929,0.20665632698180467,0,0.5322045446572322,0.9745333075633311,1,0.32226683641086096,0.687109578656911,0,0.03027506810978877,0.20592870845744654,0,2.9703591223113626,1.3532158903950147,1,0.06133148667240575,0.18715975703250445,0,0.12798627116691352,0.42988206330776785,0,0.6147510151412706,0.7487846467946181,1,0.417194130097823,0.6766295419016478,0,0.049574555210955946,0.06906116112447347,0,2.3404140513614484,1.2182418912870865,1,0.3558419957292188,0.5341262641845438,0,0.3395090127308964,0.32318083783224505,0,1.005304653559715,1.1085453904646585,1,-0.0025243268117224383,0.1973199889970873,0,-0.02547637087027549,0.2665993820395841,0,1.1558733146572702,1.5565172627091641,1,-0.15053702888350956,0.2656281310940295,0,-0.023278587234239957,0.11108903589974713,0,1.663930040202859,1.1453912249938418,1,0.30090672460381007,0.22518611414521167,0,0.22363987745952346,0.2763939919232717,0,2.2671720704833342,1.649640215546611,1,0.01601994801029823,0.11162058694460442,0,0.046279524655436916,0.08860251226666034,0,1.5324013257228668,1.0603043756328527,1,0.12581955508790613,0.11964921462175283,0,0.4253145848811025,0.2618086363132252,0,3.516404332198623,1.3223188653019793,1,-0.004925348010911134,0.26895369230169514,0,0.20270551433682735,0.2438925560837154,0,0.7324893159970872,0.7427229728170016,1,-0.08823720048315112,0.23321553000321923,0,0.018003017841671038,0.21143702215334492,0,2.6632624064720636,1.0437805757171252,1,0.646100097797879,0.5507591164561474,0,-0.03221298200930287,0.2504921502156466,0,1.8119414666527807,1.3192983965679457,1,0.06669675936438482,0.19660500026473884,0,-0.017960141716604934,0.15068971392739,0,0.587259401190422,0.7211614780922876,1,0.006935637249823006,0.17866294343978908,0,0.13460185531879953,0.20475127765476953,0,0.8147045790346915,0.44231651895985663,1,0.11907573682395829,0.3853153026129061,0,-0.03133436431820531,0.12533012276189598,0,2.325950905231288,1.5563540891426506,1,0.03877209921562367,0.07167256378130503,0,-0.17009440977742935,0.1906682072994016,0,0.4644057131370497,0.5411513101756097,1,0.07981852629311693,0.164762662927494,0,0.06043976454243425,0.13869835005144754,0,2.114621218265234,1.2023491297089577,1,0.9243958539778484,0.7906612467459103,0,0.9768635702285454,0.31549750000855553,0,0.8902996249906467,0.9426395072769308,1,0.021435844164253738,0.07795052722043815,0,0.00979299065494868,0.05955542424936578,0,2.032720070013557,0.8008644768264738,1,0.46859258157933736,0.4361084756136441,0,-0.02382105914712889,0.20621697445016712,0
130,100,0.6,lasso,0.321844836029345,0.13140941253777252,0.0,0.0,0,-0.1272749754119626,0.218956487660067,1,0.0,0.0,0,0.0,0.0,0,0.16118105333209903,0.38256550967215286,1,0.0,0.0,0,0.0,0.0,0,0.6193658967005876,1.4368672278375338,1,0.0,0.0,0,-0.06720275324349276,0.13440550648698552,0,0.0,0.0,1,0.006990557947490544,0.013981115894981088,0,0.19695559169683716,0.25140244734309974,0,1.1059233924113878,0.6582610654042328,1,0.0,0.0,0,0.0,0.0,0,1.0941549620737598,0.791360691275768,1,0.0,0.0,0,0.0503735635434837,0.1007471270869674,0,0.16529479876396524,0.21507247447139455,1,-0.0055805763735752075,0.17998628088826832,0,0.0,0.0,0,0.0037084195029383404,0.007416839005876681,1,0.0,0.0,0,0.0,0.0,0,0.0,0.0,1,0.0,0.0,0,0.0,0.0,0,0.0,0.0,1,0.0,0.0,0,1.2353246183661877,0.3849310099774796,0,0.0,0.0,1,0.12300512092792588,0.46723496550339494,0,0.48609246931816125,0.4253118020155312,0,0.06653466422600715,0.08276910287835273,1,0.0009143926556472194,0.0018287853112944389,0,0.0,0.0,0,-0.08443251213021594,0.16886502426043187,1,-0.05909981219169082,0.15220743799804404,0,0.0,0.0,0,0.0,0.0,1,0.0,0.0,0,0.0,0.0,0,0.2754954993512223,0.48147711890723854,1,0.0,0.0,0,0.0,0.0,0,-0.17759306320379326,0.5340520431432043,1,0.0,0.0,0,0.0,0.0,0,0.0,0.0,1,0.0,0.0,0,0.14281830126027406,0.2856366025205481,0,0.6712992193205427,0.6003745881907431,1,0.0,0.0,0,0.2710929887237209,0.24032266602570918,0,0.039426641034635876,0.056529758505690274,1,0.0,0.0,0,0.0,0.0,0,0.34782898574093785,0.4270902601155552,1,0.0,0.0,0,0.0,0.0,0,0.5544935317531616,0.8664810309607026,1,0.0,0.0,0,0.0,0.0,0,0.015789063253805552,0.031578126507611104,1,0.0,0.0,0,0.0,0.0,0,11.119159130114884,3.87892597540225,1,0.0,0.0,0,-0.6830881103079248,2.222500415553252,0,1.6029838966166596,1.443467984680984,1,2.0292324458330664,1.8446496282738698,0,0.0,0.0,0,0.07463124868357421,0.1463843821948028,1,0.08127582843360419,0.10276065238913831,0,0.0,0.0,0,-0.1395384984961404,0.2790769969922808,1,-0.007384688261769754,0.014769376523539508,0,0.09560121362350582,0.12491160720111041,0,0.0,0.0,1,0.0,0.0,0,0.0,0.0,0,0.09976771911053131,0.12230768991605387,1,-0.0019999904138096555,0.003999980827619311,0,0.0,0.0,0,-0.1132503695295644,0.15011768605448345,1,-0.3784487842685646,0.7568975685371292,0,-0.06642000511192866,1.1678753492313205,0,4.026475474373317,2.662367042397637,1,0.0,0.0,0,0.0,0.0,0,0.0,0.0,1,0.0,0.0,0,0.0,0.0,0,-0.03486762697256648,0.2795859781552456,1,2.7772792322543447,1.864450924479754,0,0.0,0.0,0,-0.43565099257653933,0.7050398120115228,1,0.0001532789256835656,0.0003065578513671312,0,0.0,0.0,0
130,100,0.6,dt,-0.5957553835136193,0.6984714642964328,-1.3493022354373683,1.4994702281021677,0,0.0,0.0,1,0.37440360911454035,0.7488072182290807,0,0.008987273709144119,0.017974547418288238,0,-1.7185187748098798,3.1061407900601674,1,0.002360864742351623,0.004721729484703246,0,-1.8523116474762502,2.62160411942021,0,-0.054754726975300594,1.025645283199708,1,0.10743518773305005,0.16865905498304143,0,-0.04547269625138233,0.08442027359640984,0,0.003004590123629839,0.006009180247259678,1,2.234501382260773,3.0161372600010075,0,-0.08776328105883388,0.16154217379897534,0,-0.9856677305472179,2.631753507039166,1,0.303649329153183,0.792069329384965,0,0.7455086066377662,1.4573141944200432,0,0.2979010018053013,0.5958020036106028,1,-1.7458455729392877,3.9576998587394034,0,0.1127571903724379,1.114842890560757,0,-0.5751847919754912,1.1503695839509824,1,0.1993752811342758,1.7320734363782935,0,0.0,0.0,0,0.0,0.0,1,-0.02435983045807916,0.04871966091615832,0,2.1797844411036587,3.573149437574988,0,-0.052779313395825735,0.07090649454741083,1,0.0,0.0,0,-0.23196851554827047,0.46393703109654094,0,-0.4605866140278126,0.9154432394543861,1,0.16882089516275103,0.4268977015880039,0,0.3762825737621177,0.6284582395576964,0,-2.7588864719469086,5.0479189867433645,1,3.3616158027954155,4.252634457644361,0,0.06807142173244307,0.66088370052642,0,1.5365079924966212,3.0730159849932424,1,0.0,0.0,0,-0.015129000668389495,0.03673195808038566,0,0.20890168500162765,0.41780337000325524,1,-0.07154852675237293,0.14309705350474586,0,0.0,0.0,0,0.02859093572553038,0.12331587005309136,1,-1.7631733682772512,2.548203170143518,0,-2.410066689285899,4.820133378571798,0,0.2902072228067532,0.8839400455351754,1,-0.0012449216044853131,0.0024898432089706262,0,0.758928108597774,0.9445688917541597,0,0.0,0.0,1,0.8501966302465874,2.367152708875189,0,-0.06927266957776282,0.13854533915552564,0,0.0990662518735329,0.27428822133657493,1,-0.10128110330865103,0.20256220661730207,0,-2.594521632991684,5.189043265983367,0,-1.9332200469399343,3.668476900831697,1,0.06307905633594053,0.4736182603559696,0,0.0,0.0,0,0.45242850802682144,0.904857016053643,1,0.06381030485391888,0.3632906910491218,0,0.0,0.0,0,-0.07401806786186364,0.26983838010176836,1,0.1904150644649251,0.3808301289298502,0,-0.2751948553432959,0.5503897106865918,0,-0.060775884385522484,0.12155176877104495,1,0.03209234465845023,0.0716387585439187,0,0.007830212477947896,0.015660424955895792,0,-0.024391803534897918,0.048783607069795835,1,0.0,0.0,0,0.014290628986577644,0.03189736049668513,0,17.131661204350802,18.26063743370513,1,0.0,0.0,0,0.7890929857038005,4.252742007566994,0,0.8764736170452506,1.3870768870537973,1,1.4573967181548257,2.709004851005784,0,0.0,0.0,0,-0.3320192675358128,0.3786176140743551,1,0.051319997261899265,1.1020770431053322,0,-1.2388959900621743,1.9970114745952576,0,0.013468470295859448,0.03387516302126947,1,4.495041744909411,9.234786249398155,0,0.0,0.0,0,0.031638899858184744,0.06327779971636949,1,0.4575698967375466,1.6077381430752276,0,-0.9280659382803084,1.4593166635498434,0,-0.03199632335264414,0.06974457160127669,1,1.7694297384126254,3.229117442573535,0,0.22513841860117453,0.3140537091795611,0,-0.07172454327297104,0.30682223464088204,1,-0.19645910564095886,0.41490846349110483,0,6.159953674958148,7.566003532707864,0,-0.13211038014118587,0.2642207602823717,1,-0.6684344496303034,0.944776660786046,0,2.1090077377431493,4.051649783029523,0,0.0,0.0,1,0.005258352952583323,0.010516705905166644,0,1.106977418203908,1.6559282046013755,0,1.3792316176619743,2.743793710990254,1,6.533800813988376,13.584564057354033,0,-0.03527460376573134,0.07291452599375957,0,1.3259154603376802,2.6518309206753603,1,-0.633975678438121,0.8525463944279208,0,0.0,0.0,0
130,100,0.6,rf,0.20967087712429686,0.22091328166992413,-0.001684523024274682,0.0679746577055793,0,-0.01382384967856894,0.12271916914603953,1,-0.11284179594607908,0.08119009743526011,0,0.041630461954216005,0.08096945791342439,0,-0.011809833679079628,0.35809271401408593,1,-0.037907042900035555,0.2156722528605513,0,0.060836668510560396,0.22550797902151326,0,0.13351031255385198,0.4969497776139205,1,-0.04553572069380806,0.11188305321812742,0,0.0935774864779044,0.23903879710011722,0,-0.2278799000296703,0.5976519196638932,1,0.37359835849732115,0.3858257038586383,0,0.13175465372262482,0.19047594828364775,0,0.18705371934193557,0.13259322573088822,1,0.04825645384957426,0.07340997591125249,0,-0.17990789071698357,0.2192514209860386,0,1.1228257494237106,1.0302905296217157,1,-0.13442797331207348,0.3008151060671583,0,0.18697301107225917,0.46928144924262394,0,0.40770185065591535,0.40952328098247326,1,0.32234473721261525,0.19297384532414244,0,-0.16149246137726467,0.2674136649743737,0,0.0758349037768393,0.16899073198413023,1,0.011644582755820605,0.08840600101740366,0,0.44200172508961233,0.43383975590003643,0,-0.00905198634769724,0.08009061687727805,1,-0.05024971369053671,0.045496369243506966,0,0.1288783421454628,0.21932183128780072,0,0.02189588204445201,0.041995190248045655,1,0.11853220902951907,0.2930098658540477,0,0.0675793082159772,0.0723576962200816,0,0.04882824668574699,0.17039467855137144,1,0.6471137206046225,0.5260991465557583,0,-0.07441743992348951,0.27985816582969447,0,0.03969409932102927,0.12841617372737224,1,0.2540411619565429,0.33820922149822996,0,0.07199165777054625,0.2382231096725212,0,0.16778124020874957,0.24112650777703384,1,0.04296943123751219,0.07312068454838928,0,-0.043535554817317794,0.13335556831697626,0,-0.16446927861274468,0.1252200558603428,1,0.07555470098192349,0.102417155139377,0,0.026701571344341236,0.3733365477719271,0,0.39848718521839704,0.3811213235181514,1,-0.09134702075773304,0.22396313806556684,0,0.03117765070305515,0.06854542471703719,0,-0.0689698285189205,0.35202771643733494,1,-0.02799966238470978,0.13075836053672776,0,0.14944187817735177,0.39570714106804095,0,0.03197871310231378,0.15063738696232581,1,-0.0733067835619173,0.07656282053819907,0,-0.21225862126613407,0.744540502660008,0,0.1282892167447976,0.8158595786401414,1,-0.014254994395887278,0.11778067573125602,0,0.0994308544700023,0.14370828546396597,0,0.24196354006802837,0.25266160035820134,1,0.017198902368213656,0.10233477704805155,0,0.12167078996206607,0.1351268742736539,0,0.2852456638890063,0.2839497230685233,1,0.011369888674627678,0.09744115002638082,0,0.16657846098504706,0.29062486134296656,0,0.30612227222711474,0.48925022830998227,1,0.07471537929493308,0.0952461732459638,0,0.003083734919156858,0.11371203188499639,0,0.11668995399922481,0.11929769552862463,1,0.05681529608446306,0.22678847268072488,0,-0.011053128857663574,0.16004360167553303,0,7.412760670433968,3.374513552804286,1,0.41910025664048645,1.0670244864571845,0,0.2469043667127214,1.3341887191041948,0,0.6896976241938281,0.5172405821998227,1,1.217713784578239,0.6456380259298734,0,0.07252988978116846,0.15775251173970964,0,0.191571845600028,0.5607149713970556,1,0.33185111674100204,0.11742428100276034,0,-0.10342777462849809,0.257538995272357,0,0.08869720819176559,0.10156792328299018,1,-0.12930183177629886,0.23061536108810643,0,0.028185306263215686,0.16893937478325421,0,0.01699706384022707,0.09220385504067813,1,0.05285827565399318,0.11923261315173389,0,0.062090574234085004,0.13309902844621174,0,0.05270900740562777,0.07416186689476179,1,0.113644418581899,0.24441058276252237,0,0.0029445158573027487,0.16168692356646483,0,0.03286336227617388,0.10292883760153351,1,-0.19387860549473798,0.32756847993695837,0,0.4473178718555646,0.6726035653299719,0,0.9354448433715516,0.584794727035099,1,0.08352524702075574,0.11944460309677932,0,0.02149983090810741,0.12768536025662605,0,-0.16390006118174918,0.539284994626781,1,-0.17524237754208552,0.21297271823876845,0,0.04034365304052541,0.1576497618947452,0,0.11723769403765849,0.38525038121086097,1,1.2127525323134782,0.295503048118035,0,0.01888181605610552,0.1469641768024838,0,0.1367316661956282,0.50229031813173,1,-0.01832510330684941,0.16708047723183797,0,0.08958783777050058,0.2173580277712549,0
130,100,0.6,et,0.25060357537251143,0.13580479065880735,0.06249208522352352,0.0460781939725685,0,-0.12033599829797845,0.1497010853070168,1,0.010199651514256985,0.1370157080812599,0,0.10466976127956247,0.13664491913957988,0,0.1364398669638139,0.2519459997328556,1,0.04840215127859258,0.28475730613654726,0,0.008971665504178277,0.4250893737616973,0,-0.0671487371779935,0.5104741667076557,1,0.07906742353619511,0.49782241853099823,0,0.22621184302690836,0.30639943055240315,0,-0.14526203585659014,0.344712887725848,1,0.3424498003712749,0.40681470667417113,0,0.09951814808131906,0.17582333192502683,0,0.08032816473639641,0.12788007767245682,1,-0.0015990280408691034,0.3005220347968783,0,0.10541284841667622,0.4424994596031511,0,0.9526679443898317,0.7188074795901462,1,0.08401343095655892,0.27337388442073524,0,0.03000285678004346,0.6048628390558334,0,0.19740258237278116,0.31110344980325133,1,0.05614347415888554,0.7962637574314033,0,-0.0703614040072148,0.1598349272720471,0,-0.052472831496162484,0.31171925653401145,1,0.2139678194368832,0.27950469200561895,0,0.19453393693195017,0.07723039196603475,0,0.07530403092670238,0.07221290123760411,1,0.0034696231263075363,0.1448671443168271,0,-0.041499498417189036,0.29920998891397843,0,0.15069119356993163,0.15678447881712662,1,0.10825849281676048,0.12084328517484365,0,0.19127752695711517,0.12066796015158093,0,0.05396583555027562,0.3141542297688126,1,0.2160653104588604,0.5314600896975836,0,0.14104790419845897,0.24503704393480685,0,0.12062449600930429,0.22702608408087652,1,0.35966407514562876,0.4764026601036553,0,0.10328746652231076,0.3223040897656228,0,0.14189826935068375,0.19854748281016063,1,0.003535356774314535,0.20403180886587682,0,-0.024980117207621118,0.08977581668080863,0,0.013993166014431551,0.08505912885616686,1,0.09547943148496772,0.11379872507391424,0,0.009174539603233422,0.18801125750018857,0,0.2731171049688885,0.3639803950998124,1,0.19406304695067875,0.22040566245872928,0,-0.04367503170189037,0.07416884863526269,0,0.05870251060076105,0.14961798507256893,1,0.08343596119955272,0.14351837871749995,0,-0.16243914034891022,0.5381796852759193,0,0.009092211213349832,0.21986371937209895,1,0.07089545653677033,0.24389616216133458,0,0.23059219667140027,0.35667974281890996,0,0.2300310277141247,0.5500365823111336,1,0.03283295435028842,0.13112552807435782,0,0.03336597918256932,0.1074613205939201,0,0.11215775207552878,0.3036419103020324,1,0.12361060650732954,0.20622899935774014,0,0.001126665964179059,0.1767130580845577,0,0.30790682722652546,0.41604156002065956,1,0.12904710307288766,0.08214858230717291,0,0.003222221437947058,0.09600014596186245,0,0.6266403991912355,0.5521620180092562,1,-0.017686092508226642,0.13989141491589854,0,0.12802537463778646,0.10893891881142256,0,0.0787947788737027,0.3546975872648824,1,-0.021531138107070334,0.08420795282008019,0,-0.0674445325608372,0.21056705958080904,0,5.637006486943293,2.31699206309853,1,0.12445577787565439,0.8495367097223236,0,0.38094291519668466,1.4619096924460697,0,0.16064055393465812,0.5826804112253707,1,2.5103643114632246,0.9588681396166411,0,-0.0927022704561743,0.14753518086644477,0,0.11528989227052136,0.4072641129255424,1,0.19627647234869317,0.17738807390589112,0,0.06965250442270086,0.14040876592028148,0,-0.03773775898771484,0.13248839228163498,1,0.13388665877735825,0.1801172578483686,0,-0.0668899489294229,0.42588411715186497,0,-0.130341610914176,0.21967118440239525,1,0.0016228319922241552,0.24821992712312674,0,0.0946451308125624,0.16847071856424953,0,-0.027242962136356085,0.14688395992085085,1,0.24036053125906656,0.14441983527392602,0,-0.12318472284052677,0.2501569747980083,0,-0.11411848056515728,0.4439831713868691,1,-0.017491911906014714,0.22787081128645892,0,0.34784847940004476,0.3322032899454691,0,1.1489175413964916,0.8272798258828881,1,0.05830809779963904,0.10062248881858091,0,-0.2175408475778775,0.2646387422168572,0,-0.1549920395645755,0.39016212684946266,1,-0.047934464182391744,0.1561554719988406,0,-0.025331512720038935,0.14446270336449832,0,0.15666850236601665,0.2033062540767164,1,1.2909368951750222,0.8609342743493589,0,0.08017052987112618,0.09467045396061256,0,-0.023623291769025112,0.5720219586996828,1,-0.0500443508930878,0.18304246689678536,0,0.028637509210027168,0.135021612338578,0
130,100,0.6,gb,0.2626829943515525,0.4007464978989384,-0.11494875095581888,0.1406462140516409,0,-0.6958512951197695,1.470469781948615,1,-0.024965045300220128,0.052092887142633645,0,-0.07662098218818883,0.19302302839041333,0,-0.07935105880947099,0.2711353899258543,1,0.034734330009291915,0.07269390607102065,0,-0.24249696197944376,0.6994075868016327,0,0.3575205583334442,0.9095884088821726,1,0.02145436203573934,0.3421791985189758,0,0.11950661176293287,0.25708955876294304,0,-0.05893269352778505,0.1725876945791071,1,0.6048506776849004,1.179261239723856,0,0.3397462854406859,0.42085820784375066,0,0.0014548778639099618,0.2951831659595107,1,-0.07658811767107976,0.12903552940364962,0,0.36470186430232426,1.1228032449124736,0,1.7208320009011966,1.2483797545989241,1,-0.2035056385764516,0.5949803096392973,0,0.5357613801590416,0.6199286842974114,0,0.867991037174869,0.6244334994581102,1,-0.09665463896092961,0.18183720853082194,0,0.2668880931304981,0.481057451176904,0,-0.01780958234724821,0.7710404982279768,1,-0.05307605923618099,0.4127632122277577,0,0.5763234503748226,0.9546873714462449,0,0.1715363188647201,0.16265697670425208,1,-0.0029047639273614007,0.08288983719059496,0,-0.15202250419701013,0.5648118154895808,0,0.15788874750206613,0.1271876141437589,1,-0.0005806365194597734,0.04735007517355898,0,0.08809105369203744,0.23424680060796949,0,0.5858792042980219,0.808001193297119,1,0.656016289688929,0.9891306621915429,0,0.011215754137873245,0.0720856433858918,0,-0.226881885324761,0.6677157883933637,1,0.02090298303462962,0.7124257803236292,0,-0.026693263473051215,0.0668759794689465,0,0.05632858178180618,0.11356468218215272,1,0.2704116175417474,0.40865892950994737,0,0.12796893124361425,0.20118057762288657,0,-0.028906960563985905,0.09479698249128696,1,-0.11034743286095186,0.15840653289662165,0,-0.29464750201424217,0.34789094481663974,0,0.35089756600680244,0.3345259756545769,1,-0.13317167028323945,0.15574890393216162,0,-0.04434151824895028,0.061877193362373205,0,-0.12714066511457692,0.2657429934795938,1,-0.08709263754178337,0.20176550574274926,0,0.10039039583067717,0.18182410169355964,0,0.17982379630907555,0.34948950327714184,1,0.020206304452786324,0.07909926442301884,0,-0.9825521337700929,2.381673592633462,0,0.8929596944919183,1.3009783085728255,1,-0.09462828978523413,0.3437688820377598,0,0.06955697960439741,0.07929880357365475,0,-0.1289474675077802,0.29172073419694183,1,-0.04268971146453817,0.36995535360710957,0,-0.03826460344640911,0.23310760541317657,0,0.8366953266423479,0.8906821699682875,1,0.2276285779232245,0.4292592919561901,0,0.00861127055854979,0.02579617082303487,0,0.3021918263668892,0.4246676309614425,1,0.0723840127782418,0.09732550593231193,0,0.573820294818072,0.6579773744743144,0,0.2207761929864845,0.5317234039553919,1,-0.011919493763594913,0.1786436887153207,0,0.15273886831827763,0.22061030414895788,0,9.858687645326873,6.78510890354176,1,1.2401230587338856,1.623958995930512,0,-0.47035387745305834,2.6037655509827484,0,1.2850960064978934,2.1332960186235317,1,1.6013810462897937,1.463638096545373,0,-0.033730136113144425,0.04090767964859936,0,1.6581538714726851,2.322239008149433,1,0.3861474820118954,0.45980938749844064,0,-0.07133358199267119,0.1494889643467645,0,-0.2261957789974222,0.24745329914587755,1,0.28560777811013904,0.5099114740959865,0,-0.06515872721405393,0.07978043369278796,0,0.20130482113029183,0.22527495386434016,1,-0.005197529282315998,0.03898844963261974,0,0.20054268048396703,0.6006682161752971,0,0.050105642052335767,0.09312709618078101,1,0.13354975645941902,0.39645063660224644,0,-0.008196431291352326,0.12151959228565075,0,0.01739962364301752,0.10182514100097,1,-0.04615750085910336,0.11353332459174345,0,1.771619377337626,1.166664309750463,0,1.8617309691039186,1.3830078458637507,1,-0.004267833602577101,0.09159135581164701,0,-0.1379577159417396,0.31668257373091724,0,-0.07378011545308505,0.11944266703290919,1,0.1273784611671212,0.19906570324231515,0,0.02408287468441265,0.2112369317789502,0,-0.007979507658034724,0.3590679142975925,1,2.7973364185018412,2.806428204311167,0,-0.07263742704423022,0.19989312948989202,0,-0.15435175203401846,0.2963471575843073,1,-0.21376771381866355,0.357589097907831,0,0.11143477822766583,0.3260308409228201,0
130,100,0.6,hgb,0.34004927360739007,0.11504010045487001,0.0,0.0,0,-0.16060033017943148,0.3436949303601637,1,-0.028102609484451507,0.05620521896890302,0,0.09933673691148408,0.081654472055507,0,0.14582415903308404,0.3166009029051223,1,0.1354890056424653,0.2709780112849306,0,-0.11674400187082104,0.28726119121593807,0,2.00390968869579,2.549884680642235,1,-0.035437791347723985,0.07087558269544798,0,-0.005755836288032381,0.06352434358130957,0,-0.1330777239388386,0.35130657376000934,1,0.17145450956892927,0.8710444116387245,0,0.14287617695754623,0.9375151376674081,0,0.31774953816556556,0.2767000804229191,1,0.0,0.0,0,0.0,0.0,0,2.4934558777704945,1.8315878375320287,1,-0.12936769582669458,0.581012638296885,0,-0.14670870365967087,0.8125538926146668,0,0.5176838734577193,0.3144451572166971,1,-0.2190136603807668,0.521903477286862,0,-0.052783698837267766,0.08539507019544632,0,0.20011470739218912,0.34083788947935073,1,0.09502783297858522,0.1993691133448906,0,0.35527690171233556,0.34007500046823763,0,-0.014764022206793865,0.12108113412413038,1,0.0,0.0,0,0.0,0.0,0,0.06052581931676693,0.09531756360744456,1,-0.0012119466232352355,0.01904720183294761,0,0.139477987667315,0.20030636282756997,0,0.031240175961409905,0.045121766869455654,1,-0.4515387196991833,1.7064863729432709,0,0.16832242810607517,0.4662504258772227,0,-0.009526007605306863,0.23130394684735603,1,1.2783201100259156,1.5256534224744362,0,-0.5486863241663281,1.0587580663382836,0,-0.1304222851687717,0.3170305133507885,1,-0.3975148285197764,0.9788618855653931,0,-0.08018770749197399,0.16037541498394797,0,-0.27908155808299423,0.6521960625641575,1,0.0,0.0,0,-0.2317219472555438,0.6614505219923633,0,0.9777238660042734,1.4773987007494613,1,-0.03581860393080022,0.14712505898114275,0,0.0,0.0,0,-0.10104024467038145,0.304940231340166,1,0.0,0.0,0,0.04292955831994202,0.06930848232991967,0,0.0,0.0,1,0.16647271371429018,0.36192849881676287,0,0.11941991765987288,0.23883983531974576,0,0.5818329533637667,0.6079355973432726,1,-0.17608533790068864,0.2255980517813445,0,-0.0769039583329287,0.2891700304039258,0,0.6626385673794835,1.0005919202119409,1,0.010093797930728584,0.02018759586145717,0,0.006415934295651767,0.012831868591303534,0,0.3372304962782414,1.056243863264842,1,-0.09716038528507369,0.10399698193069692,0,-0.02279130675136133,0.04558261350272266,0,1.1932336369821885,0.9862378269573828,1,0.03705136498979761,0.20667829889819755,0,0.6165011006367203,0.8652944783031984,0,0.6405881820747386,1.0098648820573561,1,0.0908296144510468,0.1816592289020936,0,-0.002344940476142909,0.004689880952285818,0,7.00918993837846,2.4363615386554827,1,0.0255358421495753,0.0510716842991506,0,1.1558300584985914,2.0344659026466285,0,0.10609475992812153,0.2217768476859397,1,1.3057123342800743,0.6910934913072391,0,-0.014818036080940289,0.04603050681918366,0,-0.08444024397331948,0.880764477947695,1,0.31551822792001205,0.5054714101527885,0,0.041275169444838666,0.08255033888967733,0,-0.03204387011700021,0.06408774023400042,1,0.029843677894400657,0.05968735578880131,0,-0.056116297920821526,0.13939768638440692,0,-0.03764418613238081,0.08643243223664655,1,0.3463945687480361,0.6248746342890713,0,0.0030367068855746597,0.0037288595289623402,0,0.04370057552183512,0.20656404034092188,1,0.2449141050030626,1.584865033669751,0,0.31547323959911583,0.6842293670293657,0,0.15351235466461316,0.3837352801710439,1,0.0,0.0,0,0.9285249447915206,0.361724628242253,0,4.073219748621577,1.8281684828936453,1,0.04571495839784709,0.15310553793763165,0,-0.38739982706411336,0.8649470954261185,0,-0.18625875785251836,0.31603746920878584,1,-0.48527432728375935,0.9705486545675187,0,0.019138756359797386,0.03827751271959477,0,-0.278390679720223,0.6253102018442092,1,2.2048211239689137,1.4018261466478457,0,0.0,0.0,0,-0.0800068468513295,0.3671040894499667,1,0.0,0.0,0,-0.008722837604293175,0.039720999161214576,0
130,100,0.6,ab,0.25454860541946533,0.15869786760700047,0.05495462459637781,0.13391490130197928,0,-0.022112487535433184,0.10232197075590556,1,0.2382183458310209,0.2048518672729629,0,0.07419871933276198,0.1995805260395771,0,-0.40869655465170174,0.41982645004421265,1,-0.06574818389333911,0.08569554927698934,0,0.074244648155084,0.11027697772168746,0,0.003554367374251078,0.8496253282928691,1,0.13833668512258637,0.21455932145063172,0,0.13159132233274654,0.204485669382563,0,-0.084869785792512,0.18810285475146796,1,0.03072442935195139,1.2729647358679568,0,0.17638941724183732,0.5017527900544534,0,0.25802969371258283,1.4331279121366063,1,-0.03953782742318127,0.18816779378145204,0,-0.22170330158743284,0.17493527165945116,0,0.5565183026338894,1.32310024096978,1,0.8025714704015959,0.7086484655909584,0,1.1356792283690607,0.5000996795627667,0,0.20697791800805745,0.7342500423543028,1,0.06624582529906439,0.5109894590064974,0,0.3484228195452402,0.6828016751288164,0,-0.07660323284721408,0.5655266444125825,1,0.14100319434851266,0.6986693080389311,0,0.4936955515719177,0.4221099940487599,0,-0.07361243723397523,0.14945207745903996,1,-0.06473136547402604,0.1937431603974503,0,-0.32271746311746163,0.6358705132147539,0,0.1808420312731426,0.4736817099508028,1,0.1505404901577649,0.27481096760077844,0,-0.1046193387774081,0.3243398651750992,0,0.004968046485707289,0.23997666245695876,1,-0.6761689052345161,0.7742964245612084,0,0.027766049342391675,0.2829290360896605,0,0.0608682124414342,0.1069856119874545,1,0.324744763336905,0.3132215420345711,0,-0.02873066564707887,0.39297692387200206,0,0.0260475908508484,0.5884680804031325,1,-0.4472580450382188,0.5183995343426622,0,-0.07528247939979646,0.05911137029456275,0,-0.2727039435864527,0.29324546123031825,1,-0.11010523215736126,0.3543669497546301,0,0.34449683716052315,0.7498190132376206,0,0.44205153660312657,0.3154779771884897,1,0.10556557527181391,0.22139420181276723,0,0.07343025587292595,0.11431341167507916,0,-0.19315608388689556,0.39401534938537014,1,-0.06967730038654843,0.19735114043267477,0,-0.39699108794432997,0.46461169978203376,0,0.06444460048408703,0.06375718134924314,1,-0.04386000092518246,0.38176882963256376,0,0.9998820698567453,1.205265021791677,0,0.5036009447896896,0.6903476573625125,1,-0.11442836042259304,0.13183385542085196,0,0.15018626101811666,0.27555764158966456,0,0.10908396125311588,0.402563385365341,1,-0.004490729460953062,0.013245299467418105,0,-0.23181423714442725,0.733120874430388,0,0.17268995339031598,0.559075620575304,1,0.1702410181048468,0.1804549796698421,0,0.050377841814028046,0.43138265736289716,0,0.3953225063629656,0.735139145272076,1,0.0673561463194414,0.21205457571897796,0,0.05432774239969009,0.3774854301769871,0,0.15631806937340437,0.5317866558339545,1,-0.045903384896480784,0.06677792826291323,0,0.043549563039713225,0.1367686036803856,0,9.9858823568843,2.9936847225751055,1,-0.08300204417696164,0.5369083352812396,0,0.06462647185750589,1.1175733725693666,0,-0.2867694989829409,0.5456585134316199,1,1.3314401503705944,1.2348509589372598,0,0.11420988784214622,0.26441753704664706,0,0.23458121697493253,0.573499019542526,1,0.21730180040818065,0.40465948328148715,0,-0.2977573778683317,0.6829523763915584,0,0.14310481908393466,0.22227299310933282,1,-0.4543029134086728,0.2816468707164409,0,-0.15526291165682707,0.3657993757965401,0,-0.22518895099570227,0.22443603322804667,1,0.12672670748833212,0.13795234481759566,0,0.11106223886129318,0.15551111270442827,0,-0.012336700446685467,0.4942456174067201,1,-0.10475000533754,0.12561145302935334,0,-0.03906606619852536,0.048593188685215186,0,0.05078320827130338,0.07308823947435764,1,-0.036827201529872663,0.13240836364329292,0,0.23078476629134864,1.313545914500884,0,0.5470858775543926,0.5942573993967514,1,-0.2672112189249066,0.42728502518884237,0,0.034073946663456534,0.40304190767979337,0,-0.17038955554461732,0.5678381597733786,1,-0.7245463374460386,1.4326149384436577,0,0.1285057779817083,0.167200293957943,0,0.07112671727977368,0.1966695553596259,1,1.579123124145143,1.001474930105708,0,-0.15605646980935559,0.48805505011880457,0,0.13025997677772067,0.9980704809011343,1,-0.01483209464085567,0.15512772548274198,0,0.22327306653317844,0.26710769943708135,0
130,100,0.6,bag,0.20047627029379056,0.15043018213569032,0.0036196395209820626,0.03397657584215931,0,-0.03791929900989943,0.0850675932324899,1,0.012024387659653201,0.11702959723097135,0,0.11744098874681601,0.16237349073650278,0,0.06350977009171388,0.746213591469831,1,-0.24277518580557939,0.22089736944471963,0,0.09928857443124747,0.1879469540863063,0,0.08120542286424436,0.24735939734218454,1,-0.37523230410082176,0.2067627130884947,0,0.2749525529740343,0.15196542149463188,0,0.06044579217808144,1.1060275599583946,1,0.2205759382967029,1.0629381769664723,0,0.43228924117451956,0.9802668618212631,0,-0.03476033548592982,0.2782230707254558,1,-0.11686390736022664,0.11994440612501894,0,-0.6232493331059399,1.681900743375847,0,3.6459233873119574,3.4546165313110984,1,-0.10217067767097687,0.45773504285335487,0,0.33624307424761324,1.0948907822418907,0,1.1667311076661193,1.0463649637938681,1,0.1920044140203943,0.3867302272373623,0,-0.25395660053517793,0.4040326599395618,0,0.32606002439069137,0.986827535949385,1,0.03749580302840383,0.49796692265910997,0,-0.15427368800379818,0.7356368916635909,0,-0.036605460385626766,0.40162535598512006,1,0.1371214710270922,0.2553584133463509,0,0.5878511329832743,0.7197616225873217,0,-0.12393137883006691,0.7343905867305381,1,0.035860750562163,0.05745445840253621,0,-0.13366545811532865,0.3242706973392229,0,-0.07583829860584651,0.32717280925574727,1,0.6002858153168713,0.72494292354726,0,0.2350571803382071,1.262197796059413,0,0.19661873154898452,0.510058560832005,1,0.178460181423283,0.41902609742470576,0,-0.08334859443888053,0.2633905646671686,0,0.9040762239683563,0.9424701167680182,1,-0.07630736573083126,0.14915125729890177,0,0.005715209851458414,0.3639054586341563,0,-0.4662277091882797,0.5782051934339332,1,0.09563820329762487,0.5489436949306405,0,-0.008917924743859888,0.22721690534751035,0,0.04997207415525007,0.6572005646833757,1,0.1182559196424793,0.2782083894237968,0,-0.00686151177021925,0.03988280151325049,0,0.01221375771417486,0.08693887239635513,1,-0.2648873945483895,0.7367468984750767,0,-0.04110652435967748,0.18018770737501094,0,0.2651133110052041,0.40193712124324116,1,0.35095264235833473,0.3109231167690569,0,0.2700342105664067,0.46568728216040783,0,0.6866113944735907,0.99653108134025,1,-0.14775503538271345,0.2077344464034542,0,0.14417620902588038,0.31416000813531214,0,0.2518596430219303,0.41288633654812756,1,0.18102880815034725,0.3296098301513973,0,0.2695834323382638,0.49895201305671133,0,0.3546607838352621,0.212219626789742,1,0.02304213359480462,0.1613210892063494,0,-0.039161932212224124,0.5948814468040763,0,0.30796445002471246,0.41090014438409284,1,-0.053079410053714825,0.27026227683709064,0,0.18440067790107,0.3985999573131336,0,0.28844235719324035,0.2838736958366176,1,0.07921659136219204,0.06437921749925041,0,-0.29081825302525954,0.2770300767202728,0,7.687958735326282,6.1554128570869455,1,0.7387885165911922,1.123915665615067,0,0.8472462147798951,1.9327009282685643,0,1.9000467526911287,1.6273503867405985,1,0.7220234316088189,0.7904285526353453,0,-0.07379837351783583,0.42716957055051086,0,0.35658383661983917,0.6338473978116085,1,0.6661147575637963,0.6505880477105144,0,-0.004123376359667874,0.13877591064006886,0,-0.2916245098924204,0.3516666693527177,1,0.1539201780821041,0.3861120746327589,0,-0.9628523035913201,1.4493808054919513,0,-0.054873072985598695,0.18778186082394657,1,-0.25195116320247396,0.3564784092058999,0,0.18393015585051925,0.443457195325189,0,0.19840251699566,0.6331238327058393,1,0.024903564280495248,0.4994514955868621,0,0.054438912724535146,0.19993056992904387,0,-0.036545055335326815,0.17713925222535581,1,0.3151315757486014,0.24004099528578687,0,0.10449652315790256,1.169191098518946,0,0.9854443056000217,0.7255653853897488,1,0.2426233080646163,0.3067699542509571,0,-0.2751421671968809,0.7381014857157645,0,0.16942242843533797,1.0554755396905684,1,0.10372392080841317,0.42033082474729333,0,-0.00781123007430814,0.15094603615866514,0,-0.14728956435659174,0.07753214138289843,1,1.4856244174398348,1.1674403017668513,0,-0.0016178871679219356,0.018719437337292835,0,-0.15986617427850952,0.26900091802658554,1,-0.4542256576986716,0.7920165335497599,0,-0.02581186985112186,0.105547802585602,0
130,100,0.6,mlp,0.7547294275656886,0.0671294137137901,-0.007746216743266823,0.07808616985756081,0,0.9892444594178299,0.6476758206477099,1,-0.1463631760706893,0.24141758786401254,0,0.2958913480607195,0.3339407514390168,0,1.302771631878099,1.1455213817674323,1,-0.10396068076957263,0.3771787194662107,0,0.6151222179812798,0.5902022329137255,0,0.7918229446922478,0.9856861936005553,1,0.12494347918362866,0.3672909591742217,0,0.11359587314645389,0.21152330210066142,0,0.5367937763344804,0.4140475076648694,1,0.1506721918601635,0.3457613699507897,0,0.21227694018958224,0.2946048321606512,0,0.6836634325235831,0.642270568413725,1,-0.02159408060112613,0.19241522206377143,0,-0.05849661111407687,0.12802108397624995,0,0.6173426673940704,0.9477845429270848,1,0.038818033924008545,0.41844540236866057,0,0.34391514240680576,0.37373357212301794,0,1.3206125683613936,1.2628995903412377,1,0.37224139755585123,0.5469463097509947,0,-0.33982507082833974,0.19488891583334553,0,0.4402010241091956,0.45120253927197135,1,0.03232368874612943,0.14928533797068183,0,-0.013995879469123274,0.3037037589056962,0,0.3008581148874943,0.23350881105101612,1,0.5268830383175362,0.3471119577879386,0,0.17112207023269144,0.4077895442892846,0,0.6915015623144642,0.4148708327833225,1,-0.09829841354007515,0.14937119105768842,0,0.3299102521126017,0.40077839767735113,0,0.16186245554181122,0.2196357475277354,1,0.36346462163316495,0.5279834877873126,0,0.42368248407795217,0.5929418296683762,0,0.03946999210764712,0.4387237018163176,1,0.08828514200020568,0.24620899750857497,0,0.014237190930967841,0.20563767233317654,0,0.4878698901148201,0.6431565109731231,1,0.13414098460013185,0.6049845692632416,0,-0.14844272222511956,0.13823575432440402,0,0.2435446630581315,0.4440320564072832,1,0.09413302749470161,0.1909064646438208,0,-0.021472753042591324,0.14000146994250673,0,1.1571392881919187,0.8531696321014299,1,-0.13414981936417208,0.10357476460035214,0,0.052777195527875645,0.1772690755495716,0,1.1387880587180266,0.7478374556324388,1,-0.15639309084035502,0.1926740007268854,0,0.15471569154504983,0.20364473409323822,0,0.6745224087179013,0.40354936979819744,1,-0.06558172494822467,0.15947568179243787,0,0.11730734895833328,0.3988076425324086,0,1.0094433299200627,0.9336481767411091,1,0.15086947927303865,0.1789807679964382,0,0.05826797384330584,0.16353431469700414,0,1.0586227543152784,0.6813068178401557,1,0.1948090174754374,0.24941649472627644,0,0.09350942205519822,0.30073058714007445,0,0.8085077814617223,0.13614616241790845,1,0.2579436746395472,0.49171585804139817,0,-0.1697336075412314,0.26671828206638176,0,0.5852767902261772,0.8269443456093934,1,-0.1611483540912347,0.11707564886015524,0,-0.1965342299501162,0.13769075928761873,0,0.1245013684745088,0.23999599881076938,1,-0.013664394329745111,0.48417885129153954,0,0.26029981542861125,0.18981810610828564,0,1.7343689306095649,0.4123568894699188,1,0.3969271963327598,0.29797015694384943,0,0.8057303868958627,0.7566124546480346,0,0.2793964143927265,0.23970436492293629,1,1.0172072664735254,0.4052472495735566,0,0.3291897216633288,0.3940287944797213,0,1.3167121930449828,0.3672281882183216,1,0.669395666062639,0.6258035290370005,0,0.2403940401501273,0.27557923209061713,0,0.5138784124576091,0.9078756943395915,1,0.2661152689899147,0.2521418980466276,0,0.4869681879937845,0.14784050023697964,0,0.34882882047446834,0.5539335093137507,1,0.06093626105437596,0.0447997623189979,0,-0.04085240063059324,0.15004333741195153,0,0.3765644499751629,0.17908175390415784,1,0.03296491814087732,0.3366420223754361,0,-0.05816393784760021,0.45065277114611707,0,0.33123669515151344,0.7554661185658442,1,-0.1423576179966555,0.33337051996045247,0,0.2157581439976019,0.46853220434248144,0,0.8973617490643816,0.7948832852076557,1,-0.006692521925959027,0.2563301599839029,0,0.10797887983437511,0.5377659248409619,0,0.9532279928203888,1.4773464278812916,1,0.33161362857094356,0.5709313059477694,0,-0.08657622345674738,0.2035416878304687,0,0.2689847106442865,0.3068909590495871,1,0.9973427283015965,0.6800407298514902,0,0.32220108645074985,0.6107210286549849,0,0.9277724168056578,0.9026026301837864,1,0.08309357613654143,0.31516250508965854,0,0.09339465741123912,0.5468422747317528,0
130,100,0.6,svr,-0.013217499341373062,0.14540219178166153,0.07541658318555408,0.034979729334682706,0,0.028736834367591398,0.052184642010503955,1,0.027568630478932904,0.04820430094197858,0,0.027265561715896926,0.029665829176127232,0,0.0674713328661656,0.10882814717805724,1,-0.014975395694514245,0.059111369270295165,0,0.09846210939471646,0.0823366199822229,0,0.13041969702155054,0.17237512075853154,1,0.03407261003803529,0.10738950045320873,0,0.1325114816860923,0.12144625379129913,0,0.11254386554228406,0.1149927175766495,1,0.14592168637810315,0.08332682851698738,0,0.1133612142427696,0.08926777019907516,0,0.13126985772596672,0.06971570770712575,1,0.047004407038569104,0.021907238959789358,0,0.04603212937263603,0.052546405549647256,0,0.166585023863849,0.04754250575643754,1,0.22963626598366665,0.10205144370557118,0,0.19204904144134954,0.07804245484490858,0,0.1624489458769929,0.0797147044632318,1,0.11614294609565616,0.07802453570718168,0,0.0474529225040516,0.05967985956749145,0,0.10264442033511319,0.07180710976263474,1,0.019735895536270025,0.04471069969380677,0,0.057381212371423206,0.041514454503082575,0,0.0560107306889586,0.03519146318894944,1,0.08565944753796592,0.06842873066343252,0,0.08015808693982028,0.04677080479773051,0,0.06916357353513804,0.039797829251212426,1,0.06106834852359975,0.08485021825578773,0,0.2121620692116648,0.08308514861186721,0,0.1394226339572389,0.07002226441997222,1,0.15669716408511292,0.12369632059389182,0,0.135305551464758,0.09604907017342776,0,-0.01989520031824398,0.07827289334203387,1,0.06424157079879159,0.06656520536893534,0,-0.026646862733795417,0.10308781209584039,0,0.07913985800161014,0.13250806425439746,1,-0.015521164971778406,0.09692273013717176,0,0.03180441308787136,0.05942535557971777,0,0.021489831180136806,0.07617257321826015,1,0.0249686530331121,0.022986375915939064,0,-0.03431201318499669,0.04154367201415035,0,0.0670504097076151,0.04456482111725174,1,-0.00991250643102774,0.05348120345060773,0,0.007646952242928962,0.03366803398655308,0,0.15301755742379405,0.09463996560949288,1,-0.006288084351779017,0.06196745137204619,0,0.03164606034089511,0.10075467968345635,0,0.053316204005545334,0.056530452073797546,1,-0.020113681519385494,0.03267571434105537,0,0.09918132303565261,0.08331807710536009,0,0.017505229961804075,0.016496984233072887,1,0.06966750529151466,0.0710686857089427,0,0.07338858893235227,0.05196098330101863,0,0.13360591781522976,0.06443354662501125,1,0.0018243071983611698,0.04283235521065579,0,-0.0016831270339190767,0.020405052788579715,0,0.053912568312774314,0.06148415730578406,1,0.0619456754160352,0.042105511486953955,0,0.023265540578606674,0.03983227488717521,0,0.27620328448524684,0.13102869233342584,1,-0.017434040306092274,0.0563972030741953,0,0.05242753318304083,0.10425221244769192,0,0.0950178061288292,0.08878968887875623,1,0.03266734919224587,0.04563141614473496,0,0.07911190870670759,0.04954400280878466,0,0.6328761882537441,0.16524173377889348,1,0.20519261965240446,0.1181177080159384,0,0.28489249015151036,0.2205436035543983,0,0.5167293064752216,0.11470479737037106,1,0.41155587200712845,0.15676203101688835,0,0.06020838161514337,0.01711153928090376,0,0.11056394996567878,0.03306369187599847,1,0.0885571740419708,0.042172731180604835,0,0.035824320833789815,0.04179923941673489,0,0.09068291724748616,0.08865519217290257,1,0.04199908485783536,0.07768560251073744,0,0.13791892726772306,0.03849417859107794,0,-0.01847371456211644,0.06640525017676845,1,0.03028097833986871,0.1154800229084048,0,-0.0009757455804152354,0.04412150467919377,0,0.020205158959858666,0.03347714709067501,1,0.020210352194882576,0.03605600062767424,0,0.01619226492041301,0.06390576239078996,0,-0.061590624241238665,0.057259392010706324,1,-0.06601832374962613,0.10273304522623189,0,0.15086660948030212,0.11911320734592021,0,0.20152420194015735,0.12044721299126375,1,0.030573950558002595,0.04649840558611823,0,0.009478145171654484,0.06371878740741647,0,-0.010718214227703065,0.1302167068756268,1,0.026107869231721453,0.08818717987554939,0,-0.001188785089809982,0.06388258594700408,0,0.18390986027399878,0.1655307184136654,1,0.2726600732308509,0.15640650458341232,0,0.06505595727868624,0.05477391838415343,0,0.12080375492063378,0.15648443030675457,1,0.016023394055982434,0.08924474382381939,0,0.07868661756456416,0.06722893536251145,0
130,100,0.6,knn,0.37813215403461287,0.11963270503152261,-0.5328867446666131,2.2145335674936475,0,-0.6540412395980668,3.499159868363265,1,-0.22129700602698404,2.497959406580713,0,-0.4087426302228832,2.627358003928096,0,-1.3778600842739588,4.4883530721442755,1,-1.2645171057044446,2.9661146005452435,0,1.1659687570195558,2.8555821509646946,0,1.7581093225862552,4.621981217276627,1,0.6269715445725266,2.770428809948011,0,-0.23006614613902734,3.1621124643608143,0,0.8743842016912147,2.742807244600621,1,0.3374571752845926,2.913184964746496,0,0.31261386103627725,2.118828925827046,0,0.5384649259821097,2.463213085680386,1,-0.6976573691935362,3.287299443792431,0,-0.148717961290202,2.2763409276311024,0,-0.18688502648056,2.6524560032058067,1,0.3420938944997094,2.415108775481817,0,-0.9628632419492839,2.2378977715135586,0,-0.12184131302909673,1.3465768085836145,1,-0.04267234493950767,3.3362157177720615,0,-0.8157908804734987,3.143098841404957,0,0.13838762504523516,1.1220066827178587,1,-1.53190534182685,2.045930750532815,0,-1.1327270376522993,2.4260152689297847,0,0.8844928627229193,2.5240315396569972,1,-0.27387954696752087,2.6696246730549786,0,0.15353489176505639,1.556121389485736,0,-0.8315591287022126,1.4947284754752357,1,-0.5373345383088567,2.338522251341909,0,0.5354173625731422,2.4265121762753186,0,0.4394910145002403,2.3252527518142583,1,0.7955783799129165,3.851894629832432,0,-0.5619695599387968,3.6544214540561364,0,-0.10277380764667132,3.7607309553968773,1,1.3849180371496264,2.3566722389412558,0,-0.9084251190035154,1.6867490280376223,0,-0.08688064280172281,1.4458116590813423,1,0.803078863561911,1.3814819861394494,0,0.4298902595552853,1.5561165827786303,0,-0.20453059499263687,2.4941289086183027,1,0.7126581326420997,1.6387389487120485,0,0.6276470022101044,1.5845712903697786,0,-1.2032941079514656,3.5228532254835287,1,-1.1632121581446668,2.368631430845526,0,-1.0798190149393911,1.7524943723285227,0,0.3268981098582561,1.2188153987340848,1,-0.6872924095945093,2.2576761356282664,0,-0.667741785563537,3.1243447981075096,0,0.9761444685726473,2.7465364738949263,1,-0.0805485497546754,2.0667617178987205,0,0.6790927628760772,1.2505188390576334,0,0.15251599586287198,2.146945515948931,1,-0.8124307441562744,1.7743502045554038,0,-0.50621696931665,1.9642375904487044,0,-0.41834774961536747,2.385086959220905,1,-0.4325684401579727,3.0106608811783624,0,-0.16398064952594735,2.5300890342663687,0,-0.36551704089742354,2.621232060905114,1,0.8423625158873989,2.5826694052578456,0,0.14634182179630387,2.6597013155476463,0,-1.0627035617879224,3.2401692478617665,1,-0.4612307608078604,2.5266031978264736,0,-0.5998423560288011,3.4906787665622625,0,0.33590860563832275,3.3609114604227543,1,-0.6596383254307263,1.5483863387726688,0,-0.3253924942333167,3.018645166051217,0,1.384414287494559,2.915269074551736,1,0.37037186847496745,1.7047759879528972,0,-0.49211881241489525,1.9144033115656214,0,0.061744472483943436,1.4749620381789166,1,-0.2429530274759851,2.7738041312805506,0,-1.260114628734037,3.9213963737358584,0,0.26685764815258217,4.310301880246115,1,-0.1847614060004407,2.761546456036195,0,-0.2314001743854064,2.329971188329542,0,-0.22675678699096516,2.6330135915433015,1,-0.034239889428101564,3.12774897599438,0,-0.4570382167456395,2.3731054750965215,0,-0.11858082181391719,1.4534076443867023,1,-0.591155120381923,2.1769476592078494,0,-1.7152539107921665,2.8021965580816297,0,-0.8907330914635431,3.2478337195454032,1,-0.4976569918343787,2.424668955644942,0,-0.5355673652196825,2.12062188755042,0,-0.03377017408159581,2.0647024456175744,1,-0.5863121247890052,2.2370506658709446,0,-0.18435106669070206,2.5966956038714057,0,-0.2344609294542655,2.108286801222904,1,-1.7631442765189334,2.2130437691210827,0,-0.5268197228311122,2.049144523840729,0,-1.6713047347520615,2.754838283754023,1,-1.35433762176274,2.3933635865206675,0,-0.6404847658934342,3.5189004342921084,0,-0.5532799204833381,2.2565486576363236,1,0.39318935895500323,1.5298802800312934,0,-2.0324957871805336,2.19639125066337,0,1.0886113157314419,1.6385726761791444,1,0.1568448341759109,2.5555994671985163,0,-0.7739863944197211,2.4503808404910035,0
130,100,0.6,SuperLearner,0.8415487845755859,0.09282782600484575,0.025699965236737426,0.0923678088644479,0,3.2739381578941056,1.2459803371553768,1,0.07506174975522087,0.22364190773405504,0,0.2093720090710322,0.38438921721916136,0,1.6400621557751738,1.4098832833027028,1,0.00644450835340965,0.28287849822279226,0,0.31002214417784824,0.34577275595548934,0,1.4236598706577421,0.6915678955385828,1,0.03591920204513379,0.3437839075601636,0,-0.11443401045165666,0.6308716050601487,0,0.868727502974747,0.7122927000362069,1,0.2634866552562693,1.120433132260231,0,0.03190970855878776,0.1849345316111567,0,1.0943128009755747,0.6662116094829992,1,0.03790551113073941,0.4879440356136776,0,-0.22519165416410497,0.36954799175813857,0,1.3880211186401727,2.652114075319338,1,0.02584668337582611,0.19886568992495565,0,-0.07274135469595518,0.5420440235969713,0,2.3837953997065133,2.736340609704258,1,0.3803066945044554,0.46358347076406126,0,-0.05675234725226376,0.23505995617063113,0,1.2498817006745788,0.859312369998457,1,0.014084164249288234,0.19683040813938313,0,0.02850637772032043,0.1685288309924437,0,1.4081990324117981,1.1531660187727915,1,-0.04693014289102859,0.1752725466801773,0,0.04258826954224389,0.2243499447854576,0,2.647848012451442,1.89746883502662,1,0.1561470210366208,0.5167084601639906,0,-0.28639804129270735,0.5143686316296469,0,0.47189475143147075,0.7574646598537972,1,0.3699641804845517,0.5832275567693718,0,0.2672906971272953,0.5627452860781483,0,-0.04442143972142064,0.7935575560477433,1,-0.4524101618050592,0.5974981309185066,0,0.00831243350322799,0.5554039193759424,0,0.7962213981804711,0.27755030229953376,1,0.05293702258615163,0.6585635721468601,0,-0.1116492988444628,0.25783835485825934,0,0.5952989553717208,0.8309571576917114,1,0.11382397906478961,0.4467083517501415,0,0.14733426133388544,0.3528549159916605,0,3.065124765280234,1.1618335778604765,1,0.03765880851385078,0.15209560744074338,0,0.32521867385239983,0.2698882193583434,0,0.7533834576755466,0.7409092860771218,1,0.40706533901005626,0.576110269760643,0,-0.06022543705146812,0.2655994976340593,0,1.8067703608676815,0.7286581069721796,1,0.3742975890204971,0.3959666928076097,0,0.3825246996060018,0.4325578225932902,0,0.8078913896353954,0.8791153167519813,1,0.07792140417934182,0.3214793223790202,0,-0.17600475560523168,0.2986795493282072,0,0.9866139577101881,1.169993788831746,1,-0.16910362824187955,0.35039824457563534,0,-0.0233210551998769,0.17271301547421933,0,1.4731482317936926,1.7774332835231073,1,0.18183985040769862,0.308844435785223,0,0.07419479694393608,0.25944746355599474,0,1.9614649869191674,1.3139233079952424,1,0.04711903015564779,0.4473491516443584,0,0.006791591345776426,0.44115567940378475,0,1.4492906362970965,1.2558592596880658,1,0.2744320879713525,0.2695791454170527,0,0.0006443565824646447,0.5385255908372106,0,2.0899790413376356,0.9809992840952334,1,0.08323220493244936,0.39026466200591625,0,0.1725250217247188,0.44307773493811553,0,0.9416412241563519,0.8792872840256982,1,-0.10232109989344318,0.09678398811990552,0,0.012054969932952242,0.25003920063382956,0,2.6874826965730607,0.9000576000029898,1,0.7846134805698896,0.8131627090286905,0,-0.07312537101714302,0.3743875947110978,0,1.5298796377400077,1.6843496247967478,1,-0.038445428894010085,0.2731014628410349,0,0.08212026682601506,0.3356936923768545,0,0.592160387106867,0.6538986721032455,1,-0.04557828212340028,0.3066588399868474,0,0.15077794313768847,0.3099178954937127,0,0.1908531362491024,0.29319586503222883,1,0.15114391739381716,0.5770017226075509,0,0.05665444433154426,0.2459190880275213,0,1.7642517186150364,1.1785826717338885,1,0.021028016023468044,0.13398188955215617,0,-0.49034263688768454,0.5582020101978103,0,-0.27810984475137274,0.4301227150951301,1,0.0940978872299171,0.3302426579847455,0,0.09185053995139777,0.3768141804316965,0,1.8763598871288227,1.198470916259974,1,0.9106574011813304,0.6995931543488824,0,0.5575930957364734,0.3777252801616123,0,0.9003595693025293,1.493690642531989,1,0.13147877375436087,0.6420036366140393,0,0.10825067080279656,0.48875574618113843,0,1.5273328007465852,1.0807846977724718,1,0.22715709239345155,0.5512892688074238,0,-0.1047051051065375,0.23910014016011252,0
130,250,0.6,lr,0.9564830720648239,0.01417944222330906,0.023915420273009993,0.019507104511162582,0,2.427208026888971,0.5978874580794723,1,0.00994073430271859,0.07703685406325743,0,0.00025182297321888896,0.028765225178338686,0,2.264967553715787,0.22725396067287768,1,-0.0051850864724761634,0.018563319241422977,0,-0.02313960909674074,0.04101410226512614,0,2.720794116230672,0.9500338852156357,1,0.014646889472782556,0.04653998952285428,0,-0.013225998292015498,0.04869274047896923,0,2.629415304987084,0.5954288979000022,1,0.04624682572934211,0.04100803293361299,0,0.05461696722346467,0.07236108226637697,0,2.086050071014118,0.6782924129197622,1,0.00851890801010147,0.03871078063580137,0,0.016508985427715506,0.021411071731227638,0,2.953036983877287,0.719759446311098,1,0.014406559920502044,0.060563449116546056,0,-0.026733408029969957,0.04217192931132714,0,2.086287900397015,0.4416986121109204,1,0.026801515812594257,0.02440347879764376,0,-0.006819667531633063,0.02034925584976259,0,1.6818124747045449,0.26214790592954207,1,0.038919299165182386,0.04727806091407904,0,0.03302627921923591,0.049080927161307,0,2.167475961465901,0.7396999200053989,1,-0.03308308532127404,0.07204307725477375,0,-0.01111380973521875,0.059211090889197134,0,1.513283196158088,0.3503573656334734,1,0.037473430676426514,0.07883957325948876,0,0.021399147319607386,0.04410051858664712,0,0.7044080248188046,0.2552238064177554,1,-0.007424293926893394,0.09061906349077552,0,0.07100891057133435,0.1835266972913328,0,2.2893846617315545,0.6212706615161169,1,0.009419793557812448,0.05983380563357367,0,0.020709496765094725,0.02203581487721592,0,1.7581130778231802,0.34233303148763694,1,0.0011881715482804603,0.041255996593386676,0,-0.03158587601686915,0.050477338867532015,0,2.1594118662244894,0.7225022516061956,1,0.01289897764631901,0.009121157291234784,0,0.012785809905627355,0.05505684233028238,0,2.1399043192196836,0.5394946886934455,1,0.09077179400818955,0.08850961756751768,0,0.08834740826556378,0.06199010583493968,0,2.488490791647229,0.6280240044168107,1,0.0010788787933609166,0.010117433217757101,0,-0.001983943445219185,0.005067783179087302,0,1.2880322078716868,0.3406944499867806,1,0.041433378883094986,0.024089730979519396,0,0.011806512011321824,0.00924628586136751,0,0.9962481823443717,0.1999466848099065,1,0.025839986919999548,0.023839931262836508,0,-0.003672702474688949,0.008499580477867447,0,1.477600056876201,0.45826594689539846,1,0.002884967520102603,0.028556669612405067,0,0.02839950833093613,0.04338234669374429,0,1.448438778760565,0.3574321418338877,1,0.04172140995508347,0.06760188654909267,0,0.24019059441411722,0.06026096201820473,0,2.305332007997418,0.34209875652069704,1,0.006576486532388233,0.011882564615253617,0,0.1176930599245436,0.09492121906391784,0,1.9231461881955798,0.7447810547911758,1,-0.012144311117362944,0.0833349304549018,0,0.10024264377722454,0.14015742355616284,0,2.5747806708941945,0.930948583902772,1,-0.03190447622323162,0.10627341455877397,0,0.016792917311864924,0.09102477553484235,0,1.5812763404033154,0.3587282083388416,1,0.0015251558108100415,0.07482029259771848,0,-0.007797558687309189,0.04955598524543848,0,2.609396629937792,0.49697592636146853,1,-0.007333301724304709,0.005252246396814507,0,0.06957250413405079,0.028659625770067636,0,2.0825256469260855,0.20095307329329817,1,-0.005956540559485309,0.012506230356086655,0,0.007928221561949871,0.0389657982705021,0,1.3839672106627972,0.3577246665265205,1,5.1973926850924086e-05,0.026485586488777735,0,0.02206947940171824,0.0630193914740767,0,1.1674617990844431,0.41296648482650744,1,-0.049956207815704735,0.07701166287171447,0,-0.014348579010322948,0.05112129505092034,0,2.3627245176364378,0.7365068264615996,1,0.00989203924682219,0.01432030763463439,0,0.01055170196848841,0.024098073896706363,0,1.8299145288170222,0.3547443481247552,1,0.013871234296215196,0.0464640044952798,0,-0.003829319190403356,0.021573025106692706,0,2.0312989469235396,0.5695638969643868,1,-0.04348675490985989,0.07407553470880834,0,-0.04901317026891934,0.037527650667473225,0,1.821368442642299,0.5909565208271776,1,0.008396487749394823,0.008226971954043687,0,-0.00206253801666742,0.020254516957346976,0,2.233525906007194,0.9234453838484613,1,0.008675011608359543,0.04137045088415862,0,0.009155947385770498,0.03465689178438413,0
130,250,0.6,lasso,0.4966512982358002,0.0389677497078378,0.0,0.0,0,0.01860996087841241,0.03721992175682482,1,0.0,0.0,0,0.0,0.0,0,1.3515508390669324,0.3661848714298853,1,0.0,0.0,0,0.0,0.0,0,1.408132238244653,0.5073688624488355,1,0.0402731919802207,0.08054638396044142,0,0.05276588326068159,0.07174878276234509,0,1.6103276189706286,0.42591962901806135,1,0.0,0.0,0,0.08205901039699012,0.10449161555390456,0,1.818986594865739,0.3908359300410304,1,0.0,0.0,0,0.0,0.0,0,1.448424815826699,0.539420926888173,1,0.007446299996704141,0.014892599993408282,0,0.0,0.0,0,0.39296812259817004,0.2198975047272692,1,0.05209711949584608,0.0926347456301616,0,0.0,0.0,0,0.894911931290807,0.28917003121325624,1,0.008378397831500423,0.016756795663000847,0,0.0,0.0,0,0.16438225676051862,0.21109470943236278,1,0.0,0.0,0,0.07072768857278142,0.12551803316779073,0,0.1957771789963439,0.18093977513845572,1,0.0,0.0,0,0.0,0.0,0,0.0,0.0,1,0.0,0.0,0,2.1495005109528433,0.6288648912751897,0,0.31934912552915345,0.2845921456393377,1,0.0,0.0,0,0.0,0.0,0,0.48782351980645433,0.34389786557980917,1,0.04786673691567951,0.07901384384518276,0,0.0,0.0,0,3.0850700383139524,0.8920186909179126,1,0.35822455920374935,0.2577552466057496,0,0.0,0.0,0,0.09442436221236486,0.12389586705139095,1,0.0,0.0,0,0.0,0.0,0,0.8957692152601318,0.5819485238474337,1,0.0,0.0,0,0.0,0.0,0,0.4977509056281878,0.30978315915226673,1,0.0,0.0,0,0.009066813388241012,0.09139952650034523,0,1.001113281672445,0.45430937656437415,1,0.0,0.0,0,-0.003913418291843954,0.007826836583687907,0,0.857487413630132,0.35229261485622343,1,0.0,0.0,0,0.0,0.0,0,0.146809334788264,0.17288731628123308,1,0.0,0.0,0,0.0,0.0,0,2.7030648586484296,0.5869866361684752,1,0.0,0.0,0,0.0,0.0,0,0.6008962286005401,0.38139348107457643,1,0.0,0.0,0,0.0,0.0,0,3.5203038645005664,1.1389421494360075,1,0.0,0.0,0,0.0,0.0,0,1.4542924160941795,0.33871277155495394,1,0.0,0.0,0,0.0,0.0,0,1.302745711885336,0.911069113271753,1,0.004880539003301209,0.009761078006602418,0,-0.0015393533867951988,0.0030787067735903975,0,2.214133976467692,0.8144837431759089,1,0.0,0.0,0,0.042145439483919245,0.08429087896783849,0,0.0,0.0,1,0.0,0.0,0,0.0,0.0,0,0.0,0.0,1,0.0,0.0,0,0.0,0.0,0,0.5610797621170515,0.29938306891159117,1,0.0,0.0,0,0.1559268884562826,0.23017467681250475,0,0.6973877941015102,0.18444638629989077,1,0.0,0.0,0,0.0,0.0,0,0.08658919949644187,0.08295606514076337,1,0.0,0.0,0,0.0,0.0,0,0.23741393031016159,0.2617698159530097,1,0.443839156156937,0.3433359095674025,0,0.0,0.0,0,0.618648465067199,0.46429350289990756,1,-0.04649249145042868,0.09298498290085737,0,0.0,0.0,0
130,250,0.6,dt,-0.2574446780348397,0.2583295460794532,0.37318819828093075,0.7592489204902567,0,0.6134552395661257,1.2551921627183067,1,0.32407907530460567,0.47798922834183094,0,0.9832529084626366,1.3131828172923008,0,2.370559341070517,3.8726371440908465,1,-1.9951567782518445,2.770078233304176,0,-0.1949924605273112,0.3216549967760166,0,1.6449892209149202,6.025651995099437,1,1.5736904376059682,1.9841333337803861,0,-0.05597506907228322,0.3595910293089246,0,-0.012409613453802426,0.2976841174939535,1,0.10481915527083023,0.35101354001314805,0,-1.467161482103156,2.4393100757071426,0,1.8697476374083624,4.329354172015738,1,-0.2597495894760359,0.5194991789520718,0,-0.5095894049702336,0.9395009856766305,0,3.0795756446155287,2.477364003655456,1,-0.05749901607619379,0.11499803215238757,0,0.5835407723936579,1.0044510866759733,0,0.6953687451293465,2.587375589425061,1,0.06742864718341547,0.12695499775257774,0,0.06929528677485038,0.857546724716295,0,0.6614066678266964,1.3213038341115495,1,1.882233259677935,3.8829883516613397,0,-0.04865905586829569,0.11347716293585033,0,0.1946152033958884,0.3990336416047862,1,-0.1011589979531748,0.17214770456684375,0,0.035536126029650186,0.25935662899493156,0,3.198337397272637,7.447554799357436,1,0.45619584133045005,0.627537063104061,0,-0.050595444601087614,0.2180469739065805,0,0.20675075514989247,0.4084983965460638,1,0.011182850994061027,0.017829890448833187,0,2.6485847877366293,3.8640722058469077,0,0.05648181482254677,0.11296362964509356,1,0.20005078281361302,0.30543999871156685,0,-0.7969109424349876,1.593821884869975,0,0.37883352148087135,0.5201951324587138,1,0.07035056348146747,0.2608955926319363,0,0.2182063810083248,0.43348087724978984,0,5.368375793101551,9.912216753359154,1,-0.4142501762276611,2.385191249988448,0,0.013050465324174865,0.04873937917703781,0,-0.17920314004050475,0.41553927744631086,1,-0.13428662874870345,0.37633812849628434,0,0.20598455043527308,0.3804433436432111,0,0.0774735113617166,0.7992036628297466,1,0.42363789777368854,0.7988573691755879,0,0.24005448292306536,0.4143970012489415,0,-0.10867661415125685,0.507739320628981,1,3.9532724006334456,8.220444124222592,0,-0.0011506698317941756,0.0023013396635883513,0,0.1535370236163935,5.4031209016300865,1,0.015188533229349415,0.05658928824588556,0,0.8334130066855483,1.7515747660800935,0,0.1911719750082237,0.44952479687308,1,-0.6196689883134001,1.2922170417527625,0,0.0,0.0,0,1.7695681301836337,4.3676605292856365,1,-0.30270768612085014,2.1414157620513548,0,0.5772793246757917,0.9750024361142794,0,2.1830566084897067,3.7354805137924596,1,0.20544561818261514,0.44047994846430355,0,-1.0687286401836338,1.4116006750187644,0,1.6237729825478269,1.6169933995160681,1,0.19894246471860633,0.6318373269259624,0,0.7883178737976657,1.7473406027733005,0,3.096667407527831,3.9425502383465805,1,0.06969090481591325,0.13827379574725773,0,2.9992418493326505,6.42276146947696,0,2.8067906477655904,3.2258779281718017,1,-0.2504569411231898,0.5009138822463796,0,-0.39368676077883,0.7764673594148649,0,2.888380478709605,5.152884056558831,1,2.0562828539795426,2.417873801472444,0,2.0766282582846505,3.352017791214339,0,-0.4877568306990394,0.8342042050272733,1,-0.10562629607909195,0.27253772040114993,0,0.030983044976958984,0.6505162828661212,0,0.7646233362873704,1.6893345278093048,1,0.33813222614822963,0.6207720492065969,0,0.6911160637954162,0.4059555868919846,0,0.00022998937354975628,0.027464975395478937,1,1.8457980989471903,2.845771517119368,0,-0.14848253797191813,0.29596737648810684,0,-1.0165716566229053,1.8319445008137685,1,-0.05449118245830965,0.1089823649166193,0,0.3550391293949284,1.165191614415913,0,0.5043356231643201,2.754639243327695,1,0.9501178976572209,2.297198684696496,0,0.17109196693590226,0.3046070309114319,0,0.18060382529920446,0.411513426899107,1,0.0018004273778351489,0.003600854755670298,0,-0.1006307815270608,0.32264326537283905,0,0.5551990341551937,1.2977613546598477,1,-0.5463555299784377,0.7818365945301655,0,-0.004525020711733276,0.009050041423466552,0,3.097482617042309,6.208816806199867,1,0.4084837423722332,1.0272463779706869,0,-0.01511902547915929,0.03023805095831858,0
130,250,0.6,rf,0.37929307468421414,0.03604085848584345,0.0852161605466711,0.11280865441849486,0,0.20638124003423214,0.18169977170529525,1,0.052873721754059785,0.12153564387797738,0,0.08023175368716548,0.15692891365685474,0,0.5277643368709376,0.18137879129663004,1,-0.03635283417287315,0.09481229823677798,0,0.015802507441029637,0.11162769247120209,0,0.4593353643650021,0.1915350675135767,1,0.05953587512400833,0.22342533751078109,0,0.08945905822649217,0.16468840717565908,0,0.5781529808557588,0.34089375175820896,1,0.2122032718466535,0.10844690010438429,0,0.3390357496904669,0.206140268473793,0,0.7817390945542143,0.5671635180417529,1,0.06954404041636782,0.03417364510881662,0,0.2369873903688203,0.2183801192593957,0,0.6437000894174248,0.16949167890143693,1,0.2071176132573555,0.27819395978384687,0,0.04256718604800873,0.19204948938986174,0,0.2314617445893971,0.20300011000398693,1,0.0016049711750649898,0.08299383178591577,0,0.027201682099191066,0.09782120561552347,0,0.2362042045545739,0.15069971311102098,1,0.30648902614138185,0.16601768665490887,0,0.2277319835901445,0.16994443291394504,0,0.04442801441451918,0.1261290845946579,1,0.08931336009551485,0.1103252180995499,0,0.13186314326385692,0.15231461502904875,0,0.13551969327451108,0.16393563287055343,1,0.026643408398447265,0.23243018299490814,0,0.04195440020510675,0.10075662486845967,0,0.05705569122162243,0.11637812826670811,1,0.46290901639273896,0.29791450039618744,0,0.9537752709088474,0.30808545071497756,0,0.1107094338873651,0.08799522847981865,1,0.09241314457901159,0.14893733991453367,0,0.12299394685591777,0.14759526164686146,0,0.2592550870710369,0.17082020396569444,1,0.19934276390952144,0.03163184242493964,0,0.18546427409010025,0.17980661386150426,0,2.671621244220466,1.0111251487341892,1,0.5658082090646422,0.5374788178444403,0,0.03106318178917241,0.1246706554683676,0,0.10028167893981332,0.13296764379033854,1,0.10301303310721725,0.12148345452680637,0,0.04545594352222847,0.06475231858709903,0,0.12006345528463233,0.23669254409598411,1,0.01049748670220137,0.08170497637184346,0,0.06410517365080548,0.18839333169059283,0,0.26953000212300593,0.13933474850945463,1,0.048145676017548766,0.16676348446322234,0,0.16418936618190905,0.09560981337143425,0,0.7996706004247558,0.2636524122474418,1,-0.014739048800186042,0.12467630573401131,0,0.052681300379908605,0.1101576849754602,0,0.3566409214431977,0.13067036539461882,1,0.16137492211986673,0.12359570655132712,0,0.027165241477339487,0.19291643857448776,0,0.34232887611438567,0.3487779460133244,1,0.20718792421742366,0.06521651180440008,0,0.18396288330364535,0.11861310663684302,0,0.6735355751025175,0.30775313369073487,1,0.08097490719148068,0.1961670553307539,0,0.049911961657533005,0.14377897746365068,0,0.5095004362437446,0.26971932855090075,1,0.03445644446555768,0.11801076474975788,0,0.2559006325340994,0.3621902248122854,0,1.8301939264215648,0.7335799942542325,1,0.17664216530462873,0.11158023744561942,0,0.03364052047289541,0.17315303647426183,0,1.0306530155921931,0.45368249134746197,1,0.07361699932975053,0.0524618960742631,0,-0.1233654846477625,0.2556656118967281,0,0.7487150634198103,0.6992818913542338,1,0.14027588633959678,0.14878256496333173,0,0.23058453269636617,0.15840221565443627,0,1.1773492876095084,0.3965028994221437,1,0.07437395681344246,0.10791441466137262,0,0.07921726582295349,0.1471560315566945,0,0.17476299377800794,0.1091587608265598,1,0.054030644832029504,0.06048385751861408,0,0.0359540921564916,0.0776229692079262,0,-0.09073266216699309,0.11028951867163835,1,-0.10216965059603948,0.054128289875276535,0,0.054133065001682815,0.09716039978486155,0,0.1772072108426517,0.2220540904917804,1,0.01580357364050374,0.10276527303212546,0,0.1334594462907956,0.10279397911978928,0,0.886961795051669,0.18586921590709105,1,0.06629349260673478,0.12381415761428338,0,0.2590453547968075,0.08531234651484118,0,0.20290451013837246,0.1525808963410472,1,0.06897377472486185,0.10691849840205775,0,0.07909346740621695,0.09007054041757216,0,0.2667364123105272,0.1658062286365333,1,0.3084872337897749,0.06560442469394265,0,0.036138875454341135,0.060879738916145974,0,0.47635362719471025,0.2529350331209632,1,-0.12157757987644802,0.0745766266825172,0,0.11260769446255307,0.1423837879885209,0
130,250,0.6,et,0.39941362595389923,0.029332652554083762,-0.010244583830641616,0.0756153481809673,0,0.1265173232362879,0.15795246303512198,1,0.01706969645975683,0.10502725769413665,0,0.1225228646091537,0.05112327984069253,0,0.4961152459430112,0.22782930009419863,1,-0.06204681498160899,0.08190157920629068,0,0.137186385527351,0.11561836883272114,0,0.4127643844776999,0.2584432052571261,1,0.21105698675190282,0.08830265061464114,0,0.26388287730506477,0.29525897680866797,0,0.8074252399081351,0.42230568150367476,1,0.39353901880924563,0.2260203099169275,0,0.3121307153241101,0.21662396750763027,0,0.6930197260316283,0.26280450789809395,1,0.10237959735215718,0.11241252822267107,0,0.170831600774574,0.18598786308187043,0,0.6949942350429343,0.08851678659349717,1,-0.0487090849346162,0.40044489675580053,0,0.12871245283822072,0.2516228168168833,0,0.210656352677157,0.16099436812019952,1,0.07881806127522901,0.1454872818785228,0,0.24138695706023175,0.14963183467693986,0,0.3551195965480125,0.22327718095457125,1,0.2782145750009738,0.14302438578482116,0,-0.03941712665245317,0.15868014385156945,0,0.1018026031577911,0.15264681055717758,1,0.07150077976166794,0.1036629248764449,0,0.16502349835328872,0.1338679781128575,0,0.11620531872125923,0.12897232176254758,1,0.01636140870205764,0.07649768759122814,0,0.05298794989400433,0.18235236453141246,0,0.0887812460225829,0.1205501294944523,1,0.2611788501533552,0.14420623502630675,0,0.840163553205957,0.5760131975853541,0,0.23872897526168502,0.1515072898267514,1,0.06363480717169775,0.1248244718355678,0,0.10208387499202809,0.15475260422819537,0,0.15183031414381026,0.3213850315703681,1,0.28301886035219387,0.12384527412367605,0,0.3167659161595352,0.18759327828030428,0,1.6591397180802911,0.5901182095861701,1,0.5696160618355953,0.16975914844720566,0,0.005560537373707772,0.1471816765397308,0,0.10445840732411944,0.08117844307181543,1,0.11937193391282477,0.12486950893079972,0,-0.042249941262557954,0.10388047130884705,0,0.24479968840305338,0.26798490295029137,1,-0.01718884679615503,0.10605773365990852,0,0.31697629148908896,0.19071412244294964,0,0.2942474421099614,0.3129717385242578,1,0.05842268884822738,0.15808289403787837,0,0.07754923237217398,0.24196275635229847,0,0.5802686548979497,0.34141434317716485,1,0.023016434388457338,0.08231586655075276,0,0.03990962320837827,0.20384735873320564,0,0.5076828506613399,0.17410649519890478,1,0.11896686598416326,0.09398816322925584,0,0.14126236069687598,0.11416649339397526,0,0.37661823610245615,0.10541955294150805,1,0.08128774357176483,0.09374624392419711,0,0.23825097583161856,0.10215547076543154,0,0.6716101886379411,0.2881137364324289,1,0.04018764883822562,0.17911398384867244,0,0.025179797584872033,0.07729845430631302,0,0.4469907858331611,0.1410509879118235,1,-0.03356059118775869,0.12666457007934304,0,0.21238937005997446,0.29758310226083906,0,1.5109736249523962,0.4955208214327092,1,0.4068628425149995,0.3734646674152436,0,0.14756203237779647,0.23453110277791384,0,0.8580514263392723,0.7288559962152232,1,0.07665666555501255,0.1311325379104947,0,0.04064345604780757,0.16799064403792927,0,0.4817916580024992,0.5845740354511851,1,0.2796575458889017,0.3916525322895028,0,0.2164616782879047,0.09446131103076529,0,0.9142814197145135,0.29494843004534554,1,0.08391955395415171,0.30819578167405554,0,0.09230005169926064,0.19546656539622978,0,0.20609024575794846,0.1107559189003447,1,0.10676695420933931,0.18728641995045875,0,0.0218369420616118,0.1325065668741848,0,0.06571953704816236,0.11333966471468211,1,-0.08598364674210951,0.13166340095469728,0,-0.0899794333819994,0.07005842281070954,0,0.036182545290059556,0.1219328931135401,1,-0.08206166554551014,0.07080945037761631,0,0.08078215106860279,0.14154529960771667,0,0.45562825715774197,0.4115084746005993,1,0.04361106078197945,0.06813490448382542,0,0.14868050221601287,0.14488632491808132,0,0.08449575572041745,0.16071284458359378,1,0.004637351826767356,0.11242954003480518,0,0.11479374208681659,0.17867483537492088,0,0.19877073483036883,0.04498585114184062,1,0.5000695503165358,0.29450927134869914,0,0.06535530097272346,0.1400042267489314,0,0.47322100251900334,0.11844855971160918,1,0.04643811017401469,0.16807866772741636,0,0.08450068389991891,0.055403887314673626,0
130,250,0.6,gb,0.5094712234222584,0.022161581859190014,-0.007912295986018706,0.0339924180096258,0,1.2749106758308932,0.433724995708577,1,0.01952752191846341,0.12385917991383853,0,0.09547174758199821,0.05933344555185219,0,1.1602835063833687,0.680959372913486,1,-0.06694399413812076,0.06713035798101677,0,0.041324467686331426,0.05277804620521253,0,1.111809113714463,0.7108485124402747,1,0.16677169853697169,0.30438922806158175,0,-0.015003614011402355,0.21823724982446494,0,0.6625673727930292,0.5401233835349631,1,0.3578459223411515,0.22021225805055486,0,0.3044383982277775,0.3250424056651516,0,0.7858542652754983,0.6475608710192702,1,-0.027498814839769264,0.08274295777986362,0,0.1676912530239859,0.3029173226952777,0,1.167805586102167,0.5458485870200287,1,-0.14832048055910516,0.27070925160782255,0,0.01316987482314753,0.23885359431486464,0,0.16183509774267024,0.30761424815102656,1,-0.16830590622399308,0.399234954800134,0,0.02858613086498596,0.04964618115058587,0,0.7955367562985398,0.3872801358089312,1,0.15358702088934598,0.2916480725288027,0,0.2302189680619918,0.2985094475034033,0,0.36570218960246226,0.16984957769740994,1,0.1836771557592604,0.25078548858933714,0,0.1318254557424661,0.23570993883145153,0,0.41759548704744154,0.31811007869768454,1,-0.0515164994269746,0.1441047659027346,0,0.10266511995913774,0.1230370141255403,0,0.04936872154505663,0.11292252132037521,1,0.060349792351344064,0.18483671712185618,0,1.401352843401872,0.36600332352880294,0,0.22207662364239633,0.40606829731740374,1,0.06656525311078412,0.06393382380694555,0,0.005122095388977656,0.05977683063434659,0,0.370708886381266,0.38295979296063176,1,0.04917725109624352,0.24671482891170968,0,0.2588585341096038,0.17542426332211397,0,2.8419916461696895,1.425919565961283,1,0.4846760707627097,0.1950908903756122,0,0.10623107004607232,0.22637551791015115,0,0.15083916171656894,0.1424291928699975,1,0.020130351889662716,0.04060995306655918,0,-0.036774797637120854,0.04893487210269839,0,0.4622458298734822,0.19280508793731413,1,0.04394188558924585,0.07779304051517812,0,0.14269729506026602,0.10756430996469321,0,0.530989570471353,0.29365061401803366,1,0.011893882437086906,0.1389157686283914,0,0.1192746497771116,0.19821036166983064,0,1.7871241837341905,0.9382440503371077,1,0.012552121439664918,0.045708776027780035,0,-0.01775536381246282,0.048807199508614,0,0.5608783223729611,0.3638306946457535,1,0.18104315508887783,0.1703683929812283,0,0.017030243217200446,0.14837434299749136,0,0.1280968414882035,0.39651960922973645,1,0.26975091511738697,0.23792307703290663,0,0.1765809039210104,0.19192094204791854,0,1.0138635293593274,0.39796627937630075,1,-0.026031181351675276,0.24292856627149623,0,0.09955238821882781,0.11437724593943929,0,0.8709095071213584,0.4993528783033443,1,-0.0316547885482463,0.04376876276133913,0,0.15257837364222898,0.6512514822134188,0,2.032184347464197,0.9817707146460853,1,0.0925948587296563,0.10806029910713946,0,0.1824923223200784,0.37843030158581276,0,1.4890117727724457,1.0540922517412639,1,-0.01550983514185178,0.05457702129360058,0,0.03792888630634522,0.12899691206797728,0,1.2480508576148577,1.0702175041811206,1,0.25506856517998533,0.28889678084500825,0,0.09933577166936677,0.15594928414567466,0,2.1352645824157626,0.7817253706527062,1,-0.01139589057813734,0.013594874682369779,0,-0.06140577725539274,0.28927644293529886,0,0.2527331559687856,0.19561589466825338,1,-0.011444478691219742,0.028736564613957145,0,-0.027360765800984527,0.07757177200552628,0,-0.059264796517399757,0.14296202983895936,1,-0.002806908378947923,0.024648528987543588,0,0.12664197108678885,0.16996724845766012,0,0.1939628557913939,0.20395959881337947,1,-0.05200666655738103,0.18689501855504054,0,0.05434280723613656,0.14148331099202036,0,1.4240020251366228,0.6976223454461016,1,0.03517505916651851,0.07056576191941827,0,0.0683327597211418,0.09511045391698308,0,0.5249212148088453,0.47176641623427035,1,-0.027345787396570696,0.04822608653806062,0,-0.0182840697488309,0.05311202736237205,0,0.386020743844958,0.32270502283134006,1,0.441978874957937,0.30629304841702987,0,0.1501534021162723,0.13474550202565275,0,0.4637265913824516,0.22178480602538142,1,0.0069174970040892705,0.24233838856475026,0,0.10284537429920751,0.19488618715305644,0
130,250,0.6,hgb,0.5865317992391386,0.05445106484801025,0.003631893028588307,0.07990673758607501,0,1.312350936013073,0.5026582093713214,1,0.07084278649577337,0.11168293470363998,0,0.43882788405765777,0.1616065373773113,0,1.0402535428774868,0.5168499632146094,1,0.009260187473494396,0.029469293056287857,0,-0.008282735738357331,0.05348514305675557,0,1.3776119024735838,0.38544379455018074,1,0.20165116084140638,0.20262183840421846,0,0.003506347925293085,0.013421730469213564,0,0.808412613795011,0.26309669984267164,1,0.08597240090190444,0.19352161558597275,0,0.3683324009213612,0.2250155217737887,0,1.6720981216102249,0.7626190987255803,1,0.004907189812702171,0.016936702709608873,0,-0.031758814854430314,0.07670757634663533,0,1.0758299634618065,0.49840592881784396,1,0.006586381374293076,0.41269705415038377,0,0.08891023392702257,0.14763613536025566,0,0.35298703470517634,0.16811393945828906,1,-0.11110425129888021,0.4490299569639701,0,0.12988427917000261,0.14353453830067087,0,0.9384699568271083,0.647942204191821,1,0.26358058046016436,0.2273313140695483,0,0.2319171559062762,0.40534208661818294,0,0.453046675753696,0.19310284840221656,1,0.005245827039636183,0.05270779533215648,0,0.08307428431599936,0.04551451782962752,0,0.35144815976032096,0.18862725655042312,1,0.010478059798491954,0.020278523138239822,0,0.1645917408375301,0.16688812450235155,0,0.009822341207200339,0.02348147819534099,1,0.06412982901800722,0.16493257945055992,0,1.3330127305128352,0.5110777650198881,0,0.36401323054420587,0.16283124521005374,1,0.08229425975381957,0.054796912620707294,0,-0.0624973549128149,0.16009062102998683,0,0.2479014856372724,0.3753512814976116,1,0.2499066194316248,0.36169940807871803,0,0.28560459639053504,0.4827338467074036,0,2.515826675598869,1.3811856847664516,1,0.45237204928778085,0.4157939216172867,0,0.0302041338247499,0.030502068348603587,0,0.3894739933263292,0.16541604284026465,1,0.01885734135276513,0.050866759750508264,0,-0.004322866211339997,0.06064059375110768,0,0.3170649593811598,0.22305190161976854,1,0.05184324665264352,0.054519347061399395,0,-0.04320639959598443,0.1250202943810163,0,0.48887213284694175,0.2898939236204772,1,0.11620233189870124,0.11355632053064289,0,0.21400036029149788,0.25900381646802373,0,2.2271141771934815,0.6702475611685659,1,-0.042310887090854295,0.1071170619062228,0,0.07758577116121534,0.15922682803312815,0,0.5001055492343689,0.32084843599510177,1,0.1350571954934146,0.3755535304915889,0,0.015648479219311128,0.11004018888319363,0,0.05014970464010016,0.29465438220893486,1,0.2776351354461155,0.18915113298999686,0,0.2828378585139777,0.23138355424375728,0,1.0166404652532584,0.4873317159146222,1,0.279064410233293,0.34354256663081134,0,0.06635595003959928,0.08642606282944655,0,0.898508845810904,0.5504067200452436,1,0.014654621679566882,0.12243518448802951,0,0.21393422217760744,0.2767281265871521,0,2.2734571273910333,0.8513562752038466,1,0.038958798623117484,0.05428839402592699,0,0.07604211678052071,0.1663940779934254,0,1.614169035995904,0.8153872109867829,1,0.008733667308510747,0.07985347856510425,0,0.030348336740340532,0.10568363090045993,0,1.2821305428615823,1.3237228955690323,1,0.1424519516143646,0.24070447159466635,0,0.26442702452803774,0.15441230977346632,0,2.4368152628524,0.8764028757838106,1,0.08048552102150618,0.1356145754553235,0,0.03190698295248854,0.036645329623012785,0,0.44559206602649865,0.22634589480325773,1,0.020085290257517853,0.050498644837434235,0,-0.006771257277184915,0.02660102464337333,0,0.05285666362370393,0.054429817518069114,1,-0.0035871539145549717,0.0714022628258323,0,-0.06680288293877845,0.13000855412150217,0,0.4163339903945699,0.1048048609938579,1,0.09157192758177615,0.04951712598808866,0,0.2988810314401332,0.2774767616057047,0,1.1828310595871627,0.3173212372175058,1,0.11186785508288988,0.07269867911210359,0,0.1325182363035879,0.09861999691434438,0,0.6007052209199399,0.5957693690651795,1,0.03025521717739484,0.058649228065287703,0,-0.03262318159698133,0.06701612320986804,0,1.1039872773718806,0.5743600897430334,1,0.27853431601907574,0.26527266165827634,0,0.20978073562572863,0.20439694461437352,0,0.7175371242950742,0.29920594831282454,1,0.04505496495540922,0.09333736329030319,0,-0.03087169795043627,0.06613171180407383,0
130,250,0.6,ab,0.4219089070671561,0.050057816697393925,-0.11020243474838534,0.18827676998147563,0,0.012208235165570503,0.3951717989935235,1,-0.02580468901811157,0.05520731280343269,0,0.07616502925392603,0.15233005850785208,0,1.067549981130158,0.7160810378623949,1,0.020291210748223536,0.07934048721250384,0,0.008842586292609367,0.06222035960183247,0,0.7020042751491495,0.4039662369640275,1,0.0681659661640837,0.37770050561856383,0,0.16519139252565246,0.14617585444635045,0,1.2548088208199282,0.21208788983645402,1,0.2427795338443069,0.3664816771253252,0,0.528881005328932,0.3032548442200673,0,0.941034287417164,0.4469961357692749,1,0.09827689587662927,0.22423404602561653,0,0.22556499058274468,0.2722745533254676,0,0.6934747266254273,0.7204903161864743,1,0.021978954944926944,0.273671360572315,0,0.10906067539571447,0.11318992520180919,0,0.19532491755484221,0.4039659541511482,1,0.09298600285814204,0.27675169711251496,0,0.0604276982885382,0.1302148140236522,0,0.6042812346171063,0.47654655068779733,1,0.18731343521731098,0.29302277778350894,0,0.4340635406684199,1.0724096811175645,0,0.5782425714243006,0.5598163274344063,1,-0.040220390931390015,0.05219133523275703,0,0.2794773722419423,0.2967740879942728,0,0.00403704648168145,0.19961840358826122,1,0.038318583199634916,0.1378612224497406,0,0.09423531876471697,0.12617163534179687,0,-0.01945165184985343,0.028006666825770923,1,0.30797932959233,0.3584873315599879,0,1.5094954418856497,0.6724660493201885,0,0.14509093363993605,0.27374606072007407,1,0.06968571968854849,0.24644172816695462,0,0.07641682730251413,0.09311438088469501,0,0.12850179093024025,0.2995521363007877,1,0.32678393391032684,0.43362302728624097,0,1.0253006491540981,1.143500169813231,0,2.370864326184488,1.0050144031331547,1,0.26788150037809777,0.32833543289361256,0,0.17154803221312107,0.4618790062880888,0,0.2525612800435238,0.3789124092899426,1,-0.03225445522878285,0.03885349653863611,0,-0.02214795435418898,0.04429590870837796,0,-0.11809342198870545,0.45368590315469154,1,-0.10250151531899472,0.08165887797942582,0,-0.035146598790043726,0.2515272224683738,0,0.17094676141673115,0.1932274032694401,1,0.002396245092153737,0.07053154700240938,0,0.1846379645501331,0.2578867779534271,0,1.4059523457287297,0.9068140566580067,1,-0.08597075773831779,0.10942828926386228,0,0.0447491575773182,0.05207694948206995,0,0.32964405617159803,0.5069158447079136,1,0.021672714638367275,0.1818480932670381,0,0.06424851467395225,0.18994911804260378,0,0.14147313517349072,0.09569205797015126,1,0.19971169562144286,0.30403132067273264,0,0.22427818106671316,0.2152873847192746,0,0.597951902092649,0.4559043485411408,1,0.04997859857462094,0.3013970501164313,0,0.17019745768609482,0.23722429616277238,0,0.9447744199628394,0.49279184814198634,1,-0.06426097168800879,0.1157250563657851,0,0.3922039247400283,0.31355121891038357,0,2.9452475019131876,1.1373447611078484,1,-0.08023378352471187,0.27311495724510154,0,0.29356938424130075,0.5923163280029734,0,1.681842558122182,0.36023209983452886,1,-0.05000908513377113,0.1943848213346626,0,0.10857321345133104,0.2303278103061461,0,0.7789625193437241,1.149178788796019,1,0.4911338640195056,0.4051287346178906,0,0.04772378929068829,0.16562524093861156,0,1.8284692053599407,0.8826963998636824,1,0.5618058520814738,0.484459172443722,0,-0.012243444514618689,0.10671030252355251,0,0.1195462528675137,0.4037873300355922,1,-0.010905386833461265,0.042991642633237445,0,0.024710885237862794,0.06903669510780618,0,-0.07206966378144308,0.23592838772334981,1,0.0,0.0,0,-0.0989785666446962,0.10476156178582041,0,0.1325643421863752,0.43879556732089786,1,0.01208148048599365,0.10650407864565326,0,0.07389953367454598,0.2522902913703081,0,1.6267965212651667,0.7518351890475679,1,0.07589185548771774,0.3044413891744705,0,0.1342278427814168,0.2749793489099317,0,0.43675444136994435,0.4793296467950288,1,0.08569379474665965,0.10867938722780915,0,-0.040303858926089856,0.4280054913029418,0,0.5464447106234125,0.5141842038142729,1,0.19756106282764696,0.48687679221347935,0,0.2325725220805297,0.2874494232614941,0,0.30628404058773084,0.47106369753561855,1,0.11006524442013026,0.215607066154236,0,0.2534768375677916,0.17483443943537905,0
130,250,0.6,bag,0.3182912851794171,0.10837974170747501,0.3701272978547113,0.30905982181534203,0,0.17188124331633145,0.307584042604384,1,0.16512315147451279,0.43565455894899513,0,0.4089422003734657,0.45429099042953586,0,0.8320958265137394,0.4076410186214203,1,-0.1205501428778764,0.6059561639266566,0,-0.21265456582980077,0.41723967776299864,0,0.2531271754931078,0.7589839522155344,1,0.05732357464321351,0.332894702032269,0,0.006228461067149593,0.30290475437275205,0,0.5201301877600656,0.34316334134083243,1,0.0745873780546247,0.343521888375538,0,0.20571133814686907,0.6014246105045706,0,0.6445833356403512,0.3428373564343624,1,-0.038873984651640624,0.2412415732545693,0,0.2954255330701162,0.3833678205261711,0,0.29137605101702857,0.5561697224790493,1,0.1346052353404925,0.6183900827392068,0,-0.06714272505622726,0.1741734486077815,0,0.6163063448533754,1.0726302846828262,1,0.2319908906722162,0.9743241625125815,0,0.14081143717766983,0.44843455008812866,0,0.08502410760064612,0.19797322466389644,1,0.7010142789152227,0.7285030891190056,0,-0.044019804051481363,0.4820014098645724,0,-0.20068657489381395,0.3366133616075273,1,0.13380546774453778,0.26767615029514424,0,-0.08429590148796881,0.4482006298331619,0,0.3095689158957911,0.4828063337320506,1,0.09063350762270253,0.40241861876970175,0,0.09484954615566801,0.3634781031045053,0,0.3022900636593689,0.6597377674397739,1,-0.10603463245263725,0.3917629052450438,0,0.8529551725003618,1.4300763680209765,0,0.49010532582141125,0.5084376412938199,1,0.2793262885693048,0.6262856439853707,0,0.010689271293906755,0.1250299399549179,0,0.25754954176112044,0.18994947483161007,1,-0.008749160934926347,0.41092559568424086,0,0.17383771711331242,0.41538854715024115,0,2.333106427759066,1.5746193801873958,1,0.9352597665849048,1.2043471906345902,0,0.15946744670864907,0.17715973538204965,0,0.1451143835015611,0.538634106566851,1,-0.0838824256888322,0.11621442886538193,0,0.043643534807207084,0.10835246600126398,0,-0.08241095127008288,0.23346540557642767,1,0.059214032446301655,0.24454249497713096,0,0.2905817598282567,0.5527157659826154,0,0.3648229691213406,0.34004425340581074,1,0.11981172404964646,0.1792289952436278,0,0.12700308424869292,0.2226293323883232,0,1.2640675583224366,1.0372335158601576,1,-0.04008869931258922,0.3257635472965321,0,-0.009252816744380088,0.18742521675173313,0,0.03742148964505776,0.2825414637889236,1,0.16911702727398212,0.32425252470167437,0,-0.04649969886957183,0.3062418601879778,0,0.2608988887576004,0.5803182701076411,1,0.00028472000089145854,0.3586537889012499,0,-0.0747559490733054,0.9532520721767979,0,1.0850980520101507,0.44936890670479834,1,0.07930983591765214,0.3275388609618883,0,0.12437825674643559,0.2866242022396394,0,0.7499003223092287,0.819308594981391,1,0.07699018090259649,0.1612879028415844,0,0.4346922103989187,0.2950128882049746,0,3.1910617489250876,1.9279706159361536,1,0.3727426512214173,0.18954685799275625,0,-0.06077454312947511,0.4277423612939903,0,1.3151182397419467,1.056941759708096,1,0.041768249130356476,0.1178464484472718,0,-0.47825169601548767,0.8782167606467886,0,0.495278929078073,1.2939967130676664,1,0.23159449473033908,0.25725672557924123,0,0.19754841793951167,0.21239816067191192,0,1.8501078783256015,0.9948087977450467,1,0.21951728767984485,0.40661809754789896,0,0.025768215360392033,0.11974412250428597,0,0.10639234061150211,0.2293078839378369,1,0.16292093846974665,0.1017054137935013,0,-0.024459067584310056,0.10543100669192068,0,0.05304360926182875,0.30287683925684505,1,-0.13149937592889627,0.3032612691691266,0,-0.09290902115472857,0.11917817713129274,0,-0.2526168989412435,0.3528375392262598,1,-0.006266527987449732,0.36221510501396653,0,0.17719572537229278,0.3088553726924477,0,0.18067718007898642,0.25379788062961256,1,0.14307547757770953,0.1498777153185915,0,0.05458445903501432,0.4036048325760187,0,0.5149275317294334,0.6005261369430056,1,0.09345367600261942,0.23863473113744535,0,0.18402059544076507,0.22527092106144955,0,0.190736757236653,0.5288336565389952,1,0.4792684298845403,0.09562510766469373,0,-0.21754818031033446,0.20534778855626987,0,0.14741044585481933,0.20337783614690585,1,-0.003696807580725059,0.19505738150858404,0,0.08321210953031562,0.3934281149570435,0
130,250,0.6,mlp,0.8922433921125311,0.021207000153433173,0.06943800454400056,0.06522945456344131,0,1.4439824609106715,0.5188922038958009,1,-0.13505201656757243,0.1017513902355934,0,0.14152114044049946,0.17885627269228355,0,1.1447723331315636,0.2271246454142065,1,0.016374329048815455,0.07554575906060096,0,0.23157377268501084,0.21629978717199294,0,1.2221259178064412,0.39234152841907505,1,0.21961841160479803,0.13612629471720625,0,0.07944380749902627,0.06534968389958172,0,0.856693779272937,0.25520674991374703,1,0.03321977173932371,0.12027135828404831,0,0.0073176949578646015,0.12646735555961114,0,0.8970388027783478,0.4162349037271948,1,0.009902750865360046,0.1860864866696722,0,0.05521949094878226,0.17214061285985433,0,0.8550751355324104,0.6302427355752482,1,0.1901842564993219,0.31893504956945157,0,0.02500154429004563,0.1265223451696667,0,1.0216038304388264,0.44781680260963624,1,-0.03197995827489674,0.06533384415179766,0,-0.0739820901264069,0.15773435711232556,0,1.037362626547819,0.19194432383136326,1,0.045158311786831176,0.13061657299400953,0,0.09561548743197387,0.05550691015871663,0,1.0261218047059903,0.3006004491791014,1,-0.021274850079399246,0.08888255873779212,0,0.0881815628127863,0.11307393505963612,0,0.7263144574199067,0.38253321756153463,1,0.07218829016308015,0.15229361661406923,0,0.046996205968079775,0.23098304778296017,0,0.17564608545317423,0.08879905885411755,1,-0.027534665001740944,0.10855281497064892,0,0.14812770551899948,0.2411247803739297,0,0.868778348957133,0.33333611654026857,1,-0.0054378466890856484,0.047732554929142544,0,0.025901556267102353,0.18463818437069618,0,0.780272065260531,0.36570408766661516,1,0.2126024793753281,0.11548606148371979,0,0.003772765878581885,0.19090954485597036,0,0.7564911899171065,0.3485327351428303,1,0.3914697409939305,0.18879996976251887,0,0.00546573705125508,0.051015407865536426,0,1.3388433604668912,0.5237267321946726,1,0.007253346097640526,0.05357857320327049,0,0.18491033302127344,0.03445759603326788,0,1.3065326938679358,0.306894869700288,1,0.12489835750648517,0.08553450665269943,0,0.017423810944712587,0.0890068802181547,0,0.8759873024701076,0.30445206152619275,1,0.06581573124502998,0.15876134249754836,0,0.0971672545130883,0.10264694662594977,0,1.0499002762069005,0.1587827511004526,1,0.0769924395605052,0.16659107131035847,0,-0.05713575292463209,0.07620395861632484,0,0.9905114099346356,0.3011958452740405,1,0.22781468548137268,0.14901246554637015,0,-0.05998416018665227,0.06451881804242025,0,0.2773706398725863,0.10632133766532788,1,0.13412697591858153,0.1801130784460889,0,0.09145857151593655,0.07087519136190346,0,1.0971733770003345,0.3261628309651165,1,0.11816353857317889,0.13069584479262997,0,-0.0016842077214152262,0.05398829017765694,0,0.4955330986667402,0.514424608746865,1,0.05768445268904484,0.22141184153715976,0,0.386311579544352,0.32514074284841904,0,1.175333900651856,0.7355900250333742,1,-0.008217783686687123,0.14692948432375444,0,0.03983977228992095,0.2537552723441144,0,0.33649981534963397,0.33591436701074345,1,0.13319744685461904,0.2744396129963288,0,-0.0028107571507729606,0.12622254086696408,0,1.2301832040522498,0.5928148018433315,1,0.4097881914499405,0.32173763601161953,0,0.21070768421766392,0.06093429238542124,0,0.7604671973148497,0.3836502654168608,1,0.16433217718390467,0.11195966658938991,0,0.1653679355111896,0.11923698478412102,0,0.9541832970166796,0.30003958648601003,1,-0.09795646673273203,0.09962258062866902,0,0.007352231985952964,0.17251199611165946,0,0.20135349198498426,0.34824910402260234,1,-0.03158413051651113,0.11001536077502554,0,0.06876299560666302,0.03559102633891257,0,1.3757501066220992,0.4945064547229,1,0.13354658122958937,0.15927421304784556,0,0.18573568494518827,0.14650528975234514,0,0.6820403192517628,0.27770715485911185,1,0.03265748364744476,0.07353091867858139,0,0.13130382427130455,0.15936829865332883,0,0.9413544667534903,0.45062045479126184,1,0.1485644247271743,0.07846467500969281,0,-0.04141251941584035,0.03806176567514809,0,0.7283828850724463,0.26975135208378836,1,0.3739972862423471,0.17225158949766944,0,0.08766747279512795,0.09387535253946308,0,1.0700470195233165,0.4094288124101023,1,-0.0031064040595780635,0.14953744504000635,0,0.013637529991485667,0.08768991785341937,0
130,250,0.6,svr,0.3178064375851828,0.04346435022115475,0.00731997735400418,0.06162362022770842,0,0.17119151302122423,0.07626799312492254,1,0.012508350313319821,0.07329547428230754,0,0.07632468979810411,0.07399227978411047,0,0.4125533313001021,0.06251466312361308,1,0.0655908546393312,0.06366318219356853,0,0.14427976409507903,0.11002509496935854,0,0.4889442262110598,0.13682639710422628,1,0.18067892503834482,0.044312692746102236,0,0.2930985999692778,0.14577434993543772,0,0.35893025052147587,0.10492627727197132,1,0.23167919742522397,0.04306307284220927,0,0.21149682775370698,0.08073020829934058,0,0.39270182708900825,0.1398639589820016,1,0.14340019334906745,0.12078488807951146,0,0.18890584901706475,0.17100855985115831,0,0.323497427816438,0.13390037570368318,1,0.22267445001182376,0.20388716641122692,0,0.14378648424139126,0.12112755006525423,0,0.26677876732697153,0.08649283472711629,1,0.16205803976761807,0.07415559381784802,0,0.13674724114366651,0.044757741102732285,0,0.3123715626794338,0.12190476794856978,1,0.20656167047153154,0.1185584132291495,0,0.1747786163316081,0.1281698547715626,0,0.18631344063653005,0.08166450493560394,1,0.1673850019227269,0.0374677703971064,0,0.2650310299018902,0.09793983576150873,0,0.1663930521819325,0.08345265029567324,1,0.1260716237364799,0.13115437951020917,0,0.13999260695650953,0.09518948595858756,0,0.08837528521423925,0.06899556900340982,1,0.10601248332226718,0.06424062615771854,0,0.4837525285931809,0.18884889503635993,0,0.24800235468686468,0.045731726282634055,1,0.10287689548555809,0.055043926452253145,0,0.0394100205533674,0.05245017524438474,0,0.22113070322987244,0.07158202306761124,1,0.15778678167675583,0.019788824485809476,0,0.1769536079130038,0.05521277350958098,0,0.44280289044644083,0.09395200440322928,1,0.3978707139274217,0.055247212873268746,0,0.12678262296759407,0.08938014179508175,0,0.11369707306518236,0.01920074201392202,1,0.06558828065576525,0.06525619885838761,0,0.030442036037896313,0.0755623794245511,0,0.21581069855018856,0.1264797820392757,1,-0.017550760195697464,0.10130941073291667,0,0.11451688044245516,0.060046146762452415,0,0.3340573339678726,0.0976862683629681,1,0.08622633372929482,0.07570546380778359,0,0.2206678232127688,0.12291497146485378,0,0.2580240176405966,0.04906602471356034,1,0.08442354541567997,0.04908624998004155,0,0.16675050676230202,0.08712277933894995,0,0.3641635825391276,0.0770150881375744,1,0.16980645540118666,0.06091029636625396,0,0.13412868725200572,0.05521360601333144,0,0.24705939102662233,0.057626279269745874,1,0.17843401426243594,0.10407272398567995,0,0.14641486812606275,0.038842065851130717,0,0.46138484294529614,0.1379575939808343,1,0.12180951984142015,0.05143769996571353,0,0.03811873626820643,0.08557144918426582,0,0.23891338114606944,0.09851917193087202,1,0.09422297602239867,0.09288939722279704,0,0.21595624039210523,0.14406584265820974,0,0.6216387005903664,0.2277030554048792,1,0.23570778376287457,0.08434121288928391,0,0.18295687584559303,0.13045711207735738,0,0.500371186599792,0.19852281558859333,1,0.21453281347286546,0.07289665550658832,0,0.02585338227264745,0.06394594823776462,0,0.5020195647823558,0.260618015486628,1,0.2639402861721233,0.15218583670177346,0,0.18757943811217864,0.10750540068801036,0,0.3568656363908545,0.11556809562927865,1,0.1547888228092007,0.049871923924891315,0,0.20824740242946832,0.08060392901405616,0,0.07108552047184398,0.030474676437154884,1,0.11371651471924071,0.0711824410617823,0,0.0038641026501345945,0.04024114103005685,0,0.015198183019425871,0.02206063632392734,1,-0.018940571293270918,0.016275069746088697,0,0.000940838207214327,0.02328270357987604,0,0.2438786053395133,0.11511244911367391,1,0.10233019335379749,0.04535316584456546,0,0.24679833509183902,0.13835282754054165,0,0.21989437043199933,0.13407968957342517,1,0.12797080843636818,0.09267178145342757,0,0.13551118168794346,0.04321922325924697,0,0.23734224878207696,0.12272956769508162,1,0.11896374438857463,0.10477856053674496,0,0.08056751857677034,0.0821815699145346,0,0.2409404072268518,0.009968943432499587,1,0.3389186385076983,0.1171302525008034,0,0.09362746233768701,0.06745596099517484,0,0.29385006745172104,0.13728938738812188,1,0.006685216554171561,0.145705139738039,0,0.09422818993950756,0.053340396858375286,0
130,250,0.6,knn,0.5063226685967089,0.10199439446414071,0.741899715471766,1.4043413125387536,0,-0.037442598348687905,1.271961353780106,1,-0.14971051497745574,1.4140883462010752,0,-0.8026820006425368,1.0509116321848124,0,0.511867561659503,0.7150941747774328,1,0.0912742232617048,1.1587126277202715,0,-0.06949282841615542,0.9511095865903278,0,0.8429407488393738,0.8780692712448527,1,0.7922683178328767,0.492979925528495,0,-0.10067850203408905,1.2120986675874792,0,0.012448162560790576,0.8240008175136418,1,0.49488451210518764,0.7038560128740453,0,0.8617677479552853,0.916005012079099,0,0.5653064406978603,0.9055728735392523,1,0.07289655758789353,1.2754884299976033,0,0.3224906314878484,1.0376900905809672,0,-0.02392437696915888,1.7813590627692653,1,-0.4434817355989139,1.025842183164093,0,-0.329041387065601,0.9958301610653608,0,-0.05894928792112895,0.38503718837215617,1,-0.35692723137354687,0.6931463289872815,0,-0.9794339767469953,0.597808334994432,0,-0.0064323775256905245,0.3735840545459257,1,0.5724704128921303,0.9633776734903738,0,-0.6650043305832857,0.8814632362538732,0,-0.7249259502549765,0.9931174802130571,1,-0.1353196504067129,1.5145832541715532,0,0.11192570381199873,1.33835306970325,0,0.10706435534968106,0.5736067729502737,1,-0.35705134466713545,0.7850342300151814,0,-0.07988623408114917,1.0432519038338495,0,-0.3477310649080064,0.6125734289174308,1,-0.8643523339468432,0.49108072744686654,0,-0.034702047850781216,0.967166538263871,0,0.37217224824855283,1.3408351542009112,1,-0.24980994918119612,1.0192653531039262,0,-0.9409932372603244,1.132495665182534,0,0.16952903183453527,0.7868332824525096,1,-0.0861342700823968,0.6260318796440545,0,0.1757991678476911,0.884756248513453,0,0.6720470873456916,1.3363096628298878,1,1.1050897650429898,1.3438481581729635,0,-0.30240452497672327,1.4820795147785293,0,-0.6632114320906589,1.6833585236310105,1,-0.08975302726019666,0.8760173089298107,0,-0.17619356316437998,1.3408248103745932,0,-0.07270395760242492,0.8063448990941536,1,-0.3270615314802231,1.2188510675494368,0,-0.08972073337009322,0.7256559027386613,0,0.916904122024403,0.6265113682084952,1,0.35865622949458853,1.0051479559248293,0,0.1395295297649556,1.4265842960174135,0,-0.23420260829155853,0.8015875867372975,1,0.03556885668982446,0.9605145793281842,0,-0.5973317806019034,0.7985941297222854,0,-0.15419589519455784,1.3293227154912897,1,-0.4021511153778293,1.1423645551241803,0,-0.7469346521158544,0.9052576488184413,0,-0.4535448176373727,0.9254222643354971,1,-0.16883428291343255,1.091330271120444,0,-0.18115072246592395,1.3218370642953872,0,0.8829015941016042,1.0927814955668325,1,-0.05854853642770581,0.699084413540779,0,-0.8226066532000263,0.91554448427325,0,-0.6833931238302389,1.0886514512345047,1,-0.8941895480942081,0.7056179999786771,0,-0.19780525624785789,1.0165831997654098,0,0.1510172562605552,0.9119342652107738,1,-0.327737409080624,0.8691712949524533,0,-1.1216862420179703,1.4919498523782517,0,0.1220874694316115,1.1726983094115644,1,-0.2129009059597012,1.1141371626325705,0,-0.5035970383865289,1.5020700042048294,0,1.3607548106507754,0.9320378126706912,1,0.46860512154414574,0.8765578351084904,0,-0.6655661172493086,0.6601489556927547,0,0.6206493672215626,0.9458536412912175,1,-0.4940663375891085,0.790496487798976,0,0.2858377517899108,0.8363756134612572,0,-0.12004507508168238,1.114422479606167,1,-0.0677226484990813,1.5058816516845077,0,0.11005587597428963,0.6555754350165578,0,-0.40142008803971885,0.9061868776728826,1,0.03305546619301416,0.9522161115339496,0,-0.43876730465698965,0.8570241735688285,0,-0.2057638990207861,1.5655154317782523,1,-0.760277820359231,1.3450373548509336,0,0.6252378838804555,1.1679681830568114,0,-0.006532740168096041,1.0288606211998137,1,-0.09962622626824058,0.684223224025247,0,-0.29052620157497183,0.9170042482311177,0,-0.23094531967409565,0.8716971837632133,1,0.30368025577950836,1.4363525368779484,0,-0.20255938772461538,0.7995487172963665,0,-0.19592922901604443,0.4947170851566654,1,0.24283271042027663,1.2815481036873515,0,-0.10583245162465553,0.7956337019428604,0,0.8029174204057888,1.394400926500835,1,-0.4919247346491115,0.9573904011964561,0,0.0863261472804504,1.3287799087763148,0
130,250,0.6,SuperLearner,0.9529923370344271,0.013577389586609959,0.04800095638182493,0.03229188412726161,0,2.264796922603524,0.5069411835854745,1,-0.006446530911550617,0.07985100356002466,0,-0.0028676910995848745,0.021893164602125172,0,1.981048643808967,0.3544385684868568,1,0.006695470422058513,0.02079371078756652,0,0.004836099932737268,0.05368394039007634,0,2.394467728570658,0.6520499293795428,1,0.02239998366755016,0.0418578309779855,0,0.000682488090075685,0.052876600770547164,0,2.1603345367561966,0.4644004445185852,1,0.002509944518390833,0.029903941610391664,0,0.023817637393028925,0.040014373410642984,0,1.668852736591584,0.5743173176916092,1,-0.04791724628553852,0.11063148719635058,0,-0.027767633883911534,0.07200783470758888,0,2.320795399130075,0.7952753355623724,1,-0.031274218254610436,0.03192630795111008,0,-0.043612913462097405,0.05407516334337005,0,1.6925766958520192,0.3340560257010916,1,0.01055472664014251,0.0284032654917745,0,-0.017094005793162382,0.03911053188266056,0,1.4164013899982808,0.175523126400525,1,0.0063025192544915775,0.03474492914264838,0,0.018736741737229508,0.05653966868105494,0,1.7421550586490095,0.671826570816893,1,-0.04882722722336738,0.07271896380700024,0,-0.013897845812467918,0.034422337066731014,0,1.1844426946781086,0.2261397357795931,1,0.027413854638690154,0.09447742700701879,0,0.016582089920719946,0.04943081003304157,0,0.5290744403961714,0.19158296741429226,1,-0.023588370360699117,0.13256235666938435,0,-0.004050689079292102,0.126765249056343,0,1.7756378384178908,0.5433325943812254,1,-0.0063446174938708785,0.04101280040627364,0,0.020162486212698054,0.025599393636459272,0,1.4639252475727123,0.28211076413332786,1,0.026809981775139363,0.02190697806937452,0,-0.047902903749437994,0.052179059471727955,0,1.7727736739459234,0.44142928571242596,1,0.028188046860055826,0.05799854143309071,0,0.02858851243375431,0.06219200639764599,0,1.8227689951826083,0.5798046141716404,1,0.018565479103402813,0.07931234772900816,0,0.12105289680948694,0.04233280988968534,0,2.185893745416797,0.5728729319190518,1,-0.015353445456777004,0.022856945692107136,0,8.86113528068229e-05,0.019573024493440453,0,1.159843576869533,0.30564455390116724,1,0.021615268252139573,0.04682372592454745,0,0.015462969867530471,0.010029577823085247,0,1.0401669461609546,0.3075359777759002,1,0.026600263850190792,0.036881013160941216,0,-0.010083337539833249,0.03355546328039533,0,1.3090373932955224,0.48204460740632615,1,-0.0006935846104940306,0.055210180379504384,0,0.007954961210695341,0.01935447776343414,0,1.167877445923546,0.3099783912253333,1,0.03617016046850517,0.0787343639920212,0,0.13800689215595346,0.03942531277996893,0,2.0988570776285065,0.3707383111453892,1,0.01308992528415715,0.022463074152272267,0,0.055839876373404894,0.06951751143676942,0,1.5511262056277295,0.7351499087623001,1,-0.031085661766328487,0.08193399049312493,0,0.07977597519118983,0.13479030223631008,0,2.1009610517341573,0.9270032491214458,1,-0.012650130616377792,0.06457845821493924,0,-0.0017411083288234124,0.10337492272564748,0,1.4137100002306635,0.4054234132292285,1,-0.0007628709583402616,0.12664302367487026,0,-0.004467570246999177,0.024585975681956224,0,2.29692693560065,0.17393541961533718,1,0.02027001890430016,0.02345915410106453,0,0.10333715215698965,0.05034015751122484,0,1.8114066457037552,0.3096006309100346,1,-0.0036304702846790644,0.019816982211199395,0,0.039947329314084054,0.05319470787844752,0,1.1747569147539885,0.37056020830127673,1,-0.0015621520738795618,0.06843296808544254,0,0.0274250151996565,0.06366735193289744,0,0.8463861572293118,0.46443196678749216,1,-0.05577824605869073,0.08395203468996457,0,-0.005336518125797637,0.030367199348515374,0,1.9849880435930678,0.6975035811290119,1,0.009625001035271539,0.03510484531749567,0,0.00356278507431538,0.03601124053926883,0,1.527592906843628,0.3032628425102634,1,-0.012414325937374404,0.05531092714043375,0,-0.014416403805684633,0.024593832210771768,0,1.704648706505186,0.5867888417956597,1,-0.02017222991362492,0.02955844689662242,0,-0.03445205888117907,0.04189465047868336,0,1.5410667687713726,0.5301982300761141,1,-0.012868391246027164,0.020200823803469766,0,-0.028392994587772613,0.016071000363822623,0,1.743115054806961,0.4982053505103153,1,0.021638890286724975,0.025694735607568017,0,0.011460650326030093,0.013710330928529833,0
130,500,0.6,lr,0.9751700684795799,0.0027961172632743145,-0.015749332974646726,0.019819932269730372,0,1.8596078340805609,0.3665458749783938,1,-0.002982971271073509,0.0051820575778685285,0,-0.006247455687729285,0.012547518161442109,0,1.7453483235720486,0.2605619440398797,1,-0.012333106762535078,0.014896920483394829,0,0.0034688517947403185,0.008900251292954494,0,1.6333931185353463,0.28657924663285844,1,0.02667973840410643,0.02940887239217926,0,-0.0018572672207941934,0.012505717675553099,0,1.4357752824321335,0.3339585861579988,1,0.002895448707723158,0.012809971464571362,0,0.014977531783633462,0.02394046293310029,0,1.859192779317978,0.5505063695737441,1,-0.0035512637292167823,0.008170987702645193,0,0.0013036829068727674,0.006958915087289424,0,2.426259535104283,0.30935689324823923,1,0.019326530792514326,0.009826304812217511,0,0.1598533460177122,0.07169736936946389,0,1.3398116412469894,0.13006439927971886,1,0.021648051390864877,0.017703724275217846,0,0.0067615810707560954,0.004778436760708521,0,1.8604411201872484,0.15670795264314274,1,-0.00699435922269546,0.01961909533066549,0,0.005407211127400512,0.008437608367496562,0,2.098197055196999,0.5225591461102074,1,-0.00448436104039846,0.007793133999894089,0,0.003369092065745395,0.02081970227477375,0,1.7366082485627028,0.3290675181037299,1,-0.008931019501259739,0.012967546213134158,0,0.00024687496381069104,0.012635288362835041,0,1.5759844261043663,0.20308831775865913,1,0.0015737785560315932,0.010599714729004233,0,0.04630253201793237,0.026079269194730956,0,1.7032967122645868,0.3588846319842593,1,-0.004057889456878945,0.00569902886640937,0,0.005709808625500004,0.006276033073874223,0,1.6406421431492646,0.5723169468963323,1,0.009191013837548879,0.03647506233574606,0,0.06454812608389368,0.06485552022415908,0,2.1195599290355025,0.3719569635282096,1,0.006401712762431502,0.013494977799323666,0,0.009829847538196814,0.01658200476730797,0,2.0279651824479017,0.3553818127542659,1,-0.0007911785909123567,0.0030216437482213344,0,7.773082937879747e-05,0.003089288024076708,0,1.9043520116154042,0.1445038537365594,1,-0.0049884760627026,0.016373497546023814,0,0.00039285554562226656,0.013148715021442296,0,2.2259744871556455,0.1429938424149153,1,0.0102289798651566,0.024568973976877052,0,-0.008369624010095344,0.00945032739622497,0,1.9041425448896419,0.2573817269483493,1,0.023051720269354807,0.018967919484739422,0,0.013086762691491902,0.010824813598774718,0,1.8562724045200736,0.5088960444875036,1,0.0029668730513879677,0.007508515623461872,0,-0.010884379484044212,0.012606752823410354,0,2.0688902384843417,0.36626760367136324,1,-0.019722088678342388,0.02490622166351541,0,-0.0018498549585062077,0.011867193459114666,0,1.827782733908934,0.10246552701152106,1,-0.006170244395865879,0.005596527374760976,0,-0.0008517091078535726,0.009310113529480803,0,1.9406104881204491,0.3381039876285348,1,-0.0035245575965317222,0.00829769522243291,0,-0.009190470554106153,0.013676803617583477,0,3.0488295858256014,0.4827138364932461,1,0.0394447096395773,0.037706072587251324,0,0.09578086220500821,0.0667925000019159,0,1.7048091172958173,0.3740367636268699,1,-0.0017499812533255464,0.01241537122673693,0,0.005177415199720391,0.00708668329083221,0,2.2255611124216506,0.2343972912995551,1,0.017981788247491533,0.018590816542050487,0,-0.007347547723581658,0.006225238451690214,0,3.027081565969722,0.4506117823686782,1,-0.0012907687225939292,0.006650245517986655,0,-0.002263638662775988,0.003240182843247535,0,1.5405099204055173,0.12904311437773444,1,0.007227078153614476,0.004278324498567527,0,0.0009997716130911278,0.010603862744141735,0,1.695264514513773,0.22911366793904808,1,0.006700759319744011,0.008338553509101853,0,0.0005604429163934565,0.013103761296434832,0,2.0938085860879716,0.18140944146833318,1,-0.010163557659363795,0.019368644980993627,0,0.0027539787581012842,0.008538248259765234,0,1.479045893781464,0.30378008549649177,1,0.006227037950698037,0.0066936230291310675,0,0.00036033966982601924,0.0028888911027471374,0,1.9931859843804678,0.3410913621574954,1,0.009571010572441023,0.005681211361231039,0,0.00271688574163573,0.0029275298188096823,0,1.704806859185198,0.1959429723162397,1,0.005119033239728636,0.01611206735053722,0,0.0026110972701797984,0.0065520034818587385,0,2.0044384618408584,0.20503938720521772,1,-0.000771093311419512,0.0066385927685792025,0,-0.010240186025306427,0.00990168929921808,0
130,500,0.6,lasso,0.5492762936373934,0.020948213902013596,0.0,0.0,0,0.0674194655315647,0.057364367502570984,1,0.0,0.0,0,0.0,0.0,0,2.7034464405817813,0.4744076880616628,1,0.0,0.0,0,0.0,0.0,0,0.3238276812585513,0.21008835209006493,1,0.0,0.0,0,0.40865986075917304,0.22400117872336653,0,0.29211537274192095,0.16453417225443923,1,0.4127433128662664,0.20853524438630971,0,0.006755930999211174,0.013511861998422348,0,1.2568016649445195,0.25092643284041216,1,0.0,0.0,0,0.0,0.0,0,2.622017144231543,0.4933132492940907,1,0.0,0.0,0,0.0,0.0,0,0.37188969349528744,0.20604027150027807,1,0.0,0.0,0,0.0,0.0,0,0.9228144177893365,0.19062522623305506,1,0.0,0.0,0,0.0,0.0,0,0.007237969337448519,0.014475938674897038,1,0.0,0.0,0,0.0,0.0,0,0.7131993704380475,0.2658443167500453,1,0.0,0.0,0,0.0,0.0,0,0.0006580070979511703,0.0013160141959023407,1,0.0,0.0,0,0.28727867704126797,0.17613077750613124,0,2.8362587754756783,0.5807004963431409,1,0.0,0.0,0,0.0,0.0,0,0.15321205531041293,0.13576823957250259,1,0.0,0.0,0,0.0,0.0,0,1.0605519784543218,0.11865953817788853,1,0.0,0.0,0,0.0,0.0,0,0.43984894880092573,0.20092765430894233,1,0.002870454579875613,0.005740909159751227,0,0.0,0.0,0,2.341998279614572,0.2640817999432674,1,0.0,0.0,0,0.0,0.0,0,1.3268795448416566,0.2538018456151432,1,0.0,0.0,0,0.0,0.0,0,1.6507681821886275,0.22475721857044315,1,0.0,0.0,0,0.0,0.0,0,0.16281512087298375,0.1334462652558365,1,0.0,0.0,0,0.0,0.0,0,0.3250918699049207,0.19304784149478163,1,0.0,0.0,0,0.0,0.0,0,1.019139170561918,0.2190650335436463,1,3.284928375293816e-05,6.569856750587632e-05,0,0.0,0.0,0,0.36312134194688594,0.22573571746452917,1,0.0,0.0,0,-0.019484981941876443,0.03896996388375289,0,4.464983320975489,0.9229338465388383,1,0.0,0.0,0,0.0,0.0,0,0.8809132568623055,0.17938391543942214,1,0.0,0.0,0,0.0,0.0,0,0.34973338274449006,0.18007708025070096,1,0.0,0.0,0,0.0,0.0,0,2.4209895824416523,0.5077376559394817,1,0.0,0.0,0,0.07929456987510797,0.10189755091242608,0,0.03443774692814959,0.02846910108506501,1,0.0,0.0,0,0.0,0.0,0,0.0,0.0,1,0.0,0.0,0,0.0,0.0,0,0.3531779022306918,0.18730365770907872,1,0.0,0.0,0,0.4860122048612124,0.2770845898382465,0,0.8410715261285739,0.351559380141649,1,0.0,0.0,0,0.0,0.0,0,0.09443467347366577,0.08431240841638296,1,0.0,0.0,0,0.0,0.0,0,0.4511631402382797,0.18602085473985858,1,0.4297655356563543,0.2642787289452167,0,0.0,0.0,0,1.175292943467199,0.24078903384812358,1,0.0,0.0,0,0.0,0.0,0
130,500,0.6,dt,-0.355087994479718,0.14399436995286014,0.06408481034331526,0.4765482550653389,0,-0.47305033339793434,1.1888367753145141,1,-0.37916269661271834,0.3631546047869477,0,-0.10645987588776888,0.22888960079898657,0,5.566409617895585,2.9319512793037807,1,-0.01676917751638297,0.10081041201992454,0,-0.0036535505992917995,0.2182084822919651,0,-0.346776977796397,0.8909499455388772,1,-0.14803268354734692,0.6823386666337173,0,0.09734705929612704,0.6684709463794849,0,0.6315133075702061,3.329617033777493,1,0.30211052813159334,2.0509172840717764,0,-0.640419042530973,0.5393220050660804,0,0.40381032998154287,1.1123569002806306,1,-0.3872361355948958,0.49086848650302395,0,0.7822928188723269,2.283374909017713,0,0.33110172385082154,1.1185794108067657,1,-0.2030886601288111,0.797108229678491,0,1.1447674589900643,2.259489012569784,0,-0.1682500319939479,1.9305770648034648,1,-0.876664471428479,2.6133926822768636,0,-0.3088064144013413,0.5650731231958441,0,1.580285886353499,2.6997535810604165,1,-0.06606023261936657,0.23201091891116707,0,-0.023040917486615797,0.29523066383709645,0,-0.6712875792728733,0.6325251097233499,1,-0.9623196008682037,1.6616971721014642,0,0.5775207107776846,0.6500123723824813,0,0.23268146084713343,0.2508550457398393,1,-0.06712477296793201,0.7400035550492131,0,-0.6504851470864944,0.9546132909378249,0,0.41207502412053276,0.7747284195633941,1,0.19212644245569582,0.38425288491139165,0,1.852774658037071,2.37109328448722,0,0.3177144111409815,0.44495128061359307,1,-0.154269207657511,0.6827924519953301,0,0.17751057437076492,0.23787117369410787,0,1.709170361073512,2.625566822080093,1,0.062204850546820865,0.13703536347650977,0,0.13309632526195117,0.22467570797941375,0,0.697235927543573,1.0580665469898731,1,0.14736014127553482,0.31101058234350165,0,-0.1603253905517507,0.25296493426762556,0,0.7144289015931438,0.5594042476355054,1,-0.17018658674611103,0.8174967005381795,0,0.057878512796255964,0.27179032751274707,0,0.8837284584686339,0.9256747039772611,1,-0.199811625392654,0.5846380398374125,0,0.925955632258687,2.1220704771393577,0,-0.012086573688929913,2.36316292174209,1,0.2590099217006857,0.394190680392103,0,-0.689836986584029,1.4158431332802748,0,0.1664255707079491,1.2419541541910224,1,-0.6835079412041222,1.44321906640025,0,0.17421637392557507,2.163994636892717,0,0.36386497772180804,1.7011146181193755,1,0.8802600832642469,1.9095877179632967,0,0.11896128646376466,0.16876215087215604,0,0.30431712682632966,1.3416663109740243,1,0.4353355460010335,0.870671092002067,0,0.03548475741904657,0.088714957765846,0,3.560054196642773,3.0922870440088612,1,0.5400138885403447,2.1348390065145466,0,0.23361627347061759,0.2630002101602821,0,0.011495721596814347,0.39530660881416485,1,-0.05324592784847067,1.7301653940719286,0,0.338847671219558,1.19476118264464,0,4.570697783282101,5.134625058283078,1,-0.08912062836245971,1.0385453993529488,0,0.17104120748411633,0.5699885579193841,0,0.0016833381848889051,0.2639192879146989,1,-0.25947714943869943,0.7487752580690399,0,0.03678853130812911,0.07325519110947913,0,-0.005581969057286351,0.3099480792918405,1,0.314633703227208,0.8710888227127161,0,-0.06003671478071897,0.6898085406201704,0,-0.21820044655130522,0.4326421389321934,1,-0.42276757702828716,0.3221914234927809,0,1.7140113537844897,1.811734778865559,0,-0.16654166114231436,2.9138195873235024,1,-0.39240026701372266,0.5954580839197168,0,0.8988199330778845,1.1335190744150128,0,0.15757284186451584,0.18008031540557276,1,-0.3252076307831532,0.644400094527273,0,-0.1478788136891023,0.2889143728728828,0,0.3751892967944198,0.986684526855247,1,-1.4365132019019455,3.156998610667454,0,-0.25596218688332867,1.2244869245203696,0,0.08089292341779378,0.24052921534929286,1,0.23490670620489965,1.3881322769583493,0,-0.010805479340508095,0.8473227229549065,0,1.7432526855760435,3.0059114677405754,1,0.07109242419707783,0.31574604062440764,0,-0.04176627923713386,0.16131264424524974,0,0.2450968040940767,0.295153801003451,1,0.9605787480198412,2.174696324628441,0,0.545237554441273,0.6596825218284643,0,0.4306310632145179,0.7162046154457486,1,0.7562570000395049,1.53389732164181,0,-0.060886493967678236,0.35116530201779417,0
130,500,0.6,rf,0.4394802037386866,0.04870820684317871,0.03299413216317844,0.054437123434504776,0,0.22460890448110735,0.08305194311889702,1,0.048355528014891694,0.05090995613897296,0,0.04096345401420819,0.07443852844710651,0,3.2984425056319795,0.6257652222322184,1,0.054555087445955275,0.15056345448834071,0,0.07271063428684825,0.08979360436328762,0,0.06669548940609504,0.19889999896682195,1,0.07237532057952709,0.07103498984614222,0,0.19688426822010058,0.09211657106446026,0,0.5699283600680475,0.2601501398977735,1,0.6638077580495002,0.2548052249798305,0,0.2285010811444356,0.10042273216558742,0,0.3023516594389248,0.20178039451920415,1,0.08415989978808115,0.06174589225001468,0,0.11373585985577914,0.10835002517159494,0,0.7547727199832155,0.38421222013588807,1,0.17094231076777094,0.056344667440920995,0,0.21468278858474163,0.0997384107444925,0,0.32398317451084147,0.21917709358433438,1,0.20923046541693574,0.12628401149459487,0,0.0818416279170892,0.1159004301973132,0,0.22678936680123113,0.10784474556574089,1,0.05431460608509051,0.11512697741600307,0,0.04349353563280325,0.07818263141509818,0,0.02780475036566312,0.03369063392391044,1,0.022757747189269067,0.06705660814961095,0,0.12285485183165779,0.06309919353787533,0,0.13132922069080083,0.08469327470630139,1,0.030729741467247496,0.09306404121411989,0,0.12918390027184853,0.06846678924698536,0,0.09679004083535886,0.09139433863356305,1,0.08325236007997835,0.05042802342895741,0,0.3228876045580181,0.15805818906177288,0,0.49837795696711956,0.28323081961202795,1,0.11947718645642078,0.1460137215717088,0,0.037473716463600676,0.12312239279406119,0,0.2717138208180919,0.10929945988818496,1,0.0542309288168231,0.08158121030563094,0,0.05557105053837079,0.022226216376908796,0,0.3926473912602675,0.12549060125225395,1,0.1361662645929936,0.08756287349967028,0,0.008170978742875592,0.03445847602727172,0,0.17588189681472513,0.12057587573565144,1,0.15266690888437245,0.05906706282090566,0,0.12052318549474957,0.06912534879101878,0,0.733592050686865,0.24334310780636867,1,0.1098325757821379,0.06998075300349361,0,0.16467773785542686,0.189320162296092,0,0.7034903058586898,0.14377788345804413,1,0.06671633816372771,0.05489452083231921,0,0.3699958994899545,0.14451389543028761,0,0.7904286546755509,0.27693007805124303,1,0.0472562732699249,0.08462028533255064,0,0.16317128203408643,0.1659901973831944,0,0.14403951380893032,0.1847914365997933,1,0.06067833174956596,0.028325315109203653,0,0.08339645086672737,0.07146823183364608,0,0.11916676391612539,0.04736769381687336,1,0.10712102409795107,0.09007254323308607,0,0.06452005169688602,0.044961627751610986,0,0.2669192821935992,0.15430936725918448,1,0.09072523585219514,0.09709530443007239,0,0.152115488448906,0.13400169179762292,0,0.17836876898119502,0.04786625820046108,1,-0.015181448683263307,0.23224119036671798,0,0.183364114586593,0.19090885575071045,0,2.955469479175399,0.611685837339193,1,0.24066563009041464,0.37538769851312737,0,0.0314278043339566,0.14281904623871405,0,0.5275471561912096,0.12002418917888721,1,0.11032717837840082,0.08189194483600466,0,0.00422577602368332,0.10072441478277819,0,0.32138901868374176,0.1498294184915371,1,0.004659638908675162,0.05622618067562182,0,0.06509269955339929,0.13645685655990084,0,0.5109629910671032,0.15643926059916638,1,0.31730557742304616,0.12522864750562504,0,0.09902496182483611,0.1282869122609801,0,0.4264591929793983,0.20472306170941734,1,0.01239083984436293,0.06719851057910305,0,0.061051137421393085,0.06648427344196187,0,0.07985546168418761,0.02888181717644997,1,0.04996427867009005,0.10311805309184119,0,0.08603062504186296,0.06666091522387041,0,0.22501165173942975,0.10446375646212844,1,0.07710963476600041,0.11553315550541228,0,0.3398276836877966,0.09191933737136988,0,0.28961449220005475,0.2434439101076209,1,0.07339868975378215,0.06954294108488038,0,0.1438938072196346,0.06787223946482322,0,0.11975462750527048,0.07325067878953408,1,0.043063169109920744,0.047690902319233335,0,0.02376121915669837,0.10035792770523988,0,0.3967773986686236,0.12701858190687584,1,0.6156475265489446,0.13945364989467013,0,0.16882215872179884,0.10832717467080616,0,0.49288413252037583,0.08115726211375893,1,0.09256267556725974,0.08255426721432443,0,0.020036604667445744,0.08934835143520686,0
130,500,0.6,et,0.44831403386808566,0.028404994721194034,0.03302061482602855,0.02664066731449812,0,0.19551416144695505,0.07692000457374396,1,0.11168851836352478,0.09771498907033871,0,0.08292164379087039,0.06653147120861706,0,2.3639197732284556,0.5023880360163882,1,0.14795138831229995,0.12890581590129468,0,0.07447780157272788,0.10410009223454711,0,0.12390567455170247,0.08168578437048259,1,0.11825347221207257,0.11571922448122066,0,0.3331197990304657,0.11815129273254633,0,0.5866509529725961,0.2273803052419083,1,0.39282585879024906,0.3775607985325535,0,0.1234936181275659,0.22232378724745455,0,0.423497484678371,0.146311130990918,1,0.11193834508857023,0.07750683744142428,0,0.0688398630123678,0.05984095684144485,0,1.0528522882605322,0.31886778097163193,1,0.11267394919254295,0.31781628575300613,0,0.2270073563981648,0.1158765745713476,0,0.3411538409105099,0.14376144501347435,1,0.20515624393012416,0.13494481452821844,0,0.1748345008690313,0.12234738160193727,0,0.20945791298713456,0.22329213435862383,1,0.09058663684725883,0.06311539113046712,0,0.01177181565964946,0.08761780167688404,0,0.07414999838013611,0.15939474960408287,1,0.034096969909799615,0.037576969023686506,0,0.1195565287899644,0.1301379415258545,0,0.15616961570202595,0.04157074048395874,1,0.058375123811389776,0.11657507859251592,0,0.1801979784813823,0.11086742045602001,0,0.025293220596473008,0.1559520939942302,1,0.15965837950331555,0.15631743841509177,0,0.4882521508369515,0.1324574269246864,0,0.614445160095632,0.30911850880242947,1,0.1132808276375101,0.1511546894407248,0,0.07502518052702903,0.12532576105125115,0,0.19335027094274215,0.12864853673107188,1,0.1723678980079493,0.039949833297424714,0,0.0640416217287579,0.07916667675615492,0,0.5633847563138075,0.26917817324076515,1,0.23211555060572658,0.1693549932371738,0,0.07521920843304121,0.142179646903692,0,0.19968750766845492,0.1564544602800365,1,0.1606573893775424,0.16752379662056147,0,0.13103731470985308,0.08420049061145621,0,0.6197773516354652,0.1810615272773021,1,0.1879876058322838,0.1323635871673925,0,0.22359937286106804,0.15390880564188575,0,0.731770560348535,0.1640680809552702,1,0.06664598909438887,0.06554170417996259,0,0.29389800835751156,0.07149150589801272,0,0.8463653878625358,0.40237019349543285,1,0.03152689168303345,0.04746403718770501,0,0.11336413998430447,0.07025618950340033,0,0.13538029765571505,0.12482862561736155,1,0.04198220155478273,0.131450036154076,0,0.09838797893905503,0.09461125260870362,0,0.1871925769803097,0.0867431905671306,1,0.022842584422515282,0.12406000240020493,0,0.039724308525301906,0.09406722544167245,0,0.3489962718773077,0.17714873199599382,1,0.11010687723358932,0.1416592973646395,0,0.07074595282625055,0.10167334800799864,0,0.16501875768005725,0.20528490818941092,1,0.09834135261700562,0.25108141744090084,0,0.2503117343344882,0.26347450226666874,0,2.038356063309976,0.3789808624697478,1,0.3013090362707095,0.27082171496621393,0,0.042776301978946704,0.12930179301140224,0,0.3246676732025757,0.21087717048091686,1,0.15525955279504994,0.10113433746743611,0,0.04156483548633764,0.11885450941616432,0,0.2613425973133083,0.1549763743222676,1,-0.021958718096491876,0.0846425437684785,0,-0.015043029255442564,0.06161089086961724,0,0.8733438407811611,0.0832551764567267,1,0.12443966401712073,0.15820098652970543,0,0.0744912827499088,0.14701731169024052,0,0.540013731691384,0.3151373763680524,1,0.05724758437695362,0.07075223986073717,0,0.04539516034063518,0.07599231998093957,0,0.046908367254228846,0.09655571463496233,1,0.08599660063695895,0.13988753388988012,0,0.0514772411230209,0.04716039067335969,0,0.1489163501808987,0.14422940471755447,1,0.08338851751715334,0.11397372533045141,0,0.20925194100299543,0.08522676258244966,0,0.4313941105636781,0.1274612886975794,1,0.09609559340522666,0.15190276576978326,0,0.03822129571292229,0.04540816829699896,0,0.19643038774896615,0.18094860712586563,1,0.02967053442744652,0.03755390085753438,0,0.03231450483175476,0.12173685764827992,0,0.33929302477980094,0.1811834699997718,1,0.3503273188119399,0.14403461822155322,0,0.06231967159150882,0.06732225364474673,0,0.5469610764958999,0.14619891963763543,1,0.04270605245606793,0.028609284920196102,0,0.05629441631207114,0.09976931290025685,0
130,500,0.6,gb,0.5789724260214143,0.039754411689844234,0.0416189390005907,0.07021677126626719,0,0.4618205415047423,0.20889294506890854,1,0.016807298357969132,0.042154618746550014,0,0.03636661448176755,0.04623441032606932,0,3.0421773640902234,0.4871947978366814,1,0.04080983358274361,0.11866526947490397,0,0.010202261437126239,0.040753946114555795,0,0.3196840132410309,0.19746270819181913,1,0.009215508809627394,0.03690026433211947,0,0.23610028874763872,0.18469397006863367,0,0.8581061317999445,0.4302800794751359,1,0.5497411467626531,0.21447140597616557,0,0.04977253951565343,0.19434402315048027,0,1.0193773201643148,0.14934657268973828,1,0.058060260212454175,0.09794705026033342,0,0.018174798127346962,0.09110979845029069,0,1.3517714707527488,0.32986543131276297,1,0.05024235699915021,0.12288188771021921,0,0.30923349804908257,0.20068620873267407,0,0.2949751600370041,0.13167209885712372,1,0.16096399674960607,0.16089137617871993,0,0.1259391817092253,0.16193535958939634,0,0.9970173289290584,0.2747704718474141,1,-0.02845070645019545,0.08693021373324424,0,0.02832125845173533,0.07991732451164413,0,0.12569498387753675,0.1879138256435529,1,0.02803669893757646,0.06576708444047646,0,0.08969798741209795,0.043114718200649035,0,0.5912695459686462,0.21701929502196732,1,0.10920312522882077,0.07713503432311128,0,0.06746075546679317,0.10083890245755056,0,0.019837393234256935,0.04184230427949146,1,-0.002450209248753014,0.05705695711643501,0,0.5413510632277416,0.4427373841458658,0,0.8766158053446456,0.37702695649238316,1,0.2564431339479184,0.2538459189420202,0,-0.04438908364532706,0.11467741805095766,0,0.5549807804943835,0.2606663729763683,1,0.056205219673578,0.11554786412489902,0,0.025099236309313218,0.03570068670400951,0,0.6101284164889961,0.3239034971810435,1,0.30114514635657563,0.18633890143593412,0,0.10870225057920316,0.06450094799881477,0,0.39824484741899957,0.12398575687232094,1,0.10325422159959104,0.0802480637634825,0,0.031612646838106245,0.0664797738192983,0,1.581772334622787,0.3154980865969239,1,0.03775543436286975,0.07806347460828346,0,0.18324526548770054,0.19696415925624763,0,0.9177187123839365,0.3685075585256294,1,-0.01932475681908875,0.05231585118024214,0,0.28025074486275,0.19208062735796128,0,2.027487458435737,0.568958518350322,1,0.0903703990107506,0.07744761895566099,0,0.028442559562036597,0.06266509885467463,0,0.20035032589304475,0.1579356462604714,1,-0.0141882372197191,0.03153437653217346,0,0.012726043023129702,0.0943391486695204,0,0.6045413821477054,0.3477853521955726,1,0.0024566705663614493,0.11680450986453932,0,0.15049964193411425,0.11490618205772153,0,0.3781002033972078,0.3436376553896601,1,-0.07987736008600214,0.11865754415851647,0,0.036273971910470326,0.03179159666762925,0,0.48282446217842506,0.2565118995874643,1,0.048435907136677135,0.11409306761341131,0,0.15891795309901732,0.25174778249663987,0,2.2316400121452373,0.6328486941531588,1,0.4052163385695947,0.27091895402006827,0,0.07916214006784793,0.0948810461113284,0,1.0371604881541763,0.5282436836193842,1,0.14143193030309936,0.10098170935109332,0,0.03697374648672873,0.059217766458645925,0,0.5677245434174231,0.30663535588178314,1,-0.021765345012384103,0.018508687132581435,0,0.012989243522008878,0.04816712949739291,0,1.3786746668135088,0.5156477422973372,1,0.06768710449497518,0.1655400185311357,0,0.07081852874146374,0.11054313769263668,0,0.6414321011190065,0.21769930978264948,1,0.030821223074442655,0.07155728790783607,0,0.014883966731485555,0.09918491192989343,0,0.12603080963876423,0.10663051359759206,1,-0.0021960626719492032,0.13959371066914195,0,0.051108998749530586,0.02484439772889245,0,0.5652744641442937,0.2606879518228628,1,0.1382867658702323,0.06476111247659881,0,0.32800026198740245,0.15825688295105378,0,0.3514076668976739,0.08627230505565245,1,0.17359956411279548,0.107577076631315,0,0.3060939682447513,0.3412839020777898,0,0.26246973772348353,0.07441031878638173,1,0.009162631735413238,0.07331352532053599,0,0.021057225107184226,0.04534660749641305,0,0.3425393330059572,0.10450836948196349,1,0.8365280694530164,0.1838287757258962,0,0.08279326577818828,0.06300671092970264,0,0.8322186385596811,0.5135478854692186,1,-0.006592191116896287,0.03215814769522308,0,0.0029300186096579634,0.010546551948885588,0
130,500,0.6,hgb,0.5791057090235574,0.012147875436536346,0.05158215366136398,0.06219177940180561,0,0.3837810743372798,0.16398205091576565,1,0.1948623823906414,0.2151224876555461,0,-0.011681796903889896,0.17152926330276505,0,2.834545658361575,0.719273640438286,1,0.017351664935676726,0.07686568233728935,0,-0.028827918300996125,0.12647713924019666,0,0.2877790970607478,0.43895468023549533,1,0.13141678107658114,0.11966312221991825,0,0.2635829079567384,0.1735980482402909,0,1.0313118459589965,0.36604626993006584,1,0.4125612561548825,0.21516257829230748,0,0.11510365928724338,0.22821030253355934,0,0.9999022657433881,0.5036033042795149,1,0.0477072161164449,0.03852138340792264,0,0.013945526824863908,0.11831601719551894,0,1.525047325994445,0.17105631245309344,1,0.0366313662698949,0.13348024691329693,0,0.19950953694686926,0.10191613351415257,0,0.3400158825109253,0.20470577347966504,1,0.3200881825649728,0.17039526103491037,0,0.25727851789745004,0.30722378542820494,0,0.9480073317269986,0.263370236114782,1,-0.012652528386595845,0.04952076702071423,0,-0.022326209109681368,0.07253462469949057,0,0.14715595643309168,0.18946239658390962,1,0.021682641238041315,0.03215182058765032,0,0.12270569365816339,0.1116646018022724,0,0.570874769036689,0.2532664829555108,1,0.0220481424604064,0.05774897142941244,0,0.06948572335662344,0.12803139405980177,0,-0.04315180910456812,0.06678832051879467,1,-0.1296953030700259,0.11458139498761385,0,0.5263151780748474,0.2577692127293485,0,0.7520669403789445,0.43057261256057827,1,0.28858760416691565,0.28001020005736704,0,0.029998705009408787,0.10909501735296351,0,0.28213273189732035,0.19072334922449968,1,0.16672269712301466,0.10019365343727954,0,0.039328629688141825,0.060355415518646045,0,0.39262945793423126,0.14630153629345638,1,0.20691740542859066,0.3368858927400753,0,-0.04729629010316786,0.11669635133226822,0,0.6862459174201204,0.4486973357396757,1,0.1757540870512197,0.0938537579432628,0,0.13255632176900192,0.12137290319048376,0,0.7038266325424585,0.16017025125825277,1,0.06717704867683665,0.06965625296067637,0,0.03206667764090478,0.1476760625339025,0,0.9798907097068522,0.17984325505467874,1,0.017620944951764007,0.10185778552622045,0,0.23581406963070112,0.11792886027856042,0,1.5477017939928017,0.7112368925767404,1,0.07042748456506945,0.10690585417515167,0,0.03687078437249447,0.06627087137785839,0,0.2885319209093594,0.167599193810143,1,0.021202031103859497,0.05717449849672215,0,0.10229790906553912,0.09544907621238409,0,0.35390531292365507,0.3279280141219243,1,0.05878932413256092,0.08242248044331836,0,0.006505022932316492,0.08387182911264261,0,0.4223566916004914,0.5697525808956589,1,0.21301972012907028,0.389127558011663,0,0.009435941593772553,0.031070951997407534,0,0.34297549271990707,0.26582784741772725,1,0.11271596159868116,0.21445011760684918,0,-0.07109968109763391,0.32095615545705974,0,2.3739817184597842,1.178555442317162,1,0.37000547200950734,0.3513831675059935,0,0.11024671275669529,0.24605219819162802,0,0.951588619306038,0.4696016974666475,1,0.08906091671240565,0.17540920642889773,0,0.0119237982614312,0.09844487439237994,0,0.8463464706118501,0.38114889476566016,1,0.006540963103697081,0.018680742907693046,0,0.033560811885691454,0.08644103586464648,0,1.2854670442634961,0.45261750322423894,1,0.19948653110814196,0.2457096450117286,0,0.05207465675571353,0.05065997859912611,0,0.9386473728093956,0.34767425230818244,1,0.06641550627921936,0.06916961634124107,0,-0.014186708044140874,0.050840343944186454,0,0.16127375934789479,0.15031059310980202,1,0.06814029243041496,0.05464048100256793,0,0.05794965138216622,0.0889734185676111,0,0.4709654643845586,0.1587429895465066,1,-0.03381461835886832,0.16743287171170168,0,0.27686420949675294,0.1976318338041526,0,0.35633660686143254,0.12083669035382687,1,0.08615669972980693,0.06389366456969346,0,0.17211896357153833,0.09967931734721497,0,0.2094942534046126,0.4577372433028451,1,0.026092863567617995,0.05417010511096262,0,-0.029893623947959656,0.08970379017470914,0,0.4062068961829426,0.3463624989252029,1,0.9003268600197473,0.16056972108364972,0,0.060523490373156116,0.13158139076278888,0,0.9387855139246917,0.6029104055193387,1,0.02003552151517137,0.14452264601361922,0,-0.05839461611370207,0.1016464313564068,0
130,500,0.6,ab,0.44668133516327024,0.04192780073303092,0.0064099547477130025,0.012819909495426005,0,0.293231480048967,0.6420177395633594,1,-0.009504830200269243,0.19634629673818307,0,-0.03559352695704682,0.09415681823151222,0,2.1378081503984703,0.5792016686312984,1,0.06614521117526036,0.2127593393657407,0,0.07753863747982488,0.09121450769672469,0,-0.009750055917427216,0.1173605958535477,1,0.1159481899363231,0.20943746910841082,0,0.47373254491196376,0.1599432016323699,0,0.6495934104075823,0.3152944168763985,1,1.0238855829306448,0.44169176920385006,0,0.20798329660073325,0.14958684313191367,0,0.9644288608342173,0.3782937746954558,1,0.06229829599127895,0.16358453123648675,0,0.04558383553504078,0.07790272532070189,0,1.120184404778167,0.23116269124944605,1,0.1719618861589458,0.12899695447461906,0,0.0622436490235736,0.07627369029310956,0,0.438620281895232,0.3309065478465328,1,-0.10387653551691792,0.15578233044605697,0,0.09403912431544247,0.08778148546708713,0,0.5821802790063197,0.5520188859316384,1,-4.642264765595883e-05,9.284529531191764e-05,0,0.05049760721588461,0.0583511594413154,0,0.00250570757933852,0.03731388234628503,1,0.062254217781318746,0.0616141783848711,0,0.04103385090139224,0.0530032898472483,0,0.42372214259281593,0.20729631685377917,1,0.09094036465199695,0.12496084050614623,0,0.10273165802372441,0.09518369998229498,0,0.10814507416513204,0.11341461890024834,1,0.18324230849922027,0.12386960080923665,0,0.4697479938799736,0.3122104334868113,0,0.20922947020204838,0.3135287155634482,1,0.4721600151577826,0.5428461553133598,0,-0.06559044288823675,0.2966565137205618,0,0.0678400217547607,0.17625651608060594,1,0.004861240729379233,0.006198640164269263,0,0.02452429158207596,0.046745533014396365,0,0.8698835878631321,0.7759714340007415,1,0.14735910045869416,0.12119702835431256,0,-0.00914679310666347,0.12563056660926203,0,0.5724395567836792,0.25589023539530303,1,-0.007675892951160812,0.11696029977763962,0,0.1536765793182912,0.17763318942436945,0,1.3071752572370887,1.128446368355202,1,0.008993033049144183,0.17333750418800964,0,0.3935088708217552,0.30296176501888505,0,0.6705282214455791,0.4245906732218382,1,-0.0471311041582748,0.04744441172209806,0,0.07386275503950618,0.17705792078150764,0,1.2315889246533043,0.959322353069369,1,-0.022011357663615692,0.039413079466583095,0,0.005183709339636152,0.05398245474054636,0,0.17626923057569271,0.2836587163622438,1,-0.011663097326702229,0.023326194653404457,0,0.02461205245131796,0.08809099856534806,0,0.17634522834642175,0.47695042697278056,1,0.0460657230714391,0.19100487434018826,0,0.06132801325346915,0.08760602089899883,0,0.732445176829245,0.9522252819356873,1,0.13905016190605599,0.2172086529089606,0,0.0,0.0,0,0.11804698570396448,0.15164085348483927,1,0.049986232814750065,0.2211808501876556,0,0.22539131042006919,0.4678859680539468,0,3.308213964990954,0.7333548567895862,1,0.05402554640688849,0.17360166579777134,0,0.06698448640175982,0.07193923781229249,0,0.7636638336193519,0.2477506872645015,1,0.0504575421039604,0.11049133699450367,0,-0.16064945751759002,0.2862959683496142,0,0.27251827593424094,0.4919754431437933,1,-0.0032371875965563957,0.03563983223763872,0,0.1106283579449926,0.3124076962431638,0,1.0323370473526352,0.9182305811921694,1,0.35334970314896647,0.28854102628006484,0,-0.05551691301372118,0.189974457320438,0,0.6300409742492299,0.5907188087386819,1,0.18937876084775462,0.2986314150756199,0,-0.006472096603636515,0.02995435377116992,0,-0.05179932485180098,0.1802827652936775,1,0.037985195973002726,0.06747319972175564,0,0.031155547276583408,0.08649796998193035,0,0.026647978767966197,0.28148848062217735,1,0.08627666183588167,0.13422653043855087,0,0.19213967542968682,0.25491615323623773,0,0.13633843864102935,0.33258824319199604,1,0.06322735480496522,0.08640538130035709,0,0.14547344326017403,0.3441404183627713,0,0.1537810862039472,0.16263507487321496,1,0.00603457509159101,0.04719189797544143,0,0.03463864988370842,0.04128024133631397,0,0.4210224593212077,0.44395910007174133,1,0.3342569481903285,0.33845038546767847,0,-0.0023380769628647603,0.1324442878124142,0,0.7625607402197206,0.42517328582666636,1,0.046226726540971395,0.06350743481757425,0,0.001091346462553986,0.007724653979469649,0
130,500,0.6,bag,0.3716414111635042,0.04965028862548975,0.00838117565571737,0.03623445956453049,0,0.39299138093555996,0.37728119448021963,1,-0.06799588064815851,0.07904586717438013,0,-0.026123174537509182,0.18506415856504135,0,3.112660884823673,1.2370294103211321,1,-0.014849358950417016,0.09794713547019078,0,0.06294357343321097,0.07050237505747498,0,0.02852874992085641,0.16011720974932422,1,0.4824112596157919,0.43819579940866926,0,0.17608158541699423,0.546580568933665,0,0.5154809261752769,0.3752292420936412,1,0.6089441848890058,0.4536469390901621,0,0.13399797157809162,0.24860438711120483,0,0.6371393490226993,0.483350551848026,1,0.10908336243123751,0.1869103554059178,0,0.21430102104779203,0.2913286829794233,0,0.1385657894666577,0.5222782095302919,1,0.3058556036681473,0.216190239191915,0,0.1395367664684424,0.16797133770825828,0,0.5519802489611442,0.42521270099403286,1,0.15588251463214706,0.18556490100047174,0,-0.053114278134073746,0.1387288441692,0,0.13680028884406265,0.27666443149133096,1,0.1433515619658242,0.1928236230614972,0,0.05419097509706454,0.16002467052999933,0,-0.0788682545969632,0.20448794181366245,1,-0.031217713105094226,0.14145079464644725,0,0.10664930251034262,0.5552264933267761,0,0.20156340645798929,0.4338175672343221,1,0.16364487777573694,0.1621055036922744,0,-0.03340374444723985,0.14196390351219182,0,0.15716056214415006,0.1549474226630104,1,0.11916409663131693,0.2857051707550517,0,0.437021498782361,0.4118739637670768,0,0.6427183106528652,0.5307054005433705,1,0.07645392911398281,0.10968236616811343,0,0.18384518159198862,0.143747752018442,0,0.587079219981536,0.5727542622195234,1,0.029364381611096023,0.16556403204374615,0,0.24095433415709175,0.2055147725514169,0,0.5635393520987166,0.40002280710672833,1,0.3663077110016412,0.19167035387776116,0,0.04805558302722329,0.11462601492679497,0,0.2946253890176898,0.31490544068359083,1,0.42940103046626055,0.5700095542587592,0,-0.2282307075755007,0.41412869833550287,0,0.5410928636151062,0.37203626715447474,1,0.016416356370917096,0.17478131673937278,0,0.20162828723493714,0.40573518481562626,0,0.8966261712098375,0.6672228695770439,1,-0.05939169850476335,0.1732624895195627,0,0.004305144765772317,0.375705941097818,0,0.7000738333162693,0.7074726502688389,1,0.09306767880454223,0.2583172626210744,0,0.5780338192330675,0.709328483624013,0,0.09170467645847494,0.25238035624970423,1,-0.0877108517483411,0.20605998222129057,0,-0.14419461101452558,0.3113612544202032,0,-0.07368714354106579,0.35502207251131523,1,-0.07387430272955295,0.1036348079732196,0,0.08405514205488149,0.24260923605124937,0,0.39096637799795814,0.34072547279367565,1,0.3405584185870679,0.36459975452538446,0,0.10585616601647416,0.06555502471564914,0,0.14184325046076024,0.245270307929117,1,0.16088689799062958,0.3086023164266947,0,0.1717337074527254,0.3044719960238277,0,2.243053850044084,1.1356724586721747,1,0.6215786165519687,0.4629010749432506,0,0.2425203470393756,0.11883677186412463,0,0.49486030120898583,0.2769230757981357,1,0.08175711352888881,0.08168430047484682,0,-0.17163296914704954,0.1233947451548953,0,0.27841574715149997,0.1151119347077329,1,0.27175383855912755,0.46807258448788175,0,0.0011309789665842397,0.23154663846496018,0,0.5253999763825213,0.39895080336031524,1,-0.07032917905338064,0.5536393580992793,0,0.055337135669985785,0.21821133878127136,0,0.5303536173232469,0.29928902013303005,1,-0.10770713791335414,0.17869159398530834,0,-0.0015915411693829483,0.12453438718147093,0,-0.1487140166635897,0.243705274753102,1,0.17012226580995835,0.2090637947457186,0,-0.10182556909606208,0.057552206476859144,0,-0.03414284570642591,0.22551885091443094,1,-0.1601693476992995,0.35943472335697496,0,0.7780154111547988,0.3880605790935624,0,0.1964711863269538,0.5875609871597162,1,0.189661826193309,0.29285428179283257,0,0.1685777809255274,0.1789569031390416,0,0.2777220838819533,0.04613519506163245,1,-0.06002225035426008,0.21986391863795438,0,0.035139477741874564,0.2538556054203504,0,0.6459313221415502,0.6920828725405502,1,0.8674177663367946,0.799376006893378,0,0.35944727008351457,0.43129161304539504,0,0.5382378162642194,0.5326946311499232,1,0.12263843103209107,0.21890697854756833,0,0.13767739969078358,0.2386097955804251,0
130,500,0.6,mlp,0.9412828930786677,0.008687204949353603,-0.08599668428615032,0.01831479620437812,0,1.245966117904468,0.2768161089382503,1,0.048930406727292916,0.12386078305626255,0,0.018932561101141658,0.09876058196142809,0,1.242502186376792,0.3495668698963274,1,0.0033209647500935273,0.07032151004610859,0,0.0033403417103728154,0.08081084761264885,0,1.4812795720714966,0.44591909321380324,1,0.02232589868508584,0.047492119848972135,0,0.043377034039866015,0.05754573192660704,0,0.8850784804943157,0.2131635497229962,1,0.02605837466165999,0.0772105438209884,0,-0.0011964511825671535,0.0885862701125699,0,1.164377775057242,0.4695874559880637,1,0.009045313031113094,0.04400407975351349,0,-0.03447424958835258,0.03770789920079627,0,1.256487317688302,0.12026426853251844,1,-0.008638332306760728,0.016149362768389776,0,0.2626561542447994,0.1928437148033211,0,0.9193839744273136,0.2708112505791157,1,-0.037273174446091836,0.046746914333205485,0,0.009931361002878444,0.055348161560986986,0,1.5948759553192566,0.22541355631599425,1,-0.0014352073601597765,0.06660937434480306,0,-0.01954616457881502,0.032905708852694344,0,1.4035952979545636,0.26276466319106695,1,-0.02910665522419199,0.033822622909530545,0,0.03126056310795928,0.04175428881257943,0,1.5179975330448354,0.19735109170553472,1,0.0031751406167286112,0.04169296884913479,0,-0.0020016491964219485,0.04126718775391229,0,0.925877822964264,0.14123429366089527,1,0.025373304347733872,0.07671269727093007,0,0.1073016414574545,0.09876200551230122,0,1.106262688965371,0.1650027173453908,1,-0.01334831798687651,0.07766121332732447,0,-0.00018534369255479853,0.045697656179397673,0,0.9812383206585398,0.2381845128148802,1,0.05017845925898747,0.036562988451107926,0,0.017321866262436668,0.031144959498731178,0,1.4537835955360805,0.32075942300814386,1,0.07550365015445075,0.023381888660231553,0,0.056006659187069596,0.045124854538675874,0,1.6410170993901638,0.24595059474790756,1,0.04169692921479451,0.02962418949094733,0,0.03702755262834334,0.07854124727080276,0,1.2617711998854335,0.1707100368668631,1,0.056796781214249845,0.06886053170747744,0,-0.04440208954406602,0.031459354424416046,0,1.701113665577226,0.10667148547014042,1,-0.004263173613544247,0.08108880133331041,0,-0.008639888208741515,0.05605267741262023,0,1.3983149045243493,0.289809608586262,1,0.08027078902653469,0.05996340148745861,0,-0.005509797331309721,0.019018296666255263,0,1.2991582053807982,0.4847881337319716,1,0.011943520160936982,0.03993838935920353,0,-0.04898251983683084,0.04823709375290506,0,1.2154623834481924,0.45876041746856583,1,0.01749964494673792,0.13004699995783658,0,-0.02491761907589395,0.039629400199131595,0,1.5018728830296704,0.13193161164547607,1,-0.016141435645043715,0.02756474688943656,0,-0.011072464269037394,0.0414078239257573,0,1.1851489074535313,0.297020254320848,1,0.06194054149702553,0.059198055030030124,0,0.10335518795417158,0.06409233078586378,0,1.3688847303196052,0.23898009096744846,1,-0.03817510346771097,0.047119789838359724,0,0.07956700577890763,0.06311577561410558,0,1.0435928865881519,0.3070640931714759,1,0.10568454389277884,0.06984650715006277,0,-0.014014472448956617,0.054111156379851616,0,1.3727874261964328,0.2017624389127126,1,-0.008347664992918705,0.035502492005338844,0,0.019568126731998148,0.07987192043376606,0,1.627738962075528,0.2952721415864722,1,0.014783824974933375,0.06032556018277723,0,-0.026336383668240416,0.049133671516580116,0,1.2610813825422882,0.17080347438534196,1,0.022172701257314242,0.05822187876471885,0,0.04198822685836608,0.07207207948874331,0,0.9738099804454473,0.244410748828429,1,0.06910048224672137,0.09178199361458486,0,0.0005727297740861891,0.0532384517985929,0,1.6780310520215462,0.16747877126291838,1,-0.020532929792043124,0.07959322311370613,0,0.05186755147228546,0.0808869351440545,0,0.8250773471347477,0.3237589370347299,1,0.050846399607340366,0.025327781621482692,0,0.05689032654970396,0.03427400813553696,0,1.3375057211224806,0.30764418143799754,1,-0.007761552266123467,0.02440791940903896,0,-0.00023105187492899367,0.06117483953786901,0,0.9086934627683645,0.16583464152991706,1,0.15413807335823293,0.0557940459991397,0,0.06923072699530039,0.03844345671072068,0,1.3232611282983284,0.21421416280222907,1,-0.01731334469062872,0.02301206884244503,0,-0.011326402251065406,0.04054560954617508,0
130,500,0.6,svr,0.5673684635367515,0.026158248794341765,0.05840590262705427,0.06355182183371116,0,0.3360799888664183,0.11284703408681714,1,0.17285987417230833,0.1100784991905169,0,0.1997867177880434,0.10020800947452853,0,0.7948539508638076,0.20316577671752784,1,0.2740881988151319,0.13802591627987623,0,0.1973847781434421,0.10011010493408803,0,0.5203686554609538,0.17556723157353588,1,0.20217465838844442,0.08780489603407268,0,0.3826597808090235,0.07513230670704295,0,0.3528059241231899,0.08695256235803588,1,0.38576173406974257,0.05450322076129191,0,0.26535084175398815,0.11260665604478672,0,0.46043954720239866,0.17738936584250364,1,0.28029945328505884,0.13735069769225816,0,0.1919599147974002,0.05741678928585643,0,0.6378621146285528,0.12556944665651734,1,0.29578569749739464,0.0732163999546191,0,0.32208872450173043,0.08484011169391589,0,0.3728150030037526,0.12543172092125995,1,0.2882683765349678,0.0699703594412277,0,0.21480068815099013,0.03687276099054924,0,0.3759961472807501,0.1228238912842923,1,0.11904937860727027,0.08619852042064538,0,0.1539269875620619,0.08174617041090966,0,0.20351355905109955,0.11049370968057456,1,0.11954605976133763,0.09035576025857613,0,0.1895953264969066,0.09782336363732323,0,0.3253934982251505,0.09097608408627166,1,0.1695955378240134,0.10952590695533286,0,0.21757176930172628,0.09321618177064284,0,0.23619317374448073,0.09787406342808742,1,0.20401532165162406,0.06970861607027058,0,0.36353310540332334,0.09833616302401327,0,0.5105226263240263,0.10251133185131323,1,0.21783939505281139,0.08085770943181299,0,0.11189731857974101,0.07460516976958786,0,0.40653765222351196,0.06413023398065434,1,0.14394617199425602,0.08906037881570149,0,0.12697469928583716,0.03444649320501691,0,0.44860914057644374,0.1144377233649167,1,0.28700677281808207,0.045917704340032825,0,0.0768948407664412,0.028873785858846528,0,0.321268712425249,0.08934587505583984,1,0.22075120499533113,0.09594045298844191,0,0.24522126608001563,0.031161494890278044,0,0.5561578214820767,0.052734312884566856,1,0.19401919687956734,0.08556788317179442,0,0.23091234750422562,0.03414643938062537,0,0.5760983517018572,0.10025004671498679,1,0.12834591412399166,0.05464692791598139,0,0.2833453191123219,0.07290934673737753,0,0.5193815477330338,0.05170594283384437,1,0.20054870709800046,0.0822030162736779,0,0.2609028811820361,0.08626871116055884,0,0.39609033557082374,0.17957493821036685,1,0.1091967303155843,0.09443303261247368,0,0.15549225233860978,0.08189704561418143,0,0.2872767188603522,0.10296266980409785,1,0.09895132034410119,0.07568139804622237,0,0.12625340256806683,0.0691401902015222,0,0.4617810845309056,0.10485464476696936,1,0.14307142613074603,0.07054308535917032,0,0.071837304925819,0.05413179462502955,0,0.33972020341350057,0.10976269410535182,1,0.22293449702249854,0.11002958379100335,0,0.4491542767170847,0.15114502367769558,0,0.768766954807662,0.11465958572830016,1,0.4009579601857169,0.17114995829609278,0,0.22646325131434403,0.1211536401109619,0,0.5168382392388524,0.17928803740089777,1,0.1254207488317089,0.07402151250819987,0,0.028836847231434093,0.11167016792048359,0,0.421827885490585,0.17271026224411976,1,0.14230001656053845,0.07321550976596718,0,0.09754583802317345,0.07530988429740107,0,0.6724683736654354,0.16885832033224984,1,0.3009002081825842,0.05977099653626537,0,0.2573883537451122,0.09395626967433515,0,0.15999645905297624,0.07615901468306073,1,0.13378231126923576,0.09081923090157022,0,0.10645394309223233,0.06256405336409991,0,0.11734793027672823,0.05191944993482291,1,0.12860081941371967,0.08604546267369063,0,0.0882734698506723,0.06561885898319599,0,0.4005569459767736,0.11043624425869267,1,0.20825972758062763,0.08651312349609301,0,0.3622116153094618,0.14741277289121305,0,0.43849593080831006,0.08865732577700419,1,0.21163494087570406,0.10349082481483163,0,0.19113867937075701,0.07585501451022696,0,0.3522823509727718,0.16638775182398155,1,0.09338290116138026,0.09095227891001614,0,0.11632619148241212,0.05311691831152645,0,0.4045824722110886,0.020248368907012634,1,0.44618336417787247,0.15161166901710565,0,0.2563665292985366,0.09419136314627358,0,0.4988579808879847,0.18915196306173993,1,0.07531557992583854,0.05825474749020111,0,0.1288736368964957,0.08128134378221077,0
130,500,0.6,knn,0.5242287940543229,0.028863099310277068,-0.10983503174473155,0.19925297561521935,0,0.16534700069734906,0.6162085097769361,1,0.8223999395656749,0.21512519953563045,0,0.727146182122876,1.0397215737204113,0,1.3430479518155825,0.9442257683588391,1,0.5717973472993132,0.3102321431259635,0,0.06458357899869852,0.4245719937654685,0,1.0539255558810032,0.947668550551222,1,0.35248968056950114,0.7772941722352869,0,1.0464743631845714,0.6907974980649216,0,0.2233221475989032,0.41918633239066394,1,0.20264399970145833,0.3755237102236139,0,0.5809011575864091,0.5102705642675943,0,0.7222968289929288,0.35174641252917377,1,0.019259232920903688,0.5093438745089712,0,0.0999794338663585,0.610978524112031,0,0.5353215443287118,0.4382981124168639,1,0.46363158763593565,0.5428787815571438,0,0.38317379031297094,0.5844117935254625,0,0.8052040565171991,0.6904833631280672,1,0.6528545188284106,0.6495794430901145,0,0.5399745851487804,0.519741263283996,0,0.18129583978995448,0.34034485531064423,1,0.412427581127802,0.6313407037734279,0,0.06551717046636268,0.3887688990303177,0,0.35463666972853203,0.600879657023729,1,0.21688822886409045,0.5256312700764886,0,0.5308065752971366,0.24922805928500044,0,0.6702039811138941,0.5668801316750363,1,0.24977751646477325,0.6768439151749553,0,0.08146401228868352,0.6626277704870281,0,0.13968152137028228,0.5356620317954223,1,-0.21089710507743295,0.8952048048250053,0,0.5386660367287206,0.6067769942209322,0,0.2110945530600762,0.46669654486624906,1,-0.005781458583361499,0.6237510208104484,0,0.5294190999531401,0.5082294798418238,0,0.5581563983843388,0.6796076233344406,1,0.3665340499335864,0.6020386290091289,0,-0.16940685688409535,0.33103805177492085,0,0.36465664663299235,0.40483343785063397,1,0.07793632777642875,0.6348848205778322,0,0.0505172678662407,0.18063518870323725,0,0.9255586287408459,0.7193824998674997,1,0.6410138458028284,0.5653728548614305,0,-0.048370728354212786,0.6091689815390898,0,0.4919991547882455,0.5219421643423886,1,-0.04891832993245395,1.0490274777485642,0,-0.10499044187184484,0.6450831471420011,0,0.5562186437252855,0.7632538188335711,1,0.07182797064493007,0.683753106800888,0,-0.084425506242411,0.702007303657947,0,0.5572398076176144,0.43993617559575915,1,0.06694642227554852,0.4538982148653339,0,0.4248400303794478,0.27507323717383225,0,0.23141407657756216,0.34542644148404905,1,0.09211226288976057,0.6524525835601679,0,0.17269203048012793,0.43181000449098733,0,0.052520173101357814,0.7844020382735194,1,0.7736225977603459,0.5443403716039303,0,0.6162688956469683,0.2672758250015758,0,0.9601961640220203,0.6242218348304619,1,0.19021700283253695,0.2800964471832429,0,0.5465393974796247,0.30398147611717147,0,-0.11574052097212657,0.7739297533439303,1,0.03539543083319639,0.44592850062884415,0,0.7805890147459211,0.32975780667016136,0,0.6333206626227399,0.49610469066770346,1,0.6023727058477801,0.557918428732248,0,-0.3817381040737796,1.0076381403140904,0,0.40925842361798875,0.8716919324390225,1,-0.2445832490455409,0.6790046150609288,0,0.39916466319055555,0.8284819439065949,0,0.6179952466149825,1.0153798282170643,1,0.14620070244655198,0.6798235938631205,0,0.3772882854933365,0.6691555862134271,0,1.0809502749879167,0.5005918518959915,1,0.10428478699934762,0.5123416198787868,0,0.1640816260322423,0.7365932817623684,0,-0.2621983361038228,0.759077116254772,1,-0.15106097206553293,0.8440847390095395,0,0.5745323240738737,0.3058788660426731,0,0.43812287233698904,0.26103092050873633,1,0.5662770393945022,0.6419836467950621,0,0.06934422474861304,0.8945144661412717,0,0.5510743894407465,0.8952837902142362,1,-0.018391156964300492,0.8271213167664814,0,0.1536034129890068,0.5860399411570371,0,0.5902742904478873,0.4687525159305329,1,0.44954413795866477,0.5509409298268676,0,0.21584949166734368,0.5178071439628419,0,0.35176787303657375,0.8694010705536209,1,0.49743844928583486,0.6345729421192002,0,-0.3456105336750939,0.8308671916776209,0,0.2854145881049555,0.434368822817095,1,0.2017564158567146,0.6372581294224483,0,0.5487736581092111,0.622843124839115,0,1.0735857242715512,1.0372856437558982,1,0.37016713993927375,0.7167341225836185,0,0.5027193276127573,0.22755647081510424,0
130,500,0.6,SuperLearner,0.9747665828777741,0.002450508470283412,-0.013410979925535183,0.019186175409447667,0,1.8631956612174079,0.3551367078355683,1,0.00023652709085177933,0.007416813419029019,0,-0.006931721818798161,0.01832179732315073,0,1.7701443767555542,0.297715656140563,1,-0.011020855837143207,0.013949053112244062,0,0.003004220251286267,0.011000274895357385,0,1.6268609218214798,0.3289364699780528,1,0.03248322225140389,0.03309483914290759,0,0.0014670648532179194,0.014240877947002616,0,1.4265039858618873,0.3318243441527829,1,0.00107886184518999,0.021685189384567472,0,0.02008233541304993,0.021739874961146287,0,1.833771562807706,0.5113339361603407,1,-0.001436023091039545,0.007189207610917217,0,-0.0014698478958964855,0.0069864938758310334,0,2.4555628934387266,0.31672523544528214,1,0.01816713070760522,0.01235780072404957,0,0.1625642015588155,0.07710952599914901,0,1.3450203004106451,0.1063144007945863,1,0.0226061424185653,0.01886876632730097,0,0.007688213061043029,0.004276958993411667,0,1.849975617923524,0.16962983660639117,1,-0.00847410797272766,0.01885204224541388,0,0.005870331407544579,0.010152697362992857,0,2.065766094320984,0.5340100720294415,1,-0.0026644737766880434,0.008404315019485612,0,0.007813594893225117,0.018760734722888514,0,1.7349696307958564,0.3101077723091377,1,-0.008270094599053956,0.014290432416185387,0,0.0003463453364597087,0.015230401090729656,0,1.5683973548733232,0.20219302520955185,1,0.0037194208990879627,0.0097677505773364,0,0.0466891417962139,0.03310527683874251,0,1.7406483117249034,0.36731802096120636,1,-0.004755529946693304,0.00659006235509279,0,0.00672614395777082,0.005934307930593587,0,1.582480613927689,0.5426923281036017,1,0.007292657275887901,0.03729297680449236,0,0.0657697200837026,0.07028349059499617,0,2.110196351625322,0.39619670764906334,1,0.004525557704480021,0.014147837161212899,0,0.005873776062264768,0.018596631623754654,0,2.009699722045645,0.36596623490681973,1,0.001988272494012322,0.005293809757154683,0,0.0022157443456415032,0.003887102899385885,0,1.8887993714165532,0.17090620570182255,1,0.0003567966576521482,0.014757200778654507,0,0.0008180250196008949,0.01070200093302215,0,2.210488573981761,0.11553250424727694,1,0.008929401443461563,0.023252470781385527,0,-0.007838662730556532,0.012344313397854915,0,1.8864538427182729,0.26133535720626355,1,0.02412147664913313,0.018079143440445557,0,0.012573337857527206,0.010321915657397117,0,1.8652926260658937,0.5299740107071962,1,0.0019925507278506995,0.007648840294437662,0,-0.008006357662433374,0.011628054409814025,0,2.0353972944018763,0.3902918712115886,1,-0.019371676578176428,0.01981172597795013,0,-0.0004132020896976292,0.015000386262847174,0,1.7746245334206325,0.0737057216982576,1,-0.0038600196371292,0.005786842041113682,0,-0.002392795666397498,0.00974216806062795,0,1.912447446985602,0.32344112106775225,1,-0.005006151583827619,0.010173740795230578,0,-0.009187168369794243,0.013259086118490818,0,3.055869820410284,0.5110549150264381,1,0.034926111185310894,0.031056137558348153,0,0.1021916686115996,0.06945860086131013,0,1.7002653787354167,0.37007060725551466,1,-0.0015322827781172996,0.0142430547611316,0,0.008529627910515845,0.006672340785139119,0,2.232008106392941,0.26056956257030767,1,0.017875552748934615,0.01646194088438082,0,-0.004108087981719795,0.006708724727339157,0,3.0175255101296297,0.4439770049271473,1,-0.001976544675042007,0.00974148934141099,0,-0.0009218185778174074,0.005703017380920158,0,1.5401020000252015,0.1520793944859515,1,0.01004920083722201,0.004922651293006498,0,-0.0005970977672504225,0.01392751400701078,0,1.6741803020187522,0.25630418055693094,1,0.009189846093131152,0.007825073729305496,0,0.0006478917385480773,0.01357219178669251,0,2.107038881597849,0.2019903089567837,1,-0.007102854577574038,0.020567298326562546,0,0.004279160400086951,0.012054332001325791,0,1.4876555063461219,0.3586213053405949,1,0.009569077093049895,0.0069622738501116535,0,0.004889406694144203,0.004085302230840291,0,1.9569297135815724,0.32960494292834547,1,0.015140164729881783,0.009454751697742906,0,0.004450252585364518,0.004993015096866539,0,1.7081848537023987,0.15558933794366653,1,0.009854088661045863,0.019121738600872566,0,0.0014703848611650923,0.007985173170196555,0,1.9742865071876228,0.21853621799931694,1,0.004192914983434012,0.008803918310958218,0,-0.009732235844770724,0.012083743595895138,0
130,1000,0.6,lr,0.9784618256904185,0.0023999606553291933,0.0021162711905780285,0.0064720074174181,0,1.8879940322741362,0.12780932860212968,1,-2.8369690111326902e-05,0.0014664606172827192,0,-0.0009888650349372074,0.002372702924558198,0,2.034457357266931,0.14079911600530334,1,0.002060680158147977,0.0023769026021224875,0,0.009569809785015808,0.007661383064080251,0,1.6359136713858213,0.2502019659080673,1,0.0009730041141796563,0.008312780583064786,0,0.0023512340784701295,0.0038585639139353143,0,2.230942790498874,0.24143427995340577,1,0.0009404376675095314,0.010700389579340776,0,0.001328699869318953,0.0032155506128053917,0,1.8942423574108922,0.12970026374219207,1,-0.0017995318183795025,0.00620998370960522,0,0.0010036968858029472,0.0023487529957507587,0,1.8630431280610196,0.11097755836621642,1,0.0013367860882190364,0.002454247384322891,0,-0.0005081091617972185,0.004667432751843316,0,2.215672275521469,0.37471825873884246,1,0.0020365720836597297,0.005785946937504426,0,0.002099285595052047,0.004561324697695379,0,1.5361291556229668,0.1868884471330137,1,0.012789371652658166,0.005453039556733504,0,-0.0011956662329713108,0.0021215030173142944,0,2.0349400438793843,0.2220007123948713,1,0.004949602411909565,0.004132946815377537,0,-0.0009947331719083554,0.003894967452574641,0,1.8023186819535364,0.2129155781436294,1,-0.0011637005304240943,0.0018838771318051741,0,0.0002471192661906256,0.003859414346695794,0,1.7980392467847988,0.13850643499210047,1,0.010048908109941515,0.01538331617738061,0,-0.0034273084971635113,0.004045912789592174,0,2.0345601153457773,0.2573849685233245,1,0.0009968797139062364,0.010428007441507245,0,0.005704736057334438,0.00778762294192839,0,2.3467235875761183,0.16343223141100702,1,-0.00048322214046915416,0.0009489715827019377,0,-0.0022358149107207224,0.004775806105429954,0,2.15293637259278,0.3193779017037335,1,0.01793996518512774,0.012719843254367312,0,0.008460636207830245,0.0068619103830134046,0,2.1017735063037932,0.2641301306928395,1,0.014512904713024893,0.008345821714399274,0,0.005055496240151054,0.009382067170944136,0,2.0146360540728443,0.2865828469955488,1,0.011568204163830151,0.008474805162983639,0,0.005419105321699774,0.008139493760465617,0,1.9902378086277934,0.2585360546194898,1,-0.0021906697536057695,0.00509016146443122,0,0.007915152759817379,0.015319818146151935,0,1.9900360723381774,0.06768043399404293,1,-0.0006369069164551301,0.015244670773475228,0,-0.006825136595936759,0.009801273311043496,0,1.9360867488236841,0.2616059875838232,1,0.005505211135838365,0.004589985318107738,0,0.0003387221412860271,0.0028777629475972735,0,1.8910287441511824,0.20451326022937427,1,-0.0015906735009828601,0.002380349923268249,0,0.021083464667559636,0.019292142582214514,0,1.8817343079499742,0.14955067715375064,1,0.0005371615267605705,0.0032811296231008793,0,0.002670359541331968,0.0030618964544879787,0,2.0263397557582694,0.11930623206663846,1,-0.0015266749217934825,0.0049073174471765514,0,-0.0029415014097180572,0.00489144989295353,0,1.9169272547440186,0.28913068247087587,1,8.473571103510027e-05,0.008436494867755589,0,-0.0027794453439706013,0.010032421401857953,0,1.7046412057927705,0.2364682284188864,1,0.010388303264103196,0.013341218884698393,0,0.017431249064545525,0.020379790819979027,0,2.0789983573222055,0.1784766981850285,1,0.001619806100336989,0.00387318470072881,0,-0.006231200388648056,0.009306898984168227,0,2.4330403045744076,0.23647231814920683,1,0.005017233373008414,0.0038506914778647944,0,0.0027228856533307927,0.0012937421340724184,0,2.0357855730503305,0.1665382031128567,1,0.015846149056986288,0.009112952447051686,0,0.02238751065922681,0.009274224461490605,0,1.4333796445626255,0.08772874625633091,1,0.00188772482407456,0.003348078134032063,0,0.018217086198914274,0.007709464753736626,0,1.933485242171543,0.12019163674832696,1,-0.0006286250400766007,0.011023149951775325,0,0.007880651776236817,0.006997757940486504,0,1.8551059128662382,0.32560163553359645,1,-0.0011157186326414543,0.005607214665772733,0,-0.005973966722260776,0.006132843694256319,0,1.8745701963730135,0.1474729198843509,1,0.0007864872718564184,0.0021651244029071517,0,-0.0010097580263875169,0.0016307422978362172,0,1.8571482022392427,0.13954347037358572,1,0.00579430519597144,0.006904014200218693,0,0.010744713185015221,0.009783126633297909,0,2.3125445917111334,0.2641680980759677,1,0.006307342315164799,0.005717951714987796,0,2.3009178665835647e-06,0.0011326326770658415,0
130,1000,0.6,lasso,0.54923065989798,0.021284372727653565,0.0,0.0,0,0.35915105473142966,0.13314449890172073,1,0.0,0.0,0,0.0,0.0,0,1.384076482057159,0.1714186263400284,1,0.0,0.0,0,0.0,0.0,0,0.5672297904860325,0.08136774218962411,1,0.0,0.0,0,0.0,0.0,0,1.640546711478557,0.1590009006318892,1,0.0013180973500942343,0.002636194700188468,0,0.0,0.0,0,0.6533937387364849,0.10643332461651879,1,0.0,0.0,0,0.0,0.0,0,1.4850587028887867,0.11243472772251174,1,0.0,0.0,0,0.0,0.0,0,0.9757513492740963,0.20004275826417456,1,0.024557851114142833,0.030373389207094422,0,0.0,0.0,0,0.498354227061424,0.07042570268546547,1,0.0,0.0,0,0.0,0.0,0,0.4895307558093238,0.08795738784546127,1,0.0,0.0,0,0.0,0.0,0,1.1311257296683705,0.14431181762187856,1,0.0,0.0,0,0.006423243642033824,0.012846487284067648,0,0.5706844865401428,0.10800046067855039,1,0.0,0.0,0,0.12136374685682347,0.16749565675687758,0,0.717960319973227,0.23437567587939825,1,0.0,0.0,0,0.0,0.0,0,0.7402516812325923,0.0730012052127661,1,0.0,0.0,0,4.168761304750035e-05,8.33752260950007e-05,0,1.5505874628306195,0.2112804266891571,1,0.0,0.0,0,0.0,0.0,0,0.47782907478929976,0.1194411209481631,1,0.0,0.0,0,0.0,0.0,0,1.3124980012541414,0.09359818514858864,1,0.0,0.0,0,0.0,0.0,0,1.0608184807303604,0.12312011781294342,1,0.0,0.0,0,0.0,0.0,0,1.2354062551436529,0.09975189603007706,1,0.0,0.0,0,0.0,0.0,0,0.9194276510979789,0.10399681936704058,1,0.0,0.0,0,0.0,0.0,0,1.1128580629970257,0.1039376490104666,1,0.0,0.0,0,0.0,0.0,0,0.5029473881744823,0.2734886168929025,1,0.0,0.0,0,0.0,0.0,0,0.7060374306102128,0.13472899237556415,1,0.0,0.0,0,0.27927938696900334,0.3188827096174357,0,2.500313055133634,0.28284856258695773,1,0.0,0.0,0,0.0,0.0,0,1.206220691299855,0.16953679186597936,1,0.0,0.0,0,0.0,0.0,0,0.5959397808343789,0.08057873534709076,1,0.0,0.0,0,0.0,0.0,0,0.9703372886535387,0.25126224083528564,1,0.0,0.0,0,0.007290519880843675,0.014581039761687349,0,0.5478766835640754,0.14453288156718375,1,0.0,0.0,0,0.0,0.0,0,0.03527361470942222,0.0434866636474999,1,0.0,0.0,0,0.0,0.0,0,1.3793330300957016,0.15102969093987578,1,0.0,0.0,0,0.0,0.0,0,1.1695412306561177,0.16537206172796254,1,0.0,0.0,0,0.0,0.0,0,0.6353129474708874,0.1605449983010532,1,0.0,0.0,0,0.0,0.0,0,0.6235810852754861,0.3212921553183146,1,0.0927747048073904,0.09557367928696339,0,0.0,0.0,0,1.7549855620635693,0.26248018061096073,1,0.0,0.0,0,0.0,0.0,0
130,1000,0.6,dt,-0.24141352829091584,0.1250720289137988,0.2105022539723273,0.4934615546765542,0,-0.1987086051709812,0.15423171440868993,1,0.1511120080270317,0.04938398236018364,0,0.13178519293670557,0.5758864010903858,0,2.4403103028018576,1.1951139215372697,1,-0.0797764797730956,0.3983130236157709,0,1.0807240572156882,1.691347893968946,0,-0.08465562455801359,0.7233387023370117,1,-0.18319104277451098,0.5364990574322718,0,0.14777597065946135,0.1694893917123975,0,3.2187725298906384,1.237097734175481,1,-0.2642592162082842,1.1738822487138207,0,0.04076876456510985,0.2788713847492118,0,0.9024122091366875,2.153855466622967,1,0.39330143215060737,0.6141454976395305,0,1.0494401710947794,1.7578703525540231,0,0.4886031747316917,0.838487912645339,1,-0.1437002150439666,0.7166060874721693,0,0.4273517981195779,0.4166244818846178,0,-0.09095108808452008,0.46349700715354825,1,0.5247497608269326,0.9573254430070632,0,0.8323568017815457,0.9013519540187227,0,0.34528978887454437,0.7240750083728354,1,-0.23344795378649627,0.23308316307663116,0,0.006152796738275868,0.48414419499010103,0,0.6362673331696509,0.36486792806118384,1,0.6550946614959252,0.6333007571549149,0,0.9303315323876034,0.9951451391747576,0,1.301014821276143,0.984421390365301,1,-0.028465918848853643,0.3881247580617763,0,0.2681076003031743,1.1759765208219024,0,0.02623603694666667,0.7459623937627285,1,-0.274028245360034,0.5223182316221423,0,0.14440265115492798,0.4967482662200367,0,0.3917322015200008,0.9052836045940734,1,0.4589583238322277,0.6861154249691637,0,-0.18737174262416573,0.5903734121626685,0,0.20237050869433917,0.40773787790778776,1,0.6266090495503969,0.9688492353212934,0,-1.1336053943736215,2.4754854967738833,0,0.2024589259401064,0.38876947396513545,1,0.09602620126213364,1.1452565353555606,0,-0.14032320027364986,0.417512462801086,0,0.4000861069131368,0.44134976240618,1,-0.29985481299740346,0.5335296787983463,0,-0.38320754338735263,0.320682709013642,0,0.19404445308184823,0.6640141559386709,1,0.2739077963479096,0.33848489049070557,0,-0.14472305384701287,0.44059785260684114,0,0.38614644217251043,0.4818731760250687,1,0.10936281729264492,0.14097329153350724,0,-0.026773083379752028,0.11089701425794866,0,2.5056922045805146,2.292271866620549,1,-0.027598013682009016,0.39446078760344516,0,0.11574327405535909,1.444990697771915,0,0.23745914670984355,0.6151851594092936,1,0.047082772936224246,0.47146645409037974,0,0.6809267647455968,1.1617186513474245,0,0.19543594098369976,1.3834330828010455,1,0.5631504295583962,1.7000255846754087,0,0.03242754316514153,1.0669787997149296,0,1.2419505282518397,2.5825040490420066,1,0.6027350548962722,0.5618206340277984,0,0.29039232590416997,0.48775940274868396,0,0.6912307152166253,1.4802550800100633,1,0.16975530097506236,0.3320425405600168,0,0.14995368723444533,0.46628682921238546,0,5.876165627153244,2.2197568809134904,1,0.00710981837000173,0.4931142272047464,0,-0.12829017184267724,0.45886678750489307,0,-0.13905943667971835,0.5818066351869329,1,-0.24615037604283757,0.3140560918432495,0,-0.14767637381629356,0.7775008437260724,0,0.39125632274278355,0.8344755800348527,1,-0.5036806012697316,0.8320020582749834,0,0.4275192431846784,0.684251234111331,0,0.6204578229103032,0.964094096181898,1,0.1625429211396637,1.108644726497815,0,0.13767779092210575,0.2271630523958899,0,0.12330347458494653,0.44827368037349247,1,0.21534229269893307,0.53997571602692,0,-0.13183529481844442,0.28479900053493973,0,0.27061041548332787,0.41915809552077576,1,0.5215178261371946,0.8077832327607926,0,-0.04036768635811826,0.6368016346938575,0,0.8853440507125235,0.9100675825080703,1,0.1733426108179174,0.6010816240022114,0,0.5146913974416709,1.399467398038416,0,-0.20359373219338495,0.6625370584239569,1,-0.20334961353194386,0.3529829559168343,0,0.06244313193576275,0.5317122142277554,0,0.7140430046783861,0.9065864873980424,1,-0.38352877506203387,0.6246425391523337,0,0.38505950777201764,1.2360928481442055,0,0.46836185553565307,1.163157442450524,1,1.9011831077480585,1.9707004321245702,0,-0.12918274343331845,1.0816365029959205,0,-0.7482878939695141,1.6967642176543225,1,-0.12533120138125697,0.2813275726168228,0,0.4071183164720045,0.6143707790810252,0
130,1000,0.6,rf,0.47580080237167816,0.019893693344002226,0.02665371333611476,0.07667904647652998,0,0.1701258464496187,0.10095387355630098,1,0.14021714978254748,0.05220149865021667,0,0.0867848413222054,0.060115927811011736,0,1.155032149270035,0.18970868454890966,1,0.03558797298068309,0.06639708649533257,0,0.1253651626579621,0.09902984198309724,0,0.2412151689936352,0.09755305302828805,1,0.06275330369059944,0.05206508314080464,0,0.1821946635631957,0.0793182490815082,0,0.6548577604775951,0.18205455428993778,1,0.19797311267844867,0.1416199135094838,0,0.10327248288984725,0.04234214177642043,0,0.41330844699561864,0.16867754321691758,1,0.1614418619774991,0.06585884252386924,0,0.06724836638994254,0.06319477151844702,0,0.5280043254171961,0.21328774158319444,1,0.13964315327826873,0.19285463279822546,0,0.1172590641536502,0.05911457195248315,0,0.28022744213756495,0.10528706621028412,1,0.25599026890110377,0.14143780648771656,0,0.16978481137721674,0.08901837940099977,0,0.20360660527444177,0.0521814773068291,1,0.178262430038232,0.06936579731458024,0,0.08747057069234646,0.0668746200218441,0,0.24513388990307172,0.07779385149101983,1,0.07727586975605712,0.07202104478575601,0,0.28720959573624716,0.1248905358985486,0,0.46596326218231016,0.10227953606699836,1,0.044683450390654786,0.03259405426662352,0,0.27828583682545815,0.06781967902213755,0,0.24707921361334248,0.12038638927053133,1,0.12665088425979898,0.04679368575391936,0,0.27764351181244906,0.08515548934083338,0,0.2439859992191137,0.1005614085685683,1,0.07758174156006761,0.04360014097811428,0,0.05858757608182412,0.021452071289005205,0,0.23888862755828583,0.11650130556736314,1,0.08621484130373104,0.026417190231821732,0,0.14362439147147188,0.11028724058563429,0,0.6932255513715477,0.23022182759579102,1,0.09826248383543121,0.06786191573902006,0,0.04370013566314272,0.03132527204393538,0,0.1365642190790057,0.05076509287146605,1,0.09609803318161114,0.07863105394149587,0,0.11639738029094744,0.04547428304393884,0,0.40257243891925043,0.1290444592117297,1,0.04519748457756999,0.07167369560352758,0,0.09916943716929714,0.07011526333461929,0,0.6926369316235165,0.08911685065272981,1,0.00607115498283615,0.057888313473507265,0,0.10064018401771464,0.07135057541958496,0,0.8951176162436199,0.1355520995984239,1,0.05804318883808807,0.07440164523231202,0,0.24179053343608098,0.09546622113116462,0,0.3146837782547274,0.08779393483121746,1,0.05780087042032572,0.08400988551653507,0,0.07403672268579065,0.04923947657657668,0,0.41326722536308613,0.12077228836983077,1,0.1738192202062416,0.05953567621700442,0,0.10117121174614815,0.047209129083075625,0,0.2760241344070433,0.0900160065324377,1,0.10861780142612962,0.06292099803625611,0,0.06496142021576182,0.10997397015020513,0,0.15464389802066777,0.23771118287700643,1,0.1017831721357046,0.17518752986077843,0,0.31726247228539495,0.23783278684669182,0,4.426438556658174,0.6845959523787757,1,0.07140097990456855,0.04088740792161284,0,0.05731564212894826,0.03515954402385393,0,0.3946998670729134,0.10213076758561422,1,0.09664509066948888,0.03607420713155603,0,0.040999772866870954,0.04900992399638309,0,0.3900157141811144,0.10696730763121355,1,0.03776255310901914,0.03284021729399148,0,0.05346934811195345,0.04993436675245448,0,0.28408938196444444,0.18077914207722953,1,0.16321602220839737,0.0870393581440557,0,0.10176301993500347,0.07251245571920638,0,0.22824470742905273,0.033100172715774034,1,0.1481068434265068,0.06270077985006757,0,0.09564007652640058,0.06495237149652484,0,0.11700471507978864,0.05135413965602709,1,0.03947017446071102,0.037938421346754805,0,0.17302921304513294,0.068115978713327,0,0.4170927836799175,0.06214094827159567,1,0.08157829605034177,0.05086994750974646,0,0.3679736295078838,0.061806664470096216,0,0.623092515747033,0.06179792130048687,1,0.08463886272693347,0.038846401665628374,0,0.05262907487164113,0.03482673487260489,0,0.3140701386231403,0.027095014668704124,1,0.14118311960359112,0.07676132577561379,0,-0.001310526448417959,0.028525907508209155,0,0.23637589089917724,0.08921900188765317,1,0.5100380958286533,0.12657399992040694,0,0.03369205653953716,0.06611026678172624,0,0.6297529156538089,0.16288309176626517,1,0.0961072780108614,0.08208516241376358,0,0.048505493527675914,0.06543576758893628,0
130,1000,0.6,et,0.4814922443507033,0.009575574349223915,0.025828918427001867,0.04759752588928351,0,0.1635165979532444,0.07517141581599517,1,0.11353423970561796,0.058971686321231884,0,0.09251860949339645,0.07073118182520823,0,1.0950401190713575,0.20984592229030236,1,0.05128215879108522,0.0763829711800373,0,0.059818338310630735,0.09364701740822819,0,0.23154478087466016,0.16910972715736813,1,0.08848699496553226,0.04770819109907341,0,0.2144660656287714,0.08207219946337456,0,0.5354132778004715,0.2161701935346348,1,0.42067881135048035,0.0650275663715837,0,0.07019360124798013,0.046158830010922136,0,0.4170245823983336,0.11775301349831821,1,0.15747809280442904,0.06507007115739853,0,0.12082273441774953,0.08255524263996263,0,0.603625050795101,0.1831012861304818,1,0.21268205798991838,0.10899080838501894,0,0.12268533611007718,0.07238424993841386,0,0.3452291885174462,0.1612696276372222,1,0.23388026306687473,0.13907031792447128,0,0.09622980868911155,0.05375456296379327,0,0.22917287486762716,0.11118186642366355,1,0.1592025565311293,0.03238616557705276,0,0.0751610038130182,0.051024902569070975,0,0.253068135477525,0.0888809445079051,1,0.1807510743933019,0.09151001348119923,0,0.317284739433215,0.09288224158542129,0,0.3661886153353987,0.09369174506812614,1,0.08602992332565247,0.052060202912105086,0,0.23677089579836244,0.13921906839608553,0,0.24499365170075998,0.047924214485778306,1,0.18123301928161376,0.03971641601177687,0,0.3018751367965531,0.13722365476059503,0,0.2789122430930753,0.1280409467787417,1,0.09905612918655685,0.07817384761948992,0,0.06945239263515114,0.046509903026100446,0,0.24960350848346896,0.07928100542850586,1,0.13578979808033764,0.05037368681565533,0,0.11397277692443679,0.13119662792021922,0,0.6887319405369177,0.32002917306314965,1,0.18959269859410122,0.13552186992338758,0,0.04682437130025984,0.05109528578121484,0,0.17661557151357213,0.07632010074128248,1,0.07509343453959251,0.10187855514734138,0,0.11859140159017627,0.061600447765555094,0,0.389443309870335,0.13458973806225485,1,0.104302033968552,0.05234025580700057,0,0.12055960718556866,0.08978180162840779,0,0.5243341421242158,0.12847709390117912,1,0.023380925168108118,0.04944361147654164,0,0.03785207657383571,0.020226588626366525,0,1.0518199383524318,0.12995472458339494,1,0.037142465039093034,0.06506655177892269,0,0.19779809807221554,0.08096187855882074,0,0.36128503787628513,0.10102246796217916,1,0.07594876268867815,0.04420183027278122,0,0.08409693211728089,0.10020414386372065,0,0.43795653204552815,0.08043674541852457,1,0.11389253199718419,0.0719153732763905,0,0.22448188954825393,0.06286866762474602,0,0.2697611859694989,0.0857548939953849,1,0.1164321313569547,0.03582910954200431,0,0.07886488597174708,0.06660884144562622,0,0.22418605210745973,0.11599221172121989,1,0.21061526389629565,0.09744316402776121,0,0.610085143648367,0.22010599334208092,0,2.1900587654855856,0.24682699467225802,1,0.13969762938217128,0.1454211844133759,0,0.07904519002529009,0.07382387509484056,0,0.5608448653897267,0.07676153597808032,1,0.13261089820832672,0.07861134680709597,0,0.07010393532284684,0.07660955893813258,0,0.30093625217293746,0.07963175316765457,1,0.053771787487975266,0.03690604091806885,0,0.05934908816107306,0.0747128240987724,0,0.37026413475688635,0.1277388537345425,1,0.10027727953986862,0.150712114835921,0,0.13919050197256788,0.08607732049929277,0,0.21609996656328984,0.10421143156851925,1,0.11730566519220609,0.056648208572111884,0,0.07817662051630572,0.09521079640990365,0,0.09753063924691793,0.04742096379094856,1,0.11726937770219666,0.04622235482927026,0,0.11589908388356722,0.06999497779025747,0,0.310343303413082,0.08817902402506395,1,0.13260453859654314,0.18125032058011337,0,0.32392134143008267,0.12384163504335813,0,0.4711885344302001,0.1168271819765419,1,0.0732778856587944,0.060706641773084276,0,0.09408359255089851,0.06003938890972341,0,0.39081406702606214,0.18606084093640612,1,0.17432892373233477,0.03783072997989944,0,0.07607071458239772,0.10030792256324826,0,0.2874862751167913,0.1349386798889872,1,0.32988951766036856,0.14918558599849718,0,0.07172591419292529,0.10193683045856075,0,0.9104194002910354,0.23140223624368533,1,0.04254532447603447,0.04191510618416787,0,0.03223631328457681,0.09603470428537896,0
130,1000,0.6,gb,0.6646977482194366,0.020043505025401677,0.007356726339968617,0.007512979660759346,0,0.589409930692048,0.1770857206692882,1,0.029718842832673942,0.0373951059143201,0,0.035220014830474156,0.02897270604117459,0,1.8642253786526741,0.47845178180628467,1,0.004450497404688577,0.007583979764300233,0,0.03480425394275504,0.08045592014802523,0,0.4876590569680448,0.2605947801103247,1,0.14392448967478563,0.13430690636858222,0,0.1410713243645582,0.12276675950253464,0,1.143570020387752,0.38305343831760147,1,0.3762885377946623,0.11370384284473414,0,0.02117744373687619,0.029228077273083,0,0.949939917992389,0.31978780141961816,1,0.003995241745882026,0.015726010622566622,0,0.0293934446220964,0.04529384789168534,0,0.9904972989514406,0.2473006342156619,1,0.19683018746819922,0.056130812933630515,0,0.07453015238729807,0.03229414312761176,0,0.5754422666201088,0.23390686062293325,1,0.4514851438294699,0.25559883528770844,0,0.0699673210193662,0.09817690678503742,0,0.7468059971901836,0.20707555197094454,1,0.131086636561135,0.08071992463524458,0,0.03843472358605004,0.03250873506613891,0,0.570046956072416,0.099955868756641,1,0.033235730903762674,0.06423898585837069,0,0.41956848884099723,0.07708823946757458,0,0.6424183111634852,0.31201462534618446,1,0.018372222783438644,0.015041945433400723,0,0.18034609168265361,0.15600847224754694,0,0.70639134912131,0.10832285100654522,1,0.20477487904025177,0.057623410382956125,0,0.2727230125587266,0.08996767989546302,0,0.8022983494267724,0.2433648687402659,1,0.11930600568253916,0.07612713339979597,0,-0.0010097435262007366,0.008300248849363822,0,0.7665615948660506,0.19267698662253757,1,0.08857573051126513,0.08342995294836415,0,0.10461570983310524,0.07088709306895266,0,1.0909669582007822,0.2669319411157062,1,0.07532722148598353,0.025328477487757853,0,0.01705327390301501,0.0191978418511082,0,0.542898912869715,0.08157813185907405,1,0.06927684334495518,0.04501625775308764,0,0.11727841142824162,0.08686143005786964,0,0.8348670535178601,0.2776436818949467,1,0.06516163226478364,0.07825472712004969,0,0.1016217015436964,0.10560105991946964,0,1.2109658889954633,0.05729341227992332,1,0.0024119745398891437,0.00445997478286538,0,0.007086269184635739,0.04351737667446862,0,1.6888152195774953,0.23765590814678736,1,0.0052232054779632765,0.010446410955926553,0,0.06659887859460416,0.04360121371567289,0,1.0596654458794075,0.19110870018143858,1,-0.01975955416360715,0.02426096229899218,0,0.010286370471840812,0.039338107572523665,0,1.067456975162131,0.0750795504131477,1,0.1969652353764907,0.07816727907676876,0,0.1316460474018311,0.06473267610307822,0,0.6316386759286947,0.159831309358078,1,0.13282525134165538,0.1297345996140954,0,0.006437374755397273,0.08903283774133157,0,0.6852322055991873,0.22124001683435654,1,0.14216195987083963,0.07278549696502047,0,0.18793277838246297,0.15953845524230043,0,2.7166968475628095,0.5081023982671936,1,0.08823050808226782,0.06623102610078059,0,-0.001281798671766253,0.0065327885590656855,0,1.6835868173546136,0.2926885283309126,1,0.01426701156345861,0.031313647608919394,0,0.011834079423357692,0.013790812830507954,0,0.949572853250029,0.13224051396555392,1,0.03698787666925919,0.025565113009626276,0,0.031054216570069536,0.07249881586593847,0,0.814508415979842,0.3429785998723606,1,0.03837011322236336,0.1627763529780335,0,0.11460605715052312,0.09832006945462428,0,0.7378012716204758,0.20294442996215054,1,0.07392874492595217,0.06122732435275167,0,0.27615383300510254,0.10423694760531373,0,0.0711516917013564,0.0672935458299919,1,0.06749260538523015,0.05511094726467791,0,0.23589438778592903,0.20820962021112338,0,0.8702354361383507,0.33131209324898037,1,-0.005145923142945628,0.07083412489336867,0,0.26497131634273907,0.06041096793140293,0,0.9734743057657089,0.18095983468840443,1,0.01816620109527429,0.0433938807830412,0,0.01934645443142676,0.03626349528482184,0,1.0555448849054145,0.29797838026917717,1,0.10033947747297303,0.07850838158701053,0,-0.02511647523542551,0.05928248809316855,0,0.6869049518987358,0.38429479920567966,1,0.3974804837239894,0.33593819454427865,0,0.05275090011718612,0.03727203057621171,0,1.2368741217013488,0.2212787224785473,1,0.011696181389416738,0.015891109073618872,0,-0.0060312591313879125,0.014919618404316584,0
130,1000,0.6,hgb,0.6369560994072841,0.023332638724089264,0.026327330186804016,0.016320641896743655,0,0.4774707282892495,0.14777446285758028,1,0.015693454855468983,0.04207697200468747,0,0.09008819775599236,0.03766516297011338,0,1.5346012794886967,0.17480447316831885,1,0.009602468308245534,0.024277836434606057,0,0.03387140541224863,0.11700772731553094,0,0.6292566244484823,0.21950196777034467,1,0.12492498237670797,0.17923892800000918,0,0.11859842386905528,0.11241662599653271,0,0.9492340342700327,0.46086573585881174,1,0.23930152089010978,0.13979926544984334,0,0.06703280833325345,0.039941552626886444,0,0.7237739030177934,0.17600381974241394,1,0.11296217969764435,0.07235878680405586,0,0.029135143036299334,0.03433456022083916,0,0.6631869305929241,0.3079516089070024,1,0.08376847803533914,0.10634831155305755,0,0.1570473107025409,0.05801463178100094,0,0.5493651842248255,0.25758081985246356,1,0.37990323889699323,0.32463003382231875,0,0.15284352271482507,0.05695128551041738,0,0.4939220430097544,0.12648846107793157,1,0.19447268124176836,0.11525465177880892,0,0.09464709242537692,0.04652256754998417,0,0.3828429731667692,0.124357219723911,1,0.057747917508218116,0.06061073917934496,0,0.47972513032341413,0.13946270005179043,0,0.5157690669485114,0.23081226047573075,1,0.0344677622372323,0.06288730158270495,0,0.01945423630317063,0.11215981429590538,0,0.5885696792448524,0.16392989978994602,1,0.1902620456128267,0.11479605696759089,0,0.28953329230366626,0.07362976606215965,0,0.654036945453242,0.36753668313024157,1,0.07618275844994335,0.118930279998904,0,0.025804210241983,0.02515345010657657,0,0.6207569122574551,0.11160721963090464,1,0.04597219074000726,0.07798371341749265,0,0.10241623457219069,0.1494557683899564,0,1.0264353307629595,0.2581925402166509,1,0.12909471089429256,0.09457805947423341,0,-0.004784935474449556,0.03427752295444838,0,0.4365940456307252,0.15471683072837805,1,0.031420331337849286,0.08821772648353143,0,0.13417506697831708,0.0817131718112453,0,0.601890037258159,0.2425681299089761,1,0.05426894194015125,0.10807689391400176,0,0.11639079691906422,0.03529871277512481,0,1.1813771788065668,0.33130413106432866,1,-0.0017988760299576829,0.060326992376256654,0,0.039587337208948206,0.05443217620697177,0,1.6246433131954099,0.3199524137167202,1,0.021225318898853943,0.05549149877253652,0,0.18749308655634161,0.06306280007373853,0,0.7259412135127918,0.24235348974645327,1,0.017259972739232354,0.07141638983113871,0,0.050942745941423326,0.1055121885611791,0,0.8488480562549011,0.08972873660621589,1,0.28843198206589343,0.29742276189240513,0,0.1943700778947801,0.121171059572092,0,0.4038810867055414,0.2432931560535952,1,0.11934284674924585,0.1186161060336109,0,0.05481770992863479,0.06577991047683851,0,0.5938316560441728,0.45025526072501176,1,0.10746724545468504,0.10100061545332162,0,0.07290846130454713,0.13562218500194337,0,3.1243664097397414,0.23026832505061798,1,0.04480880260322152,0.058368053428594906,0,0.06819588887628882,0.03591196987810403,0,1.0666946133454975,0.28176876384011895,1,0.004739576862470625,0.08404770098027999,0,0.014538305489624703,0.04042898439326037,0,0.8707866666146252,0.19879648104067343,1,-0.005540142816869889,0.07472494372071867,0,0.0005954569923043322,0.060824115750252476,0,0.7452128932575472,0.3146805951429007,1,0.03397701626010506,0.3066683291897724,0,0.058070317258929305,0.11653792208009947,0,0.5286355444985473,0.3198308730355017,1,0.08804576452175572,0.05169571091554398,0,0.09857896234064045,0.05541141806750339,0,0.06595118688513228,0.029367954959875157,1,0.12331267970011991,0.07019385639773644,0,0.23732358231390385,0.1723406198124243,0,0.9607164475962395,0.2102466684071806,1,0.11558786837386852,0.09086754198967971,0,0.446183605558209,0.14774718186199265,0,0.5728235958828121,0.24693673741744315,1,0.02779369938152757,0.04084649426400294,0,0.12811133133396074,0.12470802006495069,0,0.6480745525346977,0.16268938832618435,1,0.10254104036507336,0.0798904454027509,0,-0.035066894207307825,0.07204077134261296,0,0.6571697948799065,0.2542498616397547,1,0.4903713957406822,0.19285748950782042,0,0.07290646734845882,0.06703937380387345,0,1.2990996274113074,0.5658166012751137,1,0.0876211853029648,0.0754585071126153,0,-0.03799128552943614,0.08647114600871648,0
130,1000,0.6,ab,0.48810334129421096,0.012809554223567388,0.013548506242902889,0.02571345849042068,0,0.23417158004194602,0.12324930947873208,1,0.010873995014204241,0.02984642787882077,0,0.0,0.0,0,1.5512329855149842,0.3000015782971527,1,0.048609720394919585,0.1127556725799801,0,-0.06181094779950249,0.05113776475677691,0,0.4049148062448108,0.38081036980156113,1,0.13786481765494704,0.17686544109129645,0,0.17979476733060434,0.17634470748472506,0,0.7282298238633066,0.1754612288660452,1,0.5711316138995591,0.28216988949271166,0,0.1109195121494033,0.17405086201866452,0,0.30189137021298784,0.20764907633449747,1,0.056761836111031264,0.06160854135013876,0,0.0,0.0,0,0.5152439370111247,0.2415888607184054,1,0.2233124297968844,0.24855133640777108,0,-0.002873961561343491,0.03364771849191734,0,0.5776328007852489,0.5218174723922268,1,0.6444466007387658,0.25914726712661995,0,0.006090008222445475,0.05150674835934251,0,0.29108106411651086,0.26852316988107133,1,0.042454942783161136,0.14670206069431063,0,-0.004853758385292337,0.08587243274230126,0,0.30662120062702625,0.39459826243246204,1,0.11247576968097579,0.12216412996799038,0,0.06232499078288807,0.1119389103920619,0,0.5408095682967148,0.497960476993452,1,0.054649595333633984,0.09691582081905027,0,0.15537747901508364,0.10455303861129099,0,0.5507337026304845,0.4043202812475485,1,0.19085580435859464,0.1845569311539684,0,0.41509523531636205,0.2536641281218165,0,0.14062627094671026,0.1905618296773854,1,0.5278354539269519,0.33774501370933413,0,0.007508146991610801,0.020092182421581214,0,0.24189890417372584,0.08698089830384532,1,0.2540647097313195,0.17597803738026738,0,0.29219803192568344,0.3215154411956558,0,1.0889013173920183,0.5094128796822697,1,0.11107854807441295,0.08803804801060884,0,0.0036711551874376905,0.009934150804928373,0,0.29788723860448557,0.23321497288123533,1,-0.02287669360786403,0.11938054542769326,0,-0.0025350329063306845,0.005070065812661368,0,0.5189836811554157,0.1883738251322307,1,0.0006349339262963688,0.07764160314965783,0,-0.0013675593031282462,0.0925579046816507,0,0.8075897353344867,0.3245512504275442,1,0.021819563059618304,0.027599311738058314,0,-0.0038400587379466915,0.04756031767313223,0,1.737078539259699,0.5458471668812876,1,0.007766887942694795,0.05303122740942866,0,0.1332682264653065,0.12234259495688395,0,0.36214142623999396,0.09191553268788291,1,0.007868969719894908,0.015737939439789815,0,-0.034199929433361385,0.06934344957761043,0,1.0151131710423678,0.39439242888539117,1,0.14940209402977167,0.17707590730922845,0,0.060285121099488706,0.09950526183447408,0,0.2871385586566624,0.3028995585681563,1,0.05204308296804998,0.19302984021608915,0,1.8532686338430802e-05,0.06666055580008114,0,0.8306028335651519,0.48317551763171224,1,0.17632604169885732,0.13495602151760475,0,0.23997575083839182,0.10979293154004327,0,2.4832929900016345,0.3315656792898121,1,0.1068721936371515,0.12131876613703949,0,-0.0381519868501097,0.1712595045157509,0,1.0782398625651006,0.378659366158221,1,0.0066885413775386125,0.01954992147841916,0,-0.021257093531157508,0.018096349820812353,0,0.2818049620147966,0.4187206444808769,1,-0.03594171324628922,0.06425141816246899,0,-0.015882899255360773,0.08542871925728349,0,0.8321686651179279,0.2202683179974084,1,0.05777193992542501,0.13220362802346894,0,0.09882979306384035,0.06099968169118076,0,0.4329841699846505,0.4109572501283206,1,0.11759203251285184,0.14409637207130552,0,0.07770853037005274,0.07078587625539207,0,6.858196679452866e-05,0.10346216880163625,1,0.1602339915792496,0.21748291609435577,0,0.07365831712337156,0.08023538345902986,0,0.4417064015110325,0.3461024900965262,1,0.19093802857445963,0.24407185595579964,0,0.1356136443038451,0.23289104446436423,0,0.7234758628622524,0.4280914962981149,1,0.009845619378474196,0.019691238756948393,0,0.0550888664601757,0.05514964994552469,0,0.34584895702619944,0.17049505788166266,1,0.22554085304070245,0.13551729600105783,0,0.02157029444794578,0.09060039543780712,0,0.5746236583285433,0.40051678612500474,1,0.44599121555760224,0.24583980196420016,0,0.08430335560638738,0.13306958307034622,0,0.9057790700373056,0.17350560530737838,1,0.03191554220705635,0.0631759817386807,0,0.012218347919431253,0.024436695838862505,0
130,1000,0.6,bag,0.4160148028769388,0.02232779900116222,-0.02122686577010584,0.15200445253885067,0,0.13920661140422672,0.18687802453032312,1,0.14461095172805352,0.197064386917811,0,0.2914799790480635,0.3279977274919058,0,0.7980468393715696,0.41633821710842156,1,0.06200592575240782,0.12158530196997593,0,0.23900840574367815,0.22767921283745357,0,0.3659466222349278,0.25464510393317147,1,0.05262708770577366,0.32933930995779287,0,0.10942590448044269,0.21921591724359024,0,0.4725441566468982,0.22723872291017289,1,0.3272236229779587,0.2393169123235645,0,0.06689937898015905,0.15044328981316146,0,0.3483861888273313,0.2618490379910722,1,0.2048158347461614,0.17073421671578126,0,-0.07114127245549179,0.0998975678481177,0,0.7712590081563298,0.26114165209501244,1,0.3365587633112607,0.44994194841020246,0,0.19473082940747047,0.13702935890931517,0,0.18709507271026238,0.09701016754972573,1,0.2940092768318152,0.19601134469420725,0,0.2108244922250658,0.25831152603686763,0,0.1179881488451491,0.09242256699782177,1,0.2397608576679257,0.30647361857375216,0,0.09636715394067616,0.1222889855907126,0,0.4033317207435834,0.1935271694323633,1,0.05183120566039327,0.09768459941547834,0,0.22194971589971776,0.21372660748901534,0,0.19487058739966256,0.16753734585519978,1,0.05048557240248338,0.1920910379278038,0,0.12968285410483543,0.15278263601305136,0,0.2463733366486113,0.3778816661011989,1,0.19881712263380974,0.18872793519139708,0,0.4709517458638971,0.26424473129865883,0,-0.04678304042693908,0.19212002574224588,1,0.27325822929172616,0.13694898380448403,0,0.1617772881235337,0.21877010841566538,0,0.46258437592680746,0.5170934738466242,1,0.17216635341685144,0.18659463093242157,0,0.10921515753062157,0.11789401922137817,0,0.7942438617826465,0.2891340348037274,1,0.11683078554818978,0.14335055557540846,0,-0.0971851488791758,0.42279261161081,0,0.0359721165553593,0.3015696248899721,1,0.09834169093434532,0.16681165794892291,0,0.301843775834984,0.29098171122068023,0,0.48377644825827354,0.22210476015956349,1,0.09855194464247166,0.1529946036073096,0,0.0907073318368536,0.2765750593835821,0,0.7917098121091541,0.5603456561437389,1,0.021780848640731397,0.11260776302872087,0,0.3165552382183582,0.2763602185225367,0,1.010234579013805,0.15723083319629164,1,0.08931540877301239,0.12422697281201857,0,0.25090659913414565,0.3137007463119735,0,0.5371539881887537,0.4993737307371155,1,-0.006140346978090549,0.10863543239773814,0,0.05583969010296884,0.16680842551238384,0,0.36081039638897766,0.15273398948790576,1,0.2554103767007205,0.19215769509984737,0,0.16799951039201355,0.15638777064121792,0,0.2984037873839002,0.21400842183418833,1,0.16194078416954882,0.2208260846910413,0,-0.012257490740213983,0.15243558925634718,0,0.22033382710263552,0.17092600075458567,1,0.081539268942464,0.3075780669727951,0,0.37627042424623125,0.14186717296503115,0,5.223937431090479,1.3373125777230208,1,0.22716498847620487,0.118563263507925,0,0.18295543174497894,0.10792230177815545,0,0.6199444091660313,0.3963774079283701,1,0.08132661049187863,0.14558304273368183,0,-0.01976994187231196,0.08721079715877646,0,0.3949641757493937,0.27629883416494416,1,0.035788436472484406,0.23362254381371741,0,0.17975129512292318,0.18179943787486127,0,0.28974518440072383,0.1159823077079524,1,0.051768451815280156,0.10698497118920162,0,0.07584442202876177,0.2447785470330601,0,0.1530635375477713,0.20859205813049375,1,0.13564791453457453,0.2317994572244737,0,0.035809926631788856,0.06845688548260485,0,0.17589102119607822,0.14089221574925134,1,-0.07337469062161037,0.11043312215959407,0,0.17690013399378451,0.23672593808109071,0,0.6660780406757782,0.17887953639410886,1,0.1629602482525898,0.1751647265735852,0,0.5031871742426371,0.35657149327163007,0,0.9148921176128072,0.352591520689253,1,0.09302547106734749,0.1569908852117282,0,-0.06853838681225374,0.22170500859063272,0,0.3811876578167418,0.32738446821494455,1,0.08844430181236237,0.21343653944456342,0,0.099740985327131,0.08757716413471782,0,0.23435685941674417,0.16410894289795466,1,0.6289602529629754,0.7187635803341458,0,0.1376853542421476,0.1818221242362441,0,1.065858079157206,0.549700557814869,1,0.1079307368419862,0.0412493136528158,0,0.006606641022229437,0.054166694979025806,0
130,1000,0.6,mlp,0.9645857206208757,0.003106627653398014,-0.021270809583323964,0.036254302159392036,0,1.4216691509084443,0.09058860119259732,1,0.03570800866115533,0.022057756206999794,0,0.01595663830064806,0.01842356439699773,0,1.972375609602085,0.07995358401550233,1,0.018472697126314715,0.020535288726497895,0,0.000813970423543,0.008379942974631148,0,1.6419750352704026,0.2224788470537042,1,0.015907455257114435,0.007911179626000077,0,0.0064479354358325525,0.01656870594627134,0,1.742004275473122,0.18141466595370365,1,-0.010965530148058037,0.011898377786648612,0,0.015134555667391497,0.01730758025830998,0,1.5980601373477223,0.10095174818414505,1,0.0013574409615431083,0.031092204854867377,0,0.011056335215431059,0.015580971170390473,0,1.4048600283754238,0.10298356901270334,1,0.018649326040027447,0.029966150236755907,0,0.0024938654193088793,0.024383387256198055,0,1.8989432458697864,0.33112711523841276,1,0.01148018253686264,0.0220908048501279,0,0.0013511876828769449,0.010638733309023412,0,1.473131402155169,0.2177948691527609,1,0.010845478721363877,0.014081229472491016,0,0.008545851734841648,0.015633256786182284,0,1.6273508715537535,0.24860794106180925,1,-0.011883812132262136,0.01415758613267964,0,0.029591753489268312,0.011889397314184173,0,1.55199574809431,0.23463271802314928,1,-0.008592764080499934,0.0167570475267354,0,-0.008542077000876993,0.012791925126812296,0,1.5499145404183803,0.19009264875069948,1,0.01386620038131256,0.028396808429901332,0,0.00128733705783301,0.010529349723387859,0,1.6432235747117425,0.2574149156908919,1,0.01286091682965122,0.05782196117548978,0,0.007877406618612378,0.024735321032117445,0,1.7186924945692308,0.22570562136107505,1,0.014544536029170723,0.010657341396118536,0,0.003957180062304283,0.01669693966996992,0,1.6382688788398405,0.34132288581363146,1,-9.020731749291924e-05,0.014450679538844729,0,0.05267560290221872,0.02957712513415202,0,1.5653393759344112,0.3153742756461288,1,0.008255412728129536,0.01764129875433722,0,0.04001588487859845,0.03700136789107556,0,1.593210573912923,0.3119532214484931,1,0.006504332845343732,0.026854285092033026,0,0.01748402953131091,0.029805229559721105,0,1.9561156073295756,0.4186159884343139,1,-0.016666584680012215,0.02063639257809701,0,0.003402595433652892,0.027048570895398347,0,1.6792271566281922,0.09801285099338697,1,0.023735947110850242,0.02977506928156376,0,0.02223301012935045,0.008971848224795452,0,1.6535525065502399,0.19419018776665797,1,0.024916010626083,0.022272134162168233,0,0.019808276437652213,0.020271642607643386,0,1.5692601458040456,0.20286740021700087,1,0.032455534087214896,0.02089520959074911,0,0.018048348365757614,0.020514266834465167,0,1.6600579999964242,0.18355137123769877,1,0.018883580461589763,0.024787287789255576,0,-0.011161671308002458,0.03819314603933242,0,1.5691850411312136,0.08164984394611363,1,0.02594042706409356,0.015240949674391598,0,0.021727291292239208,0.01702500624200746,0,1.4210318930134929,0.23096229436229057,1,0.04665071546397216,0.03748596282845304,0,-0.0036607837911582196,0.020244908878633384,0,1.3705980686732908,0.27128722851687437,1,0.033040932241128466,0.022943388233049873,0,0.014571974806360358,0.018546462560262184,0,1.8770103594883232,0.21086001442218777,1,0.027849984680228375,0.020477711541221702,0,-0.00493242199856617,0.023640582482612832,0,1.7840823056378219,0.2981498552607296,1,0.0077877164454448755,0.019453276876697855,0,0.020793078593753487,0.013166002471810838,0,1.8910577251790706,0.24683166643350776,1,0.020807682145175515,0.02335252165150562,0,0.06375674630909026,0.05259945142623381,0,1.2273395542485501,0.09142598077139819,1,0.01884388231583734,0.01943971510503301,0,0.019693799933775465,0.023270278787648827,0,1.757273115247807,0.1909478728499672,1,0.0022282330219473975,0.02953032304060127,0,0.011557240172507633,0.01768128714496994,0,1.479966446690635,0.28501745325633304,1,0.011794072087912954,0.022978363065962543,0,0.017526481055742844,0.04707959173141575,0,1.663590032048144,0.06912094153887223,1,0.004307063101958136,0.03551606877100298,0,0.0044933797577049114,0.01032100608582039,0,1.4982319505682646,0.1458520404300863,1,0.03757029466651585,0.023059784772005893,0,0.004650856931926102,0.014560041711190576,0,1.9121633214053049,0.11235829838809555,1,0.038032149184889764,0.024193864921544305,0,0.00685376382903681,0.021971643557633595,0
130,1000,0.6,svr,0.7612216737562216,0.011863661121342817,0.10860162153721312,0.07528766991166286,0,0.5716368776124003,0.10462573349797888,1,0.14688948536073518,0.06857054214223918,0,0.19492167121385667,0.08950441166117644,0,0.711993963714073,0.18481858018715383,1,0.07092037132663351,0.09115837691039991,0,0.10262334341696441,0.10236250476480882,0,0.6100989654912572,0.1513871825846093,1,0.13386574937785872,0.05213247952760114,0,0.2396953746505525,0.07795857007899169,0,0.7188815212038984,0.11067386307360152,1,0.280306878283339,0.096237568956464,0,0.17806566586283878,0.07559065851939546,0,0.4347422891977737,0.04118323657892808,1,0.2147369806843061,0.06366211548231034,0,0.08674183714189183,0.06863914823059161,0,0.6066313814449382,0.1069061885415404,1,0.2785522330218603,0.10042605166373768,0,0.2704396587481459,0.07936134176701434,0,0.6025460542127614,0.16228518718270588,1,0.3325562265195124,0.18890675051019323,0,0.1183540021905551,0.050382209254623875,0,0.47902545112906053,0.0860166914433916,1,0.14589055696100506,0.07009290866077267,0,0.1390341657758865,0.07991904572931192,0,0.4152634827228618,0.1287371021806982,1,0.18128287014976063,0.059119112204270956,0,0.2989043673418651,0.08158379038832866,0,0.5173751468004549,0.11041012312413281,1,0.1927280194125668,0.05926912524658332,0,0.2746992626600603,0.0686889183084781,0,0.40586017410187997,0.07369809574552143,1,0.2169870684821189,0.07421784497225895,0,0.21280996982114822,0.0654794348185833,0,0.5076808994027963,0.07715571555398931,1,0.1482801210596215,0.022694889766077413,0,0.07591833295808423,0.052692513699351705,0,0.6519744083875274,0.14890570842844453,1,0.18578454655128912,0.06968441705297648,0,0.23443452949017868,0.1100868600423581,0,0.6567422212660035,0.17079023583453043,1,0.22011500678780677,0.06762241739641377,0,0.0164431632343681,0.04662608904198278,0,0.4879960244225668,0.07638562220470715,1,0.14199881430372258,0.0485419566291667,0,0.25521895002334966,0.07898595437684365,0,0.6041611459020969,0.21991721808053222,1,0.15191228637807852,0.060231006275662365,0,0.1400100640889669,0.05966265789507755,0,0.7614720902300238,0.188161571181818,1,0.047599221320351964,0.06723719512688221,0,0.10005516174726906,0.02477489202619572,0,0.6252665921513265,0.040068648895494184,1,0.1304050072575144,0.03278396625216806,0,0.27380122062744344,0.0913853727808681,0,0.668685976212113,0.05427565779946656,1,0.16879065832563311,0.04734349809662634,0,0.15185684972737526,0.056878649472805576,0,0.5994682361207263,0.046377496731674864,1,0.19585044665978985,0.03264072608285031,0,0.20316304669390287,0.07278060516881107,0,0.5686285498231174,0.16061141786056116,1,0.13011512371659045,0.09208921902084295,0,0.09974133039506844,0.09431446665424818,0,0.58348022446058,0.1584685660306871,1,0.28376547374030164,0.04909344663363554,0,0.475461544074666,0.0694347527734865,0,0.8809772788708751,0.13363453159756564,1,0.24106532483632903,0.07029452107167065,0,0.1017415021641207,0.043816879896562466,0,0.6787781293732568,0.05843556090322155,1,0.18353110921805046,0.056320867671159715,0,0.07596959384164248,0.04439850391643201,0,0.7133824428148591,0.11491986874997817,1,0.11634135005398874,0.05432591359385394,0,0.057538018032235703,0.05274192531691244,0,0.5758181387077321,0.13779335238832946,1,0.12378699472199003,0.07843859563016295,0,0.29829275321504245,0.11512971170016384,0,0.5239595684170503,0.11827184077901697,1,0.17782209681281516,0.10321406110766579,0,0.18226750607755382,0.07466577966008113,0,0.30159965801150673,0.09696108814271688,1,0.17804152112811322,0.028908697512061068,0,0.2415606671319231,0.01863044588810511,0,0.7707481341403157,0.07234465425852352,1,0.19288930423170683,0.06859760827996085,0,0.22200912239721865,0.07417736357422243,0,0.5755774485835466,0.06858277201076242,1,0.11934115587851919,0.028668552867687134,0,0.15741182595128103,0.025682145230519714,0,0.6245276642012538,0.12192247318822937,1,0.11126128471709192,0.046007186428443245,0,0.12471142680695828,0.08812306736522814,0,0.561957412386225,0.15903246657722642,1,0.37549240070070017,0.10817467571000731,0,0.19019350937350105,0.08386551302182825,0,0.8516615662517106,0.21223734883909795,1,0.13728863039445688,0.050093372979746496,0,0.09513551095681555,0.08545428829819975,0
130,1000,0.6,knn,0.5561539838072493,0.03742058807266196,-0.2286014932111331,0.512193220960155,0,-0.16205335502553977,0.7250554059567496,1,0.1084832401230279,0.5970624632624405,0,0.20700080643481406,0.3691506064234868,0,0.9732853333392963,0.5141182958998055,1,0.17066416197353873,0.2993463934001457,0,0.09721168133007194,0.6692811624945676,0,0.463188956864966,0.9017973733398371,1,0.15583428151110143,0.6774802345337667,0,0.44600899713983466,0.45619754004447016,0,0.5313597023357113,0.5682447765381173,1,0.1249330214917566,0.3803930974671963,0,0.19611037066232756,0.5443272828459724,0,0.3419175318609813,0.5157394924362586,1,0.4803644689505159,0.4843427878251679,0,0.2930194193612972,0.3228357186810223,0,0.7425046015726636,0.3189534806583674,1,0.22796327310950745,0.5949194854859262,0,0.4673112475314092,0.3629135857107145,0,0.28401532460119017,0.2808184512442487,1,0.26543360639732116,0.2881404021609428,0,0.0712194020389225,0.5121062361988054,0,0.5838136513256558,0.30132125661754317,1,-0.05300205784184893,0.223881601059845,0,0.08684000019842537,0.34537519670193845,0,0.47456977835507563,0.38346503081140987,1,-0.03498699709390687,0.30763353946471633,0,0.2976368788104796,0.5697424491760734,0,0.27572412678160585,0.13587895592317156,1,0.08079594120536818,0.4223727304245104,0,0.3334031667916237,0.5126826359965976,0,0.09216462885924051,0.33547251222980634,1,-0.24480931061783262,0.6186505805475448,0,0.40045357156588457,0.589517665411479,0,0.38064235265753665,0.25606713202976783,1,0.03459044184856077,0.34129560206616755,0,0.22748799425439623,0.1907017583646067,0,0.6130173526497127,0.42502157615142533,1,0.16942843393853563,0.7840776397190343,0,-0.01054777163896794,0.6709645724930471,0,0.25803215522784273,0.3757855524063622,1,0.1413243863770625,0.4968812465255103,0,0.0017600789882851076,0.6476545187689138,0,-0.010288811135778297,0.580071006625442,1,-0.03927060107303462,0.21868785483539818,0,0.29708459445270485,0.41580868507697283,0,0.700721538733583,0.43350295651427484,1,0.26357330863998885,0.4927212409363774,0,0.12704547448489342,0.41207357619556695,0,0.5530552131702053,0.6802867587690067,1,-0.07870146261172645,0.44524726446297624,0,-0.22234695347286965,0.4400023696269615,0,0.4312951570500417,0.3898261602925211,1,-0.00520730257643427,0.5357931982618417,0,0.23164504218477613,0.500982341906599,0,0.2492892810642356,0.5170644449812197,1,0.3391165706289592,0.5445590631832111,0,0.29748813164093973,0.459686608791538,0,-0.028305767989731546,0.2901739983637834,1,0.07953772912324897,0.38452415350188845,0,-0.014986080520890765,0.4512880599584066,0,0.37527459293345544,0.2604842425026188,1,0.045364650371053826,0.3656606749659045,0,0.09330237846819289,0.4528806023475371,0,0.17905487344972648,0.3154486432963209,1,0.24092720777857418,0.43596299503436586,0,0.235019985900556,0.3427800975822796,0,0.5745081632821132,0.47264052935975104,1,0.16848572649836382,0.43463044958390556,0,-0.1242369680424861,0.44160468447886325,0,0.38968433061226976,0.44704324701023407,1,0.10018973941006774,0.26650198849302514,0,0.33415536665556345,0.4282456130835693,0,0.11148071757249704,0.43332168089431744,1,0.01357558596666055,0.2672214720113271,0,-0.07140926641331999,0.43961784239553114,0,0.22618322297917554,0.5499705819884355,1,0.31658135283865946,0.5076977952126586,0,-0.1605438648832877,0.6163590559475477,0,0.10707284504147778,0.4281820775586322,1,0.1668593783078033,0.45122346935897095,0,0.2202194821180654,0.44751911489418783,0,0.0637341650625785,0.2927683271697052,1,0.02852853553502279,0.28930171249745773,0,0.21144391928819922,0.23150057686984055,0,0.19766684146940708,0.26964223283938027,1,-0.25315262995487536,0.30282455292277305,0,0.0905607517471663,0.29464007440358186,0,0.6964300366419466,0.13935263921488908,1,0.3977682422767831,0.16569639940602213,0,0.0010485608997922724,0.3824991488683575,0,0.29846142564043543,0.5244318627045486,1,0.1167192467986378,0.4761611598027933,0,-0.060531694506213,0.40434541457321616,0,0.3679225154601843,0.23814249035989382,1,0.31243520939182234,0.33635535516391685,0,0.18596658829278273,0.1714090711592726,0,0.6857215442737246,0.49958055291148534,1,0.07228940466287366,0.48320832798585023,0,-0.04792059019901527,0.36381787034946905,0
130,1000,0.6,SuperLearner,0.9781041350873396,0.002386829911236906,0.0024220679877956196,0.006406368186691316,0,1.8484625963608337,0.1160348778412582,1,-0.00029934104679739084,0.003428136368251812,0,-0.0016865048528676729,0.0028603567036844975,0,1.9695407597643464,0.1332771034551533,1,0.002007104217768596,0.0019752087583044978,0,0.009578947920675054,0.010107146897723358,0,1.5954109562784253,0.255943171003629,1,0.00033012473224528356,0.012718998883007763,0,0.00240098140656484,0.008403894784843147,0,2.1724228627195274,0.23758459416035183,1,-0.0012339826849048553,0.011108956262181393,0,-0.0007956065101184242,0.002649977383391951,0,1.8433165422583109,0.130086202142328,1,0.0007247405636236559,0.007834894250685757,0,0.0023719954053732727,0.003428664196450912,0,1.810959591710499,0.11203886875265373,1,0.00034921496913954453,0.00302213941767174,0,-0.0008140651022737275,0.004749236612948603,0,2.161914446256268,0.3507772221079919,1,-0.0003157084158670054,0.006323212424856498,0,0.0019223468734863864,0.0041467531946737845,0,1.4937907174610887,0.1907490027346717,1,0.01328484471280936,0.0051573875930536524,0,-1.6831558633391765e-05,0.0017187561669651254,0,1.9577970168960015,0.2134531067447269,1,0.004253403193625401,0.0035025323354908066,0,0.0012974295045390873,0.004403627897215487,0,1.7598805795986983,0.19266990997949615,1,-0.0006544583892590756,0.003055926674652494,0,0.0015724280837972782,0.0043471665809644245,0,1.731049656451395,0.12618580260776774,1,0.011051700753621139,0.01821950969087829,0,-0.002091914615425044,0.0024391467894449414,0,1.989837315577443,0.23992419518340002,1,0.000376728741367585,0.007664267408431429,0,0.0038413900855876247,0.0069263205887096346,0,2.3173931917505866,0.1677765856335501,1,6.962729695814043e-05,0.0024583735972224735,0,-0.0023565682195008123,0.004119890933773468,0,2.088796286179599,0.30287094115836,1,0.015377451827340644,0.011817408131860307,0,0.006958074917434094,0.004753739245491891,0,2.046189306428883,0.27551570536094083,1,0.0118885499647747,0.008185505752607694,0,0.00582638452686871,0.011369904712252901,0,1.9740062739975985,0.2955698290247232,1,0.00986755734851009,0.009778820274376692,0,0.0059372065395545395,0.009102834377307707,0,1.9421662267203577,0.24905127414969033,1,-0.0007218557241136486,0.0055455342354395806,0,0.00654262638276939,0.01356551949095315,0,1.9412533007432777,0.08178634545376212,1,-0.0016757281788324363,0.01406724270204668,0,-0.007026771475872519,0.009882471197914314,0,1.8978547888637967,0.253299094298493,1,0.00735106930844019,0.0033516380216222176,0,0.00010410843842998683,0.002695607509409456,0,1.8478712093200471,0.1932807599895122,1,-0.0026113431448921845,0.0032166921791023854,0,0.02311195558076495,0.01971644630124039,0,1.8327443329318278,0.14563552749859102,1,0.002417140411430805,0.00442547530180965,0,0.002115508186674912,0.003210937561537972,0,1.9805801417946864,0.14541758047694264,1,-0.0006124312712384234,0.0075314853190039145,0,-0.0048656325939270524,0.006227799016803091,0,1.8792415360749388,0.2899911333840248,1,0.0015671244952009885,0.007772082776179493,0,-0.002942626385232,0.011456096178475475,0,1.678818496559828,0.22854944784227496,1,0.012030028591134702,0.016725109910886184,0,0.014143813217745809,0.02299530306161726,0,2.0556825185171697,0.17992908852508507,1,0.001670130371080096,0.007327867878865318,0,-0.006855737057625792,0.01029603646523168,0,2.3661349065457387,0.24519010035105418,1,0.0032205786271929508,0.005452025495350826,0,0.004500100516412413,0.0024266854163032003,0,1.9699441649625176,0.16846010329013275,1,0.012999171475550575,0.007858306374456652,0,0.023518810208538413,0.00956739258022953,0,1.3845094574770758,0.08205856199329842,1,0.004097363073169362,0.0041669968941787155,0,0.018568622640388915,0.010221333645895529,0,1.891623386361178,0.115103087834662,1,-0.0009710673567445201,0.013515989355126429,0,0.007278214944858276,0.006723548750973639,0,1.8003310805931345,0.31051063318227146,1,-0.0030990637374238403,0.006265256838453176,0,-0.005389149047841502,0.007567306353160282,0,1.8407615459282893,0.14462656036439067,1,0.001451216474276207,0.005290305019659496,0,-0.0005841352301772496,0.002071066065731624,0,1.8100545011186735,0.13922259412817206,1,0.010634959050961654,0.005448582205738508,0,0.009012782906260867,0.0077070850473641,0,2.258566874707359,0.26319244650140694,1,0.008667364502710388,0.006540785008810228,0,0.0006232699304019667,0.00131508325258155,0
130,2000,0.6,lr,0.9787329850881161,0.0026744431613543234,-0.004612644529154225,0.0049675392051515554,0,2.0417290901708673,0.10763112352641944,1,0.0007188976462886996,0.0017238464463324033,0,0.002120906179758128,0.0034157701476699325,0,1.7312400193372735,0.11375157837546461,1,0.004499099194259171,0.004762912225567374,0,0.0021793068944826605,0.0027092721723527367,0,2.091572218308018,0.08001772038376297,1,0.0059172035048303175,0.005966583700641237,0,-0.00037148712780944184,0.0005205786391599424,0,1.8679291934208835,0.07574967270987948,1,0.0005671289520437282,0.0014450893009992352,0,-0.0007452373213631989,0.004006307565533256,0,1.8299034406972212,0.10998831884897228,1,0.003768206236003929,0.0046712253760507255,0,0.0007411758476131954,0.002830377570449566,0,1.8436060102095269,0.1524213036482845,1,0.0013694057972690802,0.0033802471967335924,0,0.0002992045234475737,0.0007858648273145354,0,2.0981805428631395,0.20584244301508497,1,-0.0021116781541331607,0.0022230800496126097,0,0.0006256797938101269,0.001594501341918016,0,2.27738542953356,0.1930971041317005,1,0.0017581641157717487,0.007274887829819978,0,0.0030380019106255015,0.005644528872813412,0,1.8104538566408437,0.17061827414548295,1,0.0046386211421703015,0.004688818780463971,0,0.012560821136195555,0.005757326777403122,0,1.9829361317072813,0.13943226024930053,1,0.0011063326249857188,0.0020588446102928802,0,0.0004509314934215674,0.0011813722520631772,0,1.81984615054053,0.11729566207162574,1,0.00045368608890602004,0.0007887754166340039,0,0.003284612940839749,0.0028262400864823034,0,1.8626453152564948,0.1933890646944322,1,-0.00014616908674708285,0.0007024512070161944,0,-0.00040526215647903994,0.0007984863552190641,0,2.046916918891908,0.12853622168838924,1,0.0022774963845218162,0.0014768926797481515,0,0.004008688195894941,0.0008717779692720531,0,1.9570737796213273,0.11621918718437507,1,0.0013081595518182655,0.002490963816255785,0,-0.0008727486738801842,0.0014185879877551715,0,2.0322526989928553,0.1543519178246309,1,-0.0008974415436858146,0.0027758006638634383,0,-0.0015167534487991736,0.0024858651171164353,0,1.8655646389266547,0.13740976598397261,1,-0.00024019358310085095,0.0035124101097741994,0,-0.0006230610302776065,0.002184439360693727,0,2.1423098181460682,0.16698367521508398,1,-0.002838502094214495,0.002962277113763165,0,0.0012553140563173655,0.001635510382981665,0,1.5824050578165063,0.13826163399441313,1,0.0009665577269812844,0.0048637336831575655,0,-0.002419953182878673,0.0030011457050885216,0,1.9162761356544198,0.12968564326907694,1,4.910085497879203e-06,0.0006182168788569268,0,0.0006993253617334263,0.0009835143466213065,0,1.9840400734832357,0.16206921744941805,1,0.0019480554908113512,0.004786598112697688,0,0.0032401005410409704,0.003148164154217075,0,1.958677296114883,0.07508100993424906,1,-0.001370364608048034,0.00386625142505373,0,0.0032262012331580638,0.006233419445926477,0,1.8801862004859924,0.1700895484054291,1,-0.001275846288480988,0.004039883771541322,0,-0.0020550898050419263,0.0026383597609362505,0,2.202666870971183,0.2197742240380794,1,0.00217228214851397,0.0014232594715427515,0,0.0019626460009092906,0.0033749990570060328,0,2.237539639656519,0.07066386928355414,1,0.0023837106536107925,0.0010833498288765977,0,0.00010585960098948404,0.0016106663925539817,0,1.9340135176988646,0.16242626044550598,1,-0.0014955946327669545,0.002117107262652125,0,0.0005632611528322039,0.0013575171169279499,0,2.1530319259534907,0.05983833189203037,1,7.187917781168009e-05,0.0021856518461591894,0,-0.0008075801484302144,0.001264539145900427,0,1.9907700590562745,0.22913525379647856,1,-5.645363645194529e-05,0.0014226366838290664,0,0.011745499148436346,0.005338145130792076,0,1.685387400701749,0.09061836270594051,1,0.00106047756377535,0.0008349050238937967,0,0.0017490652363584332,0.0035634011993659377,0,1.9388201079109184,0.1721710621914594,1,-0.0010489854371760734,0.0020019308544037126,0,0.0020649388382761027,0.0033845009790793947,0,1.8128164049415816,0.19810744976455646,1,0.006073281638961931,0.0075561408935861715,0,-0.0022908634352315762,0.004755663815871128,0,1.9506858910418177,0.16078688529576618,1,-0.0012511210527376693,0.0016726706181534072,0,0.0002712095573103319,0.00100680738760323,0,1.8287323253910341,0.0878404809169847,1,-0.0002970295371834802,0.002049678931794732,0,0.0033049257265523263,0.00535432859080238,0,2.184032697539039,0.1796867037213425,1,-0.0024184903677964666,0.0027517435495708967,0,0.0009074198329736395,0.001588873301446872,0
130,2000,0.6,lasso,0.51631427520375,0.015585816635147957,0.0,0.0,0,0.502297155978088,0.11765243683354085,1,0.0,0.0,0,0.0,0.0,0,1.2748135632385307,0.11231623823027652,1,0.0,0.0,0,0.0,0.0,0,0.37304469264100343,0.021783384375790218,1,0.0,0.0,0,0.0,0.0,0,1.1686634727325034,0.05476857206596318,1,0.0053739983846648725,0.010747996769329745,0,0.0,0.0,0,0.5591543772556763,0.06636423813835769,1,0.0,0.0,0,0.0,0.0,0,1.147601175161827,0.15481319388582954,1,0.0,0.0,0,0.0,0.0,0,1.328541329375685,0.15543793250276453,1,0.0,0.0,0,0.0,0.0,0,1.0458099611470293,0.1433602631631904,1,0.0,0.0,0,0.0,0.0,0,0.3263608496303835,0.1148299099008039,1,0.0,0.0,0,0.0,0.0,0,0.9751199429531727,0.05435691516154351,1,0.0,0.0,0,0.0,0.0,0,0.5865789278959326,0.07585705609452104,1,0.0,0.0,0,0.0,0.0,0,0.48867486890328066,0.09142685068000658,1,0.0,0.0,0,0.0,0.0,0,0.5647397705897996,0.048907284084745484,1,0.0,0.0,0,0.0,0.0,0,1.4419323526842587,0.07594658366516407,1,0.0,0.0,0,0.0,0.0,0,0.7316201938490083,0.04322848603178165,1,0.0,0.0,0,0.0,0.0,0,1.054412830786011,0.10745683186069745,1,0.0,0.0,0,0.0,0.0,0,0.6078357830961729,0.06741806129314319,1,0.0,0.0,0,0.0,0.0,0,0.7694738529570297,0.03968346492556547,1,0.0,0.0,0,0.0,0.0,0,1.6314483264739248,0.17017350657505262,1,0.0,0.0,0,0.0,0.0,0,0.8606153569510108,0.04814000429426038,1,0.0,0.0,0,0.0,0.0,0,0.6138091994481811,0.07165636332805979,1,0.0,0.0,0,0.0,0.0,0,0.5086192934929471,0.046676458944876556,1,0.0,0.0,0,0.0,0.0,0,1.8451844879196173,0.10780368944659971,1,0.0,0.0,0,0.0,0.0,0,1.0301755399096844,0.11028071404856803,1,0.0,0.0,0,0.0,0.0,0,0.8517453880814567,0.08043460089992178,1,0.0,0.0,0,0.0,0.0,0,0.648257541628969,0.09125030223855118,1,0.0,0.0,0,0.0,0.0,0,0.8875262132764323,0.06210678489497279,1,0.0,0.0,0,0.0,0.0,0,0.10169207869584371,0.08596819044550587,1,0.0,0.0,0,0.0,0.0,0,1.067422529432973,0.07224482278111938,1,0.0,0.0,0,0.0,0.0,0,0.9665267599129825,0.09646036605712109,1,0.0,0.0,0,0.0,0.0,0,0.8102842285658891,0.12667109665352377,1,0.0,0.0,0,0.0,0.0,0,0.48857714797639523,0.15527901110568917,1,0.0,0.0,0,0.0,0.0,0,1.1672334997274596,0.06551620341533687,1,0.0,0.0,0,0.0,0.0,0
130,2000,0.6,dt,-0.23287993080879626,0.12144119669991155,0.3775742559753933,0.2609424690774875,0,0.1788973012257584,0.4624802634762059,1,0.06179900792368294,0.2126284120434972,0,-0.01569019894456642,0.09259462439045607,0,1.8789521862709624,1.698451869691242,1,0.7399153121631894,0.9085208665797402,0,-0.21409493052292605,0.38899306330011496,0,-0.006120380858733054,0.32400244041437803,1,0.012419951791594344,0.29719580118314387,0,-0.06464359821032778,0.18871163024833765,0,0.7997459070668463,0.7690260178456138,1,0.2507599147556949,0.40081437289150357,0,0.1511813668994753,0.5939150963497499,0,0.25835718291480775,0.31713013195926437,1,-0.0002476992711457626,0.2778469458825452,0,0.09389352381003022,0.3062846009497972,0,2.20863177909568,2.16903446625059,1,0.5403226225109049,0.8177317840895386,0,0.13618210670475256,0.6018103365342332,0,3.1229716297454493,2.4917562949122036,1,-0.006045507747702768,0.0841462211329158,0,0.17688335178611164,0.7638839539248589,0,1.3191291705457822,0.6535830896523429,1,0.2901069172537434,0.4199716757777279,0,0.11515601326716614,0.2981982568396074,0,0.8312107058130438,1.3044473205191942,1,0.3705819014491432,0.5026019878449479,0,0.5340634467137729,0.1272061366529824,0,0.4702848208506231,1.0091961527414315,1,0.6141842037979844,0.7869669132017645,0,0.25698165689951197,0.1957224307741215,0,0.8066598383926188,0.6200793334217839,1,0.5257739661703432,0.44862523616535693,0,-0.004215536196875152,0.4336216969299771,0,-0.32257830760286405,0.7303719063756922,1,-0.03643849456621466,0.49408807165445306,0,-0.19570260763330988,0.27188058608176774,0,0.7383543979173404,1.4912281208895581,1,-0.27918173661862633,0.6591400408670336,0,0.717914755084742,1.458639692710855,0,3.0409293061911464,4.291242175150554,1,0.4053425797267331,0.32337301433740917,0,0.06595842640996838,0.38156675457051886,0,0.5519627346173595,0.5925357376083658,1,0.27813062816210754,0.41373325157256546,0,-0.22855956920070045,0.408704869041188,0,0.059446454148347073,0.42414121321966897,1,0.08988025851937678,1.0279046391448095,0,0.453694666663144,0.9734611341785085,0,-0.2702256059680039,0.18962729055828179,1,0.5608158559223726,0.2835643888895225,0,0.25109294096155627,0.5590603765630004,0,2.2752492540187204,2.5052766773638933,1,0.13820039395063105,0.2391397560918533,0,0.2672041189409281,0.6361498651646523,0,2.369460629415463,2.548028118185577,1,0.2072490571722351,0.3516208564317339,0,0.31530360117735234,0.654306973007855,0,1.1464402733148258,1.761849718054844,1,-0.3315450599052438,0.5737700689538962,0,0.010874073845835008,0.23046486493236595,0,1.1027962019441035,1.089655057963131,1,0.22005460732210363,0.6279493066675426,0,0.14188327150652028,0.7182548744380532,0,0.19796011842096448,0.36470365601296373,1,0.5735950524499145,0.9746065652787096,0,0.8801847868911435,0.8475435732299675,0,2.7066986148253243,1.9969536568030142,1,0.625843864124168,1.0541220174992048,0,-0.2312907471523756,0.3029918204862563,0,1.3164956367708283,1.591691719808926,1,0.2683122879701371,0.4724184084161276,0,0.30761107055100734,0.23490163805566835,0,1.1934531716871657,1.4542386453163385,1,0.6289906395835152,0.6733974930725137,0,0.04311937060297925,0.7097307943115472,0,0.491625981478869,1.0206440191123896,1,0.25024702552915123,0.47371492501265916,0,0.2559473816036506,0.601534848783598,0,0.36290555488959536,0.9327882242026325,1,0.5093251100180564,0.555323163113463,0,0.06574834084599565,1.087879118313303,0,0.025724756629541223,0.07575486352049157,1,-0.03573588839777068,0.12425313494220679,0,0.20586494814782857,2.0285084441873584,0,0.8131027803542951,0.8331927787680544,1,0.19757404697901698,0.30058582970562076,0,0.11456011187930193,0.5549732503103473,0,0.25998414457062535,0.33356583577510884,1,0.10913075066631577,0.545091915820894,0,0.28762634195819625,0.5893169876956149,0,0.5624329473302802,0.5119147137582442,1,-0.09351756611337325,0.33059876736462607,0,0.22399708530816986,0.6990600427427129,0,1.097210645511197,1.1916501289431574,1,0.6349521077253881,0.687973995291079,0,0.3065951205402424,0.9932773571808301,0,0.4954305517484441,0.46146621128906046,1,0.2740872142534234,0.6179311466634527,0,0.03800379105320647,0.2371973719086039,0
130,2000,0.6,rf,0.4998003759023974,0.007807300954354536,0.0103794717604371,0.02903345958564723,0,0.19220772507230993,0.041582151037409754,1,0.058569188350881415,0.06458687232366005,0,0.07309177771391819,0.024417009677176468,0,1.1803537803926472,0.30059670349600803,1,0.09121001157696593,0.03565529937398803,0,0.07704631832433956,0.05823522207773094,0,0.3242175506239694,0.04659544133690703,1,0.04500989400604068,0.07189785590488793,0,0.09857767031533046,0.024000046986481102,0,0.49524102116594104,0.09767593062713945,1,0.2907279236877409,0.06604863141116911,0,0.0811072695747722,0.045083011725276644,0,0.35869897197492256,0.11340459685565274,1,0.12382085328310574,0.04665288434248958,0,0.0882562337433195,0.03800319086321609,0,0.826327107500952,0.2141034516416121,1,0.3173251065964705,0.09349641959797413,0,0.11111545563016052,0.11569806870811304,0,0.7434940184106613,0.1270815263083195,1,0.1706369967142377,0.05833261098980703,0,0.11986238694914061,0.03745322694226616,0,0.5459333361508728,0.1327670775375708,1,0.14644649469683152,0.07008160256052658,0,0.12830547843206158,0.042372310061901015,0,0.321422109877351,0.09577991020829023,1,0.21760885199164814,0.04500436386881829,0,0.1772319877769543,0.06871636137036036,0,0.3448788857222117,0.09774745621709705,1,0.09201767575003494,0.039960637540615324,0,0.1367545975992178,0.043522547898139766,0,0.422624914568628,0.05691067972132493,1,0.08640960708944867,0.04647904077790807,0,0.14357751444968447,0.05897478723554889,0,0.21973887708156897,0.08519031560910262,1,0.09914404717574957,0.05342477388424667,0,0.060801761146200506,0.027490897832367273,0,0.30229816708506596,0.07493045084993032,1,0.03665794449671541,0.02801503907033012,0,0.05063299030128625,0.03346810429247451,0,1.139408357733322,0.25878754391667214,1,0.207928964828671,0.08109075263801138,0,0.07080010352989499,0.01833302307218213,0,0.31263321784280657,0.055504711465310635,1,0.11765124193190508,0.0342365975887557,0,0.10386490093381703,0.03981316930114048,0,0.44008955076968415,0.11610261270414768,1,0.13956099369495903,0.05354066698129789,0,0.10081506045173791,0.013566984295887423,0,0.4174965047112228,0.07694086726068017,1,0.04428270922684719,0.021374893622213925,0,0.04054695430264972,0.05286486751790121,0,1.035547354950843,0.17745549181034123,1,0.035791431562292926,0.04501219313786933,0,0.158193914716776,0.08120737648779236,0,1.0403283953455384,0.1107737324792778,1,0.020549730955045538,0.028728091049153637,0,0.09090690810088359,0.025073840252714467,0,0.434153013048668,0.11903146614334875,1,0.18891955308061611,0.048643173797373124,0,0.1032450937561739,0.04132469195325221,0,0.3189549425736082,0.03262242794207059,1,0.08738722159540724,0.04386887222963465,0,0.08561070736838386,0.008765300974136093,0,0.2555900103923684,0.07775802197185999,1,0.0806110339995881,0.02100465358313457,0,0.12859908105412376,0.04104185597780005,0,1.2869177910358693,0.15232876087258626,1,0.17114379121813178,0.0316657222857514,0,0.03375611715784997,0.030046307350827386,0,0.6912480927960741,0.17019310675515778,1,0.07831801527636853,0.0448556129312756,0,0.10908023270929652,0.034847187356188566,0,0.46994552172118914,0.07816377250138518,1,0.06873853713146708,0.07665054454500034,0,0.0764032108090126,0.054607934426882526,0,0.28377930641306576,0.09232028476957906,1,0.13123940633567838,0.030121674434602397,0,0.09115776257354727,0.028000054073833908,0,0.35898181505398796,0.10801160144857808,1,0.1282882357900738,0.046046404204122926,0,0.058753662495385564,0.010901147049178068,0,0.17896403831107383,0.11119405157991442,1,0.06629021372356714,0.012212665639671084,0,0.18372361835999626,0.045220701110128214,0,0.39772094806620645,0.035882096935518866,1,0.12230465967239654,0.0394672277120833,0,0.16738655333460067,0.059431811295952035,0,0.6817652081518951,0.11378186729767555,1,0.1556326261604068,0.031095742905410926,0,0.0991627641309912,0.024644898654670733,0,0.33703853914742354,0.08567368871731317,1,0.18912348250203298,0.046785623309880654,0,0.12851741680245907,0.06252508783385324,0,0.4765715922178447,0.09884872490403065,1,0.13308694432727453,0.04279461524181082,0,0.11352924707598314,0.03511919641431535,0,0.5838079560028778,0.07662641670224729,1,0.10306729017357566,0.02579785361601766,0,0.012968307081142782,0.026982068815475387,0
130,2000,0.6,et,0.49743817198088774,0.01113093300348775,0.014984282443891545,0.03055768808364671,0,0.2468117360629741,0.03225310438055851,1,0.10383897382636405,0.023076245161394848,0,0.05989062296313806,0.05384722713560833,0,1.0187312799104298,0.25453911815010083,1,0.06877554657350209,0.05427739186991445,0,0.07079317393272425,0.02836722763791366,0,0.25754276215846655,0.09551490206444754,1,0.046080209705182736,0.0250376604183545,0,0.13639673774179228,0.06720256053017169,0,0.5257309142803973,0.058442341449444254,1,0.28700149873668074,0.06212880054835285,0,0.13317727996701603,0.0424410057809294,0,0.3240646351972907,0.05745277789323522,1,0.10235281950450267,0.04912573299566648,0,0.08101590633903329,0.0552144426047728,0,0.7140782058377428,0.14540224924963985,1,0.2050244018670493,0.1017920122208167,0,0.12281450159735367,0.0604086344480061,0,0.8903862062965249,0.27743290303813534,1,0.16340203374039897,0.08520212861157088,0,0.12886000915122978,0.04270184493294487,0,0.5480163992702172,0.09933005878790305,1,0.09159572399411316,0.0677504835493104,0,0.07900172254082366,0.06539014001921396,0,0.2327545800888906,0.07910145414468897,1,0.12809111732059625,0.044786383528578735,0,0.19449876105412567,0.026359997199647343,0,0.34096328965338774,0.08115766598132358,1,0.10089008007076838,0.012430490109450867,0,0.09628596554180974,0.06173217760372029,0,0.31884738783148003,0.06917390207436729,1,0.09305334044022744,0.021879430965834806,0,0.1483802059219226,0.0591012022384869,0,0.22431852087557647,0.09227808641942485,1,0.09057653194361116,0.05334573752417815,0,0.04580281093856533,0.04088133403726985,0,0.2964294859153688,0.03354651728072298,1,0.04106170455230648,0.04793787832256914,0,0.07039972418802654,0.06508907619503718,0,0.80004782591012,0.15459638822797522,1,0.22336999877655872,0.04943925885415036,0,0.09343990762557193,0.025702101145694375,0,0.31116980653720544,0.05995045544324095,1,0.1332551064006735,0.05665751497575224,0,0.09498472606695454,0.03380009860712086,0,0.3895727276940464,0.11872127572541702,1,0.16008164820444717,0.07279149951418909,0,0.062145013584525434,0.05725536728867452,0,0.3750225551495903,0.06997439980137511,1,0.022882714232907442,0.03987130501886369,0,0.10092859905726767,0.043227809136416634,0,0.8660121118664585,0.1186299091503788,1,0.030903443305932893,0.041590944728427746,0,0.15368387771764475,0.02456035463578307,0,1.0171795038869977,0.20878879243668994,1,0.06813517248271275,0.040831777854759665,0,0.054516552485334026,0.06158952560950048,0,0.38400010743555624,0.08197744970484205,1,0.15020643759571034,0.09023178699728995,0,0.09446791424320511,0.02697124965473038,0,0.3110619076120371,0.03710978974568766,1,0.07061743905965548,0.029787232531030786,0,0.09812035020995065,0.012877289921303273,0,0.287835267655851,0.05407306096471562,1,0.15041604726024646,0.035169356267294435,0,0.17705670770393764,0.05291525077858514,0,1.0367634308853473,0.16960684131470663,1,0.266225198643715,0.133849626390891,0,0.0780996854967767,0.04530865452276001,0,0.6145681187145484,0.06442395917072503,1,0.06570141173914998,0.05001101907966445,0,0.08877381245928961,0.04257913640197143,0,0.3935823820366954,0.09469930894718404,1,0.0773506925713565,0.0355147047742754,0,0.04032547168597064,0.05281999754652055,0,0.3080715080801098,0.09460202127352733,1,0.12994287906068303,0.06106483778045035,0,0.09536129912551601,0.01576807606696068,0,0.40204252368051385,0.08621489796908657,1,0.13254070463832818,0.04660381732809666,0,0.07948013726587397,0.057409786322938354,0,0.20624649352780589,0.04485485604461232,1,0.08561691015241646,0.01993396655398159,0,0.1579802485032244,0.023581701337815307,0,0.4104133610183752,0.16681346935388347,1,0.10151751499270593,0.05186568080543793,0,0.19249328487531384,0.052735672943591196,0,0.7437739970318129,0.10773671229508766,1,0.11828287317309316,0.03905791434315751,0,0.11378236899276262,0.05058731935385985,0,0.37416762145597054,0.05959809171101424,1,0.14284094823414809,0.03603789104397856,0,0.16573668997046137,0.05630457816414388,0,0.45907287828990473,0.1273825204727082,1,0.13579432505597094,0.06938593747879009,0,0.16967475950710137,0.07169122388166041,0,0.5687920157281745,0.02560954165891786,1,0.09962292437283189,0.03584236669663876,0,0.02387625551486896,0.019799149895760575,0
130,2000,0.6,gb,0.6816149462860326,0.009789122515991367,0.0,0.0,0,0.8280234323839192,0.10857426359200538,1,-0.002524968419971351,0.00685605545506086,0,0.00023830455930186643,0.00047660911860373286,0,1.7732015835312187,0.24717918562737468,1,0.031028606565744087,0.027564938719136168,0,0.01393193295795738,0.01693083794590664,0,0.6997934084049545,0.0883414313770513,1,0.009993137565920292,0.01238692893515619,0,0.03591858329857124,0.020561795304866466,0,1.1116445591367636,0.20513413809438577,1,0.1974219199021586,0.12612623211142038,0,0.04303635395264751,0.03380294906313995,0,1.0333882020950056,0.08099441601109059,1,0.043496660411578666,0.02397836485622985,0,-0.0038860967214435576,0.007731742535859342,0,1.130521985649633,0.15513341069934714,1,0.16293299399273137,0.11032203547581597,0,0.08416723515910517,0.0842210443447342,0,1.2184808245260896,0.23659237455414925,1,0.044659036138857265,0.042542702321169974,0,0.04762875110479177,0.014805267511642734,0,1.3501048542069842,0.1820106951231271,1,0.04185997847889115,0.05699059500161054,0,0.08498299152668576,0.03464478247766043,0,0.5814699028974937,0.07813047678860752,1,0.13952441998217782,0.054442827284571615,0,0.0854703948952223,0.06531327396618862,0,0.8298851200201052,0.16144097462013252,1,0.008892648838190922,0.012632997357706925,0,0.08046919591538142,0.029871589235537233,0,1.0658013808553926,0.19989764327947002,1,0.03815849244415749,0.03298365486452688,0,0.05629428354754499,0.032974162138933935,0,0.6317019535866506,0.10160693355045577,1,0.03981286599095478,0.027497580289012946,0,-0.0006020021017398918,0.0008496281390609081,0,1.111927326921371,0.12144084305757336,1,0.008960697817302226,0.006506892337787746,0,0.02989398586023425,0.01606171340558241,0,1.4498138677209353,0.20321820626692347,1,0.15900081832294788,0.027278443843299038,0,0.027078173288125257,0.033290617381108736,0,1.0172752139480177,0.13393906785631937,1,0.015737269046242987,0.015996422581314392,0,0.0464826746043555,0.04100788136167128,0,1.0596463069365685,0.15686390641859435,1,0.027037572420195184,0.024261718074710815,0,0.009386255217365296,0.012159659046973985,0,1.0635938173935162,0.1633815633584466,1,-0.00021615057366035015,0.012647750216745345,0,0.028430247796367814,0.02688378458829842,0,1.3237802608972284,0.3353791549886172,1,-0.0018641491024624843,0.005672751475448648,0,0.11419652408203573,0.055415235766100406,0,1.517398303511193,0.34904074601997076,1,0.0016612510405322912,0.04313256978318361,0,0.006805161343190776,0.007024536744183583,0,0.9729622577356155,0.1516081426096482,1,0.09866027024218425,0.02362948840239168,0,0.003224660908620415,0.01822718210684842,0,0.9659231694338004,0.23652440901648822,1,0.003249515543049128,0.003990072727295365,0,0.008496007710436338,0.008686021157283267,0,0.7915520764793471,0.1954893092131304,1,0.03708598407874569,0.01453033129947725,0,0.03930399745135103,0.03905313885859192,0,1.5530732726649323,0.1286436610424251,1,0.08747575815268155,0.07938474175217881,0,0.007923261171650722,0.009021167663100701,0,1.217571372958689,0.20994822501638882,1,0.07067144212445953,0.030853815323870604,0,0.028347037843050343,0.017684050790130423,0,1.1644284227708153,0.23356269876422542,1,0.07085736889832017,0.04672029804324493,0,0.010709196518419303,0.012149602541158972,0,0.8328251641568448,0.0867130720287907,1,0.05835212113223134,0.05729456352296302,0,0.007176189133769384,0.007559304101666451,0,1.0614310933622428,0.22063473122248015,1,0.022283343493961057,0.02087485805195811,0,0.01978762344322669,0.02876325777311176,0,0.601001348695618,0.1851618297153852,1,0.01785197105113709,0.030303787749573007,0,0.18604444252693483,0.060056020189402815,0,0.9633874984435353,0.31698352710614053,1,0.0298827311364096,0.011453071366645182,0,0.085111514256726,0.04290391310577584,0,1.0012449096704565,0.14447228345107474,1,0.06413700405800735,0.04132877461519737,0,0.04074521462128479,0.025467593659787312,0,0.87954704006508,0.14861290079603207,1,0.030194999572149293,0.09595460072943654,0,0.05630272638836233,0.02854449216947271,0,0.8652511014423689,0.10565522140815804,1,0.09216242717665307,0.032782737399966615,0,0.03839531986147944,0.040794215410150235,0,1.3663570996767997,0.22427072137882342,1,0.011778125718520471,0.014393918384903484,0,-0.00413320110138239,0.006462365428437986,0
130,2000,0.6,hgb,0.6979488341642757,0.008182391531936678,0.02117552856462103,0.014630873858013062,0,0.8247230437304054,0.21498173626330896,1,0.03338887805192794,0.0503578221827652,0,0.02683389259274115,0.02481711698975539,0,1.4716078663687147,0.2103731978977076,1,0.08161959403964064,0.08587335260971368,0,0.048950795189287834,0.015324524470164077,0,0.6345032328079055,0.1394849858632448,1,0.02866509087135254,0.03297056504385229,0,0.004421488961018796,0.02991918207312336,0,1.0898926088491536,0.12136702112190446,1,0.21056426737047115,0.0691474533944352,0,0.03709470225836684,0.05121363991523259,0,0.9117883033807594,0.18370281673784145,1,0.06791317233707339,0.030858288245972563,0,0.04437686971882807,0.04200953234353653,0,0.9903493874906479,0.3023681360003644,1,0.2054170323899846,0.0954241661935681,0,0.1203109754724713,0.08492223132047734,0,1.3048779395754635,0.34288163583110015,1,0.0933040821708441,0.04400404571278778,0,0.10250157236331241,0.041652469470549854,0,1.1421351120500627,0.21909236186746708,1,0.04891554241852599,0.06490859890433816,0,0.07997796042087685,0.050201159641689766,0,0.6186049915779502,0.19231184496441897,1,0.08135504442787836,0.10445285356966531,0,0.067664255166177,0.06312439048820179,0,0.6359162499041158,0.10211228674274284,1,0.05120905067655453,0.030663358500233075,0,0.07984803010984035,0.043179159107276224,0,0.9713508915304189,0.1704794050817217,1,0.06785038429042975,0.02588765887474896,0,0.0575414850256724,0.04935464546750476,0,0.6418991100180345,0.1534120222355783,1,0.047638282972073495,0.05761051007988375,0,0.009204617552251064,0.012365504795762556,0,0.9317415338698678,0.08291308251382795,1,0.026611657528894394,0.03068832292798936,0,0.01722179234384964,0.02820091131849554,0,1.3089413828549263,0.2620997328492403,1,0.1557149159239633,0.048953844558780886,0,0.05416837975926666,0.02578647828863978,0,0.8332409525101465,0.11815654177196659,1,0.03632839636447791,0.01550512881511412,0,0.06650998507784985,0.06566071078065348,0,0.9963690520937508,0.24448743846791143,1,0.1096129804346108,0.01841526010122353,0,0.05233183903385654,0.02684378764507604,0,0.990844229646393,0.12935435882871693,1,0.04821194478603171,0.018964082656235483,0,0.0206506445429906,0.04356082474910006,0,1.275722731595239,0.3350284034443532,1,0.024051552222430068,0.01199457301971884,0,0.07933331039440136,0.058213747625895075,0,1.4163398176193476,0.18674247006820363,1,0.0007000398156747421,0.023562904007117358,0,0.029492674473294022,0.04023017629152528,0,0.9130358962198472,0.18765062236168256,1,0.12012894359673029,0.07499125782899299,0,0.01915062888986055,0.009059721869421482,0,0.8655824463991909,0.10186116908783875,1,0.012999546392985123,0.024083056348055725,0,0.07605904508382186,0.03230814949762278,0,0.6583964287914382,0.1637418328250113,1,0.09248655449478059,0.06535693850663382,0,0.12070419155365882,0.04989154268834211,0,1.680668068742315,0.14638399236572155,1,0.08536274870456341,0.06260620676089457,0,0.03361842684432927,0.010695475645239889,0,1.3474708938002484,0.30371108443420186,1,0.06313163175106432,0.03858508897080524,0,0.056800359823472,0.03076247452108153,0,1.0111391549252307,0.19385833404572023,1,0.0661149900634245,0.046922411740625634,0,0.028671877247628874,0.0552584384002499,0,0.8024985535943852,0.10076081889654338,1,0.16774825689829775,0.11248230733500722,0,0.003469887387429679,0.012792199390474305,0,0.888899609721291,0.1354917395181143,1,0.08642412000305895,0.07335267824208543,0,0.05655128738446772,0.05606191323105249,0,0.571986398423651,0.1457221985954873,1,0.0559721828969719,0.030498581736071107,0,0.1520293632271314,0.03794391590324356,0,0.8204462000347578,0.14467590504554143,1,0.08553156351987365,0.05215144912958069,0,0.13963485766394806,0.04537966290303168,0,1.0478876386688314,0.10037374195989217,1,0.08809141180899047,0.11373314122908552,0,0.06625085918502334,0.05022889872556513,0,0.7222771465215249,0.1621686333060022,1,0.13470896075036629,0.06703041964316754,0,0.10356379678987163,0.047298752193418524,0,0.8185462268694297,0.15781614756457352,1,0.19142858212053068,0.11393807445396509,0,0.06577966306619204,0.07344240757438725,0,1.2177192187612191,0.22134335151195839,1,0.06701968188448561,0.034952794402202315,0,-0.00243061768785315,0.00514383969482251,0
130,2000,0.6,ab,0.4907968485123221,0.020789930187859285,-0.009016937016013202,0.018033874032026404,0,0.32660981097145736,0.17913822007184665,1,0.00960902289757054,0.01921804579514108,0,-0.0011974263290795476,0.002394852658159095,0,1.5779686067688465,0.516687377909781,1,-0.03699970044985661,0.1048379779255097,0,0.0,0.0,0,0.40593807613605176,0.405062186150636,1,0.03488294557350484,0.036867672037846945,0,0.019177630439393155,0.07091908278815133,0,0.7487624742647705,0.12369932689637975,1,0.5083988461987164,0.290527918137813,0,0.2214884690495537,0.17244697754927432,0,0.3735172831006984,0.27087799214986663,1,0.10770515307859836,0.09708406107606377,0,-0.005105266351447156,0.01669968956085269,0,0.8084972230841491,0.3954356359594701,1,0.39601234860555706,0.11006772289018073,0,0.04098915156359988,0.04842662764706314,0,0.47515489832014246,0.1449984044168957,1,0.23584581849036357,0.16714497469178768,0,0.13969544023387506,0.09734797783755396,0,0.913487249757542,0.25410331739625763,1,0.019226914472511368,0.033605810641659545,0,0.033904327132430155,0.06271032866171429,0,0.5807256420563363,0.23817978604271267,1,0.12191764952850193,0.1187814954825842,0,0.22397032259873137,0.21353131111930215,0,0.4518194529639362,0.18877562241755344,1,0.009314271703725566,0.018628543407451133,0,0.03979816951305117,0.05011680719908825,0,0.710400908119665,0.2826027772583367,1,0.0029252719813983247,0.005850543962796649,0,0.03534247851795088,0.04959376455530485,0,0.21136641085625799,0.1157205301992826,1,0.14683392121039507,0.1040235605518641,0,0.1284637950758318,0.1531571385028865,0,0.5713129850899061,0.29191128906269664,1,0.0722680212819206,0.06066632209855062,0,0.04719859418061435,0.07792405919724578,0,0.6695506162798198,0.15151044774199848,1,0.3402959960776914,0.26190357109966533,0,0.042232848028500684,0.044607761911291725,0,0.8288829021801595,0.16391277249261488,1,0.002703729466391749,0.014040705327828272,0,0.008502802001801058,0.02078183619199825,0,0.34501782678985693,0.12361888308124462,1,0.06622320444415197,0.0740274293695005,0,0.10565787369543389,0.12889854954852295,0,0.9353333218900086,0.4401003645743483,1,0.0100222255305532,0.019363539647100237,0,0.0,0.0,0,0.9440997322445408,0.28112060470333117,1,0.013089041835309997,0.030182570765942215,0,0.07828354857557492,0.10181277345147972,0,1.503502914208104,0.7674289395920654,1,0.025524775194768777,0.04198949392624095,0,0.04168056348695324,0.0963261332541934,0,1.0674925525208876,0.46660569588032696,1,0.10794304523186678,0.09319358354891155,0,-0.007613252192479736,0.031424811950651485,0,0.6958418755140013,0.1468101676880916,1,0.003468258203584483,0.006936516407168966,0,0.033535984953149404,0.05702312218388789,0,0.6312359681206624,0.1708256555279354,1,-0.0009049403891356611,0.0978838163730315,0,0.0695898947563422,0.08556309603928863,0,1.4176028368218128,0.23964518593536444,1,0.08216140685943121,0.08325693316343888,0,0.030989417701140765,0.046116289005229995,0,1.2684782614112535,0.3039229357624683,1,-0.009123072268443949,0.053794958082140944,0,0.00705375917609824,0.01410751835219648,0,0.6622020689214139,0.2950815557085854,1,0.10226889183754242,0.16935018144011937,0,0.049986132109342815,0.04185666234280862,0,1.0349059364279358,0.34216472971916245,1,0.06195142781379274,0.15657526743326894,0,0.03486182681641887,0.034490746139015004,0,0.47950838164121096,0.21550728763691132,1,0.10517381666206331,0.052915906151629236,0,0.029012241224364944,0.09769216555824183,0,0.23665590089706914,0.14522257810133557,1,0.21004994272945968,0.21834566161227736,0,0.20590686866426164,0.09449597247380022,0,0.4037638758507166,0.32540435319515976,1,0.08413714740135846,0.0726213079178665,0,0.02921788903036563,0.08337190381479981,0,0.7218676061581475,0.24591852469187397,1,0.0856032051724649,0.12896626310461454,0,0.15155573565278313,0.15127274091771278,0,0.19402420595915987,0.13588618835017346,1,0.12967809632504315,0.08177106146136437,0,0.03197484986387797,0.03789020514570054,0,0.862374017188632,0.24188134543570317,1,0.042338645475426574,0.05958894696643285,0,0.034155491406599826,0.15275674287256844,0,1.252787240565092,0.2937308704043513,1,-0.0009061108560200496,0.0018122217120400991,0,0.0,0.0,0
130,2000,0.6,bag,0.4256343258641782,0.016507944707244673,-0.05692234711021656,0.04818626361867831,0,0.21767397351094195,0.12786505747107216,1,0.03185817150221822,0.0772194332341928,0,0.023513457843479108,0.08127356529308051,0,1.243546639747045,0.6156895905460654,1,0.16578963470187374,0.0943356833394097,0,0.09451418791335968,0.16810414563111367,0,0.23088139787762474,0.10194234514007106,1,0.030933545076430907,0.1638814885564696,0,0.11132161017601656,0.10302824278915598,0,0.7678627974296457,0.34486890724494446,1,0.18509773232792281,0.1423110676490306,0,0.049352643678819,0.08000807924653469,0,0.29685284800867634,0.2547049482300684,1,0.11756235782078228,0.10231901720760458,0,0.06306152080555191,0.13035466789279582,0,0.7043855758070823,0.1372110465743673,1,0.36089575810070673,0.2904986491234374,0,0.16930963911432112,0.20581458038555217,0,0.34536625832286644,0.16867838630475643,1,0.2874655393275017,0.16639795929667245,0,0.19346138849750755,0.2530408455872816,0,0.529803445855007,0.15349253755479242,1,0.22485359875781769,0.1624193085936518,0,0.13592417231073184,0.16919679087991515,0,0.4820538091547009,0.14638841334399552,1,0.11065298727090322,0.17254710274855622,0,-0.005766985754373977,0.17560668818975342,0,0.5310646803157205,0.30508091367176876,1,0.2051177559362134,0.26613870461344513,0,0.07381976292338112,0.05840779908365448,0,0.46543327845006316,0.378050880701124,1,0.05751978628105037,0.06613486041754624,0,0.1243928717285073,0.18099790638954613,0,0.21573246191960363,0.09325909824950035,1,-0.03322796010071305,0.08038316099689005,0,0.030102422784434795,0.1305110113228261,0,0.4365038236298123,0.17391373894973497,1,-0.026468237565984598,0.10331837191953769,0,-0.059961588565132874,0.12089023724563477,0,1.115338446735962,0.7636384335230585,1,0.18970413276310785,0.052226525243004446,0,0.03990264566592141,0.14703807840827585,0,0.45667388751114774,0.33659636441493423,1,0.11646361575639985,0.25199568679118034,0,0.23001725896592765,0.21403233042442774,0,0.37709877521983,0.19262861731400752,1,0.14934158354426924,0.08255231597031094,0,0.10816492082481444,0.1956357732347801,0,0.5137341768797803,0.22425318428563792,1,0.038587930669915005,0.12764470419631269,0,0.08703731629586978,0.087922677885454,0,1.1160774752996212,0.518553140094156,1,-0.0075365964462437915,0.08636064265103202,0,0.10590261323684698,0.07507885077226735,0,1.2213970019373703,0.40308355237694704,1,0.027256538589333645,0.134097169809998,0,0.22831372102669323,0.1530939824471466,0,0.4118578423603405,0.16418365961975226,1,0.25010770808730454,0.2613253743448827,0,-0.03681055330853894,0.14014944150060515,0,0.3129381860767827,0.10766878130460703,1,0.1536346413170439,0.22794938107779586,0,0.08942223479555454,0.13384835919872656,0,0.2745006301219812,0.18883561401038368,1,0.2079901049340213,0.1576788009916106,0,0.19767998984949625,0.18930101199895383,0,0.9644106683442951,0.48921482541047023,1,0.08777451066961806,0.11315328403821769,0,0.049311223735697705,0.12148377690836076,0,0.6405696169590301,0.12913744203252844,1,0.058538198108605485,0.13203770006580906,0,0.029484525814167085,0.06949199103632758,0,0.35567290229580867,0.28636011327691546,1,0.07550290316981165,0.16136058430580352,0,0.06607919922052155,0.08515125188057203,0,0.24466086825892033,0.27115321556262684,1,0.199561697419688,0.16358302776339387,0,0.14128240221262034,0.16312661980150442,0,0.5041796226738082,0.18417753417470567,1,0.13687465696170184,0.15131540822113956,0,0.07997159049749694,0.09308589004831996,0,0.07381905955216513,0.09550775466737944,1,0.004576290736087031,0.09448677379417379,0,0.23712296990645707,0.2716464495555478,0,0.424764965876696,0.13087743593748105,1,0.32535851422978296,0.1607927392950879,0,0.14120456008355048,0.23473201848251465,0,0.8166823922021325,0.4787898485290499,1,0.06564784396691735,0.07306864526267581,0,0.02047529581221939,0.2525423778621918,0,0.259739026881384,0.07816104872840361,1,0.135092482847527,0.05118777079800156,0,0.1664237003829972,0.21835268609965436,0,0.4001286423488392,0.3398833082880497,1,0.07693582221179802,0.04446278142479463,0,0.1562643495467429,0.23226792430518586,0,0.5941014675873695,0.19720658861730256,1,0.14597307878561072,0.09089696131174749,0,0.04860975129190334,0.024328601109574244,0
130,2000,0.6,mlp,0.96784810465769,0.003005466115201152,0.00897259697796246,0.008569506265470206,0,1.8179673719585956,0.0929597272729269,1,0.006886456430520649,0.011386898290940677,0,0.0043676162489973205,0.012264672477633767,0,1.9486040470348427,0.10743655555218068,1,-0.007968743320195615,0.011697230407704743,0,0.018871090844441527,0.024548687764378494,0,1.990065823770766,0.16054283689489207,1,0.0034611671297998282,0.019663006463847287,0,0.005502567519711292,0.015790261028885,0,1.7734934827835906,0.10165678076441295,1,0.010993360591112746,0.009825619361324776,0,0.02072857292800192,0.020593976394961265,0,1.6244141135491528,0.14073190750974818,1,0.03206101008914441,0.015228670241096774,0,0.016375402880915928,0.015955653370339554,0,1.820911858546993,0.13367779860139423,1,0.02137690569873524,0.008979626870024866,0,0.013984995954051125,0.01661996175095251,0,1.9459471318371513,0.20128328648120486,1,0.007768152778471102,0.011002470033899142,0,0.02978866492054391,0.009263641536395865,0,2.043512368387096,0.14431462817451698,1,0.010231324298262567,0.018501426387610195,0,0.01990031043733146,0.02360826338171117,0,1.6687055001033961,0.1656116884859569,1,0.00943589958050046,0.008276218378870126,0,0.014946064067659198,0.020450126464234525,0,1.9130083234762296,0.18886325215664912,1,0.009493895930883909,0.009178134374623687,0,0.005331558456528994,0.011331901078143771,0,1.9120210131058826,0.1730727391101094,1,0.008424440869978195,0.010420728032766646,0,0.02955973152636081,0.0212519880470338,0,1.7250940875720708,0.16068365843359872,1,-0.0017377123135688438,0.011360380796545895,0,0.005962964005931324,0.00956587702208607,0,1.8680852119889828,0.08482812732833576,1,0.005254946377470296,0.01227281934690718,0,0.017561394439075863,0.007528986811678926,0,1.8746923520672927,0.12530343281811973,1,-0.005199297448670561,0.01681478880447128,0,-0.004762540945898263,0.01759644361448152,0,1.9958522809858608,0.1109617877311784,1,0.005401360604367073,0.014006281095231382,0,0.007465227727697881,0.004936453677557699,0,1.6985777767552368,0.11079292221222287,1,0.0128321498111506,0.012613959119238564,0,0.039685029835916846,0.009256863358505759,0,1.9843799542470908,0.19309768285638404,1,0.010054671975608729,0.015035353648660042,0,-0.01138289735743037,0.019092015819846986,0,1.4540228759240694,0.17807799085980033,1,0.009083306667148915,0.009671676476097114,0,0.01672887578899729,0.019902039792255678,0,1.679111589524863,0.17029481048498138,1,0.00781375694655965,0.016133350503832196,0,-0.01591629258815322,0.009742088036172008,0,1.7465020628666772,0.11685124801207929,1,0.029902036582185442,0.03004404137256971,0,-0.00859654802888908,0.02106223902657032,0,1.9918715309407975,0.1204621416926653,1,0.023527410157736788,0.008651200319212092,0,0.0005251273404674378,0.015588234811348462,0,1.7005299985163043,0.16506485777901858,1,0.02798504592979161,0.010793291572124792,0,0.01587073344641077,0.01984169467813695,0,2.0086558847338347,0.1726848102494548,1,0.015464350665269421,0.009889601237396559,0,0.0023649128069174923,0.014293615063739747,0,2.2422256082862027,0.07557143403257234,1,0.0004492432130882171,0.016643829109852782,0,0.010416472882727184,0.004373119622084,0,1.6800150857952105,0.15539568569100512,1,0.0012890340348478081,0.006784755546317004,0,0.019045437229600636,0.022046066314281004,0,1.9458087126160113,0.13568587983378633,1,0.010702435471710448,0.00637270030123259,0,0.012069526555418198,0.009650633336721438,0,1.8905033964725084,0.22576780218915887,1,0.026297118996687917,0.009771324238344167,0,0.010026254232696239,0.019402442718065183,0,1.6600052051059788,0.09197467536481001,1,0.01403583323673481,0.006008204889149658,0,0.014822325354028523,0.012435814206821114,0,1.7645014119600924,0.16946072415780272,1,0.009470391989488151,0.017078581891585617,0,0.018011721561238682,0.01098741370254762,0,1.8038600438195833,0.14229593960824252,1,0.027604001934883132,0.01567861947193394,0,0.0021129414361826943,0.02338739970934287,0,1.8948220428712816,0.154954594423011,1,0.008608105087794157,0.016980730438863827,0,0.0009880737641863736,0.013478166921628659,0,1.6656106073819543,0.13510394577434623,1,0.012130212467865154,0.011498237860918721,0,0.005413116524172468,0.011637316846320252,0,1.9336259501869713,0.22709660370302934,1,0.016936864299425047,0.016869631499237446,0,0.005282184221872847,0.016963384200809187,0
130,2000,0.6,svr,0.852736282541894,0.010539975992346432,0.06451139325172218,0.04427997175696581,0,0.910612076455085,0.07789106234502553,1,0.09802314843641373,0.0395514085177138,0,0.09873141637561425,0.045861886271319006,0,0.9518126909970434,0.11639019621199975,1,0.10520299248636358,0.058044746184688994,0,0.10660681212659018,0.04602991827403916,0,0.7852564203928708,0.12935336417304388,1,0.026716538217286413,0.03496839701851335,0,0.0852919396941069,0.04255070258529145,0,0.7296604123685287,0.06788586622949337,1,0.17630484725072493,0.07956013880399497,0,0.08998396265280288,0.06211002360537869,0,0.7446486441138787,0.10980458720779092,1,0.10786664383905158,0.03753455060983004,0,0.04722959447439645,0.02824401718248311,0,0.6907691720339271,0.09508685914887897,1,0.1631087194218499,0.06945112994497833,0,0.24000462657957752,0.0805390380117927,0,0.9227676881815589,0.150819653918345,1,0.17043941174160518,0.05219013620250853,0,0.09601213044724756,0.0302569886853368,0,1.00931407645416,0.1042771683019812,1,0.05779817857705586,0.011279553364449066,0,0.16573641315021576,0.06809776446311754,0,0.5470349938435883,0.11355337772636259,1,0.09299107265354038,0.02255815226939731,0,0.13773754647568523,0.05403195934293406,0,0.7997408972759785,0.1159192405490006,1,0.13460138585510498,0.03484780078815593,0,0.11201822714181504,0.04386202619111201,0,0.6596218326745358,0.1277170963524452,1,0.10340560290759755,0.046985774521121196,0,0.10639832053147344,0.021112893443981647,0,0.6688560938209932,0.11789978666444897,1,0.07875168661241838,0.02377031629710147,0,0.0442279193416543,0.014266434900422226,0,0.8357605255345278,0.09479185241959052,1,0.07527697897789754,0.040294965905405725,0,0.10499984827976534,0.059690647514963315,0,0.9048133682829205,0.1365548261612716,1,0.19751544917492286,0.044041201442508456,0,0.05308538804749787,0.03163175246070752,0,0.8195485862903082,0.07190074734620557,1,0.09335107945857515,0.027904462060756405,0,0.06518181158724057,0.05517729291874056,0,0.8701246417740274,0.17762682948787042,1,0.175996379332186,0.07434838190500158,0,0.0613185677807491,0.03941378041574905,0,0.9095518299954184,0.11571199322929791,1,0.061301255877094694,0.040871557960519334,0,0.07853609351197899,0.04109506476743558,0,0.7095859145940651,0.12920625354410903,1,0.07771317172126105,0.027503338515088814,0,0.20771760456060234,0.08615715672437536,0,0.9915455166349405,0.16901428587099201,1,0.14857423325064611,0.018736123670338837,0,0.03934526244247983,0.014313692480089246,0,0.9007102843627688,0.11915547151144645,1,0.12805069823595358,0.04153433711782787,0,0.06660437345737057,0.032791540700076456,0,0.9219651040513615,0.02889868786523634,1,0.06853781702291738,0.03382226377679286,0,0.0738021520252026,0.04048790407682592,0,0.6870204366031946,0.0758946657299755,1,0.11657071808345679,0.036176778643896165,0,0.1714332370107772,0.03802248687227487,0,0.9713733513459619,0.127461767402887,1,0.15326160306827954,0.045661344152299395,0,0.06761446951785788,0.02437051441537757,0,0.9469640746338003,0.09217471218962048,1,0.08750341525237161,0.03738346851803959,0,0.07473019745746029,0.0291731596189231,0,0.8963265297936026,0.11562044522610852,1,0.0960519675227145,0.04215538516078707,0,0.08073074090713797,0.03752315406773026,0,0.8341956691135735,0.09512870136598701,1,0.08563138048349325,0.027785692701027653,0,0.10501619871838234,0.025577337694386353,0,0.8720973492103796,0.09634501286675919,1,0.10686575073263678,0.029391116677747686,0,0.11498876133410421,0.053628975874080435,0,0.5545592685793882,0.08915001483789375,1,0.06932746884653737,0.01695247170216443,0,0.16208050749278785,0.03176194079607362,0,0.9784827892738981,0.1006253474144905,1,0.10274405922962668,0.014669823865058433,0,0.1234374220529153,0.017462502382636108,0,0.7085369051269388,0.09313851399524493,1,0.1397630296826621,0.035916071727094136,0,0.12324921298597827,0.042138961406296895,0,0.7780974827058221,0.12589684900444809,1,0.1086617746958396,0.02977247220986313,0,0.13952833688254346,0.05180346340111746,0,0.6958095774939754,0.11126431789515216,1,0.1941739073532161,0.054926095341666606,0,0.13424849373842115,0.026857473085258106,0,0.9071349141913932,0.08729984782817778,1,0.08896131765147733,0.018509137906419244,0,0.01981563313177636,0.021157012928860474,0
130,2000,0.6,knn,0.5479493956605401,0.018578127258726596,-0.014293684409458472,0.505649390982157,0,0.33270094014694823,0.5099131268445608,1,0.18908779820661276,0.35665726364992095,0,0.22899394912936807,0.20509411188820342,0,0.7052572412691233,0.49614507912739236,1,0.12527616608620235,0.4948866442716909,0,0.12333599765194955,0.413772495951372,0,0.5566754528783268,0.36059127468824925,1,0.30252113040976203,0.2790036083172693,0,0.30159464159482524,0.2707991878336762,0,0.30250926513266263,0.35519411941519197,1,0.40659425623153567,0.38992225959912924,0,0.2528488629563591,0.2960823218344983,0,0.46482192286710067,0.5194569350543969,1,-0.02189534864925922,0.29553134491065836,0,0.2580671983257329,0.1425408005378254,0,0.8463309210794975,0.5165542242481571,1,0.17540973565215173,0.4735785904834441,0,-0.021469930605083377,0.37261830733577816,0,0.4713754024481787,0.31761501388988866,1,0.009415906044528693,0.22240806179130848,0,0.07140903109453997,0.33667937512148804,0,0.5414052882370524,0.2797697721745202,1,0.16579554224933152,0.2097094469579261,0,0.14893913916279106,0.18560901952521336,0,0.2552438278717629,0.38246984445141796,1,0.14363048680277896,0.11587660758524157,0,0.15954399844213796,0.21017067272700443,0,0.14892767395754652,0.2854292027976813,1,0.05089785166855021,0.14287968950176236,0,0.21003291681717567,0.5049926846926798,0,-0.04203509681329139,0.4387744052085112,1,0.021273608799736325,0.14760122858385294,0,0.4780594494992618,0.3748087341670015,0,0.3655418963493836,0.27574168840963886,1,0.13294906318934166,0.1961939292472979,0,0.15846141412108256,0.3494945786489345,0,0.5747419815260322,0.27312399022604844,1,-0.05453981709873694,0.21896488891269827,0,0.2173332410763067,0.31206530890770556,0,0.5698970637669738,0.2615550388998578,1,0.28883222886635385,0.3113970102574659,0,0.10809509264194803,0.16407362925197574,0,0.51957717812818,0.1062808243666816,1,0.1329307686352417,0.16763437065055026,0,0.05570385569991291,0.3598346719861428,0,0.3074654533109839,0.3520401677040869,1,-0.0990704706530536,0.5199477660703333,0,0.16775068026607695,0.3378624779179828,0,0.5312102348352161,0.4188754005756091,1,0.2813448334126746,0.3177950996158805,0,0.19424111603371452,0.4182065251078441,0,0.48673026548634757,0.20974219599336735,1,0.024895878958943296,0.2907341357478729,0,0.3079092304718234,0.20847870638471883,0,0.5569696699418507,0.316044956107583,1,0.20974812934686504,0.24383739401436721,0,0.18594222110305766,0.19251627335360288,0,0.6687641307483567,0.44360419846155424,1,0.418706390330067,0.36298681823827955,0,0.4021201312784791,0.08554702277568817,0,0.630741266686059,0.5211537054052433,1,0.008364864535873151,0.3669419491146506,0,0.27922495369191924,0.1762220371463048,0,0.3552031757105529,0.31437916581803116,1,0.16996010984958287,0.22024483860210153,0,0.24485995792235143,0.31363340396418593,0,0.5156783581408497,0.22064446055066245,1,0.2544768728191328,0.3718709984584289,0,0.06309289597114677,0.24741910986455296,0,0.27156826797932243,0.3747494007456632,1,0.16164924833212826,0.14223286616094366,0,0.3083559657474685,0.607186184353312,0,0.6723603020268226,0.5044838299149381,1,0.476586912034182,0.544245433051379,0,0.07548609213727338,0.24167617545026457,0,0.3230555515752943,0.4399848924433591,1,0.42220299357064184,0.41337530313812276,0,0.07019698833753887,0.28506348430225475,0,0.23806141645157264,0.3216636742150256,1,0.05765327786196615,0.1967643142217216,0,0.09611061584728262,0.36387602738253144,0,0.45153012415483396,0.3676276808790424,1,-0.0825839896187478,0.1194467752290154,0,0.2804059393112894,0.5248145350681196,0,0.36788472334446565,0.3354856572185656,1,0.32272032961990743,0.4985941737615759,0,0.10045291750898497,0.34242266099694474,0,0.49351098518288783,0.16422074797543376,1,0.2849444904171653,0.22474150850156852,0,0.15507982555337546,0.16351003010183168,0,0.7148009776672561,0.37082670131178286,1,0.36183883928894234,0.3754768688982724,0,0.2255371100977214,0.18645034213140863,0,0.3101075750871937,0.3297094003816299,1,0.18957954149132403,0.22924459659463609,0,0.3342278273306958,0.12031063733735646,0,0.5776785747584352,0.3039366407493986,1,0.1340743891361809,0.5267166100459523,0,-0.15295688361173237,0.153745306076283,0
130,2000,0.6,SuperLearner,0.9787285811254008,0.0025276593395316643,-0.0034771562703574113,0.00449154763163164,0,2.034584011307509,0.10143595916461876,1,0.0002028404772662645,0.002216611593729528,0,0.001211588881110906,0.00332315427509797,0,1.7398196716611973,0.10753552119976623,1,0.0043231300828485515,0.004854298066783968,0,0.00307192134098585,0.002259045065628463,0,2.096152896320228,0.0815108868930905,1,0.0057460965069144705,0.006115754666032699,0,-0.0006400639378141002,0.0012496234529399833,0,1.8541788239720716,0.07340045130091566,1,0.0005306700016668895,0.0014817188707183448,0,-0.00026259591002207524,0.004375495653022693,0,1.8266722897113084,0.10862488216385141,1,0.0041987719592863565,0.005061418472689497,0,0.001069981633646766,0.0038696482520430837,0,1.8491697556217512,0.15267997344843182,1,0.0028010789585066116,0.004000476944868203,0,0.0012634829507022643,0.002123794028972873,0,2.0865416503757723,0.20528923869353974,1,-0.002509511649274183,0.001677504480073855,0,0.0002870071031971512,0.0016721931314704526,0,2.2719097802424386,0.1906369500830635,1,0.001343559725189444,0.006563119564255165,0,0.0026493301011187935,0.004663901359174345,0,1.8098831665679982,0.16910003640784343,1,0.004997304153363158,0.004902302946725935,0,0.011741794382874558,0.005608182552527563,0,1.9699274384721879,0.14147479393507037,1,0.0011768668699942235,0.0023162822361878217,0,0.00013700201179304324,0.0024745462142542725,0,1.8285677790960837,0.11475866666410955,1,-0.00040264039447112325,0.0011728754013040892,0,0.003289943035186354,0.0017171423189681367,0,1.8600259301693172,0.19051942067420718,1,-0.0009435172711346236,0.0006684638468126,0,-0.00039836708317889173,0.0010107350984013544,0,2.0407585419419005,0.1286012059938504,1,0.0022189481447525547,0.0006470581859836071,0,0.003915530739575725,0.0016094490136853695,0,1.9531857762854692,0.1097041097529759,1,0.0007045167347683456,0.002802432214182586,0,-0.0008255499910651004,0.0012477824947682086,0,2.0328021999912096,0.14939142966307656,1,-0.0015859013132966926,0.002257984107095599,0,-0.0009674692913206603,0.0019738034489202557,0,1.8531298842270982,0.1343275806291876,1,-0.0008016332785531343,0.003704498662834837,0,0.00013256859552664672,0.0020848233999925217,0,2.1375969085593125,0.16715254192807433,1,-0.0028182697077436,0.003808751361497589,0,0.0007279574401739226,0.0019105597381508473,0,1.5883338627094892,0.15039052152713012,1,0.000556078516945405,0.0035439748125284656,0,-0.002352861603192872,0.003186701590080453,0,1.9053007995550737,0.12706774318730404,1,-5.090196289873948e-05,0.000905107566555828,0,0.000365274061182685,0.0019897769932042644,0,1.978811082122919,0.16102955059003923,1,0.0034847629969579643,0.00545682326960927,0,0.00269311389097713,0.0030860049309357324,0,1.9646121606256017,0.07813839649057493,1,-0.0010735891620797331,0.005757951347655816,0,0.00309733191190347,0.005334310794284261,0,1.877622842345232,0.1586122774178481,1,-0.0006086477289304934,0.004607816731200073,0,-0.0009262808442823345,0.002830791226324541,0,2.1895298170826205,0.22355769191291996,1,0.0028790537785761817,0.003353421491526256,0,0.0013663626655127002,0.003697291780021313,0,2.250334529236495,0.07284648648498886,1,0.0017348429504550524,0.0013381501629673228,0,0.0002109192672267568,0.0022453763416120966,0,1.9274171270354443,0.16322470954332535,1,-0.0022091517532053396,0.0036339533330803815,0,0.0006317978798716971,0.0020397196794992665,0,2.146395284280991,0.06442981509902294,1,-0.0001562004682617674,0.002877026232064037,0,-0.0008101516767711682,0.0019506564591326885,0,1.9880259662098037,0.22623141372830433,1,0.00019954594798094098,0.0015423671590253372,0,0.011935679099206727,0.005150685400482221,0,1.6972294720644616,0.09130590806766951,1,0.0013916742303605304,0.0007674802577469624,0,0.00232227592734436,0.003634547297561235,0,1.9235784628117087,0.16684115941271452,1,-0.0016045097023960168,0.0024164871599400488,0,0.0025814319428063785,0.002676823652715853,0,1.8187435045622096,0.1916070770771635,1,0.0057081970588545045,0.007053351616971914,0,-0.002149440424745471,0.005562347623261047,0,1.9494470509164212,0.15609527566393996,1,-0.0015108695878100127,0.0019255041799561448,0,-0.00013298594719064467,0.0015230196990978174,0,1.8321288387518664,0.0886644153693987,1,7.92740031884076e-05,0.0018834798558922093,0,0.003165178279661214,0.006002922956744209,0,2.1662962745608185,0.18381746453964745,1,-0.0024198413461679865,0.003105113872580969,0,0.0002505046510362772,0.0020108456007149195,0
130,5000,0.6,lr,0.9790727442797154,0.0018913561617657554,-0.0008980719686731739,0.0007398661528877667,0,2.0301331347046907,0.07598528301320462,1,0.0014812797903372905,0.0007570220028373904,0,0.003934165424242158,0.0008412177309111592,0,1.8716837226051783,0.059871082658952905,1,0.0034787815040240983,0.002773965355614196,0,0.0073282000587543816,0.003524721057144843,0,2.262186062141896,0.21687548478062801,1,7.59584621902414e-05,0.0040041948274086425,0,0.002499969457015804,0.0038918177279446816,0,2.0437034645169496,0.08740595034485116,1,0.003242391092505298,0.003105629622398497,0,-0.0003028432429296721,0.00041388274468206197,0,2.044844650084145,0.11941028039575743,1,0.0008869927723172174,0.0006798403208665555,0,-0.00022492822608836117,0.0005079621884701925,0,2.0494607945391397,0.0799859452798933,1,3.378293367102803e-05,1.9723542941154733e-05,0,-2.5756272754053933e-05,0.0005817304270920703,0,1.9658736020237886,0.1090585312724249,1,0.0006581101386440503,0.00124895578770365,0,-0.00027211467948527567,0.0008557368534674171,0,1.9934457866421291,0.08542127890100842,1,0.0004990580246167475,0.0006805845048005673,0,-0.0002541096087164258,0.0012369658201623877,0,1.8936210832199762,0.11964695896605897,1,0.00038013575373355217,0.00037903475599141556,0,-0.0004057996615517991,0.0005814574451767408,0,1.9824011529708134,0.08526077243220327,1,-0.0002535601335397124,0.000472816666077109,0,0.0006632507721054903,0.0010666810197232635,0,1.8709535999321332,0.0471139850389587,1,-0.00039314831346785124,0.00045823987525932144,0,-0.0004049079382164358,0.0006883891268184934,0,2.0962601390348636,0.06381763382528852,1,0.0006259783174014154,0.0009499207713715722,0,-0.0005069378725448339,0.0008290096562033423,0,2.0805120294465027,0.12888180226885262,1,0.0034549623297417406,0.0025576185764366937,0,0.0010430177757244686,0.0019358447761964367,0,2.132880412423732,0.14349729726138594,1,0.0017660131274905802,0.0019876641629444853,0,-1.0056248352205853e-06,0.000646490705543883,0,1.9291619118164374,0.03976236361247688,1,-0.0003475580396494826,0.0005842728785361316,0,0.003539639889848324,0.002292863375288223,0,1.8661597634947165,0.09051317831058625,1,0.0006660454972503737,0.0011970457111416743,0,0.00034474293588336694,0.0008976967610213939,0,1.9757208016428234,0.11934815225382955,1,-0.000701624105313639,0.0019071189675233136,0,3.081951587637422e-05,0.0003883894840213256,0,2.011167703605209,0.14029064642117056,1,0.002879021971992528,0.0015586175683716128,0,-0.0001251137421110897,0.0002380107228764687,0,1.9241543741022782,0.08861077728589829,1,3.2589852635621865e-05,0.0003553998325889758,0,-0.00040834666065057946,0.0010797602478807673,0,1.9476348102460554,0.07135747387092588,1,-3.648920922409407e-05,0.0006678492618267725,0,0.00041605504600410816,0.0002689328334816526,0,1.997520815288793,0.1580486231778803,1,0.00012596703296914978,0.0006036897944435074,0,-0.0002710352205512026,0.0008623000773945914,0,1.9286775004632826,0.0807927664852259,1,0.001960527686424072,0.0016466546992440045,0,0.0017724897204366707,0.001465733993378121,0,2.2421894443652994,0.14216908013185203,1,0.00016138345431617428,0.0008316580598178703,0,0.00029276217865901576,0.0030769428197958697,0,1.9398124876523308,0.13718561829117454,1,-0.00022104727881235852,0.0008321319559074645,0,0.00024603327588411394,0.0003955364930155057,0,1.9146113667334266,0.13507470220648968,1,0.002702085450229443,0.000877587442784421,0,-0.00017336575020602526,0.0002674917980900601,0,2.0637991734031793,0.07883323961140815,1,0.0006918394404355668,0.0011938730895768783,0,-0.0005518904122282801,0.0013768727292260002,0,2.07314019937026,0.09437581840242398,1,0.00040940266292251794,0.003600468315421853,0,0.0019196953749706903,0.002928390922598341,0,1.8993798815076524,0.139474364896526,1,-0.00045637830723512207,0.0008437133409295464,0,0.002761754589476235,0.0017045206809580622,0,2.1412639460822755,0.11288792055059925,1,0.001947813694018827,0.0014808840910389173,0,0.0012448375968747403,0.000691306549747326,0,1.932682433845511,0.11118815998663689,1,-0.0005548061025250851,0.0009184567628624463,0,-0.00034083651123360424,0.00040414148193928184,0,2.0608424532187657,0.1347908301169571,1,0.002835291628975023,0.004148682870853015,0,0.004827123927785436,0.003864658772888747,0,1.8932154850237695,0.10398886840325638,1,-2.2113372544799497e-05,0.0005116254235785928,0,0.00011838264953396877,0.000804726876785319,0,2.134837544087341,0.08050273432005325,1,0.0018347960435409183,0.0009096790964629862,0,0.00030670215176307856,0.0007667346820780226,0
130,5000,0.6,lasso,0.5459847351679308,0.012945451135417965,0.0,0.0,0,0.4437820689079072,0.05033977597416748,1,0.0,0.0,0,0.0,0.0,0,1.1314261142563027,0.07349184036188343,1,0.0,0.0,0,0.0,0.0,0,0.8548182338798611,0.0329755840737329,1,0.0,0.0,0,0.0,0.0,0,1.3254694642040774,0.07683191661569809,1,0.0,0.0,0,0.0,0.0,0,0.738149910629558,0.08064261893708877,1,0.0,0.0,0,0.0,0.0,0,1.544339798268489,0.07923904659290341,1,0.0,0.0,0,0.0,0.0,0,0.9935819706142637,0.037888515369251544,1,0.0,0.0,0,0.0,0.0,0,0.9462734524434943,0.03964550391662881,1,0.0,0.0,0,0.0,0.0,0,0.4992631646188378,0.02028231330352471,1,0.0,0.0,0,0.0,0.0,0,1.3685162612489303,0.0827161690122104,1,0.0,0.0,0,0.0,0.0,0,0.5829713107814419,0.030525404675517377,1,0.0,0.0,0,0.0,0.0,0,0.6595138155502526,0.03509032694395935,1,0.0,0.0,0,0.0,0.0,0,0.9136581541136168,0.019447613741100857,1,0.0,0.0,0,0.0,0.0,0,1.6224694498387044,0.06343245328334517,1,0.0,0.0,0,0.0,0.0,0,0.7260627234067945,0.04376487988487692,1,0.0,0.0,0,0.0,0.0,0,0.9918812964633602,0.05899923125239189,1,0.0,0.0,0,0.0,0.0,0,0.8417954880916912,0.028636285233790703,1,0.0,0.0,0,0.0,0.0,0,0.8640839493526482,0.04601366507672842,1,0.0,0.0,0,0.0,0.0,0,1.2150498606840838,0.02076373989061762,1,0.0,0.0,0,0.0,0.0,0,0.9260194433827309,0.07189852966937076,1,0.0,0.0,0,0.0,0.0,0,0.6436376631704951,0.03248706099931028,1,0.0,0.0,0,0.0,0.0,0,0.8908504836737734,0.055311582223914725,1,0.0,0.0,0,0.0,0.0,0,1.2431723475490615,0.09029615255372048,1,0.0,0.0,0,0.0,0.0,0,1.001584995204308,0.04219684685716697,1,0.0,0.0,0,0.0,0.0,0,0.7702367748606511,0.03803494964978035,1,0.0,0.0,0,0.0,0.0,0,0.8995190739561943,0.03621110258823035,1,0.0,0.0,0,0.0,0.0,0,1.0865798750377098,0.025309799378115432,1,0.0,0.0,0,0.0,0.0,0,0.41048889941914696,0.03146330735368794,1,0.0,0.0,0,0.0,0.0,0,0.7516868324681723,0.043456409946144366,1,0.0,0.0,0,0.0,0.0,0,1.0490877228104485,0.038939087737044784,1,0.0,0.0,0,0.0,0.0,0,0.8476623817752863,0.03514324877153607,1,0.0,0.0,0,0.0,0.0,0,0.7153854465922016,0.03758472139147144,1,0.0,0.0,0,0.0,0.0,0,0.5830991159272247,0.022009743465049646,1,0.0,0.0,0,0.0,0.0,0
130,5000,0.6,dt,-0.1975370231181836,0.05096888797290898,0.062270843294272106,0.28666667136660134,0,0.167572781390833,0.28103899047291797,1,0.18493675810012092,0.4142540315340005,0,-0.10443765318414869,0.7026641323571918,0,1.5072436639581852,0.728572421558543,1,0.2626324925683352,0.6275986551621344,0,0.15925199763372727,0.22418996941611874,0,0.6891813700550982,0.7503624845255673,1,0.04097481262418261,0.23568549626175495,0,0.2846170617760485,0.18920885660560705,0,0.9660355573792284,0.4220350559195423,1,0.07694837031720739,0.28866610834579703,0,0.1574439996469438,0.3110616091444983,0,0.07256868821788279,0.30208720956830115,1,0.18390446144448766,0.21661489613309692,0,0.05369961478883458,0.35696069477121756,0,2.6407607776492243,1.1354031779238845,1,0.14888675883657357,0.22133116799740152,0,0.033753845005301666,0.29135743097960787,0,1.0575528718780658,0.7945505906341975,1,0.09464618277729969,0.24527872853916785,0,-0.02976469370040983,0.2031026408162597,0,1.4488786572473478,1.0023538850606946,1,0.09917372584470521,0.3627295628358931,0,0.3937070350082298,0.49062233506778125,0,0.19890919064242268,0.10219945599013851,1,0.20745909730151654,0.17022561422892432,0,0.21451357218688663,0.25146608777266893,0,1.378082243181551,0.7546381367247729,1,0.4305485990159341,0.3666887525121087,0,0.3142046929555844,0.21308736360087058,0,0.40954486452191186,0.506786029372326,1,0.2195820189451525,0.29457886191753324,0,0.2812116105998289,0.39739132912839503,0,0.6928347595286168,0.5188542510654497,1,0.2469474308128717,0.23903461291599723,0,0.572520878928853,0.3266952145162356,0,0.3841488658881792,0.455228355946497,1,0.22417533686045354,0.2849926888894276,0,0.12337282614614313,0.17645487899127268,0,3.5058831870236618,2.598399977139105,1,0.3596186628624406,0.5301628109882872,0,0.04355939680492112,0.35014940600677025,0,0.010872890381590094,0.432075633921108,1,0.06773212480763342,0.21976151477406528,0,0.5091127209763596,0.45772597252421593,0,0.1326597670805917,0.3880170830677199,1,0.17270617292489243,0.2683572355781949,0,0.4350895608364908,0.3253980556626144,0,0.489648326557103,0.3198540199749681,1,0.24261886354176104,0.3618753632740882,0,-0.17643784334525708,0.5961074621685166,0,2.75361665651067,0.5089849888788068,1,0.23269861651580367,0.3294435161719389,0,0.16780473623066844,0.2859096909867338,0,0.6033544432734147,0.6476397171606488,1,0.22767013860372015,0.43298476252591933,0,0.1957219639859985,0.1559015751254923,0,0.7073510068148297,0.521147267181923,1,0.053353126126491915,0.32990080762351365,0,0.24053355620617647,0.32169899354777703,0,0.424323261594861,0.4224393316276372,1,0.17210908019025536,0.5356232800196707,0,-0.1412863237863527,0.44693639955031184,0,0.6994190711095076,0.8417276660510412,1,0.2714926260012908,0.3667559883890699,0,0.17352400629015322,0.24006164241802525,0,0.738963873014433,0.5483495829566979,1,0.3622623624545639,0.4331120483348221,0,0.20217546692007096,0.10069128293573701,0,1.1907811364785814,0.4804035428284259,1,0.09136416762788466,0.15316418286712996,0,0.13846282852846967,0.49303706233651046,0,0.8539162698247997,1.0822952524100056,1,0.21615312350710675,0.281963407764699,0,0.17509303290917339,0.3758794307076907,0,-0.02892493108648887,0.11988909617201814,1,-0.023114744420827928,0.4329269929234758,0,0.16767605408537506,0.12343485961234706,0,0.14198070334048063,0.5105117800196903,1,0.20911935137706913,0.43693106742993815,0,0.08424595969055901,0.5235783170956216,0,0.09777693993693409,0.4693297317995598,1,0.2603747088646243,0.2364874501376154,0,0.3728710223021051,0.44366227608226655,0,0.5823046576442411,0.7539247007692251,1,0.35818027502875216,0.31938852114497457,0,-0.08357529150839674,0.09724012997583785,0,0.3616282221152202,0.2679765461274623,1,0.232216741893375,0.13951914583789826,0,0.32933042248358735,0.20339994714066098,0,0.1662202401034816,0.21118110513346175,1,0.15377196303261173,0.29437865395198615,0,-0.2838104433154008,0.9666163959988985,0,0.6896888180012241,1.098404853606159,1,0.12692761707403893,0.282657991980686,0,0.41667291623908564,0.39366026934170306,0,0.43455155584414296,0.42557077884337335,1,0.09261967158174414,0.36594037028996934,0,0.18732405958123685,0.23918511276413015,0
130,5000,0.6,rf,0.5401440201217278,0.009700743953110139,0.015818514936123976,0.016952241285653816,0,0.27682746332914393,0.0190267087165859,1,0.1395968054722543,0.029109997880457383,0,0.07830233556831562,0.02120975823211725,0,0.8324368791975806,0.09035365186041576,1,0.11686851798767828,0.023262831464627463,0,0.08210131265167651,0.025523680768442122,0,0.4575649402153297,0.05971135541699218,1,0.10260244453428033,0.03481978970476729,0,0.141489932573292,0.04520002038741601,0,0.8136187763774686,0.10421156502387201,1,0.20209298313687146,0.02356390517219557,0,0.07538511732710655,0.04438241419386062,0,0.35886242247509337,0.06636458207868504,1,0.11460342492468509,0.03643921735413016,0,0.1216346623170069,0.03923792728465059,0,1.3912687603061888,0.21284683320957073,1,0.10791694797118834,0.026299677845148278,0,0.15333278427630267,0.03278977106296109,0,0.8108859340195522,0.13601697664001688,1,0.10708414467165131,0.01689924028580988,0,0.09585869882019478,0.03019907361991994,0,0.6427996739627504,0.12339331579989245,1,0.0941130413527235,0.02419489235975777,0,0.07724820324163277,0.02934097784544092,0,0.318706288493428,0.047800134634836296,1,0.10098943408256444,0.027941719027270946,0,0.1364752651170292,0.027895389714162375,0,0.7272713156430515,0.10635029056367952,1,0.1384711509108812,0.031199644492422317,0,0.13615252098878977,0.031966392535972735,0,0.3302970210823394,0.05373783377522578,1,0.08976216886575669,0.002759601272485068,0,0.1705541524624167,0.01693381196251774,0,0.41103349844636056,0.05381870359034613,1,0.06777000186669728,0.01709180801838371,0,0.040809882362955276,0.024742434130777848,0,0.4968202487968905,0.06362873490719825,1,0.04297369797068851,0.03265621940701936,0,0.10458760490279007,0.024947785566198435,0,2.163026809619325,0.28070802001149114,1,0.10298057369036004,0.028405626080484567,0,0.07167270233418475,0.044926870562448845,0,0.40712875807705007,0.08229655385610446,1,0.08827715715486043,0.03203843884382798,0,0.10177492037804421,0.035410815689144774,0,0.5846334316748494,0.113847790347664,1,0.1911163727953525,0.03836725348346426,0,0.11471218360219729,0.02329786552716297,0,0.5355767937707974,0.048306481953764885,1,0.08861842263561359,0.026170549158765814,0,0.08805067138887555,0.037635192061054215,0,0.9394181941580664,0.14514677912735577,1,0.05099475214716803,0.026410828607859232,0,0.15422558345591475,0.04669223301784405,0,0.8160480203521672,0.06746431195967123,1,0.0694641729892165,0.029953386021099225,0,0.0888370250935704,0.04241850090414616,0,0.48053665684393165,0.0862653021911789,1,0.09997079938247538,0.04881221491560663,0,0.09327365755349029,0.047498715682221,0,0.42712645147070605,0.07322519344361458,1,0.08400129629408014,0.02656039132202568,0,0.07746888152878992,0.02291390935870783,0,0.585867650438751,0.03923703520994079,1,0.08387602538392044,0.021013034514768374,0,0.0718556636799289,0.02240001436974601,0,0.7504657643425742,0.049728697870639375,1,0.13709828347608538,0.0411250631005972,0,0.12222830625859427,0.040726974647638095,0,0.7171712086503262,0.056713141899073914,1,0.12119483079440911,0.022737716886849908,0,0.07831389065038286,0.018346660139386618,0,0.4540465831383137,0.0192644824927228,1,0.11972023723573921,0.00770963088450407,0,0.10085279728146998,0.01580976727257667,0,0.5113038478380517,0.03684302471054734,1,0.15517408856110615,0.040882470828137694,0,0.10823037334965117,0.013180207487052944,0,0.5612942669182391,0.0389764725029521,1,0.06097127065328521,0.016426443901149043,0,0.09521695039015213,0.018853797770663365,0,0.34768290343791,0.05079556009670921,1,0.09709632836222666,0.023575869582956977,0,0.0949154864183045,0.018845493525992404,0,0.4625463506736257,0.05895231211739466,1,0.07408386491532948,0.020034567093865533,0,0.14978018857665645,0.03478364151192016,0,0.5964204621853272,0.06001133927101916,1,0.09917476410145282,0.03615020943847725,0,0.12800465711078549,0.04165794465257215,0,0.48249113033899693,0.08095381612298283,1,0.07818719513407511,0.03637711753430324,0,0.14710562572603306,0.04762168116702665,0,0.4244023533369205,0.025721449158932354,1,0.1362345215063346,0.03070813265613809,0,0.1510077380168198,0.0575579837265618,0,0.27954667982274584,0.05131230922376475,1,0.07717379190997582,0.04505830534872402,0,0.006567028985182688,0.019755398656081172,0
130,5000,0.6,et,0.5460820260750092,0.008010036755884752,0.03798840517803129,0.016238198020996127,0,0.26537636443607526,0.027282439338634945,1,0.11391282899535256,0.03269785350447185,0,0.08764044674306451,0.012731302940736018,0,0.912793407344713,0.07789719687137352,1,0.09342664016781699,0.03824438272767678,0,0.06659399455036139,0.027388468460129635,0,0.4846237540429875,0.08366715090894576,1,0.10629013922358854,0.019907394943747145,0,0.10512624838218998,0.021501581299221174,0,1.0388510026804731,0.09931805539069838,1,0.16200324833344712,0.03351828975604273,0,0.12122471363120409,0.031343571648755356,0,0.3775697353545787,0.06153138770134607,1,0.1309139505010865,0.025483450962883184,0,0.10447451393333507,0.033428292057287826,0,1.225171462628492,0.04208951576597908,1,0.1652917616101667,0.03682122576990543,0,0.16632997074534,0.026360103590405172,0,0.752903210274432,0.025243089877519883,1,0.10443240043969584,0.028541413710642075,0,0.13296655376176203,0.03372647211850416,0,0.6275816681919025,0.10617873556178356,1,0.10471710032019424,0.03408169793764235,0,0.06170796692348798,0.011222261990087136,0,0.29758366967790895,0.025820327536817744,1,0.10872701764120943,0.03510413104832546,0,0.13809137884835876,0.041062872048890704,0,0.7836403328872747,0.08623802367365314,1,0.14038230775953764,0.03412170790930696,0,0.16294908892653986,0.016845074758595327,0,0.34176675394429473,0.061785456073263176,1,0.08450418473315577,0.022555227906247276,0,0.17519096042811982,0.02417545414986617,0,0.37699060867497713,0.04065332533834252,1,0.07991294006120994,0.026453329156070116,0,0.07412771939623404,0.015500554774066835,0,0.6075378625325916,0.09166388701932524,1,0.10110220137750989,0.018809285716390088,0,0.11352104242910095,0.030160709778185593,0,1.409758422498751,0.151528237312367,1,0.16543716651347562,0.016838529937136224,0,0.10224936647932112,0.018307750270361665,0,0.49381495065654357,0.09190664033890565,1,0.09536069334435704,0.035704778116217716,0,0.12067242254035629,0.02669447497220549,0,0.6152979151983599,0.100372320146993,1,0.19337749446140262,0.03349343911955544,0,0.12344135779199009,0.0374092722403206,0,0.5422323554609492,0.10324211267603076,1,0.093357818860934,0.04964626421573424,0,0.0925431535937361,0.03806122080909943,0,0.8197165256405154,0.10153837127440728,1,0.03866128670614114,0.03051652909560982,0,0.13289600467469004,0.03615517966214036,0,0.8115286248182132,0.17513267352365444,1,0.0967957098952883,0.04697071334900244,0,0.09052773458248647,0.023812736401165668,0,0.5132164126317839,0.05658563067921007,1,0.11586291563939352,0.028971805852562763,0,0.10532952882768305,0.03528252365960537,0,0.35658167215815617,0.04155277031082095,1,0.08305270787589412,0.03446228313332055,0,0.051015490071147473,0.03773513755420956,0,0.609153523322215,0.08536892850651037,1,0.11077533055244074,0.02670469520093226,0,0.07512927888090919,0.020316948426629247,0,0.7214995005846545,0.06305324794835093,1,0.16234836070283068,0.04351057819060709,0,0.13179184786554388,0.03642572519593546,0,0.6308482200974638,0.09464507564169607,1,0.10579501991224868,0.028978758533779708,0,0.09328510666980684,0.0354169750113736,0,0.45608301186773736,0.04016374537663563,1,0.11391641479243124,0.016096444034475504,0,0.08431849861756852,0.01786637322307667,0,0.5672437836085137,0.04879395867364112,1,0.16604161073678742,0.02088800620278995,0,0.12510454342947092,0.028329888042409112,0,0.5178384418278246,0.056870423059234565,1,0.09165558085467913,0.02915245531471424,0,0.09106427001353742,0.025830893059993077,0,0.3263499683450479,0.04875265213358661,1,0.09443759326884922,0.03793334134137476,0,0.11623313313353476,0.02514608787905167,0,0.42373918391627374,0.04949915300718112,1,0.11101961595097398,0.0337377901687021,0,0.1405242272155798,0.03412767946326246,0,0.6771463123754721,0.050600101772445547,1,0.10929466895760491,0.02113499381069387,0,0.11173032006595615,0.03234769699716753,0,0.5110430283228671,0.08926984493624164,1,0.12014646224178771,0.06081502760989669,0,0.1701275677715927,0.03168861894470833,0,0.42595620971763004,0.09732266157713482,1,0.15252568525387827,0.03130242757453879,0,0.14083493635857827,0.008299707367462314,0,0.27461816361219304,0.0403124321894399,1,0.07548091197847154,0.035813988024391154,0,0.006212123802034427,0.015787713376842025,0
130,5000,0.6,gb,0.7202890337029404,0.008936731696297282,0.0,0.0,0,1.036473225646665,0.11626698659349846,1,0.010100562984120572,0.013615302425372629,0,0.0030192162505779906,0.006038432501155981,0,1.444678870439024,0.16263527574866132,1,0.00870158384645866,0.008116843624359826,0,-0.0007265284183609424,0.0014530568367218846,0,1.236017163619332,0.11834059609372832,1,0.002962848299552263,0.006011389903322779,0,0.017073803863531346,0.01629213282104877,0,1.329173265347457,0.08177970268009038,1,0.06879739453997503,0.01004688374449086,0,0.007651645056165664,0.009522144106751607,0,1.1178059947580137,0.15484534873138464,1,0.063253449576708,0.01769241092635089,0,0.005644937328687718,0.006665659790545812,0,1.6943461003266311,0.13594296047978943,1,0.027197053706608437,0.032354149539179686,0,0.028535102092629917,0.021229003271184006,0,1.4414017163562156,0.07526810938590954,1,0.006144408468925009,0.006060569627736386,0,0.013171210550002732,0.013126416578653047,0,1.3049907563064072,0.07191099174542331,1,0.0015867013700815065,0.0038358995700206416,0,0.0029590673550920882,0.005064526106189571,0,0.9337058957468857,0.11824427068648483,1,0.016680126045795208,0.01864812541320514,0,0.02530232603793451,0.02988907038390512,0,1.4677865642547148,0.13771217934169233,1,0.016189961627816933,0.013092044519853942,0,0.02101285168799456,0.01652128757225378,0,0.9615643291296074,0.060100199778719866,1,0.0008319202891564287,0.0016638405783128577,0,0.07372931208201301,0.05020714788671727,0,1.0068812898125468,0.08224992973018662,1,0.005536853680154387,0.004691617807663439,0,0.0,0.0,0,1.3434120519506225,0.1062057607092273,1,0.0022069568813647394,0.006209136869262476,0,0.03056932172088392,0.0268424627446748,0,1.7467328046760469,0.11177298057442621,1,0.010489533582953904,0.014868358322911904,0,0.0028217761109475318,0.0037403556008155786,0,1.1673715078215612,0.16242889285836537,1,0.018556023844606778,0.019345174273179937,0,0.029033338311478092,0.02660286191136623,0,1.2513198977281763,0.11707048784738441,1,0.0676203385771321,0.02730370090428393,0,0.07315654165838584,0.03155755841853743,0,1.1941964029460406,0.07123047859945249,1,0.005097360762635816,0.007216156884078068,0,0.02229895121287099,0.018580438111433978,0,1.3729293219131844,0.1441969785580811,1,0.0,0.0,0,0.011876588740317145,0.012425454050770546,0,1.4042981412555946,0.1437773005396872,1,-0.002680245081587998,0.0051416690709950585,0,0.009052429358295939,0.011454591676499164,0,1.2258459114439921,0.11226720958628035,1,0.012502625787079702,0.012363797245321287,0,0.01612986649722325,0.011018215197717207,0,1.092118362804039,0.196064423500036,1,0.007089200594063022,0.010882578469208714,0,-0.0012599160802590605,0.004078256384107018,0,1.3078933469971514,0.09196847720145213,1,0.001240076018387846,0.002480152036775692,0,-0.0012753284215188572,0.0018274319404986005,0,1.431114181874948,0.18086082065302056,1,0.012245404221200795,0.011814398460167026,0,0.02029090060367007,0.019975319479131896,0,1.3945035210183323,0.126129033401197,1,0.014134957721617917,0.017441703217029248,0,0.006358813290755172,0.008838440660182703,0,1.086514036258302,0.15839410903745962,1,0.043158338969861806,0.024414112455004,0,0.0060784588723327105,0.0064872273435342,0,1.3302441320412026,0.10611530568046752,1,0.028307627371611837,0.017215841056228913,0,0.0014276004447164752,0.0027986416105411686,0,1.2523542255274986,0.08144672168227406,1,0.007406506641298463,0.012754252555550008,0,0.06298411846300338,0.03403944004339572,0,0.9345463338168523,0.03328637086639065,1,0.01425772149245912,0.004787376803333187,0,0.030852139857226603,0.03583562365916392,0,1.2906646964203963,0.07945175231048328,1,0.007201990242072412,0.009832157111128606,0,0.04573519432293124,0.026043577108666505,0,1.1354510698963096,0.09357736803763654,1,0.011305775587345347,0.01650889671121445,0,0.039756832639835586,0.0218823793429006,0,1.20408623215712,0.09768786702082705,1,0.030953866429233583,0.022517326337900604,0,0.03588068190895934,0.031390344082274486,0,1.1212553951492201,0.11894694643719292,1,0.01155755441936671,0.007115154297922447,0,0.07494862870379373,0.025624874357867866,0,0.8613120020875898,0.06288375477762545,1,0.007604597861218756,0.014577261958072121,0,0.0,0.0,0
130,5000,0.6,hgb,0.7896579427547387,0.0017924116116775162,0.008036101436823323,0.006493438482554771,0,1.2145154655703834,0.03622670707724308,1,0.0354942810921446,0.02368208801189763,0,0.011087419317324704,0.007918817119675577,0,1.3247072306389882,0.11990436413263557,1,0.05274941683626407,0.022585247756993387,0,0.02108318665315703,0.011139300051347101,0,1.2040506693235908,0.1557902781800438,1,0.01653249784239184,0.008154370329772835,0,0.05835400983639598,0.02047168954756813,0,1.3408565138239188,0.07880388439352339,1,0.10518949056207756,0.017740229717078247,0,0.03410314152450393,0.019584443716618962,0,1.1438339684821168,0.09282526012369152,1,0.07775791032979337,0.021646073291629913,0,0.03459694970634271,0.010633723374712148,0,1.5338256431541228,0.14396667263370597,1,0.03994580118701915,0.00971942418350793,0,0.059247454638320894,0.030937307962672956,0,1.4126191551122895,0.08949222231930071,1,0.05235398931881703,0.03588618189278553,0,0.04570212464373598,0.018172730479312435,0,1.390586624517538,0.11688348763138977,1,0.009808365460350351,0.020237154192081976,0,0.022605063133297385,0.012771505753610572,0,0.9279500642050822,0.02364649386109888,1,0.040248927811922075,0.014364905481019114,0,0.04686738904028885,0.019590417403300146,0,1.4954828179398176,0.15340005892264716,1,0.04354683947660036,0.015107519676916772,0,0.05040591732002052,0.028622973707017274,0,1.036027490785284,0.059308141330708615,1,0.02737309419097681,0.022934494263471612,0,0.09107103162768887,0.022912104191770533,0,1.0144155802857484,0.08891595074799925,1,0.017988455528894078,0.00968940277165282,0,0.006732931071710774,0.0094073592345267,0,1.4708755227974717,0.11552828991080917,1,0.011991739833314533,0.009118060583717497,0,0.05610511151857437,0.032638907036428744,0,1.6996815511731609,0.09643650638279291,1,0.03742353962965399,0.02534456913058859,0,0.02693714016009179,0.010897378871889324,0,1.174451556543561,0.16684931518991733,1,0.04510773381286526,0.033562239106153684,0,0.04138831219098345,0.01641465014075918,0,1.2377567957021252,0.076650518654024,1,0.0644146648654155,0.03836002436327336,0,0.06368730920247857,0.03046415103990069,0,1.3122544774791645,0.03947047017946023,1,0.03167838319225311,0.03128558393572318,0,0.05480151949880162,0.017194401160911938,0,1.3222401733981255,0.2335178222003498,1,0.005369194112883463,0.018573767225123095,0,0.026834698120710467,0.021558157713305996,0,1.4076897505049453,0.17884569390000343,1,0.023616204273059237,0.021841992214586714,0,0.027646723252658944,0.02210641706169876,0,1.2243681824764816,0.12733334250401027,1,0.04402503086957279,0.023907174302746702,0,0.04265903425434749,0.016696394332344627,0,1.1183590694330632,0.14431311450773723,1,0.02322873713173198,0.01587517636333847,0,0.016758619880438884,0.01813675587196874,0,1.3340394345907103,0.09854249224243325,1,0.03520534626028443,0.016944348612018944,0,0.005074646612447659,0.0065731431822887345,0,1.4544163967667398,0.07966970154456864,1,0.01795453825772526,0.012415143637650342,0,0.04136357559251015,0.012376703624075168,0,1.3818033370814018,0.20534733913776274,1,0.051845145555988084,0.03388368448015718,0,0.03248623206666648,0.014733499917879936,0,1.092653520727622,0.07698778994377771,1,0.04106722330276754,0.017577857927680525,0,0.03217112792296718,0.023738067766436367,0,1.3800977180561147,0.14838716544874178,1,0.057094136439036734,0.026107193734168716,0,0.012511853413063916,0.010319748727196666,0,1.2801027106822853,0.08761119257798111,1,0.029119656587415655,0.008079447384739888,0,0.06282785229258583,0.03333904395001214,0,0.928427655257193,0.1110768159701735,1,0.045317867554835176,0.01966188387672316,0,0.05671245000434218,0.020751480314165374,0,1.2862007148585914,0.054119579101032315,1,0.028391157343745494,0.02002130601108701,0,0.060155977610011055,0.022641773045747757,0,1.1466993671883339,0.10063196587329133,1,0.03531090269741734,0.01711185651354,0,0.06513226583242457,0.04516142849415064,0,1.200233668880299,0.14073889296342817,1,0.03719038741278161,0.02468122021243672,0,0.06799124855311005,0.03819126199412697,0,1.2085864976652463,0.1388026729674642,1,0.05230271583485966,0.02293833562809482,0,0.09580929775660166,0.043554149216256006,0,0.9822656511306718,0.08440780809214075,1,0.022085947345587463,0.027818836784526558,0,-0.00033239980401788204,0.002294453263767512,0
130,5000,0.6,ab,0.5513337906676646,0.011539536623552312,0.0,0.0,0,0.5842420811608056,0.1578226527621997,1,0.06315653345684988,0.10053878030813204,0,0.015696804339607823,0.03262323666201988,0,1.4354660662100958,0.36539315588276017,1,0.02068807714959071,0.017589484081250797,0,0.001034326199727758,0.0065645448173599135,0,0.8350666319537771,0.24569567353574412,1,0.029777428500640198,0.03779034243622286,0,0.010123893455743726,0.049407682273620884,0,1.495391053549392,0.2517026352593469,1,0.17969576381646296,0.08631567401724918,0,0.0375688118427019,0.0540415847483593,0,0.7712580182425083,0.06529814600550493,1,0.015627964767489587,0.031255929534979174,0,0.0017286702774113685,0.0172476187583418,0,1.358764668121958,0.3741069090356098,1,0.053275641659301196,0.0942445279359626,0,0.23308123010272896,0.11399525742606634,0,1.2934265079049747,0.22551317088842096,1,0.051588185307863146,0.04420241392981224,0,0.04528899820356442,0.05143852980020901,0,0.5384637691442866,0.03907789872169514,1,0.07272618564610675,0.0728078434555664,0,0.0067695708041594135,0.013539141608318827,0,0.6752342377308251,0.14198905542630672,1,0.0,0.0,0,0.07375835218874804,0.07835522504906686,0,1.0318484591902382,0.20401297381968897,1,0.013877080773699733,0.03435900816477618,0,0.10883938020792346,0.05627497742394918,0,0.48667424831820155,0.3574794524093934,1,0.016232529623875436,0.023474314793273054,0,0.04339568666092066,0.0533091773464016,0,0.2336869892672572,0.14030117380543614,1,0.20496150125707518,0.20237432525330823,0,0.0,0.0,0,1.0326797729697024,0.20261910416562584,1,0.009365444986186133,0.018730889972372267,0,-0.006063387465568141,0.014312649343053258,0,1.707630906922216,0.33708683253891025,1,0.14308777535496517,0.10799029779366988,0,0.0032616915844102153,0.01304001127161878,0,1.215390105766047,0.32655430714207195,1,0.0,0.0,0,0.02815242327780511,0.037761212891685644,0,0.6685838973996578,0.25326564627444065,1,0.044324566758349275,0.03356476691238496,0,0.11819266306537628,0.07897298276378824,0,1.0273735072160939,0.27347841826639646,1,0.04121755753294566,0.05047329934392404,0,0.000670315568604792,0.00797693111303752,0,0.5882197140038313,0.2156516180047079,1,-0.00032324647844008325,0.00041118934757144435,0,0.09175880925661492,0.08730118108320792,0,0.8738350770729605,0.31420880800351625,1,0.021691079429603573,0.011967689759799257,0,0.029914983171572346,0.03667407778085351,0,1.0334078383080423,0.28670280086931,1,0.04512632556239008,0.05729184910700812,0,-0.007243764770513891,0.0193367810001833,0,0.7698072275157612,0.16846363179805565,1,0.05579889319720767,0.03530229514684299,0,0.0,0.0,0,1.0547770721754137,0.21168076471565236,1,0.04293107979758911,0.03267401103115693,0,0.010392223226070698,0.020784446452141395,0,1.2834593772278087,0.399596419799916,1,0.014765154856915019,0.02688177605479713,0,0.04832045176774201,0.04070375717309507,0,0.8762998220727495,0.36892215583920684,1,0.017280171789285845,0.008862899581569855,0,0.040139916453735054,0.04695741997934952,0,1.1352633852048961,0.18941259843903133,1,0.02204129793471915,0.031305748401275695,0,0.057695116727866314,0.04524384047985629,0,0.8773058897385798,0.28392912882740307,1,0.06382405265035258,0.08104287525935364,0,0.04668622596999007,0.061820322591076365,0,0.8812136626495137,0.20578035397333075,1,0.04872580879944164,0.06262818873923849,0,0.05143439906612797,0.042298007898783505,0,0.5685694101973308,0.21617040218757416,1,0.047252391731442404,0.04441652616341533,0,0.08122760947959329,0.07538573579228286,0,1.0879987014724364,0.16047200391426833,1,0.004491603804280416,0.006172716886044455,0,0.04629299060796406,0.07460033420896095,0,0.6273300355157405,0.1481496786029641,1,0.04071172392665072,0.060426551442471,0,0.1000773915941209,0.0946230989687539,0,0.7072178577153039,0.2916896399366229,1,0.030594700115436867,0.040912947810612596,0,0.021038693473396108,0.028089476208211915,0,1.0267026730062363,0.1466098839425607,1,0.027309975643176387,0.054619951286352775,0,0.1482685674667248,0.04799098483583375,0,0.3290179864226329,0.24150257158406402,1,0.02047005401640837,0.04997051789220412,0,0.0,0.0,0
130,5000,0.6,bag,0.4663586883093262,0.012359156130806213,0.04190386804429344,0.052465362902409336,0,0.3443910053948717,0.11889278494594689,1,0.14256433721740808,0.11100349888967226,0,0.08380086924879711,0.08174642507033153,0,0.9255542779349222,0.16590081688797706,1,0.10964014420347293,0.07136920095565136,0,0.04722257409065387,0.016274617683445118,0,0.5529659037530831,0.0691852908289992,1,0.10143174091672984,0.04676880091972988,0,0.06811554968134605,0.02288849150717909,0,0.7887547482131004,0.16514013096937227,1,0.1313015282134456,0.13324889018600936,0,0.11428384812002149,0.036730885129465915,0,0.2972610199292496,0.17805292084557484,1,0.1381321992401864,0.10417798819409638,0,0.20030651652435533,0.14434173220761334,0,1.236146172622209,0.3765266706213103,1,0.15653401111473766,0.08046172192325067,0,0.1460875043504653,0.13903075299475137,0,0.6890365817157462,0.2697430747659852,1,0.10224833456877971,0.060338065261956814,0,0.04578855702241833,0.0398185223350331,0,0.7245918587278155,0.2920732521457647,1,0.04183688064349369,0.10668877823061673,0,0.1404839199257704,0.04189905884478168,0,0.2828854422300701,0.08440186100176189,1,0.14551949393683378,0.10592978286816307,0,0.1835833988392539,0.049285107674419834,0,0.7379956448158481,0.2984053010370551,1,0.15381424917406836,0.053454120148287466,0,0.1394165223184935,0.09179427693785648,0,0.2952683511692584,0.04377026722082118,1,0.07366731550539438,0.05225342922884272,0,0.2428415824551163,0.10658705143904708,0,0.38048942327718666,0.16712805511237588,1,-0.021315080000019852,0.13908297021526753,0,0.005284868873303766,0.062301132278266405,0,0.409443734046849,0.15354522881579258,1,0.04921549835711592,0.09316663943365444,0,0.1481618473137257,0.07392189397263195,0,2.286151018312431,0.39998417167111533,1,0.057731083606952324,0.07917899694046791,0,0.0744004629058207,0.0822364588471239,0,0.3354034197369463,0.22780130751617003,1,0.07081593983050918,0.06416723834596014,0,0.047759094575691316,0.08196383535797319,0,0.5231961266840652,0.2728507415369791,1,0.29706715532910916,0.07191151618876399,0,0.15523898840610356,0.13501573151670113,0,0.6246018893664187,0.17069052750501434,1,0.09576634478754117,0.03683091885569641,0,0.0826419555770306,0.12001657894563574,0,1.2191150669429773,0.1632433224573818,1,0.08403664366951409,0.04185067300885335,0,0.15343718430471304,0.1261858532038469,0,0.6938589931728139,0.32142520300560096,1,0.1551943657607514,0.05468485233988356,0,0.1440739936834008,0.07437087514938587,0,0.3824474899250056,0.09223988038263424,1,0.13754206610138753,0.03427542913027953,0,0.038811508026867836,0.0945196545583098,0,0.3084551072623549,0.12574054369946036,1,0.025425190633915462,0.07525561397292277,0,0.13391477194098542,0.09103647956174572,0,0.6582811370734498,0.10721800729227543,1,0.16762940384937736,0.06777129579479131,0,0.13916222615286336,0.06833706904749404,0,0.6755483211297383,0.18648442493918357,1,0.06510583812503626,0.04783962387291681,0,0.09618057073231905,0.09807379874273033,0,0.8248102538496569,0.21248901366831296,1,0.15941668557612132,0.171881609438544,0,0.037607560891584776,0.06809149555171537,0,0.4327548960656914,0.08592932369481086,1,0.15555515032810263,0.13071898826121406,0,0.1089980721488693,0.02869842575476101,0,0.5403746203422854,0.14997286368730456,1,0.2847282469345916,0.0726666214990475,0,0.12485007400307371,0.12120162394256483,0,0.5999550065785667,0.06067100388399434,1,0.042240132847843524,0.06370737038563844,0,0.11477283498639468,0.12005252733736287,0,0.25013524181870206,0.14978533895720075,1,0.08571201597185388,0.08432158815675675,0,0.18221794765338406,0.05111614440681387,0,0.5056942097736727,0.15246066768981933,1,0.04822158715219491,0.04895389573195975,0,0.163248556407047,0.08479095756088882,0,0.591326062710731,0.17117957311420376,1,0.1376463031390023,0.13228495759500503,0,0.16370600989316558,0.11437761189704405,0,0.5597868145208821,0.2132394932125355,1,0.0918556457838789,0.04573431335462415,0,0.27283713128041776,0.11392851469101122,0,0.36320343431238145,0.2420347251292569,1,0.1561409237600751,0.10789179632273396,0,0.14770342009344128,0.0927386122505269,0,0.352495487527134,0.12174120042419302,1,0.061629876762164984,0.06607883440718867,0,0.04440757208174892,0.07513630322909856,0
130,5000,0.6,mlp,0.9576420248299609,0.0026373134438425093,0.00638347368042443,0.008015827525888967,0,1.964879443741406,0.15655706428843935,1,0.02022197374073889,0.011494894434892326,0,0.01131543518923506,0.009599494380130438,0,1.9017053070656282,0.09476382663343147,1,0.02535540262824809,0.018738911064639676,0,0.019354336717725233,0.015291068319275262,0,2.473189980958923,0.27823857402735197,1,0.020472752971688254,0.019421320545649417,0,0.029309445781829917,0.021243143562224325,0,2.157772436232789,0.1374362631044515,1,0.025943491316740997,0.00804355512480167,0,0.010955928689562106,0.013973976504454637,0,1.906662704189489,0.15101241633204235,1,0.021518589894475408,0.036842998417851165,0,0.018680960360094794,0.014807854986028735,0,2.0891056527644865,0.058906895768865104,1,0.007089415868015045,0.015339558096502984,0,0.06176300792605656,0.03282208631547706,0,2.141438975673979,0.15134811495314412,1,0.022917387306022465,0.01140636559787941,0,0.02719498780007709,0.01611753600379434,0,2.091022133069128,0.028378994434987013,1,0.033245543369530214,0.026936714598166787,0,0.011627229730010041,0.021307049555826275,0,1.8162447747751664,0.1648451965811615,1,0.018054021619860455,0.012523684634158537,0,0.023756609852108094,0.01548754087450366,0,2.0543693287546243,0.10090096951570088,1,0.015763699026244866,0.015648457851300316,0,0.015347811260517782,0.023479624272762966,0,1.8872954065494523,0.06662259294153453,1,0.037205823976049546,0.013027411323661487,0,0.016803322518872902,0.02477074238522076,0,2.05687836007188,0.12533980106699052,1,0.026129286658316087,0.012388821192003971,0,-0.0035923046030606545,0.01726008729728039,0,2.148498849562212,0.11256183414197503,1,0.02477279623007736,0.009120576491282966,0,0.011939418883671397,0.023153940310027588,0,2.157841849399477,0.22878273038973362,1,0.02666657844516455,0.017230834488160585,0,0.01693202742983995,0.013362262477398669,0,1.8926662346965464,0.09248748577032549,1,0.01393152416837925,0.002255220322091197,0,0.03794621934546991,0.019941748483261947,0,1.736348186575901,0.09884237897165389,1,0.028218119082863535,0.011751040602058269,0,0.0010838887238212198,0.011418370819463515,0,1.9994046457760521,0.12315284222272109,1,0.016268951541135068,0.03444857846141573,0,0.0158470542863547,0.017041432583763685,0,2.1657085689377418,0.17003891403679355,1,0.023624049733319163,0.020142423529801484,0,0.04530220929273261,0.023865733850314003,0,1.8820368925379438,0.1326002284783318,1,0.014556328582879748,0.022699279356037758,0,0.009035540544814227,0.013306581579881101,0,2.0191177377935303,0.1027010825839495,1,0.02464495603130055,0.019981147837924387,0,0.014434505844018512,0.014245235205433587,0,1.9673164292275398,0.174008567505472,1,0.006376981003340373,0.010424003631596523,0,0.025779374592607835,0.03033471703088004,0,1.9468234356090122,0.15170695109105473,1,0.014531221485844436,0.018559449743446043,0,0.008585126042414445,0.019613235068340406,0,2.175661745016689,0.08298453165530749,1,0.011852630770626971,0.022669112436976415,0,0.02866310245769446,0.02683709781648946,0,1.9127284210139037,0.10730623170541703,1,-0.000533818990228075,0.013381393935060212,0,0.02227936340300877,0.007145382374525759,0,1.9024163723831804,0.09960354294897275,1,0.009978578219660982,0.023755059741780202,0,0.006951684964192298,0.01757962681595258,0,2.0244242513514847,0.05296541775681503,1,0.008188991346578998,0.01492821971136378,0,0.02144082063982522,0.03272095084728467,0,1.9141736705152226,0.12222397736770105,1,0.00039028961036052123,0.013466395463636307,0,0.018799173582104527,0.01251079385952568,0,1.851107356251741,0.15176576073014356,1,0.03688963465765595,0.02537430481227346,0,0.003080936680651037,0.019008351200086062,0,2.1246496331769817,0.0765425193396055,1,-0.002437676888207071,0.021452367841524066,0,0.026408152168850525,0.026781704919904892,0,1.9428769077817107,0.10351692589042989,1,0.007062630427135638,0.015494170284056486,0,0.014825210848187654,0.014555725779099582,0,2.146961312168352,0.14321370218382015,1,0.03315397819709974,0.01674343707499876,0,0.025931074043741065,0.02031674900688208,0,1.875880972882311,0.11769562789824382,1,0.0065478941321787665,0.006018350412005619,0,0.030764082045475705,0.01790535575685431,0,2.0872807800886664,0.13988630967550528,1,0.018590457746249404,0.011543791550295555,0,-0.0015993896632079813,0.021872580057283143,0
130,5000,0.6,svr,0.9162723672303196,0.0031487779862595312,0.017696310937294048,0.009344609931368777,0,1.447592873567363,0.08266992737415824,1,0.016259431402069466,0.027024587197997045,0,0.04430749046275018,0.0067787743505476564,0,1.2393571938583068,0.09032165349850865,1,0.03465106234997422,0.01842239032262283,0,-0.004499458991656928,0.01628531433596122,0,1.4018978037533785,0.09239099289066585,1,0.007596197585651612,0.01410493913785947,0,0.036745637411929974,0.01011884242965348,0,1.233462001372994,0.05679563518694194,1,0.032820579425743866,0.010185803968743785,0,0.04148607056216122,0.01662556142164276,0,1.3151875680723895,0.09116158751626682,1,0.019017140060995332,0.016777873349603185,0,0.0202072795137438,0.013176006600509611,0,1.2869322753261343,0.02011356879743828,1,0.03969074168233934,0.014048550029694977,0,0.06858233644323455,0.01303029511932664,0,1.2988460777478967,0.08915516634008411,1,0.040214203380912014,0.024026341515228148,0,0.010640041097102006,0.013096122562219642,0,1.3885863789305095,0.08390911569738187,1,0.010343268712333839,0.006626683322226708,0,0.03928138535917039,0.014387563409018202,0,1.1142057480721814,0.06423979121502552,1,0.017559350532250863,0.01060980172268922,0,0.06379940434039036,0.015799659243894947,0,1.4010095214121936,0.05267736352813546,1,0.04709286095719763,0.012906417826855416,0,0.04313847880316059,0.009677187921272045,0,1.1466746952601987,0.05805046032946691,1,0.03510745259325576,0.0194034568548567,0,0.026881851063159157,0.013796269730994449,0,1.2294453849193494,0.04809727339303826,1,0.012521262732175843,0.005084223933924725,0,0.01666515328499677,0.008497106262059014,0,1.4322549940186726,0.07514099799461388,1,0.01074145065933593,0.016965062171743716,0,0.057873612598069425,0.007127227410675917,0,1.3711107959276545,0.10675857738834017,1,0.03722081642700707,0.015161523015595979,0,0.0072155431052744,0.01582586819718717,0,1.33061262625356,0.06825764646721051,1,0.020792738543834628,0.019375707941233528,0,0.03956964781734716,0.013854934960902716,0,1.167104061176316,0.08162439699450443,1,0.07793322677307842,0.01612324841536901,0,0.026226297120007725,0.011077590738013525,0,1.367854208249425,0.04548681661514615,1,0.02072351408497009,0.021049224729392045,0,0.036569654221932923,0.02211598648936346,0,1.276600280417072,0.10362302818140669,1,0.007632275258446614,0.01571675814316762,0,0.0485860511138792,0.02976080363220619,0,1.3501685035209179,0.12327002763717486,1,0.04176071957407083,0.020601117160909392,0,0.016845886667513167,0.011746889108930306,0,1.249790461432855,0.06112258136627104,1,0.04352083157500082,0.027702809753583996,0,0.020493454115711997,0.02350939601902008,0,1.2327627184927779,0.1284101782499124,1,0.02416983706493372,0.0187724742168973,0,0.02653081935756223,0.01712585196415663,0,1.2137468048926583,0.07292783780716315,1,0.03098952120534717,0.009951724028562316,0,0.03810825181246828,0.02086626185143676,0,1.5148339236201571,0.12663037051984238,1,0.003169485570763067,0.016309390655574314,0,0.06679543571956047,0.01745551568550093,0,1.2070504041226682,0.11723010542903842,1,0.031210044754287396,0.01776950984275477,0,0.004116330024519976,0.02165523220969727,0,1.174088698097054,0.06859745388579115,1,0.044418912114461695,0.015956942867532374,0,0.03378922815565331,0.01785825362528135,0,1.2926864080963718,0.06854984648800933,1,0.03596586936513454,0.007227287023670226,0,0.04821531520908499,0.016497505729307273,0,1.3018587323428648,0.09180490076289034,1,0.016746566443396116,0.012188454830300335,0,0.06394789305542545,0.016558011642847755,0,1.0444359004004147,0.10405668265350995,1,0.030568900017257095,0.015243851998236392,0,0.03160048385029924,0.018209431505086,0,1.4100939012952158,0.09240772025008995,1,0.023166126371516927,0.013811826027764349,0,0.02566956472990726,0.016399276106765177,0,1.1577464415878906,0.04511603997173112,1,0.044501113529360446,0.008270557602864026,0,0.03313156339167883,0.014706920094725594,0,1.334063989241106,0.08687541279943858,1,0.013222381771807897,0.016856076383531458,0,0.0658980897339117,0.015362939689606777,0,1.1934973910124902,0.08071857004468981,1,0.028925424913771685,0.009574564256107474,0,0.0659049185828866,0.013826774550460533,0,1.2996207075050719,0.04560963473402663,1,0.020090141738985094,0.013796033615839602,0,0.0011172618456439113,0.004509667077264756,0
130,5000,0.6,knn,0.5849895445653502,0.00511756880449813,0.19084918203288023,0.3838341264848693,0,0.5055346219258497,0.27335743055940204,1,0.12325167472880812,0.30888377645875464,0,0.14080595841298482,0.38991437500017423,0,0.6523196571359375,0.29308340166310776,1,0.19929548558264287,0.3717481649387147,0,0.10999455493848576,0.2371374047956601,0,0.511598986688971,0.31431330811041613,1,0.23213606004260462,0.34518690753684317,0,0.27220255297008555,0.25866990447440474,0,0.6342571581139297,0.22160896307659794,1,0.2865584676920627,0.2310526202494384,0,0.30770130214971314,0.2187460317752807,0,0.47818364527445933,0.30777687307096574,1,0.22322764864909672,0.08752675260289366,0,0.18531427253197905,0.35884106092886225,0,0.6633234361117213,0.18467530956218756,1,0.36624513138641596,0.25262772844250836,0,0.15900633162936345,0.16867275556533942,0,0.5103192332666902,0.29936766388719976,1,0.20263073048265506,0.15194290707283103,0,0.18382447389697126,0.4265704718586675,0,0.47491270698311083,0.1330623469599014,1,0.10137256387259078,0.18082520208631855,0,0.10884126920270372,0.21714525890542807,0,0.31820716679515054,0.15812790938791382,1,0.21647472704649232,0.3355452260549491,0,0.2972437441185928,0.1643900311080218,0,0.668531774332531,0.28519491544169295,1,0.32629833139723535,0.23647159873322834,0,0.0963021153770464,0.25276534415988977,0,0.32500973512188175,0.2943010964307286,1,0.08788712087041942,0.16403441902593546,0,0.13104208244600954,0.2499408458058226,0,0.40655012189123135,0.4018943434292988,1,0.09397559606194152,0.24984967236756142,0,0.04194988066760147,0.28702637642519885,0,0.5314113286348547,0.3131021269883004,1,0.21329457836563562,0.2796891316153205,0,0.27896055448918056,0.34571569345304853,0,0.7060539224224929,0.38514876709248264,1,0.0939214210970302,0.3148238278253769,0,0.12648451941390895,0.2510994755791801,0,0.5531192042232833,0.2572615709490534,1,0.21113684727660118,0.32294041379998223,0,0.06868384227974533,0.17318285290180477,0,0.5905059267388097,0.33678875388902546,1,0.3866099114040635,0.3387359801665042,0,0.19716303246308023,0.3140680927601931,0,0.4737610261698951,0.2581828923231973,1,0.25614345088868185,0.1532992225830401,0,0.22219825953193145,0.3428378849943875,0,0.6132239823923209,0.3034421985007845,1,0.22179404360983607,0.19804549440346245,0,0.19163415094940164,0.2236156683203985,0,0.5491099086305338,0.3137418792811337,1,0.11958928235352428,0.2937108805882181,0,0.1548929771776374,0.23584093731815076,0,0.6110119310775068,0.42731963722646166,1,0.2202160574442463,0.24600988027975496,0,0.22109790437579066,0.32574896220522065,0,0.4712334002773105,0.34581436426801937,1,0.16702864420130065,0.35459818730670234,0,0.36968299501591695,0.21212970922402075,0,0.505413740898189,0.2847538585004361,1,0.12547923117915355,0.22167464961313682,0,0.2023963869383075,0.46822179926456303,0,0.6230368965093649,0.3130772889819549,1,0.3963617142477609,0.23050418572295892,0,0.18836478465041434,0.23578781199495474,0,0.506132562223806,0.2599648105194117,1,0.18687616544630564,0.1940482740101568,0,0.2107631903848933,0.23551669102341716,0,0.46820765395192454,0.24310391658135524,1,0.06101405524929139,0.3072089704576045,0,0.10178849399888076,0.26926677741607286,0,0.634817905775217,0.38768085715652667,1,0.45125030466412597,0.3325500133814627,0,0.2114040203393031,0.5044337826692479,0,0.5512212954350851,0.27330420984282444,1,0.29775585782407415,0.29768071069468716,0,0.06663960260421369,0.2491858110473019,0,0.5322066796752672,0.18706813846904766,1,0.19785191794551088,0.1818612521815508,0,0.15521372874195905,0.27159674139083445,0,0.31700338280310536,0.2949001614850556,1,0.1710970025594564,0.24644773512224577,0,0.13836138458825803,0.14568366289695928,0,0.5010791059328652,0.24119394063306085,1,0.2336135125611928,0.06508215501471135,0,0.1875398561130195,0.2885386137472571,0,0.49808425178531995,0.29219026217378685,1,0.08065714682024619,0.3031198807153957,0,0.10812184999465257,0.30232071847539355,0,0.46565561876265216,0.15471197283023655,1,0.2135356386223996,0.28296624170824447,0,0.14336825744521564,0.2939703918891531,0,0.36120750269461976,0.19467661487781035,1,0.01868877395776482,0.24242122071203603,0,0.11856299803713757,0.2570379366184294,0
130,5000,0.6,SuperLearner,0.9789069317168823,0.0018926809020731992,-0.0007246924740808662,0.0002736424063241993,0,2.026752113506023,0.0744468316890013,1,0.0010711082464140982,0.0006257965265196212,0,0.003978034125348469,0.0011032125090751637,0,1.8710300247730174,0.0629755593187804,1,0.0031870831718734186,0.0032333359733816708,0,0.006800718574490902,0.0037598267254140365,0,2.261373018463544,0.21328290595130517,1,-0.0004874788503514787,0.0036113136942655423,0,0.0020191501892007323,0.003483281491796989,0,2.0438512813791005,0.08548453454966917,1,0.0034297661853428273,0.0028582337390330496,0,-0.0008796825191837749,0.0010849895514071033,0,2.0439645988221717,0.12087413166763546,1,-6.855553510600528e-07,0.0017070964055303733,0,-0.0005376708593140757,0.0003648682753483696,0,2.0535643612658765,0.0730306684257175,1,-0.0003467794594511808,0.0006087997428246509,0,-2.9126331433624305e-05,0.0004298793029352971,0,1.9699988480241495,0.10995402021887214,1,0.000262548504604541,0.0014193635697160294,0,-0.0007018086600508763,0.0005532245133409011,0,1.9911212729666787,0.09035530710031742,1,0.00035424724295115824,0.0008918850609933634,0,-0.0004496501560542111,0.001502912635977114,0,1.8890088648059042,0.11811581803612314,1,0.00011028128760758186,0.0006859613343535871,0,-0.0002799904981155769,0.0008302036837188595,0,1.9929060293877554,0.08859973603551233,1,-0.0006442422294518685,0.0009413933752962901,0,-0.00010669444845372933,0.0021432205284867114,0,1.868090983786897,0.04300429657520242,1,-0.0003841474536264547,0.0005879461326323668,0,-0.0008737762883185795,0.0009905110194936692,0,2.0879961858920604,0.05974132799238949,1,0.0002887393881259217,0.0012945624667694744,0,-0.0008457991071329161,0.0011265708406679859,0,2.0839074147574403,0.12997662012444386,1,0.0031441587264455276,0.002569791430628673,0,0.00044918963087555407,0.0016022904014163254,0,2.1247686598600346,0.13606442313021053,1,0.0008446807083904017,0.0030667043145061047,0,-0.00014236364667406898,0.0008528526299034487,0,1.932874088298772,0.03421995004919054,1,-0.0004235578280753693,0.0007633565967119592,0,0.0029077343007945173,0.0019990783599367103,0,1.8612449029486555,0.08238708323722657,1,0.0003650691279511796,0.0011445138894736516,0,0.00026488989573864784,0.0004378418295375254,0,1.9781630229910419,0.11780056941906994,1,-0.0013349790439070954,0.0016564115787217886,0,-0.0007214774646019655,0.0005177285795512,0,2.000435240618909,0.1376266435255114,1,0.002354009678834047,0.0017983367543137245,0,-0.00036262435670714145,0.00047442349738903086,0,1.9288146556552133,0.08929445815807732,1,-0.0008598217055023465,0.0016910403003173276,0,-0.0008995740415929912,0.0009290630520347545,0,1.953280539310742,0.07329595704388708,1,-0.0003383531263613237,0.001018431707935629,0,-0.000176738875168597,0.0012616689680331067,0,1.995190364753975,0.15491567090947206,1,-0.0007515926685343586,0.001816474920865794,0,-0.00042960973325764407,0.0006309415729913209,0,1.9312985774912206,0.08679783467461168,1,0.0017914630575492766,0.0014407276451459457,0,0.0009755581473785888,0.0014687624906748623,0,2.243228074587056,0.14198640927241316,1,-0.00043948747419759337,0.0007810133041054184,0,-1.64133447114221e-05,0.0031537636292785676,0,1.9393768777639302,0.1320458514203054,1,-0.0007997346161831601,0.000899795064550625,0,8.764887959128399e-05,0.00021307859656656525,0,1.9213596495730763,0.13535124907865576,1,0.0018509043656775442,0.0013515682254369118,0,-0.0005470691377130947,0.0009575757470758333,0,2.061757765295892,0.07826426039361783,1,0.00038112099020241175,0.001148681651063762,0,-0.0012232825615958605,0.0015435217643500613,0,2.0750229028064617,0.09901257544367746,1,-0.00027979748074069105,0.0033350300399406117,0,0.00163150741472938,0.003381448559738947,0,1.8901146504745927,0.13740391052969608,1,-0.00024777085388533583,0.0008950519943228362,0,0.0021107992975748094,0.0017797713407709636,0,2.1431911771080334,0.1138762212900662,1,0.001870440083826586,0.0016755129466144996,0,0.0006507117463541316,0.0010560851086708924,0,1.9269211513879725,0.1101931512785693,1,-0.0010686075522100158,0.0012151029862517329,0,-0.0011664963404836035,0.0012763001992158187,0,2.0579477375626376,0.13990291281129297,1,0.0024315984457990505,0.004337654968286563,0,0.00397981491842173,0.004277724092259262,0,1.8976849524123232,0.10169348706006572,1,-0.0008228026795472165,0.0008334935337615263,0,-0.00040808635924989946,0.0016799169087355129,0,2.123540025595676,0.08269031977536719,1,0.0013494640982964225,0.0006347926547093176,0,-0.00046129461679699483,0.0007799040408583546,0
