seed,n_samples,cor,model,r2_mean,r2_std,imp_V0,imp_std_V0,tr_V0,imp_V1,imp_std_V1,tr_V1,imp_V2,imp_std_V2,tr_V2,imp_V3,imp_std_V3,tr_V3,imp_V4,imp_std_V4,tr_V4,imp_V5,imp_std_V5,tr_V5,imp_V6,imp_std_V6,tr_V6,imp_V7,imp_std_V7,tr_V7,imp_V8,imp_std_V8,tr_V8,imp_V9,imp_std_V9,tr_V9,imp_V10,imp_std_V10,tr_V10,imp_V11,imp_std_V11,tr_V11,imp_V12,imp_std_V12,tr_V12,imp_V13,imp_std_V13,tr_V13,imp_V14,imp_std_V14,tr_V14,imp_V15,imp_std_V15,tr_V15,imp_V16,imp_std_V16,tr_V16,imp_V17,imp_std_V17,tr_V17,imp_V18,imp_std_V18,tr_V18,imp_V19,imp_std_V19,tr_V19,imp_V20,imp_std_V20,tr_V20,imp_V21,imp_std_V21,tr_V21,imp_V22,imp_std_V22,tr_V22,imp_V23,imp_std_V23,tr_V23,imp_V24,imp_std_V24,tr_V24,imp_V25,imp_std_V25,tr_V25,imp_V26,imp_std_V26,tr_V26,imp_V27,imp_std_V27,tr_V27,imp_V28,imp_std_V28,tr_V28,imp_V29,imp_std_V29,tr_V29,imp_V30,imp_std_V30,tr_V30,imp_V31,imp_std_V31,tr_V31,imp_V32,imp_std_V32,tr_V32,imp_V33,imp_std_V33,tr_V33,imp_V34,imp_std_V34,tr_V34,imp_V35,imp_std_V35,tr_V35,imp_V36,imp_std_V36,tr_V36,imp_V37,imp_std_V37,tr_V37,imp_V38,imp_std_V38,tr_V38,imp_V39,imp_std_V39,tr_V39,imp_V40,imp_std_V40,tr_V40,imp_V41,imp_std_V41,tr_V41,imp_V42,imp_std_V42,tr_V42,imp_V43,imp_std_V43,tr_V43,imp_V44,imp_std_V44,tr_V44,imp_V45,imp_std_V45,tr_V45,imp_V46,imp_std_V46,tr_V46,imp_V47,imp_std_V47,tr_V47,imp_V48,imp_std_V48,tr_V48,imp_V49,imp_std_V49,tr_V49,imp_V50,imp_std_V50,tr_V50,imp_V51,imp_std_V51,tr_V51,imp_V52,imp_std_V52,tr_V52,imp_V53,imp_std_V53,tr_V53,imp_V54,imp_std_V54,tr_V54,imp_V55,imp_std_V55,tr_V55,imp_V56,imp_std_V56,tr_V56,imp_V57,imp_std_V57,tr_V57,imp_V58,imp_std_V58,tr_V58,imp_V59,imp_std_V59,tr_V59,imp_V60,imp_std_V60,tr_V60,imp_V61,imp_std_V61,tr_V61,imp_V62,imp_std_V62,tr_V62,imp_V63,imp_std_V63,tr_V63,imp_V64,imp_std_V64,tr_V64,imp_V65,imp_std_V65,tr_V65,imp_V66,imp_std_V66,tr_V66,imp_V67,imp_std_V67,tr_V67,imp_V68,imp_std_V68,tr_V68,imp_V69,imp_std_V69,tr_V69,imp_V70,imp_std_V70,tr_V70,imp_V71,imp_std_V71,tr_V71,imp_V72,imp_std_V72,tr_V72,imp_V73,imp_std_V73,tr_V73,imp_V74,imp_std_V74,tr_V74,imp_V75,imp_std_V75,tr_V75,imp_V76,imp_std_V76,tr_V76,imp_V77,imp_std_V77,tr_V77,imp_V78,imp_std_V78,tr_V78,imp_V79,imp_std_V79,tr_V79,imp_V80,imp_std_V80,tr_V80,imp_V81,imp_std_V81,tr_V81,imp_V82,imp_std_V82,tr_V82,imp_V83,imp_std_V83,tr_V83,imp_V84,imp_std_V84,tr_V84,imp_V85,imp_std_V85,tr_V85,imp_V86,imp_std_V86,tr_V86,imp_V87,imp_std_V87,tr_V87,imp_V88,imp_std_V88,tr_V88,imp_V89,imp_std_V89,tr_V89,imp_V90,imp_std_V90,tr_V90,imp_V91,imp_std_V91,tr_V91,imp_V92,imp_std_V92,tr_V92,imp_V93,imp_std_V93,tr_V93,imp_V94,imp_std_V94,tr_V94,imp_V95,imp_std_V95,tr_V95,imp_V96,imp_std_V96,tr_V96,imp_V97,imp_std_V97,tr_V97,imp_V98,imp_std_V98,tr_V98,imp_V99,imp_std_V99,tr_V99
125,100,0.6,lr,0.8295832041650886,0.01177593755890282,-0.013177536576726729,0.046215723262173214,0,1.8305731379554036,1.758147324436522,1,0.3561509400953419,0.7542376755925059,0,0.1312912172379223,0.26605676321775457,0,4.746326896926889,1.422075895949886,1,-0.17177245240947867,0.26214190634524853,0,0.2120352550479919,0.27601833088144173,0,3.214311503366347,1.2203019045678865,1,0.1279946229961297,0.28578452759506107,0,-0.04394533145727954,0.12826242714124586,0,1.2060421293990158,0.934134527153409,1,0.2689260110484276,0.2847347934536669,0,0.3044460306764157,0.43092708317281453,0,1.2235691075911226,0.9512751835252481,1,-0.06523577223553781,0.2654375967991424,0,0.08614889170473862,0.36371191020900057,0,1.726336853742404,1.3355844897539932,1,0.49364067327639394,1.2807553460948125,0,-0.18940174189174713,0.15125368653467822,0,-0.08281785081150855,0.2447550777239484,1,-0.019971134275962203,0.26852585250394967,0,0.02358783540803282,0.6962002066140811,0,0.3717881220490925,0.8887654616219782,1,0.13791124444229608,0.0961343626673906,0,0.08274440610956596,0.19529953696574848,0,4.535067499408884,1.963995056455159,1,0.18307886793528838,0.27107272758576867,0,-0.3309319910478355,0.7115996951711381,0,0.9516975388574483,1.6103621228189335,1,0.1331582306600444,0.27557841433588526,0,0.9653533553974407,0.84253646204107,0,2.9208018779216283,1.653519385793301,1,0.4403614514072907,0.36622658965853655,0,0.3580826834923304,0.8042967658128104,0,0.8876007438434292,0.45491633407334475,1,-0.009427017428471038,0.1924727999320715,0,0.06031347491435148,0.3022652348611523,0,0.9309176967626591,0.968162405472634,1,0.47632934584935843,0.7738558108734962,0,0.21332537782447228,0.6105921773219952,0,1.4710077769673482,1.2923306975203506,1,0.014470748644650788,0.09575578317991768,0,0.24636616661676589,0.8284187379457612,0,0.8077536038158779,0.7960911763389323,1,0.40607430927592425,0.5981070247806115,0,0.7500696995544112,0.4089464490289252,0,2.498905040150461,1.8734904979660747,1,0.09712790559362337,0.15095370629543348,0,0.511309436169394,1.7146640451104953,0,0.9103503033199735,1.7964968488487512,1,-0.2064634964001347,0.3157097938683827,0,0.16825969651571504,0.5157760001420931,0,3.257943453076777,2.7479883465287314,1,1.20102375695524,1.0545322786571851,0,-0.01706724765505363,0.4170540132425219,0,3.892335432287686,0.8814706927145818,1,0.5709574406014986,0.5272842503435837,0,-0.06592557883125252,0.6770402076587126,0,1.8085263084717311,3.1475522794176074,1,-0.06990728070379706,0.2937355903915079,0,-0.1058342897860397,0.18525891924959845,0,2.13816704745088,2.4180947219795943,1,-0.017768941932734844,0.17390546783142255,0,-0.04728150433129533,0.5195859284463425,0,2.6978709188851258,1.7656209686104705,1,0.07649832820114984,0.2777054354554767,0,0.052307506784172356,0.5715270856513802,0,2.2941507647083794,1.4743193980466462,1,0.038141792990642895,0.1775312423401952,0,0.02586489091071361,0.36800108162582856,0,1.218266029861956,1.108241120948761,1,0.836497216729325,1.0062884087378612,0,0.18149690329800255,0.3290452583558354,0,0.7142491809239858,0.5755680186186363,1,-0.07606906926295776,0.1110679309352286,0,-0.10144875956652921,0.1883943517611854,0,1.0497062714672847,1.0895173129062174,1,0.11335330448372871,0.16176771495654768,0,0.15447346736501957,0.38770707669474097,0,1.6298930076977391,1.4019915352215127,1,-0.23052807242317574,0.38913820651595304,0,-0.1073670534098029,0.43356494355139985,0,1.6559166897327426,1.1559479876418681,1,0.08019478980724873,0.43192966584985176,0,0.3643376788822924,0.5995996275246905,0,1.1449362411263986,0.9646091374805439,1,0.04409027873554272,0.08886470110027002,0,0.30606529034981056,0.37104068829277514,0,0.5871086693919756,0.6602674118020532,1,0.106701379578748,0.4199659874676843,0,0.1842340321794819,0.3559810444830165,0,0.02076215331584546,0.629035280400582,1,0.08804991829618855,0.23423719319605,0,-0.118661976003493,0.2226043453229039,0,2.6634423060875685,0.5493977953477932,1,0.0680259349198188,0.11882112043839514,0,0.7111388255686644,0.6318035582531083,0,1.4231287436268927,1.3828474681673297,1,-0.16967486594903688,0.3450347062505696,0,-0.19641732925556046,0.3300999649159953,0
125,100,0.6,lasso,0.5197819077748218,0.05032738890480657,0.0,0.0,0,0.3163167283771023,0.3301362463337787,1,0.0,0.0,0,0.0,0.0,0,5.096053157383816,1.329602103917894,1,-0.010659419870602819,0.021318839741205638,0,0.41103451027152255,0.2931142784657319,0,3.031277842430266,1.504585819230686,1,0.0,0.0,0,0.0,0.0,0,0.3703157418957247,0.3487358967074587,1,-0.05719505394659967,0.16426830129252226,0,0.0,0.0,0,0.0,0.0,1,0.0,0.0,0,0.0,0.0,0,0.0,0.0,1,2.7404214247491496,0.3935882540862979,0,0.0,0.0,0,0.0,0.0,1,0.0,0.0,0,0.0,0.0,0,0.32937198213013225,0.310853339786406,1,0.0,0.0,0,0.0,0.0,0,4.602179052002789,2.4190870632623573,1,0.0,0.0,0,0.0,0.0,0,0.0,0.0,1,0.0,0.0,0,1.0132917462263071,0.30991747577995804,0,0.32955045387750753,0.36983201579983743,1,1.1623117420912856,0.7199722651188254,0,0.0,0.0,0,0.0,0.0,1,-0.012566038314029498,0.025132076628058993,0,0.0,0.0,0,3.5336583978903575,1.4302647660485386,1,1.0044819705907106,0.8366942553718586,0,-0.027189809657238995,0.05437961931447799,0,0.0,0.0,1,0.03539185956036668,0.07078371912073336,0,0.0,0.0,0,0.0,0.0,1,0.0,0.0,0,0.0,0.0,0,-0.0870106366227458,0.5564950579014647,1,0.0,0.0,0,0.0,0.0,0,0.5645956520391379,0.45077439627954174,1,0.0,0.0,0,0.0,0.0,0,0.011356178384577958,0.03882990132934662,1,0.0,0.0,0,0.0,0.0,0,0.8847977233998418,0.3905792682621545,1,0.0,0.0,0,0.7967827599364458,0.7755101854138663,0,0.31406678480620637,1.0188090498502387,1,0.0,0.0,0,0.0,0.0,0,-0.010532469402786716,0.021064938805573433,1,0.0,0.0,0,0.0,0.0,0,0.3865851329775924,0.23999686844444512,1,0.0,0.0,0,1.3733701488026833,0.52401616096727,0,0.06278374979974272,0.11041943676556522,1,0.0,0.0,0,0.0,0.0,0,2.5770335232864663,0.7834342105081452,1,-0.04506360269076795,0.0901272053815359,0,0.0,0.0,0,0.0,0.0,1,0.0,0.0,0,0.0,0.0,0,0.0,0.0,1,-0.1559716571204254,0.3119433142408508,0,0.0,0.0,0,-0.08215023987454803,1.5019372468960515,1,0.09708699511049182,0.1941739902209836,0,-0.003509203395688999,0.007018406791377999,0,0.04406582216987486,0.08813164433974972,1,0.0,0.0,0,0.0,0.0,0,-0.14455442014436545,0.2891088402887309,1,0.1254741635828347,0.14867361099598475,0,0.0,0.0,0,-0.0032866518031369903,0.006573303606273981,1,0.043378905510691255,0.08708746545480969,0,0.0037009464221779064,0.007401892844355813,0,2.0790926526918376,0.35437027741684995,1,0.016378687427187403,0.0327573748543748,0,0.0,0.0,0,3.198311414240284,0.6922762389376222,1,0.17682384025695932,0.2251733459512692,0,0.0,0.0,0,0.0,0.0,1,0.0,0.0,0,0.0,0.0,0
125,100,0.6,dt,-0.6954409951509507,0.6011269694587241,0.21335957514122578,0.42671915028245155,0,0.6657283591008774,0.8207016438384059,1,-0.3997410586425468,1.3926825717879476,0,0.0,0.0,0,1.3482680752950662,2.5040445494520034,1,0.5945793236433742,1.1891586472867484,0,3.1196727767896126,7.272048415912095,0,8.081359770540722,13.892376861335428,1,0.04980724108432479,0.16323728561085715,0,0.866396197284544,1.7327923945690877,0,0.0,0.0,1,-1.2457903310681833,2.4915806621363665,0,-0.5125390350018442,1.0250780700036883,0,-0.037074761657558214,0.06788912465437175,1,-0.06957845399629752,0.4087758565751934,0,-0.25143050683951407,0.5050648214009126,0,-0.1710022326918521,0.3420044653837042,1,8.290747522275327,12.323055158320447,0,0.0,0.0,0,0.2204176781053226,0.5764826488901327,1,-0.04706910976094795,0.1217485957502884,0,0.37256262778633586,2.0327382730841688,0,-2.9363508145728336,3.719381917212739,1,-0.04127116165854494,0.0825423233170899,0,0.8721148078153511,1.7442296156307022,0,0.0,0.0,1,-0.05806845348599604,0.34521289144925865,0,0.12884968627266205,0.25769937254532405,0,0.036416309943054864,0.16144670470766154,1,-0.0726202153159968,0.1452404306319936,0,-1.0280964312197156,1.9229645687766064,0,11.05313214016228,22.10626428032456,1,-0.20756671451413622,0.4000589913695118,0,-0.6817179792021607,1.0434681041993539,0,-3.273547286511302e-05,6.547094573022605e-05,1,-1.0189104320443676,2.3473541698058145,0,0.0,0.0,0,2.755183230767307,5.4635456489212375,1,0.055815671928911334,0.13916074532683106,0,-0.0041488822642935476,0.03083054525852632,0,2.4954530610765397,4.9909061221530795,1,0.011323639474915808,0.10950037854572046,0,0.8255967103384547,4.515166063819142,0,-0.015065561891638934,0.030131123783277865,1,1.4135326964862602,2.6796533754717125,0,-0.9049339507724404,2.4057568733449544,0,-0.5303760419016084,3.2458534993255497,1,2.1059378261153276,3.7903207822336213,0,0.0,0.0,0,0.22007838736202978,0.6120361566807884,1,-0.20064085888200306,0.24646445892885363,0,0.3553236519808645,2.4273357626668672,0,1.5955536993805481,9.399213202935178,1,3.9135815681084694,7.936149151734956,0,0.0,0.0,0,0.0,0.0,1,1.8187593690233193,3.080180644397081,0,0.6874183598476487,1.3055621493442395,0,-0.6899350827520678,3.9458612732183265,1,0.38965751545644756,1.5888676815310254,0,0.14417837388507007,0.28835674777014014,0,2.1576666077715485,4.311248145446708,1,4.0120453270275505,5.012425427744455,0,0.5582203446111714,1.1164406892223429,0,0.058287344965654596,2.729886936761512,1,0.2141610938020579,0.4283221876041158,0,1.1662169013348946,1.6722125994680475,0,-0.8414113800449601,1.579765092783897,1,-0.4499344993756929,0.7191428719010392,0,0.0,0.0,0,0.022093590003965914,0.15313036707012362,1,1.8504330805361544,3.022227865728779,0,-0.12547168968341224,0.25094337936682454,0,-0.05878541980411921,0.11757083960823841,1,-0.5376794862418246,1.628191238479235,0,-0.01782832118523163,0.03565664237046326,0,-1.284251870600286,2.398784045705699,1,-0.025799076126133403,0.051598152252266806,0,-0.12683821478648313,0.25367642957296627,0,0.15762348810641835,0.3360307539370329,1,0.0,0.0,0,0.3647531991418137,0.8291638151241076,0,-0.39676559941276807,0.7659649789584273,1,0.05201343274243766,0.09751363798094072,0,0.07995168264409187,0.15990336528818375,0,-0.10418020033215214,0.20836040066430428,1,1.1202848980765645,2.240569796153129,0,-0.021639416332171264,0.04327883266434253,0,-0.1836946627411953,0.2529240694914598,1,4.90180348014861,7.607478296905354,0,1.2358156946410492,2.4716313892820985,0,-0.06673585866235962,0.13347171732471924,1,4.061690705946309,7.721422367149275,0,-0.0127870896841099,0.052860558293836644,0,-0.04186528705089745,0.08700636050875128,1,0.28674543844817957,0.7372966148337023,0,0.03065881972754044,0.32183365402324693,0,0.05210303469387736,0.15223106824170576,1,4.068317768840542,8.626869236602579,0,0.23834417655300047,0.288067219065668,0
125,100,0.6,rf,0.2747209551697301,0.06874238279541049,-0.022723583351871635,0.12850077214821318,0,0.08746097235309773,0.41039489708051363,1,0.5237889895236486,0.5504535391428511,0,-0.013081384468776889,0.15413046283960743,0,1.306837044503815,0.8443108058133912,1,-0.03908724918687164,0.26486648213873426,0,2.119767256740267,0.5029810757274925,0,1.337725002587226,2.361476993450978,1,-0.14565047189582683,0.27968153574748467,0,-0.10118290041123179,0.07386495769666844,0,0.0031030785244023167,0.08704043266953543,1,0.6296868715100179,0.34919252760998437,0,-0.012043320215355213,0.3429353019408195,0,-0.029340206435995164,0.14760446791824874,1,-0.026585615726567396,0.11825605610096476,0,0.005351887763383703,0.23975701411420391,0,0.0560617809289652,0.2616850084204959,1,1.4937400495466007,0.7503105869354768,0,-0.014678281994724984,0.08145181826573679,0,-0.10319623608036917,0.05947102997050765,1,-0.05975793749726625,0.15806538983051455,0,0.04041335880084228,0.05686631937788197,0,0.04217470122061676,0.2968098013743031,1,0.11322576912844591,0.13578336973067237,0,-0.011405584365117873,0.08081016707172457,0,0.27234995145060575,0.2117871114060685,1,0.01379738511054821,0.24078463815870935,0,-0.04047106715903763,0.16703112037389797,0,0.013848005248404863,0.09741786308115989,1,0.02351241984401779,0.18011646296066616,0,0.4043785992851571,0.23153933953116174,0,2.949098665656134,1.3676465557275332,1,0.4124763858958474,0.42269751689295154,0,-0.0040581883136521,0.15799524301889661,0,-0.027299025565638048,0.1791178360356644,1,0.17806184119686502,0.28221676853275773,0,-0.02361273616725501,0.19247079282678206,0,2.4828950508053476,0.77938545448792,1,0.5887933849408485,0.31761816175829294,0,0.07328597285226596,0.11866382813192283,0,0.07956493478874337,0.4905216739106987,1,-0.06052592888439421,0.1766796940472747,0,-0.026122420164992378,0.20698107433940163,0,0.09965590047423917,0.11475324196176319,1,-0.050090426292564036,0.12187528828671824,0,0.1299185500160867,0.20350026724796827,0,0.03416633446753249,0.7662296099043008,1,-0.03632127779970236,0.10794358552966485,0,0.025776842775914677,0.06431688309971531,0,-0.0053061544946972905,0.3900080306061898,1,-0.023109859998000387,0.1172423104645601,0,-0.21520093495547715,0.25518754017441936,0,0.1056275074016066,0.9951256504273452,1,-0.04909153531030615,0.0753354511372868,0,0.041791209343422286,0.13639647525449408,0,0.3972317825686023,0.3963710236834474,1,0.02206075654225559,0.23419391252725005,0,0.4582743822276451,0.27679615354224363,0,-0.10902366837120288,1.5120981690194484,1,-0.22088133754298425,0.23652947100185642,0,0.008760400676960618,0.13181249424518743,0,-0.03779050947040027,0.408625142147353,1,0.1792734572683325,0.11938604668194866,0,0.0570272690282444,0.15533548971774883,0,0.7027601443733971,0.5892813572925151,1,-0.017881830638262423,0.14138052128565282,0,0.26249617958049987,0.16900364941133358,0,0.0024713656334324416,0.047219983893312646,1,0.12250136755604661,0.11590408172103962,0,0.07450999651932091,0.12878539524118868,0,0.12626586219544517,0.3216398307336971,1,0.24809342681090046,0.4560490081470934,0,0.2913519983402697,0.3140548812123986,0,0.06074496076178787,0.10423050956317269,1,-0.17092945373100416,0.3634001309239604,0,0.027485290490157844,0.1503263252554063,0,0.3815512556813451,0.31419296436515315,1,0.17974382771244662,0.11770577656165437,0,-0.0017587025216387804,0.06219421073384138,0,0.022260444233203003,0.7728271620879513,1,0.1900993804113456,0.2788089090583851,0,0.15927102042193417,0.2258221727405019,0,0.0005584401674705114,0.11099065188894577,1,0.13866768831359777,0.06740483643944285,0,0.02564981646845854,0.09722341993412596,0,-0.07275100836328652,0.16711019823277679,1,0.22222540961608117,0.2061827672954669,0,0.2649631297064593,0.14379684024783848,0,-0.00031308725693582893,0.1058168023255362,1,0.09051520896226636,0.25572299066215687,0,0.0636645687009034,0.4633657855924527,0,0.1498870421569139,0.4003024021221608,1,0.4199430557457453,0.24247940379386138,0,0.13197564365326342,0.09896428705611161,0,0.3420345061021481,0.19112142634548776,1,0.9117885255085891,0.6569406171977972,0,0.09925883155867583,0.1122024497688308,0,-0.24431054428341142,0.2806200174096993,1,-0.007706821574005232,0.1758330869597789,0,-0.022759001362283184,0.04038096612592398,0
125,100,0.6,et,0.352909140410934,0.04110353272288663,-0.04876854884688533,0.1559226534645735,0,0.2596605974982323,0.3302807795915672,1,0.4195931778138885,0.20791568631141114,0,0.20126310793938967,0.19268025603609912,0,1.7310132604861224,0.4990954088779839,1,-0.22180157841072204,0.19802351157496437,0,1.769607732964639,0.6173317004555466,0,1.5644745996429221,0.9465525793574718,1,-0.13984495690955176,0.2973909615771549,0,-0.07236023307391544,0.050319901724294624,0,0.24669933902347063,0.34528609283700035,1,0.9510404042437106,0.5081825346646967,0,-0.025279273244313206,0.13900102072563747,0,0.15032119740754896,0.11460119428125516,1,-0.0409051425904484,0.07257412634726981,0,-0.012445519148414508,0.07489363781183278,0,0.12877471106532745,0.16710955524721832,1,1.640873624610214,0.3960280814152159,0,0.04874704848137837,0.0926468539506931,0,-0.01862503393178902,0.08106447414955835,1,-0.012932678530241826,0.2341613098028003,0,0.07378320159414381,0.1801939898760068,0,0.17747991187649964,0.218451593170784,1,-0.05925960683623368,0.1921977959947061,0,-0.046366799316959924,0.16608484841051274,0,0.7818529845874627,0.21110978973604863,1,0.1749259209375913,0.25193090247361105,0,0.15689807157538005,0.13980496967348785,0,0.08976974097447171,0.05815070820593128,1,0.3227076135066826,0.22719033469940603,0,0.5123407931957306,0.6263411955414542,0,2.191186598320142,1.0132994327755473,1,0.660024260621243,0.25594879447858,0,-0.12043587914772955,0.2730278556098357,0,0.07513706921990744,0.08424302019868345,1,0.462495226515151,0.1946790737987498,0,-0.04539939241874704,0.05540210074956507,0,3.575785597744511,0.8569258464465661,1,0.5926974883115066,0.3571122810466278,0,0.0764967226557208,0.15921386287324427,0,0.13625067591181078,0.2464639874583428,1,-0.017926879725362766,0.0821508652110547,0,-0.011068455902076548,0.12732552324595528,0,0.014096678783466373,0.15443419879444542,1,-0.05409910262383185,0.13696287791633496,0,0.0026154170951410817,0.3424509277398778,0,0.10935426321212312,0.5789000559510831,1,-0.2253435375005272,0.42299506513192675,0,-0.01480749779529309,0.1653347566987618,0,0.11220101474553265,0.4561080033222337,1,-0.07079933142093704,0.15772118144042493,0,-0.10507027715036218,0.1383998395798454,0,0.024562680855293346,0.46792223619130463,1,0.045096530027975215,0.07726537370482087,0,0.19426159674696192,0.2930775590426443,0,0.45621318442394,0.29439868933008073,1,-0.08126467622545186,0.3525211691624292,0,0.553827493138291,0.3993925760403424,0,-0.01567988795876567,1.1057273604818894,1,-0.024864646043775362,0.4912342550915182,0,0.22124142097797436,0.2013232784336022,0,-0.18141852555954321,0.3255515268777666,1,0.20799958608916894,0.18240413638485908,0,0.053166552788298585,0.18700290456674873,0,0.45976536821376746,0.17052370555103993,1,0.11121630486626406,0.320112851513902,0,0.5167898816337801,0.31677096504527447,0,-0.01564127238109373,0.16710844181050483,1,-0.0006018726864967461,0.05684018595876091,0,0.22942160939313022,0.22958999337381789,0,0.23336017269616643,0.22563984002312318,1,0.4400168295061782,0.5014662974860776,0,-0.031776906497908604,0.2384568425882786,0,0.03322683596772121,0.12687777701129882,1,-1.4800875010712034e-06,0.25915760367138724,0,-0.21260552922711912,0.18238203391953495,0,0.15509025190969722,0.16778101520534824,1,-0.009236078856254016,0.3988539497284644,0,0.08205240035389548,0.16676765749289327,0,0.11564660655837196,0.4054760163938892,1,-0.09045386500338562,0.13944267786683126,0,0.19929011068751928,0.17451087151310893,0,0.2395976891811638,0.24827262111449808,1,0.1571665400561903,0.10470988993893633,0,0.033015756335534885,0.12404704352698459,0,0.0436823472493086,0.1533009056226994,1,0.3614726287506808,0.30408180276934016,0,0.11552473231821665,0.39203992195318144,0,-0.014392219375557827,0.13776969488803037,1,0.18247204088136587,0.23166777549183612,0,0.5021219898792877,0.4264891730859163,0,0.24351584372521518,0.5358744531546847,1,0.17652970500501536,0.15226313295449137,0,0.31889713233059214,0.3388409387378607,0,0.4690880769186503,0.4779627012711212,1,0.4552740633611143,0.40212267868271845,0,0.14405981083478972,0.23795841218126856,0,0.021436582817125398,0.103343360446254,1,-0.10994236139951793,0.09264905706570953,0,-0.08072682648534635,0.0688714464552285,0
125,100,0.6,gb,0.24827832752233525,0.11199808605406428,0.004037874068972996,0.016964420269652555,0,0.13321887990930342,0.5288943461354058,1,0.37043904354782775,0.6110944510832895,0,0.2489313499307319,0.243992453250471,0,0.46048876481788775,3.7836996420571665,1,0.006436159905698524,0.3803821769350072,0,2.795297233361342,1.15184539373806,0,2.500585438485748,3.1340405880707305,1,-0.33672403980521276,0.3870335376145635,0,-0.03836664944743822,0.023314688355903744,0,0.23615839415321363,0.33461200718715367,1,1.182891859499898,1.589401605575049,0,0.062152042465513514,0.26740635839825766,0,-0.22654578199701908,0.6560714888699452,1,0.1656866900360907,0.2772443503630162,0,0.11945823405232647,0.21367397753681042,0,-0.521663492696402,0.6106577577450728,1,2.2225703418873417,2.0986606502897436,0,0.1942255476250351,0.3163730536466013,0,-0.06136707441850888,0.09286039469081121,1,-0.0016501467807310064,0.0270876600786676,0,0.06511699350975163,0.21629085934501485,0,0.008292815404155218,0.20884882052115886,1,-0.18192202919059933,0.6576389702837422,0,0.04565203719995146,0.15753731378584623,0,1.2241219094891465,0.682295399687901,1,0.09160876035551951,0.2051730902934441,0,0.023975241154224163,0.06089257748041688,0,0.11195605278538112,0.05772078879987162,1,0.22969547515996297,0.30850382832480894,0,0.7343598291410164,0.8253880106447551,0,3.948716510345902,3.607160929542213,1,0.4950923922651141,0.5094471173418793,0,-0.246747998722453,0.5869763234117638,0,-0.06735471343163309,0.1372958961918644,1,-0.15700447834980175,0.12851034848549092,0,-0.0554380813424988,0.053740175382958846,0,2.827890743777905,1.4071890773894522,1,0.2188681773380222,0.2325929770309793,0,0.11886456288506457,0.2222853793500371,0,0.04859043149358126,0.6299788356414903,1,-0.015569700326566108,0.03343831822833188,0,0.04399097085759599,0.08313666307506888,0,-0.07087710396016181,0.10414855814688709,1,0.012869395478395435,0.09150280146493352,0,-0.054032885689894186,0.35558425844628455,0,-0.06608110982485879,0.6008591109357098,1,-0.20726947854301142,0.4218939182439448,0,0.005019888776472044,0.05062673645400004,0,0.4069018526271185,0.3755282674360617,1,-0.14304274831844155,0.4650068859927673,0,-0.20681004920397655,0.42092107051862565,0,-0.009530783109345275,1.2628880204848036,1,-0.0769358725692085,0.5587169584477458,0,0.44651511023198587,0.904031538049516,0,0.47343859212402595,0.4277867281519914,1,-0.3807806462896826,1.0170678530429456,0,0.6682799232919004,1.0906919737503444,0,-0.6989929747224102,2.010843452872243,1,-0.2183829311130407,0.4709002590204747,0,0.18024377111958273,0.31719631681106925,0,0.31656272482144676,0.5255081412590413,1,0.13351634872010243,0.29098300047918846,0,0.19812210802017124,0.24531881150230866,0,0.6130614705308768,0.6042411286540706,1,0.15640543053864073,0.18876157635305604,0,0.58840158517612,0.29675065212640506,0,0.15686254961687754,0.18262933559629863,1,0.1501795579890934,0.212016115726769,0,0.20737960333896602,0.40187098881214106,0,0.4041512552935355,0.43793654434237006,1,0.951928780921236,0.38248081770244724,0,0.008759296171913036,0.18018866405324274,0,0.17960327961287312,0.21015338731554556,1,-0.13456575860460054,0.22197253726586302,0,-0.1132468479540798,0.17904649678589335,0,0.6350485683276167,0.5736243250482996,1,-0.14234591738654295,0.3325264743198526,0,0.01058875141406813,0.0556944174681767,0,0.3041466901820126,1.3200234374208093,1,0.6693421200078405,0.5084952957208657,0,0.49009458000765854,0.716537941717345,0,-0.07151713532632484,0.338608835033038,1,-0.0361093168876763,0.07083702780250563,0,0.02787027344358626,0.042659630819109236,0,0.08329294831367744,0.14767023999298218,1,0.20787224192834444,0.2464342672719911,0,0.15352913214129416,0.4624130542786717,0,0.03740035654641812,0.04777796415841614,1,0.4152492184807814,0.725390458406377,0,-0.20126082528628783,0.5042779034294865,0,0.08382596684445857,0.7624891668573639,1,0.6151100917590727,1.017662728007025,0,-0.2645779163185745,0.5504276890742161,0,-0.0016423559261826658,0.20194779047432854,1,1.1034142901064667,0.9448483768451267,0,0.4800607575209412,1.0005845864554617,0,-0.05903579841931531,0.10725390045363317,1,0.006797436538998597,0.15228573422349145,0,-0.10703838057332613,0.2415473001397637,0
125,100,0.6,hgb,0.39252566883620743,0.12543559997749162,0.05419073692393158,0.09031146163931782,0,0.09602595987902304,0.4805732726656305,1,0.3885191622811124,0.9790789287943991,0,0.01718749728263023,0.03437499456526046,0,1.7185549747158138,1.9578773213493859,1,0.031326130786971364,0.06265226157394273,0,2.151016284200351,1.3872989978399541,0,1.2123535579326414,2.064847810638176,1,-0.5895920270215411,1.1304549066852658,0,-0.13542918184460562,0.27085836368921123,0,0.81400610875524,0.5763135232582602,1,0.2668964756065283,0.321317294855431,0,0.20002538832767947,0.9809938533707387,0,0.007838390535861934,0.015676781071723867,1,-0.020315069099865267,0.040630138199730534,0,-0.05585524437408464,0.11171048874816927,0,0.07665255308903235,0.10250207009221024,1,1.4394319555736945,1.315535887371038,0,-0.008782101591498588,0.010767723144464421,0,-0.03391662902817001,0.06783325805634002,1,0.1715290078741603,0.3430580157483206,0,-0.0016724868585453801,0.22401143526969702,0,0.3814143075470685,0.4493917342226604,1,0.17637882958994983,0.3527576591798996,0,-0.009197624575619841,0.02102104095359265,0,1.3903656491938965,1.0882559663833804,1,-0.0840979582225668,0.1681959164451336,0,0.08620061874720295,0.1724012374944059,0,0.21313125098508384,0.31520527179833435,1,0.24689847020304248,0.4055892574768181,0,0.9205396962740272,1.2532154365171317,0,3.679715837960996,2.910805714788073,1,0.5042816959621883,0.6422269458906557,0,-0.164416754572886,0.328833509145772,0,-0.03458728093114709,0.04532292391230014,1,-0.019970035400371244,0.02459597341278273,0,0.0,0.0,0,5.975007121167019,1.4758406090018275,1,0.05036046671311286,0.06797752186720354,0,-0.03155801340921812,0.06798061600294668,0,0.3007265364349677,0.09295080956430482,1,-0.024545090568687047,0.15916965108607004,0,0.0,0.0,0,0.019162351874150683,0.05419334855265755,1,0.0,0.0,0,-0.03469694369665043,0.06939388739330087,0,0.1029264468058032,1.7829412221438232,1,0.0,0.0,0,-0.025934935180433105,0.4865265036309447,0,-0.06777425780024643,0.08953098168296707,1,0.016930236011803844,0.12913049329109513,0,0.0,0.0,0,-0.28761576925304216,1.650527378234614,1,0.0,0.0,0,-0.021616460927795487,0.06689407931211776,0,1.0715524111986237,0.38177450960614,1,0.0792403054940692,0.09857443305235614,0,1.0870967022919982,1.3804304951145427,0,0.1955806634576734,1.926251571527973,1,-0.1441385564917162,0.2882771129834324,0,0.008384946260707515,0.34232850771830436,0,0.28424535169406295,0.3108299870918312,1,0.20292781590872,0.1393095418433028,0,-0.1031251454946394,0.3347861988459765,0,1.2456254836764493,1.1902548600203509,1,-0.007724686544855699,0.05863593612713759,0,0.16979901789145652,0.14136573110625025,0,0.1310208146220075,0.11225361911012939,1,-0.1262751681577376,0.5926787787029725,0,0.15448786808231746,0.1924791353669148,0,0.48771854574782153,0.9643063203767819,1,-0.015596705277355355,0.031193410554710706,0,0.012822846718368083,0.025645693436736165,0,0.0,0.0,1,0.005219326532754366,0.010438653065508731,0,0.0,0.0,0,1.1772546168620093,1.3624728466326774,1,0.005121566620076663,0.010243133240153326,0,0.0,0.0,0,0.6549888718410126,1.1346495210353165,1,1.837644449587923,1.633120872038276,0,0.12032633730157212,0.11804606410078508,0,-0.11581258066553271,0.19146097459422937,1,0.011737287004731343,0.04468175813977299,0,0.029791732449796982,0.07173295640868185,0,0.0,0.0,1,0.2268028590985128,0.30751088329672344,0,0.6737499730421885,0.7305084114214501,0,0.563104776676457,0.7594514722527721,1,0.0030033654163326706,0.007230839528013709,0,0.20788704318629633,0.3954119364027212,0,-0.051725003250758725,0.24536368368738298,1,-0.02855009789874887,0.03576220827698152,0,-0.24360115108975022,0.29921869517963023,0,0.612852582741561,0.75104701829671,1,0.18188454278617924,0.5912685669665477,0,0.3119936913491667,0.8997381596270083,0,0.010466273621522618,0.02093254724304524,1,0.0,0.0,0,-0.0018094743529945133,0.003618948705989027,0
125,100,0.6,ab,0.284635579238618,0.0821597831634331,-0.055109253171908,0.11712766500928391,0,0.4633857599329524,0.36333237550493014,1,0.5303778945605648,0.6566173906072977,0,0.1306868534049363,0.2622303076578634,0,1.8207714959424988,1.0922202807363257,1,-0.09620682897544988,0.34660504737949116,0,2.5741922923300593,1.4265992371442564,0,1.507908089632609,1.7032797623017666,1,-0.378204499265819,0.27611209593523384,0,-0.0527445930859267,0.38877574876128135,0,0.06343768695218695,0.22365424750729962,1,0.06547701119767879,0.5908612754766644,0,-0.2384939831995397,0.8597235590413422,0,-0.025739136365509042,0.1208118812701963,1,-0.10568151379573518,0.16540753399285266,0,-0.20713255887233864,0.1981815529284708,0,-0.121336952041972,0.47733254587224727,1,1.3213952770637796,1.1140795714948455,0,0.0,0.0,0,-0.059701822175651585,0.09034412798712851,1,0.17190979594693173,0.5687808358739384,0,-0.09908424269146875,0.35369417778910744,0,0.6586592132389165,0.8804913384127335,1,0.23850962156955896,0.2776253176716741,0,0.039019801284362846,0.060094933866471495,0,-0.021140038776034674,0.42206171137096504,1,-0.34623385761794107,0.43619253943630726,0,-0.0918616085717616,0.19954043457565557,0,-0.05066046672252446,0.21132966828694766,1,0.36820415344798957,0.49782867945309117,0,0.7276957104060777,0.8361931520793774,0,2.8270674554069934,2.0888890062272285,1,0.43123292865101986,0.7914313718037533,0,-0.08220416934558303,0.12704897144275865,0,-0.013496014891448365,0.13512799553374913,1,0.0474962849506154,0.13684853196855437,0,-0.04091092359335585,0.04196196900284555,0,3.122587270608432,1.519326889511701,1,0.07239578836112585,0.5773482891902396,0,-0.4133172848031828,0.8258837433426749,0,0.9268249545857425,1.0372316543358402,1,0.10922756025220548,0.13794293764252447,0,0.02139861519293274,0.04279723038586548,0,0.030165714238082304,0.06453943716326886,1,0.11867827979768694,0.14897631402723932,0,0.06799519927665652,0.38769507244050855,0,0.020155613227726927,0.34048880366563117,1,-0.11614986523517712,0.1635780946830219,0,-0.05222918400230185,0.09663717223982486,0,0.2755414962857775,0.5099282890024726,1,-0.03676012865827431,0.04581105570509267,0,0.03887980808129514,0.558153928613189,0,0.2369170825037526,1.7597234286995669,1,-0.06284360799769333,0.10215915289288836,0,0.1982010440268687,0.5337978115036001,0,0.16557902943068106,0.19278558083826958,1,-0.017243105566404314,0.3400907473786472,0,0.8018518897130086,1.8296371555842412,0,-0.023792558277231413,1.7729755943324865,1,-0.8146908316036072,1.6522406007827868,0,0.08238187975483954,1.246739939352808,0,-0.22841146405773222,0.31320061242456615,1,-0.06920895248839769,0.13739360612142187,0,0.057626437498450124,0.1257908871553391,0,0.1895667386008614,0.4401997816494278,1,-0.0011960124776304037,0.11217367417315456,0,0.3234494254381642,0.34520784982296326,0,0.015627396163215727,0.23556553356932491,1,0.2235346260731376,0.43709976871444145,0,0.18159362089424827,0.32585996009116797,0,0.10657359131904391,0.706383316432656,1,0.40291046277038023,0.7636535297610416,0,0.1979519443522236,0.534813903965525,0,-0.11097288465402042,0.14597924387446082,1,-0.07058885622994993,0.09573152806363266,0,0.1900810258402496,0.153095930911214,0,-0.17233460273708584,0.34430968890856906,1,0.3114815138587098,0.32329636062210254,0,-0.025492983028974632,0.06208375090176516,0,-0.6608116248792134,1.7342191139124044,1,0.2220451591596238,1.171360065854558,0,0.1551482145894151,0.27390350147886994,0,-0.1750111158177321,0.26601350234824406,1,0.1291800006331045,0.31116541478098975,0,0.19799272807882193,0.3810066708857385,0,-0.16233719565411278,1.004457753105291,1,-0.031940113626915935,0.48403422694562287,0,0.4586899462857025,0.6869553586559323,0,0.1413566228198149,0.2833777116849619,1,-0.026165557447671035,0.14913997016280078,0,0.5193316877029122,0.4447122342632394,0,-0.07088386809963014,0.7085944033957228,1,-0.008713495329320548,0.09567173450690761,0,-0.03589747026827809,0.4250842841889241,0,0.6584021391235908,0.7465532879719015,1,0.46865072647071165,0.7581033125580101,0,0.019622994285068442,0.06399563932284659,0,0.005095909146326534,0.05620033598372399,1,-0.07184790437197655,0.13259340972075237,0,-0.22339226214140648,0.3382606798746273,0
125,100,0.6,bag,0.15260367296462096,0.13180982290988158,-0.02552865873419301,0.3701515123430894,0,0.6316530822409876,0.6569362378555423,1,0.6424425969475526,0.8667371853060545,0,0.32014693627251833,0.4783236338598482,0,0.3445370677422045,2.1094237451996536,1,-0.22335644099188906,0.47970822346633624,0,1.6274595363492348,1.3172207694492641,0,1.706345037757714,1.9807902024625124,1,-0.14922697165349025,0.4712532240625788,0,-0.43920829258144156,0.6334287677899245,0,-0.1217481007751982,0.1715033070366776,1,0.2992441031269376,0.9138856119020664,0,0.010596880728870084,0.42429191806668154,0,-0.01257059250993785,0.1706547503752041,1,-0.17869479110917613,0.9376011055715716,0,-0.03778677725014734,0.2485900562926044,0,0.07941877012339241,0.689270677739868,1,0.8623368327809475,0.8980538117156862,0,-0.03410235000387089,1.2779551851734567,0,-0.10154318778436891,0.2333241290499414,1,0.5652288565136322,0.5787493173141791,0,0.5420383435166067,0.7097900212100025,0,-0.09715255440100842,0.08896122996696193,1,0.23989032259928136,0.4642474785455484,0,-0.2909224149135373,0.4186573884848551,0,-0.16628157485663198,0.41184419375490194,1,0.14130819490288532,0.3037714658718908,0,-0.3548195718911139,0.7664171522900918,0,0.0917534593051969,0.6073793173716271,1,-0.0004574687797809257,0.09485392269924499,0,0.5454981848900445,1.2691925674787383,0,2.9680239745903565,3.692106077697646,1,-0.9343174207035785,1.7773823596293932,0,-0.07584053969897957,0.15826466535123518,0,0.5675553784817475,0.7987397743533394,1,-0.00849377749334442,0.19324061373088122,0,0.06909507773629532,0.1781303417502716,0,2.1658917475202086,3.540524346833096,1,-0.11829607870023348,0.9825375285958861,0,0.08488446290724876,0.5525503862973018,0,-0.3404484882782569,0.6162064179825327,1,-0.3174169093432873,0.5532514745224211,0,0.04684727320204658,0.09474999139958717,0,0.022638350360395496,0.1654355455895476,1,-0.016483234274422554,0.34698141185194825,0,0.2738248647665814,0.44301348092265563,0,-0.23502104860582818,1.0118938795774715,1,0.14605527081347,0.2659304281913912,0,-0.29015532309926145,0.3479420285464747,0,0.12709702557441743,0.9758372712057424,1,0.05864121472547541,0.31834569892826153,0,-0.4136219515555436,0.5993532837507394,0,-0.24542272178512467,1.6687497807578349,1,-0.12092187361715934,0.13553372042623651,0,-0.05090499710031697,0.4317850634908015,0,0.5877078642825596,1.2870629286312785,1,0.18816901858083718,0.4985431728559524,0,0.2912696954195751,0.5052768660819859,0,0.1387803013811622,2.0651359609638993,1,-0.16896980183651006,0.33786618540174773,0,-0.3191503725715393,1.1785908603732305,0,-0.1881494633279055,0.4610741872734557,1,-0.06607785876488537,0.480156459884521,0,0.025750825984814697,0.1815688687388476,0,0.8074954854490622,2.475274781141131,1,0.30270814497074505,0.5367758789375887,0,-0.17492411463273472,0.5508993079609213,0,-0.04127943783324284,0.06776742241227171,1,0.10180880682867319,0.13767411174446476,0,0.10594413288877857,0.19750469798378958,0,-0.04944825433154474,0.9360290449540966,1,0.15957397959870584,0.4252683621620477,0,0.09962625612709579,0.3450672541698898,0,0.15777576585202402,0.3048490626310002,1,-0.12389382442418742,0.26634677623317266,0,-0.052305878389908855,0.1734170908309185,0,-0.1322123833884418,0.8636144488819009,1,0.3538989674563406,0.9689076467479499,0,0.06670116739269272,0.10502351766477827,0,-0.5153875689957672,0.7981708723180739,1,0.10509488504424866,0.21868517302479965,0,-0.01566184575292056,0.13850448296486728,0,0.030589851776586786,0.26248030305611697,1,-0.18151586033158865,0.17122746224905777,0,0.017736675689577965,0.10040745529555006,0,-0.2197975559456681,0.6885906289081231,1,-0.30793481204332457,0.7398485327711168,0,0.18143149701574685,0.27330234513543095,0,0.1786707092698485,0.34644663422293576,1,0.11645177701748577,0.43511459085139687,0,0.18018621610833083,0.3400060921837106,0,-0.186085711125511,0.7096117218823881,1,-0.004717352240969697,0.623307233915862,0,0.006040337489769903,0.37458953342465534,0,0.2807215490557055,0.2960756224597229,1,1.2555159895837869,1.5361105072399677,0,0.03635496456530109,0.10377007168221525,0,0.06260730367705494,0.3794129787362683,1,-0.0022754847944617394,0.16321430729631708,0,-0.27473569677734316,0.3554672343418887,0
125,100,0.6,mlp,0.7945095673616444,0.05591619410634293,-0.04165664532645502,0.19297004353955383,0,0.31126190951754495,0.32955872145315346,1,1.015422688604235,0.6340660988908567,0,0.14019819723194757,0.04408675753749427,0,2.0336168480527146,0.22569819701649665,1,0.20502236112427238,0.38731800457846527,0,0.572401984431437,0.11073925311064413,0,1.9130674184481762,0.7221997549890776,1,0.06901843908499625,0.5248910390530265,0,-0.16290555599874118,0.37391607044993586,0,1.1898704685178085,0.8503764948687719,1,0.77640409444826,0.5722697369149382,0,0.08964510563760944,0.1843730311456993,0,0.4763988871091896,0.29080140839912444,1,0.09596168769060368,0.18696503941585602,0,-0.06253104683579486,0.3278787243438066,0,0.8963890548452265,0.8024798951641524,1,1.0238840873899848,0.5251881190407971,0,0.37797535455920767,0.6094400891470572,0,0.003449257625071937,0.3613235749117495,1,0.023172504324345367,0.3014060626117499,0,0.5598658524074229,0.6780488399481343,0,0.8901061049926937,0.6823728532636881,1,0.1439375811436986,0.2771736037264204,0,0.16766772354579546,0.273736533592508,0,1.84283067339936,0.9773825209140233,1,-0.25757530218332747,0.263910705094673,0,0.3732864840377802,0.3511600597409042,0,0.1981343296823687,0.4437091960633026,1,0.12024111024930431,0.2785217358181687,0,0.6106804847113738,0.5099117784041834,0,0.4016981898978854,0.3746708729187521,1,0.8267918366698742,0.38369508422414866,0,-0.1094220830886025,0.14493512663971922,0,0.1160813236289278,0.07393774818533148,1,0.15652432113846207,0.30027872156014096,0,0.15874141927729704,0.3717067736225461,0,0.7738927963218755,0.5785399738995537,1,0.4961043548045946,0.8837948115094237,0,-0.16505410609055532,0.2608456733558132,0,1.012897127022422,0.333969407369817,1,0.06592933520666153,0.06593441714432484,0,0.14844550019511735,0.1502003163580852,0,0.2612603494797302,0.27109486847077524,1,0.05953812904598145,0.18446052665477813,0,-0.257324641074194,1.113275469965502,0,0.2743694377263821,1.5027720996631566,1,-0.3703346655195857,0.46335535527944244,0,-0.3332034387186954,0.4867569347943729,0,0.316641514617687,0.7882825905312013,1,-0.20452389571055446,0.5358807520802125,0,-0.007709933244430395,0.29992426624641194,0,0.5257200422153275,0.45377681092454436,1,0.013231225150288874,0.08933467844233392,0,0.12965228049691802,0.36518268956808314,0,0.980220357621295,0.41357129296737516,1,0.22689877607782932,0.2710984994284616,0,0.4596383334677168,0.23949874021805614,0,0.8439049420883442,0.7966812872380014,1,-0.1465327164977437,0.42459883096537254,0,0.10402098803272267,0.2993796635405191,0,0.9350829040220887,0.5329139562544399,1,-0.04673367550272156,0.17360820699877488,0,-0.04657165139270587,0.1936445880335774,0,0.9421904292546976,0.21451094892635214,1,-0.01465322289575043,0.2869074365576593,0,0.7236498361147812,0.2708197494955654,0,0.7771694239250345,0.577917987180752,1,-0.003032965271544985,0.14952481748265198,0,0.24367406735497893,0.2755189508705828,0,0.6246177321551152,0.4806938782448104,1,0.149390114840672,0.23914247598542734,0,-0.09679994031627244,0.18762364967985584,0,0.06959318270059053,0.23842042286351126,1,-0.11377294912621613,0.3046548663926072,0,-0.2006497393910524,0.2370037395509159,0,0.3692009271087956,0.39502373975991667,1,0.02288861198867779,0.1616560093429758,0,0.07634958029977207,0.11722068783910568,0,0.8723382168205498,0.6464097391337392,1,0.48112405238333994,0.4508338281797665,0,0.09363020555587857,0.2944684130320744,0,1.0320889454582638,0.7626592300225415,1,0.44196126351511006,0.20020236819264917,0,0.30552715465806984,0.2823931572011573,0,0.5956307500611455,0.6572654317027269,1,0.30580845657086997,0.4978982619948495,0,0.04834514449281004,0.23158479868182524,0,0.35182602931534895,0.4519456612955964,1,0.33055969677382485,0.42818171100211816,0,0.6446029874200434,0.5411923045843056,0,0.8073852663210062,0.3287824979552018,1,0.2826074244315985,0.41364341495636187,0,0.7735607569107039,0.5486988012542149,0,0.718001164184715,0.5730982097410245,1,0.18742032036388748,0.3461659672727208,0,0.1285978285005595,0.6264787930979292,0,-0.060555326346967406,0.2339705055476133,1,0.09586075724171104,0.22012686539403994,0,0.20074140597551637,0.14399823352752955,0
125,100,0.6,svr,0.09434382979210301,0.0435881994918779,0.018003539233964062,0.03594070693750657,0,0.059379321357982774,0.0719678959139171,1,0.028200298623923935,0.03900705658744367,0,0.11583494240892951,0.08270500488694248,0,0.3810451037926622,0.06657829869354302,1,0.12245510520472169,0.15569432534693428,0,0.2926513331154389,0.1461542594328352,0,0.2772800988554948,0.12202451500952743,1,-0.03130726853941377,0.09258960579102817,0,0.004777660506543555,0.05480481909400757,0,0.16844576484906187,0.1440497009896519,1,0.17585565049921184,0.09205304353413274,0,0.0735480232541976,0.06739206352900214,0,0.17302938671968532,0.0826020375087592,1,0.005414450846436893,0.05914093927491808,0,0.0012978516311642901,0.05775189624382426,0,0.06544437240709956,0.07473664675810364,1,0.15352543570588706,0.04345082685405512,0,-0.016653809583468727,0.02714757209884042,0,-0.0538258367821557,0.06251638963705675,1,-0.00863720233829659,0.04950504230778552,0,0.00802616254498878,0.07333013809932573,0,0.03993985456547953,0.06932081341817133,1,-0.027401834588137747,0.03844580050366959,0,-0.031021038517066984,0.04988255225276515,0,0.18701067202797406,0.0874257194639252,1,-0.06012743683867999,0.06591491691087244,0,0.04051117575479177,0.019772784686476787,0,0.10164822930054747,0.06859221031295126,1,0.10074980377194262,0.016374118404216365,0,0.29994331847633326,0.05465526452326233,0,0.18043552183026007,0.08614270179080431,1,0.1867894374065552,0.04090594223094075,0,0.01693390398832475,0.08241050656170258,0,0.017059287182160744,0.10275256438394856,1,0.03384709635403758,0.04911685555334108,0,0.02186462879617431,0.08473810329068622,0,0.41138468693099145,0.05565899149648797,1,0.39524104835838847,0.08924708388169042,0,0.05015487022130265,0.07820546307100901,0,0.07702111591483157,0.06846837111981308,1,0.06278289670955993,0.032710167655309354,0,-0.020412693709878114,0.03310390103450168,0,-0.03236405022749835,0.019977748175569212,1,0.014803317417167219,0.058040205715754245,0,-0.0064176272040016025,0.09312453991434867,0,0.045081487072330284,0.1797686379477075,1,0.02283901713985761,0.14591120050037182,0,0.027794405624119046,0.12520604596017373,0,0.06603764071868712,0.04334877217158125,1,-0.001395609632816161,0.01775292323368803,0,0.08292534692402205,0.0591248031368565,0,0.09670834499667937,0.10776057611824777,1,0.03720039393254499,0.03547817215001327,0,0.01464708838148789,0.053852896921521176,0,0.15402035295548946,0.07867637811620831,1,0.11007555135170173,0.09025183896121103,0,0.23614244205906937,0.08326905860872341,0,0.18152175819958344,0.12873905603376293,1,0.11463478272285385,0.22217412811155185,0,0.09617290586028435,0.08428657261498228,0,0.017470854648120565,0.07298492435907991,1,-0.017001760934683002,0.04500980863046135,0,0.029340794075022332,0.0921498650441911,0,0.15695289098157106,0.05746138463018958,1,-0.011549123663373847,0.09216712832037037,0,0.22769668288309206,0.04525392292226713,0,0.05550554039375018,0.02683092364736421,1,0.07185055632174145,0.0554136329740348,0,0.12341435478727347,0.07768276563710665,0,0.2102359220288455,0.06165335174759521,1,0.12365007898547671,0.07658433923221537,0,-0.007043100376379216,0.062001721194167046,0,-0.01868859706495232,0.054360365501167705,1,-0.027194073505896338,0.0750879306754909,0,-0.055039090694378054,0.04130745252419826,0,0.011969407050606548,0.0781265452051551,1,0.04493683877486221,0.17780811394736296,0,0.04352345153948282,0.06884734942242107,0,0.12605438981522474,0.1833373518575796,1,0.17861961207926663,0.06734438821460996,0,0.0326868341135967,0.11875966065571202,0,0.020773676653472194,0.044517723840669536,1,0.025865783800505228,0.0508817947415911,0,0.09368444449772993,0.04647608785632861,0,0.06806398404286441,0.055759528456857735,1,0.1412359619555471,0.03299558354467719,0,0.048635858486917496,0.06819770872253836,0,0.09323979471329573,0.053732757350067606,1,0.16507262061573913,0.08496897496651469,0,0.17567081608655505,0.10486031009282026,0,0.2214528409430275,0.08743821502922257,1,0.12018356467166594,0.08867397793502937,0,0.10078133388361439,0.09371600245975513,0,0.38518772577764687,0.07337609575377861,1,0.16418855944962607,0.033579995945617766,0,0.07543003543249563,0.09848707014032866,0,0.025409120058359637,0.028629302098637385,1,-0.04321260358757514,0.05815879625046822,0,0.015084968638803048,0.038866086176712486,0
125,100,0.6,knn,0.3676485976294844,0.08686273077663034,0.5731453824648677,1.357994050225026,0,1.091719423607128,2.363912593110993,1,1.0993584080659715,2.292747080061232,0,-0.3189442223831083,1.4559870468525704,0,1.7301173870905877,1.9077526815591466,1,0.569235539337512,1.827492107495715,0,0.8970604584986817,2.641244673544599,0,1.1397854052403114,2.852878790381896,1,-0.19128568649424463,2.3359081825185197,0,0.6209172182596192,1.752961294291922,0,1.5538240221615753,1.9340496470689281,1,1.4234916623297398,1.0683119342356244,0,0.46974604061733094,1.0101634711406156,0,0.11784498554672056,1.5610837238595263,1,0.3252200114787877,2.4131274869181674,0,-0.11998711195040243,2.312020069524656,0,-0.6828567801481624,2.0693995262996125,1,1.4361410370169223,1.7616167637687554,0,1.215078294819883,3.0498000146300197,0,0.25886668921113454,1.4159984656310307,1,-0.28522367842874413,1.328768904593612,0,0.06794061863111579,1.5417186846520348,0,-0.5043586724240813,1.331304415698617,1,0.7501910058218138,1.523541931820786,0,0.5217079081489671,0.990795434542294,0,1.9250150705585451,2.846869031961851,1,0.18054387360991536,0.8142216181958069,0,1.4382062906725244,2.7601304702858007,0,1.1747616245767745,1.9919540834873166,1,0.4224644523425892,0.5834887415613422,0,1.471501102805497,1.500614644378051,0,1.29487168165883,2.195155768755786,1,1.6511759510786344,3.0914232046674757,0,-0.0744600405132851,1.7594122846361675,0,0.1706445939279965,1.057420744090119,1,0.11744461265688341,1.1672760113668434,0,-0.5797658175247997,1.0642035474357399,0,1.3468086170148412,1.3334090810536303,1,-0.14015489964339406,0.8586116452722466,0,-0.661344691829959,1.9595889411999654,0,0.932288711987004,3.00929016882782,1,1.1642316310289453,2.0916184392274353,0,1.14831912298136,1.9143941631032626,0,-0.8906019598767427,2.1836881161030908,1,-0.5907873803085597,1.713723077580654,0,-0.3723681388301944,1.5433317413102183,0,1.9307188849759498,2.12661126901408,1,1.907240187104054,1.7638412446604348,0,-0.2615805348297281,2.2421158639688272,0,0.5067662642782625,1.5280564369006746,1,-0.31124786957172923,1.6679470024959295,0,0.7764187281100543,2.1598349468449833,0,0.775100914097047,1.9498968677572428,1,-0.054281066555850896,1.0049778057283303,0,0.48111656274732634,1.6602667220973266,0,1.194887696034173,1.8482610737253902,1,0.2285895318772359,1.9397524556067405,0,-0.37402227167113955,1.5771392861158648,0,-0.6161104331679079,0.5768305168579531,1,-0.4675912786960226,0.26607393591171735,0,1.352630402168162,1.7624167463725402,0,-0.04576842260018925,0.7387978938596385,1,0.8867317680822149,1.755818810027302,0,0.2851740381202751,1.2326263877555996,0,0.9349108341421151,1.7840648576311948,1,0.1647832817057699,2.4143779874626863,0,0.7379239419953585,1.688972704302905,0,0.3333258683370632,1.696567196742211,1,1.2044259091165261,1.0962647704302964,0,1.7376567381237575,1.7267407020293803,0,1.3462100843937315,2.479910301559358,1,0.3385300580207201,1.5046117652298439,0,-1.7005201089914395,2.00598746852485,0,-1.5419952624827484,0.9648102211371663,1,-0.7640065511581955,0.507517242626913,0,0.10676331491841158,0.8430447659274466,0,0.6776175768153021,2.4711246164291722,1,0.22095830455248366,1.483115948366499,0,0.32826211771501984,1.1125068117509895,0,0.8421266093817199,1.1413325676055048,1,0.5089652526088655,1.0665308848596933,0,-0.14977354307599913,0.7792375029603525,0,1.073969769690397,3.0736362914590427,1,1.1406541746332866,2.7182869505928697,0,-0.08928981176877696,1.526822761798857,0,0.2479638899817012,0.9848315517559718,1,0.4242491386906699,1.0650171903552714,0,-0.09322315455934413,0.6016402519263919,0,-0.04447795454799386,1.4895775367721193,1,0.13493092687901873,0.860051559680151,0,0.6753195834799387,1.31381855095821,0,1.0309257356560264,1.468127029175338,1,0.5894442292763149,1.1140379962320588,0,-0.27672108477209256,1.6246524262923043,0,1.1900750563660552,2.12941903276729,1,0.9343644587698613,1.5823787302479595,0,0.14559284088306007,1.523889232254574,0,-0.4295969703168865,1.1743374843266312,1,-1.2160315823662273,2.167205608443333,0,-0.44325185119870436,2.6486243929402553,0
125,100,0.6,SuperLearner,0.845286098534096,0.028706723896397644,-0.014352098788314675,0.13370964076855907,0,0.8901823344135638,0.7825165624019542,1,0.5233145368805219,0.8206872991124929,0,0.0651907168291447,0.15457596441674218,0,2.962960968376612,1.1298540324194566,1,-0.18067214482611918,0.32381185703575577,0,0.4666146057179835,0.3548507797257382,0,2.67373790371223,1.461709615055862,1,0.0857956732071488,0.3020488855350075,0,-0.09716496631715923,0.15583087271455542,0,1.1937582883402702,0.851870048128553,1,0.4424704899314545,0.3861760683244923,0,0.012211299202205466,0.14631839455912352,0,1.404899161260325,0.5590449804133911,1,0.07894013729564713,0.19871346311946683,0,0.11663979658888264,0.12378742367283699,0,1.7468721053072513,1.243033913902447,1,1.454548922666928,1.5515254634095366,0,0.03287641024638755,0.3766216437556805,0,0.1430891912504116,0.396084764820234,1,0.23794886987388128,0.23311359432799664,0,0.5484335576876487,0.6682427670242075,0,0.6562925397360738,0.9077746702747742,1,0.04144572945954071,0.1537751495898727,0,0.18012013353799694,0.20719322090302508,0,3.286553601473557,0.7951910302632815,1,0.16264070631730174,0.3531863159618163,0,-0.05784716632009137,0.7332807124263127,0,0.5274854006553295,0.3445124333985863,1,0.1653274807083553,0.2723689826099334,0,0.8967176440688179,0.241927454186269,0,1.3620661527786613,0.4566251548235519,1,0.5903110166043245,0.5938167878578035,0,-0.09650726237870204,0.10853782081813879,0,0.7642213627263781,0.5656789962491091,1,-0.057622324052830395,0.2626490765720806,0,0.18409097015152281,0.12067246302884747,0,0.5582405728419976,0.6777591197376521,1,0.41340821537084843,0.35286974340707433,0,-0.09128136127295623,0.6623977433143734,0,1.637508787396558,1.2480652122510931,1,0.06036340553650064,0.036078791097316903,0,-0.0011464787513068453,0.3862247569800015,0,0.8254408896094674,0.6941987372685634,1,0.11674263541237542,0.25954954215813825,0,0.12394061893293536,0.27689291957311457,0,0.903321735746282,1.273110336502589,1,-0.08828128753253164,0.19698924273412136,0,-0.06755491261451041,0.8971956365040438,0,0.564910009903254,1.5018473959388206,1,-0.24661010797128774,0.20269357533575683,0,-0.09472623436659115,0.36589582372182655,0,1.7794645113098753,1.344649267032655,1,0.8274629237449185,0.46429716713611846,0,-0.019287563238471882,0.14148427274949546,0,2.3891497990241937,1.2575717815381608,1,0.29944060590700755,0.2405220251617355,0,-0.164442162161117,0.4682693530556092,0,1.1807752519346129,2.2160441227630914,1,-0.03423559828069451,0.20532249394616237,0,-0.10592847234212358,0.12433883288763663,0,1.5208360262035288,1.4549637961215516,1,-0.07623100884065301,0.204262605980191,0,-0.03196860395678439,0.443950257904857,0,1.830592574412714,0.668692201539451,1,0.07279161004625109,0.09520220895237537,0,0.15659189344104313,0.3149884268261949,0,1.458891813194997,0.8983617339633291,1,0.06667029968412364,0.1095527511564842,0,0.013373578676317128,0.3952381702138421,0,0.8658844223902014,1.2479104108101704,1,0.49417724227765836,0.5301432133909175,0,-0.062487191187027925,0.11602879927572518,0,0.39869015970411176,0.39389587364545536,1,-0.03743732039929561,0.13440085141799912,0,-0.03134555557677012,0.08259718482598284,0,0.8088918906195198,0.7490570331068517,1,0.0823876045075925,0.2497138079698084,0,0.0890962302779966,0.1173813137286112,0,1.2888805388491218,1.186490900181142,1,0.09047884627516001,0.3127406736787715,0,0.06337311185490271,0.46860361308854803,0,1.4360718403990373,1.2034885049538901,1,0.3836934850360568,0.36554199928468634,0,0.15874403171074852,0.19167512312761725,0,0.9139377584862386,0.8907482847244914,1,0.04238787327935652,0.3818026144526282,0,0.26146369498131383,0.22026878294872873,0,0.6569838153033202,0.5458249681668765,1,0.4659546657582985,0.43629070642266626,0,0.26639298888863105,0.38902390132410397,0,0.5100402259453464,0.3053332644514009,1,-0.11607256942471474,0.2237243530473835,0,-0.07506732910036554,0.33390676456751195,0,1.5379183951883597,0.7169865306355677,1,0.005073719535827808,0.3505855022516278,0,0.4415424041107484,0.5482961819333076,0,1.0090024488131113,1.0584125850124084,1,0.0932896579838337,0.25724464886258724,0,0.08935947344237724,0.08605378801923624,0
125,250,0.6,lr,0.957913463048069,0.007382276095918389,0.021655029169605718,0.06703650785702855,0,2.5081117514439466,0.7649538643235343,1,0.042708261782494594,0.07013500033532412,0,0.013615522379482737,0.008421381117739348,0,1.8567551459105143,0.5173417497408256,1,0.016760177787364383,0.04920871643742553,0,-0.00035508609646313014,0.022880755887590896,0,2.2101209301694693,0.606708829259368,1,0.02265294935555911,0.07022272969836056,0,0.013260348276170772,0.04558551530751668,0,3.9581593611860995,0.8534939053697727,1,0.19377826669519754,0.07282008157403688,0,0.0185469332678747,0.01740611165902332,0,1.9160105893377015,0.4718125547616028,1,0.06130628305289644,0.04780606242706565,0,0.06862527185864684,0.08470824064632063,0,2.6701984462537585,0.8434713672988158,1,-0.025771089425815137,0.03359603644582121,0,0.03853480456176028,0.06922279057636219,0,1.6597328906590882,0.7025155682644793,1,0.07728134782579407,0.10679638585035736,0,0.030921099239645932,0.032783586792900346,0,1.857688007710904,0.28149639110367763,1,0.02429224060662948,0.029195384761089505,0,0.045046906320277726,0.04697191972154993,0,1.9343481913185694,0.40514086612727696,1,0.04680165557842171,0.06298243032367494,0,0.01759780137670396,0.055830921037666834,0,1.6596026584654822,0.4449881828985514,1,0.1460836305106382,0.12482222828369836,0,0.020513609965171417,0.042505457466791886,0,2.608121406685974,0.77515669476802,1,0.09328635648579502,0.08231853565460419,0,-3.0686566153292905e-05,0.07526793082005183,0,0.9456354219420431,0.31516052378681864,1,-0.02718709083042441,0.017519575413579725,0,-0.001451549305045638,0.02589270407062962,0,1.9117933062147194,0.4395101960438206,1,0.044161450055827944,0.093674961338541,0,0.07414473327564064,0.07530271991277689,0,1.3023834648601553,0.3182852634113499,1,0.020635564440933323,0.03746579863194374,0,0.00874579372866377,0.010082871772635038,0,1.4342292496783815,0.3590830967416229,1,0.00013762439188622555,0.025276950129828595,0,-0.0035103226900213566,0.013053514009022715,0,1.2600852519083034,0.2839536157858087,1,0.043340992123147834,0.0342709675420261,0,0.16106492175539294,0.07898523564702332,0,2.8585721220741847,0.4770526100822048,1,-0.025267467137449574,0.028954964212181772,0,0.02141826187384332,0.01964425724386259,0,2.162116552558294,0.18159415850048513,1,-0.022072925543103156,0.03122926610118145,0,0.04131928904485295,0.05831058637495238,0,1.8883257871925423,0.6195339084524601,1,-0.006420042750158878,0.010406832272729085,0,-0.03098265786873029,0.022658476214277547,0,1.3395463479741696,0.3472468870356386,1,0.00916473419374492,0.021846252298937083,0,0.02845971959926418,0.020807462272480207,0,1.5173992226169914,0.2774409435451649,1,-0.01876892676976265,0.04214678001611124,0,0.0013705425884774178,0.010428668733999535,0,1.8340006568639673,0.45287126368089525,1,0.050929458806988646,0.08301906299560903,0,0.08345172805373027,0.05954900267252374,0,2.90168109694816,0.5519084831297079,1,0.0921175742917992,0.0682153291368262,0,0.004645400435619987,0.03963523244926493,0,2.058563186029885,0.4388337310021792,1,-0.00167720303383347,0.04004274073038836,0,-0.0009077109455667302,0.00961963638944615,0,1.6923697899597752,0.3951920632581336,1,0.13310477647031754,0.14751188562906037,0,0.2666227197510926,0.1552775708603557,0,1.9116854756147599,0.37721134828306524,1,0.004234968733907882,0.07248138814652852,0,0.1533115962885874,0.1251788182825017,0,2.1106452404843665,0.334391190203915,1,0.12730832271548262,0.0654660490292057,0,0.35764677335228573,0.1636099260472208,0,2.499737749717761,0.7253608260678545,1,0.025891550301178477,0.16024287197734974,0,0.03297355465195996,0.07502514365385321,0,2.2317229399493463,0.5009447527081231,1,0.018207920315683433,0.01865091498463032,0,0.0056701796818641684,0.01938241330835028,0,3.10098485511075,0.6248255955631344,1,0.0023208455891837072,0.038776846687178894,0,0.09259457678092511,0.07559382947395747,0,1.87190864251559,0.6184913482651031,1,0.010502600350151468,0.0157951041233275,0,-0.003407010453749319,0.004767380881908009,0,1.2121593208238266,0.306953822917304,1,0.08821459331993234,0.07405617486188387,0,0.0078013828499652604,0.03630772993893859,0,1.2762796753317478,0.4021636284964147,1,0.05669421325200328,0.0730028546870317,0,0.005051362661526273,0.010110558487804464,0
125,250,0.6,lasso,0.46695711880470603,0.018418454954646328,0.0,0.0,0,0.02964831827727029,0.036341013988126954,1,0.0,0.0,0,0.0,0.0,0,2.7989222520500134,0.6653539586065276,1,0.0,0.0,0,0.05657575656316667,0.07166673044909586,0,0.2506764505434471,0.2332756824093529,1,0.0,0.0,0,0.0,0.0,0,2.8982688056646215,0.4354951864709751,1,0.0,0.0,0,0.0,0.0,0,0.0,0.0,1,0.0,0.0,0,0.0,0.0,0,0.0,0.0,1,2.078939451164847,0.3823362609384238,0,0.18912411765109619,0.31021368909687236,0,0.048285417148217845,0.07105867121581635,1,0.0,0.0,0,0.0,0.0,0,0.39872144276501886,0.30251525433002335,1,0.0,0.0,0,0.0,0.0,0,1.605788700045963,0.37592658147062785,1,0.0,0.0,0,0.0,0.0,0,0.17303246119314575,0.2881988954963784,1,0.0,0.0,0,0.4891046707040352,0.45390156889310024,0,1.3088747285004216,0.5537277298087522,1,0.0,0.0,0,0.0,0.0,0,0.0,0.0,1,0.0,0.0,0,0.0,0.0,0,3.2993122872808676,1.1031745406702322,1,0.14469412348959598,0.11849902930476007,0,0.0,0.0,0,0.0,0.0,1,0.0,0.0,0,0.0,0.0,0,0.0,0.0,1,0.0,0.0,0,0.0,0.0,0,0.0028570171048143606,0.00571403420962872,1,0.0,0.0,0,0.3354424726281479,0.3127383539195009,0,0.06863252314764498,0.16202546911435436,1,0.0,0.0,0,0.0,0.0,0,0.9045090443326416,0.12704487506623413,1,0.0,0.0,0,0.0,0.0,0,0.3989528930024144,0.11764442863768258,1,0.16519337036770212,0.2584360253778395,0,0.2865243754296744,0.21173625146424488,0,0.049552677311282024,0.062204994120355364,1,0.0,0.0,0,0.0,0.0,0,0.6219976310013938,0.40449034498421765,1,0.0,0.0,0,-0.002977889630686306,0.005955779261372612,0,0.04192712566016868,0.07040807824216859,1,0.0,0.0,0,1.0408339319330246,0.6112315338560937,0,0.327362524136691,0.7221288303745059,1,0.0,0.0,0,-0.00884411681072699,0.08500204542458983,0,3.5693892374486254,1.057150174453464,1,0.0,0.0,0,0.0,0.0,0,-0.039646527723496215,0.14616132610918775,1,0.011994178858032839,0.018177809891737534,0,0.0,0.0,0,-0.006144241009619492,0.012288482019238984,1,-0.019284085124520144,0.03856817024904029,0,0.0,0.0,0,0.24889550746527797,0.24129330008783564,1,0.12531192486517984,0.2043811483119748,0,-0.039900845116987764,0.07980169023397553,0,0.7499570614870641,0.11301985949925432,1,0.09296261285732806,0.15507662041582887,0,0.015028740223639259,0.028572696300170744,0,0.0,0.0,1,0.0,0.0,0,0.0,0.0,0,-0.011033522928483235,0.02206704585696647,1,0.0,0.0,0,0.0,0.0,0,2.7189636004723186,0.5440902240392906,1,0.0,0.0,0,0.0,0.0,0,0.5825828301620992,0.4831330080347679,1,0.1450749786768426,0.17855071995618826,0,0.037495486946017335,0.07499097389203467,0,0.0,0.0,1,0.0,0.0,0,0.0,0.0,0
125,250,0.6,dt,-0.2604464009371838,0.09587447848730912,-0.18917165145097145,0.5191605012797501,0,-0.17686181465903708,0.2797655366381582,1,0.05937053068720931,0.08629622271969474,0,0.002015156731677678,0.002764065629658113,0,-0.21965089899805257,1.297400110566833,1,0.02508199129605515,0.04861560056331985,0,0.7960954547034383,2.1711842690154093,0,1.7414619145634838,2.825112333775634,1,0.1492011924647001,0.3636581371355438,0,0.38350962144808354,0.6333534104654618,0,0.2404018750048699,1.395932239320471,1,1.041229765899812,2.4999256396077274,0,-0.08327228320303896,0.1665445664060779,0,-0.4373495039454857,0.53191128827454,1,-0.1310748979585874,0.6083390695981596,0,0.06502001829791829,0.14982299440925428,0,0.17761395328193977,0.5572457527419492,1,0.6325151944916745,1.5835528211127996,0,-0.5972452568347402,1.048048740741837,0,-0.6795138754425348,1.027407819396711,1,-0.440871634799212,0.7507892607584706,0,1.3293395348360346,1.605506084551697,0,1.1767529521449496,1.970291478237083,1,0.2911279423590622,0.5965738199397698,0,-0.4008603372536569,0.8114205817689956,0,1.1780872502357327,2.8533306310576165,1,0.618033848073243,0.9343637563404006,0,0.9183970818501812,2.2347575757737204,0,-0.18985552199444303,1.3328871998601493,1,0.030461767878779827,0.06270493171162361,0,4.108000569943291,5.96532359225847,0,6.951545877777463,6.8775219808114985,1,0.2257042469900065,0.48474217634035793,0,-0.2100869520603348,0.9694341410615133,0,0.009027709057141096,0.08014657986371208,1,0.06818878956715539,0.14959366429007273,0,0.2455871133249528,0.44575412605836706,0,3.274449040090073,5.6779541179295725,1,0.25699820455132694,1.9749293378766397,0,0.19846645420114534,0.3993130230592697,0,-0.27797911802735176,0.47362335959128715,1,0.15979818494653306,0.2889069171347644,0,0.005568911387865512,0.007275268963296268,0,0.7269822437717183,1.4167703937575398,1,-0.03714226525252178,0.125822935387304,0,-0.1219311839866013,0.2590743716784986,0,0.7878650843149867,1.0078306295510355,1,-0.0848961531396949,0.5026431988781869,0,2.286193216847366,3.113858379383411,0,0.07470660432842256,0.15968141550636133,1,0.04088924537315501,0.08967079126033542,0,0.1222432647680177,0.4465589399846929,0,1.428384372850257,3.1103289126309472,1,-0.028268973685578146,0.048603754179238054,0,-0.08086349201297875,0.22928157015787773,0,-0.5681635505770066,2.2783802341799984,1,-0.0578644888317574,0.07968079694245284,0,0.05861581995395698,0.35479283602869427,0,-0.17525243066902613,0.46074981094339984,1,-0.13675694214621026,0.4320204243838603,0,1.8607050979446842,3.705400015080986,0,-0.3353367459008056,0.7921901280130851,1,0.8174146974934416,1.280448118461818,0,0.012074505650177229,0.023341284383514873,0,-0.08589248097225131,0.25469533674632866,1,-0.2391942328913384,0.6268464908049469,0,1.724700049091857,3.46178812520007,0,-0.8916370932330991,2.0652793817867408,1,0.21854426397443158,0.3832033610031799,0,0.5148694098031268,2.013085394258557,0,4.086044095518566,7.7498292756717575,1,1.9056094374251802,3.7702891191847487,0,0.20714457343257445,2.386116348711867,0,0.5037102267344267,0.8901849311387473,1,0.7501667020712883,1.495593273452509,0,1.8700455690239306,1.5823513437624959,0,2.3065559375355167,3.50941480507727,1,2.1577120519126454,5.826235362009811,0,-0.016539346062530085,0.2621331418048124,0,0.2271712962393373,0.2528632585321858,1,0.9659970271386491,1.4388582936345016,0,-0.24300069295981533,0.50786541232837,0,1.2334346599009396,2.248027330203299,1,0.0922676587470794,0.11609083770130633,0,0.3284204790037495,0.6247454264080402,0,-0.06012679992894744,0.09380103417354317,1,0.4713027215673994,1.0449026608493803,0,0.4568678488049492,1.0101551095980343,0,0.020769668308737492,0.030494801071314876,1,-0.12435399558629952,0.7832877207977696,0,0.6518052707328643,1.5093132805260545,0,0.2851311892308514,2.7282062186191225,1,1.0440233217182493,2.2722320031237966,0,0.03039249961157725,0.07946233759476846,0,0.020162604145728038,0.09727402043045703,1,4.49141307724518,6.776810943523428,0,-0.021537686265782865,0.046208862267865275,0,1.649899136193138,3.299798272386276,1,0.025139009574203296,0.4744226546223886,0,0.2350012243666873,0.3014971375136355,0
125,250,0.6,rf,0.37394740995674364,0.01389413969020188,0.015258920782423135,0.03621693762371636,0,0.14977320904160207,0.09451954903728696,1,0.05564734616942044,0.09752801223984517,0,0.011225352301821754,0.1539325825672392,0,0.45055755501408334,0.5009524019952285,1,0.03154590940399398,0.1567412407306447,0,0.37394855276141076,0.21372173670493186,0,0.12060111797980193,0.31026605707119126,1,0.17625477924863675,0.16555550628353602,0,0.004667116475757927,0.09254711627314562,0,0.5911707439680771,0.28510435822479663,1,0.13794379974683268,0.06031943101859259,0,0.03489489925195049,0.08562586576098145,0,0.020698844588069733,0.29835873922470013,1,0.04160821628223109,0.057376416901303344,0,-0.05147469464349288,0.06771561699604524,0,0.10097110682999728,0.156265902488864,1,0.41010913998406495,0.08799349271126108,0,0.5954682429182935,0.25677281181438255,0,0.22180648072096282,0.1419598733129912,1,-0.02362097416647655,0.13451057053724486,0,0.07865509169397225,0.261607190866057,0,0.20942766017752762,0.3054332602818867,1,0.09864838431282232,0.10439949758968559,0,0.04069425718978121,0.08030946516914564,0,0.21223864857570995,0.2153126465497248,1,-0.005157040670224872,0.08599654640312974,0,0.05032207245251733,0.07030490806676441,0,0.4065629997520621,0.23151763561154698,1,0.33271455259762317,0.2599349107803035,0,0.9949325089522073,0.3676195808802071,0,0.9289253214544735,0.3458401187357522,1,0.11359542451977475,0.10047414863175527,0,0.10752458384615662,0.1308622952796058,0,0.12458127707267044,0.12066092131939872,1,0.07009097220058695,0.1012043826088921,0,0.023908049343180336,0.06029453864665678,0,1.5465540106435145,0.35694094349663996,1,0.11623543454376169,0.22706507470270254,0,0.033664220014140475,0.09241938115379401,0,0.005546753139803728,0.21599407425000747,1,-0.008910285677825753,0.10055272384169421,0,-0.0170462295786018,0.09720424179204856,0,-0.033913894974085944,0.14211115153373735,1,-0.03241735535754812,0.06683531307132966,0,-0.04169909294876567,0.16691975013526308,0,0.18813346335331688,0.0769831628160087,1,0.04911279643839907,0.1203332158432504,0,0.18093719548216758,0.403503770625559,0,0.18628679080590332,0.08480046128315682,1,-0.010770184272470602,0.12311770334261213,0,0.0043985650962264896,0.07267073628188729,0,0.7483270886695964,0.39494573743717126,1,0.015345142875658949,0.09915464542684643,0,0.008740915083117884,0.07920151809300326,0,0.1677274024040175,0.08340432428223557,1,0.3370426855868084,0.36442106029450305,0,0.22281747709985775,0.08479437566872704,0,0.1513454175556941,0.028233271482187593,1,0.03430003413571248,0.08080717131958275,0,0.29652609463007207,0.24491574805064786,0,0.44238469318726004,0.2048109475185461,1,0.1154810659680626,0.18815947654853807,0,0.12939938520137675,0.16512384311020004,0,0.4593156459682331,0.22340993710629795,1,-0.006317065143197081,0.060634221411147424,0,0.21159913022594395,0.3637576264343047,0,0.3020483402958367,0.3046029386348314,1,-0.04728813187978971,0.09594484950519185,0,0.5163817247458178,0.2991765354458416,0,0.9087067038886673,0.38435113399760207,1,0.22067948310409777,0.26912517117458506,0,-0.025523559347576795,0.16205166036970337,0,0.015232525355942467,0.438572274968428,1,0.2830040375972662,0.2205929196258536,0,0.06220588100132488,0.15121822807196308,0,0.07268857053623004,0.23143267064071016,1,0.08552332816075425,0.1952742801104007,0,-0.019613282233286667,0.06686451185130313,0,0.1795021883449986,0.1689032279038224,1,0.568306369783316,0.5184007809598177,0,0.1087264328409542,0.09834030513014881,0,0.6084822094681265,0.7505849505544759,1,0.16058767070571478,0.1364713751644977,0,0.0439691625300474,0.21277686361385786,0,0.021309521011969198,0.05803090737940223,1,0.05366568049306686,0.13602830065515473,0,0.1416404495123221,0.04923985117566111,0,-0.04277752769013178,0.14067706079659767,1,0.18118022371891904,0.1811086550503963,0,0.1092717461586834,0.16226980908740915,0,0.4923672609159886,0.357717533423222,1,0.25250006880059195,0.10509011651764816,0,0.060350914170490474,0.09068514394178807,0,0.2889292008645375,0.2067874865606134,1,0.03126893650877954,0.12756895005087474,0,0.213769683626798,0.10968754851351374,0,0.17531064717936345,0.2029917308173547,1,0.04270929784850007,0.09097260877409363,0,0.019118037687498958,0.03616591614236186,0
125,250,0.6,et,0.41270881848396357,0.03540055481697425,-0.003789653933597348,0.10366941524306605,0,0.245486378312181,0.24466628602559248,1,0.176803002419709,0.21381981592207683,0,0.1049861469802524,0.16434296550522423,0,0.8760029784775796,0.40631586091292665,1,-0.04125367608656182,0.12218509863558116,0,0.5150616738100628,0.10591771788764147,0,0.36875993738406354,0.13396766201768295,1,0.13977184719945943,0.11567336232919602,0,0.10677278939024153,0.1682581882727307,0,1.1684256587897224,0.25688193013561617,1,0.19270512227832057,0.02566012248392502,0,-0.00972381395348496,0.052867384789530625,0,0.14011908496267647,0.12277289330306482,1,-0.05086581918918526,0.08671835101772055,0,0.01780714897744863,0.0813849094104088,0,0.05788766190079758,0.11277227460229085,1,0.5919794761163694,0.3967829665486787,0,0.36155382057853946,0.2890660814489433,0,0.12449011488233168,0.0784648803975659,1,-0.03031718687048885,0.10854332424911442,0,0.10767214482487023,0.07447274549863149,0,0.1638736939513619,0.18330510443421544,1,0.0557146679394319,0.13598492237111592,0,0.0763311955244538,0.15846892708045682,0,0.5188870826454184,0.14528333630285478,1,-0.08144708129213465,0.0875625570426865,0,0.05354281746829377,0.07826328300888623,0,0.47606893369103054,0.1366479105791231,1,0.36163449916110463,0.18594475617924852,0,0.9031318052342743,0.5529300207958724,0,1.4456179673903478,0.45347258791782336,1,0.2024418801613092,0.13897349003896609,0,0.22844246352606534,0.1763105741539531,0,0.3375190297295375,0.12026473445027189,1,0.09611429993413952,0.12950594311374147,0,0.08351139220240239,0.09731786443354228,0,1.929947538775315,0.1857773029537291,1,0.12373000918884022,0.2488657421836742,0,0.05667590666842226,0.1584892233567872,0,-0.0014862119879299972,0.1386159671308911,1,-0.0031015807595763346,0.07856879863684646,0,0.01794825063088746,0.07179817359294291,0,0.02010391614147815,0.03969212599670975,1,-0.0481096521155794,0.0858565697585701,0,0.08645502984848036,0.2819438357623002,0,0.3651436827589586,0.1609588787017394,1,0.0451117809626798,0.06457042471848101,0,0.570132523191896,0.4032750587096161,0,0.05949942732281168,0.2173087454296568,1,-0.034124630899572,0.08586175773120222,0,0.039767233537214286,0.12528707335259834,0,0.4549239135618818,0.19506530647892503,1,0.05202577392971488,0.04951727689579243,0,-0.00751090485182129,0.0869044818473766,0,0.30509129335035634,0.02221118887704677,1,0.1736586171998621,0.10348571537540673,0,0.32027847757240363,0.21815956037436526,0,0.18697612841024566,0.17149277272705363,1,0.012413636438174678,0.05468177063741956,0,0.2599970846807521,0.10835150208405825,0,0.37375236175988485,0.2782897376339322,1,0.05572632933897109,0.17247099897669524,0,0.151066594185944,0.2323524989564686,0,0.31588673980083815,0.2355175505166723,1,-0.00047896896094068995,0.14139301127470466,0,0.44648879953874915,0.25847025297091286,0,0.573275128909818,0.4658642108033062,1,-0.0007165872607976381,0.24350672743882246,0,0.49313291808555704,0.4598247674417292,0,0.6440297047927678,0.5880553136802105,1,0.11467353693569278,0.20415845122023762,0,0.008228157264476,0.1900138421724303,0,0.09146500838628893,0.3914470263830629,1,0.21858146892747143,0.09959676008458401,0,0.0627516634691484,0.08317839047291906,0,0.0785283705413285,0.1347736093997719,1,0.1883430874713003,0.19703669773473023,0,0.0537181850801734,0.1873440600659269,0,0.1790054756812765,0.07444813084254616,1,0.2405083699074983,0.37469243919263606,0,0.012218320842055574,0.139398654467676,0,0.593669378367192,0.2967100282447349,1,0.19708492215600953,0.13310138763831847,0,0.01828582289411588,0.1951752601370638,0,-2.543079217752764e-05,0.1324929255948393,1,0.09573489941423548,0.14941525063765035,0,0.11916036875742012,0.19319942004059612,0,0.04601691260511906,0.16984960577268857,1,0.10816306003043566,0.03987472695091213,0,0.1934772409071511,0.15611803794555,0,0.5653532446065498,0.2225183058827754,1,0.16830515413964292,0.1817329657711219,0,0.04148901367100398,0.167659132701638,0,0.3485819118748418,0.18199265629523506,1,0.12803316147063287,0.11602251149949169,0,0.08276412104715544,0.09875434569309964,0,0.2169480727582866,0.2062215785819973,1,0.06608252038625087,0.0827912589326827,0,-0.02580216063292981,0.06445031843149537,0
125,250,0.6,gb,0.4708675623086438,0.031997241008640105,-0.013493926432297043,0.040087792359354536,0,0.17271143896327834,0.24049048807988443,1,0.2331693697749777,0.16346445921527633,0,0.12010719992543387,0.1462227965076392,0,1.3698549147921104,0.7176306482096032,1,-0.007812427202026443,0.02641555629704707,0,0.8024813905040491,0.318581167648875,0,0.1303394135409776,0.12245665829439137,1,-0.006287286119096178,0.05817894309425535,0,0.017756501398878483,0.05921811559361626,0,1.1496105852340595,0.7713806328964554,1,0.3707979420405091,0.38062357071280356,0,-0.00159753253739963,0.01110633011583838,0,0.07250386539184653,0.5373162760268207,1,0.026454774985592594,0.02679899109887918,0,-0.005866084916283626,0.012602818976562503,0,0.11339425492843166,0.13225092975962677,1,0.2088388579438203,0.6400025751334477,0,0.40227157027288174,0.18786962910678082,0,0.2494609559697923,0.21941526347529133,1,0.006417348118582751,0.060043144388219796,0,-0.011743200819951413,0.02830829368112372,0,0.46072948026331223,0.38638955211051357,1,-0.02059672086892273,0.02831238051750021,0,0.04215326930253534,0.10059415660837,0,0.9141142750855152,0.19320170966917485,1,0.01633908000061192,0.08936843931046579,0,0.082852671977765,0.2021196106596863,0,0.5393941724726877,0.40937050311143647,1,-0.15378767752196848,0.15476781497501613,0,1.8374413630873836,1.2669496959173834,0,1.4679840279549272,0.6369300733272885,1,0.06821661039350183,0.08039769639953841,0,0.043697457770801466,0.05028066641806145,0,0.27131828427494087,0.3453942814513265,1,0.009646724012029307,0.3605008689758094,0,0.06088093153774208,0.09455785632174996,0,2.7362369101758572,0.8244716529024991,1,0.13705757031886193,0.18578639987831325,0,0.011459309090219591,0.10855209923711012,0,-0.011777295647460106,0.08901220179931059,1,0.004600386194898475,0.05085012213634822,0,-8.275590108928338e-05,0.08118042734830613,0,-0.04844286033158475,0.08566059390755448,1,-0.05086608180464386,0.0737723003952465,0,0.05501506001703911,0.11155273907001899,0,0.5662683015938741,0.2524958029965617,1,0.0343157641839837,0.03160658712197601,0,0.9568530470185144,0.6357920517201449,0,0.3124066314056779,0.4576674498347562,1,0.014872538886098866,0.025154420008003386,0,0.009037674351095704,0.09558212841988684,0,1.5293722397786866,0.7762491189140966,1,0.0008959953197089022,0.012097993868867786,0,-0.020675635289136508,0.09799387215278522,0,0.23885419714374428,0.3980941697561981,1,0.27715472810890535,0.12489944261139746,0,0.30192994504833837,0.35089247026173004,0,0.3119069677959133,0.28030765186114415,1,-0.009041056162117712,0.008784591357739322,0,0.26498633766359303,0.36820285588210805,0,0.6422400324768216,0.9944055781280093,1,0.12427310012657347,0.361679972468435,0,0.012658118886205971,0.027639632474549123,0,0.15048333689042268,0.18972917102237521,1,-0.18444389007071588,0.21666353205746974,0,0.5934311183053861,0.23488301169885015,0,0.5169820421572545,0.2562279869183019,1,-0.1802355875440675,0.3913860711308819,0,0.23798106447840758,0.20558183058230248,0,1.917018657981736,0.5057677371023235,1,0.5477267183192558,0.7355220323795393,0,0.020886075331860977,0.04115741103672739,0,0.24685355440406678,0.7242592231466534,1,0.3913745954316233,0.4801583559438179,0,-0.06591715205352308,0.10288363945328372,0,0.07199891814187365,0.40817598164390473,1,0.05908182177022504,0.22540748382805337,0,-0.018141663457291048,0.05553715150950871,0,0.23311019668609037,0.20603013757648836,1,1.083308758074891,1.2293670702259005,0,0.11269495861907511,0.2838188434392742,0,0.7298287551946272,0.44870024326357644,1,0.05063961504292711,0.12504958262525678,0,0.05565630921247575,0.13839882516744786,0,0.01801335702226128,0.11470049950197524,1,0.1330604554375773,0.09356118643076673,0,0.005914427473409209,0.052038846268261385,0,0.030379089012789767,0.16634538588311198,1,0.009357566910792007,0.20915247433850828,0,0.0657456451836807,0.2709118490953408,0,0.47118751012676735,0.2546305687545128,1,0.20732040885303427,0.17381909083863079,0,0.03307190917367386,0.12989520513077807,0,0.36032413207577124,0.5522177845293621,1,0.7747960085362294,0.5593092893665993,0,0.13766630645074082,0.23568411093335695,0,0.17316144066139583,0.22900395820805564,1,0.01421531319348851,0.017132916261062905,0,0.060802667740602764,0.0638544945938294,0
125,250,0.6,hgb,0.5383213055814831,0.04408891954779867,0.1175696350729147,0.08313042684549535,0,0.23338636984109304,0.12513911093602206,1,0.23414684697622712,0.20758492259966363,0,-0.0531184231805666,0.3135327129862667,0,1.1470226289782253,0.6145564920809302,1,0.007236878358157739,0.023366830901359215,0,0.9372526257096669,0.3694279120152304,0,-0.017184828899824273,0.12866186951930647,1,0.037862229793185063,0.04112038503561372,0,0.0031941602407680554,0.021713740311094853,0,1.720299797338987,0.8039954554503568,1,0.2961256832704385,0.22076635399170128,0,0.010662111818330683,0.07310874420109047,0,-0.03567016408113145,0.6218880646205007,1,0.017395663117938186,0.05391935469784119,0,-0.035673745489915386,0.04105733053510303,0,0.11766909099731375,0.14017356858677915,1,0.42310354729226496,0.23843534362323981,0,0.2188607560843899,0.29614564846207975,0,0.4663278796988911,0.19384292087318705,1,-0.023877998345622813,0.06479491448347904,0,0.07057243598969465,0.10734145556353719,0,0.6592154144642703,0.7647186573369295,1,0.007307533711761141,0.05269125578416847,0,-0.016644653366392762,0.043908880972812585,0,1.4200707617888166,0.14082700106228774,1,0.02259130439642929,0.13878299646595674,0,-0.010564730270263412,0.05300237250158387,0,0.6231165407000951,0.30387382925786743,1,-0.0006268771803094097,0.13195492794553348,0,1.158140729751628,0.5436706868533251,0,1.4637370247863695,0.530920600299584,1,0.31411962602762006,0.3722589681835543,0,0.02671207600526705,0.0784372342044051,0,0.08991502206242323,0.39973257509136634,1,-0.043647534636706446,0.22273418421756258,0,0.017470337364001536,0.049923837991758334,0,3.3578453106612676,1.382594381821172,1,-0.006426437681945373,0.11830778155886756,0,0.006493425300124927,0.10354753117580037,0,0.18812543097019724,0.22174914533033294,1,0.14584992200247535,0.09468928182602632,0,-0.0835287977757326,0.14445221596488225,0,0.04518414096393597,0.07141351204508753,1,-0.006101770576822147,0.03221750244121722,0,0.12350422012539537,0.16137298646352075,0,0.3950719923387982,0.23704245605784352,1,0.08699931783661272,0.08902334793014803,0,0.5952441057156017,0.1710182630740531,0,0.2560624695328337,0.3190812461960857,1,0.011289637671719845,0.030678249415310034,0,0.010643838328998243,0.056510571322748296,0,1.8368706924444376,0.6969989767421954,1,-0.040396795809826726,0.038218931822253284,0,0.0018553202545075864,0.04882213181534786,0,0.30242785906815073,0.20210408072959912,1,0.3373319768816846,0.326416937540119,0,0.00480090782898408,0.19836750605129522,0,0.40278745275257927,0.5379048373582204,1,0.07638088567907576,0.06823946239676747,0,0.22842502860801117,0.1526265336979279,0,1.0964857837018358,0.4842959695580969,1,0.13705330376090646,0.2743522149164804,0,-2.3708230004623743e-06,0.039695844930838456,0,0.8047916409881315,0.35674388482444763,1,-0.04872605055298865,0.06365075077489558,0,0.2004292153438933,0.33387083501690734,0,0.6744420966040303,0.5470898086179684,1,-0.1972538781848294,0.3888222248406459,0,0.198257929326084,0.10076252442997662,0,2.118960107585565,1.0733824501664386,1,0.43980430886342176,0.705834691889458,0,-0.04705724974869369,0.06728554830599706,0,0.219909801708555,0.6454134918431738,1,0.17537551940876478,0.1654198740440345,0,-0.06273207328880127,0.07746151643620211,0,0.3299670597121006,0.3641370135084755,1,0.024314735649413433,0.3049781735507252,0,0.06791820576637156,0.22972199843379407,0,0.12146548485992899,0.4272623017001892,1,0.8339793960746456,1.183911919917924,0,-0.019546590738407758,0.08439517689656051,0,0.6288401203238693,0.29224021498323394,1,0.16011732016524385,0.08683875449737753,0,0.1136997610639594,0.43787687994240554,0,0.07041100918601911,0.059838003329471035,1,0.12464712076349485,0.09989886936630973,0,0.07798670184924913,0.11433553392766,0,0.20318598142471686,0.1408302993656746,1,-0.07770664988468512,0.21222928762709564,0,0.26134721705219827,0.5836425181384809,0,0.6669025379101357,0.23660344390200538,1,0.2569454616519238,0.4183098110234193,0,0.06414549825187728,0.10043173058104064,0,0.3472511822523133,0.429304023432526,1,0.6940451750446801,0.5633878183134033,0,0.10774276711630511,0.1484311151372394,0,0.13891740374982622,0.13493494292791378,1,0.02709690663861967,0.05418920629374556,0,0.04233778391758962,0.13638715603310683,0
125,250,0.6,ab,0.397571570978818,0.0571060764532341,0.02164814680934191,0.02335592316850029,0,0.026343875476111868,0.42677637393470075,1,0.03178965397593815,0.14113384837837,0,-0.1698634021657887,0.3105682724907763,0,1.3608557499870213,0.7936755174693233,1,-0.013107800836647188,0.029477648154750517,0,0.4291862790174229,0.3201132452389963,0,0.6167916206084834,0.34994269316506754,1,0.14590980468602704,0.39748976910557743,0,-0.09237705062061231,0.11302891503454257,0,0.7243236923268064,0.6438937431446372,1,0.20918537001079746,0.25021599425674657,0,0.06123214390914998,0.0848129283468482,0,-0.11825835722198293,0.17665862582112496,1,0.1678057551799929,0.1162567197685739,0,0.0008467283861387925,0.007468446064309523,0,0.16062987815207425,0.3423072644207733,1,0.5091251296543793,0.5422653267014849,0,0.24220092649216268,0.3605646371546241,0,0.24871088640429054,0.2650624023410527,1,0.007146219499566527,0.06341624458038336,0,0.006701354697824213,0.109773331415177,0,0.3308051696034163,0.4448832431403186,1,0.054592350729860725,0.14950553100998604,0,-0.025945325787937946,0.06514089453765787,0,0.15365257963100118,0.44699776341881226,1,0.008619864080923533,0.0464211271175907,0,0.1308422731619329,0.12922612558122284,0,0.2660902154895098,0.4044465819823244,1,0.11037615583552655,0.1196432517965691,0,0.6621001467543157,0.2681188597668972,0,0.7190448512669205,0.7621426339404194,1,0.0008931711358377328,0.0017863422716754656,0,0.18626965992372568,0.10855132473759843,0,0.04545661325850449,0.07070384065668518,1,-0.07075742093703107,0.1657978970750254,0,-0.017305837572049572,0.0498409448355655,0,2.4684202053206494,1.2300607584828864,1,0.11498980142843518,0.19357312288375103,0,0.0737927166768367,0.18123292961904122,0,0.005292131300359529,0.08319835921551255,1,0.14969876231401308,0.18791060199086532,0,5.491436145553053e-05,0.00010982872291106106,0,-0.052512921472974775,0.1220769008127763,1,-0.0066224132433709716,0.014517233448683903,0,0.030422430091256347,0.0739742957272709,0,0.15631234837841954,0.13694745974790648,1,0.08958642283247804,0.11949197965543994,0,0.4349833311757097,0.6571800836586781,0,0.02399994138376296,0.14498916373541698,1,0.0,0.0,0,-0.01303011539264986,0.06624678973478178,0,1.3605935523399777,0.7486688407467145,1,0.011663358846506168,0.04980657983660489,0,-0.006082167521037718,0.05315523185125648,0,0.11908476457900567,0.29421810166263407,1,0.31502802019694365,0.1940720059228161,0,0.2080321073817319,0.11101463501311214,0,-0.03716222766220444,0.2774101097704018,1,-0.016461441704141207,0.014019140063548508,0,0.15331012443051445,0.4810207689046008,0,-0.11553213852801762,0.23087707421349724,1,0.11748195832887869,0.6111636361691297,0,-0.10592501838568394,0.3653364861089008,0,0.9268956521787516,0.7241596504192567,1,0.003770025573567381,0.025138605958678714,0,0.09716611688329216,0.22901675570825897,0,0.2794237455899114,0.8669340181348943,1,-0.10622964426454418,0.19910946099930782,0,0.13017421282162323,0.46858311613150494,0,0.9011692049437634,0.5761974743272502,1,0.3070185318603754,0.2101962988813593,0,0.03949672108481719,0.0710325631114362,0,0.06513088803055336,0.3510776497987571,1,-0.026019848288610214,0.2348914046494699,0,0.032135287913931575,0.05137014325330486,0,-0.06044256428461098,0.2426229328174756,1,0.10588616399534356,0.33779656779179135,0,0.03912660863607013,0.044636380207396055,0,0.005461697974992972,0.04624713309155389,1,0.5304431621321648,1.0692023533926156,0,-0.03574479822152822,0.35054163294834845,0,0.10674809113886616,0.20299016826517038,1,0.35113405260874037,0.3135959965277318,0,-0.15235077981203704,0.33891697154383593,0,0.015828019525357572,0.533515948237967,1,0.017072165317738926,0.019790483661576153,0,0.007444651005162723,0.07225304183963539,0,0.11342976956319055,0.19546112451263334,1,0.37955716744469425,0.43360810476068024,0,0.42510875719288654,0.4099200831026952,0,0.7900364754298457,0.4142966123623704,1,-0.04591484106208847,0.2723817837758469,0,-0.03041018307952348,0.0488354456268758,0,0.5019293991507547,0.5154333407739733,1,0.24626617704563686,0.38903773067372777,0,0.006015530144901467,0.19526427785214248,0,0.03985070905551555,0.18420639612618228,1,0.027431608633840743,0.04047716446928577,0,0.020239136453262942,0.027957290273933566,0
125,250,0.6,bag,0.37061750197783694,0.028345242705592195,0.20398959634445207,0.2912802944075715,0,0.2652343468580921,0.19094900810149343,1,-0.002023033565525867,0.3684227722939491,0,0.0727797164428513,0.14487494918498256,0,0.22831772537372208,0.13511002191271762,1,0.06206277605468082,0.16671240443646862,0,0.825169547372284,0.5756310833097131,0,0.2627742594691429,0.7165990812247001,1,0.1086429422791759,0.11560185785264057,0,-0.16564229748114254,0.24969755520062314,0,0.13706187604020068,0.4088437288111556,1,0.24254218853665446,0.2086746864659753,0,0.30755629743696405,0.4543344102951306,0,-0.1802182574999988,0.7806374138662421,1,0.24634019832587786,0.45604979352839914,0,-0.023563044982482653,0.11303184281313344,0,0.18881405328709705,0.22869214400560098,1,0.5840633514523151,0.8196347947881534,0,0.8003318025619836,0.6475130526420888,0,0.7231842081120237,1.3696353274652677,1,0.037749860221933336,0.1316464852584232,0,0.04456572984613884,0.0993513531164045,0,-0.05661828332282365,0.39869060231064296,1,-0.015576054196208411,0.3384075554054301,0,0.016474979433879832,0.5098149094994596,0,0.6528481579896556,0.7207810116830242,1,0.07939054333722768,0.2973461858492217,0,0.10969451168037488,0.2653195455670947,0,1.1349642712966928,1.064961385685488,1,0.20014008985708678,0.39641728153027306,0,1.6056462226602228,0.5929089235653616,0,1.3326203138071548,0.8317585763453965,1,0.05651813788482178,0.22315284257486712,0,0.17515707718084517,0.11248376807800581,0,0.35631305622824544,0.4409411569540397,1,0.10982595539015887,0.305329396919936,0,0.0812943365558518,0.17876484549850039,0,2.3061312967371377,1.0681378527358918,1,0.3531714855314746,0.40002552148872317,0,-0.18460712173245014,0.46737400407112095,0,0.06243781188705083,0.2052105365940446,1,0.05362957397168231,0.12245778405013734,0,0.10354901560382176,0.08959608271624189,0,0.2618829254892098,0.21288976023167072,1,-0.11778544671526905,0.3277395661532904,0,0.22879163035515102,0.32004301430177723,0,1.0203125087853322,1.2118896539751598,1,0.1487993032170886,0.20695969583839924,0,0.24531400526833838,0.7263719547357196,0,0.6406394165082009,0.7942311018292402,1,0.1478792140318068,0.5652647474855685,0,-0.1499346732154658,0.20427306582369742,0,0.9816825100143294,1.011215347798306,1,0.11436623070644529,0.37805648754380594,0,-0.17170672683759705,0.5802140388932734,0,0.4121751702187204,0.5036304296444397,1,0.3733238512865728,0.836585330883157,0,0.5728344404222125,0.15822354846638917,0,0.2789644706392322,0.2676066672311338,1,-0.03892170475482408,0.553260997422489,0,0.502812539758693,0.5641532892493578,0,0.881173448418504,0.6517616911966583,1,-0.08147828294724749,0.3429983425072244,0,-0.14549688249415751,0.33373824080484815,0,0.7302885821205582,0.6831918865844993,1,-0.059758424616398007,0.47130105953167806,0,0.23266930037710223,0.485876212881224,0,1.1687819985322903,0.7039548554859704,1,-0.04926706382524339,0.11915062600617003,0,0.5030537840303522,0.9548015651143911,0,1.5641208288073534,1.0649809930535945,1,0.12281113220426629,0.11918496570083849,0,0.05101432353905461,0.10268540012713041,0,0.5284354615578202,0.8167619930071396,1,-0.17266439662575134,0.06036172872723743,0,0.15447415333002482,0.4301425557648162,0,0.1647219732614839,0.17966205732961138,1,0.7989564675352617,0.7788094975427707,0,0.3123996250900002,0.2661720333585832,0,0.24239520272971662,0.35109137440473315,1,0.4319246961775279,0.42567173126203084,0,0.7078432773306395,0.5658381661800255,0,0.7149887179523228,1.4526030493506585,1,0.07123181864034576,0.2305035482905149,0,-0.13117011471104179,0.4442657140525761,0,0.13569613425165777,0.15361809697501758,1,-0.041179792754771474,0.09532950368653291,0,0.05377255730828316,0.7755585103059826,0,0.10575993071649517,0.2509973405243601,1,0.0099876749183583,0.37208184803624555,0,0.12065489235314424,0.5138823732500487,0,0.26794686461048,0.21876999760512905,1,0.6654466398060452,0.5444164102483622,0,-0.12056246806531627,0.31093985019396964,0,0.12033890979750883,0.4264274501027346,1,-0.13445307862748815,0.18647403861637485,0,0.282224888918055,0.41354426206759604,0,0.1742403330270049,0.43310437264818563,1,0.03312693125451401,0.29251813548328,0,0.029006800281455018,0.10939137374070185,0
125,250,0.6,mlp,0.8912446666808632,0.01866164822646344,0.1559595386591718,0.13348854376687053,0,0.5926859271495407,0.16884637786387238,1,0.256563682496766,0.1276909782151511,0,0.03162097305954905,0.05808797088284604,0,1.0675083699634835,0.5451818053696588,1,0.018389731083619732,0.025976009744724464,0,0.060808401161390094,0.06677765684398827,0,1.317207519825105,0.30700088241859697,1,0.10381612228341922,0.1835145733625597,0,0.06565127216861404,0.1635053254683211,0,1.6684023807118364,0.37837202191226765,1,0.021512221782421112,0.07675016759160115,0,-0.028095169587995968,0.09023005254093575,0,0.3813456967561163,0.12942314667945073,1,0.1518211720185752,0.13412781560310785,0,0.04449203991449759,0.08216553242507679,0,0.9663835668992699,0.49714847454380223,1,0.32743911925955105,0.2526065981555516,0,0.09922101678394282,0.270268556411808,0,0.4228878905980006,0.25134994314485054,1,0.0658594235688899,0.10628805930996556,0,0.04285294795580454,0.08568533506409726,0,0.9976472899197415,0.46797924552584846,1,0.04224894215201611,0.09408819255168921,0,-0.007529895265392872,0.17776699088330006,0,1.8788527178651422,0.5301488349161312,1,-0.045119094654958954,0.06092592396545405,0,0.055583653970386185,0.0777396957325537,0,0.7690041025220671,0.2762114685344341,1,0.07830358617882197,0.10634350753239818,0,0.45165477752672434,0.11124190684889103,0,0.526611889552959,0.07027173996394681,1,0.17167213849974378,0.16436625543195232,0,-0.014108668127403176,0.06308839757679631,0,0.270892184158412,0.14956427255784085,1,0.06809951111126439,0.05736063138896939,0,0.2924819175545584,0.255039900194795,0,0.9035608458654234,0.3880862603898766,1,0.1963910877502068,0.30565795610368396,0,-0.08799246775242513,0.0756112792067398,0,0.9998854032304483,0.6844518959230145,1,0.19703270883109583,0.28744542543414975,0,0.08848009698785005,0.12562168061847814,0,0.7895330361235067,0.4584506437354196,1,-0.06505020985730242,0.0689343359100721,0,0.06462145581504641,0.21614264430708494,0,0.639234457024304,0.21539453636696626,1,0.050787157035856755,0.05091190950928114,0,-0.0208644610083945,0.13531006535378665,0,1.050980355530006,0.5793219466649394,1,-0.038451244081473546,0.09571713474994674,0,0.03172409694583181,0.13950215696897944,0,1.328607981092801,0.47562321672480606,1,0.13070999660927032,0.12377133469616329,0,0.0665942609393136,0.1367701888885941,0,1.0743719793780564,0.5420960673285284,1,0.10613501720918897,0.1375608997443765,0,0.20705730822719742,0.18528994576076496,0,0.7023484225660426,0.3420291006164989,1,0.013414648250848638,0.05588083073256933,0,-0.048065135222968604,0.16536317522195554,0,0.5515017525523449,0.11731311525444259,1,0.027761791966577975,0.10916073392033443,0,-0.034632629303166865,0.024261098054110638,0,0.5810055991952763,0.33886658869742436,1,-0.0161784460620003,0.0701695042574129,0,0.3316514152350257,0.10941376594157048,0,1.1186721166139126,0.30317887181490355,1,-0.003456719257179661,0.09047206744021154,0,0.36631308943166546,0.21190641331383378,0,0.874180754944249,0.40403207912821565,1,0.04471692943848057,0.2344342019948528,0,0.014265859043600598,0.2856078500065671,0,0.6285442294060365,0.5499343545161035,1,0.08891316222731419,0.2523308996227047,0,-0.031318820731484794,0.08270250968716412,0,0.951141993862986,0.26790825987141037,1,0.22263235134283868,0.18544014657476637,0,-0.01753177389038093,0.10675010421770602,0,1.693280254182262,0.7373209339056,1,0.11992282439154736,0.16392265116711988,0,-0.08974524940394533,0.04773981083260707,0,1.1507817430601304,0.4043621615704914,1,0.15595785320938288,0.14022117084730534,0,0.03280353875703509,0.23388232666006684,0,1.2671235910311256,0.4395542692328045,1,-0.04398541541042461,0.08148563928263387,0,0.1575505838453196,0.12653667131049087,0,0.6884292186798909,0.18701175078426624,1,0.06887822298372658,0.11508556742600075,0,0.10050403050190193,0.08359413330730533,0,0.7161931315196417,0.2292195995424525,1,0.0930125605382925,0.1265062326294213,0,0.029774616367597862,0.16793377948309093,0,0.4707153778107596,0.2648573876687669,1,0.22217657883868275,0.2221521288496014,0,0.25452321150419577,0.14687936238107857,0,0.6254144979380023,0.2507583591552345,1,0.10484187520038943,0.0635677955892105,0,0.05523795278656801,0.07785610014461551,0
125,250,0.6,svr,0.325201469699928,0.01967481536857828,0.054002859777644685,0.04775291326320666,0,0.251296692411273,0.0928592970728413,1,0.13291454817118198,0.07751940491043298,0,0.1027753605013552,0.10498982218884592,0,0.4189446493181501,0.1732389274094319,1,0.09678888896513826,0.05451948650812149,0,0.16862261242263896,0.06935784178256418,0,0.30005750169178586,0.1849164324374937,1,0.10492529756299133,0.12646716962306925,0,0.13781973938436834,0.06869121577417395,0,0.4097544725676179,0.09027485838501781,1,0.16873118601294912,0.07824210086446452,0,0.0923014164504614,0.01658703748164294,0,0.1808029744564946,0.08482933111353025,1,0.03434490193539014,0.13024091326835613,0,-0.03052030214441357,0.09225885976043798,0,0.17843054049652482,0.10381772342814166,1,0.2945417044310325,0.0958308792192019,0,0.2110837972098431,0.07722457297670557,0,0.14395697842733726,0.04849852544718737,1,-0.004809868518296725,0.022407635030323777,0,0.022698317958451737,0.035248927983322714,0,0.23411708878018828,0.1711918922756257,1,-0.0030995709323421356,0.04616406235186747,0,-0.008811063767920443,0.0321822163723024,0,0.3484937204875361,0.14348980802086966,1,0.04493279454314891,0.05725122165313554,0,0.09970025771730007,0.01366461406146923,0,0.3130300097147228,0.05260548895448243,1,0.20984761692004486,0.043252247048520966,0,0.4447275466441205,0.09201465747158503,0,0.45038266789538783,0.1269438676276619,1,0.174110718988291,0.06579632005191668,0,0.12905444902884838,0.10804502602835227,0,0.19008430268936333,0.03349311374972646,1,0.19476083587692178,0.09417496635948154,0,0.03533080516629356,0.08097310187910325,0,0.5358713574969922,0.12554354709593724,1,0.38440622697903226,0.17579746328404483,0,0.0298355025917748,0.10691949192346172,0,0.012640357012012859,0.12730195024868773,1,0.08032723365088275,0.01653974926006412,0,-0.015345285586742776,0.04147865460535417,0,-0.028284365020495604,0.07192231003499246,1,0.0007768812247064161,0.052076339236289584,0,0.07040095681135627,0.11530422624756743,0,0.22370089516404779,0.0846262266216094,1,0.07660477177743014,0.05366021858862245,0,0.2460874599038584,0.1007907096835249,0,0.2035719948358834,0.09237585731144932,1,0.005211652203013001,0.03470017807792834,0,0.04989888716386249,0.06114775212868906,0,0.30749724776202497,0.0868978358497135,1,0.13947294550227846,0.03008387936565289,0,0.03685958232884691,0.047087514230978865,0,0.22013819375910101,0.043832581511680326,1,0.18573154865809008,0.05602192986417093,0,0.1820285105778136,0.039645065403225654,0,0.125695147859893,0.07283649594286674,1,0.05720886137974583,0.05491606252412168,0,0.19935996147473953,0.04655273711728373,0,0.18454006156740266,0.0985000047388008,1,0.13568640660395756,0.06021205804320361,0,0.15982993503071058,0.10552658135986165,0,0.16462248440161914,0.07441557879375345,1,0.11855539766775844,0.08067412209768629,0,0.3669236218654829,0.14453637660338547,0,0.4044519728211181,0.1562432303920243,1,0.08654838846686412,0.12423373217257992,0,0.3070869203359033,0.1281713949134679,0,0.5147027123233461,0.1504908621386254,1,0.22431838656677822,0.21002450375197826,0,0.10872770359971731,0.13583847267433063,0,0.1215376196281895,0.125053178216195,1,0.19277921912935678,0.10545011810582902,0,-0.03412944831822336,0.05116680812603138,0,0.07958034702141263,0.0724354589775777,1,0.17483409730124322,0.12001677109547723,0,0.1622110559427682,0.056367561453645715,0,0.24472649153374765,0.13375263798738246,1,0.2139285557630289,0.09202327172506566,0,0.07177247663179269,0.10135674002592136,0,0.19946071563365428,0.06265842767825278,1,0.15438003095378533,0.025564271273976473,0,0.17013376451621048,0.09359897516866969,0,0.12910077810530315,0.023997046770941784,1,0.09364194173140598,0.04632217759176968,0,0.13846769987873692,0.08675444734685045,0,0.18655273126208152,0.14854534672174696,1,0.2589647197323536,0.0881804632467314,0,0.20090026717554582,0.09712417613450805,0,0.3161600956593468,0.07085652733032596,1,0.1861925979836085,0.062973839122059,0,0.09141172385192083,0.045130324447927264,0,0.23268241221147448,0.11344289707795661,1,0.11809335595354202,0.07412452015356899,0,0.0908148115417802,0.04065420567736842,0,0.2548780243127574,0.028399085201399582,1,0.0684871323690991,0.0651260767931726,0,0.029522556085012825,0.040223515427656176,0
125,250,0.6,knn,0.40802675934869564,0.07697812734059947,-0.7156075237190663,0.8044450949537036,0,-0.9016110442854333,0.8780689260027469,1,-1.3738596596568498,0.658146147595089,0,-1.4164277546632391,0.9594963415051339,0,-0.8990243663277011,0.745553382027135,1,-0.5541166040659218,1.167278167719749,0,-0.8801878949080084,0.9787094899726754,0,-0.5260509428214366,0.817971703253516,1,-0.754386863420587,0.2257998319607091,0,-1.1949465219295146,0.7763971314881623,0,-0.1922794694434176,0.8977776639983059,1,-0.3046853179813961,1.4357080579881785,0,-0.21998664429163606,0.8067756742272959,0,-1.1716088781230163,0.8599490532287413,1,-0.8856177661613194,0.8074396999043042,0,-0.24013624364785188,0.8053835353694643,0,-0.16931159074756105,0.5190405692933369,1,-0.33214700328792457,0.9899309375511174,0,-0.6939257145230752,0.5446788375568434,0,-0.613457311372523,1.2765236506372395,1,-1.2180535712411127,0.6619593867237206,0,-0.5690987963384404,1.1480190483946964,0,-0.4968855231151009,0.8666056376304263,1,-1.2467684719065162,1.308661793074973,0,-1.3296286663499512,1.1884952627845256,0,-0.13450164312104432,1.6312272376003951,1,-1.0280270042807858,0.8386249354511877,0,-1.5803755216836837,0.8358392202930309,0,-0.1346106942923889,0.5245273023264395,1,-0.10931918708051858,0.3787120155493354,0,0.016709041182383068,0.3064357884631326,0,0.3759909266291003,0.8525948289149095,1,-0.960276100654918,1.2604684413494074,0,-0.6425049192752522,0.6143459004342486,0,-0.6564629043486635,0.05936117778792791,1,-0.6008723812970402,0.9870338892895313,0,-0.8054313889375763,0.7937876382220997,0,-0.6848970269511658,0.8531245833208185,1,-0.819902387163482,1.0626497511912343,0,-2.1070510313590862,1.5260712474195939,0,-0.8233476133851493,1.1819854073166023,1,-1.0370821314686336,0.48753815103566367,0,-0.7215380115333614,0.6823107999080336,0,-0.5971149366471764,0.5054899652770933,1,-0.6505350560886458,0.8998670538893464,0,-1.1267474879594424,1.2684857423548652,0,-0.6997306813217132,0.572851931805532,1,-0.6695068587270202,0.2371612314390468,0,-0.3209761642316472,0.40607977516458715,0,0.05916494823014229,1.2215111714464526,1,-1.112559262680239,1.469618214825169,0,-0.937512132648405,1.8379148910834344,0,-0.0821225338456923,1.2146508285845514,1,-1.2284635112203626,0.5783907151071854,0,-1.1317529124060974,0.7580286924783787,0,-0.5104359865845417,0.779541101004902,1,-0.6428323704572007,1.1343435002336957,0,-1.191874606026667,0.6652302385619026,0,-0.3235709019148411,0.681039215415196,1,-0.5285982767349412,0.6841495013856268,0,-0.3408733993848815,0.6344537149118992,0,-0.7804328111569492,1.1938623593929716,1,-0.5566494055898372,0.7421915309303679,0,-0.706251968030377,0.7552929016151416,0,-0.9990584662651223,1.1749820501282509,1,-0.5968256022981684,0.4486130232149442,0,-0.28490540603325787,0.9345018870268132,0,-0.5213389259109683,0.9352178208668566,1,-0.6114058286879704,0.8308865704660567,0,-0.15013136828097218,0.9067204690095978,0,-0.6618459232384694,0.8790212730715089,1,-1.3808343554564007,1.3291871083616655,0,-0.31846574448647313,0.9087938081249407,0,-0.4585320354123358,0.9447572591342567,1,-0.4392585200614155,0.8337491741624483,0,-0.6913062224881049,0.9363912810552878,0,-0.8739658236310565,0.6375519929876388,1,0.07563411857874941,0.7746368276744964,0,-1.0229492734415977,0.6311580362703665,0,-1.0983438167761908,1.3532026058578837,1,-0.7278273767698389,0.5277358228380395,0,-1.0701927944065783,1.0082354840524042,0,-0.7747622159996364,0.9957112915875058,1,-0.8413473260709694,1.2475035685480675,0,-0.7480203004131731,1.136171617304145,0,-1.0837775145757558,1.4110209247825638,1,-1.1300758146687568,0.7191451536951073,0,-0.1235629291409291,1.040395182231336,0,-1.3638371915514962,1.3591046400184172,1,-1.086917719101526,0.32784045625825475,0,-0.9021722570269703,0.666479611235949,0,0.025229062320076823,0.8432382979722192,1,0.009987807751204641,0.9611375207013446,0,-0.4963834113025712,0.8571719128008716,0,-0.3311457591438315,0.6370372666254651,1,0.06318340868436453,0.8934969929316756,0,-0.6478330114656548,0.452843166287398,0,-0.5370607828830918,0.5126619463751796,1,-1.0047866625259712,0.4216953692115259,0,-0.8265547679948375,0.7119306487333856,0
125,250,0.6,SuperLearner,0.9583196737759041,0.006179118028880431,0.002579022753915973,0.03524012981455618,0,1.9948688767903135,0.540206017354057,1,0.011927517685256317,0.06099102572463497,0,-0.002130982832052051,0.030577485263223375,0,1.6799285780543762,0.6148144290043662,1,-0.0018585486097968222,0.035184125016281216,0,0.015477382272215599,0.022790691521889853,0,1.9764932626981797,0.46218052925179653,1,0.02211964980435689,0.05640243846948114,0,0.030357471491065286,0.029597999088553713,0,3.379192831249609,0.5351071037730086,1,0.09358734537810427,0.04991306398615268,0,0.00033049847962945825,0.034702352389071225,0,1.4049741004155591,0.29770892212669864,1,0.0714793298200487,0.043554430986320274,0,0.0775808367878594,0.06472172788721373,0,2.1622459719340754,0.6178751435778854,1,0.022899683181816607,0.06313406552428977,0,-0.002550604528759379,0.04511962491303165,0,1.2203258067932963,0.48262557908806447,1,0.08179191911211783,0.09873333475280599,0,0.018435706256866736,0.05128038699527485,0,1.6764484162272209,0.3376145972401025,1,0.014164989109363629,0.019290068975970315,0,0.020569492221257424,0.022708434082684484,0,1.929548056837985,0.32409327665034615,1,0.01445805371616068,0.069551209709822,0,-0.00500194778660826,0.04131758027816306,0,1.4309241080925312,0.3463980466096178,1,0.08129893290328309,0.08989819583821453,0,0.06324359905640178,0.09526738053431091,0,2.0030593736149243,0.6103744871598319,1,0.017142348493610567,0.031475595276633885,0,0.0010438206963334807,0.05075236584087255,0,0.7385079178919834,0.25523546721956397,1,-0.009967383221271772,0.03839195817590977,0,0.02758623474878542,0.03811932680552986,0,1.5761097807855486,0.33923072808835225,1,0.05536034146511061,0.11997189258271826,0,-0.0030526222272694577,0.062478585435444316,0,1.266152842087674,0.3641068184146405,1,0.0034509540244797216,0.05028218706040673,0,0.009417710941598437,0.025183148216387015,0,1.2555639227861977,0.3059126687700273,1,0.0027142238319943584,0.024643038821082923,0,-0.006317315651540546,0.023988832308050042,0,1.146672642615781,0.19132353830365809,1,0.03517246813231025,0.03822355319397262,0,0.08891541218392603,0.05535160152242937,0,2.427884628847182,0.4748218033710756,1,-0.023077739025413997,0.04233176289725754,0,0.02883799680523854,0.035817745909781554,0,1.96448018044725,0.28137346387076684,1,-0.007439643821708847,0.03869072011395855,0,0.02141435443288233,0.04181416579613524,0,1.6982709270959968,0.6600732139213494,1,0.005444162225910742,0.04499917979685996,0,-0.018734561077948502,0.055652973495355314,0,1.1040478058823076,0.381086650429148,1,0.0026381722318469707,0.04912355334325969,0,-0.02792908841179655,0.018937605938918682,0,1.182455304693723,0.21016305964842555,1,-0.01734795669585537,0.04328945672990044,0,-0.004353411955143176,0.024413782561678195,0,1.4031800325764745,0.37593145278311196,1,0.01855043144715303,0.02063229524972829,0,-0.005146918080194683,0.045196496523179024,0,2.511250939299881,0.6069883491657553,1,0.04647775950285675,0.04922829312730421,0,0.03178847201402986,0.0515216032845868,0,1.6887817469350381,0.452153650194314,1,-0.031117864633091675,0.05618074784152428,0,-0.001554435473072549,0.06307645714042079,0,1.3990609033059918,0.4570041732338039,1,0.13628943789730913,0.15293623059060196,0,0.16967965736656396,0.14327250075153763,0,1.7273520118296808,0.2617196230292047,1,0.039865381102228904,0.10599011184705263,0,0.08628572844008146,0.07421982135303676,0,2.044981701913464,0.37741310923247207,1,0.07938462318150703,0.0747324387582735,0,0.23282516813408635,0.10623560054304435,0,2.0421293752743566,0.6674546130097248,1,-0.03264897428429227,0.08235908571866281,0,0.016283228659624,0.08662016307741008,0,1.932508139815532,0.4721590272707626,1,0.005851477423917102,0.05042963405024611,0,-0.008690761130198225,0.015047917724385395,0,2.4241277651963467,0.38334337324072376,1,-0.002055936954291235,0.058771547666119285,0,0.06691608086776622,0.05196618017782082,0,1.57334735586226,0.3841551052565913,1,0.021802033793395535,0.028632396687800148,0,-0.0016194999728376478,0.019246156768039212,0,1.0491228191191677,0.1955775901326858,1,0.13072647279596242,0.10926294937135536,0,0.02248743502476855,0.05998696715023413,0,1.0976330699864445,0.4137397549597538,1,0.06478443543813951,0.11953853639956241,0,-0.0038475352323028176,0.02191601317535021,0
125,500,0.6,lr,0.9758924458314908,0.005212278817761346,-2.3304065786452362e-05,0.004566435196033067,0,1.8710334614430884,0.16385224277599622,1,0.05802746332537793,0.04961897119682721,0,-0.007874661878539359,0.015342936585279753,0,1.9449311865220071,0.24365939121031047,1,0.005127485031716122,0.0057623956482441676,0,0.001392136134972486,0.0031911029858627746,0,2.1544506104233845,0.2546948033851301,1,0.006643653336720042,0.007204564958065159,0,-0.003805694463796578,0.019782014334877987,0,2.5845576994511554,0.37070992871581027,1,0.024084991100392743,0.027222804521830207,0,0.009075110250972917,0.017932730726523224,0,1.9167363787503569,0.3382581604648126,1,0.0004416391385577534,0.011621109822025424,0,0.0019610448383353364,0.002322029074708127,0,2.0845110308355013,0.16501875327681978,1,-0.007506704697631844,0.013559180530932484,0,-0.003593027253442954,0.01561144638862979,0,2.29648501689217,0.2582466462493107,1,0.0027701731522710438,0.016557458266202967,0,0.003516933309718523,0.01772365331107364,0,1.2643250570918834,0.1977864961892149,1,0.030430753064267423,0.013770541290410616,0,-0.0021518751374849385,0.0072047055944476,0,2.5693386089059027,0.4062339870986736,1,0.0068374739808806624,0.01247797545663052,0,0.0014706412624182208,0.004491265310275648,0,1.7997177504045616,0.15564093930367795,1,0.000332511463985263,0.009801436950294427,0,0.0006088074751707829,0.0019257965038226694,0,1.5466570312368009,0.3328629649144584,1,0.04743417884199343,0.022852677305585222,0,0.032123188270237225,0.012638031868160234,0,1.3828421753275015,0.21526631189602963,1,0.00836240698244984,0.003197520407830479,0,0.002621547482699746,0.010284731418198217,0,2.1262282491984266,0.4940032525886696,1,-0.005275302479479765,0.03549187332471328,0,-0.0004311866237360892,0.0043840781759877335,0,2.056532123903756,0.26078008964605026,1,0.036198011714868715,0.030389408393951284,0,0.038212062405078934,0.02422035932779878,0,1.4512328742298284,0.13183681973300734,1,-0.005413630660899586,0.011433665842667822,0,0.01385782094671673,0.009686613959018561,0,1.4274811916608878,0.23567957837115075,1,-0.006509415596714684,0.00934793306925428,0,0.00820303240235771,0.014819489717185217,0,1.7359820319160453,0.14613329514729137,1,-0.0171941208283213,0.026040942480615642,0,0.009625829677132502,0.05505716772172129,0,2.5762110980915365,0.2848028918965656,1,0.012725727545489623,0.027615886922709415,0,0.03870248007020348,0.04949364614778491,0,1.9428016212120327,0.27329226317606387,1,0.02469248382143294,0.035844252803643506,0,0.013025127426884608,0.016956716305268443,0,1.3055489548327455,0.09599522565257264,1,0.001544384943368695,0.0020099677849073384,0,-0.006080171052996261,0.00894932632704952,0,2.650078945099667,0.19367731482965642,1,0.001998275090676698,0.00381347637660925,0,0.02141249064238602,0.010657651193360262,0,1.7712673928640015,0.1772204316858908,1,0.009956493827531873,0.015474799303092727,0,0.0034859240479345583,0.02730268605312242,0,1.354810711145694,0.1982206690514809,1,0.024319769835438536,0.024719648137510403,0,0.023079106973883667,0.016273147410753825,0,1.8404499942608574,0.15401375337558523,1,0.021934417775921925,0.018963854933756873,0,0.001584433051159992,0.01947219659527539,0,1.5757915416171728,0.2634278305865111,1,0.02876947470219638,0.02409124527905997,0,-0.0013904239364715448,0.01282707959284254,0,2.229596634716244,0.4243377805364054,1,-0.0008347284894847287,0.024745830960836636,0,-0.00013863748127670422,0.010558503293167322,0,2.2748254825578242,0.43363979535858943,1,-0.0015210749180795571,0.002828297032869656,0,0.002654417161620095,0.006804556845629395,0,1.4518913929458095,0.298854339696365,1,0.039366957951547404,0.028366397678990064,0,-0.00842547835709869,0.010353307520125869,0,2.531509804711265,0.4928853494977557,1,0.0198476485861237,0.027151898761673683,0,-0.005135147350322766,0.00594141359489285,0,2.0219758449940493,0.3770674130908332,1,-0.0018435983733415707,0.01012178511426237,0,0.00231239564415892,0.011315933583567311,0,1.8775731593163592,0.3725008321174258,1,-0.0020971276840081538,0.0025588394924069076,0,0.01574210956147859,0.015541472420111328,0,1.8704577783273106,0.30339378945920176,1,-0.010056559874227216,0.013167838044309427,0,0.004589389377256639,0.008425255430228757,0,2.1745213547551994,0.4956581588463368,1,0.040001291667098884,0.019277451040103876,0,0.015392038451607318,0.014221132913440286,0
125,500,0.6,lasso,0.49203106645620664,0.01824209657025415,0.0,0.0,0,0.2405945555860291,0.11073559217676818,1,0.0,0.0,0,-0.014093157515704818,0.028186315031409635,0,2.915024892208808,0.18525891537853093,1,0.0,0.0,0,0.0,0.0,0,0.23875298635567338,0.11832129391005114,1,0.0,0.0,0,0.0,0.0,0,2.325074626192021,0.5072797681977622,1,0.0,0.0,0,0.0,0.0,0,0.18102971961520398,0.1691635574491956,1,0.0,0.0,0,0.0,0.0,0,0.055339520733216595,0.0788633727059255,1,0.4239900947879174,0.3577288646926367,0,0.12403235112937797,0.17003579166130417,0,0.2881701874954472,0.3158011860696601,1,0.0,0.0,0,0.0,0.0,0,0.9698513943216099,0.28049588395984903,1,0.0,0.0,0,0.0,0.0,0,2.596339725250444,0.3555369308937099,1,0.0,0.0,0,0.0,0.0,0,0.2477816754304329,0.21134267848920904,1,0.0,0.0,0,0.07292430790817953,0.08980653814443681,0,0.35121121250049014,0.22907735789536748,1,0.0,0.0,0,0.0,0.0,0,0.0,0.0,1,0.0,0.0,0,0.0,0.0,0,2.211264058977325,0.3928234011891978,1,0.006055561708558329,0.007460405264191409,0,0.0,0.0,0,0.006799497534717006,0.013598995069434011,1,0.0,0.0,0,0.0,0.0,0,0.005480143943618643,0.010960287887237286,1,0.0,0.0,0,0.0,0.0,0,1.912859157457407,0.23721889993848375,1,0.0,0.0,0,0.029915629751239625,0.04419508797459014,0,0.32936122533127127,0.17413945749372933,1,0.0,0.0,0,0.0,0.0,0,1.4240393170583663,0.5074543075368628,1,0.0,0.0,0,0.0,0.0,0,1.5811923317476198,0.40423923289614533,1,0.0017982231336997642,0.0035964462673995284,0,0.03331924575712765,0.041599616525655074,0,0.0404818238182449,0.05156990784678818,1,0.0,0.0,0,0.0,0.0,0,1.549883666066931,0.5319842518724279,1,0.0,0.0,0,0.047190747152325616,0.0902914983260636,0,0.5462338935213014,0.12466800686285437,1,0.0,0.0,0,0.11840353736313439,0.14542947632171974,0,1.281013319123236,0.18784752824925516,1,0.0,0.0,0,0.0,0.0,0,2.054580344837716,0.19346653664027014,1,0.0,0.0,0,0.0,0.0,0,0.0,0.0,1,0.0,0.0,0,0.0,0.0,0,0.12467648572328613,0.09521265274085357,1,0.0,0.0,0,0.0,0.0,0,1.1221177318117417,0.4345336813161788,1,-0.021047274407464303,0.10802889160915831,0,0.0,0.0,0,0.03528865037399835,0.0705773007479967,1,0.5594238017546821,0.28694177819546485,0,0.0,0.0,0,0.4509029769007921,0.2933464128458063,1,0.0,0.0,0,0.0,0.0,0,0.014973470384063275,0.022207725301520428,1,-0.0021767985418276086,0.004353597083655217,0,0.0,0.0,0,1.8411265467880302,0.32931384156455223,1,0.029823711801624953,0.059647423603249906,0,0.0,0.0,0,1.193142479302268,0.14056173835536556,1,0.0,0.0,0,0.0,0.0,0,0.02379048441365933,0.04758096882731865,1,0.0,0.0,0,0.0,0.0,0
125,500,0.6,dt,-0.39381579929127325,0.3242842804622275,0.22895917703776006,0.6482081755214242,0,0.1855898402056007,0.4547388833683008,1,1.006157731380407,1.5426891050556266,0,0.2096708585031482,0.3719855033117448,0,0.6573696818569246,5.032116160483384,1,0.16692968260232172,0.8575409770889637,0,1.0681706661319985,1.74251718740062,0,0.32037569777968544,0.7774643074545077,1,0.52937815169894,0.7791575089030365,0,0.08429314139672002,0.26404567169964455,0,-2.672777790947128,3.761431059784508,1,0.24348726545656652,0.3495086617199829,0,-0.1945823885219058,0.5165748353702957,0,-0.3752185612937724,0.6998879651555728,1,0.6472496392637271,0.9069086534047864,0,0.24220169281322795,0.3067452494990297,0,0.5480658345429963,0.8759061734064398,1,-0.28745775198451307,2.9039470485415366,0,-0.002602026206518726,2.0319738614830034,0,-0.1179981837753978,0.2048132768463481,1,-0.1254945442629165,0.8879568900049774,0,0.8451912033973435,1.6775913113618417,0,0.3285515927145862,0.9048587252076683,1,0.22728735800718325,0.6207974854103139,0,-0.004952104870753088,0.1443215398740151,0,2.0124285019120096,2.2694946090040267,1,0.5030844336048453,0.9498328076961684,0,0.1840041563829281,0.7439815426170217,0,0.5166912969965503,1.088498430903956,1,-0.13230614862605528,0.22181304384798592,0,0.1906485966460296,0.6476641107459086,0,-0.044940817061479676,1.7405473271248082,1,-0.2938074913704158,0.28715251942447384,0,0.20773279114014037,0.4354022184597579,0,0.2496401481708992,0.43325532112427206,1,0.3530005655443659,0.36710466736576475,0,0.06666321612539372,0.2506573425781356,0,0.4475434954990848,3.658935837381121,1,-0.6688765345566614,0.5177700745297742,0,0.2984353773171888,0.4056246711363324,0,0.010800044794100813,0.060743953132943625,1,0.7905748878982501,0.8831731525268008,0,0.5423055416709843,0.7543856751756335,0,0.2330633776132426,0.4644501265524624,1,0.3550732191307722,0.5126254959987567,0,-0.05706541317355326,0.2020214734577318,0,1.3513311032536204,2.116131943226064,1,-0.17028887442070223,0.5981796989322684,0,-0.6380648603823857,0.5330236559202124,0,-0.20310805453451025,0.33812294751885374,1,0.05092563620258637,0.1406381750550163,0,-0.32793473378389004,0.33428539154304443,0,2.2438084262702462,6.042519192701694,1,-0.6606138478907796,0.5498104801105018,0,-0.17180673144845832,0.8297873427754157,0,-0.1752404236421013,1.3066636144971109,1,1.1024375074945634,1.657414085764482,0,0.014427225572545005,0.4428242276051927,0,0.5135825886076523,1.3590627996508695,1,0.392709269190441,0.3323691125492044,0,-0.27489449404811495,0.04570003437245643,0,1.0847741295369255,2.587540166415116,1,1.199119947078033,2.1223372670400176,0,-0.3331298440808409,0.7508657144842338,0,0.01994242522251699,0.4121105965883645,1,-0.09984009983047568,0.16374531390663694,0,-0.0833206791673806,0.3259019359310376,0,0.15384696340670695,2.499904037504955,1,-0.6445999398646177,1.259271111045146,0,-0.2197563764546802,0.8979398493277775,0,2.6185263217777406,3.082487746166551,1,1.6122539946342116,3.1197274333816885,0,0.075312982340308,0.24477678100770475,0,0.29811594296609567,0.6203592705811452,1,-0.15931963892006623,0.5748121547887745,0,0.35850906809865846,0.45362504518045194,0,-1.4852695531015678,3.2083515089917145,1,-0.5219749075133578,0.7782614170784977,0,-0.16948442366285688,0.3264610603266284,0,0.38055903317284273,1.163288695250768,1,2.2214453725852876,4.854939013656025,0,0.3464386813231507,0.8412077239225015,0,0.030075523524275692,0.17858542080119058,1,0.9054088052758352,1.9362851454734002,0,-0.14571636805957996,0.71860190228025,0,0.3700492706388038,0.3055848545408679,1,-0.15111440882564184,0.29570022963261244,0,0.3662550281146029,1.371074253496922,0,-0.5714114574668138,0.8489185427020671,1,0.756793055310772,1.211615747900873,0,-0.054540381228261846,0.06732153388213201,0,-0.1535982120159072,0.2044344371295818,1,-0.002643136728130835,0.44129309343802575,0,0.03578435733686501,0.16840882097070145,0,0.5095516900297913,0.7418717810708039,1,0.1682032803959423,0.42023998410825764,0,0.7949840935096096,1.5554386955916077,0,0.24613213164450806,0.34605378253372554,1,0.07501029935813841,0.21966867317819438,0,-0.23710570578412277,0.7587999685653516,0
125,500,0.6,rf,0.3956980241989972,0.047815680413079396,0.131861921067165,0.06861724244854911,0,0.215067462481966,0.2125386045597342,1,0.13569897305285922,0.08901746371315576,0,0.11485653619981644,0.1929049500356462,0,1.1566244434099808,0.3260350433840843,1,0.08975452322764929,0.09461312985519468,0,0.3164602800810724,0.192950433495811,0,0.35176748614753384,0.2438974088932118,1,0.057506319916431195,0.06708059790146655,0,0.07164045332293016,0.0734718907608268,0,0.9102357991887013,0.23714115607904726,1,0.05201886900972593,0.07112978422946437,0,0.05915017915060885,0.09945631196298961,0,0.1513303702457483,0.07640140409658461,1,-0.0012004881096847858,0.09132860042973573,0,0.0725118470568665,0.09954817203275677,0,0.16257650172459845,0.08622811010139267,1,0.159339915991268,0.1781587773109126,0,0.18486826445321308,0.06108929977409175,0,0.1741855710997017,0.08606739142296532,1,0.061558678457348734,0.16416031402701584,0,0.072811324200038,0.17405482423493387,0,0.334186835430753,0.22545097612119097,1,0.13790870542661945,0.15088211762353065,0,0.06000017946953575,0.07891008665440401,0,1.3659696186846537,0.33891579710283376,1,0.01953357594800947,0.04967443826835057,0,0.05390670239450311,0.0433073290966086,0,0.33090807661937477,0.14073298977032928,1,0.0980191719510095,0.09116644601696762,0,0.21027304205312083,0.19871703406929328,0,0.7773546715769587,0.11403552186866987,1,0.03721814204663112,0.10776983902632101,0,0.028110562054506134,0.09989391973186064,0,0.11199503310614103,0.020071145951347766,1,-0.00839930097539964,0.038798452395896264,0,0.04558893452330248,0.06658461722029448,0,0.9353560683188515,0.2017594885500892,1,0.1387219389509307,0.1605742565073977,0,0.059651250822199575,0.10351295362982658,0,0.19930760252515708,0.09246596468229872,1,0.06363723195449562,0.045138579718495955,0,0.019646165886705542,0.04122351359273091,0,0.1471216705100499,0.08118919014688347,1,0.06409023832529019,0.09367007375138801,0,0.19966868475232702,0.06555161102650467,0,0.6702902260059347,0.2978853999960573,1,0.05231889578545581,0.1412456476057082,0,0.4164692953611492,0.14638697267338885,0,0.1918269546958634,0.09759783410576921,1,-0.00949583060104452,0.0552754211281704,0,0.04594128286095746,0.10334974523720578,0,0.9818465945016598,0.6424410671546742,1,0.11022085018090047,0.14695802459180382,0,0.051470373779623546,0.09394303604840391,0,0.39434552883728013,0.13447029427401505,1,0.08167567309834288,0.09001746332049906,0,0.14559346364261663,0.09419378785152133,0,0.10560240881072466,0.05922360034936202,1,-0.0173290487952128,0.040581695715987846,0,0.04026714378879861,0.11073141588531636,0,0.6337900056947965,0.3279919665792701,1,0.07581383386242842,0.12467501899450459,0,0.08022264914226224,0.2132983519580532,0,0.2737362719596106,0.15358989590055686,1,0.04364035377178185,0.05996317644928576,0,0.29343567759467853,0.11434572336985466,0,0.5228451566239485,0.17358159134956044,1,0.0446097506119106,0.1629649856628309,0,0.1054963450161317,0.06996921714704427,0,0.8915730343770752,0.21991924285372674,1,0.21672689170098286,0.27048943921299173,0,0.06798470831615697,0.043121271837945764,0,0.16364082115539674,0.12217986214765653,1,0.06090513921643188,0.06056419144921203,0,0.00795337129655431,0.04720029790743352,0,0.11236845139615859,0.19934723347494407,1,0.3421779237133554,0.07442603904889179,0,0.10639246947187853,0.07960420693973538,0,0.5124473262773797,0.179912617770578,1,0.20160559806813821,0.31501579131259533,0,0.10149083288698449,0.13274819330558738,0,0.2163036451501565,0.11199323958061168,1,0.22815060620567493,0.10273301697189524,0,0.0688349268827013,0.10219562733127928,0,0.12244907826938553,0.2061992068367088,1,0.12336554503798527,0.08218587847211144,0,0.061169353053907825,0.10960335746875177,0,0.10484807476827052,0.061363228867518466,1,0.2714955668483697,0.10058899360402057,0,0.09143718055321075,0.09806594380152464,0,0.46319624129834336,0.3539461686582175,1,0.03641130014066547,0.0868990780329838,0,0.06477611449139219,0.10308966138219605,0,0.2614319702387433,0.14081828356049822,1,0.14305120875230964,0.10888825582314685,0,0.21522725512401514,0.08721914559692613,0,0.07788972326648463,0.1102551376261915,1,-0.012807352004652592,0.09338650853537683,0,0.03476483795997787,0.04244933031957208,0
125,500,0.6,et,0.42717022825208273,0.0271405113631859,0.01765051495126053,0.023479140345261714,0,0.22537990772960984,0.1607977138799143,1,0.17527545964787547,0.16556458379323383,0,0.16139277816767592,0.16560000937931615,0,1.5650751840586414,0.0898153848415682,1,0.043284578049986464,0.039078098584491086,0,0.12299567867064407,0.11297012848561476,0,0.30481306602506014,0.08630573159047149,1,0.11738174878428284,0.058917507999160845,0,0.0359219935150341,0.10371067394376418,0,1.2836485680531706,0.19440598081580793,1,0.10594767587348637,0.0925483252017769,0,0.14237855632000013,0.08755767671134378,0,0.19086514053503825,0.1636075670655197,1,0.03654194277016786,0.060240710187350534,0,0.03723895178895269,0.03530708105645892,0,0.10836013143233769,0.10661703015755856,1,0.27362053659720437,0.16888865295892308,0,0.1968211075659277,0.12359876968764183,0,0.2982029410646917,0.06645275595644959,1,0.07393241915119722,0.16513047229115974,0,0.0005407803519025589,0.20652961705049883,0,0.4470333170818927,0.13872224736159522,1,0.14534738072597148,0.14264450455664196,0,0.09500629413849945,0.09594948962973719,0,1.2180772194428064,0.1406925845570864,1,0.035931845981379065,0.060621580896884374,0,0.013351357221531062,0.0888261999597266,0,0.506550377253485,0.10594139454127287,1,0.18111227550903589,0.09253841531115439,0,0.061416653792098166,0.27190587068729477,0,0.3714539184584077,0.20032888980020774,1,0.11196122193385154,0.09206572239006443,0,0.10347987022304092,0.0692820790992614,0,0.0487814239989688,0.09575325178595462,1,0.043982856812417974,0.0739308450536624,0,0.0673393821140755,0.08442366568334603,0,1.0683976765141414,0.3865797458032497,1,0.09458247858526928,0.12982920118539745,0,-0.01633021119725926,0.06841204685253108,0,0.09065165739802908,0.11465656815043475,1,0.07739228526338934,0.06901730901781704,0,0.14071029616313313,0.09887263722494374,0,0.2951643752358744,0.16972414362042965,1,0.07495468559113042,0.07803461916645768,0,0.1869751451229386,0.11099387686423856,0,0.9765234578738058,0.20482017412254225,1,0.023981785134103074,0.07689374164433699,0,0.232022802891779,0.10823936577676739,0,0.3514555853300706,0.15160071338097328,1,-0.006240747912524227,0.030944668329073992,0,0.016698635481301665,0.11952937060294554,0,0.9086503310441918,0.4257045147487557,1,0.15192029766287543,0.17604912046443943,0,0.07705252388952435,0.11027692968393381,0,0.4773601739273577,0.1369895148092695,1,0.1101336597066006,0.11657722949773514,0,0.1349991543354895,0.06807725237694914,0,0.11932230911163466,0.12400386322152833,1,0.059426451338513486,0.06651228345547149,0,-0.007188066230985768,0.1295380297647756,0,0.4730178246576583,0.21174650645368898,1,0.1286125023563564,0.15386552137194467,0,0.11521962465899085,0.21299207798633138,0,0.4256989422980354,0.14264418002235427,1,0.03452880973783086,0.11407280930406472,0,0.28233950349447223,0.12106101142798235,0,0.7001206563319309,0.3358362047663786,1,0.059038276544019844,0.23791686354682048,0,0.10643337271652054,0.0666872228248123,0,0.9830468877862112,0.19544222356461566,1,0.33192408387055616,0.12019889327632022,0,0.0354065137736256,0.06777864878962057,0,0.14540339314116152,0.07381076950949575,1,0.10043421177161327,0.09577250533939308,0,0.03873606307134643,0.05386910799229324,0,0.11428622874303247,0.12384632472619121,1,0.30340937509311544,0.08846116191801123,0,-0.008830495388591798,0.03968318545350433,0,0.48073025796968993,0.216204388866441,1,0.34326034996517596,0.3610574725188074,0,0.14920383885258665,0.140660089141704,0,0.1571806693061199,0.10877325286365842,1,0.3309797126248929,0.11216506648754851,0,0.08726766370643,0.11997039076007007,0,0.13049755017795722,0.1265238159389813,1,0.008116053441862675,0.06845645006535186,0,0.23898613735062116,0.03852182588890492,0,0.09647507721202199,0.07198251873097769,1,0.1578263030065507,0.11594486067108734,0,0.10086455987033374,0.14382795858736197,0,0.39620679746062243,0.31555417152700993,1,0.10444278091613743,0.0936937418541367,0,0.10380459351242302,0.05156230856156053,0,0.30371595645574573,0.14933296667010182,1,0.1494538198814601,0.1992563885290202,0,0.22316513542162322,0.05471464199695215,0,0.10001763906105984,0.08515869486069323,1,0.00549195967058172,0.0789775203471658,0,-0.037820879390835796,0.053562394340644824,0
125,500,0.6,gb,0.567960399497675,0.03343744367940634,0.1169368812766706,0.037981843863119404,0,0.16657853945809697,0.4268900948139171,1,0.28310050945299514,0.3043453584984646,0,0.16031382290473012,0.20989570952496708,0,2.03840072824831,0.2620665929501101,1,0.042110542671953764,0.10457642036403333,0,0.1585321530146498,0.13485474437986741,0,0.5251872899045671,0.19815325532313532,1,0.06953424273295654,0.08701463039735317,0,-0.004299092887211797,0.04287268802519107,0,1.6677548721627375,0.6937792662994686,1,0.09134783297749108,0.09986410059963434,0,0.09609688049339091,0.08024363553278807,0,0.29084457448586915,0.1912997439306766,1,-0.008931685054525065,0.06366928296610616,0,0.016833721398838365,0.03538610521770065,0,0.3343910836821536,0.0620582956909352,1,0.21361286561446743,0.28689019497314183,0,0.15620181482162993,0.19464743548668498,0,0.4556957022713755,0.23127369405624038,1,0.1436147810303841,0.14337167101540074,0,-0.019883930941490012,0.17190817763280128,0,0.4898011163871673,0.34805835907586563,1,0.034778906699747564,0.057900864913213626,0,0.04297463623241779,0.04987471700377938,0,1.9286617456026298,0.5331482146603247,1,0.023361457886943972,0.05127231110789119,0,-0.0529427970038282,0.08819780863869214,0,0.6869362593661364,0.5962159818883426,1,0.05632382845662696,0.023992180786455826,0,0.08137004513372728,0.1987873166013084,0,0.6279649142647942,0.4553924349124286,1,0.09793890908861742,0.17218761514052813,0,0.023959409558484013,0.058573225883219344,0,0.22630615134635076,0.19295890260002022,1,0.032504088653508324,0.07981005474945892,0,0.02380724825305859,0.06084400734877706,0,2.0614606935774735,0.9455333233973152,1,0.09943099103695,0.11611648546653235,0,0.004931619820560558,0.07759899890936431,0,0.3237020704776851,0.22461685798541864,1,0.12676694852177414,0.10226114656270276,0,0.032407647321159506,0.02216451089723626,0,0.5259685586274447,0.24981929101754421,1,-0.009147942798511832,0.11967369514725112,0,0.13354199969616332,0.08810409135756601,0,1.4291654231398625,0.6784895924899689,1,-0.012998621171126374,0.06492005479251756,0,0.2932281840229338,0.1562306287802118,0,0.4817884179571819,0.2827960012990854,1,-0.001568514583637807,0.008278796525726433,0,-0.0048421244329645095,0.045782833843047516,0,2.202710294391009,0.7744261910890309,1,0.1241421833945819,0.1413503238249963,0,0.01636717524776439,0.08022608643984937,0,1.6877603311851612,0.27337658760130007,1,0.11036874697687833,0.16328794616801917,0,0.08511061941696563,0.13332217267420576,0,0.10222046955789003,0.1275238957213739,1,-0.029005906536099173,0.02861930251158107,0,0.00898263644722124,0.06453971618577514,0,1.8697856444068446,0.6254499836958212,1,0.08530539785740995,0.09374571088678432,0,0.1229902065908753,0.20005708937746,0,0.5195488166021759,0.31143770891422673,1,-0.0008863058931187162,0.05126384624125346,0,0.2360527367182863,0.1298896339125032,0,0.34298007595785046,0.30618593081242274,1,0.012246477955251068,0.22685200806307182,0,0.19008316510237416,0.30204669723963246,0,1.8641155789657968,0.5182999218946727,1,0.40858559601352057,0.38626436347911286,0,-0.031021863015007523,0.0432246222996399,0,0.37179021390460576,0.28394617029583397,1,0.02078181426443476,0.055546971904413246,0,0.028543841718853536,0.06426679125317031,0,0.06911687173695122,0.3903501850173132,1,0.17669187232062825,0.05301936490869749,0,0.14886473283080412,0.17986812132559096,0,0.8042761476628698,0.490283307154786,1,0.37728607086090127,0.4663411886184427,0,0.13609739244615138,0.22265685789129597,0,0.38817395359318463,0.14913910410728712,1,0.24443176899043317,0.13194722759506183,0,0.05025358542446823,0.07089473485277928,0,0.6385394089603456,0.31118686126075396,1,0.044527367593346655,0.08506018079790931,0,0.20277587971800912,0.18332817274724922,0,0.2831244226367403,0.1463583912233132,1,0.11406969085079122,0.10298262707535849,0,0.11390997161192584,0.07076610244151488,0,1.0334772783698216,1.1633692223168044,1,0.02494776570198154,0.06002305444746653,0,0.015227080784085884,0.04714982306763182,0,0.5712934355248211,0.17150551489561344,1,0.0751171034545717,0.05627982774238814,0,0.4207338958701019,0.20078764562725082,0,0.2585367322917711,0.21571751219727645,1,-0.0018557697741318439,0.019211462105023166,0,-0.009483503636468554,0.03690262043602538,0
125,500,0.6,hgb,0.5765893890814482,0.04054746047669358,0.05747333408628447,0.1090924317181035,0,0.48028013683065557,0.1848957970743265,1,0.1643616314505513,0.15157614434547817,0,0.14528830756991873,0.2760338018830045,0,2.259398799188374,0.7613480108442153,1,-0.1291512963063484,0.16309594578408218,0,0.1774289553585527,0.10165084003468328,0,0.35100322271157014,0.3370262565650286,1,0.1018856585801369,0.2014250537073412,0,-0.018192220750167364,0.05556783959845899,0,1.589196845163146,0.4382981552239039,1,0.011326678460112077,0.030583877196165024,0,0.15132023486455473,0.14982017615321933,0,0.2951748275065813,0.15832933608775743,1,0.0022305578706648247,0.02988219574906103,0,0.049907860232678736,0.03863720756820967,0,0.431884312641342,0.13417916634103425,1,0.44207510738061473,0.2307621460027404,0,0.04519369881234157,0.11056593204271517,0,0.5432037776798616,0.1792889954663735,1,0.16710410025969963,0.1642774808746579,0,-0.005147821733722646,0.2210393676804061,0,0.5469085205897787,0.14410872860125562,1,0.026736075320176377,0.14073130197776218,0,0.011901453911764079,0.03053637414472204,0,1.8125358272288659,0.6009342361877077,1,-0.01569491538958802,0.028225370946644845,0,0.07382594080345369,0.09107800330801064,0,0.5822031202693969,0.6026132261208805,1,0.14099471813609538,0.16306586367201864,0,0.11113346443510282,0.09145602457361879,0,0.5156223034044775,0.42347536074875036,1,0.016425594589198365,0.04548609417061517,0,0.07190337380083768,0.12561372934513612,0,0.20816235373441727,0.06971498201045762,1,0.06360806868293256,0.04085436174139775,0,0.012307987175627377,0.10537475420406431,0,1.6183407304299462,0.4948604498892325,1,0.057536013160978915,0.027158372198351204,0,0.0183818223356199,0.06144596617744694,0,0.4386024022037957,0.18229608583283322,1,0.06293942970454458,0.07903273516150573,0,-0.006064156929614056,0.07029371930430918,0,0.413972529928885,0.2708449099978774,1,0.10791272764415931,0.07162985895238866,0,0.2221559060560374,0.16666265267321484,0,0.9990411902930987,0.41869333180376095,1,0.014193048080166137,0.1332564106534571,0,0.3328051458276271,0.19966396036323494,0,0.4253868458499321,0.29073668300699174,1,0.014320644506427952,0.00960398956947705,0,0.10762779695650396,0.14357828761604782,0,1.521032198327639,0.9638079704811652,1,0.07937858245335848,0.17906356429089842,0,0.0346580760209627,0.04635426151318761,0,1.3267468866617032,0.12390364857348272,1,0.04914266400350905,0.15411267761675665,0,0.05449480364123922,0.08309316502636445,0,0.042193788962155324,0.06320708900366527,1,-0.0172553826039288,0.11897667775417659,0,0.002848992077542705,0.026566907103770004,0,1.2606900191194828,0.5741143150752533,1,0.16744726149481964,0.19233928063284628,0,-0.029994727153529917,0.13241362491255135,0,0.5919141243820815,0.2743339374208428,1,-0.021485347273054577,0.13279158135217872,0,0.25075748483128335,0.23987791184882526,0,0.34624656921361113,0.24533355638593524,1,0.0675575884055766,0.19672659998362474,0,0.07363209609508686,0.12729037410793934,0,1.5373451329491918,0.29545978790007277,1,0.1031297302728679,0.1739602409058092,0,0.030881221865711704,0.16280483094709955,0,0.4743559895471199,0.3094044125275851,1,0.1343504869163965,0.08249501339714159,0,0.07359523947943297,0.18934268589300376,0,0.20595096691042794,0.3456498195290669,1,0.17470441275252385,0.12395545028107183,0,0.13155708164634783,0.1209840387232286,0,0.6962483715184001,0.18311443454237614,1,0.5194011595866235,0.8163052837663098,0,0.07564858304617106,0.12281911211128735,0,0.4066946124927268,0.2881921638957833,1,0.2278435212473581,0.25846858325377603,0,0.03404663690916896,0.12253034168300904,0,0.4951235346156174,0.28047482762037856,1,0.02716362921804181,0.09131453815799927,0,0.20660730684540773,0.2029186911616255,0,0.2664849042768438,0.16639045472986963,1,0.15805914460156695,0.2326553526510568,0,0.1541315545293307,0.2874675187127499,0,0.8542324543326412,0.5670146948597877,1,0.06771575061762067,0.035256332280663306,0,0.03895587427729835,0.05507052279995523,0,0.5922112427179099,0.18810726431625951,1,0.08559282227673838,0.08979975432128187,0,0.18023256898745804,0.11355781950211753,0,0.5054606064047839,0.21483564893270188,1,-0.034313418702395126,0.1487063377187016,0,0.013166182932942149,0.01803453208586151,0
125,500,0.6,ab,0.4176104530108889,0.0605040961047631,0.15805500102268183,0.22303834815746537,0,0.17022015600322177,0.29955351000276065,1,0.14183547520169446,0.13826714471169038,0,-0.009410793183385035,0.27597484552407753,0,2.1266257536946007,0.5141465776945564,1,-0.051316990275976845,0.059365952647777206,0,0.08628043472645348,0.06480035385485476,0,0.20977440166517747,0.1655226985103606,1,0.012327010816940827,0.04492947053805435,0,0.0253569995352352,0.04748439864165705,0,2.090399461202159,1.0671645240519123,1,-0.004492824101346585,0.00898564820269317,0,0.12061256106689963,0.12813882059916015,0,0.04055292571680973,0.05391630084721574,1,-0.000969641438316657,0.0019392828766333138,0,-0.009367822889753512,0.018735645779507024,0,0.028280465782876563,0.09148785045862408,1,0.12718050480315574,0.5405909525497922,0,0.02737978041680742,0.0394665841014279,0,0.21119238393231984,0.2727285772536823,1,0.07133565593339977,0.23167590589626744,0,0.024261177905908655,0.14102691168639664,0,0.11748290382530331,0.23381407132390078,1,0.11548338067689282,0.2937867200504389,0,0.03712727701265233,0.13870291070526825,0,1.4256986075090203,1.0948033619838335,1,0.0,0.0,0,-0.015028259593565735,0.0192031228851163,0,0.7013048036188116,0.6258248025141218,1,0.10773605832601767,0.20383080543287316,0,0.19972679141363292,0.232345572640706,0,0.3239335952416364,0.13333401804965844,1,0.04898726285989079,0.1205127206548576,0,-0.06198573376734003,0.11549050167661618,0,0.0968231233957723,0.13611358922544536,1,0.05682950768847424,0.10618612465321858,0,0.13831615725836288,0.19297146963302406,0,1.6331837894516106,0.4998030701797449,1,-0.04055868142280048,0.07961305004917314,0,0.08472430578965512,0.10224012775612996,0,0.327224414314942,0.2539876440786063,1,0.01547518048216585,0.10079646133173363,0,-0.02243369255971301,0.03839646121937679,0,0.08884746207151187,0.1636224093979236,1,0.00011995257983584,0.01435845415575132,0,0.23166510857273784,0.16371549064017604,0,0.8971314990740122,0.27470033563435053,1,0.030507499004887684,0.13104717461885956,0,0.48807805512704494,0.16545835196928915,0,0.3674252831264223,0.3957891239942684,1,0.0,0.0,0,-0.019168483252893963,0.041474277315718025,0,1.0560478395033244,0.670198920340059,1,0.19547509179675576,0.20257668039696697,0,0.08184007516428526,0.24820740565619814,0,0.794838457013815,0.6775366021723612,1,0.09737241403615302,0.13140381822262975,0,0.179598158358128,0.16350015272811225,0,0.07134189180706739,0.11470496326371352,1,-0.0039127038999723,0.0078254077999446,0,0.0367334751134955,0.08239862763115506,0,0.8860510501774975,0.5062843297214665,1,0.1609496233931844,0.25283064609886513,0,0.28336426905889117,0.13399642443993817,0,0.9126192771540241,0.34392569092138425,1,-0.019683562688124396,0.0244286787179341,0,0.25855510951520044,0.18238161324585336,0,0.44053487341252806,0.34947375747363296,1,-0.01692357204235414,0.13568521016834406,0,-0.030806655791525944,0.14441631112728937,0,1.3403467827163553,0.4797446964963856,1,0.07297025022138418,0.19730921455088848,0,-0.032088104695260834,0.07414917090080231,0,-0.06428793123803309,0.24841822492999405,1,0.061803346742969126,0.09515532503610478,0,0.07567727829059365,0.16225875253679603,0,0.44839416404882576,0.2936420996020652,1,0.2799191811034078,0.19853496877624258,0,0.08844409209450751,0.22768869708012782,0,0.4418117754375587,0.23937502400537397,1,0.1245093032235077,0.3996280474135451,0,0.08073069673729993,0.07661558282379222,0,0.031791274766370906,0.12790754255499226,1,0.621181071989477,0.22042236963837866,0,0.009757158188506294,0.11232517026941927,0,0.04142285631959545,0.3879288003020448,1,0.12787563290388745,0.13133339586029505,0,0.1669883343897279,0.05650199623777168,0,0.2927403693671984,0.16323760296003165,1,0.10403527121235423,0.13942852624571392,0,-0.04266952374332694,0.19401783149377852,0,0.2294537981916871,0.30376039582176356,1,0.08983156121854885,0.12841848250045085,0,-0.010752135901308819,0.03172828976447653,0,0.2787653917762091,0.2084882037037732,1,0.08323237727810433,0.17933481535179355,0,0.11394662173985362,0.16641668789264918,0,0.1606548020085739,0.3093490671420877,1,0.0,0.0,0,0.010638173180480407,0.021276346360960815,0
125,500,0.6,bag,0.30921292698330083,0.05939067466087901,-0.0957241821178326,0.26997908285853284,0,0.2989714733719012,0.23706517888602363,1,0.2554289997317997,0.342990245461088,0,-0.01625322741429539,0.3229508419500292,0,0.8894292874084335,0.6400206653175989,1,-0.01502398025953989,0.13077437268454042,0,0.2765355743219823,0.2509036710205927,0,0.5056128624437042,0.3158081166360187,1,-0.006217050678958158,0.21927498383868682,0,0.05856476842057745,0.08108541153597489,0,1.0174181542272756,0.7102382306171492,1,0.08130535556827499,0.2574844383433297,0,0.13424199771582881,0.15161498661925427,0,0.28880539201993816,0.4357216260974084,1,-0.1282547976611502,0.15697955510099257,0,0.09489850554066463,0.18036072142615997,0,0.20115237489605703,0.27965101500454026,1,0.2999643553668909,0.4132119840697344,0,0.2921701944005314,0.14312456476664093,0,0.026306908454565382,0.3720045308970195,1,-0.05101642083257381,0.04688157483308604,0,0.0688230824172381,0.10719112953681546,0,0.4030569231661132,0.3874238214195573,1,0.019388621844525028,0.08743910531146294,0,0.10000063444159653,0.09466385896908039,0,1.6210713778565453,1.2719565511705473,1,-0.08049104650062015,0.14555101354602945,0,0.1066736870646117,0.1340939281701376,0,0.6117075282260107,0.4557227288921174,1,0.22378231371810728,0.28005053246540224,0,0.23113560117588533,0.47402298105431756,0,1.0467246740873306,0.8818127772493627,1,0.04500916543209823,0.16145606007585542,0,0.01618101915912808,0.24381643711758896,0,0.047104120428382,0.04294387464058906,1,0.027917128639184486,0.3064131777041487,0,0.0833557341466588,0.2539447722452117,0,0.8823742778812063,0.7747494646378564,1,0.1572443732773916,0.40757745927151756,0,-0.07376566120485886,0.08824586038089902,0,0.24421797826405842,0.23631646097976355,1,-0.040996709042425354,0.12740534037653914,0,0.0793924703081799,0.16630698768123578,0,0.13568037800210384,0.20203884691697496,1,-0.018576745091407387,0.1786838018974848,0,0.3773714925453247,0.5832281983808897,0,0.7346468128579913,0.42804015511763266,1,-0.5098440410601973,0.6560516826481889,0,0.42322656437729445,0.4270134712896157,0,0.3660597757137086,0.3285393945078709,1,0.04656133885330842,0.18222583047675903,0,0.05256444973974361,0.12227742416820879,0,2.00558852488404,1.0091065796569383,1,-0.0037428465008916612,0.3457645115015886,0,0.013557223046485895,0.18563469250972445,0,0.0029453371026634144,0.15534297035314096,1,0.2200440088589694,0.13964757217761997,0,0.07192598011741827,0.24188778756682738,0,0.062148994406004285,0.20018900295771724,1,0.05347710347072965,0.05320124019048369,0,0.11422668118799224,0.4035357316954474,0,0.13585162552859661,0.2379688662800778,1,0.017848415999643152,0.25230419109003915,0,-0.060388446249722505,0.3568685614985635,0,0.3739777515846533,0.18847898249542053,1,0.08040779098486557,0.2789055176908094,0,0.09116617210008832,0.23359296643523905,0,0.38217533270075127,0.4698445247832259,1,0.18273252348617391,0.36450230042615767,0,0.06799438918984047,0.26698096925939896,0,1.259063329479617,0.7176923527931011,1,0.1163747602157084,0.49183520792591745,0,0.20578182708378226,0.25526787658549266,0,0.032938748708126186,0.3718996267492649,1,0.2412234065831874,0.2505218850236616,0,0.059194105211043666,0.17518501306164969,0,0.3137796228140123,0.33380793426580674,1,0.4140563976092819,0.3721148058140571,0,-0.03532650016934203,0.27576700788933173,0,0.7807469174684007,0.16838239898567084,1,0.22681715053849852,0.48757088981637053,0,0.19904201357240559,0.1444918707521221,0,0.29798400581236817,0.32002204861011285,1,0.3243046190841503,0.25815688716986873,0,-0.18620370349214999,0.4536507814079389,0,0.4358633318803074,0.2594580186553842,1,0.149032465872811,0.24887378546660374,0,0.13516264702801,0.32199169152531587,0,0.2264874674229027,0.5234889273850739,1,0.15859388529864102,0.19987618762146922,0,0.11564210489151301,0.2572530167970777,0,0.11610490072569202,0.6002741417840425,1,0.09226373023251273,0.23844339163552156,0,0.06271035107033933,0.4923241767921096,0,0.5553997349055022,0.4700035168419095,1,0.25919089673197176,0.42010043979665834,0,-0.02471791396300233,0.2813217086788423,0,-0.054407801417051725,0.40323101379721515,1,-0.07844267902939553,0.14965273689137015,0,-0.010849239547207887,0.07591200405499034,0
125,500,0.6,mlp,0.9410870144029522,0.014732025649587345,0.09656410482283821,0.07114458365557577,0,1.107485854175912,0.1774695391030229,1,0.23837896710586398,0.11691666543125816,0,-0.010230273233687828,0.06499909183621312,0,1.2735180152571368,0.21601418665855754,1,0.012531336701259216,0.054996678021976116,0,-0.035833594233100494,0.01732887151219871,0,1.6808824066070929,0.3073580598767849,1,-0.008441008446018066,0.0571183847748045,0,0.0072858180246186425,0.019263531153100557,0,2.0550284758400834,0.4486782236179582,1,-0.012817235274709182,0.013787153688713326,0,0.040243567751309293,0.047056546652400714,0,0.9591979111162983,0.1485154120030259,1,-0.008138655417652813,0.059832995252582316,0,-0.023269632788746004,0.02114053653011075,0,1.5487122046586628,0.12317743462551593,1,0.01871776652075746,0.06841216022485296,0,0.07775411795004447,0.06221931229856738,0,1.3306940591006675,0.32444330506128893,1,-0.01906323479527219,0.06659741907662775,0,0.02494650344853639,0.0966014247145623,0,0.9149384981722009,0.27196187922845966,1,0.0018718376345004382,0.033549891474633546,0,0.05698122909076451,0.009145796267372412,0,1.824840307084821,0.42970780931718416,1,-0.05155835044258533,0.025771792279506406,0,-0.006417746864709774,0.02397113180025247,0,1.4030321186545038,0.27631389147290303,1,0.028336554366464938,0.033072418073869306,0,0.04859459386673142,0.04395297058094637,0,0.8593667380324022,0.1523933526317897,1,0.12249131852917647,0.13586102725030266,0,-0.005561439893509565,0.021681489703613565,0,0.8478530374802263,0.2321339200733427,1,0.012669007233097482,0.03888842771089977,0,0.01015846876364646,0.047412100733688255,0,1.1097284220039472,0.34455697707302374,1,0.029095717916658125,0.1260831572488204,0,-0.0006634275655462126,0.026064589184357247,0,1.3698736352351477,0.4223060241548398,1,-0.04600191633739561,0.04253348548656857,0,0.013400415440247318,0.04008007795821443,0,0.9042568224229859,0.19286482358560805,1,0.033337534429350446,0.03103052056398226,0,0.09735892206223315,0.04248906569138212,0,1.2757887354748,0.21191084204028693,1,-0.012141928202826639,0.024932372200953814,0,0.016557875047239337,0.05282142874298775,0,1.3624289487121914,0.23771843475059176,1,-0.01995147066685223,0.03683231502236672,0,0.007136243330072947,0.040040608914718105,0,1.8119259967025172,0.41361480011480095,1,0.01086916085105665,0.05484967786371405,0,0.13536240389307053,0.12710159725166428,0,1.365182248421077,0.27856215328673684,1,-0.007741694573048692,0.03169309430347473,0,0.011203114645365237,0.03132894729814665,0,0.9001166616869327,0.16569029988682324,1,0.021683167120249397,0.012413233676342925,0,0.0067576074360661265,0.030596584995089167,0,2.152899845092317,0.12839271185024845,1,-0.013146187841696836,0.027182841419681292,0,0.014495088047429583,0.03438905315551811,0,1.1263836025770821,0.09025802181987086,1,0.05241525938336693,0.09109869645146182,0,0.14833145290093938,0.054443554248660014,0,0.7525358486789755,0.15931673845484223,1,0.10219589073897686,0.06911737821553379,0,-0.006585311790602002,0.035443724310946056,0,0.9389848831700572,0.07291021714019195,1,0.029203517818756224,0.047716490095734095,0,-0.025270433723235508,0.04154047131026308,0,1.2559707568383727,0.24649908200881385,1,-0.01690417090384999,0.03505995063172688,0,-0.012705478833483452,0.047126661062417474,0,1.3816303665625629,0.3321056093164505,1,0.020223634486423562,0.02432805694153217,0,-0.013623570568176122,0.019281457539809237,0,1.9405268612034479,0.2702812235713,1,0.09640302432219872,0.04722541844354139,0,0.005375279311446674,0.009820417266346039,0,0.9746176909931892,0.3131091648275659,1,0.17419845744836598,0.10931357102265496,0,-0.04082512233138064,0.09295694469620212,0,1.735607671961325,0.7129169694640116,1,0.022860210619111088,0.06828134184156483,0,0.03723278588082837,0.05398803048772508,0,1.0413033079926475,0.121251667149503,1,0.03200396830401597,0.048776897563616764,0,0.05747205037064544,0.05183161025584474,0,1.232049697977872,0.396415840303019,1,-0.02834794999472596,0.0506335037303228,0,0.11597284217193757,0.09185907072367933,0,1.2521585079250201,0.40993894682253057,1,-0.003422732526779057,0.05443887219744689,0,-0.0009096208089606969,0.026377347969128013,0,1.3420550080101479,0.2550703501052142,1,0.18320592319869283,0.035955160336978854,0,0.08697248812566447,0.038350429580246606,0
125,500,0.6,svr,0.5389676926123319,0.014653211569190933,0.19729386951019,0.03175287747353796,0,0.3348836565865178,0.07773346001518479,1,0.219200695664385,0.0885655474319747,0,0.21873637736542234,0.1532385727697428,0,0.5795764138764505,0.08897242015182376,1,0.11349942595991849,0.07344943094645522,0,0.23309920774188164,0.09891378287529907,0,0.5437599980203864,0.14382470746195297,1,0.15813390420296977,0.05029389787476936,0,0.15027628770729176,0.11260026696059407,0,0.5826512332100469,0.18460869048144637,1,0.11742529927009966,0.07358164437499264,0,0.10882678249438175,0.0317567557073646,0,0.3746595651754113,0.07397491768888059,1,0.0341438428224181,0.14608631337363565,0,0.03184301755035985,0.10122202273342358,0,0.3840351948882873,0.22791411745322732,1,0.3011446784476319,0.17983681161937892,0,0.2517566524386817,0.12888463065333342,0,0.33847959900952296,0.1568441624870293,1,0.12679449584645558,0.047979128602527676,0,0.11512774237317672,0.08247373794958096,0,0.3850239777725323,0.09286132039556785,1,0.16882305853233154,0.08904433537722246,0,0.12300326937790677,0.045296784138935904,0,0.7275962922692875,0.11447652440571993,1,0.10042595610793521,0.06454752105031274,0,0.09559332221853083,0.06401914395853926,0,0.3888513090331736,0.09162549049582329,1,0.2019498408646932,0.06260114904341374,0,0.2693516288971347,0.1631553841240741,0,0.3726001866448459,0.15845916128890494,1,0.18111095117958068,0.03395042892598289,0,0.1601638237459869,0.06950462738139186,0,0.2070286776868023,0.055604335349868125,1,0.1085613438527728,0.05685316139009244,0,0.07434551523870461,0.049780899930173435,0,0.5804721731810398,0.08658896782775227,1,0.28204793059784156,0.16812170148038205,0,0.17013523183602958,0.06532091688836367,0,0.16619152491194278,0.04555446547315696,1,0.14281147950096912,0.051375927245058135,0,0.1071755475611236,0.09198616141749108,0,0.20951740676660657,0.08289786786798352,1,0.16791663601150766,0.08113776056561291,0,0.3153767309428229,0.058708561590827796,0,0.5336913359349283,0.0860906634698356,1,0.12375473931202416,0.03573062110248192,0,0.30070340389360073,0.10400367224848134,0,0.3935502201623202,0.10815748105380325,1,0.03566673403060579,0.08395284009530436,0,0.08519411984590958,0.06104976408725077,0,0.5866732634232906,0.2879855345449713,1,0.2662979377331477,0.1759340460302552,0,0.24998559864404424,0.13367509509954165,0,0.4632610542703227,0.042057728560164605,1,0.2980566697161118,0.12435054317442423,0,0.25444435042507835,0.0605654103373386,0,0.20573780734231484,0.057793896715220346,1,0.1020858020410926,0.05141597246250838,0,0.1645203593374164,0.08070108290002222,0,0.4148134090652915,0.1477330988479578,1,0.15958371312021907,0.04716091530347066,0,0.1987993674663852,0.03667586626782593,0,0.39178922602930255,0.09294912632203695,1,0.1625102258854762,0.06772290187942615,0,0.3592757498255251,0.043960067432697585,0,0.5638643349870434,0.05791609020174527,1,0.19864321634465434,0.05841222641611752,0,0.13926234926228673,0.038939502378272636,0,0.5902190871737002,0.0678973957306564,1,0.2835933078280407,0.1406923581919483,0,0.11760907562531986,0.055609884213895185,0,0.1758660622390859,0.07667433124652591,1,0.15330693371069146,0.08334208022376939,0,0.05624155525337478,0.07426348023726884,0,0.3014776802315851,0.15622716687691765,1,0.2860851261142597,0.11641403013122098,0,0.15627593922239144,0.06469982328017022,0,0.5787240824369912,0.23090222519696377,1,0.2942951121701193,0.25461004384467617,0,0.18130790547252354,0.08940747186382345,0,0.3043067653234222,0.09969393115394415,1,0.3074034786893498,0.08641934492830143,0,0.1384089557190676,0.048724660168857535,0,0.2735352074553498,0.0748218501834415,1,0.03826858552491643,0.042997259537922515,0,0.2008123950499443,0.05535869849181413,0,0.3080281417567369,0.08947957209122877,1,0.22131702740719406,0.1679308273859468,0,0.23216183861620238,0.1905246849717416,0,0.4844627047599005,0.18848164981453258,1,0.17653804366727338,0.09923121595799343,0,0.16831066317399812,0.11110487825720036,0,0.37517962584381304,0.09558928306407324,1,0.0878892209476673,0.06859970037255772,0,0.22249240330218384,0.09115260744783678,0,0.34835304791675176,0.06400562583459096,1,0.12524732035243077,0.0857180495236777,0,0.022997941501455527,0.05239653255953527,0
125,500,0.6,knn,0.5003318603868865,0.04316807639197486,0.2395308560585311,0.9039804590072117,0,0.8669925860543538,0.936165932451279,1,0.5197412336309535,0.8667005178406071,0,0.17784539694860432,1.059061527948297,0,1.037151213923273,0.3660069345577487,1,0.45218685943749337,0.38094706878554263,0,0.21852277436077788,0.694881474589402,0,0.7393803557698868,0.4675140076620198,1,0.3685412730629772,0.5805414109349053,0,-0.10294787294080784,0.5751384594608104,0,0.8257526797657221,0.8820881892146506,1,0.3017015479161417,0.8186521866821095,0,0.12855546858578634,0.8133704384357465,0,0.6259111126683109,1.0158629397829397,1,0.19641645075669742,0.9065723245166143,0,0.7706241090397054,0.43516411580636116,0,0.4706960118157906,0.42523029015652564,1,0.6837310184823673,1.276951270160179,0,0.6571785872030492,0.9443857459922693,0,0.1269045051905023,1.025456056927491,1,0.166391013667524,0.8238487654093332,0,0.8825142741846083,0.9279917418797893,0,0.9161651075934347,1.1781705084552945,1,0.888754116073603,0.517340194273597,0,0.8462347501357664,0.9722552609910547,0,1.0708232813273493,0.8536252405018422,1,0.32986123434970166,0.3587898298074693,0,-0.022665919345063217,0.6871335562617367,0,0.753546052234247,0.9188268293447717,1,0.2067076312597996,0.9955493871949953,0,0.4476397225790111,0.9286307329075644,0,0.2692588101817023,0.5761703101948159,1,-0.002130207967238884,0.7392360343057692,0,0.1805713782988346,0.7010851066840644,0,0.49833695318665744,0.6208347978364109,1,-0.10784141343216296,0.7692264671674218,0,-0.009336993531232112,0.6033110451910673,0,0.42136756554372223,0.6959573571534469,1,0.1944153799895048,0.9098150038859736,0,0.4776163846355585,1.1516857932259426,0,0.520259745221099,0.8181439406771503,1,0.08871547879615628,0.5365684395678681,0,0.3551100254854348,0.4995154152720143,0,-0.04198829401004421,0.2253244844389575,1,0.5373570347407601,0.8352646259140744,0,0.5079317234870361,0.9989294704182705,0,0.9936771916542689,0.7982584085999468,1,-0.07113204341041297,0.6166317156456582,0,0.4554566947964004,0.8288459483571996,0,0.5812127400733237,0.7300306966398086,1,-0.014474249647956395,0.631579554040438,0,0.14991971398608098,0.4776193165067672,0,0.18195166316319664,0.7098423616712349,1,0.22091810595013248,1.448364580245712,0,-0.019625621153951795,1.0807449537464022,0,0.6288470853728575,1.0117238505708706,1,0.43356957108660765,0.9745661682691626,0,0.338997498923406,0.8920133305103651,0,0.10668282696813151,0.5958173517952402,1,0.22514927398000895,0.8948128090688946,0,0.5981925061176379,0.8575933826553253,0,0.5958900269411592,0.836102229082179,1,0.2994695096569546,0.8644971228602983,0,-0.08348831489086875,1.0297884322468316,0,0.33752687057683006,0.9598669452856186,1,-0.14866268878274652,1.0222431427821046,0,0.6470623729656652,1.1708532039439299,0,0.9522981661832993,1.13628813612435,1,0.5287500866463962,1.0450526916333185,0,0.4088144742008419,0.7549062769188096,0,0.9836039735012267,0.6062813187493684,1,0.591915136845738,0.9957729126926003,0,0.5443189415925097,0.4481742338169125,0,0.47184187239033504,0.7054192339997719,1,0.6628247131973348,0.6273485753064167,0,-0.025067404150186646,0.746198623691476,0,0.24673863714291672,0.3300113930141977,1,0.2885255367789651,0.5642569431913947,0,0.38212509222918467,0.5291140687121193,0,0.4937948679698637,0.41922922152611014,1,0.13480648279049146,0.9468441899511348,0,0.38424554930755683,0.9698554760976503,0,0.2957373513089881,1.0343530396708727,1,0.27545224006201646,0.9031292612810536,0,-0.015478373038405536,0.8623669266150162,0,0.3943874954003804,0.7557993597862711,1,0.013863847336943546,0.4633275756756649,0,0.053227060731947294,0.274156892159634,0,0.11658651260234698,0.18347422722168322,1,-0.12868043575461305,0.8712174772157261,0,-0.17839162158101624,0.8689890481466,0,0.0120320779614005,0.5699474580224214,1,0.14293031452190946,0.7576301649767054,0,0.2860020007358465,0.40996934322036754,0,0.8475800581996475,1.2818972958788994,1,0.6314016757880074,0.7804617115803273,0,0.7672991178221806,0.9395096001412324,0,0.303766472105815,0.47141902449435735,1,0.6944397025836688,1.1019510706184001,0,0.3240941153278993,0.48312843716075343,0
125,500,0.6,SuperLearner,0.9758162252981897,0.005575531999538086,0.0005970341893350936,0.00802683641841178,0,1.8083734707507155,0.15165980118791875,1,0.07081398937924034,0.051117051931627765,0,-0.0068309632047848096,0.01322142813382129,0,1.8343485443672904,0.25813018362701234,1,0.009985961789512991,0.0099217164101074,0,0.0019101425957166623,0.007600091719114955,0,2.1169461061433,0.26300116794109923,1,0.010582104301707992,0.00711688213607297,0,-0.003699691709169684,0.017732257064694616,0,2.4870825763786955,0.3787147551103378,1,0.021417132732905065,0.019289720902123365,0,0.014440358148208593,0.01967239760824769,0,1.840302193344765,0.3516400651974085,1,0.004290159656582857,0.011783261725299457,0,0.006767532427490755,0.004751463926019576,0,2.0538824892808263,0.16781909783476873,1,0.00024990469542958643,0.002471205080506701,0,-0.001579656764173034,0.015081901394741824,0,2.2308539483564216,0.25281925277808537,1,-0.001123721907011166,0.013530775205887175,0,0.004829362497782063,0.020464868295960625,0,1.2591977485082881,0.18118146217488998,1,0.03231236314042576,0.014905331428404877,0,0.0038071055098102763,0.004104560550548698,0,2.5083895711462025,0.39811531583636034,1,0.007899986116026048,0.009149759828976778,0,0.003745628401664507,0.012073502134272208,0,1.7717908297560439,0.17127707233074824,1,0.005667371806735784,0.011705746612229942,0,0.0005971906657228001,0.00564776129910324,0,1.4968994823101158,0.34907899583175234,1,0.04908930874284025,0.023867196065611662,0,0.029068250632000824,0.011302836255963013,0,1.3478331605774934,0.22151451680517006,1,0.01344181532065022,0.00822939981991503,0,-0.0008795570717331898,0.011423146238078339,0,2.034073616110197,0.4710469838711215,1,0.0033423662264728234,0.039491898485324896,0,0.0018566209832025719,0.004722482992155646,0,1.9567544649309654,0.24864132311067785,1,0.029978640286821567,0.027554172526268173,0,0.039430817218472136,0.020063642760647805,0,1.4154230322845458,0.1225509404089606,1,0.0027205258097657906,0.005056059467740226,0,0.022342361653045838,0.012724071038498517,0,1.3858745938873764,0.24352897938263007,1,-0.003989513605702137,0.008332999879300057,0,0.006670155911385127,0.019254932597897602,0,1.7019287261181393,0.14970431554368077,1,-0.012709686630066188,0.023304017544274955,0,0.00529078907448503,0.05098753149257629,0,2.505177937080679,0.26950466923159144,1,0.01107183718808728,0.030036003710032292,0,0.04577277548204475,0.049529183795347216,0,1.8628862442524432,0.2929743235001128,1,0.02630427452864472,0.03764849374655649,0,0.01982845589164403,0.016701347279820745,0,1.2572986844066854,0.11614505211776566,1,0.006954802205325715,0.0030969886159148224,0,0.0002905426772396094,0.013184384791572091,0,2.5722153306657374,0.19979011735752802,1,0.003973337267569274,0.006172750191698964,0,0.025200002141263826,0.01250782209429114,0,1.6958377430206355,0.16990988555762485,1,0.01282615200281505,0.015044354347162961,0,0.012900489495677714,0.022275056220914156,0,1.29374978162983,0.18511023314746558,1,0.032117268996262084,0.025701615412949887,0,0.01618527071199493,0.013969823137268763,0,1.761511801175009,0.1518846325954629,1,0.025370401228482293,0.018304430785499478,0,0.0032521281135261247,0.016020104101096465,0,1.5387570896963534,0.25816111081968474,1,0.03135099733641118,0.013239313909968487,0,0.0008486199345373204,0.010285146575675766,0,2.1398125845782974,0.3813666724948746,1,-0.0009481095791209371,0.016131695131699764,0,0.0023807002816249824,0.010059783076957965,0,2.243796400242866,0.42571278352994135,1,0.008642757679611248,0.012409227439030553,0,0.0060206912952252886,0.012304022763346292,0,1.4080563754951203,0.29712546052100136,1,0.04180750237122003,0.032475433088182216,0,-0.006204595407800195,0.008912192307449107,0,2.4390535189419884,0.5039454212972774,1,0.024654173877760584,0.029675183741231372,0,-0.0013106510537861209,0.013785690754319726,0,1.9236139139232216,0.3621216207881618,1,0.0031976101459263266,0.004926991268296733,0,0.010041454170470771,0.011754771881149345,0,1.8102777526134937,0.38600927368940946,1,0.0010000242740787005,0.004585355077613047,0,0.019199651456021753,0.0120599158658755,0,1.8278376666995897,0.31663188372011547,1,-0.012770184356966311,0.014078157668470828,0,0.003969842132020701,0.00547672849838682,0,2.1344741659340096,0.42233560654117863,1,0.0497294285656553,0.019700878059663956,0,0.022054768451741293,0.006592558467109669,0
125,1000,0.6,lr,0.9784427222326141,0.0036940815610691947,-0.00023951009339834604,0.0015304013298783746,0,1.9730861525314876,0.14115573832782594,1,-0.0026115116181871156,0.004832523531483899,0,0.000745114152179941,0.0016366668925425405,0,2.039720651378678,0.15731842819766426,1,0.0020025391864783495,0.004182134005350692,0,0.010560343417612547,0.008481729117214842,0,2.0505080965015217,0.0620123291914797,1,-0.0006555942369220414,0.001402572640067524,0,-0.0025260343651243326,0.0020294100773608284,0,2.187094096206147,0.23691132003566834,1,0.012153796757456897,0.010528160335756914,0,-0.0035085780011780117,0.0028576703720785703,0,2.0282409261702457,0.05829630352607105,1,0.00825128695987612,0.015694847359637318,0,0.006795525183702715,0.008007719453139434,0,1.9412097324582915,0.13636098774584923,1,2.8555148298381086e-05,0.0030726424061615957,0,-0.0023899036731123246,0.004343343545405622,0,1.6874465837524995,0.21561079965754962,1,0.015500069666296967,0.009097036006466032,0,0.017376269309006008,0.004642257395529749,0,2.222987393866121,0.17109886702576496,1,0.003103323514262628,0.006598909142729626,0,-0.0012756164137274699,0.00180868398718053,0,1.9799475927655912,0.20325494424662932,1,0.0008246819259575754,0.00227208640184932,0,0.00019527585466089323,0.0022277781471031167,0,2.061161631403748,0.20994317571781995,1,-0.0034157660249369013,0.003539420777488473,0,0.0022110279498217334,0.003322388209241813,0,2.091332957023789,0.23182586825282767,1,-0.0006495909017929403,0.0011612651075000278,0,-0.0001079116904232826,0.0012144870998888886,0,2.214888580679284,0.22010714303834134,1,0.013352429743648758,0.009309124947297305,0,0.0002613559713298224,0.004747722406932433,0,1.9532542827110717,0.21901622487292693,1,0.0051977402418869985,0.005639955227028311,0,-0.0009240484433570475,0.0022701385277869544,0,1.8525568452049437,0.27096178371025953,1,0.002802199390976058,0.005063968735732448,0,-0.01264427688327717,0.013768639260335138,0,1.6962654857943882,0.14859027173057024,1,0.0067387703854802725,0.007667835535627186,0,-0.0007154250928443712,0.003963449852564101,0,1.7691753654085889,0.11376395049204932,1,0.00021509946108595998,0.006581167475835835,0,0.000710005277866526,0.005295242267706014,0,1.7807661395738676,0.25219739254518786,1,-0.002580915969000187,0.00375002932529559,0,0.007501864878145516,0.008739805739446124,0,1.836658092175409,0.18294723376490565,1,-0.002979339142356444,0.004800684733623187,0,0.0006556243890641361,0.0014120016302953404,0,2.160276620125386,0.13750251588612158,1,0.006935580670858962,0.006639057283105612,0,-0.0019938745809233147,0.0014768413501933997,0,1.845664531580277,0.1994900603026202,1,7.746289764236289e-05,0.0015498832680698076,0,0.015811719029094985,0.013110600021300808,0,2.1865054399165453,0.25429473148409776,1,-0.004779612122372012,0.00798903719174841,0,0.004050453808342206,0.004652244903430439,0,1.8688251110253369,0.17114150282444746,1,-0.0022658748693594618,0.00202229152642104,0,-0.000765875821605015,0.0018555002450788632,0,1.8923640768357686,0.1961949103838058,1,0.005850481137272366,0.009506115342343791,0,-0.002106740574173412,0.002556753711338712,0,1.9982853057523058,0.2358746529140853,1,0.0017226673556668556,0.005068534783357561,0,0.0055433145094115205,0.0050120300702467206,0,1.790461594019717,0.15266224015663143,1,0.0025059689444210053,0.005181521993034255,0,0.008264541104725244,0.007672687834968964,0,1.7369644964552406,0.20155881774410359,1,0.026611520338732243,0.01474974000249752,0,0.003632875474236478,0.006251078315559326,0,2.12554122039409,0.16105311057719657,1,-1.4861603244368887e-05,0.00124908502132787,0,-0.004139336878080079,0.004747656533628281,0,1.732211780749156,0.1091139059331936,1,0.0016424366180560726,0.007124384798318684,0,0.0007993511252428478,0.0009513206524157531,0,1.981413585567553,0.11569217887218526,1,0.0009523906239294522,0.006484061646911714,0,-0.0018624423241232406,0.0024854201821424738,0,2.0646354171175885,0.24135150665055471,1,0.01430017620591868,0.00609124501594265,0,0.043301056302984905,0.014692039776685721,0,1.7918207704598157,0.1999363288646833,1,0.0007353384133395456,0.0030579361169234486,0,-0.0013610849241862569,0.0005026488673562323,0,1.986100049467474,0.1450182644143445,1,-0.0005823692012507733,0.0005091859343001671,0,0.004210469376747481,0.0033802461144800348,0,2.3550654547990506,0.21125342650493223,1,0.0011290478802923754,0.00450531705141596,0,0.00034701360166150726,0.008547440408943867,0
125,1000,0.6,lasso,0.5488066656658577,0.010125835262479418,0.0,0.0,0,0.12941687499297322,0.11130967214485382,1,0.0,0.0,0,0.0,0.0,0,1.6285039984073109,0.16327628811748524,1,0.0,0.0,0,0.0,0.0,0,0.5069161690005122,0.1547416891393622,1,0.0,0.0,0,0.0,0.0,0,1.4185569599255134,0.11586200328443927,1,0.0,0.0,0,0.0,0.0,0,0.3701361860769211,0.068094862899364,1,0.0,0.0,0,0.0,0.0,0,0.8005448148385655,0.03166515580674789,1,0.05383960871227249,0.06948234416464526,0,0.0202071379362163,0.024850451068613597,0,0.7814574474099649,0.10928431567731482,1,0.0,0.0,0,0.0,0.0,0,1.8750786226411535,0.21437373533995202,1,0.0,0.0,0,0.0,0.0,0,0.6578714573403426,0.05554450463276373,1,0.0,0.0,0,0.0,0.0,0,1.6469952096004392,0.28457365231646253,1,0.0,0.0,0,0.0,0.0,0,1.7751036212943212,0.09944048940417775,1,0.0,0.0,0,0.0,0.0,0,0.25176578254234105,0.13633809899017696,1,0.0,0.0,0,0.0,0.0,0,0.6186301844680558,0.10496914428216973,1,0.0,0.0,0,0.0,0.0,0,0.3737364039521322,0.030292776571585755,1,0.0,0.0,0,0.0,0.0,0,0.7849161997636888,0.15780950324013968,1,0.0,0.0,0,0.0,0.0,0,0.8907125758400941,0.2037676270228992,1,0.0,0.0,0,0.0,0.0,0,0.5902475482264856,0.09443653042170269,1,0.0,0.0,0,0.0,0.0,0,0.7961333289309813,0.05475766968425932,1,0.0,0.0,0,0.0,0.0,0,1.304915562437319,0.25231963221492343,1,0.032748905796081265,0.06549781159216252,0,0.022395993160738016,0.03236977811189794,0,0.7802356018908944,0.1641075953109641,1,0.0,0.0,0,0.0,0.0,0,1.4308148899094832,0.2162988216878243,1,0.0,0.0,0,0.0,0.0,0,0.6837440138205688,0.1455325931854677,1,0.0,0.0,0,0.0,0.0,0,2.4162466496753923,0.18982743568122473,1,0.0,0.0,0,0.0,0.0,0,1.8198162154796127,0.15304067298334645,1,0.0,0.0,0,0.0,0.0,0,0.9223770689101581,0.06790519161695165,1,0.009910104243069229,0.013038361188851592,0,0.0,0.0,0,0.3950324771982472,0.05362930938192006,1,0.0,0.0,0,0.0,0.0,0,1.5878597747721983,0.1877291834964853,1,0.0,0.0,0,0.0,0.0,0,0.7762169650810937,0.15006873681741148,1,0.0,0.0,0,0.0,0.0,0,0.2802090570253394,0.10957681100910777,1,0.0,0.0,0,0.0,0.0,0,1.0863927575921233,0.13151326848631067,1,0.0,0.0,0,0.0,0.0,0,1.5505624691823634,0.14571171103005706,1,0.0,0.0,0,0.0,0.0,0,0.16393446561834257,0.11635560543287056,1,0.0,0.0,0,0.0,0.0,0,0.849575758176137,0.08024378703591806,1,0.0,0.0,0,0.0,0.0,0
125,1000,0.6,dt,-0.4025110725614559,0.14203751050308674,-0.1518055210076658,0.4320441893906158,0,0.4307723790021442,0.4733371363687638,1,-0.09142061099970938,0.4053557419427453,0,0.33219750518281976,0.5039100178360106,0,0.10448017563829373,1.1581466687428814,1,-0.31518785676639804,0.5415627467154176,0,0.992025406349903,1.6850236601808424,0,0.014733624446225547,0.4904219340890746,1,0.014766184834485507,0.2646574444429492,0,-0.5610177995371962,0.31585653844020606,0,0.8456861065398684,1.6592542517106876,1,0.3463168686564341,0.3483849692288765,0,0.31250747245409877,0.7846990438677887,0,-0.036459142342594474,0.0962543295447929,1,-0.21695784186889733,0.8903809070234554,0,-0.22699063377357015,0.6139264163375608,0,1.3687485563822013,1.4637642762829606,1,0.2980902526412389,1.6062010269292801,0,0.3507480261646241,0.7049074642395268,0,0.09111096734272214,2.4561699662393486,1,0.717675940607543,0.5859033893891382,0,-0.17100670252311592,0.4697234548282431,0,0.9281458933560556,1.0778662330794824,1,-0.24694964433402475,1.2373613095329161,0,0.03707088147619768,0.9335702812681707,0,0.5817294185237574,1.1133480651472094,1,0.6285746934400214,0.7387990004334454,0,-0.05832155333750799,0.5290383170182555,0,-3.022593980987641,4.541472615403184,1,0.07595355586720688,0.17258596380096689,0,0.15673142066281037,0.6339250386026468,0,-1.2694106800347889,1.2081484495915624,1,-0.7622095442991712,1.1571136283847343,0,-0.5745988268960702,0.9856944221218986,0,0.36677762267353053,0.5376485930301138,1,0.010631984690659754,0.07827303825866262,0,-0.14107678212707367,0.8457379136204225,0,0.7884549809052173,1.8213807876185386,1,0.30559922784270654,0.6081037659250644,0,0.3181133492269545,0.40879901262296375,0,0.8480800029782921,0.882940301750611,1,0.06378251292222932,0.8125511292019197,0,0.21352037189465176,0.2621271613202715,0,-0.9676806152578218,0.9754918913579801,1,-0.5833478163720653,0.9539203370713932,0,-0.3392862768361996,0.5388672172458253,0,0.2739022620544155,0.8581525189596263,1,-0.10558445603448115,0.19960403531639068,0,1.2618776738510653,1.7697500094717424,0,1.053793040808586,1.042112086315827,1,-0.008087892273376435,0.16258237893808639,0,-1.0426869861214592,1.4412237697548234,0,0.7113800071127669,1.2820848191679386,1,0.20154669501768324,0.3634738856171308,0,0.04637618494837022,0.17505836659966353,0,1.2454776011192765,2.96972374634599,1,0.4644231704830837,0.40535867639007866,0,-0.5446213374344314,0.9882283517288325,0,-0.22586528120848143,0.21516902861819626,1,0.13745858538128014,0.11679542679975978,0,0.23497679204061614,0.3110386151487626,0,0.33890846572043243,0.5109684002030114,1,0.5619348149529702,0.6033665679709324,0,-0.33213963114456235,1.575410146943525,0,-0.11614501533976766,0.6013042325770148,1,0.4814414132299084,0.7107912997967851,0,0.9134828939518839,1.6078818459921669,0,0.688776387330576,2.8939893275033968,1,0.18566297543132787,0.759216199470613,0,0.2599123662374826,0.265398275570499,0,0.4117635527384893,1.3244349950270706,1,-0.27712379372470475,0.7448943941490009,0,0.18192926145653027,0.7472094609474698,0,-0.12427787745177601,0.8184124430025647,1,-0.6917813032596163,3.4937334747366453,0,0.21215307689543583,0.3614770736105537,0,0.8576485925849526,1.1999853168024475,1,-0.3385263461919312,1.000279839566218,0,-0.17210232964657238,0.6364826818216791,0,0.6449147320365036,1.4023851933381044,1,-0.1127574617398727,0.4011115620043401,0,1.6003252302418314,2.8157798849051496,0,-0.88993217986606,0.4903610073634249,1,0.025462325259221808,0.3857109621537312,0,-0.19497915382015837,0.37318430620294496,0,0.0507933687291632,0.22835771228775428,1,0.22941720534872806,0.5897614623254991,0,-1.1652188009338431,1.2243803549881556,0,0.5543898838535594,1.541686415877179,1,-0.29963014259745024,0.7150742243104636,0,0.10603285908051796,1.3377565783497716,0,-0.09211187886687092,0.40194020483062554,1,-0.0038724556463011913,0.46842253348872187,0,0.18309904098265536,0.4515455988227341,0,0.3399600979888905,0.5339774063185526,1,0.5851143365768074,0.7721830385524435,0,0.3130905598096566,0.7677616073496393,0,1.1753947310658246,1.8575753300570375,1,-0.1901305841095456,0.6530943685686941,0,-0.24856228622551316,0.29444525992136794,0
125,1000,0.6,rf,0.4811871036907638,0.018951819621418422,0.026473836368902843,0.0523804660307023,0,0.1413756819649316,0.054101839416954435,1,0.09167554637366358,0.04459358428486672,0,0.1375235591946615,0.047378644139234594,0,0.6689818809816679,0.11680998035843637,1,0.14467274620748954,0.09292168215905494,0,0.1451448455975177,0.03552407141048787,0,0.2898719086011208,0.0554179351817607,1,0.2035758661833035,0.09163965158972205,0,0.14156148837459345,0.05378844404184718,0,0.7413699782826193,0.2177312551777507,1,0.04207154386848773,0.07325436817924068,0,0.042043697798214916,0.07376497214626822,0,0.23191246009113034,0.09786926322304908,1,0.06860294177208738,0.025458310478845485,0,0.0385713128580636,0.032068993667396885,0,0.7302672122460935,0.09151422938264768,1,0.26015754681475145,0.200896970851049,0,0.16372438644478776,0.09945104770628495,0,0.5548332011346372,0.1757701389974522,1,0.1921429864575272,0.1171417467398172,0,0.13025027394446503,0.05674927009363608,0,0.9134053165197177,0.16014454629982708,1,0.20389091493688233,0.07949269918502176,0,0.07809418596690265,0.02946773313488974,0,0.4921765000241761,0.1416929140295516,1,0.03342500049735422,0.09212192022454725,0,0.046285228925329026,0.03873771434705745,0,1.1053312221634817,0.19336564521507638,1,0.0470802191234817,0.1300307830147094,0,0.09320843688903788,0.23520730612680116,0,1.03725432037787,0.29638472123697823,1,0.11299889400383925,0.07934081087515232,0,0.0955322968807674,0.08288814796479664,0,0.18352150698388,0.06484450832970332,1,0.059197018315321384,0.04726869005721573,0,0.09752669904046882,0.059114716931927505,0,0.29069521951958344,0.029700504474246266,1,0.08591384698412372,0.05909569645565171,0,0.06599183209393875,0.06334216788914752,0,0.2949232576820652,0.08776684301501325,1,0.0699145271892526,0.06194837375363555,0,0.05941331946966333,0.08999727051411498,0,0.3085083599032888,0.08472842781790531,1,0.05805359961731109,0.03878710813913048,0,0.22166833273085462,0.12167137965687663,0,0.38238691898114685,0.09582626860664577,1,0.11388578464146079,0.028382199670433345,0,0.25341766434748825,0.08458516424899618,0,0.31843387918001653,0.10982567571105056,1,0.011082618917801424,0.09839294692515806,0,0.09340627971000719,0.0646741201397123,0,0.5869584080230534,0.2154364034197233,1,0.12543734419047564,0.07556683328536816,0,0.034105070514636064,0.011248541748597777,0,0.6999529603614717,0.1342790422614332,1,0.18886039905022192,0.07665634743334618,0,0.20076304873809075,0.12657220605344646,0,0.34756484914306107,0.08875846955068956,1,0.06907025015787022,0.0752318637977936,0,0.10665964584091285,0.04108889509442302,0,0.4583701482834826,0.12539986561424968,1,0.09352571699633049,0.054510201252938574,0,0.07843618983051096,0.09242371925735599,0,0.6251411177473296,0.07935347415908361,1,0.15210992704412457,0.04577252075930693,0,0.08382484692075946,0.05622537357583033,0,1.4750610129527588,0.27599727364174254,1,0.23835649579019194,0.10443026142902571,0,0.0949181791272196,0.039546124473957486,0,0.9362157948409097,0.19700400779873084,1,0.14132319373707647,0.045477689744327664,0,0.12488307212491243,0.07641952181726706,0,0.45841036209200337,0.09928365411931668,1,0.2699157765049945,0.060291843735940084,0,0.014935620023332475,0.05944789403706039,0,0.14897746131619194,0.04639418459272176,1,0.3090894500186406,0.11809772017349926,0,0.145894193784797,0.06539290260770636,0,0.6370409435422753,0.10679286448260587,1,0.07885491671657013,0.0770048779148613,0,0.2216992179907718,0.13570324194507896,0,0.4883653392905529,0.21716204074617163,1,0.08356621946848639,0.017110026363658142,0,0.07283406935050461,0.031308084080386725,0,0.11476105703454058,0.04041733947088594,1,0.09160886980257632,0.07654123853786367,0,0.12033719352248355,0.0745694554440918,0,0.6672032667276446,0.17019063447206817,1,0.1608007769074116,0.037847028642369156,0,0.12282582290776752,0.05856149477659585,0,0.5097138677308057,0.1568459553410747,1,0.056742070613828355,0.0316608309212615,0,0.03537032939145706,0.08578843039442563,0,0.21370792108712905,0.06253557512801912,1,0.035329518227169586,0.034707682592093204,0,0.0372866770159051,0.06238498310190168,0,0.3015779614537707,0.13516686468363717,1,0.0578748413243201,0.04181852652107796,0,-0.0044022248459362175,0.02573481872585445,0
125,1000,0.6,et,0.508440653108824,0.010669904593323844,0.04245841337448053,0.03278097959949086,0,0.15109928968124806,0.06148243879124752,1,0.16777056362177878,0.09557524268851758,0,0.06464060207056957,0.08568386341721626,0,0.7147448019884008,0.23609098720220076,1,0.11292364433091384,0.03491692256233104,0,0.12628599710274663,0.04455293102174456,0,0.35719194523111175,0.08005794973722478,1,0.22598397643061138,0.0592889360920358,0,0.14441657890865645,0.04975356520281167,0,0.6889187221278738,0.16182196748972094,1,0.046712513197029674,0.07430165627929859,0,0.10630568610120394,0.055960078377472494,0,0.23861755617482366,0.07920945722661818,1,0.04764541095339236,0.048191622100218746,0,0.0751594232732917,0.06769788994184998,0,0.702153852601143,0.09958973466904142,1,0.3892517095118917,0.1428585044587741,0,0.1527587738918274,0.04758993034857388,0,0.5793865594874987,0.12457301675670945,1,0.2396314442187529,0.11425737778972982,0,0.25978705525381307,0.03575957447517479,0,0.9600686507094254,0.23617779145152265,1,0.15816455477573552,0.08917933018387242,0,0.10599673578437993,0.05763385089751384,0,0.4706190641301169,0.10108712721385313,1,0.057566202670718825,0.05991623369413756,0,0.016370747477093477,0.047779556926121965,0,1.287587232625118,0.47388352582911825,1,0.12930102188669518,0.061333760405148735,0,0.1955763235162499,0.18069776264734208,0,1.3417787753494972,0.2329494410320582,1,0.1031958491579033,0.06467541378983975,0,0.07239709217641385,0.037446907434869475,0,0.16492398385573032,0.05812183162888029,1,0.11133599494558404,0.056498272301534654,0,0.08244793807231948,0.031101620063270316,0,0.21711620968534176,0.013458248121168756,1,0.08132688538167986,0.04538761883162979,0,0.11696371335387375,0.05694576080059612,0,0.3265809630866469,0.14653446884355772,1,0.07569015588965045,0.06975534448510401,0,0.0985910766237385,0.06170433162442431,0,0.29246754188458685,0.07462471267255351,1,0.0686054769205974,0.05045616643562269,0,0.2494845538597036,0.0685481423324839,0,0.3820571641166749,0.0615061392244993,1,0.09670887181120792,0.06298118708513546,0,0.14094161561008545,0.0879268016473889,0,0.41211488254455586,0.1016699583684369,1,0.03490792369028503,0.04961621698204934,0,0.16834288245548093,0.030616477479044932,0,0.4685239774269914,0.11905824483839499,1,0.10317641342605618,0.06372520992192067,0,0.10875636176179419,0.04246219659713962,0,0.6666844808347011,0.11988046579688398,1,0.2650727315676249,0.10618535415883636,0,0.27375563493682054,0.12588226649853212,0,0.42797892043521674,0.13523719777491935,1,0.14736738130925364,0.024093541882800388,0,0.19119127711728182,0.04317288019895257,0,0.5498919990335177,0.13694006948402643,1,0.08514093757684679,0.09456938463746616,0,0.13919901591180484,0.0968151023667591,0,0.7047553302065571,0.14362050108904795,1,0.1782492960273853,0.053402210740313906,0,0.15807337495145926,0.07891185858373839,0,1.5844564054111705,0.15857722831078658,1,0.2374275138913468,0.10763442556471764,0,0.04315224671297087,0.03254156997113129,0,1.2932883183321775,0.29293375152009693,1,0.15215577809605418,0.07014187400792334,0,0.07500980039082554,0.05975937315591916,0,0.4694600868626124,0.14481162639263734,1,0.30663964709399777,0.11024289187419448,0,0.07821931607060759,0.06463089649420628,0,0.1924163475866406,0.023506019069781756,1,0.3090115417711455,0.13985592126099067,0,0.13412835361117903,0.06455017178681692,0,0.6512739965092804,0.196716998449408,1,0.15189662008029697,0.03309732047139966,0,0.27629273364261014,0.12606650812049663,0,0.6211560194060012,0.12925006348121137,1,0.06349168446837489,0.060334364491571334,0,0.06054497291993124,0.08034962749838663,0,0.17041854217699173,0.06384919933502817,1,0.11254663238789217,0.08068504006958366,0,0.06782883547531446,0.08628931737657264,0,0.5478948336907805,0.07690425721921208,1,0.18819929257977502,0.10089334315095304,0,0.17182675894889998,0.0796548188168821,0,0.6391052388321875,0.17720016988700926,1,0.07921351748308439,0.07322904407332856,0,0.0260463689161472,0.04822062809128428,0,0.1827025932221174,0.12394542385186313,1,0.04845012525783035,0.0728737173727584,0,0.06192621012024162,0.05417239650952792,0,0.27086071393840905,0.12850053215524282,1,0.03709494079671076,0.054877176541101316,0,0.05427854019995633,0.034058053463388846,0
125,1000,0.6,gb,0.6486227860386592,0.0231236743071333,0.0194671577538423,0.02279412929544897,0,0.2558560361782093,0.10928152612029625,1,0.07734084012859617,0.05389360690920494,0,0.06555661090752261,0.030854594734046017,0,1.3664285055897025,0.23957088288260117,1,0.04065233576124041,0.03251842545584562,0,0.07795850412133185,0.05769531958058576,0,0.39334704998773623,0.11123044483152687,1,0.3363100176669528,0.12623722474668075,0,0.03671890729629686,0.05051312655049246,0,1.2190327076528926,0.38899005289132854,1,0.00339420854467528,0.008351483572101576,0,0.03190176452053119,0.06045097596686576,0,0.5791524390772406,0.10600780792145384,1,0.0348058333543496,0.03990952544309384,0,0.005237954620596724,0.027015974713216595,0,1.3579032544809284,0.1883845694804855,1,0.24594347523730983,0.1247915933809025,0,0.046858117100468506,0.01926576040986663,0,0.6078937769941155,0.23918461725284076,1,0.17635323173455833,0.14129158705138561,0,0.0725160944051335,0.06409387422037173,0,1.5467652182385847,0.13604667576430382,1,0.17031213667870143,0.1373564338820682,0,0.027889887194360925,0.03509762544845724,0,0.8850650777639901,0.13362216794881732,1,0.013040215462951265,0.024715591137061094,0,-0.005630536176267029,0.007291271267325917,0,1.428176830573588,0.1244720525201828,1,0.045628976474382625,0.02477889430841903,0,0.09541208348917647,0.25122563842628437,0,1.5245141521699643,0.520985855639673,1,0.07680384055845954,0.03660463399595216,0,0.060596795664831185,0.051092023117448475,0,0.5055643786802003,0.06489454763737153,1,0.03663596617740913,0.018450770949452862,0,0.08147115117822482,0.06452350522712251,0,0.8721875854896959,0.2620199165260744,1,0.0014278972485454206,0.046279409695950686,0,0.036935310301326726,0.0265216140935906,0,0.9699038965095014,0.27795925820673467,1,0.010763485335250293,0.041544112214962736,0,0.07167380693169487,0.055036831795454835,0,0.634207302111941,0.11854459886645126,1,-0.03500363386327233,0.03709407571840137,0,0.13775980105110547,0.056439180456931415,0,1.1312726327899694,0.24833229688403577,1,0.004075155880879492,0.01838590627924688,0,0.2142163960859606,0.14664524567422166,0,0.7968916177750723,0.1350745797967835,1,-0.05423045195158545,0.11268133037602934,0,0.15714517179921747,0.18163242252634457,0,1.0234212089340267,0.14476341005665708,1,0.0618488300801419,0.06030302482008456,0,0.022242710158792943,0.0368406358589665,0,1.163774861974236,0.2678635331622587,1,0.005760026820779675,0.04676727293517738,0,0.14973227326322402,0.0939293378295691,0,0.8361784326507122,0.28661973071310365,1,0.015639081745013328,0.039634807945398066,0,0.038609427141091245,0.0306885879854345,0,0.9640340568732636,0.268617739172711,1,0.006325792589175818,0.0295397832325851,0,0.07072604942405823,0.09872805777125969,0,0.8861744419282138,0.3953477669370772,1,0.16206860359695188,0.13347447412305713,0,0.1031003970156058,0.15483048055720677,0,1.316770795634902,0.2560220367440701,1,0.3166673204868019,0.0933358576378539,0,0.024327666972616825,0.02885861042787774,0,1.7026095631560465,0.45453422675440885,1,0.016045081778691184,0.054978767881336085,0,0.02395355086036351,0.016087851218031007,0,0.9197500015608167,0.286835876819326,1,0.2532616359279899,0.10305742705298535,0,0.014527657759730075,0.03494328684807187,0,0.3988331077647507,0.12455296922363177,1,0.3431037769674272,0.2308316011398782,0,0.07223544607552143,0.04138253655538882,0,1.3344349854811066,0.3086966533420206,1,0.034794172024549395,0.04169634997010415,0,0.1818535602357783,0.10281421087783754,0,0.6768096459567859,0.19642570413333293,1,0.0028191723951825195,0.04147710892681478,0,0.04022731909927329,0.04608053343762201,0,0.4698732488875811,0.22091169799131502,1,0.04877899531960961,0.03416868039299532,0,0.08705300661227823,0.039316509658108574,0,1.3095300031505857,0.36879736412036146,1,0.026643087634400257,0.022762081793445185,0,0.035586814951465984,0.021043339748484137,0,1.2500211040501894,0.1412642244674893,1,-0.0003390813542491882,0.0036124337953247795,0,0.01249042574175124,0.011960967284394297,0,0.7717392636663447,0.20820753097151712,1,0.051590340247232025,0.023092415233069388,0,-0.0036189997952097317,0.002467745341370796,0,1.1293640816816644,0.22049995396196584,1,-0.0009116258921761756,0.010942681469721282,0,-0.02544572200294317,0.03116510510371331,0
125,1000,0.6,hgb,0.6383619291122573,0.016638765875141397,0.02598043067459672,0.05040872073123986,0,0.29844984002011254,0.13993385767118804,1,0.09279393068311827,0.0795507446840595,0,0.07840588523855192,0.07785922345162018,0,1.023073486603427,0.14671182464395288,1,0.0631473800008398,0.05836300497963201,0,0.1162324241879844,0.07852587269481577,0,0.49290044820121126,0.08953063520101438,1,0.3942897934262516,0.14493795241032265,0,0.09638531059987798,0.0636010403469816,0,1.0804898374765806,0.3784826052754284,1,0.022789231098783988,0.04404027065591703,0,0.10978048253262425,0.07425271785382445,0,0.4959054994080253,0.1679926231968286,1,0.03366499927679444,0.050105239864576344,0,0.036012048083209125,0.03266338691657045,0,1.127748831674766,0.26165996735280844,1,0.19480004928181022,0.10386116040997112,0,0.12657994366709396,0.08269661283445963,0,0.6392652705553925,0.1941084246289513,1,0.06698219486765303,0.08646466147773883,0,0.027074865245952002,0.011411825945668887,0,1.2066660436901622,0.2978126507639113,1,0.14987816915878324,0.10123604074544013,0,0.04349796637103538,0.032044371097906976,0,0.7971413211816336,0.16959104580146112,1,0.03027134846762003,0.03231411081039926,0,-0.005997502815391087,0.036586946027991334,0,1.484201891130234,0.5502749145516344,1,0.09550436793385832,0.03513121660523049,0,0.21439115242537174,0.05909872095594312,0,1.1880877490368413,0.4323164754873528,1,0.03228719383189911,0.0729110720771119,0,0.04168413370931473,0.058162007309575374,0,0.46648665012001744,0.09631935862474511,1,0.09088435980108414,0.0609050555256735,0,0.1110302185459455,0.087970377333812,0,0.7105896674176171,0.15040580145562812,1,0.12416432991498547,0.053229124160004686,0,0.039168745479152736,0.07000268593185753,0,0.8347702802587491,0.1714241338629478,1,0.10243573149483183,0.11667069328921412,0,0.06613196812854236,0.06489686450439947,0,0.7133665078846254,0.147411792491337,1,0.021985118990538892,0.08939830153059149,0,0.21054248220273894,0.14941875133922972,0,0.632316609846959,0.19963844153936078,1,0.022815963282557906,0.02372326066679084,0,0.22278393939684032,0.23419003928612558,0,0.6203756100358042,0.13268208484739866,1,-0.005051527507868569,0.028022287224817297,0,0.16135405554691554,0.13311947518453635,0,1.0222324500480469,0.3314999899208269,1,0.07165311348446578,0.06512213829597022,0,0.06662056262097768,0.05427585112103444,0,0.9927498867741879,0.25850992388703026,1,0.03418278832670381,0.05024855108394057,0,0.12622849385668894,0.1637754857960449,0,0.6133079947965594,0.2900687742204217,1,0.09030452480046713,0.05543969874782045,0,0.0656066177360993,0.08203066528091826,0,0.8110715762118655,0.2129381220043686,1,0.09314531779022099,0.06279999211363349,0,0.06461948036766682,0.09130354554777483,0,0.8445991707199058,0.31945792999770484,1,0.12925072070214308,0.14704710962485842,0,0.0734912141807455,0.0853173754955681,0,1.587639874436114,0.23663970392804307,1,0.39548437176104095,0.21118812899221984,0,0.02027639819897652,0.043716172069652705,0,1.4954423865954305,0.48759927890865057,1,0.059293274725947295,0.07427560322933835,0,0.11007934698909708,0.1316146655648311,0,0.8704448333838111,0.06697201682264026,1,0.1712732601447459,0.07094956303972158,0,0.05415385868002635,0.05388301529059728,0,0.4860553049578161,0.11025707023518144,1,0.4859070035942743,0.12992283760582987,0,0.08465291559687549,0.11247315611212408,0,1.1010915418341214,0.1906076813759019,1,0.022483228564819158,0.02801345256695675,0,0.16605173448424976,0.03647486588259451,0,0.5343914534039061,0.11636835669183838,1,0.06681061420614545,0.06614887830926354,0,0.05883124539834901,0.07866159999933847,0,0.3903229105479017,0.2033262126070978,1,0.1675926008055914,0.09681165037024901,0,0.10796874105455531,0.07552737769826268,0,0.8970021180403563,0.15965282396665306,1,0.11457215384336057,0.04940274101484622,0,0.0733863793402019,0.048180892538962315,0,1.2509732734504326,0.22010131255650092,1,0.079565012333226,0.08276824839307097,0,0.06330752716406646,0.05639739983904579,0,0.6400857504745747,0.12464840560984658,1,0.05865761873264656,0.06990909267832696,0,0.07625748208457636,0.036333910266731696,0,0.6538209910285506,0.3230688956356151,1,0.033466689994603636,0.10237324717040895,0,-0.002642275000262003,0.014158423903915413,0
125,1000,0.6,ab,0.48541725961685456,0.006648354689698579,0.02371716393515378,0.041056643513020755,0,0.056613302089764284,0.1429742929373782,1,0.017542160497800413,0.054108839093227674,0,0.060662694053268504,0.09071640889017236,0,1.22295992602372,0.6538626749952233,1,0.059998531256764354,0.10509671613582128,0,0.05661248880198566,0.06665404863198825,0,0.14184636815756507,0.2079286425658721,1,0.020034572865329524,0.027635715726117293,0,0.0688111427701769,0.1473665262930884,0,1.2361232615441449,0.5655637225563019,1,0.07557049613488243,0.07357245488616738,0,-0.014499824493194808,0.027708344617757195,0,0.26195382470338774,0.059525124748983256,1,0.2155632252478638,0.14304990988282426,0,0.0484868418469128,0.10810602855171163,0,0.4693607336172799,0.15442760167536768,1,0.7139785262852442,0.3284795702067954,0,0.02103590177935178,0.1705521950379947,0,0.24004337621668953,0.1526924475418018,1,-0.029591657924543536,0.1343759195994372,0,0.36855850329982864,0.36467054813826594,0,0.9764399819911189,0.6121058070291664,1,0.0861498384091417,0.13743040322529612,0,0.04693530706589588,0.0538392834202618,0,0.27141286541272425,0.37684805354878453,1,-0.009063385329446135,0.04161318788149415,0,-0.0010132863721941305,0.0019361855925540965,0,1.6110489273983013,0.4239470681794012,1,-0.03254833183995119,0.18511499462840045,0,0.050660505533805925,0.21478905123056954,0,2.0983054998149773,0.7314358938162968,1,0.007198292142935684,0.01907870533855198,0,0.01446052378603115,0.09930249699294683,0,0.10004012573037017,0.18296769472166108,1,0.12742944917423554,0.19355510712785812,0,0.08275893433308688,0.12543989145600284,0,0.3012699940942396,0.26870699676921334,1,-0.015211670759983054,0.0727764938794736,0,-0.003097566490549053,0.12844061416891164,0,0.48896434499903674,0.3047743303406775,1,-0.007972984486352867,0.10587164501191419,0,-0.0564157091345789,0.07356909955010332,0,-0.0073696677273252685,0.2970384724883967,1,-0.02847357707072435,0.0841369760482671,0,0.13746668132694811,0.2107025731981904,0,0.23202361731865834,0.16709111146206226,1,0.03189397635375041,0.060413942512143264,0,0.23700020547653117,0.1186531863385959,0,0.2561130170326427,0.21648870535582013,1,0.01885784149068894,0.060348415508822556,0,0.2533611052060903,0.25924678766184767,0,0.658029743224141,0.5776951735721777,1,0.016640958101907244,0.07216755702883554,0,0.014190656335099961,0.043260824852919995,0,1.4145265478393472,0.4392488919572459,1,0.14220294720512336,0.2742983940738906,0,-0.02884973185889448,0.14522953875573696,0,0.2963754571502416,0.33318573486178554,1,-0.008170083326883057,0.08160448643829075,0,0.06194097187813584,0.09745903464917238,0,0.4838730283592148,0.6091990525742318,1,0.06764514317150322,0.11206122140964832,0,0.12191324559154418,0.21618859894693634,0,1.2455229460675519,0.5506958651131503,1,0.09483732443751094,0.13994182783355888,0,0.05582365083238379,0.1110120272477699,0,1.6657584484315422,0.28012218701245195,1,0.06675342511427779,0.047606640199222644,0,0.05723228590626782,0.07376671565718969,0,2.2811910732006444,0.63354576066012,1,-0.011487791010971221,0.05641016052843035,0,0.05896125614248562,0.10404374160390668,0,0.2139231528539292,0.1667546798991313,1,0.2263523765857948,0.24886017560039064,0,-0.013188650335629812,0.0768516465326778,0,0.3414561064721453,0.2987786532599133,1,0.15421826144813774,0.14322142306758728,0,0.18721892035669793,0.2697975638245986,0,0.7547706921234334,0.2461817369024653,1,0.017492357118807263,0.0571776409697548,0,0.11320881974638404,0.13766301465913378,0,0.27005244846637866,0.2002602818832608,1,0.17288042620279018,0.12285066837564983,0,0.0,0.0,0,0.3036194639389733,0.28156135478740185,1,0.0175099480815488,0.08589861846050983,0,0.12356498145066667,0.13764706425101528,0,0.5454193788152784,0.20322899768440372,1,0.14352908033526218,0.10855344899091998,0,0.014672964573167066,0.019252924309757665,0,0.15160681376789803,0.2192465619431076,1,0.07518593131892035,0.08888240995219475,0,0.027100981671725775,0.03539375339023015,0,0.5742893310908366,0.2865824569820501,1,0.06992319801127267,0.14329692370071295,0,0.15103708833600957,0.18584127172739154,0,0.18505105657387283,0.1288997821392364,1,0.009809010305251973,0.04236942946810967,0,0.0,0.0,0
125,1000,0.6,bag,0.3911598745159866,0.023423737967711918,0.0209849745669692,0.17782205265123918,0,0.01633438486961092,0.21926449571267861,1,0.1354431660579541,0.26844357722802475,0,0.09477392821182914,0.077314828869598,0,0.6081992592703095,0.28391581468492805,1,0.5286820978665698,0.3716518070160074,0,0.10482012772675224,0.13013353297633895,0,0.5614033925054595,0.28317967494558005,1,0.18508690220307297,0.25056997728503905,0,0.18972599536197052,0.1987131981259027,0,0.44444758291565184,0.45133908475326134,1,0.17100656469297298,0.276638778485568,0,0.07848767732340618,0.08998399639979783,0,0.20705255916767604,0.14815490377241866,1,0.08611614385174655,0.10128622674939924,0,-0.08052329653142277,0.09830765277255014,0,0.6209863984538815,0.6154712197879479,1,0.25891526516055274,0.15518516318183456,0,0.020311277642486247,0.06933114033691556,0,0.5268436651410356,0.5313518309811446,1,0.015746902542960368,0.15688695028190588,0,0.11954355586443359,0.24057056898501353,0,1.0603437398229687,0.3331163530684037,1,0.06824515845779759,0.08086061541984743,0,-0.054797461801253625,0.13884165080978905,0,0.40394202203388446,0.3957315633016972,1,0.2014866117548623,0.16944442077883035,0,0.14800583276377288,0.10356808776843107,0,0.8020201842733942,0.49642315706389384,1,0.07465420154387195,0.12242131415451653,0,0.22797935621060345,0.7575294789154545,0,1.0578539474913522,1.0810393969346388,1,0.2341294573985647,0.30813481195665965,0,-0.0020122416370086716,0.13903626924738344,0,0.15532502818160457,0.3037289084656048,1,0.19680333849822734,0.19397951236145702,0,0.1013513144163248,0.139397295561279,0,0.23098963977679743,0.27442729954989115,1,0.020837030280147845,0.09151284952642312,0,0.05116611416885053,0.11821464914443033,0,0.2857968614894991,0.30961855509686914,1,0.05547890178733108,0.23383009962533452,0,0.12911275700706004,0.23508248804497295,0,0.08933834204392901,0.3569714696080437,1,0.0903165221251714,0.05396960274024898,0,0.2451146548728697,0.296448794934316,0,0.7331593772600301,0.5427621044356271,1,0.0016717650539325446,0.14157302388903353,0,0.10644433387138556,0.4082469903593816,0,0.34858010132553524,0.163307290478279,1,0.05199757415092754,0.1060404259196368,0,0.031078108934733707,0.07372568312651635,0,0.23117565804157034,0.23918295225019984,1,0.11605130027244626,0.1888599607805406,0,-0.03872080173725069,0.06287259791804188,0,0.5527384697046557,0.1610667894336877,1,0.10805249571244846,0.22846640317615718,0,-0.012821310660989394,0.4316858117706269,0,0.2992398902528625,0.22853175716028715,1,-0.04514522674589774,0.16152086111024241,0,0.033836590194893,0.1561121450130864,0,0.5917934006073363,0.2971020101229571,1,0.1357434170003453,0.12724047813844683,0,0.04579311056908049,0.2903989924409333,0,0.31526388816068807,0.527703690823595,1,0.07270442575342284,0.22048212219326932,0,-0.11349877117385243,0.24482688620889106,0,1.2236690890317594,0.2188113557668034,1,0.391039719511082,0.3422247331529279,0,0.05759109591602368,0.10505258865655927,0,0.41005381965474735,0.517239410964608,1,-0.02213155803348487,0.28600355705875163,0,0.17668818647482887,0.3626924067686287,0,0.4718342097197702,0.5932072359462847,1,0.38203087737091634,0.2911005523730709,0,-0.08452873266279276,0.2956335996581369,0,0.17533836510644446,0.19238934540067743,1,0.14141632586202504,0.24644569850801404,0,0.12353008186816128,0.32813401156175914,0,1.0954878469298077,0.617239115163377,1,0.05932320295936733,0.19821216146349188,0,0.27309844339656975,0.27449209877719755,0,0.4026343983298409,0.19766053729542474,1,0.07026330085415439,0.05659417606586399,0,-0.02792205518530346,0.058077294017516816,0,-0.07282437453265436,0.23199006135344524,1,0.07264385997094855,0.17737812257004157,0,-0.00669188960516183,0.17846435938570726,0,0.6147725661255745,0.4594434798242642,1,0.4301562081025746,0.3417518616966832,0,0.032418874049656536,0.15466400775636907,0,0.14329329222564935,0.317148175473951,1,0.1363787250527799,0.14222756221988564,0,0.08758726499917169,0.25054909344551374,0,0.3569712373926895,0.23988566605401454,1,-0.07941217309896444,0.14795048020318274,0,0.1313635134925744,0.0568623968271919,0,0.6022322188807776,0.3881584194298826,1,-0.0020951186055932327,0.1617786253646151,0,0.014592884331450479,0.03570049916947706,0
125,1000,0.6,mlp,0.9637012969684543,0.005265265152155479,0.009697378517138852,0.010004147810800458,0,1.514553669043735,0.19665539048086494,1,-0.001465976116472048,0.01734896777313563,0,-0.005033685030014056,0.014557261304798178,0,1.85194679371292,0.1943493846504653,1,0.005901371175148014,0.0054357889043719805,0,-0.02260787859498484,0.014412044268653876,0,1.8514392526478638,0.0728710660101546,1,-0.0018660100525860362,0.020525726128737317,0,0.03499755262733294,0.024887658305894768,0,1.8373300509503654,0.31285651294022265,1,0.012776013754779403,0.014476608264616815,0,0.008125996170852284,0.024433791281994383,0,1.6279319964437877,0.09968331760097222,1,-0.0012018897689225212,0.02214270137801567,0,-0.003664315237507091,0.024027754157144178,0,1.6561103267544635,0.1126644118159662,1,0.022383028211969323,0.042245110338775246,0,0.0016053667040275576,0.016397733529287827,0,1.4317035760867642,0.19324538261858967,1,0.030535816148485183,0.030295933662341103,0,-0.005140457533506284,0.013160634935941398,0,1.704514091426353,0.11098045610749795,1,0.00521701400934666,0.026173095982465675,0,0.007577580858103684,0.032264256265044325,0,1.731423875366879,0.2081410830175169,1,0.004451747613053339,0.024121875638845554,0,0.012416544611883044,0.01856267024315087,0,1.999825970741001,0.2847481194825376,1,-0.0009859790782510518,0.017478525847996487,0,-0.020061280976999628,0.03893742187329997,0,1.5636348381238052,0.22370435257350307,1,0.010243689169657033,0.031182471223062492,0,0.01054018390895383,0.010348140711696402,0,1.741140286525588,0.27502103060705213,1,0.005985376750724435,0.013838966231008814,0,0.030203238673726457,0.026066634671300593,0,1.5199965728658698,0.2337282324614096,1,0.013064136794077807,0.035815424532405805,0,0.0026168166146064084,0.011402151241831924,0,1.8257938185736982,0.3458705981234363,1,-0.00465442767122503,0.027027650044194215,0,0.03039025943346933,0.02326582039348817,0,1.478504413440214,0.20892563357118227,1,0.0014955955641011494,0.013008178903471041,0,-0.0050074148145642875,0.020303819674524045,0,1.6810084608332911,0.256620010683145,1,0.03491604978894359,0.023546934230638878,0,-0.0040454099739595595,0.019247604741178606,0,1.7066064395882854,0.3013872911929375,1,0.02575136510503403,0.022467520463567456,0,0.02814124624381234,0.02121641417591933,0,1.5024263867947238,0.1718840913976975,1,0.02717416562402829,0.014057384672831286,0,0.0055684638019521315,0.033026893004420556,0,1.985245669909423,0.30865952984040596,1,0.03431275529753279,0.034403364787054226,0,0.005498264625517958,0.023366826087542206,0,1.6477882806859276,0.28346060144597973,1,0.026195923948000115,0.015376534683914216,0,0.01474039944792548,0.03691253175936155,0,1.7157629419894562,0.1886494857719472,1,0.014975537409255613,0.024607610093855516,0,0.01870166920272171,0.03465234890226335,0,1.3688677327814687,0.07714912954712164,1,0.012956785753531463,0.021417733551191125,0,0.021294778583070557,0.017039845809403615,0,1.4767419368740655,0.149387571607959,1,0.029601898075142026,0.0205204138723569,0,0.004383317531897412,0.019331213892836475,0,1.4035882977830418,0.20034522379772385,1,0.022333674393087373,0.016883685253017137,0,0.01876873500745743,0.0063921165957893065,0,1.5835961714987903,0.14878395374415912,1,-0.005488681831925417,0.01890875118972453,0,0.027210797780940342,0.02764924304603288,0,1.5226404627609404,0.15839847888163314,1,0.0446668623988294,0.017406876174855382,0,-0.0037147984656364435,0.02945231825998639,0,1.988032533495462,0.18160585695200174,1,0.027723353094033003,0.01956069772989667,0,0.0063324244656943075,0.014080135972157818,0,1.4442889356572164,0.15576724929151903,1,0.039470426732685714,0.02575099463454166,0,0.005222564078698972,0.030523076613568092,0,1.8678838499329173,0.13694263959357372,1,1.3776922722105734e-05,0.012420183289126035,0,0.058020563551969925,0.04697157096036085,0,1.5600388675681078,0.215174049480648,1,0.03364741986714158,0.010657259458882027,0,0.03895418529391122,0.03939713804322407,0,1.4486434028610398,0.1878727779783339,1,-0.00789569981789978,0.031748170828861985,0,-0.0019956870599639456,0.025732962546466544,0,1.7586514143789311,0.2015299432919092,1,0.023391624465131385,0.012487596659730716,0,-0.008305042815994378,0.02918200721326584,0,2.0420056720836266,0.3214167360826884,1,-0.003751835377601326,0.010738129928770214,0,-0.006922192815994331,0.02094949869795309,0
125,1000,0.6,svr,0.739438912791937,0.013351731150514233,0.1626221966215915,0.08245334078538596,0,0.5518674188078487,0.05360959271946061,1,0.15948059333689638,0.07727958563531503,0,0.12524338953281083,0.05416733912059911,0,0.6937953894420537,0.13839361384562554,1,0.11342886505357379,0.05656489038995178,0,0.15540723641740153,0.0534313053039125,0,0.7187131285680797,0.10687004201719284,1,0.1750995837435652,0.054783375908316057,0,0.20670241194246275,0.06798810539093134,0,0.6762996492912863,0.12516040803905892,1,0.10761780122853619,0.0846973779098254,0,0.08701207484024873,0.04581365264274995,0,0.4263774334411453,0.10033182384855333,1,0.16379530983334128,0.033832243125577664,0,0.06997862417693113,0.026877281829835432,0,0.6417755282546226,0.04253192329751635,1,0.24469071953211036,0.06680421112983667,0,0.24778254462908297,0.10963174167421465,0,0.6370326660630262,0.12228889013940718,1,0.23971706269594498,0.07715726128178578,0,0.1437307827106527,0.029579167210906105,0,0.7312082690344586,0.0718436359591756,1,0.24087916864761874,0.06660939275985728,0,0.17036697549331026,0.026721211384938923,0,0.649288566883518,0.09951828025561316,1,0.11382968404111463,0.03674918022526039,0,0.08755212773069855,0.024074805531683827,0,0.826052189880597,0.21226041073825225,1,0.2905682982864567,0.08847225756949562,0,0.24741085648688704,0.07167945832351284,0,0.6664048434671009,0.04578210662281524,1,0.18721647162883553,0.022300497847080457,0,0.20238824169961625,0.026025063315979365,0,0.40137252219862163,0.10373914110011759,1,0.19824404791793954,0.01848109134874099,0,0.12895471515688936,0.040613337314610365,0,0.5709485681170734,0.11783712453095711,1,0.1471419776177519,0.03116095088314608,0,0.12675554669461966,0.02817600340480847,0,0.4978054621350633,0.09447662926009844,1,0.13517915378004036,0.09586319043197424,0,0.125394324339669,0.11270453798353797,0,0.45629996619640734,0.1532892586149436,1,0.15388791454873865,0.104961077298271,0,0.27767930812664765,0.08467138040595068,0,0.4455566019119293,0.11590243063349673,1,0.1188463065801983,0.06908059174460404,0,0.2059108233616665,0.03289046397915645,0,0.5663500967818399,0.1671207114205881,1,0.056592131062254934,0.05262387102137686,0,0.1743073747297997,0.04505139743403146,0,0.6350481319401102,0.09139610832476561,1,0.12960116041242845,0.04945127182971074,0,0.1362431641091769,0.07012282763124396,0,0.7208735568509218,0.16441440124746715,1,0.1895490937611635,0.12090126625805914,0,0.24416489107432476,0.08038212313377138,0,0.552801600555118,0.1744736415260235,1,0.17912200163206216,0.04282968667620248,0,0.14794538782411076,0.032734411843532055,0,0.6976775778415992,0.11341706044354737,1,0.1680280926890861,0.06123667244215796,0,0.1502511867055239,0.08014882952975451,0,0.5645130511548433,0.1510660219098938,1,0.2113813162004393,0.07173624598452401,0,0.20495909491420267,0.0745607020759025,0,0.8288283224958448,0.1525958416579572,1,0.2995572237660577,0.03539588642415212,0,0.197288635181974,0.03191443819473837,0,0.7343868017951266,0.11089635226911206,1,0.28267902116822885,0.09287164265746586,0,0.12327723203758564,0.051180436337538916,0,0.606072585194356,0.05707201363690642,1,0.21447914521692937,0.09401787718310003,0,0.12568704847429132,0.06706206081482093,0,0.46321908018302127,0.15490322645226393,1,0.34889591225060423,0.0818553283555563,0,0.21114590077830067,0.07401854273593547,0,0.8447568168638465,0.10062664896630544,1,0.13281143869847828,0.045040899940589574,0,0.2492625060056445,0.03678934640607629,0,0.5491797458282378,0.09792968147118233,1,0.19582893159952838,0.04084277286597411,0,0.17217827432097468,0.04463769575909479,0,0.5265557036804049,0.1063672358193314,1,0.08490629567368665,0.04004296776833995,0,0.20915823231281797,0.06475455300218956,0,0.6958783035645262,0.04140989411956096,1,0.24047571762579323,0.02629971659048723,0,0.15436128664446053,0.07487769237499528,0,0.6663618287702943,0.08128673825818045,1,0.0929798655614636,0.03355754402048689,0,0.11388494868041095,0.015257677686525632,0,0.4143888589816854,0.09702733740313302,1,0.029963896217214448,0.05258487181072114,0,0.1456597293302782,0.15463760442113433,0,0.7408928392596296,0.1625404556864532,1,0.09328224668665745,0.05091100334471134,0,0.027503061715666317,0.02127381785080385,0
125,1000,0.6,knn,0.5650343441413803,0.027796247878370314,0.3118588029151674,0.48394690323958695,0,0.5948333669366872,0.29644185256906463,1,0.04185459774312304,0.5603904076799209,0,-0.09843431462742282,0.3213002995190651,0,0.19352020007487555,0.2922479612466041,1,0.039164874244565606,0.5891495936809019,0,-0.0006505616759292677,0.3379675589112035,0,0.46009154137917624,0.14006372133137723,1,0.21128017986646266,0.5607533224786125,0,0.06520691838140955,0.35877882130992017,0,0.5053911901245959,0.35649091135599925,1,-0.04575795571725087,0.1644682260018263,0,0.06519875479218878,0.4643607925265369,0,0.1130978327891619,0.40957401735639615,1,0.06094110046974456,0.25415420656554966,0,0.3808335646615929,0.45556216192758503,0,0.41108292137550456,0.5465350767767551,1,0.13746939950439993,0.5431704560347589,0,-0.1285933171904896,0.5267253315433388,0,0.43830437223564755,0.454409213449068,1,0.2838600894729763,0.4999038722569047,0,0.23997732941807587,0.29814075609086704,0,0.5347039614573665,0.3098260899164694,1,0.5798842339575272,0.30198918839305117,0,0.32537780963637225,0.19870163985646944,0,0.601689977517617,0.46559225567855644,1,0.10989437839477889,0.33778982560620113,0,0.1955495143232013,0.31724785620818197,0,0.8628765312406367,0.47450776359433644,1,0.2886147985368984,0.4582534899017559,0,0.39051668679576246,0.6675356740511722,0,0.5159206025927396,0.4847262239917573,1,0.5663282924702657,0.569619493196021,0,0.4563079503392502,0.380611319387297,0,0.08942700877209325,0.3598313618167259,1,0.20351644712332165,0.7041925431286752,0,-0.20803752094005173,0.39369305433488755,0,0.28313203952981475,0.22763758642176044,1,0.06557986314008808,0.3384520334140506,0,0.33620842833918807,0.33889168036155864,0,0.3221918652746677,0.6585579042896589,1,0.03487420551382585,0.7885834715146508,0,-0.007133666235035247,0.5033198934335418,0,0.40162691544339646,0.5332875191851553,1,-0.12958807106356462,0.5357278366359396,0,-0.09075366458108547,0.18671120114028475,0,0.6111921283403183,0.49743935306863113,1,-0.051392235290418406,0.2899434906394073,0,-0.10971969820530143,0.24556476358827833,0,0.5573797433387003,0.5714638373916392,1,-0.04455421258381072,0.3342399050832041,0,0.129114998694804,0.6534070391678746,0,0.21954694826337504,0.258051346028672,1,-0.03214272884284834,0.3386395587385928,0,0.2691332847840981,0.6675829054888496,0,0.7677850340147824,0.9518501589040472,1,0.2658438908820663,0.5900646004706526,0,0.2509621545639363,0.540339668853966,0,0.6006060987614961,0.37647060284443673,1,0.16612332456723938,0.31002804917332094,0,0.17738514217856108,0.11060164526127282,0,0.187581709352839,0.18037296374346307,1,0.18956161865254745,0.4458924747601592,0,0.11430672771121345,0.4215548646991338,0,0.12409930829426352,0.5850255943448196,1,0.38917147847476513,0.6256344276627853,0,0.12649529602773144,0.43942918496979816,0,0.73444371279549,0.3588280717996508,1,0.32312815866563926,0.3810539133784559,0,0.07520867023744263,0.4888855731773051,0,0.7264245262875164,0.125425224933312,1,0.4072077361241588,0.3194294301679566,0,0.35752471039586464,0.3713171366891764,0,0.4981180914635052,0.24867167185558203,1,-0.0021407135004592793,0.4224991696625446,0,0.29305689122878414,0.3508975095934005,0,0.41329208756966296,0.40096385855966243,1,0.2871513138608749,0.4847123410796778,0,0.5188159762304686,0.3908332125464658,0,0.5655972173802208,0.29370963592422134,1,0.05600528060241179,0.512660805361174,0,0.05516486514018024,0.1660045769597691,0,0.5419222688226424,0.17508554597190715,1,-0.03838231512203895,0.3192425328011466,0,-0.06995100082435382,0.6098242670226068,0,0.44880059230567476,0.6338774632641305,1,-0.06480997136210795,0.07110664868729609,0,-0.019930317918590356,0.27012783095112103,0,0.023403136049386153,0.46471578933491164,1,0.19018427791900352,0.3965147145440873,0,-0.07930909639926949,0.5461516927319402,0,0.2505476553147171,0.4243000776878171,1,-0.13014115013834057,0.12021797936061779,0,-0.14589982618216726,0.5586577494977006,0,0.46037397183283557,0.18769308000713772,1,-0.009541287098558383,0.4157227146509846,0,-0.35582446766280956,0.31872099786424424,0,0.175985839501906,0.3528883778306126,1,0.08679622697766338,0.4419502995174851,0,-0.03286586720496643,0.2659109789257015,0
125,1000,0.6,SuperLearner,0.9781183729510623,0.0038230954638264324,0.0010980414025465266,0.0026929147346210058,0,1.9597369824361397,0.14329606252482519,1,-0.004867127485127423,0.00590671158383811,0,0.00024876199063190454,0.0031142499601061915,0,2.0589093112639323,0.1713827276912454,1,0.002049853773673521,0.004452127394485101,0,0.008394595657947732,0.0077007585666045274,0,2.0342335588277143,0.07358922803966773,1,-0.0012866974670603226,0.0024886573998247627,0,-0.00030480491176837607,0.0026993683385781145,0,2.176190963687111,0.22892059637518766,1,0.009822142626746473,0.009600085753893322,0,-0.004518454327067654,0.003438280417099391,0,2.0043251435591243,0.053670725784025514,1,0.006127646427136689,0.015617736847761408,0,0.009294618184408195,0.00988419777448472,0,1.9121540231078562,0.12690325084825896,1,0.0022842377802794723,0.0068946851074392895,0,-0.0046563729978664785,0.004603596506321282,0,1.6679547074125558,0.22032464189109313,1,0.01654861895940812,0.006478521039062174,0,0.012355149006943891,0.004386440115047869,0,2.216635240580227,0.18776609797962754,1,0.0027592652551153038,0.006075073036494316,0,-0.0003834430481253776,0.0011175018643176243,0,1.9658849848236848,0.18892401035280343,1,0.0003457948828363549,0.001243665313662359,0,-0.00020716805575422565,0.0035346028128846333,0,2.0806555281573913,0.23182538428311816,1,-0.0029038456541330034,0.005179015924974338,0,0.0022748965317453177,0.004380032652072717,0,2.07940594053376,0.22828208595819532,1,-0.0011804898955055359,0.002097335841835242,0,-0.0023228878858202284,0.0018907129094080438,0,2.1923299718493103,0.201290770439808,1,0.009288213862419742,0.006536146154234962,0,0.0008122080680533935,0.0050058422358851325,0,1.9174782120630602,0.21216329413742058,1,0.003162245318443453,0.004763320809245555,0,-0.002037622539600982,0.0028660900515743363,0,1.828608000151125,0.27701465203861614,1,-0.0006103222554388183,0.006956072207137133,0,-0.014940557331418908,0.014231179507203337,0,1.6768233540640327,0.14000209114811704,1,0.006868980608153277,0.008528311861848178,0,-0.0015350911590519384,0.0033889417574116377,0,1.743009214400736,0.14142416669782676,1,0.00024175930656485898,0.006335528185125668,0,-0.002414994750374619,0.008523295901577974,0,1.763040807469281,0.2583907504250458,1,-0.004472199394757437,0.00529156858001369,0,0.008324173706336008,0.0092757443851092,0,1.8099702837526652,0.16371449921291764,1,-0.006195516967518395,0.005715153582915835,0,-0.0015915706356955683,0.0021995178180501947,0,2.161909845035548,0.13113797095876542,1,0.002818732416855609,0.006452622990198078,0,-0.003647903108823059,0.002625073567856983,0,1.8273086707664288,0.19885110903371916,1,-0.0009413197624241802,0.003320333624172369,0,0.012910543741287347,0.01141454347413227,0,2.1659081616843845,0.22981197293897734,1,-0.004934827477725543,0.007183122472929989,0,0.004883289787315062,0.004873459563780166,0,1.8713344845983642,0.1343897912533116,1,-0.0006306057582987426,0.0016299025102023527,0,-0.0007440107749591621,0.006391930563526242,0,1.8752661870866028,0.19224810869367762,1,0.00800856309166301,0.010591955225937498,0,-0.00171174522964244,0.0045551128766633244,0,2.009412152145191,0.2548102449137993,1,0.0012294076339510226,0.004087356795775195,0,0.005850270744916936,0.006361953991560335,0,1.7725390833218693,0.15031282391059717,1,0.0009711410219410026,0.003596317222984469,0,0.008064311264934282,0.006938415786493406,0,1.7339165634764893,0.20797589642056533,1,0.024605668332173543,0.014768907226623813,0,0.0032800504027106826,0.007477294847885351,0,2.111574073540505,0.16804807127624224,1,-0.0016746561841287449,0.002151950039013521,0,-0.0053126465997449055,0.004999483698093345,0,1.703152546511183,0.12834316690046327,1,0.0019021542819743277,0.008713849296106881,0,0.0002082454619690827,0.0022949556604872925,0,1.9594960123396112,0.13129375813329375,1,0.00014931898298527123,0.005098336091622612,0,-0.0006159602543939343,0.002484798323371324,0,2.033731749229001,0.24528337188539998,1,0.011206050512700091,0.007972134286042721,0,0.04408113030505846,0.014156599731293002,0,1.7583718816193792,0.20678048192673462,1,-0.0008740957733796553,0.006551770384507454,0,-0.0010633691174074368,0.0019323050981147442,0,1.9712051874946042,0.12415334061270525,1,-0.0009796939127189326,0.0020154168957387747,0,0.0035100600382106653,0.0026517152026632527,0,2.336863012901226,0.19415514262603384,1,-0.00012150322268060752,0.005120893488234514,0,0.0002883806169850775,0.008661947688931667,0
125,2000,0.6,lr,0.981022837671785,0.0020371140880878135,-0.0011579743099330894,0.0013223032004603828,0,1.8563677509001355,0.029275830566730925,1,0.011095410210064537,0.005680540634039893,0,-0.001459959652735278,0.0020703065366861704,0,2.069190683755479,0.0742148438044791,1,0.004298565120804257,0.002612266160533725,0,-0.00047156055241215345,0.001676642073604489,0,2.0010110531454908,0.14892624938295584,1,-0.00017608101946171086,0.001956641464314911,0,-0.0006804316443683081,0.001966138218152662,0,2.1388044088925886,0.10483514176336003,1,0.00035215729600711755,0.000855492538628068,0,-0.0015458096498606431,0.0011609957264594824,0,1.9001751674503424,0.14054094051847407,1,0.0014177106901173814,0.0014141147550916738,0,-0.000487016445509895,0.0022854399053650123,0,1.8029102704145938,0.19002971912389174,1,-0.0006922369013236151,0.0017791742250282349,0,0.0012650580347585091,0.004745054173470148,0,2.2146092466831626,0.1987740579778537,1,0.012423988333081035,0.006175403748338293,0,0.0014923383408800392,0.0019680729753698153,0,2.3601218183570323,0.0913009890398387,1,0.0007348496503792803,0.0013175995758344513,0,-0.0015602500102627499,0.0015711987366059704,0,2.0476876564914512,0.20861870248826056,1,0.0021883503812923435,0.002567512811289694,0,0.003580514001791294,0.003615085600293766,0,1.7408118653927578,0.07728951167860439,1,0.00010473140969243125,0.001377101097777617,0,0.001563591777846033,0.0018631235928957513,0,2.0846373234747015,0.04882799437992977,1,0.010166937054717943,0.007742523734825735,0,0.001122114272399747,0.007374586537261719,0,2.1811966301693717,0.1555057049523137,1,-0.00030536914581179097,0.001467734253444108,0,-0.0007996314045142156,0.0012654936868626801,0,1.995273115499592,0.20019645695628488,1,0.0011455327831949831,0.00285164795204184,0,0.0020645443493093173,0.004599042170098635,0,1.968804682567806,0.19865667961750297,1,-0.0006412495498774384,0.0024465859331764418,0,-0.001230357707590827,0.0010442961429254416,0,2.1655975945348294,0.23174609386849387,1,-9.229426767646526e-05,0.0019695700526874333,0,0.0004163009280021326,0.0012438283222612981,0,1.9006090645382698,0.09060880431195999,1,0.0004926380602265819,0.0006711508925599498,0,0.00046999403299824525,0.0006604118990171516,0,2.1069567918231438,0.09382103845012219,1,-0.0008872848584018045,0.0016668936776620133,0,-8.793376927922608e-05,0.0022508239475059915,0,2.0941058773170056,0.18387416490551795,1,-0.0007092448267711724,0.0021505422003647245,0,0.0004065547410841023,0.001853834781580122,0,1.9669668120216053,0.19842664615308186,1,0.0007196679317202675,0.00212157912964992,0,0.0012397562566325141,0.0025911727701074753,0,1.8910758234104332,0.18509480289980398,1,0.0016811841741094353,0.0014586592141473454,0,0.006280385760216303,0.003125022841910524,0,2.274391911731094,0.1592945174647254,1,-0.0003236281644563079,0.0018000714049596514,0,0.0019388143779326573,0.003878384366882872,0,1.9938934902690022,0.1648866879006391,1,7.024153790811335e-05,0.0007109739320962402,0,0.00030552454355047156,0.004072684649661973,0,1.7430971516311178,0.12307350815466611,1,-0.00041071957662671375,0.0010906206245120357,0,0.0002951308462328118,0.0013326997842550128,0,2.061951725494277,0.05275549172757244,1,-0.0016368744189224598,0.00103450847582969,0,-0.0001910188701809594,0.0010008061474892466,0,1.6791777236522627,0.13488872582605313,1,0.0003056380255910604,0.0008703989861181559,0,-0.0022075844516020213,0.002732209384972859,0,1.9938404808087296,0.19138888935154857,1,0.0020992468131258305,0.0011150162958725117,0,0.0030826983253951596,0.0022471006673107437,0,1.918079532283621,0.14186866319194777,1,0.0025513011975516683,0.0016414728594270449,0,0.006247942035977098,0.0025430415248745056,0,1.9793959890153932,0.23873226157445732,1,0.00046910766322300556,0.002898187870762146,0,-0.002193644820960399,0.0036530534012089756,0,1.9618576887766008,0.13576503506740603,1,0.0008918945072888243,0.0021944013424778155,0,7.021083185316887e-05,0.001634020678869175,0,2.119920704417035,0.1906985245872443,1,-0.0009260034249615435,0.0005155058221605706,0,0.000543368318848751,0.0018281645213930131,0,1.7378395447599388,0.2036346313954802,1,0.00564816944337534,0.004116180779923434,0,0.0006660209794026818,0.002896741738948683,0,2.029280345605458,0.20172606875552213,1,0.00020226264308649666,0.0018664418038134556,0,-0.0001249924443615309,0.002239237846299538,0,2.0833907586635174,0.05910388083464343,1,-0.0006157104898754838,0.0008976814033318128,0,-0.0004813361662104913,0.0004806938752003373,0
125,2000,0.6,lasso,0.58480697285756,0.019474683462061153,0.0,0.0,0,0.2783904307371918,0.07814061170322328,1,0.0,0.0,0,0.0,0.0,0,1.8340627393157256,0.1075563444214352,1,0.0,0.0,0,0.0,0.0,0,0.34991340027794715,0.02737596470716099,1,0.0,0.0,0,0.0,0.0,0,2.0175478697248352,0.13139069331367667,1,0.0,0.0,0,0.0,0.0,0,0.44517411332682666,0.06598616798568034,1,0.0,0.0,0,0.0,0.0,0,0.6996921365888797,0.07650964350549605,1,0.0,0.0,0,0.0,0.0,0,1.1664520177632012,0.06615566397103326,1,0.0,0.0,0,0.0,0.0,0,1.9366222087741878,0.13595578781881487,1,0.0,0.0,0,0.0,0.0,0,0.8639280087547154,0.08196510883608692,1,0.0,0.0,0,0.0,0.0,0,0.822345558149768,0.06799529174826474,1,0.0,0.0,0,0.0,0.0,0,1.2339395801843658,0.08498827390407916,1,0.0,0.0,0,0.0,0.0,0,0.7279923579219566,0.06872558368376246,1,0.0,0.0,0,0.0,0.0,0,0.9194988091290824,0.0410781781697256,1,0.0,0.0,0,0.0,0.0,0,0.857696552890529,0.07121972901010891,1,0.0,0.0,0,0.0,0.0,0,1.2401348846564297,0.09010250913699647,1,0.0,0.0,0,0.0,0.0,0,1.0690766243396739,0.08345176397073309,1,0.0,0.0,0,0.0,0.0,0,0.8010437028854996,0.041645766156656064,1,0.0,0.0,0,0.0,0.0,0,1.0603096951574542,0.06731179060847665,1,0.0,0.0,0,0.0,0.0,0,1.2524420358582742,0.07018607461639391,1,0.0,0.0,0,0.0,0.0,0,0.982836562214753,0.11765846574909965,1,0.0,0.0,0,0.0,0.0,0,1.669402739547905,0.1644554247675669,1,0.0,0.0,0,0.0,0.0,0,0.9051046406763372,0.09907059580175946,1,0.0,0.0,0,0.0,0.0,0,1.0775468323277466,0.03037493612270831,1,0.0,0.0,0,0.0,0.0,0,2.035315592359553,0.10721193011763351,1,0.0,0.0,0,0.0,0.0,0,0.7184010245256165,0.08480879756584674,1,0.0,0.0,0,0.0,0.0,0,0.7562973830907047,0.057439470952479116,1,0.0,0.0,0,0.0,0.0,0,1.3460799468950975,0.1050748153756865,1,0.0,0.0,0,0.0,0.0,0,0.8704663568003591,0.03995869958781812,1,0.0,0.0,0,0.0,0.0,0,0.9372559207086761,0.07066960770362596,1,0.0,0.0,0,0.0,0.0,0,0.8982152596675694,0.041663492158600726,1,0.0,0.0,0,0.0,0.0,0,1.35934182765126,0.2078381070975239,1,0.0,0.0,0,0.0,0.0,0,0.48936499427230296,0.06867442356526755,1,0.0,0.0,0,0.0,0.0,0,0.40158313520354494,0.03795068912367862,1,0.0,0.0,0,0.0,0.0,0
125,2000,0.6,dt,-0.207874080724803,0.054810344964000605,0.1810733968615388,0.24193029694141965,0,0.39440755075440664,0.22014596873451633,1,-0.10142938501724715,0.5547635149908184,0,0.4157149684892711,0.5586875849705354,0,0.011387115706163176,2.0051034972092823,1,-0.33143907671331385,0.5461723138392554,0,0.4148890070862776,0.5938888709267304,0,0.47107976122894685,1.0619454456593291,1,-0.13449631331551717,0.4641140398948986,0,-0.01587821807349312,0.2152486860245489,0,5.955973987339294,4.924023645835368,1,0.1026347301070194,0.49135763968426976,0,-0.039316479367087966,0.08719790373544102,0,0.28807681457546597,0.2407331668625651,1,0.11702413617090124,0.12164703299541155,0,0.14807691655984961,0.3661808618766252,0,0.5954980397720379,1.516320417996308,1,0.07905173469773111,0.9352575963257509,0,-0.045971884184796544,0.31288265070948335,0,0.556084618735966,1.3106471135627902,1,0.06481733626197572,0.37121302563562897,0,-0.38634569980148836,0.23015260797374357,0,0.08527636203776671,1.238358531557942,1,0.5866389163451815,0.41236088155703515,0,-0.1089374043302505,0.21776946751722356,0,0.8919119920481154,0.42094684351904693,1,0.0009660539281334368,0.20248079936141553,0,0.163494129005839,0.36058142175151214,0,0.8744020047594304,0.5493858423200719,1,-0.18095897632523356,0.8114472173993806,0,0.2785510915130865,0.5488118419186017,0,0.8430266472743245,0.9994258166705587,1,-0.15565219206164413,0.751296165982739,0,0.09285131268486797,0.0307381635058658,0,0.36187902750351036,1.08081512875378,1,0.060683014621642384,0.2376707376659465,0,-0.0134878362862938,0.39286977076627394,0,0.5457038098483129,0.3622819417454994,1,0.08468586773994442,0.6991247433053565,0,-0.029676178113180525,0.15617564356954905,0,0.3688477750316744,0.44989279897422846,1,0.3840337623207974,0.6225466748656922,0,0.146247884791813,0.14025732630472593,0,0.9289942007697858,1.2014467361584225,1,0.6529774740858447,0.905929990500718,0,0.08195871535213373,0.4762217396484001,0,-0.039468295951473546,0.5127336048056257,1,0.36546680544717913,0.5452517725253822,0,0.28224261960441,0.4200652482822163,0,0.6410503386677006,0.46271410450230704,1,0.08081972358538639,0.11807949191065958,0,0.17582824244255685,0.22805750848881276,0,0.5877272640439613,1.0270039388491368,1,0.5558339192618906,0.9359221813623032,0,0.2914785428878028,0.3875441422233471,0,0.6048965401136236,0.7083331812078534,1,-0.13129079606813568,0.6178583283159713,0,0.5154030763884452,0.5263588102262683,0,0.34500366424944023,1.827669372649659,1,0.39592823749759887,0.7060758198428996,0,0.48932927394993425,1.0799914874064163,0,0.5665988853743104,1.1556957418371034,1,0.47857070803085777,0.6111305440007905,0,0.3259998206022637,0.3081449754616059,0,-0.1391714369927644,0.7910044514060617,1,0.27503988703581356,0.3996108942876143,0,-0.26933358772684024,0.38511422964572134,0,0.8142541138731039,0.8823418434103748,1,0.010156829743151723,0.29962742887873073,0,-0.02034602544255768,0.35536526564558485,0,4.001349527174936,1.8661295751348266,1,0.16650791450398833,0.1547326902760789,0,0.16634647602783403,0.2706138895650977,0,0.4956190109168347,0.9654808819063256,1,0.06705033827080657,0.46304713631812144,0,0.25071106045622454,0.9079022973009344,0,0.34557841729472355,1.6069280134602244,1,0.06774958949780992,0.4214907027826938,0,0.2675451312237332,0.39920652053336736,0,1.5157814474682947,1.7398884803439216,1,0.5130055228865628,0.4995885168041193,0,0.21948958673067978,0.35892732229713953,0,0.8318519926562666,0.9185573373024264,1,-0.15988615496896955,0.20877275774415144,0,0.2517777759010988,0.13905807644642262,0,-0.1942095024661854,1.7985048179813246,1,-0.1182859528047195,0.6588997134578187,0,0.30109557457694786,0.166442051512206,0,1.0088472075861536,1.4561026431860982,1,0.08838365595780452,0.34541334604781937,0,0.21509262846143504,0.7993563132955704,0,1.4941400863054561,0.7198210660601353,1,-0.2521477182294291,0.3353239988487319,0,-0.03704409951697372,0.4553782678040493,0,0.4506096138705219,0.7619199744916868,1,-0.36516589920363846,0.22043224508643536,0,0.13169337912750248,0.3553455580793881,0,0.19896639023384277,0.20529946178824776,1,0.2003962087043884,0.2499084645140695,0,-0.22642841843200018,0.17496022877777972,0
125,2000,0.6,rf,0.5238800673885776,0.015139416669942698,0.04916092377074262,0.05524673602420781,0,0.22496510019579655,0.02902790497485302,1,0.11203138232591554,0.042932597305907066,0,0.126716902793851,0.056233496080003484,0,0.8399575180017029,0.11776522688651088,1,0.0398349080761384,0.06350864644297895,0,0.07719744539138315,0.016616784706028447,0,0.1840021786168236,0.04402323296885992,1,0.21288342114378994,0.10800637247659797,0,0.0720351816422741,0.05303313579441861,0,1.8954977201819858,0.17524033995324145,1,0.05328655663640243,0.026367977581274467,0,0.06986186473589251,0.04149649483628403,0,0.22038867873638068,0.05498934377009803,1,0.06614442971465,0.030877025290849427,0,0.08650221539258852,0.045352211000763316,0,0.433825359951672,0.07970597336622881,1,0.2757785718606781,0.04757073768329827,0,0.12724635022275066,0.06991685568503066,0,0.5497240145811555,0.13558084368009604,1,0.06590723571675565,0.03714677727452568,0,0.12676759940519605,0.032380584166613005,0,1.0450838690263184,0.07810626817980489,1,0.10207238788077763,0.031104681223387103,0,0.10146506755269749,0.03703811282547334,0,0.4670290314358085,0.07226598542616912,1,0.0713468805876904,0.03750366204968646,0,0.10080666149458481,0.06183265650279134,0,0.6780418094105084,0.14282511532343373,1,0.10016229370592966,0.07103943746599849,0,0.16819193903847776,0.03205487996860878,0,0.5631958863608433,0.11846226528132874,1,0.10165261762053354,0.053201267181405595,0,0.12040314835104685,0.035002253354262255,0,0.32511137779756344,0.10828306417132372,1,0.08746421104600044,0.060309046608945635,0,0.07246425669364857,0.029628409877377113,0,0.3191734192365914,0.09923271147126894,1,0.13345331235781469,0.04879966637558997,0,0.12453564269689761,0.05561594020580504,0,0.5631234940168595,0.07670638542852075,1,0.09600960590868723,0.055675671744689924,0,0.08415677018491244,0.033699268576750235,0,0.6089803923107097,0.08539057124721464,1,0.05123257901737773,0.03458937601936595,0,0.10543539223001266,0.025950649276931845,0,0.507215942113166,0.13152602078653905,1,0.11835488944630172,0.03951720143718607,0,0.15778249069494124,0.03997342929000873,0,0.5361289169485584,0.08100341658109808,1,0.05352290291837637,0.028190554535817126,0,0.1013654883475246,0.03409239170762793,0,0.7313614759842465,0.11836020269426119,1,0.16121011968172755,0.03778945452611929,0,0.05883300004684877,0.01732473403095867,0,0.5297258900588316,0.06261615963079747,1,0.13587828239545247,0.05945601359080568,0,0.19573633686378608,0.07408211407032612,0,0.5967502148523186,0.1757068607674301,1,0.11700419524849481,0.04145245886424267,0,0.17534451574457424,0.12084507445734269,0,0.7199287434464271,0.1276938661698444,1,0.05353488288807764,0.040708429459356835,0,0.14358550285700952,0.0427494626143384,0,0.47501575166033216,0.10636431887177436,1,0.10983837137298746,0.04986937211023972,0,0.08832539783526101,0.017908074770907192,0,0.6272986487061288,0.14087762599671785,1,0.13996400027645678,0.021375809886899504,0,0.07829514805362653,0.032191263711723594,0,1.8828278354878614,0.28993482085570926,1,0.07189506327142162,0.0466603091057008,0,0.08345965645567137,0.03888340146562721,0,0.43227125364703356,0.09186837656393208,1,0.11766827071685171,0.08337680203104783,0,0.10481844393297321,0.054434390073629046,0,0.32670200081614426,0.05330671641546515,1,0.23636528834886103,0.028595981916243376,0,0.21191279010381522,0.09028089747394863,0,0.8556829367914804,0.17976000011905607,1,0.08935134668832341,0.05975954778142131,0,0.110217613979222,0.03319475367469965,0,0.5133958880693601,0.061723861054404076,1,0.08773561788135795,0.0662022442495367,0,0.09848610485621598,0.04189692913564237,0,0.30303719125779266,0.050594449145388375,1,0.2840012435823976,0.10944341811775463,0,0.13482514658014297,0.06297535377375735,0,0.5886265419100001,0.1556337149948403,1,0.1569176784365653,0.03823965790951048,0,0.09108545416636166,0.04982020971003483,0,0.7752857481419382,0.25694671508005923,1,0.07775262092344264,0.029956471942002082,0,0.08229964183981528,0.062173507051983816,0,0.2606881670247365,0.10295680989130285,1,0.05743672340401201,0.02477790213934211,0,0.10595854108765028,0.031635761783605026,0,0.24983688166418688,0.0473451357645769,1,0.01210373174004056,0.02566018992259098,0,0.017040401989568053,0.013852093344244549,0
125,2000,0.6,et,0.5301588653850047,0.011553544779577235,0.03316924291789974,0.0326116433701571,0,0.18800951696026397,0.045673534155386025,1,0.0939659389633137,0.06045084395019829,0,0.13305658892111255,0.047955090636538016,0,0.8067638445800804,0.18567458717989513,1,0.043690110152383145,0.043094850640297507,0,0.08444302384458431,0.05851167127776028,0,0.2513388666565594,0.018395768969287712,1,0.1827811206801832,0.042080486215667866,0,0.11470402348464907,0.035407018391623045,0,1.6633792152503246,0.13704293609653392,1,0.10939270182833268,0.03957254526490272,0,0.10002214471598145,0.05215567297884104,0,0.23206724831575576,0.04179441083827406,1,0.1201204465139742,0.02633396865805491,0,0.10914041603552346,0.04399421001697335,0,0.33686493791832456,0.05209645281583552,1,0.18669204117759677,0.04215498353723278,0,0.12908923330892205,0.042618299536349734,0,0.6099728740417293,0.08386028813369215,1,0.06339359663096042,0.04805607069045207,0,0.16376281144528487,0.06078380754349421,0,1.1554474854563017,0.014667544174626571,1,0.13544231158399447,0.03878297833479097,0,0.08975554194676577,0.01886194212978372,0,0.3655069735689177,0.04230133917345471,1,0.1859229335788795,0.045378822801971815,0,0.10615922930631898,0.052763238185146534,0,0.6619030661263008,0.17896497847896536,1,0.09504601973368915,0.03919710842029306,0,0.21523545093043156,0.05151844505013673,0,0.5736387195119812,0.0897504227613944,1,0.1411889695519814,0.021890351205881304,0,0.12599092641440462,0.0676646590642844,0,0.2974316548614537,0.05943829427817713,1,0.08054359667057628,0.061759591114316385,0,0.09169036465685991,0.04261867578030251,0,0.43047361925683497,0.05363530595816205,1,0.12699674777081518,0.062335993918592056,0,0.12204719577239656,0.05934765176038422,0,0.5868688046084296,0.0637709094449375,1,0.07840906991084813,0.06368885624785026,0,0.09251509198283242,0.02809337527184166,0,0.6655997755553774,0.12605177058671146,1,0.062459635751991774,0.04629235877493174,0,0.12321644954327449,0.039116016510198776,0,0.5897677438461748,0.0917242423096039,1,0.08137946347910623,0.05632908325141255,0,0.15269274756198198,0.061114529745460076,0,0.547717623457538,0.029779998309199127,1,0.07833374879243334,0.04629532754532773,0,0.1175648525766518,0.023701884901193633,0,0.7537931264927715,0.12408460074856224,1,0.19640851705637882,0.0894990448577545,0,0.05052014292199668,0.05428410387439038,0,0.4790332572932215,0.09837755822353114,1,0.17169252447612166,0.06080706611421816,0,0.27500782842179294,0.025838087964080228,0,0.6092001151771289,0.24724159264425238,1,0.16789514735091463,0.09030166879298779,0,0.15989799812987066,0.06611860703608172,0,0.8559299649291905,0.07505246613838924,1,0.10927358158951213,0.021510849843699078,0,0.12766927409463782,0.02402908167656854,0,0.40785184277302705,0.11437544450408899,1,0.12419352297824471,0.02044207504105843,0,0.07476705423170706,0.08044932255259524,0,0.6836370115897772,0.03228512756020573,1,0.20145807543617306,0.0726380620406954,0,0.07996758478101892,0.034475157212507,0,1.6254502501418355,0.2031047282473661,1,0.09941618376849312,0.05394228702846884,0,0.06721615272857902,0.008156209357232616,0,0.5955585050888251,0.1466619089856864,1,0.16592022009077984,0.06642198555694487,0,0.1002600008648334,0.0792272359211692,0,0.29478369164836926,0.08755426082550011,1,0.3035627789561432,0.053319673201340845,0,0.13605691095866254,0.11434239507240883,0,0.7737433587709412,0.1548484002810768,1,0.146393382502989,0.045593188447952654,0,0.13514135890482878,0.03751055181568361,0,0.46945764520856087,0.14450881764032253,1,0.09212904936786047,0.024556621502694068,0,0.1096451275700245,0.03311719450364717,0,0.3044522887507737,0.11297833165273707,1,0.26130690075631796,0.08905649404517142,0,0.15445767727661175,0.04628654863621881,0,0.4998836778123623,0.05807062605381698,1,0.1791970490620709,0.08051512901451727,0,0.07001145560985741,0.05750617834404526,0,0.8144378029222032,0.15566060318007752,1,0.1289003171242742,0.04261807219971302,0,0.04675116416049195,0.06898725789664191,0,0.22214696713487475,0.07107573556534921,1,0.06684772855297552,0.04947378761365803,0,0.10101412051780793,0.05478349140053224,0,0.20533299063463853,0.07923291649341031,1,0.014216139954913418,0.017457637364416193,0,0.018259666098878184,0.02087584216218408,0
125,2000,0.6,gb,0.7108024782085345,0.015994156763074852,0.014910864652869699,0.013943254328632085,0,0.6594814171406206,0.06636700498880733,1,0.14860586773240797,0.07714897474941923,0,0.027119295194154354,0.031913088170817804,0,1.6886197889575427,0.08353997398283211,1,0.003714310421400093,0.00803929380114106,0,0.010470266767519618,0.020507790191290905,0,0.5831764743667536,0.043948948146173374,1,0.18892998685556245,0.08388629935368212,0,0.014269284122976528,0.023576189196181194,0,1.924569259868317,0.1835143067146352,1,0.04034051191504811,0.02199060658195378,0,0.015942298409072585,0.03266357964785956,0,0.7329729645552595,0.10487754460153077,1,0.040353979341791954,0.041820530607885154,0,0.008306531742421349,0.011973753788732654,0,1.1071545174599344,0.21676522033718668,1,0.09546880873977971,0.08931158243348414,0,0.027557279873010272,0.04104051584991491,0,1.3140336994114372,0.1706425174750106,1,0.00887125790688625,0.01560061862163919,0,0.04733139664923833,0.05933845848762386,0,1.5668560805513978,0.10634009007965466,1,0.026739865413848058,0.033717603700266295,0,0.00017352275584062827,0.015706238650453355,0,1.3226323623347105,0.17263022661191924,1,0.0660984971414615,0.05169396025003398,0,0.0420627788822977,0.04443104406002811,0,1.1696203136686836,0.08919429735592965,1,0.012456370313992025,0.014539672386662185,0,0.17227700387609374,0.05291491816713888,0,1.1845177440325236,0.16550726377978078,1,0.050405664249410634,0.04322479357087691,0,0.02781900279502253,0.04121849764109929,0,1.1103803006404203,0.08642717187254859,1,0.00969172970566524,0.01249781954811543,0,0.04789107420708115,0.03575530868173136,0,0.9834119042002627,0.13065335342980064,1,0.020022870552412912,0.01797694137579021,0,0.07865007626270128,0.0341368375475211,0,1.1335112539282493,0.11680521571247647,1,0.0313016601389105,0.038189238905733,0,0.0008457838143040846,0.018494856624710232,0,1.3293571310471992,0.23488000147074664,1,0.00410464794399047,0.010119330822171715,0,0.04021627944025528,0.028014125151793526,0,1.0882305524704785,0.23704808851555706,1,0.03147476625381011,0.03230006377390765,0,0.05949595669238626,0.048621183904296615,0,1.2607185604525697,0.2038917934333703,1,0.0035899379235304492,0.006525911120757731,0,0.011112043839462588,0.019610506977450967,0,1.4884899170455346,0.18741941442685137,1,0.09887267903196145,0.028776149225449087,0,0.01209101361646209,0.01640991938005046,0,0.9862120044552347,0.17291093476494857,1,0.022768656680031273,0.03971140357760322,0,0.13305312676190226,0.05485290163370696,0,0.8059187983042675,0.16553867126436853,1,0.06431090546215087,0.06291620104159605,0,0.06418375826631492,0.03390311548116604,0,1.3496074712814958,0.2749859857618238,1,0.007818090885060854,0.014022281456379019,0,0.1357101314335285,0.0688427789271233,0,1.1776073817142998,0.17944440007840318,1,0.08702017052645612,0.04997724930455108,0,0.002396146996553981,0.00967114505066915,0,1.0125189429962647,0.2775176934403382,1,0.1571620489781762,0.08962025925936243,0,0.0064190824126974634,0.023338982933159443,0,1.9075842344640925,0.13136342665385883,1,0.01906953861450992,0.024011803734018865,0,0.0017413897007336702,0.004094650053404847,0,1.0119850269688453,0.2473281472859437,1,0.10133774162880146,0.0545948810993844,0,0.015405876176484262,0.03182339024499176,0,0.7799528472002896,0.12010123519670725,1,0.16019560145848072,0.10350421128624301,0,0.07899688250395248,0.045166945421494124,0,1.3847329781866784,0.11302891034116133,1,-0.006910989598993616,0.020833556922847708,0,0.021505089722979882,0.023381453595077116,0,1.0569043492050676,0.13861588269949593,1,0.013500538647845589,0.016942159058379792,0,0.010422048160074021,0.02102814177574306,0,0.9552256546336544,0.21589312670280258,1,0.16710384453956262,0.07062142900517974,0,0.08338797039142971,0.08297300242827371,0,1.2407023521042562,0.195951225327463,1,0.07870068773125102,0.03642472115565463,0,0.026264921929778612,0.03518538193820269,0,1.4208195649536333,0.1525330068426509,1,0.05590838719675054,0.017806410122657088,0,0.012843109143784958,0.01782393251529227,0,0.8575016730773715,0.2936020322299033,1,-0.001648339433122167,0.01843250999656241,0,0.04596746049124639,0.03383471956768817,0,0.9152997417266195,0.15573804005015715,1,0.008264530039328769,0.015340737203300965,0,0.004104265270983305,0.006569046173524671,0
125,2000,0.6,hgb,0.7202333406822492,0.02049135391741177,0.022516587642661172,0.005111155605924294,0,0.6731817126212902,0.1092330928783867,1,0.11923558116147184,0.029342222138340222,0,0.0902128857962108,0.06294210995848754,0,1.4808368518248705,0.20163409229068963,1,0.025455400948192076,0.027198643148733815,0,0.06098934744499117,0.03469254969135558,0,0.5741412277284844,0.1218170609308613,1,0.19293042985790748,0.09047858288243456,0,0.04296414005746439,0.03843944627288592,0,1.709733050605795,0.2237676872875199,1,0.09833959107551779,0.022765254349330747,0,0.05625665998877161,0.025865851116311928,0,0.6703840407350816,0.11632071381854169,1,0.06443095778050882,0.0821012678845156,0,0.0473938048107082,0.05839236920386874,0,1.004766470590746,0.128145058629943,1,0.14540389589380862,0.06821530753024077,0,0.08031604265782746,0.06729954678141783,0,1.0115867368136588,0.15455409138458115,1,0.014313583323425406,0.030988911143663953,0,0.04478471685687935,0.03895436955442508,0,1.457787511026245,0.21359396571121483,1,0.08031508645962968,0.06026570904298599,0,0.04261977710037995,0.007897996586641642,0,0.9610498162426862,0.10340316814455545,1,0.0776063023782549,0.05019716594688687,0,0.035117868539006905,0.018647214594349454,0,1.0471589245843358,0.14404999145876302,1,0.03637062448485316,0.01399315672865529,0,0.12692390095630562,0.07386891881627211,0,1.1488807180464,0.10783740897991793,1,0.10550369090943171,0.07198057974733109,0,0.10637400272872795,0.04466417290407799,0,0.8779239698047228,0.22594059152195897,1,0.0770012671919749,0.042738537432918874,0,0.04552454618793493,0.06049968805103125,0,0.9704659257987143,0.12422059342413928,1,0.051686492254602735,0.040203219876132366,0,0.14143817879622694,0.08481078245163744,0,1.0531859699394006,0.19978204156828802,1,0.051985104034915776,0.04684154083868954,0,0.038220435010681716,0.031167023618791628,0,1.1465017292317317,0.21313875952746522,1,0.021147450286721544,0.021073379881366733,0,0.07242149878461354,0.03281363990162284,0,0.9288266465013475,0.12790563792229062,1,0.07645182988860456,0.0461139943693268,0,0.10755752558507733,0.03814424641369972,0,1.2386582371239185,0.13804234615674887,1,0.008794723397861467,0.029985774737509477,0,0.0554356771208945,0.046136450185382406,0,1.1731385146920528,0.13066458698844663,1,0.17191714974903738,0.061521749501168115,0,0.04109073901556823,0.03290359520655322,0,0.858814528538473,0.08657424255633746,1,0.04851087377535958,0.04683336486788333,0,0.17665637420898345,0.08977005442411341,0,1.0344329501634761,0.07223163249117998,1,0.08714234896042998,0.05547210103333822,0,0.03813083678450274,0.06438172685121399,0,1.2621605685055026,0.2089694850512172,1,0.02495641041587156,0.017064441680033456,0,0.21542026135815107,0.07098864733361607,0,0.99525369145839,0.16747158178021837,1,0.10719337091107661,0.05935105776678583,0,0.08147247220841156,0.06536571189171192,0,0.9002859552253574,0.16728397566104697,1,0.21945306783904162,0.07648387636825106,0,0.050063054201477754,0.02710914322260559,0,1.8091593726183581,0.18562846105310038,1,0.08011474657861921,0.03197497294556282,0,0.03253648000824474,0.01895175871551038,0,0.8116766741391782,0.18862528564716355,1,0.13330381321002666,0.022776318655906805,0,0.09380388528470304,0.07485355474340115,0,0.6305660046298447,0.026353070244681247,1,0.21650297649863615,0.08106218810766808,0,0.14856404028735487,0.09175463803000092,0,1.4713128533667812,0.21774224327444705,1,0.07139265600654762,0.023305380579084607,0,0.05544675543437061,0.0563904928484774,0,0.9849740739132005,0.2556426730354588,1,0.035393653652570814,0.016548983130290396,0,0.015263329824101035,0.011443895185644863,0,0.8631414887217623,0.09620214451579369,1,0.19362802209805743,0.14353415863998042,0,0.06471450282804558,0.023413713345322003,0,1.1358659381768152,0.16966391509720827,1,0.0892243688892606,0.0613296411394924,0,0.020221014772066264,0.03010310519682967,0,1.2357841730327797,0.3224092858222736,1,0.05745057606806634,0.03704838762382611,0,0.06539477428626012,0.03044805671245113,0,0.76015344355347,0.14135116909255274,1,0.02032439434122347,0.02044157494528548,0,0.10121443905913766,0.0253245369281887,0,0.7150920193948844,0.14293425763162826,1,0.005370333447552674,0.021284113015419128,0,-3.2316678321819836e-05,0.006890889033822644,0
125,2000,0.6,ab,0.5262018660017691,0.0178091202062352,0.0075610347962250714,0.0173288881815689,0,0.03214849902757885,0.05032668732760883,1,0.1185738700997964,0.2184700936300935,0,0.1547426764134557,0.09949520242138235,0,1.0917848516317907,0.10742668794266746,1,-0.021168997378842987,0.02594983322324689,0,0.03769149972384083,0.05608422896345547,0,0.1637369203897764,0.13891344598521016,1,0.09994807807255782,0.08076979410372086,0,0.19367404000173627,0.23083478276026545,0,1.948521380459567,0.56396433826547,1,0.03633364547349055,0.04584295842796426,0,0.046140337495941534,0.06457789382536525,0,0.10186713627021396,0.11315273757927205,1,0.07239436407619582,0.06483599786535528,0,-0.011517131436470677,0.017229801000084866,0,0.6872011730797188,0.3596662402149567,1,0.28830912151314847,0.21995532302316653,0,0.09039177826627079,0.14312030403941586,0,0.6379426977999462,0.12028347382224747,1,0.0,0.0,0,0.0823135575055351,0.11231019636223749,0,1.3038421418799877,0.5896578602025823,1,0.14384894047684807,0.06550042354475429,0,0.0043081865171662485,0.008616373034332497,0,0.9957305405958152,0.2508724898375644,1,0.06822565189547751,0.04597397601238096,0,0.0891527931868418,0.081348655347383,0,0.46597102633819637,0.21175768464721273,1,0.11975027396824652,0.1231919801035889,0,0.07096566579472383,0.11910357986540783,0,0.5148025320183477,0.2237619619302793,1,0.05455650987409966,0.09188795126007072,0,0.0626465339407989,0.05144684815027506,0,0.6810026310075477,0.4379931598333909,1,0.07669033125189194,0.0681329593424428,0,0.0798150907230597,0.06276888647542742,0,0.8155613234249032,0.37649076463284814,1,-0.003925668824289517,0.02582748341812905,0,-0.028404903411947697,0.14628543958752144,0,0.6579320286444361,0.0765782936150074,1,0.020787417924606703,0.0273752133245431,0,0.00047849204586422926,0.00799686516373498,0,1.0189786904470985,0.4055365731344732,1,-0.004176174794255914,0.006407948565149752,0,0.04824982763883352,0.05830505750182853,0,0.5587360999624875,0.2198541212239354,1,0.12788464319237752,0.07401970092497309,0,0.10792445560558747,0.23384340756337668,0,0.5295871454994286,0.10698410882075386,1,-0.0002644935838325324,0.0005289871676650649,0,0.12084372665855594,0.1189954677233274,0,0.6620214424711468,0.2971471241132696,1,0.162861087647647,0.09779922312583378,0,0.016646535424402233,0.02189555410139124,0,1.2975506341920986,0.14950745592108838,1,0.0046023996891477745,0.07284706546606443,0,0.3582090758747186,0.25742694755766815,0,0.5042637982761244,0.3747734006840839,1,0.03174737764736529,0.07644107549833114,0,0.07855673198345017,0.14142657796394895,0,1.1066725953777339,0.2462103789332187,1,0.015551130202538871,0.031102260405077742,0,0.36870807171945075,0.3072952747786688,0,0.7730832866352925,0.1927128909012342,1,0.043435242744287166,0.09913231016854211,0,0.0691020642260595,0.10421460237248911,0,0.8856570235219114,0.5658547650375021,1,0.046504070431434875,0.048503025220091825,0,0.07910474187757553,0.10029967517133269,0,2.7847088821149177,0.48808951472763007,1,0.0,0.0,0,0.0,0.0,0,0.3464199420817059,0.17849665313530763,1,0.21895509014961306,0.1491672351111274,0,0.10031718583875841,0.09456314343879584,0,0.4658530142506752,0.28964300023513906,1,0.3129966772916605,0.2486662332791603,0,-0.002665442232335337,0.027666382198345538,0,0.7255961101138299,0.23778586293780268,1,0.08814395353175337,0.12510600844639258,0,0.021120417921192146,0.019235212824819124,0,0.8817840470510123,0.35631208187731583,1,0.03190603900175633,0.050500315022840025,0,0.03606598482298342,0.07213196964596684,0,0.3325551285525271,0.15607814503826148,1,0.1520634163705039,0.15445171862862772,0,0.13066951823986112,0.13718605322570138,0,0.5711587782951206,0.31656135609981356,1,0.01434860674018745,0.012550860841093445,0,0.04363330141616541,0.05867561075933222,0,0.9043587585656534,0.2713349398294453,1,0.0790265612133032,0.06398717969795983,0,0.0002312422323128516,0.0024123743424048208,0,0.46106390985904183,0.19265889895714516,1,-0.011648293592397208,0.02914891684771406,0,0.011894077955732113,0.04115843260106427,0,0.07550736555331858,0.11684496808294091,1,-0.004156748001336481,0.008313496002672963,0,0.0,0.0,0
125,2000,0.6,bag,0.45927554952175137,0.012466547036048166,0.1495106237841844,0.13546737905886855,0,0.22530420295958678,0.1502130378785123,1,0.059743673961912144,0.04377262815633442,0,0.06934761107823054,0.1510558269721273,0,0.9836688250218039,0.3459936666461416,1,0.07926389677381665,0.10707303084909833,0,0.062488395806602426,0.09200345991148652,0,0.1287412132663634,0.07793122617146485,1,0.22211157953325666,0.2650633891902206,0,0.05317262282120825,0.036204965786757595,0,2.391088903015214,0.44534975908439134,1,0.0809998416070837,0.1075760426766286,0,-0.03219368823286079,0.13549745839238952,0,0.23243029848116747,0.19951102436256699,1,0.13038731044644117,0.07219103278819326,0,0.10343731718576969,0.10683854371346531,0,0.3124373933568425,0.3177964193223191,1,0.1184174874554507,0.20293976607215444,0,0.18769082511426372,0.19289891182792646,0,0.8732191015569652,0.19214506959320699,1,0.07047980857433836,0.17866373871857844,0,0.1115294957791145,0.07215413780854013,0,0.6098387923198709,0.35757435091555717,1,0.05757994781287394,0.12568349586998925,0,0.015020781813223624,0.09304884475833297,0,0.5347047292991725,0.059857986751763646,1,0.09276912166777432,0.09190342197531295,0,-0.0011400690407148638,0.10875510785148115,0,1.0984073489077701,0.41641508979235053,1,0.16266616411532464,0.09765965156508177,0,0.14782035900665558,0.07271071433472596,0,0.6061032791524108,0.29815722716475346,1,0.10700999003776053,0.1489572658450822,0,0.033550565561235826,0.04235537265616222,0,0.38302966180299547,0.33209695847656057,1,0.17805874369196117,0.1203807888865129,0,0.10414369270779031,0.11469669584310103,0,0.4485556480681054,0.14478389708567885,1,0.20772231585127515,0.15766248255449547,0,0.04286209675206258,0.22200080322705812,0,0.5349695282544344,0.3209175468578489,1,0.11933460329116055,0.10183050458760538,0,0.09518951508261478,0.09424800661029104,0,0.6156340821414472,0.3136580738274374,1,0.10559441344871956,0.07077121141367557,0,0.16969106191070207,0.09938632474515109,0,0.48445222528391485,0.24683635455527375,1,0.1862013557779817,0.20478206652614436,0,0.31669794209985136,0.11019557357385193,0,0.4925526789199016,0.3175371477818508,1,0.005507380414278601,0.07282289751659148,0,0.15431421339491075,0.15637525078557715,0,0.8519499474588959,0.5115951902797348,1,0.10986733023487298,0.12962060592152416,0,0.14203302365960327,0.06246979746009157,0,0.5729474785958464,0.43399601336132315,1,0.20665289217357302,0.24278407363030804,0,0.2877985750920393,0.147603373466586,0,0.720597932335201,0.5029799764367233,1,0.19590905336038858,0.09525383485578898,0,0.0992898831254507,0.16069311212183693,0,1.1808245374697761,0.7023958981209166,1,0.08922512269877989,0.13541052184621524,0,0.07194208382433778,0.10457114833840796,0,0.391491530995519,0.3882155009928692,1,0.2060219552489888,0.1611829757121352,0,0.03956861718992921,0.14346148828073607,0,0.830254383437919,0.5277441446651535,1,0.12351361980155344,0.12503465325701135,0,0.1455257589089962,0.11620220946208125,0,1.989241572595678,0.46188532247464886,1,0.12920250950117176,0.17212040222616165,0,0.13221016240472086,0.13342944129760265,0,0.5704284170825435,0.21913411468237684,1,0.028355562199487466,0.10248755408209922,0,0.16139114443389246,0.04753418760568592,0,0.48432504987825353,0.3394792564572835,1,0.3475540627579847,0.28914526555872566,0,0.37391416754473816,0.24012463119047514,0,0.8515365317916153,0.4509749564831296,1,0.07065216464288147,0.2054567290205652,0,0.2948811621977128,0.13159540818745513,0,0.635323234302117,0.26423275348269737,1,0.10363946964752321,0.08375113801993833,0,0.09798955322808958,0.10567126575787307,0,0.26711259925953995,0.2467215572386947,1,0.1423270226736514,0.17335847446729563,0,0.2246749994093208,0.18240004483100666,0,0.6730201364013451,0.436496189464541,1,0.2321992840043796,0.19725371900429498,0,0.045745890728482494,0.17932691453483712,0,0.6870708758212943,0.4544554302324693,1,0.09463392947025523,0.12072381838391594,0,0.11073293489421596,0.16304507024573572,0,0.39741113082025625,0.09681952026907877,1,0.059139703405194775,0.10495654886250888,0,0.07953891947610645,0.1633400264212358,0,0.28201625690999205,0.09201298721358503,1,-0.0773977663335684,0.09418614255769023,0,-0.000568928928744769,0.09244255372809726,0
125,2000,0.6,mlp,0.9671996898054911,0.002545426167016072,-0.010023771295778482,0.008292847656085848,0,1.7658644800205665,0.11071702571736622,1,0.029012432617242807,0.022229797969580134,0,-0.0002860021373623769,0.011531304794439251,0,2.0512202614849877,0.12681818164599062,1,-0.020278055029788366,0.011642637747326283,0,-0.0013357905335735036,0.005795083612682298,0,1.9533443664028645,0.16035530747103213,1,0.008334742653777144,0.011391385678440197,0,-0.00045173611016574073,0.006400736067046253,0,2.1175663552482034,0.13399205206533352,1,0.006797235822335062,0.00978360026893341,0,0.007862349056815484,0.007809632088493726,0,1.7153019841287012,0.24564316386131888,1,-0.005519817955253503,0.01682722805640641,0,0.008455961862699087,0.006942888137785825,0,1.6615327308606165,0.2514385504641464,1,-0.0024097309300093175,0.01104062414218023,0,0.02775969403120166,0.01001787149621654,0,2.1037033520638633,0.1482266504014338,1,0.02265761767157152,0.019963829688026256,0,-0.007946485227890172,0.01427848837197642,0,2.2276617846289,0.10029153606616843,1,0.029313576979473944,0.012363427435694237,0,0.019159151390430982,0.01044014049746112,0,1.9436682336533662,0.234444136949377,1,0.003775021828398529,0.015265633881189839,0,0.0118514580195714,0.009638596707460895,0,1.704523322248598,0.09145705667860529,1,-0.008756732072516381,0.005785405144618812,0,0.007840474059376589,0.017425913536044547,0,2.1012294481366984,0.10515962389745093,1,0.011631413145550305,0.010047705786921423,0,0.02352953286319765,0.005065074209622757,0,2.0052891971515514,0.12693052391429438,1,0.014524341719627448,0.021288104836923283,0,0.00682331474655787,0.019837471816378384,0,1.7420359130157101,0.19009141429629448,1,0.0054706351049915,0.008886546630606477,0,0.014457933385452464,0.02168924121608278,0,1.9031816477718806,0.25968181956278497,1,-0.005230627264582852,0.015412600114361096,0,0.03367569475142769,0.018171030562989878,0,2.143649524347249,0.2826220638057993,1,0.00456658021706519,0.018686447536347236,0,-0.004413720182548825,0.012820387377121307,0,1.6475306600680812,0.10200892472990933,1,-0.004210292014518647,0.012766188847254098,0,-0.004533640340229619,0.016567940566925208,0,2.066536299305018,0.12449086668216962,1,-0.008975993202645432,0.0168910696989321,0,0.0036973819937374287,0.015106865706921591,0,1.9596563742745872,0.13691331184349131,1,-0.00041916062913551296,0.01966558719062905,0,0.001940918357049081,0.02299101400826639,0,1.9720161206986688,0.20710704003751126,1,0.00545432293350537,0.013561293863180023,0,0.014420171110767974,0.022274496334113904,0,1.7295324330002244,0.22007751192088668,1,0.014081816404517607,0.016552588002215974,0,0.022431569585606985,0.015873629118994537,0,2.019754319968526,0.24598754361299044,1,0.001851119106497643,0.020470619469048722,0,0.022603832384730176,0.023708881968871272,0,1.7360861881368657,0.10957599027714565,1,0.013318852252635896,0.010861487695239293,0,0.035306799552794706,0.01982599064289103,0,1.4688778176047523,0.11324377466991045,1,0.0023305222194328046,0.014077713208170592,0,-0.006023085196832543,0.01392854170744521,0,1.7963164993979164,0.09639803173378127,1,0.008258244901292407,0.012280003171675326,0,0.011739428345670367,0.013018975764653048,0,1.5953212185002639,0.1700998926014004,1,-0.007124318081027046,0.017186825088635713,0,0.008063666626340331,0.01575470533013413,0,1.8681872952872223,0.11621089886367483,1,-0.003012318040808446,0.025381675300302445,0,0.01966655251516059,0.020093856090580973,0,1.799089099273728,0.2309241612233746,1,0.015192338830853747,0.012349764334026498,0,0.023424461015621338,0.019108627185707328,0,1.839582677022475,0.22987593578477314,1,0.021351154535673607,0.020038141113267544,0,0.007223566459966422,0.02687708463645294,0,1.9383903422795814,0.19854113314262503,1,0.004957276292918193,0.008452819134402796,0,0.012603517697933603,0.011354895975951589,0,1.789206424936512,0.17510218185871468,1,0.0067086915752377005,0.01830387239191976,0,0.004041574597341618,0.0053875624830425645,0,1.7419028750470666,0.23587751242066382,1,0.010286063693350205,0.01301293408347937,0,0.011228578496217662,0.019999676123354314,0,1.7978492955079823,0.155598173712888,1,0.007715738795435949,0.014461052170655235,0,0.004447733884887321,0.02815596476649446,0,2.1296538305407973,0.05789550653525108,1,-0.00964848122680861,0.012209636390211316,0,-0.001069202988694306,0.02450080657589295,0
125,2000,0.6,svr,0.8570471031972934,0.011930845799813686,0.08843914760658686,0.04488775831054022,0,0.8112778066029536,0.07320733502278025,1,0.13305575483360393,0.04821699293486209,0,0.08796094105090455,0.027097680246697183,0,1.0084429375104729,0.11960268651040472,1,0.04000461819584017,0.039822102825559605,0,0.08060198373504546,0.026850853085399088,0,0.8383179115625765,0.11315077089562929,1,0.13392901244198646,0.04140107430908838,0,0.12083426685026073,0.039268026500429216,0,1.004337442210575,0.09300940852505514,1,0.0876030770996789,0.041538454995146946,0,0.033236653188851835,0.04024004056317354,0,0.6621273000553669,0.11254451022694106,1,0.11615112455006156,0.03343138585047393,0,0.07686755792928979,0.021651001524929877,0,0.7406792292908604,0.11557193499474962,1,0.10495839666925952,0.03950848832034722,0,0.10419609148927403,0.03484289646380894,0,0.8438797772737295,0.0793085095578784,1,0.08004430105850881,0.00993663679634137,0,0.12459343025622575,0.025667933510060408,0,1.1235493202311926,0.10193035015741404,1,0.1275109292211963,0.051567249780404945,0,0.0805738782441108,0.031400985298740254,0,0.9352960568108809,0.12792210008346286,1,0.14697400112932238,0.029750656902685045,0,0.12104077016528589,0.05633075944723704,0,0.8756943511145092,0.12603918087908714,1,0.12555899194315495,0.02422232794292404,0,0.1299258160869142,0.04502495764350369,0,1.0157799852120977,0.09829529865188509,1,0.06428615220663284,0.03610334138171218,0,0.06946549025772449,0.026381692704984017,0,0.7707747268355792,0.07481102926800637,1,0.15086037381198047,0.04911202044091454,0,0.06332059948888694,0.02825390002482042,0,0.8151520922763089,0.08143458749235785,1,0.1033291664302727,0.026913410830527573,0,0.12688911678273554,0.04928966411577032,0,0.934724243332808,0.158915987504219,1,0.05876093682109522,0.021722190393372198,0,0.067885678688372,0.021226904677689375,0,0.9537263368734168,0.15382928087049944,1,0.09354281601018757,0.032645297965205204,0,0.14097585232890747,0.020229740555698754,0,0.772178422594042,0.032896759931658776,1,0.09737298979722527,0.030415779020005834,0,0.14606197918873803,0.03407118141573706,0,0.9034519763752332,0.10147541861928358,1,0.038818598185927936,0.024287992700786423,0,0.1662362388185006,0.032839762099526305,0,0.9148124104765032,0.0973746337876095,1,0.13183611794093728,0.024776868081320763,0,0.110224066685812,0.023711921378373402,0,0.8763879554971256,0.06076429516836813,1,0.0765303888947751,0.025252339041401995,0,0.14426131227326083,0.02134818629213874,0,0.7129812325411652,0.05731761038946518,1,0.17513104826303522,0.041907768301104806,0,0.08937420688563931,0.047354013234703195,0,1.0861713608738142,0.14322434390596533,1,0.06828434753016151,0.03453182779550129,0,0.1816849423604904,0.04131907244423288,0,0.8319921563248733,0.11213723583193262,1,0.12508739879750178,0.03541193913702641,0,0.11186496185153086,0.02449893888118185,0,0.6762032390762467,0.12249668915270877,1,0.16712661708733684,0.06984793440197375,0,0.1314725520855347,0.04699829460993924,0,0.9525564027047612,0.07173293008799074,1,0.11853215556714072,0.038260558155601025,0,0.08717515867891851,0.03360537530153196,0,0.7765768278125565,0.12772223094089388,1,0.12396149733478075,0.05505048857365647,0,0.07091253101832642,0.02961690578279399,0,0.848938459986664,0.11035531103822752,1,0.17401523889745446,0.04116113869121774,0,0.1208466122746853,0.025587213042186384,0,0.9590803776478367,0.07582455961241232,1,0.12507326001928087,0.029260065071577718,0,0.08216603537522325,0.013733004851447956,0,0.8356014401019232,0.11971071664579551,1,0.08897461093654968,0.0409212141043306,0,0.054708205316913006,0.041299887402322454,0,1.007523405375082,0.05353030989979524,1,0.15173895038350924,0.04315935276532408,0,0.15448351739597227,0.04665982630929241,0,0.7584930694324479,0.06423872684739276,1,0.1720535523756281,0.05217297395007602,0,0.09247266471597984,0.019551521828335357,0,0.7765555076272621,0.09509809404797023,1,0.09040945693802134,0.029879456852472584,0,0.15620586709958456,0.06137702021878266,0,0.7687990814210621,0.08830369182799377,1,-0.0015525152041290318,0.021381128855828824,0,0.1606429223898559,0.044428295678480445,0,0.9118453970932432,0.10834714004251499,1,0.03419789489034682,0.012004436675986645,0,0.005228272747648308,0.017674138761782178,0
125,2000,0.6,knn,0.5755183224822953,0.012213618565469552,0.1890748942176604,0.4300424530531779,0,0.5069745947568941,0.29705866032601785,1,0.330320175264736,0.2809015648549474,0,0.24664207301685623,0.5022639175696669,0,0.6550918545265405,0.3457373277452664,1,0.2781862898990026,0.31519184421693036,0,0.18135277265014332,0.1901130533748876,0,0.5419017766622842,0.34112545022189394,1,0.41402848821901744,0.40545349669940334,0,0.4930829541335163,0.5284156693906694,0,0.680522937183824,0.39802754890937997,1,0.35916811490410855,0.4937554528750147,0,0.24411574528665855,0.3285602812469179,0,0.5313165934954555,0.1965202096742945,1,0.42108888921395665,0.18775530739086269,0,0.370319974871406,0.283659944139126,0,0.6853648234486637,0.36487480246004755,1,0.43052563995705206,0.3986824997641866,0,0.13319621942782542,0.33203789433136544,0,0.7056693615968032,0.3110723051369326,1,0.11901699074040047,0.2419585108382089,0,0.22224771333036583,0.23090850526422693,0,0.9589197125553042,0.4618929584442691,1,0.5511340322624051,0.1623048661524149,0,0.36245928208199346,0.3422630963208395,0,0.589323607509827,0.2314689704351622,1,0.5918859098381919,0.36548602994773216,0,0.4934582656432397,0.6023171878489691,0,0.6083360283460717,0.22387531749185985,1,0.29953159971512827,0.2684402622062853,0,0.3683063576356267,0.22424137286615495,0,0.47445658575086663,0.398711166878127,1,0.5669434295362787,0.40894596309815867,0,0.5082351644517719,0.3634075613602995,0,0.4933727642459658,0.20313681562196698,1,0.31879262023706867,0.34251356991376736,0,0.12561361023701142,0.29469184862584735,0,0.5845959035811408,0.3697776339617963,1,0.24308553525629178,0.34751111109831445,0,0.27929194415874303,0.3888013190950502,0,0.513743076524338,0.33890870008427754,1,0.0790416225317079,0.40687838702201523,0,0.26516229928566204,0.19578265463794356,0,0.5334196644785222,0.3654743577563206,1,0.41042955738758674,0.2341928896795808,0,0.41663948731005734,0.44400885204757684,0,0.7216656645690865,0.26111991855405875,1,0.2088597461485188,0.3783069257699077,0,0.4302702305903452,0.21900411479958154,0,0.716193370964909,0.6184520041652135,1,0.22986848468525284,0.32668023363818816,0,0.32827992056425365,0.3084496974111806,0,0.5897958621024445,0.16073830914660872,1,0.3529788030019579,0.4851261897325121,0,0.44899367033619486,0.3600431071170008,0,0.7483378660342564,0.33709579127519573,1,0.3994363447022425,0.3574527415575553,0,0.42082892084605483,0.4671048731301435,0,0.49658364125779053,0.42872408442256343,1,0.47056770882642895,0.5415804636709751,0,0.42068439854263423,0.40098032795057004,0,0.5131472290920461,0.14157758992169783,1,0.17118247717069024,0.4575703852171187,0,0.2829987587927265,0.38517871760627326,0,0.3290972644355561,0.4533657652460375,1,0.25660560485379375,0.2467433885577246,0,0.12468330514355608,0.3072414712746355,0,0.7158234749001928,0.30829900025147083,1,0.24536977700232826,0.3358733258595995,0,0.2631506923238015,0.15361439480829586,0,0.6108224469155397,0.39242382972893824,1,0.4590462505303317,0.15337321309775773,0,0.06332764057206941,0.15557665068676582,0,0.37489990708274074,0.35179345504233783,1,0.41317583357399723,0.32423211854639805,0,0.2482179962657988,0.3170775835749365,0,0.41907031315780346,0.3206763039123658,1,0.3829795655849578,0.19871641897431835,0,0.23897269673839605,0.14426262210648502,0,0.7600668260966831,0.201248493042638,1,0.5154295982491286,0.2306765951384533,0,0.3874367978983231,0.2540786156086393,0,0.7108025481175245,0.44507896267437486,1,0.3967337146711944,0.18607131511693384,0,0.37545471228368765,0.3012066233078454,0,0.5890418271964452,0.050567378055390064,1,0.3379005799773116,0.3293059423066806,0,0.3248398172841351,0.19233048556586052,0,0.5501028895459701,0.22617882382365823,1,0.1833952444039541,0.2856249677193456,0,0.5402321644721624,0.3201819487788053,0,0.7073276553775123,0.5653088724757793,1,0.0870121290738524,0.32445819023112105,0,0.20899450883569454,0.05267602235110696,0,0.6002684864120235,0.370548065718309,1,0.3279614726015879,0.24338037797784515,0,0.34995845771964745,0.3019894870429758,0,0.424690072743734,0.343575232860782,1,0.3052700815937174,0.4010464596292366,0,-0.01753084474490748,0.3933568948195751,0
125,2000,0.6,SuperLearner,0.9808944431466857,0.0020276436296386455,-0.0006160532347693573,0.001129295983810267,0,1.8317634585425513,0.027956466240778063,1,0.01182874127339541,0.004664079326352617,0,-0.001471887026949981,0.0020050619625453002,0,2.0965644517374797,0.08486537596305053,1,0.0035544859475131418,0.003080056762268541,0,-7.216428640849102e-05,0.0014583557276775423,0,1.9616552319093798,0.14823243470952122,1,0.0009784878285034222,0.0018927791697972438,0,-0.0009842265877741813,0.0020937329805291063,0,2.133269972348825,0.09595625543382491,1,-0.0002752853248604419,0.0008666372942253723,0,-0.001992760326911138,0.0011094621752352945,0,1.8831550284624121,0.14368636480222124,1,0.0009327583646160558,0.002272891815430064,0,-0.00015967339091662726,0.0018313469622181114,0,1.7947029705840272,0.1839849251124709,1,0.0009128288503528978,0.0020635506793840893,0,0.000940561726960432,0.004799239737910177,0,2.195860517157721,0.18566377561640185,1,0.011652354752521358,0.004965305208147455,0,0.0017283369865686918,0.0014574528759072364,0,2.3703155560078017,0.09327867063338068,1,5.110613277054647e-05,0.001914823717425492,0,-0.0017057571010670486,0.0011682769890495502,0,2.036114472094019,0.2063478114088642,1,0.0020936406196073827,0.0018066608703241214,0,0.004489019279712197,0.003602054034304891,0,1.729974344264025,0.07356823489900627,1,0.00030276108798595475,0.0015793057734115917,0,0.001326757105441017,0.002167338198802479,0,2.0849566890550775,0.04829715137701685,1,0.010028600828741161,0.007918496092613449,0,0.0003054394479274318,0.0069300603637263685,0,2.1572140510266893,0.14823576724153442,1,-0.0006855454084283873,0.001567026445992259,0,-0.0009561124071180146,0.0011615940664235032,0,1.9957302876909808,0.1921311976868139,1,0.0007263277804080285,0.004068334520555895,0,0.003174360333892188,0.005339779150509963,0,1.9597313290736724,0.19876817417823428,1,-0.0004230646285560819,0.0016416235653698363,0,-0.001330600947804696,0.0009835651759471993,0,2.163834831037292,0.22776785042183964,1,0.0005007958066114799,0.00247131329217994,0,-0.00034919022353958553,0.0009721901898073371,0,1.9042122683800435,0.09783405438188589,1,0.0014579290575969346,0.0008495529995189157,0,0.0003012682882999575,0.001313754052348533,0,2.0841358646091477,0.09526774629909555,1,-0.0007226231299567191,0.002062059411645367,0,8.310382010392153e-05,0.003054432038231269,0,2.084891757601698,0.19567123477182247,1,0.00012125459690437836,0.0024682892066783604,0,0.0007028856143655134,0.0016132137561555475,0,1.968908688294217,0.20437780992952975,1,0.00010587360062370391,0.001720090865611302,0,-0.00026562285672184144,0.002935257479395767,0,1.8732143234362606,0.18443132653569388,1,0.0026682299396781728,0.0017400957897180454,0,0.006272458746156116,0.002703430349355221,0,2.288858636230833,0.16338158477504006,1,6.907572599716755e-05,0.0018443689486040426,0,0.0012992422577041741,0.0025630382764714648,0,1.9913392382462454,0.16659972415099011,1,-0.0007169986339036284,0.0011801330748113304,0,-0.0005326708838645998,0.0046285709824801565,0,1.739344256461525,0.12061662732731143,1,-0.0002303203883577356,0.0024698609711476054,0,0.0006235336651165988,0.0014467053741669487,0,2.060619413128181,0.05686437129615799,1,-0.002474084795212992,0.0009966261849511042,0,-0.001281320465568829,0.0009450596481083935,0,1.658635864731768,0.13610381580675557,1,0.0006389207997510727,0.0017146427710869024,0,-0.001966713060755733,0.002760711167323094,0,1.9851146641110424,0.18294837765847166,1,0.0012750470393030557,0.0020739850536872803,0,0.002803267193969791,0.002699037988063896,0,1.920078351586247,0.13444154217354493,1,0.002939932784208401,0.0011515661524614206,0,0.005337864266608523,0.00359506427278396,0,1.965524604467922,0.23543765268755185,1,0.00028276023515555433,0.0028196996742946225,0,-0.001674921212021046,0.003676107798511867,0,1.9701689848394963,0.1471693638546505,1,0.0012380712489155877,0.0017780075172545715,0,5.846543341656084e-05,0.0016592264165623722,0,2.114859178866784,0.1798379218849065,1,-0.0006748592911718969,0.0004333413607151925,0,0.00047185731031065446,0.0018404999853601966,0,1.7394705339511578,0.20991996980361924,1,0.0063131578619730015,0.004138086599708703,0,0.0007620665404745874,0.003086669910791781,0,2.008078470043169,0.19223720813009448,1,-0.00023814946736095823,0.0017794110658146457,0,-0.0008867402482081772,0.0015905088087223894,0,2.0579745003306753,0.06676633634498508,1,7.8733289428356e-07,0.0011341864037021465,0,6.0161444582434745e-05,0.0015736820361120355,0
125,5000,0.6,lr,0.9808797937494542,0.0012236463192435434,-0.0011850114672177481,0.0014656708581999162,0,2.0237923582283313,0.07502152593107368,1,-0.00016286470982353673,0.00018617138333237512,0,2.5412234222952308e-06,0.00022246376497452744,0,2.0527003672773314,0.07905139704249614,1,3.51706837140604e-05,0.00025628575301629854,0,4.634776784874274e-05,0.00045154264209759155,0,2.0074226659677152,0.09858706107328413,1,0.0019044045975280446,0.002801584769408043,0,0.0013301422087913565,0.0009678733015597242,0,1.9824418333841425,0.030736554403185134,1,-0.0002172164757721471,0.0005541523211881112,0,-0.00015015333128480578,0.0005328124243310425,0,2.007805146858626,0.061331905764755695,1,0.0006168097486554637,0.0006659905865799555,0,8.888137773331818e-05,0.00030205162828933355,0,1.772531262413518,0.04552935904083129,1,0.005959621178498543,0.002746584265832395,0,0.0006050903974889022,0.0005539318315621554,0,1.9389872373361843,0.06701138125435356,1,0.0006699820597153318,0.0016041816190120392,0,0.0033003220894426465,0.002419741605244407,0,2.13862300741384,0.10429398862506153,1,0.00016090703286690376,0.00031620467535870136,0,-3.75682279917875e-05,0.0005725171730211613,0,1.9834316958248757,0.06013362227363204,1,-0.0001335286504390507,0.00033561491948628906,0,0.0005069489809478913,0.0005623972584804715,0,2.1337218373428657,0.12247981867763645,1,0.0027629769813632002,0.0027842295332332783,0,0.0008527264723523396,0.0004931848603365404,0,1.9930152958567482,0.11349499287542089,1,-0.00015799303007114717,0.000612430244988016,0,-0.00034452535132152123,0.0009086765923050103,0,1.9925043034272036,0.10141862250790007,1,-0.0003819773703707905,0.0007412203734147029,0,5.60001347230945e-05,0.0008626777158842499,0,2.0315186721964813,0.1048077271375159,1,-0.00034430228929714836,0.0012242887906209804,0,-0.0002807277510410074,0.0006444594589679703,0,2.1055240345589272,0.06368891238799776,1,0.0003099503381462188,0.000924388038641303,0,0.0037018928245392637,0.0015176572010303358,0,2.1265782811774976,0.13660499389397135,1,0.00071433126365439,0.0005580508006178138,0,-0.0002633633216900653,0.0005871412196721036,0,1.9961958787353502,0.07522380110191494,1,-0.00011060874867291573,0.0003895190059292453,0,0.0015930820007727582,0.002401701894800358,0,2.0294576851876265,0.08470715195350433,1,0.00019100413001625857,0.0008503650589415724,0,0.0010046170912068884,0.0007732372703765885,0,2.018910782177234,0.10499122398243138,1,1.4272890157993154e-05,0.00022772106346170628,0,0.000676177974933608,0.000628379164908628,0,2.2134153940652004,0.09879069128543297,1,0.0002821045314620366,0.0009963421380179585,0,0.00017589278162747528,0.001196187604366157,0,1.966775875581402,0.1487196002221367,1,-0.0008407249821960966,0.0013444673380951604,0,0.00011299192934906751,0.0011595264745807483,0,2.048363021784808,0.1953672823037195,1,0.00013962641884684589,0.0004474396522000335,0,-0.0005536402668940572,0.0008779884960208146,0,2.0221561122291485,0.19295314122599588,1,-0.0002126005433366238,0.0004718313433088656,0,0.004394122622911315,0.0013867861736094613,0,1.8529389902359157,0.10045439882616732,1,0.0009370106766040207,0.0019246957059228169,0,-0.0006759690757750056,0.0008673124881771743,0,1.860815846371338,0.07915499801252894,1,0.00023210689044844508,0.0006075493646912799,0,-2.4237149221600207e-05,0.0009152837898456163,0,1.8812755777716625,0.05685890195339202,1,-0.00012721836867622465,0.0010352013786395743,0,0.0011607645020887184,0.0025112109935608697,0,2.086025721241397,0.06346350221607487,1,-0.00032136825064472865,0.00027516140158622494,0,0.00169084323540096,0.0017076620425453123,0,1.8792251156320767,0.11511083408757918,1,0.0005608106323767693,0.0016135325575944983,0,-1.1889932200817468e-05,0.0004804842653573395,0,1.9804384520928502,0.05946944396717002,1,-0.0007535707537812813,0.0007343646249421177,0,0.0011125926783202241,0.0012178702598425128,0,1.8678855494793,0.09861602849154188,1,-0.00029410503772982156,0.000585421115733282,0,-0.0002407808259386184,0.0004729966978489259,0,2.0485254280955933,0.11459749996878567,1,-0.00019796425355019442,0.00052726576695425,0,0.0005008896114004125,0.0008897371386784426,0,1.9805872459166332,0.026359292864591342,1,-0.0005847128363108403,0.0005234524858615641,0,-1.9962483606996262e-05,0.0009542449978800005,0,1.9138965499547804,0.1365566583491449,1,0.0013620681746973461,0.0019422896722495692,0,0.00020897473031538104,0.000836964352714272,0,2.0138357577221515,0.05673145224135371,1,0.0005121831694492648,0.0008077073620506916,0,-0.0007474232225052639,0.0008183293668122818,0
125,5000,0.6,lasso,0.592830013317489,0.007350531354630093,0.0,0.0,0,0.5956815958340111,0.038619955698265034,1,0.0,0.0,0,0.0,0.0,0,1.4913296114308647,0.07547674485804115,1,0.0,0.0,0,0.0,0.0,0,0.9459597685706477,0.051680134880278256,1,0.0,0.0,0,0.0,0.0,0,1.0466290624672503,0.030619452793210506,1,0.0,0.0,0,0.0,0.0,0,0.8875537600586363,0.02419612220109262,1,0.0,0.0,0,0.0,0.0,0,0.8702833314014844,0.01702646881693602,1,0.0,0.0,0,0.0,0.0,0,1.533107421767044,0.08071760757992981,1,0.0,0.0,0,0.0,0.0,0,1.2501485626092894,0.05656884336378229,1,0.0,0.0,0,0.0,0.0,0,0.636512232266891,0.040704143244910576,1,0.0,0.0,0,0.0,0.0,0,1.040400932062874,0.03655987388208172,1,0.0,0.0,0,0.0,0.0,0,1.1445327029184142,0.027621034289804284,1,0.0,0.0,0,0.0,0.0,0,1.0482376226116226,0.05087726346017275,1,0.0,0.0,0,0.0,0.0,0,0.9793910767482249,0.035393477397448046,1,0.0,0.0,0,0.0,0.0,0,1.4761880565541188,0.07264647516380972,1,0.0,0.0,0,0.0,0.0,0,0.8048874856970407,0.03876483145074413,1,0.0,0.0,0,0.0,0.0,0,0.9427289996924589,0.03419139972920249,1,0.0,0.0,0,0.0,0.0,0,0.7655472375670159,0.04894038112441356,1,0.0,0.0,0,0.0,0.0,0,1.1888227585486328,0.052769887027106305,1,0.0,0.0,0,0.0,0.0,0,1.128450334101445,0.08978511676333469,1,0.0,0.0,0,0.0,0.0,0,0.8632473610291612,0.05103738788944487,1,0.0,0.0,0,0.0,0.0,0,1.1017431024104822,0.08847490556601588,1,0.0,0.0,0,0.0,0.0,0,1.473520598577929,0.09461550132671044,1,0.0,0.0,0,0.0,0.0,0,1.3509434371301032,0.050955908501497824,1,0.0,0.0,0,0.0,0.0,0,0.8738226558193384,0.017952746894739868,1,0.0,0.0,0,0.0,0.0,0,1.0445418346617896,0.03531498674768762,1,0.0,0.0,0,0.0,0.0,0,0.9717486030219868,0.05488591424255202,1,0.0,0.0,0,0.0,0.0,0,0.9057508327217102,0.04686860057757347,1,0.0,0.0,0,0.0,0.0,0,0.9942905185394686,0.05337655027602037,1,0.0,0.0,0,0.0,0.0,0,0.9182570273198877,0.03955915723180226,1,0.0,0.0,0,0.0,0.0,0,1.0075350491401707,0.042551140725415534,1,0.0,0.0,0,0.0,0.0,0,1.2929913863826772,0.015908793389339555,1,0.0,0.0,0,0.0,0.0,0,0.6954209989018494,0.03078208965546244,1,0.0,0.0,0,0.0,0.0,0,0.8090513263732818,0.03610101120394165,1,0.0,0.0,0,0.0,0.0,0
125,5000,0.6,dt,-0.25998024592885327,0.07859823264271723,0.03450327417404352,0.07299363424064899,0,0.24039020624426605,0.3109135139994859,1,0.3950139927556976,0.3337646577212251,0,0.004420092685853283,0.5353353748630988,0,1.3275869573952517,0.7511462830419031,1,-0.09887421063155788,0.1136602094396686,0,0.010832740635129423,0.38646057040357906,0,0.2134214105536519,0.4893437551054169,1,0.3829099757309391,0.4341941123696043,0,0.326133565795967,0.5719752745745332,0,0.9425302268157957,0.6447141966948708,1,0.017257082341963593,0.28085946016708435,0,0.12429415872730534,0.20527433474031515,0,0.265359891607938,0.5743962428037908,1,0.16570751078403353,0.2894685302481346,0,-0.04672222605429195,0.17804572616574432,0,0.367567418088882,0.5998721035261286,1,-0.1754315202837271,0.15257806522473893,0,0.04703877406746084,0.20648842450537758,0,2.7192038886138987,2.361254878643697,1,0.004111184326795631,0.10377866557479455,0,-0.05794328582475291,0.30259878069061025,0,0.4715364227735403,0.21229291144738202,1,-0.004067132035081422,0.35546991419542856,0,0.09500153697673283,0.2836123523294613,0,0.31346773680163464,0.691766124636216,1,0.12166062637091149,0.18915673343472453,0,0.17636289206953476,0.5514332195149574,0,0.5316753073590512,0.803974225824231,1,0.19521341253278535,0.3549646276947795,0,0.40612857009711967,0.46318789845647784,0,0.06778599998825832,0.8077184368781896,1,0.08528664078279452,0.4050322165172331,0,-0.01813657043204636,0.19890136516300597,0,0.6802929309148772,0.5316486214168286,1,0.22223237007887606,0.17661904211067617,0,-0.0625039622999373,0.1690737416224203,0,0.7287857084794377,0.64982213921241,1,0.08182741013779188,0.4127250310178163,0,0.02403268632710884,0.2834258573740323,0,1.389940381531634,1.7848846716934628,1,0.18101509413298217,0.340890321389492,0,0.19042593597381172,0.6123550325838358,0,0.14201581600402077,0.5684675575352939,1,0.09746462736131259,0.15011177138400858,0,0.15542106727049107,0.35955640062173844,0,0.8642359138668556,0.6487087737846081,1,0.13129623148866565,0.31386498930255957,0,-0.14663956354242283,0.3935410624898192,0,0.6755582307773729,0.7251992060359455,1,0.22067101323727112,0.3188753790717071,0,0.03428460426889683,0.37565644785497415,0,0.48651363736787834,0.8732902156747395,1,0.26241045384854994,0.3551423040897803,0,-0.1827818427578429,0.33317575288682305,0,-0.14466730205929937,1.3346092230518407,1,0.08589873096114278,0.33162608217580153,0,0.09459880485892712,0.39370313277527047,0,0.7594227672046678,0.2750237359570064,1,-0.04566520768584803,0.02248975230988565,0,0.12616135762625674,0.26702061404113187,0,0.18042158650886642,0.4510901770660236,1,0.08156993555178657,0.18623531983480363,0,0.08619924439812514,0.20667063040057876,0,-0.17253748668120875,0.5553491961869246,1,0.5387406590187933,0.4463632022320495,0,0.05623068533829852,0.20799940225231742,0,1.32819488667764,1.2053788200736684,1,0.1597150855858494,0.1242765339725066,0,-0.11487431844616022,0.3133495302515517,0,0.2752138311927322,0.42975792894503395,1,-0.012624645365574644,0.26426132670418495,0,0.12398248056744283,0.4147615994522764,0,1.299058151401594,0.51502091379753,1,-0.021134673347238883,0.37475634222900933,0,0.1781476276628323,0.35926610171306056,0,0.622290167879544,0.4456281970266177,1,0.26478943165839885,0.2822767939838292,0,-0.08545027258993025,0.3813009443339439,0,0.32823561918344485,0.5325001436070207,1,0.016870442516186836,0.17008473610964533,0,0.049540625025132026,0.36247202157628183,0,0.539185931470332,0.9439813866531421,1,0.1467563496574784,0.45766490994153164,0,0.062147590772541575,0.08538362273425318,0,0.2655083067132943,0.37193514896953417,1,0.09380591784003037,0.2959189196765268,0,0.19914660300280435,0.684206386935992,0,0.1805785108551286,0.24196393897344654,1,0.15762507368269701,0.31883195703649664,0,0.030357491740003333,0.4062620292343648,0,0.4859079525115755,0.40763796147730236,1,0.2191038525710419,0.20453717315186723,0,-0.027580746131949246,0.3276269994900846,0,-0.2026458433640451,0.32519565995727573,1,-0.03267860023628273,0.34632659281018097,0,0.3900267668145082,0.2339676197150449,0,0.22212820268719047,0.765570578154746,1,0.2559352440068777,0.17529052879232074,0,-0.06879964492301886,0.21049138244541302,0
125,5000,0.6,rf,0.552797917998811,0.003584519626657442,0.0447228499509253,0.020710251028498772,0,0.275276075077908,0.05990758242302693,1,0.11556815025280132,0.03042557188681453,0,0.15573933629068928,0.049398373649329835,0,1.3479301913983084,0.2619225452297996,1,0.08268152306129657,0.038055380007695504,0,0.0796866202363096,0.03119359873496447,0,0.491089062248256,0.07746313986156354,1,0.22566914850165043,0.0387636178340231,0,0.09844505326437165,0.05015951276351812,0,0.6286162758473709,0.08854607451272124,1,0.13019108445544103,0.039663879078838046,0,0.09216529704347134,0.02456233381257798,0,0.4785834789506513,0.033921607712180564,1,0.13314337882007793,0.026344187669354025,0,0.0907510959174188,0.045168496258892424,0,0.5253350772514291,0.10420043366170222,1,0.09593717918747091,0.03312780761541282,0,0.09677047558462866,0.028175806999053647,0,1.3393281677380509,0.09565677731206762,1,0.12758684059604894,0.04560952184899733,0,0.18495139497189364,0.036309373337057485,0,0.6633826945701128,0.08356184826005814,1,0.08815437689528065,0.025706757078640292,0,0.0626714455352129,0.008147539702757021,0,0.4098127178301601,0.06980152648824789,1,0.14401782294408108,0.020818411637189956,0,0.09880231179628904,0.025360358978583394,0,0.648939712332663,0.07643031561726846,1,0.1134332535908609,0.04163632844498008,0,0.1858457864315469,0.03555340077934631,0,0.7157597231471636,0.08109807123469462,1,0.09496864304922595,0.02271062022891766,0,0.11524028871926553,0.016508014698115147,0,0.5881967643126523,0.10476021762382082,1,0.09022126531608493,0.048346402102451703,0,0.1371372850343101,0.026829751374988834,0,0.4733503796976993,0.10464642397057432,1,0.15532400619698508,0.0194869111310906,0,0.09390352090758432,0.03204463835963769,0,1.4610763966362568,0.1670734183574499,1,0.10063340033816279,0.018788960555429408,0,0.07191298386325828,0.0275255326215066,0,0.44749763175880997,0.04251461240084786,1,0.07662869533317501,0.019824674896349308,0,0.12232980807106966,0.020102904764372587,0,0.5786536193915914,0.12140759148916036,1,0.1291054864155557,0.037777641189322884,0,0.1370792379888664,0.03611495797607071,0,0.3822184011601647,0.07104046059764146,1,0.07701660367517954,0.029425231955927774,0,0.151641276707036,0.04696825738075372,0,0.7122470641744464,0.0806411708597435,1,0.2697579500668774,0.07463635209259419,0,0.08156230489359652,0.04113961795213947,0,0.5036945696231153,0.07570302505148435,1,0.12758519146039737,0.0607102477551864,0,0.18650297959146447,0.035851257828507066,0,0.4346805711155267,0.09648388571666446,1,0.12358075821386756,0.022972170748751432,0,0.130125727730053,0.029312563442868263,0,0.5344599055129812,0.05520699807024851,1,0.09089926225944404,0.05289739927815417,0,0.10213065565882003,0.024265419660613945,0,0.8449622642491569,0.10455370460454538,1,0.13812076486042746,0.022568175183278326,0,0.1313946885383297,0.038637062349632434,0,1.351948068550407,0.20805217014746546,1,0.10728973980239016,0.039415712827807564,0,0.11280175014485128,0.017459509096884394,0,0.48587994063711754,0.04923057418252121,1,0.06770032824153616,0.01695944285442167,0,0.12338142278618787,0.02458295148792933,0,0.8225084995847745,0.08871577933781588,1,0.10582576926420446,0.019419954798687668,0,0.0963362009657234,0.020519884056580454,0,0.5422641489822235,0.0671429331539725,1,0.17955998115591176,0.030993902036895317,0,0.11568774400076506,0.030974474953952315,0,0.5097115473875876,0.027021471202951716,1,0.10620421539096725,0.03600156311702204,0,0.1276733375023096,0.019346488180240623,0,0.5694510898412541,0.03404136578099266,1,0.13044267621680022,0.053412442260729054,0,0.10597514451193257,0.03610980120621169,0,0.4154820841918478,0.0965531881633074,1,0.13276904463024156,0.022145333520150714,0,0.21230020283491186,0.04977506229826922,0,0.486997562767251,0.060033675627769116,1,0.11678253931209157,0.012030690278388776,0,0.08883715569891545,0.028676041427115297,0,0.6664850549851515,0.068681182933228,1,0.1316384067439741,0.032318705597006364,0,0.07583640366251607,0.022596597996343407,0,0.43009511517296783,0.025556542954546447,1,0.12654589249361076,0.020655053414410245,0,0.09900799867869729,0.0247494877314212,0,0.4151457597033178,0.024034263579859536,1,0.05263796195752947,0.019105381931355137,0,0.006018038463903125,0.025204020392439925,0
125,5000,0.6,et,0.5578952716535136,0.005776607167235722,0.04698772885871858,0.020109528470472055,0,0.3029980136244202,0.0770491454206143,1,0.137621115705543,0.02416467711401504,0,0.15587456385647772,0.040345284764126854,0,1.1670002087093025,0.07824699784087136,1,0.08921473312992065,0.016664216658673674,0,0.0994246026437337,0.03834531753019917,0,0.4624750496189581,0.0456546868633011,1,0.22266414241255425,0.02736553954667682,0,0.12612636608731326,0.031089356688833045,0,0.6748969192941555,0.08251266159921404,1,0.13480068383037272,0.027315023525800602,0,0.09523121522693576,0.02704823110821696,0,0.48030854679661256,0.0500747486126414,1,0.1440147046541143,0.03345206448906236,0,0.12716090725042034,0.0386862183732036,0,0.52440797054872,0.05973067461189402,1,0.11553552499407811,0.03060528662841279,0,0.11126106817138352,0.017909328760956675,0,1.2239851610632555,0.13103928094725492,1,0.1135675919198803,0.041887106756325634,0,0.2103799294183998,0.06068123420327271,0,0.7390795593258809,0.08883604081590578,1,0.12772525961296516,0.04837535533961438,0,0.07965907999625621,0.02489186077879627,0,0.39511415449715875,0.0395920499270527,1,0.14038944507417653,0.022335582529740102,0,0.09702886814634272,0.032601231432955166,0,0.6614105438883358,0.13253387349011161,1,0.13734416911506928,0.02703449148479614,0,0.22341316984880275,0.034959202658561235,0,0.5858113613646166,0.11892209356041565,1,0.11431445366959418,0.03088258970004015,0,0.14607737689542802,0.02195128675518663,0,0.5714364968023344,0.05786946020245216,1,0.10296682996518969,0.02352113149358691,0,0.11610110409031946,0.0476322494287201,0,0.5816966931501539,0.14490615829639655,1,0.1759041759416246,0.03614106297733936,0,0.11689946779696063,0.058635654189796875,0,1.57422954237093,0.11112605947774966,1,0.07780686653026839,0.024940881533414807,0,0.0831281905727546,0.01675524772920826,0,0.4066933320147961,0.08422508624036558,1,0.08659523358923624,0.03048691352192645,0,0.1394392179684441,0.02757993015753102,0,0.6013457344737979,0.05213120630561611,1,0.11731638265175115,0.038954351897704693,0,0.10420155863472938,0.024276675679718324,0,0.3751982537219844,0.05064248903050525,1,0.0938441249808605,0.04284162665328618,0,0.15536183062700387,0.056593810940385535,0,0.7810028519938649,0.05171322115514377,1,0.24627063387037565,0.06505025609382016,0,0.08039585068994358,0.018027387907926677,0,0.5219230540536095,0.06563628364246439,1,0.11474005973211417,0.043896620365416895,0,0.16461343383859453,0.025906703896008465,0,0.4459159388097196,0.08169284970505536,1,0.11712793593635618,0.01855969333623977,0,0.1460807057219693,0.0472328695524864,0,0.5348950701452826,0.03527208243663803,1,0.0969195222105614,0.035103672305047684,0,0.07402551909612078,0.03638182856277264,0,0.9724683825835193,0.1289641435141617,1,0.12332052495157504,0.029202453346867194,0,0.1957073059409356,0.030162830284823996,0,1.1682985401914128,0.10094172303158028,1,0.15615486021865416,0.007323981171558297,0,0.13265926554987822,0.022655553454815656,0,0.4491424431005832,0.02626345785438616,1,0.08340221682047802,0.014364650362899942,0,0.11924715615797998,0.02163838716168994,0,0.8273534591459821,0.04352447509428698,1,0.1286346433328912,0.03287731515953195,0,0.0961935627987954,0.021610413217295454,0,0.4571637619264764,0.043677964248304224,1,0.17438833139066506,0.04162986286792372,0,0.15106959823928007,0.05349403079322364,0,0.5464897970685467,0.10951447199842847,1,0.11714844175278631,0.014403377025551221,0,0.12916105986203957,0.05152219296339573,0,0.5565865341698111,0.0324564282379353,1,0.1276801406716273,0.035408198070038796,0,0.12462625333520105,0.04130951393346242,0,0.4342832590934302,0.05679816046189082,1,0.1273320355271954,0.016817858378612428,0,0.24209614364723678,0.021376389248279327,0,0.4665797516096454,0.013021097001838091,1,0.11698302733677961,0.02135651873897159,0,0.08814078647046812,0.013096601562170794,0,0.6428308071362112,0.0624877452397805,1,0.12478925667090376,0.02293180576635114,0,0.060348357071482596,0.017140188448024816,0,0.3597343835972488,0.016357313848685537,1,0.09725183294773918,0.00900473679720497,0,0.11468647572402442,0.014082138736167373,0,0.39419105705253543,0.032143869802967844,1,0.048052689695767314,0.030185211745252193,0,0.015110959225967035,0.022922012682210186,0
125,5000,0.6,gb,0.7319860648899269,0.007381344336941623,0.0,0.0,0,0.988491595036388,0.09929959006521817,1,0.02496033525593363,0.020081064402276815,0,0.06561864241202975,0.02490921134289364,0,1.5867761292266935,0.14100266797851155,1,0.001521948184602749,0.003043896369205498,0,0.0029267313916068434,0.005853462783213687,0,1.1625447997072693,0.10210515136009557,1,0.16879968729095912,0.07408323337577068,0,0.00019079630954386314,0.004642914655371338,0,1.397427428843106,0.10206827155477999,1,0.006886445017744569,0.006378527532120997,0,0.004498019474516184,0.005510711989331719,0,1.3189629273791077,0.2018240701317648,1,0.019474339368638915,0.023974094530530083,0,0.00020540899977823554,0.004313927608959711,0,1.1159456621261912,0.12918204817213239,1,0.015464923160087556,0.014851283597816843,0,0.013095558266066846,0.012136586937228204,0,1.6696020227273103,0.15493875191188777,1,0.0031207020604968392,0.007381578479815459,0,0.04173281089462829,0.024975321628307675,0,1.2987580940668912,0.16446094075731904,1,-0.0001252176445115012,0.0002504352890230024,0,0.00011052399067050089,0.004257423634420794,0,1.05041774386721,0.10377444547543688,1,0.06236913399928201,0.03890171455767758,0,0.004315232765338855,0.006558061213248609,0,1.2910018844842108,0.06721196885745999,1,0.004741495431365372,0.005686560675025711,0,0.09506183869995238,0.056801824235520944,0,1.3046783579830805,0.18734564436922865,1,0.03459613046450799,0.030001516321355632,0,0.027296856589731446,0.020918374653941887,0,1.3442388468635353,0.06814129218847483,1,0.025865406951825747,0.01618651340534959,0,0.011855101418108346,0.006675213725192149,0,1.2193775835263194,0.11217630711656822,1,0.04102936463081991,0.009378685403861265,0,0.007028072125434981,0.007678200730131305,0,1.751429996064712,0.13963870736782624,1,0.0011554138375957875,0.003872943151519005,0,0.009235183674383854,0.019304688384887324,0,1.1356270916096054,0.08725776038955399,1,0.007113173111530173,0.008978154852067214,0,0.0004185712399669583,0.0008371424799339165,0,1.465381585807497,0.18931812340304574,1,0.004519260332895413,0.008184417253587166,0,0.0035849408579274,0.005731753825167497,0,1.1293805660448413,0.12330967013875513,1,0.0027607008893596116,0.003525369433575267,0,0.02267321680772529,0.030026608425926957,0,1.2761295823461438,0.10587740638072927,1,0.11778103132542031,0.054621500875987355,0,0.0034975763894480568,0.006995152778896114,0,1.3402997824355167,0.1597464161124364,1,0.0029988969692514474,0.003908579627286973,0,0.037175543620766485,0.012428174550784439,0,1.111400913869298,0.17947615750834645,1,0.017322229995993844,0.00867361599252737,0,0.03696865807437656,0.01682559141042345,0,1.253144333442512,0.1673511653305479,1,0.0034947959247017975,0.006989591849403596,0,0.004756829160970753,0.00854990852523661,0,1.6950183306422226,0.22419071880717495,1,0.046615837447900446,0.03556763829658925,0,0.06609707163117791,0.051961402798577555,0,1.3056161859666955,0.10963883738310636,1,0.034993881262899165,0.03078575888806041,0,0.020958055869554643,0.01921406901680082,0,1.3396035668821875,0.10022993444352171,1,0.00674301749457753,0.008330263061838476,0,0.006434731948004953,0.004085669262438617,0,1.4997311429388205,0.127039066872134,1,0.026821088248240626,0.023001388407455234,0,0.002860978049632372,0.00879748835792869,0,1.178970172395076,0.09137680231850948,1,0.046985251801715415,0.022389937951990815,0,0.025029580513399773,0.028358074047290894,0,1.3106724749172092,0.13522412344081494,1,0.006644124430746637,0.005595760003760601,0,0.03992245903879845,0.035690291452390034,0,1.2228642026183467,0.2389778393765505,1,0.021778851145201613,0.031011205974821987,0,0.006260819041422771,0.009691872861044594,0,1.0889595165745596,0.09342299303212283,1,0.07435184672881119,0.05074576208718685,0,0.10607337458567065,0.03872337103800772,0,1.2294581191693608,0.035226123942100965,1,0.006237616367806566,0.007330497302968128,0,0.0,0.0,0,1.3293972283416968,0.0688087785073829,1,0.02558015185524304,0.01841646467887735,0,0.000162934098517475,0.00032586819703495,0,1.1499616874270726,0.09045269840048904,1,0.0007840872169716349,0.002681764497598155,0,0.0011690194797366262,0.0023380389594732528,0,1.168570030468635,0.05868653841492379,1,0.003885055710138118,0.010296198048790351,0,0.0007337764665603786,0.001467552933120757,0
125,5000,0.6,hgb,0.801055762803521,0.004513562514030055,0.008430429686211873,0.00951941949197618,0,1.1523992853344796,0.0909596012831527,1,0.037641933835823295,0.016516683504190853,0,0.07206918200513127,0.016565928631203354,0,1.6506021700788787,0.203642136752279,1,0.017767366657628316,0.016907924330701058,0,0.043475500530830435,0.029798190285399647,0,1.2106565443488841,0.052071157773049694,1,0.1458840479884645,0.06405631119359464,0,0.037157748188322126,0.01511028315170073,0,1.382705979614332,0.11359674311590313,1,0.029498264491677372,0.007034898151382871,0,0.03180734730358593,0.008555891137081155,0,1.2228742302261881,0.07748653296504791,1,0.057260053359153226,0.023870807851017174,0,0.019947227139826083,0.02387360176987553,0,1.2093864955652904,0.15284044745381387,1,0.04096206327752907,0.012599908180504943,0,0.04536968097313541,0.025166755055246355,0,1.6060253504308402,0.0653425100656197,1,0.03389121101385804,0.023042605948009758,0,0.06323902414012342,0.02767271445427046,0,1.3671465597439467,0.15010543757550235,1,0.03119962678730817,0.03788477713235291,0,0.011684081397835753,0.008662674662139408,0,1.1694447612357073,0.11838338162587639,1,0.07737097809735208,0.022567562083667878,0,0.015384398098513458,0.006589016158653417,0,1.3800076100230927,0.12589974446722918,1,0.023777920526516966,0.006804908441774419,0,0.10245450749385006,0.05737269197418624,0,1.3212807398604816,0.1435029890527996,1,0.04740289883902349,0.017829710968553493,0,0.06947552525705977,0.020568997114571382,0,1.259622808781177,0.08258003335103045,1,0.054275228939936825,0.020717508732277012,0,0.059629957993235096,0.026638931304885916,0,1.2289302127067359,0.15026223493774798,1,0.0476836685713676,0.027226962840990725,0,0.03467905266037566,0.025080188784897584,0,1.7450479513324542,0.18313969942221772,1,0.01840892982132427,0.00854127744095296,0,0.015191409831950154,0.016322668410943098,0,1.1812742397382296,0.09443556659606384,1,0.03060906991763347,0.018388396779935152,0,0.017125568965062656,0.023955658680479795,0,1.4757840958607935,0.19766773600862586,1,0.02765055976951535,0.0178278774475533,0,0.01684747913212081,0.01039073581779433,0,1.2393108430683286,0.11164402668919028,1,0.019736510301396774,0.012246975616222717,0,0.06568225386451318,0.023482291555293733,0,1.3508864356120691,0.17410509444896566,1,0.128345163216956,0.05002204244864502,0,0.01051732788681295,0.022599450625795214,0,1.4374016677303705,0.16930369206449655,1,0.02364038778657296,0.013153632841254915,0,0.05385857388363263,0.020283415037310713,0,1.1528970350162147,0.10212483462174568,1,0.05224835296278409,0.014290511191507356,0,0.033974152042963016,0.022414226357950758,0,1.240982882248762,0.13432854617057882,1,0.026544949064254947,0.022253806905595967,0,0.03544928257201162,0.03446349529080171,0,1.5220829083282474,0.23365484411154044,1,0.09674267810710727,0.0349401844654903,0,0.05094712990138974,0.015206279322524914,0,1.4902275497723558,0.15719048156819448,1,0.04398030215655377,0.03490248522715246,0,0.018718667843244823,0.014233002342777627,0,1.3259390914849545,0.12919248121328245,1,0.01687008500257533,0.009721290170098392,0,0.022767471413074596,0.020462414236963267,0,1.4468007378880547,0.1465312922787766,1,0.053433277489057976,0.02845842753301461,0,0.009563986646643449,0.01625842747718227,0,1.1339786027982708,0.11870114931084447,1,0.09758472323336137,0.031479541993115694,0,0.053960293099311475,0.03426589331628543,0,1.2952473267448763,0.09517624918054593,1,0.02846371927378514,0.01041215157070545,0,0.046241148200436136,0.02883544451945374,0,1.2600162924054863,0.11543326034741562,1,0.03649643392222592,0.01333044040760719,0,0.032277594431440085,0.015088785487059919,0,1.0863484140618724,0.10875460192893797,1,0.08796642939944554,0.043540153170633575,0,0.12463919284720044,0.05836011321741862,0,1.1279126237976727,0.13757606901770852,1,0.02197237934810265,0.019923208746842246,0,0.027828919899394233,0.006553342874504963,0,1.4056145914168388,0.08494972004090307,1,0.05083136106792894,0.02697404400410747,0,0.008307468025815367,0.008074861488239297,0,1.2422555992847724,0.11339429608199648,1,0.028797242171205058,0.0156792480235109,0,0.03736160567664357,0.015063039664334399,0,1.2875574398878658,0.0499730956300332,1,0.003781708815037554,0.012970426497366482,0,0.0016766683275140082,0.0016304335112043043,0
125,5000,0.6,ab,0.5689149496352,0.008505545246591034,0.0,0.0,0,0.8308332488540549,0.16808012845769235,1,0.017803615792452175,0.027177859441070786,0,0.07733983265512731,0.08223969537304407,0,1.576370209808982,0.19119824739514155,1,0.00998054934503263,0.012436892987769422,0,0.04136794563815539,0.04105790456003655,0,0.49419521415118134,0.09047217049309612,1,0.12115299866758585,0.12516713520979256,0,0.12008984442010048,0.13838431935724038,0,0.9953818931933561,0.32461654720276206,1,0.046356728121990695,0.06860458774446038,0,0.0,0.0,0,0.8547559123491018,0.20870175899238375,1,0.06388607057969199,0.03905032161692054,0,0.023162788571348895,0.032194489850473774,0,0.77513476383866,0.16219557119357422,1,0.1427992144524887,0.0741353638378488,0,0.0740402836394297,0.09200855721605562,0,1.040271005758043,0.20819289960595805,1,0.06323248374659067,0.09397701399662473,0,0.11481913449436484,0.1075991241041917,0,1.0631356652779933,0.20011478121574933,1,0.021663967530985602,0.03904409056113638,0,0.010408280611788926,0.01986992622292614,0,1.063337011039533,0.1966731000525741,1,0.040906208497413235,0.06724163938477777,0,0.005421850045291877,0.014029951622092904,0,0.8109259656675338,0.18290590526210404,1,0.011711659056050733,0.021722442345182974,0,0.25610672138743623,0.1732535346077223,0,0.8090236104894357,0.1961329616131942,1,0.06501703042949211,0.059337190650220605,0,0.1367560554925189,0.15126325217239867,0,1.0399720350565556,0.27475387457683864,1,0.004477214419579438,0.026348664289764612,0,0.00022760499936605067,0.020609534451882325,0,0.6702278127135035,0.16314146846258384,1,0.15252055673706658,0.11667315322265678,0,0.01719575963094796,0.02011410788486572,0,1.727158953444683,0.3872858278606028,1,0.008366309726455967,0.016732619452911938,0,-0.006081591059360548,0.012163182118721095,0,0.4564388052235494,0.3081177356864809,1,0.02310446136895416,0.050367704658922346,0,0.0,0.0,0,1.1384025641968647,0.19551827235311015,1,0.041109425465961164,0.039177607975137294,0,0.029640637665257756,0.028316249151457938,0,0.9790706753848493,0.19948815083945903,1,0.0,0.0,0,0.02776495255840753,0.041717444295402945,0,1.0253257013225336,0.4144395504262205,1,0.3213051750795981,0.15905007372710878,0,0.011735021487178313,0.016577515578168618,0,0.8429476134607785,0.11297453703092018,1,0.0650397889245393,0.05693516844839084,0,0.06600711584846368,0.0808812056512783,0,0.5178480545799141,0.15662168858985046,1,0.05102643909046674,0.07180285617198277,0,0.029246308292962382,0.030477874805105807,0,1.2255165024153705,0.24438416336415042,1,0.008658406277053787,0.01076653501712094,0,0.038654451783524564,0.05190557728724175,0,1.4497645297796862,0.3194923207427869,1,0.05752108779163541,0.023548990243330986,0,-0.003700408145274793,0.004804094443543838,0,1.281629221778364,0.33836039669974055,1,0.04330214701596445,0.030925574112449533,0,0.14958538267844307,0.10863303981582277,0,1.6475624581486161,0.3172652760366532,1,0.010688224089007166,0.04587433675594723,0,0.019602757288897096,0.03294457592756535,0,0.7243765769392205,0.11999055155416423,1,0.045669248382653224,0.07022109511138684,0,-0.0031826748738660775,0.01433510773928893,0,0.42823926209667273,0.31920888641811473,1,0.12795392185112298,0.11521000625574451,0,0.0,0.0,0,0.9374803064374653,0.15287811745196614,1,0.009060374114328085,0.01812074822865617,0,-0.0007802193762176159,0.0015604387524352319,0,0.7796300259556498,0.33236489547593123,1,0.12923034521461021,0.09383072484143197,0,0.0,0.0,0,0.5262280017206807,0.3812338442498664,1,0.1329982030982589,0.0880899760419911,0,0.09779771835164239,0.08398673760710167,0,1.242982644777509,0.32937870437709327,1,0.005057525727497748,0.010115051454995496,0,0.021578093776840605,0.04774034465519841,0,0.6251687844828557,0.3017980344015674,1,0.01633290083082859,0.047691042710285736,0,-0.013771044254249932,0.0181451540471752,0,0.524522490842646,0.07386234750539365,1,-0.0103955300221985,0.020791060044397,0,0.009748890743848803,0.02600051312618158,0,0.7497780276214174,0.08872983736361383,1,0.0,0.0,0,0.004171017907335766,0.008342035814671533,0
125,5000,0.6,bag,0.47953683652319673,0.010577392557681234,0.02409680767906275,0.04641836613796477,0,0.30924454089309855,0.08865070943677314,1,0.07759358610918457,0.09440928682356685,0,0.1831592772243804,0.19332716202570047,0,1.2304035528269988,0.4404248259606242,1,0.1058889580414096,0.11056704027493648,0,0.10916399482782269,0.045291478571005,0,0.42009456817471147,0.21617080003407516,1,0.22002477423962077,0.08607438863511946,0,0.1126710017888382,0.07758114086530953,0,0.724592656703776,0.41753684029712024,1,0.1362792264257002,0.1053750628807149,0,0.10809510477880305,0.07075173956263035,0,0.42531301492768386,0.1452703921942461,1,0.11051650855141695,0.06841801643250786,0,0.09374081968299437,0.08474058650633637,0,0.4500077985810802,0.19900481229829192,1,0.10242868145744968,0.03679291186444263,0,0.13545257754519424,0.06671221052138819,0,1.4780168471971584,0.4580888659874662,1,0.08339868329331379,0.0712789623831082,0,0.20496285170606227,0.13148943347815972,0,0.6130933132866236,0.028679860807051354,1,0.21847111545192038,0.19982844522496465,0,0.06503116300207282,0.09619398183905953,0,0.45392443181307807,0.17701073962187175,1,0.10152626056659564,0.03944002586534497,0,0.07531326931820374,0.03241154184836413,0,0.794245934838744,0.1776453869490079,1,0.11602367214625667,0.03728729442145608,0,0.13921911079593463,0.041864519645557985,0,0.8898357458833,0.15048183260488252,1,0.10970365663500166,0.05565308543916983,0,0.07794685994933753,0.04844476439973311,0,0.7304604457792105,0.27341931787640056,1,0.03804394154901045,0.044850973241347354,0,0.10683687899041898,0.14508389188837648,0,0.5490993707287102,0.4380801751164307,1,0.11015465901931051,0.027575409313847096,0,0.11390813195208319,0.13162665925693548,0,1.2791668764809239,0.184073095972173,1,0.08553476221332186,0.10865469811753212,0,0.14514015590744536,0.06601202702852338,0,0.4167326047460388,0.18359676344028747,1,0.15514191417970918,0.03962002027142286,0,0.20117605387416618,0.13331148511024415,0,0.5947551113992102,0.24668922171594063,1,0.13461758630994508,0.060654508732269616,0,0.15610822781865358,0.14614077806481618,0,0.3556439948995557,0.14768043478339676,1,-0.0023481344752759,0.03338931907303596,0,0.1760648516379456,0.15830248901330254,0,0.6191114700210834,0.20306518145061037,1,0.17434014825465605,0.1634042780160162,0,0.08827421822841935,0.06139846404948756,0,0.46146280801524686,0.19502991166861378,1,0.15633077152640876,0.12795180619663782,0,0.16533848169441237,0.051760652851671196,0,0.37011742202699327,0.16694884158028614,1,0.19593602150927375,0.13085374818305565,0,0.18618728905180087,0.05555477998216761,0,0.44554436268187453,0.0518897326561181,1,0.10887804286470604,0.13100993448322776,0,0.08208673412625514,0.09592575391829641,0,0.754056263683296,0.2808749249233781,1,0.10363452880138964,0.09012001306739484,0,0.10962626764642669,0.09984370737570725,0,1.5855329518710661,0.31711352490306155,1,0.09934384853585185,0.1766600731989274,0,0.11024131113434495,0.042234522012056616,0,0.3738561412375525,0.24759845124043953,1,0.021770666091434902,0.019818590327698095,0,0.1385389289985564,0.043886545307350956,0,0.9477418964662032,0.329113857047755,1,0.18016246046392295,0.11039867971506036,0,0.0616908353640111,0.07110621736494535,0,0.4784491562624761,0.18926875912150143,1,0.28157512779787247,0.06864480193212363,0,0.19224976603687355,0.10957611151867282,0,0.42201381252788367,0.23793069273915599,1,0.07568980061991601,0.06598298269682804,0,0.19186058292774252,0.07780170890887705,0,0.6284256972176743,0.1954832348628938,1,0.14001670133879843,0.12290743809517281,0,0.15875192133199345,0.09288512181885576,0,0.4770794922849242,0.1397665868015381,1,0.1889203669693352,0.11637703490651134,0,0.3083145667222154,0.05604796244890726,0,0.476220220855238,0.11753964751833323,1,0.1089648154990817,0.06373615438283232,0,0.11591192940552104,0.07389565861940926,0,0.6552835877762728,0.1658297021016768,1,0.21254899075201358,0.12280110485882863,0,0.05762931820139039,0.06550357557645173,0,0.3399125812359318,0.14831384480949922,1,0.12866906085900087,0.06145860299456411,0,0.10262650601699255,0.059796915980131114,0,0.5071859431304976,0.19235782929461331,1,0.04389385536276126,0.07749034262747113,0,0.0336509167206309,0.06214075162509522,0
125,5000,0.6,mlp,0.9594700466325939,0.0024028691863062445,0.004233150130892068,0.0028453113828593485,0,2.0628800775955787,0.15772812006245207,1,0.017842409543549577,0.019825844931082297,0,0.019699460748629674,0.021470276472118945,0,2.1339254542987547,0.10775328900164106,1,-0.0057878359859354685,0.004984472362142209,0,0.016815147851402527,0.021452049632562836,0,2.058326064497128,0.11269019044052575,1,0.012859083155924012,0.016901667796032485,0,0.0001139685250338092,0.016709937834921307,0,2.1439358327114126,0.10184115162836478,1,0.006403437923695504,0.013654760412550832,0,0.011255542842107231,0.021509740605597523,0,2.015201713102382,0.12739278072014668,1,-0.0007401934604633096,0.011685520806973092,0,0.01578065836476571,0.012653376559663528,0,1.8015685739510758,0.05289836066162213,1,0.01597708238845045,0.01323947653728353,0,0.019536666656090128,0.016383420785388632,0,2.0228942924809648,0.1437922806848566,1,-0.0038766085679132296,0.008712410859753189,0,0.009505000828442378,0.020950550379571765,0,2.090118262628215,0.11472940951217235,1,0.002226776488756151,0.01608369631186189,0,0.015116255993684805,0.0047321622805750144,0,1.9446434830374302,0.10335607366425459,1,0.003742777000773307,0.006450444232586378,0,0.003914678590043347,0.017807559253106772,0,2.1330845116326653,0.13434446133826283,1,-0.0005227691346055529,0.010953582286717212,0,0.020168651430423706,0.007563829947224754,0,2.0528891193034524,0.20693174805265208,1,0.020943678750648342,0.005268951589454594,0,0.009898205955280001,0.01105662511563927,0,2.0503591439278552,0.11643460240146472,1,0.014777194889914289,0.023392856533021665,0,0.01357042125743678,0.026336911514088308,0,2.04617856427622,0.14600271992469283,1,0.00788486545328706,0.01284701450105683,0,0.00443213523677617,0.022570989314034468,0,2.2834955467458746,0.0833437493138511,1,0.016969438712353478,0.006379143958267802,0,0.018980933082422647,0.005409757284783255,0,2.098115639654935,0.1595170264544751,1,0.01938402645218025,0.015248011604631332,0,0.010923297520337927,0.01767448978536292,0,1.8988994039748899,0.11563398817044362,1,-0.0009480995551540691,0.021492978182421026,0,0.014977814627604715,0.02506408148939139,0,2.000018671183605,0.06131365164240177,1,-0.00063291818044735,0.016103367146477993,0,0.0008824063716755277,0.010185707395262072,0,1.9607049109719945,0.11315200185437235,1,0.0028212171344983083,0.021735661521707576,0,0.01057971208898843,0.018159290439599136,0,2.1817885852567067,0.1294542751136101,1,0.022581060398954345,0.015218602813785134,0,0.0037213774048705296,0.012697272260641402,0,2.0279124358450518,0.1294691708965556,1,0.01031401266765622,0.01134205065093896,0,0.0048899127288618656,0.01518146558114458,0,2.085024022845471,0.1892658749966678,1,0.00946476859173372,0.017828484781584268,0,0.013304869336253411,0.0135498118506009,0,2.084009034911072,0.203476610305837,1,0.0020418794262466707,0.014886548444639365,0,0.008119015318593346,0.010226416437375468,0,1.7641273724605568,0.1108911495236769,1,0.006612428594685178,0.023183509659933262,0,0.01323658476478296,0.008616428696493879,0,1.8661213408919946,0.0635970485748146,1,0.006706397806872206,0.009282126358315993,0,0.009623413202784535,0.005046655458436519,0,1.8890156327681293,0.11271928172740572,1,0.03402907352846573,0.023081509665732088,0,-0.0013050880035985293,0.012197427476187546,0,2.0520430350598127,0.09634430746182683,1,0.009507124892450817,0.013883043484794213,0,0.012077484939626152,0.011935510641114462,0,1.8374633170786676,0.14273847298285952,1,0.0015400406685150136,0.013353823427835447,0,0.018261259617039626,0.01184320153294827,0,1.9494219597487699,0.07787477404230239,1,0.012917740651605728,0.012136856293276127,0,0.02544743314160623,0.01110005170387639,0,1.8044310247950937,0.08579405742387504,1,-0.0008376315738807926,0.0209017124938158,0,0.01177036319112388,0.018187352352891564,0,1.9676706090530882,0.06537216652586325,1,0.004453727829062555,0.014173101662705205,0,0.00038528492255764866,0.01642144194259127,0,1.9398457256122001,0.061592732032620126,1,0.004101904617720972,0.0040218271350377964,0,0.03351052085702694,0.01572127787634147,0,1.9293964043695415,0.14491224290930918,1,0.018050329904662706,0.03053416067202004,0,0.023769399880166388,0.023495561259907035,0,1.9972724995763946,0.0661542314090132,1,0.01637279030677253,0.006230629403659137,0,0.007850810142116247,0.015037255283627846,0
125,5000,0.6,svr,0.9213923874395672,0.0048258950125399346,0.03993777160579702,0.020787934491838553,0,1.2681826231434146,0.012841768760554937,1,0.028433100295754844,0.012775212825343078,0,0.042288327374778736,0.01687661984121091,0,1.4163617344623827,0.07745892461292346,1,0.03076603258382978,0.013602800265037756,0,0.025294885159536908,0.013677642547330147,0,1.3011063736195745,0.09435687667632457,1,0.06427072693424693,0.01457105329128592,0,0.030253252649883555,0.016480619998699958,0,1.2864386190737247,0.034200035677611325,1,0.01590357627056483,0.012108266800754658,0,0.028552342543893994,0.019890342764363505,0,1.2727850012248614,0.08920529908204342,1,0.03908835274490543,0.012331481121801774,0,0.008684958397780208,0.012146392423680135,0,1.1652346734730683,0.05283399537364247,1,0.05897887251210676,0.02304853102619917,0,0.015376748719014895,0.015056707343391052,0,1.3064872988187326,0.03712586609219736,1,0.03818179264734028,0.01704352608965012,0,0.018053530388561483,0.013630743655647376,0,1.420125152666095,0.10695826478457526,1,0.018423379359483388,0.010097916542170198,0,0.025401369893474125,0.019024017249397257,0,1.285979040681009,0.08038357001143527,1,0.0484913147911155,0.022402005485114222,0,0.037128476407038646,0.015977692849109104,0,1.3809176238368317,0.031704542849234574,1,0.019214071981861345,0.017245355528444292,0,0.053936016480993755,0.01639270790625409,0,1.2547447002617507,0.09116760618181459,1,0.02389670318919144,0.02185357873852734,0,0.03526353232155711,0.015473970014522243,0,1.3267880514774524,0.09142649600192856,1,0.022764948174590717,0.018221727693394266,0,0.022361179411767802,0.012824873100054555,0,1.4097150009313621,0.09571802232030988,1,0.02500086652046967,0.011494207012701119,0,0.03197777506605313,0.015835486802664743,0,1.3900924806746144,0.05035032147149249,1,0.02061596962746211,0.010658256876550531,0,0.01390656978940089,0.02487758318815491,0,1.264009554765582,0.10491125822726413,1,0.019915812650385757,0.01266705337058874,0,0.01992291565392388,0.014930255858433529,0,1.3015556333321538,0.06776419073729953,1,0.03496551136025571,0.018334484400334573,0,0.025179968051878786,0.022898317010096356,0,1.237296860766668,0.07168267409480492,1,0.011605627237603399,0.01408535449044589,0,0.031936601295467604,0.01140765210178405,0,1.3495906483980504,0.07244167023498153,1,0.04472256652821296,0.01484372018634113,0,0.010113721491197526,0.01435093321929464,0,1.4645345899733984,0.0961934347014232,1,0.028579464804569875,0.007778052819115709,0,0.04866309730450363,0.01535505521797201,0,1.1179531650433365,0.13110826739972253,1,0.04951808212341756,0.020828136211161086,0,0.0020402963624531747,0.010819118518007473,0,1.3203618949882963,0.1700013985571163,1,0.03264942102075109,0.014851166662690969,0,0.05264820869172597,0.010765632559716218,0,1.3760089713441996,0.19744866164253438,1,0.021955781627767602,0.012804665874234239,0,0.03962195411787955,0.007949301740050436,0,1.21573726737302,0.06126259799281152,1,0.04564778800562254,0.02620625221975884,0,0.03808922737898112,0.020046621988814375,0,1.1887777228423906,0.07496501294844828,1,0.0388669167266926,0.006140829033947375,0,0.02104326265620084,0.00950404671487507,0,1.3464845178740403,0.10045660301124038,1,-0.004727825262187861,0.017110836484304656,0,0.03599980761729649,0.018445897752327092,0,1.3842627655685102,0.060503720872407664,1,0.019654972031425057,0.010024759438562302,0,0.05031794297295794,0.019966942566377238,0,1.2013843644231077,0.11024058187870478,1,0.030698336494035916,0.021548784625708934,0,0.028710309410622064,0.017388791705370863,0,1.1591802391091002,0.11062294586450035,1,0.03336644947452043,0.023872079525474797,0,0.02650303287428915,0.01660270104237172,0,1.252689815619697,0.07649885928418351,1,0.02904817142353494,0.010415338108403394,0,0.046684210531604105,0.02129540191309587,0,1.2977985162834131,0.10175675286260241,1,0.04039735768734179,0.017798633150873246,0,0.027160221578119696,0.02667093819324822,0,1.3399323830984666,0.08108601830543403,1,0.019093645515809134,0.018060572872418922,0,0.024386570600844176,0.010034393143904663,0,1.1449661699804088,0.08468060163837367,1,0.026861575451873065,0.018524434960339117,0,0.030147212543052266,0.00915673772048733,0,1.4894741227639638,0.068533245624997,1,0.008439473242624987,0.017556827070336338,0,-0.007698519597357911,0.013622926946653194,0
125,5000,0.6,knn,0.6104758091363387,0.01010657539542078,0.17041589103486468,0.14523516819678986,0,0.38197161707943716,0.2512296484326597,1,0.3287981346261677,0.2128933866976279,0,0.33069932282799636,0.1351575333599097,0,0.6957490250383094,0.1971062350916812,1,0.25371162112277146,0.20421132400402184,0,0.30313168437028404,0.26115700317312507,0,0.7531501153118313,0.2474061393094398,1,0.22792551755870666,0.23324472381004976,0,0.25347583286067554,0.3040638621403404,0,0.5970964992653267,0.3531293692697376,1,0.16682501700437688,0.2249729977604642,0,0.24955624787311068,0.22169469722220186,0,0.5581070658209428,0.20121525555959108,1,0.26390775354932294,0.2835313153447602,0,0.2750028906910086,0.2255697487818235,0,0.5948735954422241,0.3842467731773042,1,0.2520988224532141,0.2650749803827992,0,0.27504985054767367,0.3047054065239056,0,0.6374506271514186,0.1890726311307784,1,0.27663766904247494,0.17061651171941483,0,0.4734819844090506,0.3155248999092472,0,0.7023383886220321,0.2546906465664157,1,0.43627582994018477,0.3416210410537867,0,0.4309228608759921,0.2998723752975161,0,0.7596105337947194,0.09092140344527982,1,0.4565488490213262,0.23117773008516723,0,0.17703604441242698,0.31026832119483555,0,0.4994614002381505,0.20460859452254526,1,0.22557191160038553,0.1799679683956379,0,0.25242890988140115,0.20571946880964884,0,0.5379600075147979,0.272509573865629,1,0.22957571335216853,0.19800571753488397,0,0.11615193827396857,0.22836724844241388,0,0.42240251237445464,0.25555152717728286,1,0.5204995415143134,0.210601373605311,0,0.2534379524341034,0.1655197812454471,0,0.5434700980919189,0.2721516945438008,1,0.15756178926334005,0.13061530149661194,0,0.4128341150900484,0.31016220235786524,0,0.7180377185733782,0.30944161414553323,1,0.25390805399371374,0.17113817741633794,0,0.2605050853579824,0.23206556104707599,0,0.5828259873889097,0.20195690314109677,1,0.3311335592974457,0.17461017149878524,0,0.33637367782224914,0.19965895403660283,0,0.5600133161356717,0.2737827189168581,1,0.2814179817090453,0.18578195083140575,0,0.2302146454271284,0.2549937016908526,0,0.5124682795357327,0.17092379486448128,1,0.11989284589018168,0.15163282589809685,0,0.1952286180675366,0.1842012767390045,0,0.6434659904929012,0.24590125131924753,1,0.26059210513842285,0.2526477688584268,0,0.18411640625317163,0.08355545459978425,0,0.5511629537490917,0.21343243163056436,1,0.26555596853035907,0.26245574702663527,0,0.3789883183738706,0.23900676539868768,0,0.38809004743653386,0.13973676123148548,1,0.28777871075275235,0.2281950420539519,0,0.26829299423177605,0.20740347242817073,0,0.5645550596635331,0.12390037350423803,1,0.26500924230464235,0.2662206142285035,0,0.38961064826689784,0.1574994061645857,0,0.6368178540752093,0.23625840190396052,1,0.3758488241545723,0.14199777448793677,0,0.24425492078658473,0.32895317317079353,0,0.5066307192946302,0.1619777770807196,1,0.06428514060122893,0.2838136044783959,0,0.19008879503721732,0.2733146554173469,0,0.4018291986817454,0.19677880846640378,1,0.19677263269214088,0.16796970410396014,0,0.17915952753669095,0.18513682895096056,0,0.3570291188924214,0.202873664806452,1,0.2523310865317133,0.19375213160732804,0,0.22143400026266752,0.2731632807538038,0,0.6751929044203989,0.12635304799365338,1,0.4601568341192513,0.16434440058876607,0,0.24698831731006168,0.2769559498811005,0,0.40080479958546655,0.26951413359607806,1,0.2003463711015764,0.15270252168364598,0,0.24183794194850275,0.2300365452337026,0,0.4596519307632739,0.2449715074917533,1,0.1737038303194493,0.15961038934738436,0,0.20918826210214023,0.2766102789701152,0,0.6292087561167247,0.13457563725704613,1,0.2856028236138617,0.2051914339455505,0,0.21577601095909055,0.09576237682155778,0,0.48494433110888113,0.3064797359137587,1,0.35445766673565865,0.22704268020057994,0,0.33326865419281193,0.2099164743554492,0,0.6169261461943065,0.26860307478740825,1,0.1574766322489447,0.32829864476631515,0,0.26488306819831076,0.2480572455337981,0,0.5251835218727526,0.26411976307209933,1,0.36020086291379366,0.28561406772402065,0,0.4147587837078553,0.1821734162664979,0,0.5648599150051462,0.08166367988498804,1,0.12520784835641524,0.22516691310706363,0,0.10842415470640605,0.1906304130522631,0
125,5000,0.6,SuperLearner,0.9808182248851951,0.001218549494104212,-0.0010955036170998407,0.0015708644581786074,0,2.013096099198254,0.07434725479899162,1,-0.0003688434969616319,0.0005145332400041089,0,-0.00042058717521353643,0.0006049481335618057,0,2.0564084953816035,0.07665024707186358,1,-0.00011804848424743588,0.0003735222056647098,0,0.0003911615075354642,0.0003622069693880911,0,2.0066293964812103,0.09758112633800398,1,0.0013477256400477367,0.0027120844958797344,0,0.0009762330205376326,0.0009374806039942822,0,1.9835642901947197,0.02620692071700838,1,-3.2039682469420206e-05,0.0006576189869550141,0,-0.0002904193376404773,0.0005783550541343503,0,2.003412162326836,0.06119407081384708,1,0.0005276838429576269,0.0004613901725406114,0,6.443123945670369e-05,0.0006297786100622893,0,1.7672593691884706,0.04799779100778733,1,0.0056024518166388395,0.002582249631438441,0,0.0002875775248756285,0.0004640333641119182,0,1.9411272929664478,0.07259136421467093,1,0.0006635787211812958,0.0018200185353645982,0,0.0032238376437155984,0.002176766206526031,0,2.140373595877081,0.1071078814597868,1,6.103053832989412e-05,0.0006646358978008732,0,0.00010140150148769587,0.0007337448409039352,0,1.971397843887134,0.056574266057980466,1,0.00011937257509776877,0.0007772829833467872,0,0.00028803859348972737,0.00023644544876829255,0,2.132384216021798,0.12029276945273282,1,0.002610902453640748,0.002486619286347829,0,0.000641408408067321,0.0007871601101823774,0,1.993175518361411,0.11775641741885991,1,-8.145512789892084e-05,0.0008983710422792784,0,-0.0001550831160421544,0.0008520683315149157,0,1.9898561008607607,0.10043948346202085,1,-0.000187326541515874,0.0009148524692380419,0,9.095109582815074e-05,0.0007445738835199165,0,2.0284229235972084,0.1098514086039863,1,-0.000585457748248317,0.0014511455796142065,0,-0.00048221950113768174,0.0006015431290062017,0,2.103702071164794,0.06669472447493699,1,0.00036558842306450994,0.0010066095403762263,0,0.003961272501152465,0.0014049194900476445,0,2.1193137598447938,0.1381576749827907,1,0.0005906274423989633,0.0007387999681646704,0,-4.97293894767039e-05,0.000490008207859921,0,1.9932933596530815,0.07440108999719987,1,-0.00014357569417067185,0.0004898559301344005,0,0.0013350100734477186,0.00237395913407693,0,2.0211089421513257,0.08118917790747901,1,0.00023820113712543428,0.0008312919056423372,0,0.001290297276811052,0.0013478809059639485,0,2.020322142880081,0.10905074415024105,1,0.00029100368300857,0.0005060843888100063,0,0.0007627917475734827,0.0011646607405649697,0,2.2147929137768894,0.09029209502321521,1,0.0002098612984623887,0.0011155006566516733,0,0.00039150818143100037,0.0013030437411093363,0,1.9625095506187509,0.14506106159823137,1,-0.00105452655163927,0.0015877062191785145,0,-0.00010568673127953198,0.0012351517391600013,0,2.0447201010854705,0.19527639736088367,1,0.00021671618321958164,0.0004596730577404839,0,-0.00043769140629902153,0.0009304903943337847,0,2.024498041059233,0.19727630060895282,1,-0.00044720866155636957,0.00044021740336045736,0,0.004293941467376567,0.001112384581306428,0,1.8522513040463644,0.10119706680436799,1,0.001052037991801177,0.0017609373002731808,0,-0.0005793742470670807,0.0010643769272147123,0,1.8536233935037516,0.08135353346898946,1,1.874622050413691e-05,0.0007418689850264976,0,9.871061713737627e-06,0.0009529986835118142,0,1.880937562123061,0.05674869073548561,1,-0.0003598377215347153,0.0009949215364591724,0,0.0007602132338397771,0.0023554258713535618,0,2.0821096223753743,0.06041505040125177,1,-0.00028033366955160276,0.00028145417967134415,0,0.002000667808300938,0.0019481816227615789,0,1.8779740247359982,0.10948406085305382,1,0.00042554944601030985,0.001598559833520405,0,0.0002205731108516091,0.0006866887394002969,0,1.9786659525744739,0.0641026728878688,1,-0.0007802734767651374,0.0008014828682934318,0,0.001000940722391359,0.0012145694207829907,0,1.8662093839585148,0.09641163469903652,1,-0.00024312935219601605,0.0002851993018386736,0,-1.86556219540943e-05,0.0003753625925160619,0,2.0384127316340894,0.1116609644264367,1,6.805522525133557e-05,0.0004980200979893816,0,0.0003214748576245064,0.0008479750322913361,0,1.987867490591416,0.02531702688939641,1,-0.0007589576613538554,0.0007913787700198962,0,-0.00014277905620079155,0.0008549651392924415,0,1.9068112671360993,0.13293619239242735,1,0.0016958653620272805,0.0019346010095106518,0,0.00036470902509190886,0.0009735955620328681,0,2.010467242799648,0.05580376438195272,1,0.00047061045286570375,0.0009474295584030013,0,-0.0006022658189153275,0.0007833432314740769,0
