seed,n_samples,cor,model,r2_mean,r2_std,imp_V0,imp_std_V0,tr_V0,imp_V1,imp_std_V1,tr_V1,imp_V2,imp_std_V2,tr_V2,imp_V3,imp_std_V3,tr_V3,imp_V4,imp_std_V4,tr_V4,imp_V5,imp_std_V5,tr_V5,imp_V6,imp_std_V6,tr_V6,imp_V7,imp_std_V7,tr_V7,imp_V8,imp_std_V8,tr_V8,imp_V9,imp_std_V9,tr_V9,imp_V10,imp_std_V10,tr_V10,imp_V11,imp_std_V11,tr_V11,imp_V12,imp_std_V12,tr_V12,imp_V13,imp_std_V13,tr_V13,imp_V14,imp_std_V14,tr_V14,imp_V15,imp_std_V15,tr_V15,imp_V16,imp_std_V16,tr_V16,imp_V17,imp_std_V17,tr_V17,imp_V18,imp_std_V18,tr_V18,imp_V19,imp_std_V19,tr_V19,imp_V20,imp_std_V20,tr_V20,imp_V21,imp_std_V21,tr_V21,imp_V22,imp_std_V22,tr_V22,imp_V23,imp_std_V23,tr_V23,imp_V24,imp_std_V24,tr_V24,imp_V25,imp_std_V25,tr_V25,imp_V26,imp_std_V26,tr_V26,imp_V27,imp_std_V27,tr_V27,imp_V28,imp_std_V28,tr_V28,imp_V29,imp_std_V29,tr_V29,imp_V30,imp_std_V30,tr_V30,imp_V31,imp_std_V31,tr_V31,imp_V32,imp_std_V32,tr_V32,imp_V33,imp_std_V33,tr_V33,imp_V34,imp_std_V34,tr_V34,imp_V35,imp_std_V35,tr_V35,imp_V36,imp_std_V36,tr_V36,imp_V37,imp_std_V37,tr_V37,imp_V38,imp_std_V38,tr_V38,imp_V39,imp_std_V39,tr_V39,imp_V40,imp_std_V40,tr_V40,imp_V41,imp_std_V41,tr_V41,imp_V42,imp_std_V42,tr_V42,imp_V43,imp_std_V43,tr_V43,imp_V44,imp_std_V44,tr_V44,imp_V45,imp_std_V45,tr_V45,imp_V46,imp_std_V46,tr_V46,imp_V47,imp_std_V47,tr_V47,imp_V48,imp_std_V48,tr_V48,imp_V49,imp_std_V49,tr_V49,imp_V50,imp_std_V50,tr_V50,imp_V51,imp_std_V51,tr_V51,imp_V52,imp_std_V52,tr_V52,imp_V53,imp_std_V53,tr_V53,imp_V54,imp_std_V54,tr_V54,imp_V55,imp_std_V55,tr_V55,imp_V56,imp_std_V56,tr_V56,imp_V57,imp_std_V57,tr_V57,imp_V58,imp_std_V58,tr_V58,imp_V59,imp_std_V59,tr_V59,imp_V60,imp_std_V60,tr_V60,imp_V61,imp_std_V61,tr_V61,imp_V62,imp_std_V62,tr_V62,imp_V63,imp_std_V63,tr_V63,imp_V64,imp_std_V64,tr_V64,imp_V65,imp_std_V65,tr_V65,imp_V66,imp_std_V66,tr_V66,imp_V67,imp_std_V67,tr_V67,imp_V68,imp_std_V68,tr_V68,imp_V69,imp_std_V69,tr_V69,imp_V70,imp_std_V70,tr_V70,imp_V71,imp_std_V71,tr_V71,imp_V72,imp_std_V72,tr_V72,imp_V73,imp_std_V73,tr_V73,imp_V74,imp_std_V74,tr_V74,imp_V75,imp_std_V75,tr_V75,imp_V76,imp_std_V76,tr_V76,imp_V77,imp_std_V77,tr_V77,imp_V78,imp_std_V78,tr_V78,imp_V79,imp_std_V79,tr_V79,imp_V80,imp_std_V80,tr_V80,imp_V81,imp_std_V81,tr_V81,imp_V82,imp_std_V82,tr_V82,imp_V83,imp_std_V83,tr_V83,imp_V84,imp_std_V84,tr_V84,imp_V85,imp_std_V85,tr_V85,imp_V86,imp_std_V86,tr_V86,imp_V87,imp_std_V87,tr_V87,imp_V88,imp_std_V88,tr_V88,imp_V89,imp_std_V89,tr_V89,imp_V90,imp_std_V90,tr_V90,imp_V91,imp_std_V91,tr_V91,imp_V92,imp_std_V92,tr_V92,imp_V93,imp_std_V93,tr_V93,imp_V94,imp_std_V94,tr_V94,imp_V95,imp_std_V95,tr_V95,imp_V96,imp_std_V96,tr_V96,imp_V97,imp_std_V97,tr_V97,imp_V98,imp_std_V98,tr_V98,imp_V99,imp_std_V99,tr_V99
111,100,0.9,lr,0.9695383588053449,0.014726153797754332,0.2874944464985375,0.5037933452802176,0,0.17302362845081024,0.34361597307024133,1,1.0040927640487427,0.6931647219167439,0,1.1156886331243308,1.3512816335736753,0,3.7156172884778598,3.817549653926206,1,0.1442260416325299,0.22986013689610366,0,0.8872473274940569,0.5973049124503933,0,2.0254598030224544,1.4758760233895618,1,0.5924321245866676,0.4719890167998682,0,0.800183307301866,0.9583254791083188,0,2.6118943905208116,3.304265585419812,1,0.12291022030891252,0.2071643165687084,0,0.22990450377690452,0.25430315803829867,0,1.7564474492649833,2.635044737516774,1,0.2647908868983084,0.20563579799303724,0,0.2071305622717213,0.31302463096993716,0,1.4915356913675297,1.744151925529858,1,-0.09796229514825569,0.45408822810820176,0,0.5058529095293505,0.35307647003537995,0,2.590517159606455,1.2118317893704147,1,2.218522514891252,1.084673093444683,0,1.0270395755861992,1.7936765542224542,0,1.2663358850817354,1.1700070406643832,1,0.672585409044028,0.993294215635263,0,0.44278519330297295,0.43859779262304077,0,2.6691605121394377,0.49466841020703317,1,0.04896898976073054,0.10745119752236582,0,0.5653962026298449,0.34147264160065005,0,1.886323088609417,1.2611313153942996,1,1.0476345669688745,1.515823730869353,0,0.46563916319297,0.23392551662295996,0,0.5733153035296854,0.4327053064405905,1,2.0564263853189946,1.6726198680279363,0,3.4816641221013582,2.1309830647170642,0,1.4090553073369714,0.7292106395862679,1,0.3508550241751879,0.35241821993701045,0,0.7368826262968395,0.6492368504805791,0,1.2114415213742142,0.579428211562795,1,0.9448504365201936,1.1503415717685874,0,0.29014023075022577,0.49906228310661205,0,0.5319917919473237,0.5465372628412445,1,0.2729048024167131,0.5647206568713593,0,0.18716575573922678,0.7026084458872958,0,1.7864002417385596,2.19872745320427,1,0.19524667953898578,0.5773178629068719,0,0.7239988097640667,1.1396495592826195,0,1.1010486529263486,1.1940117570432005,1,1.5115225547656745,1.0352348414220935,0,1.3905370108712969,1.5350893568972923,0,0.9630969330457526,1.569017645359489,1,-0.05955657164373286,0.04973478388321465,0,0.3007422249987227,0.33475810405506684,0,0.7699031413474428,0.7072129889852231,1,0.33921969168691735,0.6161485224418489,0,0.017667593494387693,0.19878622054899273,0,6.978170764002161,4.003809973962815,1,0.17940006515876042,0.555393726415555,0,0.29236417235909223,0.49131765531115323,0,2.023196872408346,1.9949250029874976,1,0.03043546069947939,0.441322844231563,0,0.3684276913781139,0.5114850545522855,0,3.945421163968041,3.04276516610153,1,-0.09449143792158698,0.0562919159435484,0,0.5726186295898015,0.6738955994355585,0,0.9089532824141717,1.8253005246122742,1,0.010268760672101895,0.5931969958314306,0,0.6838029295314858,1.1653002271186284,0,0.5205761216486897,0.5153783106323604,1,0.5164428820092922,0.6187486784241317,0,1.017079276928452,0.8467971493062004,0,1.5136752355837406,1.6494292539708264,1,0.1058601657495398,0.47076455629490427,0,0.017614281771167264,0.2164206384381327,0,0.33554690158015754,0.22603126519580063,1,0.25282234184895497,0.3476049097579842,0,0.7377511539563766,0.6586154019591264,0,0.0902753553027221,0.06221688061650333,1,-0.13605013677206498,0.15617715613651417,0,0.6049461432083653,0.6643680813487336,0,1.627919731351754,1.2312129831207863,1,0.5475902264123963,0.8298189128571527,0,0.3040209577962371,0.5790520411423589,0,2.513081639363948,2.2469723558061068,1,0.7627904443323912,0.73181588708847,0,0.007148535661093758,0.13409634216401278,0,1.95997304327348,1.1518112492575747,1,0.07339423605545267,0.4257225187988973,0,0.8500881290727416,0.973059410120661,0,2.2124179295514983,1.8256400789473197,1,1.0122548775720506,0.7956933888470809,0,0.3200530006169636,0.43227965744911095,0,0.2892862926989018,0.38297560479097653,1,0.2547116081250918,0.3482874276517639,0,0.5158922716198118,0.5759965151269255,0,3.7958743969867945,3.054464868640613,1,0.358405434854132,0.7194308301190909,0,0.24293730197391555,0.4829606060297443,0,1.8200954544183083,2.5532611410977,1,0.19612749529806042,0.2864807442140539,0,-0.03903957818254769,0.1828793769081365,0
111,100,0.9,lasso,0.84668060330632,0.03294168684995334,0.0,0.0,0,0.0,0.0,1,0.0,0.0,0,0.0,0.0,0,0.0,0.0,1,0.0,0.0,0,1.0743056536529756,1.0943804784629292,0,3.740869122231005,5.488846037376599,1,0.0,0.0,0,6.160747028557783,7.565036745439496,0,2.063929057340085,2.5473893923886326,1,0.36621646927287366,0.9005795655865301,0,0.16207247891594567,0.3241449578318913,0,0.0,0.0,1,4.137144356494036,2.358818434861236,0,0.45828852580116725,0.9165770516023345,0,0.06903943429299367,0.13807886858598734,1,0.13624079587177668,0.27248159174355335,0,8.545611058272636,7.750600088987712,0,0.7232530512684926,0.4005020178596214,1,0.902470014298421,1.123271929828098,0,0.0,0.0,0,2.2220111587611315,0.9866928487350574,1,0.0,0.0,0,0.0,0.0,0,0.05255082095591344,0.10510164191182687,1,1.0889118233918391,1.3370849816300898,0,1.8554411784231015,2.8371120162021284,0,10.261298476206731,3.6747540853886473,1,0.0,0.0,0,0.0,0.0,0,0.14124650523532029,0.276950522885216,1,0.8456166773090752,1.6912333546181504,0,1.8283149587746887,2.2398130925092476,0,0.7289534988123215,1.5180224359290277,1,-0.057683165271376645,0.11536633054275329,0,0.6794520971069649,1.043087264846888,0,0.25592867405783204,0.5118573481156641,1,0.47722986354560215,0.9544597270912043,0,2.6243737202712807,2.872803207555193,0,-0.44735791951093323,0.8947158390218665,1,0.0,0.0,0,1.8753754515156076,2.2042570867945805,0,0.0,0.0,1,0.0,0.0,0,0.0,0.0,0,0.7845119557309981,1.2764595931378795,1,0.0,0.0,0,0.98182548670204,1.19607538630058,0,0.13098103047865553,0.26196206095731106,1,0.9910509151261595,1.4090164170575785,0,1.7194539038401817,2.014439783655977,0,0.24029164214525883,0.4284306651905669,1,0.23200081686860222,0.4640016337372044,0,0.0,0.0,0,15.873263846650138,4.406068774634392,1,0.0,0.0,0,0.3588040863962243,0.5399954629413363,0,0.21173510471788376,0.2636636170226179,1,0.0,0.0,0,0.2979812961807896,0.5959625923615792,0,0.0,0.0,1,0.0,0.0,0,0.0,0.0,0,0.40573188782880204,0.811463775657604,1,0.0,0.0,0,3.033820109477077,2.0496350326626747,0,0.0241079346091837,0.048215869218367395,1,0.4284791028275151,0.5350431570139207,0,2.0908687507669974,3.1773554344550474,0,5.817970830408906,4.584758858597282,1,0.0,0.0,0,0.0,0.0,0,0.0,0.0,1,0.23653148694191958,0.47306297388383917,0,1.9699977021747546,1.8599601118413087,0,1.6131940647923475,1.8012009731280696,1,0.0,0.0,0,0.36267287453781477,0.4660839266601536,0,0.7490213474957027,0.8959224715021558,1,0.6687339938919775,1.1297456319631112,0,-0.03744548776734865,0.0748909755346973,0,1.7390180789825636,1.3411879923546963,1,0.11933681309715102,0.23867362619430205,0,0.0,0.0,0,3.240840401620127,4.0274822612933345,1,1.8559024144397818,3.118053477589788,0,-0.0009150926413170613,0.04013740523442917,0,1.2602210325804406,2.520442065160881,1,0.0,0.0,0,8.593513769431317,6.975892860878175,0,0.0,0.0,1,1.4025781609305903,2.1811064095237898,0,0.0,0.0,0,-0.1978853395850707,0.3957706791701414,1,0.3709724731652819,0.7419449463305638,0,0.7153175300961268,0.9155629174333823,0,0.7778365719311365,0.567236197199313,1,0.2494220316645798,0.2663890139256787,0,0.0,0.0,0
111,100,0.9,dt,0.051946329168232316,0.5041631544041517,-0.1416014844836555,0.20281376354604555,0,2.276634656690856,4.553269313381712,1,0.8489610282184372,2.1360122009185005,0,-0.7461646848641266,1.4923293697282527,0,-1.7863606754557466,2.7714659315305146,1,0.0,0.0,0,-0.9734210756284707,10.82758023080814,0,2.795482712555212,3.5037097786205385,1,0.8045378257464447,1.6090756514928894,0,1.459415941664279,4.216223169277569,0,-0.5680629195142005,1.3918533740071635,1,0.4205040130387655,0.8410080260775309,0,-0.1787276115958006,1.4233458042288814,0,-0.03845236048197148,0.07690472096394296,1,5.365278834493011,12.370718497482486,0,0.0,0.0,0,0.15498239814959902,0.30996479629919804,1,-0.13508305452986757,0.29165367928279234,0,0.1562819281481431,0.3125638562962862,0,7.739546875538818,9.256836901594326,1,2.3822136076694695,5.120436010561943,0,-0.7454039935313619,0.9832646338293045,0,13.253100637325844,17.031478277208645,1,-11.722938494455194,23.000895232829794,0,0.08828854416328698,0.8341580490896642,0,1.874625591953891,3.749251183907782,1,0.01202724418741068,0.3546474028830431,0,29.06648100184333,58.61496504775862,0,6.694540686950705,16.110458717042192,1,-0.20698478032378284,0.4196009285387117,0,0.0,0.0,0,0.13461489667766693,0.2858015096041538,1,3.0212358849049563,6.1783589917529715,0,-0.15273287677273312,0.30546575354546623,0,0.6880358034387828,1.3760716068775658,1,1.010547735323898,2.3135048059144037,0,-0.7989514657986934,1.5979029315973867,0,0.02901495426205099,0.05599372523402924,1,-0.32167825488283375,0.6433565097656675,0,-0.14942127734207394,1.0121940498529118,0,0.04020197020766989,0.08040394041533978,1,0.0,0.0,0,-0.5318754994372308,1.007085885839449,0,-0.20068307256865045,0.4013661451373009,1,-1.8031178380176904,3.606235676035381,0,-0.39588565230826,0.7917713046165199,0,-0.09814067257967156,0.13191317583336926,1,0.0,0.0,0,0.09962151828963892,0.19924303657927786,0,-1.0720814234592295,1.4762705320741196,1,-0.1651609836821517,0.3303219673643034,0,0.007880016121966036,0.015760032243932073,0,4.9233319533394,9.15256931644331,1,25.176626782690086,29.85017927528588,0,0.9165791498343857,2.4181780399806967,0,0.0,0.0,1,0.0,0.0,0,0.0,0.0,0,0.6380532095393469,1.2761064190786937,1,7.863928684211143,12.62585593479782,0,0.9128192256622427,1.8256384513244857,0,2.936888479423254,3.1219645936645506,1,0.0,0.0,0,-0.6054149407740417,0.779430189303012,0,0.0,0.0,1,0.12645347720983172,0.25290695441966343,0,0.4552641489922675,0.9105282979845349,0,-0.09678305234137952,0.19356610468275903,1,-0.05686041114681591,0.15661467685879843,0,-2.5180231828804662,5.0360463657609325,0,0.27254872021046783,1.1027055057329644,1,0.0,0.0,0,1.0537238188065312,2.1074476376130624,0,0.2671446943217896,1.961903693085319,1,0.0,0.0,0,-0.14367873092210334,0.5402810333565735,0,-6.940781104094874,14.304790915090313,1,-0.09561085734210091,0.8331322319188575,0,0.0,0.0,0,2.207218277479197,6.350444669740604,1,3.4513245328063933,6.902649065612787,0,1.9387613352334276,3.5060189182529777,0,2.8909283797416876,4.556083355981525,1,-1.4686523845530102,3.0665822667986355,0,5.619385871677991,10.38502382445029,0,10.01994637873168,27.051008420222107,1,0.0,0.0,0,0.0,0.0,0,-0.5018505375495177,0.9054008893781696,1,-0.6267569641108139,1.2535139282216279,0,0.015717187929032206,0.03143437585806441,0,-3.411004326070568,4.800152236518769,1,0.26308766932673106,0.3610787151701954,0,-0.660457684181489,1.0129243127580776,0,0.0,0.0,1,1.125226633481279,2.250453266962558,0,1.6402044678079495,3.2530540411016875,0,0.41131715907963684,0.8226343181592737,1,6.7871415876854,11.784529607096026,0,0.26148436532097774,0.4070522354596482,0
111,100,0.9,rf,0.5929555445340748,0.11862876465989021,0.34305883645653484,0.1555504412691956,0,0.3757909156010055,0.4712173646108986,1,0.1568383748993472,0.22189567973626695,0,0.032833669550779,0.17131901818474524,0,0.21529938926827752,0.197461682077839,1,0.39648188707762244,0.5078930880686032,0,1.8866217676629085,1.907723044429916,0,1.2411451070393336,1.5369255874290142,1,0.40523292273469547,0.8820973808930763,0,2.1698984539717463,1.6969424138157427,0,0.6268942823574903,0.5336610250253209,1,0.2744521975688821,0.28906739806206244,0,0.917701334831779,1.0672883602482708,0,0.6620468623634203,0.6712734880120996,1,2.1498436261694716,1.2796318770444122,0,0.14678129314079927,0.34138095952205877,0,1.470863018356204,0.8275766644274188,1,1.6866274344515584,1.0405990537827368,0,3.7826385915709864,5.21834380832387,0,1.5983592317947601,1.3891554085135684,1,1.3128264042194568,0.9128493762674275,0,1.4268009476467096,1.3692647651699663,0,3.0496545573796623,2.308793028753595,1,1.2661929198981499,1.0248657264989913,0,0.29450036862667217,0.38823696195667035,0,0.4245878229269717,0.3192304605125014,1,2.1312950376187514,1.5620825830035046,0,5.531145085088387,4.347149916030946,0,3.210593059062041,4.576502076702006,1,0.5023924562320234,0.6570321760484938,0,0.2281160342649307,0.4120861952119431,0,0.14788434310759035,0.36393301459332233,1,3.389538248909669,1.315504384829529,0,0.14426831665438825,0.15272119143307883,0,0.29707298235155716,1.7745262561555915,1,0.16556921683733133,0.5609947511302347,0,0.1064828451099437,0.15751276760426344,0,0.23951437068115897,0.3339102881114913,1,0.38060111401685215,0.538558444115325,0,0.1626714660398927,1.123727888661214,0,0.5251447263208053,0.6561584682551772,1,0.12039127481601086,0.24697104429466005,0,-0.0004726587392301043,0.14790996427229297,0,0.22270669025118286,0.4810695478520221,1,0.023992204916374778,0.281572030337698,0,-0.0017880812610019336,0.1393375483027159,0,0.36096958955287484,0.2127657421473658,1,0.487426760831471,0.15939146966197146,0,0.1667874010189574,0.479770198867239,0,0.20524790922872355,0.2733705469559556,1,1.1877381347664442,0.6465728405760772,0,0.5093138553950561,0.3433171769050988,0,1.751035682376121,1.2517741719039024,1,3.4809091859321555,2.3830853912486933,0,0.8751005397347222,0.39614945838742194,0,0.8349770462878661,0.4500146491618037,1,0.8059057110128526,0.47711019512414127,0,0.6028552719724672,0.4890328884240924,0,-0.05383869638458483,1.537329841623691,1,0.2818002541439174,0.06015339187074421,0,0.4015312942699737,0.3947757821938978,0,0.5323542357667428,0.6025730915153731,1,0.2391778106146188,0.42978335593588746,0,0.875154001455738,0.9032118427247849,0,0.5919241178010888,0.27340183262131584,1,0.4308023304195852,0.44520387689832225,0,0.44303372863637114,0.2881893787441829,0,0.6086030050763178,0.4156875963978847,1,0.7055209846663301,0.7899795517549992,0,0.3948206040222666,0.1813462340930883,0,0.5510426688974025,0.36790797799085156,1,0.24163962304699518,0.23324667105037733,0,1.1149812975856117,0.7412123200419574,0,0.8344288171124509,0.17796619076844378,1,0.5916065157338035,0.4010103802399669,0,1.5459908959068507,1.512161008257976,0,0.8129231195833071,0.8890506269068782,1,0.3052525812007163,0.2858263574691732,0,0.2508222467225945,0.4670013451126288,0,1.4477722641022779,0.5678057369293626,1,1.530224924362828,0.8898951855126228,0,0.6227338381705942,1.0357812519841665,0,0.6155204339088742,1.1906757968343726,1,1.2465467259348721,1.5572937294695737,0,-0.060886287041427026,1.487571309299318,0,5.534361831108038,7.499949934286851,1,1.3894852691760171,2.00108805410787,0,0.19855213613579756,0.40050703392856024,0,0.15983874864039685,0.46669126664572486,1,0.7637091809712173,0.4695724445600159,0,1.2596189158493285,0.9782979353211403,0,0.1848700523531095,0.18112370545262468,1,0.1486072959137285,0.4068821137482271,0,0.29210223725999296,0.4976656436618338,0,0.007482126254397125,0.6717211266524088,1,0.41176180074269453,0.5159873931046418,0,0.002548346805585927,0.17583096075528332,0,0.5950990295413867,0.514658676148155,1,0.42129980198114036,0.47963104288389735,0,0.16338521833742164,0.1281431293366574,0
111,100,0.9,et,0.649845676341108,0.07618281839301233,0.2298886065826901,0.26939280663272847,0,0.20124068215555785,0.21666716827443766,1,0.37012452125551026,0.15602169847781455,0,0.10904658861648069,0.09780977784062576,0,0.2427456907593087,0.48350282090963076,1,0.5607075847800477,0.9266402420114562,0,1.042850513216962,1.0341144249229395,0,0.5331983532861645,0.6075009615071454,1,0.522955700829406,0.5423212421397008,0,1.090465951502083,0.9625352923722476,0,0.7627343662012271,0.2784253813259347,1,0.7649885466040097,0.6610993443936694,0,0.9284727237385072,1.370221586382624,0,0.730808159440959,0.32293266079124816,1,1.6121420185579907,0.7176155927398741,0,0.7688986778138863,0.3619262689270718,0,0.9374558417846529,0.8720358969719987,1,1.3806147359081287,0.48672917459269344,0,2.3106409106281944,2.957464065125205,0,1.0722413130360802,0.46140626364876425,1,1.121144482430956,0.9108887121516897,0,1.666779220623764,1.638130482883772,0,1.3647130767767734,1.3763962668915426,1,1.722652937881691,1.9097141546231533,0,0.3204599258469474,0.7637833637739738,0,0.7142763387986355,1.1628879577183342,1,2.3992317328434796,1.7950648497883814,0,7.981359442279856,6.604898754420916,0,2.404662078181462,2.2153615555673,1,0.28155432006453845,0.32445121232096163,0,0.12117748546231748,0.12901171968893824,0,0.272383490299683,0.33726594270708443,1,2.2713415623988564,0.9220457706026858,0,-0.07069713279066345,0.4526998363672409,0,0.2831017331391633,1.3071346019491688,1,-0.10883274948181576,1.3526700471243172,0,0.15525567636435805,1.33156061681267,0,0.7850798177259125,0.5238481950912298,1,-0.10532657058308441,1.6747123329100193,0,0.11678882426221678,0.9768882836450157,0,0.23801440354353565,0.43653370065809816,1,0.2688617144035931,0.5159346415693832,0,0.08757495114714697,0.2749637371013234,0,0.20039377910835063,0.4416058819371577,1,0.3149579862593706,0.5022421895278568,0,0.43180571319391736,0.5605787524086792,0,-0.04361917046741822,0.48388894925158304,1,0.19393385852044168,0.38170323633816167,0,0.023022573732688168,0.7585294518223158,0,0.10745980862167584,0.7027965543056982,1,1.2466055708347574,0.8499854681239323,0,0.9062864523203278,0.23917693762045278,0,0.39979346971302365,0.19783889313016972,1,1.530626622871204,0.42287889713357,0,1.0547171935095672,0.3335018588249944,0,1.3885811967711996,0.8404598546201266,1,0.6483692412305764,0.4988051781286395,0,0.7650187863518607,0.8186733381709697,0,0.3905724553874431,0.48588016516090127,1,0.30868935075946907,0.2943842927930552,0,0.2351523911318188,0.20700697267524906,0,0.3291935651445284,0.14044180079047475,1,0.20906547866238348,0.3354951086964618,0,0.49632441109352554,0.5090396545526742,0,0.8761397012264238,0.6477836821861087,1,0.641826094124486,0.4340021550545328,0,0.2925902440670346,0.22196078742506603,0,0.431039410245243,0.33759862734353696,1,0.6227292161440166,0.45413778309437297,0,0.42412251631276804,0.5590266191978309,0,0.2834539171019511,0.21067356628245634,1,0.023500766182623846,0.40231758433200954,0,1.2862989373533302,1.069623168460631,0,0.9711536547370422,0.6185293111921781,1,0.8829796719907061,0.4536608379604945,0,2.3012802878059264,2.426104922529499,0,1.61988866926669,0.779920511099599,1,0.20176880176184825,0.06570037888997636,0,0.7528091757561933,0.5534175215235706,0,1.6300646002091035,1.390103500282582,1,0.9731925619251252,0.8394410872560324,0,1.0835982789362553,0.8232762465550881,0,1.5245509670705395,1.0534822111056326,1,0.03517413766591989,1.195958782924201,0,0.32201952787728644,1.2474027397429372,0,4.716728542371157,5.94029875359975,1,1.926204922406913,2.9752742314741982,0,0.37906361703864794,0.4026465496209478,0,0.5974425030509891,0.5558276091385975,1,0.8538023539844692,0.6453000887022239,0,0.840802798492844,0.9924380743963638,0,0.5046223391967525,0.46872248518973414,1,0.22771465876614388,0.3152745016956065,0,0.23890654810882034,0.3642564644705109,0,-0.10868768088613982,0.9426680579908729,1,0.3538127587423076,0.4249447827950773,0,-0.027850746698790917,0.15409193301638313,0,0.09837315733809847,0.3387131530003109,1,0.21787912194005393,0.18657418020409236,0,0.055941416657266894,0.0955939609934645,0
111,100,0.9,gb,0.6149591272495964,0.171563839998615,0.021344071463661525,0.11684179539280713,0,0.5525508700071876,0.7441611344919752,1,0.1308190483077924,0.32794941891738966,0,0.17891318532893177,0.21963937360131053,0,-0.1061090460631304,0.6028001779362258,1,0.11658297090081104,1.247250314771955,0,1.58667187156448,2.3692502554074695,0,-0.21527316084017922,0.6487405914618858,1,-0.1461037408773478,0.3349620889632379,0,0.944883310960491,1.0215895711503782,0,1.330373748229548,1.242413604402385,1,0.40903932719333225,0.5480513736520136,0,2.0484778036062083,2.545503743903119,0,0.6835619843591403,1.119165383860454,1,2.703127117177979,2.430099706855623,0,0.8775259999275923,0.48601739336837446,0,0.6439892255463107,0.5591578375459779,1,2.362244186770581,1.973523046123332,0,2.69072213099646,1.8596635920779463,0,1.8821119486681916,1.3822770218666014,1,0.17590012925217355,0.32279702552983525,0,0.06434793797018043,0.08203116768934479,0,2.6310294202706905,4.112839684432165,1,-0.6406941826726518,2.9466469446939634,0,0.28871674090601507,0.47006580512887336,0,0.009263442702910218,1.2107552826977903,1,0.9961041333688303,2.934712273534199,0,6.723766009736721,6.776593587917648,0,6.944242988288008,10.80945860442706,1,-0.009509697033132312,0.061393371442020624,0,-0.025375471782989878,0.09643862243275961,0,-0.08204542855245209,0.09460513163053151,1,5.986916599323919,3.856690160616778,0,1.2253953673647628,2.1212555370759616,0,0.38460956614802544,1.3096366313375083,1,0.05518864994195867,0.33713018886373947,0,0.3221646265814203,0.5295218896835245,0,0.7632028696343512,0.5046453418407896,1,0.732863705444118,1.1852218872461464,0,0.33557683572419317,0.8426907049638681,0,1.0850924731163596,1.8432580844953463,1,0.0452377839899714,0.22333360346657888,0,0.16051440498211886,0.36044290012523417,0,0.3677320588516912,0.6282099077033764,1,0.1835684089465775,0.23205970595122044,0,0.5182111476134751,0.694618205648411,0,0.0807497390857797,0.1386556604079221,1,0.15096068300136625,0.15980816428357023,0,0.11429998394445891,0.1244355867310025,0,0.06350755964240525,0.6674782454294378,1,0.5512288285093196,1.1616397858300203,0,1.6032366798670137,1.3692536926111822,0,1.3627226576703357,1.7175698259934324,1,4.729640664400279,3.551963938047472,0,0.9858950232058769,0.8885102965080222,0,0.7146627437175294,0.9295351876358566,1,0.41419213784681813,0.4479622288187395,0,-0.4014832411930998,0.8759944857383357,0,0.020674657892480724,0.04209118041834049,1,0.020890384561795088,0.03417729666990292,0,0.413036472036066,0.25113765798471566,0,0.3903738758834164,0.47174318434317103,1,0.03249048678183189,0.2716153627566982,0,0.03335473958099573,0.03370478696526754,0,0.5341418776696565,0.43538257780939543,1,0.6282840684826992,1.8589929504188616,0,0.30296021087290703,0.4615806661609243,0,0.4739181142270546,0.8188024319202166,1,0.4432439230954839,0.2667965046166496,0,0.6546171335713358,0.776175596183159,0,0.4048180536195211,0.8181802282411865,1,0.061659005599194606,0.11436926689192282,0,1.5056228476067783,1.17573772814115,0,1.0021571905773725,0.5952908996271975,1,-0.021998532134618,0.17893659120190872,0,2.0198527280270633,1.6003460368695261,0,1.0395514191676776,1.8228687216763566,1,0.3056465387966539,0.07508973138992309,0,0.02032561692585355,0.04831709302619727,0,3.044625195309833,2.6715383103116848,1,0.7555132122687649,1.2400484527269537,0,-0.05462286982988127,0.8924828680915738,0,1.038512860149241,0.9726358304486612,1,1.0747513499356385,0.7281591261294353,0,-0.1788102913998754,1.4721541020101496,0,4.567720773351319,7.842503413291492,1,2.9943238583672462,4.976451921938838,0,0.39361563948667777,0.7324689460095911,0,0.5894915914814064,0.7596529357432376,1,0.9390261832267546,1.2385358172486074,0,1.473665227178246,1.3187669744937462,0,1.1256145624947638,2.099729108166324,1,0.2772490476587735,0.3345956646983545,0,0.11942330299762291,0.1591174869023544,0,-0.8148661239442061,1.6306413538015783,1,-0.02903580947598954,0.036194998876299685,0,-0.8872358094348145,2.0243036920218964,0,0.2527635141131155,0.3484053426112691,1,1.1883241862701432,1.4043475453364633,0,0.02013767873700803,0.022750440731445533,0
111,100,0.9,hgb,0.6780768209902278,0.16448068367112603,0.024311191090440047,0.048622382180880094,0,-0.12384955528847263,0.456301930688486,1,-0.023777806101642256,0.04551711298177984,0,-0.7058521591714315,1.088300980705052,0,1.4011448847333576,2.3071695904869904,1,0.8962326788727522,1.2507033240369327,0,0.14277342358740067,0.1784729053166887,0,0.351820184733691,2.0360462672270954,1,-0.036099987514789135,0.2868724986959927,0,3.2099458367855016,2.396310136924712,0,1.6942016839307168,1.3336281812879465,1,0.39537476425923207,0.5562587764469606,0,-0.13498389233966773,3.2382417676011443,0,0.14208546931831595,0.4904431203380817,1,2.8941901393723533,3.1176171700250825,0,-0.01625547279426621,0.06018847703021463,0,0.8402173916809768,1.0234672279429688,1,2.0063820223993214,0.6117144195602497,0,3.8593800590215834,2.6414795449383877,0,1.094646976612289,0.6691378976272025,1,0.06893564945097883,0.09428078124579145,0,-0.08488867602521048,0.16977735205042097,0,0.5294555801559546,2.1164949914199074,1,-0.5316282280132868,1.0784620130997378,0,-0.03313695115361685,0.0662739023072337,0,0.12648065152011426,0.3561913247235649,1,0.11893744107098372,5.5507223207453835,0,5.995543949613991,4.487515033722592,0,2.5507193566978503,6.535419700276756,1,0.0024941587772069197,0.004988317554413839,0,0.6871758219435296,0.647106623124264,0,0.1830393758639885,0.35390849158657883,1,9.420617658694487,4.406084066832665,0,0.09561190168032382,0.2247594254742443,0,-0.26040641565109535,0.9901206099648925,1,1.099676582395905,1.8883335896937787,0,0.8983646278232491,1.680712040704492,0,-0.12849927743266512,0.7086230973433708,1,0.4185258486661212,0.47653014768436536,0,1.222425989518386,3.3776988595564443,0,1.732975761890121,2.2896011997930747,1,-0.11499122608586199,0.2759127771649794,0,0.0,0.0,0,-0.008331799144069946,0.13043635116766844,1,0.1160921792534578,0.22705036167763118,0,0.6161568243263427,0.5214273543347504,0,0.0,0.0,1,0.010224363454193735,0.02044872690838747,0,0.6650841846499054,0.3987714871923651,0,-0.0757306877283317,0.10324872403091158,1,0.25491547415540355,0.31429461575295187,0,0.9294910693434527,0.8221506722921214,0,3.003820958171244,1.944604001015997,1,4.392000043621578,1.8565648581257999,0,0.6312642463148579,0.5106466519529024,0,-0.203616621060982,1.1230918646388213,1,0.027108904658419676,0.054217809316839345,0,0.04612783807366982,0.05676256252604885,0,0.00742155158000409,0.09104047669746983,1,-0.019008524480024873,0.07050610476397928,0,0.09193282238667204,0.1359448696962143,0,0.13861383778774547,0.17665995073113389,1,-0.052636804107973376,0.10527360821594674,0,0.12927073542128675,0.17171005907016415,0,3.2632965841389763,2.4176433192632225,1,0.5710524413604399,0.8765190994133921,0,0.1504343269652228,0.28398315601452795,0,1.5534372093953217,0.7258812757068811,1,3.570124890337415,2.138769572217827,0,0.007928992016765278,0.015857984033530552,0,0.49008777581258567,0.7113118742520443,1,0.43351604897536633,0.6854155768840242,0,0.36788713985123683,0.5238742949040546,0,0.403350174717946,0.37090253924349503,1,1.174850901556837,1.6830839703775005,0,1.7913797170138053,1.2128774863416014,0,0.9085584451343287,1.187647211436932,1,0.4263279455547367,0.5518667916336908,0,0.30169681594049635,0.7550528108184721,0,1.2132416383621105,1.30772460478075,1,1.6004468414484598,2.387991850684458,0,0.12658406784843917,0.25316813569687835,0,2.2177105309224197,2.3897727616548368,1,1.4579759814451148,2.184121023327633,0,-0.9275185206577288,2.6289999173750376,0,-0.14759505245438012,1.5742465782074007,1,0.6203824379216862,0.9261111468965757,0,2.3364574747732667,2.010518479021544,0,0.05237666298633462,0.11010292271170595,1,0.9329426117778447,1.0068449056600286,0,3.9676659835363055,3.461710433488053,0,0.053114769479274904,0.1680658297157438,1,0.2357095753348498,0.9442214178274085,0,0.0,0.0,0,0.1734632588768354,0.4627421752623834,1,0.24928478285060968,0.33397818642787575,0,0.04134298495605365,0.47865407989681064,0,0.3034833823911893,0.42697889669310396,1,-0.031931884746978514,0.039393634940772526,0,0.4109923382140045,0.6970485771408886,0
111,100,0.9,ab,0.5761866080144529,0.10243622033750437,-0.07335194244582806,0.14670388489165612,0,0.6546763223747923,0.8314477702509195,1,-0.07118133329720525,0.4840902581451879,0,-0.07565565692620796,0.3563121094240422,0,-0.5488702485789848,1.1113624354993576,1,0.05781238381107834,0.5412863483982057,0,0.7410817650260091,0.9070309329747913,0,-0.16130435344935914,2.287744519349801,1,0.38968498702336085,1.036420846556903,0,3.2110716560292554,2.7063679863144303,0,0.5612988535013376,1.4659294609067421,1,0.9041092543094207,0.9535940330477305,0,-0.23874386531232092,2.087358766510312,0,0.42532008877000765,0.7794074296561493,1,0.9885523944778815,1.714391910215358,0,0.5006088645262861,1.798440564221216,0,0.07206419978128338,0.7676319226379501,1,0.7134445459570854,0.9011904414187469,0,1.507459833629214,1.1321327546794855,0,0.2651907019210448,1.4243255718273253,1,1.1030744077095334,1.6909875494617383,0,1.3307440635019432,1.590128154902912,0,1.5060579111662489,2.4596100887116044,1,1.3306449384425725,1.4828255748913601,0,-0.11550272898268839,0.2929458498311541,0,-0.5277863678798643,1.2646349533816068,1,0.8766786020933088,2.0307895093586112,0,2.3227489443795215,2.3348388533295177,0,0.810942740677481,2.308911246775898,1,0.4830823835937171,0.7936327328198408,0,-0.12732038514070507,0.17408462117495413,0,-0.023050270613210102,0.8542556684821909,1,1.82841124571722,0.5724288453476257,0,-0.022579015753448804,0.5619749947670756,0,-2.312085588935595,5.35987666478538,1,0.18722522923106588,1.6043460597378318,0,-0.35798922106002085,0.7368958853810099,0,-0.29170217349716837,2.14166075402097,1,0.9498877157997804,0.9477536700617355,0,-0.3603317889626898,1.472491080250921,0,-0.2654675841423414,1.0617813588263334,1,-0.11624627804704128,0.42151357612385154,0,-0.12126311661735834,0.14925156313163912,0,-0.1407869257533687,0.28396550425557404,1,0.10021965682134489,0.12546733295400003,0,-0.2500213369256442,0.25972813853436816,0,0.4157318968569584,0.6163399714270646,1,0.287858384568925,0.8095280735850288,0,0.08035015008323865,0.9109689871224943,0,0.3116917410846908,0.5327026239170676,1,0.2917465647389726,0.6492829749633603,0,-0.25229312324281666,0.7767830075407127,0,2.330238377566223,1.6144267999626154,1,1.8022322977364098,2.8173203683545784,0,0.6015424652393081,0.7502482247645708,0,0.5614102428589292,0.9713243682627061,1,0.2219314401740629,0.5525170993914577,0,0.06708521854476876,0.2993524293105095,0,-0.1676773889475633,1.1413005897096886,1,0.02359812716571364,0.09117423752830395,0,-0.0017665151859178815,0.04032313241769486,0,0.42227822007839694,0.5171844190291737,1,0.006481379040598712,0.03847626397854575,0,0.4398111021434598,0.38693216040672607,0,0.09909753636192915,0.3831506754364013,1,0.5831276581456659,0.5726333591711008,0,0.3325904493889047,0.6832715135854542,0,1.0185648505548528,0.8072719974323022,1,0.5058926896025941,1.3630989003783456,0,0.078890881890163,0.3367485654930473,0,0.037668598350869734,0.39372886260510603,1,0.08947035241283943,0.2796409682098792,0,0.4461383750021019,1.3157818384862303,0,0.24995248403564604,0.6734046363052184,1,0.6056025899655371,1.1598473093007462,0,1.2180760731750742,1.620166630824007,0,0.7109150794289203,0.9126560043692283,1,0.44985411026772076,0.4369478270633897,0,0.20016901677944388,0.8163482042435432,0,0.9453370165081051,0.7802554746389471,1,0.22227173637895276,1.4038639111837388,0,0.001371609613684155,0.38868017179623826,0,0.4806692779119759,1.3222282477520444,1,0.6537871676141173,1.0585114495113062,0,-0.29949020027329015,1.9434744049663446,0,1.9282324535465392,4.026592256087573,1,0.5838032509322153,1.1554596467755336,0,0.27684118663012375,1.013529550510865,0,0.3090470749483539,0.5537698701703514,1,0.868367090430965,1.987209176091607,0,-0.10885348347418848,0.5707189093306465,0,0.0002241003968601496,0.7698297739983218,1,0.054441198688477986,0.4998704371930691,0,0.23533451562702315,0.37854750486105365,0,-0.19606600537396718,1.1469777642993872,1,0.35535038911309813,0.5068452289529466,0,0.08168320086577266,0.3264194963944527,0,-0.17246068418718413,0.34492136837436826,1,0.274235492475285,0.24219759014883135,0,-0.3197076636362585,0.5473004795311797,0
111,100,0.9,bag,0.6205810038753351,0.08892125602575392,-0.2068195084883831,0.3539021641942146,0,1.175256426689879,2.1064332407372346,1,0.20223793443934107,0.3711427143544742,0,-0.09830317941579118,0.49332059248881194,0,-0.14123308791054562,0.6082586157489891,1,1.0338842815056413,1.9084459508783775,0,1.5878395332643098,1.5922146505034864,0,-0.027659063190151788,0.4652069089288687,1,2.275690565987994,4.976353916239745,0,4.870390545284502,6.2671547936313665,0,0.279781030019602,0.5590764621329978,1,0.17068024198871481,0.36592150342926766,0,0.26299984196080617,0.4521520985289087,0,1.5084735695587974,3.4282098780305046,1,1.9602303836144401,1.6985416069699912,0,0.2776577536071605,0.8004739769437533,0,0.21964374096035458,0.33012373675300055,1,1.2267773448353008,1.8202784660549844,0,5.468239282567918,9.189242290284216,0,0.5317610300399658,1.3673366948395054,1,4.922955101591235,5.073108020606866,0,1.1365764395801456,1.5518420116228333,0,4.87692713352216,4.424693894957529,1,4.367562423673153,4.948542768738069,0,0.17360223164731842,0.2694652351239604,0,0.4548929996101697,1.5886040074709562,1,1.6681994628687686,2.2777991097139867,0,8.40836520995591,6.611644424581861,0,7.486012445627004,14.335587532178938,1,-0.13082662007086987,0.36683230919275356,0,0.10970673012819203,0.376677959274364,0,0.5332358054299756,1.463709925311219,1,4.396304720305801,2.6063215137520013,0,-0.24644174442441677,0.9413815796405701,0,0.17186197640438863,1.2215107471801048,1,1.3445415055200705,1.4292767356234333,0,0.37390302797091896,0.4764431096409231,0,0.4486176114661931,1.117135047087132,1,0.2903467767057545,0.7383049527803014,0,1.010556263208264,0.8769138234177287,0,0.04299957339441899,0.29343343674518957,1,0.2858394760452919,0.23912115920381483,0,-0.28161445984011985,0.7403706134821177,0,0.5978156911837469,0.7053341364597887,1,-0.22376268510339498,0.38963667256722007,0,0.28684790928040377,0.5752876400981819,0,-0.11955276540595902,0.24840432253920156,1,0.8236737265337355,1.93854772190627,0,0.3160794423004403,0.4447802159714705,0,-0.11335100691922455,0.3942344177124829,1,2.6579807775212916,4.018124945182998,0,0.2021132849200674,0.737770683431611,0,0.6622849770381491,1.2066258954910236,1,4.803744257020621,4.413136308833756,0,2.875705786042685,2.96502461046873,0,0.748455377124972,0.8890040563277433,1,1.5362441591503813,2.108669124304548,0,0.7516691424935794,1.1237670245184959,0,0.11468050053245145,0.5211076260049433,1,0.22234177151339587,0.29614039667975234,0,0.9822215606331115,0.9240020596066082,0,-0.32597199621775363,0.42043370126727714,1,0.09184765954423002,0.18928224114455408,0,2.6372110340520103,2.799259710548288,0,0.484570247904053,1.72776180724215,1,0.52747804247553,0.8521399914016855,0,0.2235203046807467,0.7425228548613989,0,0.20562368948548976,0.6780584437421869,1,2.176788344878982,3.971466620335194,0,0.2805913864657542,0.6755238535807255,0,0.758815436423235,1.186606520794379,1,0.34675325525118417,0.3808639932529971,0,1.0636745441593998,0.5077771810660812,0,1.494647045435288,1.182018098635199,1,-0.16144420814102,0.7947440716710957,0,4.238265238648418,4.053469359127419,0,3.056502210464187,3.6774236357906447,1,0.941471614113183,1.2214838016235843,0,-1.0919134327016322,0.8797237486215478,0,1.4511686051063657,2.209806841551176,1,2.9119740739195756,2.835697439066516,0,-1.1422370186331676,1.478054317714589,0,1.115910936498746,1.5880977818635225,1,0.7782630391034004,1.3694823896347241,0,0.7031330155034616,1.2931143355899994,0,2.842947587600004,3.181832520040131,1,0.6042075495466557,2.109948369621295,0,0.6582542484044626,1.2802720446792102,0,0.12124643179527195,0.38741497907087935,1,0.9039364945098379,1.2563791404443805,0,1.7266401869091577,2.9706962272042032,0,0.356737486449714,1.0418603023285664,1,-0.37983781108869763,0.6715518809977492,0,0.6083201003372303,0.5984805054016605,0,0.7360360996181355,0.7950412449183831,1,0.30180055713227005,1.0736986892076217,0,0.036562195817964986,0.49205254481327976,0,-0.003757975882480652,0.08277256250026051,1,-0.05325430742700773,0.2263442766972174,0,0.5988146992217838,1.076339525696812,0
111,100,0.9,mlp,0.9751528126019842,0.013503898073226961,0.24114248357119544,0.23568491644230985,0,0.03294182456473996,0.07116555144339413,1,0.1805616931545228,0.18027149383304616,0,0.22056798184459683,0.2735422506677574,0,0.43203449099134933,0.23093135895303465,1,0.23223009814387702,0.188864552366517,0,0.163235049362709,0.23894929625732209,0,0.254770523798499,0.3315533399946811,1,0.09498880344437215,0.2258642017566354,0,0.24178803101743607,0.3856307990869127,0,0.767911125243412,0.794214698453996,1,0.22033499589407538,0.391706646193443,0,0.20985445213299436,0.18574841630721756,0,0.22136589199178527,0.27007471745508954,1,0.18855737464881345,0.3775735667128359,0,0.6631883620583221,0.5766449093804347,0,1.008685790755925,0.7873312786272447,1,0.3113451251470673,0.40472218969824103,0,0.3416773157001098,0.3390436307016879,0,0.491492055626253,0.548299958282284,1,0.15190023225385643,0.30531688847887045,0,0.001742248167175897,0.16124603216742253,0,0.5192524457294729,0.5861194531102297,1,0.30455551914527834,0.4029972358042965,0,0.2883155112643279,0.23176218579515412,0,0.37186191787301975,0.27229056458179346,1,0.25609360706792483,0.2301058760047231,0,0.4901488760794863,0.48839039106973414,0,0.5242394295815751,0.45450071265515496,1,0.3392927337978677,0.34971815854264204,0,0.4407350088927931,0.48945955368841104,0,0.4680758423898121,0.3066881485371592,1,0.27493114447520434,0.17728232353513299,0,0.5587871381494978,0.24032541359801401,0,0.49373344653067563,0.253465751781588,1,0.0372158070436112,0.11984628852173401,0,0.059915313538488446,0.08933852353992403,0,0.09687155268890243,0.07055315586813955,1,0.1685237285790914,0.14216520476467367,0,0.5321606956021473,0.30501723030174643,0,0.6975634692043975,0.32806842817540616,1,0.19843315764947866,0.0905939543819106,0,0.41206503080944107,0.20864302624303616,0,0.9337601456158842,0.6544724147727333,1,0.047145605980766656,0.18731506532570946,0,0.37668603153871255,0.39720737556555985,0,0.18573191670793582,0.34472449125968757,1,0.07545283555565546,0.05665436857202284,0,0.04296081586489183,0.25338054333649684,0,0.2717207947672927,0.3900376400122545,1,-0.001525133886174057,0.18951119923922344,0,0.1462722314382677,0.18386354158591467,0,0.23604120657325414,0.442037849540007,1,0.11451928894572236,0.4231876711660541,0,0.15518938150982003,0.38144124960452674,0,1.1610667534255166,1.02651393278344,1,0.32136802982478396,0.5163352336646047,0,0.258218750155134,0.4081896966795886,0,0.4602136682168803,0.529141880765008,1,-0.00042555066312784107,0.14601359497405442,0,0.2604493286598511,0.39007395137124257,0,0.6234286065162745,0.6443049969549806,1,0.10730444129990273,0.3431467136762848,0,-0.06504661620453255,0.1380769893345177,0,0.12023146086336386,0.6248586777102338,1,-0.031418764359257036,0.39634271930603265,0,0.22337250826976432,0.32452344195964683,0,0.2950062717393559,0.30940073699613446,1,0.12574778132703862,0.23887226840631443,0,0.5298567944113529,0.35200635057692564,0,0.30588897840858903,0.2123700287923202,1,0.005598890221831371,0.05378107590851214,0,0.037117690503812056,0.016919223275454153,0,0.12113139814991707,0.08969233643631395,1,0.1989086788623114,0.1354965523473028,0,0.055188982860204315,0.10868669202508575,0,0.22879238461227783,0.23378328117463404,1,0.06403330922191924,0.2048143991639599,0,0.39217778872243036,0.23377435919527823,0,0.4785580916116056,0.2777637961042555,1,0.1578845676340601,0.2586777364876541,0,0.04352488117738793,0.235992732536956,0,0.16556563847229858,0.5034519883860983,1,0.5702702357327787,0.5529740349133735,0,0.019861099536130376,0.3536475005811819,0,0.21463655408897847,0.32301947587303365,1,-0.004954613439107619,0.09575285382091189,0,0.5561321072596096,0.4122459257521803,0,0.19755713665785907,0.12738149855581876,1,0.17369318782012136,0.13072632777152382,0,0.5460189577560371,0.3367595444319762,0,0.16728806610357005,0.2704256848146345,1,0.22018135186736626,0.2810423404915152,0,0.19396793590969127,0.1585434971983355,0,0.5559164514698152,0.38313338978195693,1,0.049655318473149454,0.361255637501513,0,0.19910882620571638,0.3068926310454532,0,0.7089729864773326,0.5905260001765203,1,0.023650315294715285,0.1440624068675165,0,0.07037321869681576,0.1875911302117909,0
111,100,0.9,svr,0.240868777668922,0.06354513909570923,0.15812274801668638,0.1955541569550905,0,0.15230866660774817,0.09922234599513458,1,0.10853390599898763,0.1113277243082385,0,0.13728303973345823,0.12183834323880419,0,0.21287093397223106,0.1905933207305311,1,0.3670025722968183,0.1955119648302085,0,0.5379921863603314,0.20074983657882609,0,0.6388041837169852,0.273186826788144,1,0.4922672805065941,0.22191001332555546,0,0.6817674705067654,0.16672772114292822,0,0.5406810565991884,0.270589542001692,1,0.46990436623265064,0.359217596585739,0,0.39015018054450756,0.26661407492028427,0,0.49791472747279003,0.23826251640368398,1,0.827834575244162,0.29801024551950095,0,0.6954299851639343,0.25141699637949405,0,0.7906936073750506,0.184399494811626,1,0.8113563187461696,0.11689723978450038,0,0.9461900356071224,0.3019784775249671,0,0.8517814680720832,0.26425114409213607,1,0.843045847016473,0.19102401600344732,0,0.6551615697219211,0.2801194905831808,0,0.5802830061181461,0.2215541051085461,1,0.4623474587568118,0.16472003013471642,0,0.5816000368549503,0.2476650335248608,0,0.7393777657899897,0.29049864715243706,1,1.0989440478384682,0.37680711872633454,0,1.117995095726116,0.3813714421817027,0,1.0865434316048304,0.3086055555590163,1,0.5848979191902184,0.2694000581429802,0,0.48966562208035436,0.19280421394821354,0,0.685257583088298,0.3328441158192366,1,0.9343641021941856,0.36895465278169765,0,0.8016129053391177,0.21810027597064796,0,0.7663017180932089,0.20285560176883075,1,0.49957920997273525,0.31327589358974006,0,0.6207521610849444,0.22249444635506876,0,0.5421688415875006,0.41298309190316757,1,0.5866792874347876,0.3788293567187876,0,0.5449256951681279,0.5074355401623123,0,0.44698561994795993,0.41508406219388944,1,0.3622322811688346,0.33955359128126933,0,0.6666522665123995,0.324149883650281,0,0.3913410950767608,0.26474190749330945,1,0.316891160083319,0.29069172344556693,0,0.2970461882024937,0.3225235685527907,0,0.39094869799321663,0.2851715134307355,1,0.34214426608718845,0.19297366816921788,0,0.6022379034995688,0.25748996868551105,0,0.46544818587928605,0.2025998506479256,1,0.5523587165962593,0.19294825901596524,0,0.6543286938896383,0.10885125754451166,0,0.6131176722429537,0.16146268740764833,1,0.6102947621439558,0.11987904349455003,0,0.5242904403690767,0.15611650569112387,0,0.6700066752504921,0.24360766102938208,1,0.6150899280767167,0.16250537382041316,0,0.4729200242180003,0.0851382078754466,0,0.3449449012420501,0.1377482734144328,1,0.32369901442657467,0.09102814679515968,0,0.2692843227655547,0.153567666846612,0,0.3233695548188716,0.12978920189840346,1,0.24123373636193257,0.037345936201038876,0,0.1638213070071799,0.0735613657934104,0,0.22966486425524063,0.0997484528611562,1,0.251757728011823,0.05621927553357165,0,0.2666546692941939,0.07432566884774573,0,0.4224020682981737,0.13625441986726408,1,0.5345680213430601,0.18709847761610338,0,0.4917562192177144,0.14177020406673999,0,0.6739592863861207,0.11908733293429825,1,0.5039254195460046,0.12531438664495784,0,0.5320793086219235,0.1650607560264908,0,0.540917671702678,0.18078573641110895,1,0.54068122937304,0.1887732435004789,0,0.7196049676407323,0.10194004079941672,0,0.6058942189266681,0.11543436571713502,1,0.43349001920328956,0.08029967741377315,0,0.3342658553703763,0.13091068223305488,0,0.46847656072958765,0.19736478257559265,1,0.44022615157093314,0.21367256091784956,0,0.42425457751806767,0.24374192346328194,0,0.6051276542832549,0.2826514958112247,1,0.4532402791555067,0.39622217369850316,0,0.4308273338466918,0.34894507259193436,0,0.7292898528261702,0.5280661573925254,1,0.7280991009489105,0.4982862272038872,0,0.6413323004244802,0.3542310386545781,0,0.7182030135503066,0.5155561103803888,1,0.8154505867175297,0.460692530999002,0,0.9088355701910575,0.3970300559484855,0,0.6459875607082799,0.3196658918565698,1,0.8170572157105287,0.5422243070644908,0,0.7427793832812098,0.48302133028342015,0,0.6712353396132051,0.36849467609227077,1,0.6376042291832075,0.13892504275839948,0,0.6096521376431447,0.1743173176396542,0,0.5019357794470551,0.22455071439400986,1,0.4487972597935731,0.18450433252919268,0,0.3811122770239975,0.2323902498611842,0
111,100,0.9,knn,0.7897471034398033,0.04387372131080445,-0.10774216343139723,2.2267437808492447,0,-0.23547138855459188,2.6427945893481835,1,0.618197783728684,2.0387480743956683,0,1.4158131413094996,2.455655471401703,0,1.959746477131408,2.4715527780434075,1,2.4382349013250235,3.193577849405119,0,1.733217884513282,3.70119546969514,0,2.0640297373932497,3.2863902021757183,1,1.8519939557314307,2.3905086390811388,0,2.28993410685488,3.1151392451568967,0,2.5186551775305146,2.0011895104347075,1,1.186211670719188,2.293174809952926,0,1.7478462156644134,2.599338273718672,0,2.362933913181497,2.740589493157258,1,2.1426704023848107,3.41631953450132,0,2.1672909752946916,3.8242972153844583,0,2.1062031841745728,3.684464865926756,1,1.7324399077659964,5.10012321921718,0,2.092383911476863,4.92402514358461,0,1.640554640656724,3.484458686956713,1,2.043474838854043,5.261761636513044,0,2.4565386163555125,4.4838370828354694,0,1.9505767165214785,4.691713184652638,1,2.5267487109439988,4.5752677309704035,0,2.4866905865224123,3.3757214352286278,0,2.4813175210796397,4.444483675825187,1,2.771560131774135,2.824858475851145,0,2.180008221528626,2.4329994799384345,0,2.4591098552075596,2.104581123222443,1,0.3316516511271681,1.7550275901729786,0,0.6369802372018581,1.9526495657315346,0,1.3925260231032717,2.3981069931925925,1,1.1799023123825911,2.517918567252985,0,0.81349107038648,1.5052119971464777,0,1.2756646553526487,2.711112680542243,1,1.351838581196985,1.893823563586242,0,0.5563787331978692,1.3777474107563235,0,-0.17397246260583826,3.1045054767588396,1,-0.5531498666015778,2.7052625283342655,0,1.6657226712962188,3.343993472710579,0,1.507059239243948,2.7260334475359205,1,1.102890692336014,1.9893301754555586,0,1.78010768627779,2.4195678173784283,0,0.7560216669568119,2.342044487544736,1,1.4526742296805396e-05,1.7380389847312634,0,-0.023509028221252316,2.664212867902368,0,0.5724817890829141,3.041881440678674,1,-0.9610443309395125,3.0283660864889876,0,-0.22574297812284935,2.587713635809577,0,-0.583590676541333,2.781070621860023,1,-0.813076634973009,3.311755064743002,0,-0.4734588757846101,3.4208479457396814,0,0.6883638653436236,2.245807396659847,1,0.9442521055966726,2.491713603083129,0,0.7202434139832583,1.500120827224331,0,1.3869450767524176,2.646854530017455,1,1.1647478583363386,2.328203231735802,0,1.3598800797294694,2.078609748414052,0,2.019713929651825,2.2641835043742176,1,2.311585363037873,3.5821652667191928,0,1.9614394693710078,2.0425667692782015,0,0.4037541047954504,1.3345858564944941,1,1.030559174146045,1.0082277959274875,0,1.1405065185882712,1.4165987185589162,0,0.009893572491043213,1.8476816726345655,1,-0.42400889957639765,1.9239672913624764,0,0.9974122098389806,2.798468315477863,0,0.5204735459044967,1.689802212719705,1,0.6185731993804312,1.0142405201000355,0,0.4304249448396658,1.6331704409407817,0,1.133811487841909,2.345506844386379,1,0.5378302970506411,2.240043564723729,0,0.1961156955166702,2.0838122376170904,0,0.7162086260492108,2.6401776735031337,1,1.1601519926654178,3.076323608727721,0,0.7895485874345802,2.545326120999793,0,0.6864118293617466,4.757754685860589,1,1.2657147268443982,2.1177973432065684,0,0.780166785359469,2.702735060189159,0,1.0602154345155497,3.691024540051415,1,1.551098092457584,1.7093368532692697,0,1.9268559989795246,2.0756901733618007,0,1.7890513208970291,2.236286095939274,1,3.179768118425014,3.8694277696107924,0,1.6503758555896184,2.375611078817272,0,1.634692385994569,2.1497454992048017,1,1.8578020780638524,3.124345024937335,0,0.8462031573862905,3.533309832302571,0,0.4375651109860305,3.312011828887495,1,0.7133364320384468,2.7270630435465764,0,1.1702713055965213,2.8458013549662953,0,1.3222178727126161,2.5569856015607417,1,1.49532391385049,3.704427407765461,0,2.6324904594511516,3.4272635372663536,0,1.3541039208384014,3.6194117980322535,1,1.103269011115359,4.748661474030898,0,1.4493034391001274,5.223583919546931,0,0.8458002624477141,4.316571245969687,1,1.4463849399982223,4.646699274574933,0,0.3801968168218014,2.7832624990685444,0
111,100,0.9,SuperLearner,0.9757858216149732,0.013576895867981829,0.2668657031807647,0.22808380045115467,0,-0.004354976981383785,0.15400488084178657,1,-0.022326734403179848,0.04577452291414844,0,0.3884076946077891,0.696984386881949,0,1.0777198368747387,0.9052474668009656,1,0.033452007310462585,0.20738707481515106,0,-0.04471278486756601,0.1618152139673007,0,0.5639098663952312,0.6172783265738448,1,-0.020317992875114453,0.06978290627847225,0,0.3431830042833132,0.550678711490082,0,1.4254308423027802,1.7950082128217058,1,0.02279330226035044,0.11491434376589398,0,-0.054099515521146446,0.125037805324405,0,0.689411083417528,1.1515464026991693,1,0.01059397609536244,0.17051851818103417,0,0.42955302064639467,0.43932169589158165,0,1.1661734452066388,1.2559865665284642,1,0.03893176064461128,0.3516440602997786,0,0.2942274899122453,0.41412929998653003,0,1.0430500755482643,0.7478407641561464,1,0.6927107056855598,0.7586771848020955,0,-0.1166963649516897,0.2272613743613809,0,0.7352857597771754,1.0187175171939093,1,0.04205512710118349,0.2622186230647159,0,0.41148730849537696,0.4223874242464572,0,1.0426752857030106,0.5368276215823325,1,0.12946448371332106,0.2824801725649132,0,0.038357946016367064,0.09076851890700126,0,0.9098941722468327,0.488135055942731,1,0.5925643274072581,0.8120198655094439,0,0.4880082710230923,0.4435668550380747,0,0.48574707673104467,0.4191108176512513,1,0.02036323982576274,0.05474656659737393,0,1.4717293096642432,0.7029496242623914,0,0.7912754486776755,0.3500791375426001,1,0.08734533003908715,0.23310292605488522,0,-0.08226623047656814,0.12586751480699848,0,0.4876305128890455,0.22802170147703638,1,0.21770319575584937,0.49874686143631936,0,0.5087798764460373,0.49579987671507453,0,0.6688526473979831,0.28361332590991,1,0.33638016634794604,0.2644824212223347,0,0.08445651298477816,0.17746672703328648,0,1.2984214326721255,1.0896577188202368,1,0.08061186429328325,0.2647104739651806,0,0.6235249088787317,0.6528541095291488,0,0.5930241842709697,0.5145972145056147,1,0.09955432728994199,0.05907426976979627,0,0.4395351835965268,0.7223738233956274,0,0.31463061626890887,0.6333297760144827,1,-0.08369350548140037,0.15142099095278155,0,0.08189016202967064,0.12060215823873864,0,0.2712870951144219,0.600690506669874,1,0.01946497275727289,0.29849146639035457,0,0.04681862158741493,0.22302943722819707,0,2.9422046435154736,2.34851917193253,1,0.07210396847395087,0.20500885252420406,0,0.1333543467925706,0.19806270873847748,0,0.923489801525091,0.9194786721128755,1,-0.13841287547930153,0.16614571002632203,0,0.30854754790196603,0.44573148088842846,0,1.534011983153709,1.3650901721661788,1,-0.03847998173288922,0.2211658568810517,0,0.023149466784852347,0.1847589493849698,0,0.2789815613300039,0.8510899994715322,1,-0.06814218375626346,0.49721255760917765,0,0.49137467216463815,0.7760965734648669,0,0.2534768706334066,0.319555659208426,1,0.0923640116768537,0.2923360097704606,0,0.6149145381779844,0.3904867572837292,0,0.6170481201425995,0.7537656103664666,1,-0.07637479977239008,0.06877130958496759,0,0.020332607311949167,0.07373116436565419,0,0.15860604645241466,0.06534771905113812,1,0.1925007615795531,0.20294542691603074,0,0.13320692111701332,0.18069887024947917,0,0.036676022922016,0.16683984871328078,1,-0.05957740510883179,0.16475695459357578,0,0.3776521498478699,0.3469218435208172,0,0.6774639675033309,0.37797342147972557,1,0.19307860944355115,0.2513712412578598,0,0.037617193443453226,0.23137670610453578,0,0.4477713150973589,0.7835456469687196,1,0.5475853958294838,0.640022275247699,0,-0.1478645057592934,0.12475708651512647,0,0.5807226889118272,0.7470353900525156,1,-0.006401905441283331,0.06542277656571131,0,0.4763221967090289,0.5139519267565599,0,0.5183008573985128,0.3925655992336683,1,0.24733834796844487,0.24280811872364394,0,0.3840065652046361,0.2523150448020222,0,0.07894699098250096,0.08562084911606425,1,0.021439076013321186,0.12638211508138045,0,0.20232417596468738,0.2986080952425622,0,1.172549455009532,0.30460021432970774,1,0.04470270284027959,0.39478574600965527,0,0.053347305034464124,0.3920237838550822,0,0.8693926398155979,1.0035063173445267,1,0.011983756990543725,0.13730909715833797,0,0.00404252544457645,0.1921790968956028,0
111,250,0.9,lr,0.9912182509624555,0.0022185930766769695,0.1455929504100369,0.0868194011385153,0,4.161294308865087,1.3629747067362674,1,0.1381033702123207,0.10317373755410512,0,0.21663950263669526,0.19218929958736047,0,1.8782075022852691,0.4147528127862292,1,0.14820271534753346,0.24405235826984598,0,0.02802798254310489,0.028232761587757987,0,1.511739364980647,0.6237876700599716,1,0.052368875163567474,0.03335196432193991,0,-0.010677079587512319,0.0203645739887167,0,2.837724913658666,0.8456347587458096,1,0.025796715193588986,0.04342469752893923,0,0.03965420730815915,0.04327642053716881,0,2.464443065250628,0.6830112035556191,1,0.10934100119034798,0.1718441953189213,0,0.011824127227380781,0.06685671612538821,0,1.8674727841350123,0.7840251690407908,1,0.10085778657689068,0.1488405393927643,0,0.012064592698963565,0.028192899187647745,0,2.0601334908403954,0.7151785942148219,1,0.01599290000122422,0.025332191500977118,0,0.2702019721869318,0.3825365703398464,0,1.4527122289129477,0.22654438329530246,1,0.37739340199724614,0.17840886880314982,0,0.056765100946283134,0.06774444471852228,0,2.4980569538270387,0.3319446576345296,1,0.05714619151495093,0.04204420734941382,0,0.026074477387078743,0.02245417379442961,0,1.6058946897784363,1.05553787069114,1,0.036791933193169715,0.039040696573904965,0,0.09406236426889532,0.07913576624519886,0,3.2776494920717143,2.0840193792396775,1,0.15575307116650222,0.28994063050496777,0,0.021443792012609736,0.03866864983481657,0,1.4318069554701194,0.3389745405988488,1,0.05120979475389448,0.049462741240177244,0,0.08158022586148375,0.04676910040192624,0,3.845025805991579,1.3353791877423624,1,0.19327712725450336,0.2781679288759833,0,0.09079050634762462,0.1477555366342152,0,3.2854688151809563,1.1393910730109165,1,0.28450801488918026,0.20913938364842094,0,0.039772272450200784,0.062296455230088754,0,1.3304289602943868,0.3948395604228989,1,0.042483616574122876,0.0464308459244065,0,0.07113198580636856,0.05810141749783044,0,1.4155689794732185,0.7106452692184795,1,0.03781848753624359,0.04327078019578406,0,0.034332057004029984,0.07794967765384384,0,2.8294336301294942,1.254846636734443,1,0.18439077963918973,0.28894441480175426,0,0.012634212871713837,0.021537215333271867,0,2.2141187963064546,0.6390538963591497,1,0.23372019709854058,0.14943338044316712,0,0.1071079038789315,0.09178030154716399,0,0.9601565929789884,0.4158967760377333,1,0.038212994403860105,0.04448663954715949,0,0.023119014918780913,0.02946781337475685,0,2.381542684050001,0.7779519126319169,1,0.00352855280951353,0.011556070231375667,0,0.023326374219769692,0.03098559266718509,0,0.9404287650356433,0.3763348958204032,1,0.01005610891172903,0.014006728102974375,0,0.04187021222057565,0.07837025571690716,0,1.5012049929926832,0.5421440377123878,1,0.07413647908806073,0.09088167816026531,0,0.04328866651642319,0.0477577931213463,0,1.8733125480067088,0.7455392582122178,1,0.07358528335560895,0.09003627935117525,0,0.07628551397275081,0.1502636057413975,0,3.28315531719324,0.7547506768474745,1,0.6256270946747695,0.3596967243332642,0,0.09537090610085885,0.07271013334606874,0,2.531019489142929,0.8172204876550044,1,0.36033061297373126,0.388458578148528,0,0.04223983519988516,0.09218109381454707,0,1.9491199613594279,0.9411233650711839,1,0.037483654460347765,0.04118883830671047,0,0.11048013590380361,0.11664885198088831,0,1.0639501662152522,0.5109421492894014,1,0.010380806618275364,0.0919735237677613,0,0.08906118214857775,0.09315281850065618,0,2.1493876075689773,0.6481664488275833,1,0.1480614589913628,0.14750380083607878,0,0.09707391928833492,0.08758245273864755,0,2.072178407741057,0.6928750317098022,1,0.16060149588845105,0.2658801418845082,0,0.0771360064887122,0.09879557847698028,0,1.1249326401892898,0.27815066532473426,1,0.241311521321773,0.2526235610631686,0,-0.006537927000746936,0.0641210423919759,0,3.3491121151945444,1.379121384824073,1,0.3279111363014472,0.1583135996370972,0,0.01673492668639488,0.03887815840601951,0,3.342077250882178,1.5623611831478528,1,0.02294557041314938,0.03492645152336879,0,0.07313319856800825,0.08728367195411851,0,1.9920438116108343,1.0462659152373937,1,0.5112837594166254,0.4290690146742042,0,0.3646663536164646,0.26675412420325356,0
111,250,0.9,lasso,0.9213965660218427,0.009323979468956651,0.0,0.0,0,0.16281687599861155,0.2701578486923847,1,0.04607315543291377,0.09214631086582754,0,0.00902500009384557,0.01805000018769114,0,1.0428147190916444,0.5019182630897596,1,1.1092381725431029,1.0460987455001953,0,0.22423855466656745,0.4484771093331349,0,0.41663785726774255,0.48492251640085016,1,0.0,0.0,0,0.45146528928652313,0.8629871343586055,0,6.289634570629839,2.727100197878371,1,1.0183561303434985,0.7205329793426811,0,0.0105433378362764,0.021471929848200292,0,0.47388304932992636,0.5061406861568198,1,0.35370569544346553,0.6786244499651685,0,0.0,0.0,0,7.070955127362803,2.6906872787555143,1,0.2370201612796628,0.23506441797732347,0,0.5675501094029023,0.5691512892129305,0,0.3250793569293533,0.274988282424556,1,0.0,0.0,0,0.2962271468326489,0.5924542936652978,0,2.858100870375105,1.7445406180170804,1,0.061605459009664666,0.12321091801932933,0,0.0,0.0,0,2.290632003568723,1.8026048275399256,1,0.6304500046734333,1.1552887625184882,0,2.39647770543385,1.6884475602686189,0,1.3270674148595296,0.8966543608265997,1,0.0,0.0,0,0.0,0.0,0,4.005974484576254,2.016282355929501,1,0.10613406798220319,0.2122681359644064,0,0.05699353681567063,0.11398707363134125,0,0.8588832888690303,0.8784967572118628,1,3.045208250410322,1.9266283334080196,0,0.5902957913185201,0.7358841368824945,0,1.0122822272035559,1.1027490674813536,1,0.0,0.0,0,3.836199106844363,3.2318834415557975,0,1.1491681198280737,1.1112224264877577,1,0.0,0.0,0,1.2391186341737639,1.0563783880035769,0,0.6612625630898773,0.5456119621468332,1,1.0284217272964429,0.9013137319065294,0,0.0,0.0,0,0.0,0.0,1,0.0,0.0,0,2.20250518525848,1.6382107347428616,0,1.5464688344580786,1.2280840863167743,1,0.12017258969789683,0.24034517939579364,0,0.917174148288398,0.6764718344803679,0,1.036770898585859,0.7897472202397375,1,0.0,0.0,0,0.2831624814646675,0.2740536147655995,0,3.271592947405389,0.18399412238489635,1,0.0,0.0,0,3.238239382948401,1.4164873063186378,0,1.4490631572610924,0.7575736422944502,1,0.5177806301686241,0.6203788775546956,0,0.5488790062937572,0.5765367980219586,0,0.1322395998041886,0.26447919960837724,1,0.1687314501598621,0.21275319892554292,0,0.23874002422151186,0.3570142435281787,0,0.5450249310514402,0.4493356791147358,1,0.6004730100684914,0.49734637688150735,0,0.6608858242877453,1.0253301642721395,0,0.979125697527915,0.8505108920687572,1,0.0,0.0,0,0.0,0.0,0,5.7334055796670516,1.155000907257764,1,0.14391088120692005,0.2878217624138401,0,0.271255036139885,0.34887719831079556,0,0.4699820173835447,0.6599881939340694,1,0.0,0.0,0,7.886817190296073,3.212146056362423,0,0.2023229426375123,0.4046458852750246,1,0.0,0.0,0,0.0,0.0,0,0.2334307371476611,0.2475850741067403,1,0.00901007472648942,0.018020149452978845,0,0.0,0.0,0,1.4433472788317312,1.5270060070246678,1,0.0,0.0,0,0.03348247924528518,0.06696495849057035,0,7.652169081717586,2.682741668672254,1,4.731669791536059,2.411214998252246,0,0.0,0.0,0,0.37782920851261287,0.5805704581249697,1,0.0928020336888694,0.12604615379477735,0,0.33436528239003116,0.5101041746117462,0,0.0,0.0,1,0.0885295079485301,0.11105728245588818,0,0.0,0.0,0,2.5423881531192576,1.510145866472378,1,0.2639383252726746,0.32658470601105494,0,2.5847711619955933,1.35762638750033,0,0.5400042771825179,0.6940988474034518,1,0.0,0.0,0,0.0,0.0,0
111,250,0.9,dt,0.2406829687021514,0.23070329692156955,-0.5196402393258295,0.9803801568709791,0,-0.11582528016651414,0.6118441649661731,1,-2.1064801360933103,4.801109062384964,0,-0.050867584436759906,0.26890198314879044,0,1.3129921354068206,1.849637014776415,1,-0.020039771414662937,0.1233773977996917,0,0.7054844588858917,1.405600195247294,0,1.6502250429886587,2.7130357088271815,1,0.27177065680620693,0.5123008421454316,0,-0.25270850975269693,4.783398234452674,0,-3.6937838140808408,5.579153530735763,1,-0.4996307664953978,0.33281648471374087,0,0.3340441461860303,1.0726954029226363,0,3.294440033416509,6.026081580796201,1,0.0,0.0,0,3.4447426298834514,6.020204410223669,0,8.831843206916993,15.284767909268705,1,3.046221408452837,8.45689171817358,0,8.612530458747802,22.21893569396192,0,-0.12833148054817317,0.5260378158891693,1,0.06028182949866032,0.10614757115619758,0,2.2409768228554774,4.490130569038793,0,-0.19998796105842132,0.5172776356373187,1,1.895223087404905,3.4214836498085446,0,2.3637861789371057,2.962261938994834,0,1.5086553546665487,3.0133601350052164,1,1.820647312618394,4.117501388299939,0,10.424097434706411,27.399969515774373,0,0.05984005395946292,0.13959768606441655,1,-0.24798277324820428,0.871214011593416,0,-0.16779873911558804,0.3166340248000498,0,1.7675119678553628,2.226992918281913,1,0.932832620976342,2.4140545419509634,0,0.19631101286723485,0.4787364001284365,0,0.1859190860647952,0.3491111448726862,1,-1.2260288723056643,2.4532002370425885,0,5.160664095177228,7.934582159435193,0,0.9467436431901513,1.4756988105811544,1,1.0570501752238068,2.483112722890795,0,0.07253354028315288,0.14506708056630574,0,2.9299191196638583,5.388952317958097,1,-0.3855082231124937,0.7459435029813365,0,0.8033762194925398,1.0420368418408585,0,-0.8412214791525994,5.298959769291784,1,-0.637894243989242,1.2757927594845349,0,0.2672126822701555,0.3938037378213157,0,0.22403924166284303,0.6044777614562966,1,0.968252769065136,2.0741584205380157,0,5.963973494900474,11.472346941168498,0,3.3721948181540027,7.865148911500337,1,-0.01985580993764762,0.0435204914136519,0,6.770167330002178,9.349319775469407,0,2.7152629211134034,3.9341307489897943,1,1.3767929618297239,4.239981074566064,0,5.2520488070709,11.2849873601884,0,1.9984551347219424,1.323202812253956,1,1.5601802894929064,2.074583918057496,0,0.9193123946179051,1.928613562673921,0,2.183532063660004,3.566068976554958,1,0.0,0.0,0,0.16263348101858666,0.4835138381121903,0,-0.9657423221460253,1.8371606301253744,1,3.024168553728191,3.7122557436686057,0,-0.09636099103159708,0.6841716427503551,0,2.0798867647647765,3.8297485513467433,1,6.270965095485162,11.846843923337907,0,0.20941013650699075,0.4188202730139815,0,0.7886194153374025,1.581663180068128,1,-0.20022100771480983,0.20584167517024915,0,1.0992244767260124,1.6290812056500623,0,-0.44267283020704423,0.5821312465419075,1,0.6560281921064088,1.7515614772691055,0,1.555859243736247,2.2467525402332837,0,-0.008662167260622595,0.08456516310365209,1,3.4606262959726797,3.7922631560719164,0,7.143969309887818,12.655162097892072,0,0.3483257564135571,1.105936019899771,1,0.0391431996044102,0.24659250924102338,0,0.21582746029809266,0.4316549205961853,0,0.37219505002651465,1.2635142840528044,1,-2.8643909386085027,7.9639258256585705,0,0.10396444259225743,2.598562172263302,0,-0.1053798215473555,0.1535682355775327,1,1.6026464220978056,8.35187971693737,0,10.787987777150738,17.582562613858382,0,9.577291418066295,8.58594417223752,1,2.6321470562568288,2.390511107829665,0,0.8387892614564075,1.677578522912815,0,1.0492846094743884,2.4983708236645565,1,0.15575863076339838,1.3747682672685912,0,1.4149132563788978,2.229815733060885,0,0.469553280682341,0.8176661210053454,1,-0.3920641844579239,1.3110281746252288,0,-0.33378442963208727,0.8595909277439528,0,-0.04461972040020294,0.09401760521568633,1,-0.17313475166053122,1.083286807848444,0,-0.3562279869518638,0.3984359850365647,0,0.22789792936592113,0.19615469701612012,1,1.9013125841921101,3.4270508748682804,0,-0.207508255279839,0.3702629016776544,0
111,250,0.9,rf,0.7256115033606308,0.05702848871548491,0.2282282524992243,0.12114312224889143,0,0.4428390069468436,0.1059535612683039,1,0.28480838634606453,0.17572916221773682,0,0.18306106464847324,0.17218524666763585,0,0.2672899472203895,0.1350970316004382,1,0.5144823655573942,0.1405345955737321,0,0.8293184788070779,0.3518230040405253,0,0.2625932151807541,0.17593632134729198,1,0.6221182585498773,0.4388744532303721,0,0.9444885662261886,0.6729372425399024,0,2.107397306846355,0.8446884237928246,1,0.9752539703421407,0.42887320229726206,0,0.4200536612676554,0.24508809966146533,0,0.5579691619309763,0.5785561991194131,1,0.624007326431518,0.4278955656868624,0,0.6716603658639483,0.6481882412982051,0,1.7255451078371387,0.9696864118417486,1,2.3040935612255473,1.2786526384998465,0,1.1332602038406419,0.4895128404577509,0,0.8264306257369611,0.4624480417720577,1,0.265939991486999,0.2534945690296843,0,0.7213222050987644,1.1285248877636695,0,0.9315509563324454,0.7946036272752086,1,0.4268295714979146,0.5611118798590357,0,0.26875640059581174,0.10548973137716994,0,1.4448983159696174,1.0672852941806512,1,1.2615020849289427,0.770860777313503,0,5.572451378651526,1.5928321960248215,0,0.8780788588839215,0.2542368207043795,1,0.4282755923299579,0.2625710794144409,0,0.3980555703831231,0.3077026058331674,0,1.8863827533885746,1.3348366189429326,1,1.1621747659326893,0.6786146894068315,0,0.3706362595516505,0.314119653656954,0,1.5074236125687555,0.6448230335686035,1,1.8045435505914846,1.1692106768597195,0,1.3459654791248237,0.8897312906702864,0,0.896090334124256,0.6387629345975264,1,0.3263579642921547,0.5173145943570082,0,0.3244123033418119,0.7076037366638062,0,0.7816725615248268,0.5378652380609406,1,0.39015573642819595,0.519599632286458,0,0.2530324887527865,0.2543023030389347,0,0.5786763543770587,0.46010319029519914,1,0.9124213913823447,0.5374457262564986,0,0.2439979320335161,0.21706049880962427,0,0.2534132105658796,0.18501868627021706,1,0.3205537224726705,0.2082265474198211,0,0.8409048837425059,0.46255538438010463,0,0.5358058131977443,0.5603192890843789,1,0.5100952733942712,0.4206610702890078,0,1.788775796800166,0.6144784720885862,0,0.6548469709110589,0.3339297935209122,1,2.1399790465929955,0.7129180726451989,0,1.9575062219980144,0.7442784665706483,0,1.7007402108699945,0.9573548396970938,1,1.1689980124983808,0.5156437554362723,0,0.9849233564896622,0.5777122831624649,0,1.3810474431891566,0.8800306651647088,1,0.9502537531717138,0.9512328749659464,0,0.28030377601949047,0.23916689799493335,0,0.8105529348383327,0.4528739469508239,1,0.26019210274586824,0.21933496508168623,0,0.5113287245981744,0.24684667667502608,0,0.49094333470473445,0.26207407341856337,1,0.6361479929376426,0.31592328916253243,0,0.48656048443157757,0.2623056348382444,0,1.2734228454504983,0.6886112439716413,1,0.34845436551157155,0.4247826353177268,0,0.6286920133560416,0.18654485326588555,0,0.6294019403852343,0.45050026095881057,1,0.5120883893370717,0.31551817891468104,0,1.0486926238342194,0.1772981979354741,0,1.1714982427830043,0.5434861318458131,1,0.6147002966490344,0.3315319175450293,0,2.6294642563045647,1.6348311657113392,0,0.8736655283548908,0.3797889882580384,1,0.5188162868894206,0.2771755070678567,0,0.40686294495001507,0.19719467155097015,0,1.1076702141264483,0.7576490976727704,1,0.8760956912738596,0.49035245774892877,0,0.7854035050479972,0.7941366307605082,0,0.9800104900961832,0.5058347648548677,1,0.8659246501316522,0.38535586122434634,0,1.346533434705005,0.7930276153624553,0,5.815255740846366,1.629381354148834,1,1.3467170292529218,0.7690089727289218,0,0.514334134422308,0.2541745551696805,0,0.6701253538388559,0.3515925522069806,1,0.526670408410676,0.24426254815498813,0,0.9613770564947025,0.5051573457600599,0,0.8753235863288333,0.49638509062804936,1,0.3625513673583963,0.3122050566733874,0,0.38191558452312674,0.16736177861858148,0,0.4665735878631473,0.26476582390209447,1,0.4715564312816438,0.4245052736507482,0,0.3259367984921804,0.08740936180057957,0,0.47498013457129734,0.42495362541995374,1,0.16965964853225235,0.12515286448554053,0,-0.0144607532680814,0.18020810233425746,0
111,250,0.9,et,0.7700439010931202,0.04204567833116275,0.28956114080129236,0.2208803409304285,0,0.3294089708452204,0.15773891363424405,1,0.22251690506457092,0.24770666721133094,0,0.23286186664479097,0.2052975073418022,0,0.42721013943888053,0.17099105085817587,1,0.5223157924206981,0.3390631970521694,0,0.6917740980160225,0.3370981001014135,0,0.716750219449368,0.2011215299922786,1,0.741309511652289,0.24945131866416131,0,1.0503053850151978,0.3094198275082484,0,1.0922347756111608,0.3290815619646425,1,0.9626698947619271,0.29669346626835696,0,0.5987892817384189,0.31714321549512897,0,0.680046784874309,0.44980553971219345,1,0.8987767273376285,0.4564890629007451,0,0.8723031804797559,0.4864562319097556,0,1.935476290718005,1.5155711819929265,1,1.901892769242565,0.7714783030228569,0,1.2906417791518223,0.4172494162994215,0,0.6303303304986978,0.5115525080594766,1,0.47817286549954013,0.3208490762689393,0,0.8362903622319546,0.2543084424584747,0,0.8898419988994464,0.5184415058761374,1,0.973291684291507,0.5312003763823454,0,0.28277424272427176,0.29976634984045997,0,1.8359237814394742,1.0965190340018924,1,1.3200594698880976,0.8585026298661779,0,5.093703660253854,2.4457128635398027,0,1.2458579299792902,0.523742720450354,1,0.17820432875522563,0.16617975918348213,0,0.4240654417730411,0.16808913972176265,0,1.4128465413940425,0.9384683754702071,1,1.943387263034601,1.1538826663696298,0,0.627697941782786,0.3937284504600639,0,1.5780066247334186,0.6317499718682714,1,1.394213579709717,0.28166952284957975,0,1.7063956931621551,0.5409231624356854,0,1.0729031450106787,0.2520281571035286,1,0.6564082415143987,0.5313162706944803,0,0.4124129905110866,0.5972291939871803,0,0.4565585529059013,0.20653413917622004,1,0.16344791741860637,0.08770259202323284,0,0.40164593067000165,0.20774472061201643,0,0.7120663263184019,0.28387895810326697,1,0.8129942474347145,0.5702356907627989,0,0.25095654925320277,0.1088635013456872,0,0.3486381869136136,0.2819655854334815,1,0.2333568392577551,0.14559485027039246,0,1.281309379635598,0.7158678071124913,0,0.559194766797607,0.2872097174712366,1,0.5876773156806252,0.3062224805704185,0,1.3693347153230022,0.6707492435548902,0,0.45737506565356334,0.17708338674207774,1,0.9843014520948122,0.5374471243929,0,2.091236317438146,0.8287872752105041,0,1.6743575734236509,1.133618659503346,1,2.2393181640677784,0.9358906620288315,0,0.8819725622703869,0.35191188533106227,0,1.090407919997581,0.400586643491959,1,0.7846406169046016,0.31563079942824573,0,0.24976651175762216,0.11928361617486002,0,0.8791702516230355,0.4954056462829867,1,0.38481615038379335,0.3947747039038102,0,0.5203059034485468,0.3151784894105939,0,0.7247543612479095,0.2635687483629227,1,0.7529777859138458,0.19054369642832625,0,0.2419850544749707,0.196151888549769,0,0.871998601941981,0.5010449673988493,1,0.7810175675150037,0.5216105072290307,0,0.7625193881763896,0.24450327131489744,0,0.6906691174802932,0.3192672627124185,1,0.7803454631743638,0.2512147336057134,0,0.767634307881433,0.4825476022003856,0,0.9397507229606685,0.35683077545776754,1,0.823486201491866,0.347915534341885,0,2.4569628399713315,1.0317851460662333,0,1.2887511244622964,0.47327875138898295,1,0.33383532045564634,0.2747539317962014,0,0.357149507864014,0.2860959859966179,0,0.6528901283603451,0.3099931311209795,1,0.7713493353737855,0.613284079367271,0,0.9171440774823987,0.46226905801598134,0,0.5107278760029522,0.39414329194892805,1,0.7549633595194811,0.7051806370150211,0,1.064323206384517,0.6230305917331092,0,4.560130485708922,1.4388023550222122,1,1.8886757207261113,0.7812517608691545,0,0.5953842709818014,0.4733133541439343,0,0.9557484110788603,0.4898624447081161,1,0.5547464485422228,0.2918416157899109,0,0.582514600668204,0.4164445590054337,0,0.6746555299824261,0.4555440611522022,1,0.5531683409972215,0.38947429709160003,0,0.3342113306579066,0.24996377114442334,0,0.49239628671567326,0.2926684697814372,1,0.5488776016923456,0.1973235515442365,0,0.38364844568124623,0.17934188969730117,0,0.6355001556963112,0.31568919211129376,1,0.30160198282233835,0.1659453313635522,0,0.08261745368868537,0.15856373807834837,0
111,250,0.9,gb,0.7806700811038748,0.04923086269963966,-0.07112496328186432,0.364878336001631,0,0.2821657224975348,0.32701869343590406,1,0.5066323218949117,0.4980493673887735,0,0.07660531979540633,0.07251182173168542,0,0.6268607420146559,0.3728451185832336,1,0.5767125450752839,0.39418229034646723,0,0.4058844631661741,0.3454585119469027,0,0.3540754984931436,0.48657726759982795,1,0.0881125834460673,0.11024476796489456,0,1.0017889298893263,1.1073813972557065,0,2.3815969845335103,1.0948198563267972,1,0.7032328260543894,0.5302491398115897,0,0.7767176421728945,0.8449805930859392,0,0.8027841483578539,0.8035936133025642,1,0.41913405206122534,0.6981999406221111,0,0.5127348605534805,0.45262303968350326,0,4.892957461857643,2.2816680431779295,1,2.6677342205632675,1.3640486097458728,0,1.76329116283977,1.9835461844382203,0,0.6851338593292317,1.074611361226896,1,0.11223006735459044,0.3593256952710548,0,0.45286461777936315,0.6105571854618435,0,0.8589758129104373,0.9572871322226442,1,0.328629518006469,0.26257306319237733,0,0.2459957881093274,0.31174449333167586,0,1.0550065582900405,1.6211288998228912,1,1.3724338965729097,0.919386345306822,0,7.225306342773962,3.5484299323492543,0,0.0342654554739093,0.17852346030931893,1,0.027799399875563867,0.041085748596915925,0,0.10504567994520957,0.1202721443053813,0,2.3727333172026555,2.500483646683291,1,0.9191881494114718,1.1261433423843485,0,0.5956998141729752,0.9371780689270561,0,1.368842486753941,0.5967445017832199,1,1.092684797396976,1.4588299508671023,0,1.5600553275703686,1.1478547954687437,0,0.5852964749462178,0.832702201856088,1,0.9111113840454289,0.6326036843297889,0,0.05179559340957272,0.9610829781759399,0,1.3050742925729018,0.7564498683731177,1,0.027044062877409413,0.022316023732975053,0,0.17914929495881304,0.3318084418072727,0,0.4485298508343674,0.3526087113944926,1,1.3376306362165955,0.9103522227748179,0,0.19643064934209864,0.234482579240564,0,0.17472180529746337,0.05014927172777965,1,-0.015334379109233548,0.2562455170583503,0,1.5202746046485278,1.1362570472855773,0,0.461470198449126,0.24853304035642515,1,0.39642002245081104,0.43195407808124703,0,2.444690336538552,1.4181814730867992,0,0.09554285037244184,0.13762008988073163,1,2.1335920591753608,1.6476104958126416,0,0.8384583223359486,0.6231160512453472,0,1.2405791232033383,1.4751310240427693,1,2.5773708242907434,1.6315649485692376,0,0.49879447380096187,0.756529053185183,0,0.7265482980960165,0.8588959329376902,1,0.5899993797793507,0.5275794333916344,0,0.30034709555046396,0.3747209240258392,0,0.4172616443619712,0.2538417261272749,1,0.5511882489635896,0.17613518193992733,0,1.485350460187027,1.0421691798197374,0,0.4218413390282711,0.399327905004487,1,0.28665473593314866,0.17281454304021174,0,0.4231355843574522,0.378377301351202,0,1.412976220987951,0.6704877482603343,1,0.5551682249133184,0.5426199274202355,0,0.6307077219052197,0.2952054064572987,0,1.0328865762780457,1.754712014453371,1,0.38227094203888873,0.24185907131897394,0,1.367752700697475,1.3445305351584476,0,0.465037139586998,0.37722042712360027,1,0.4101414672250887,0.646776723573629,0,4.204529315949513,3.85567162317772,0,1.330023745429763,0.649174547061223,1,0.24660121724686435,0.3039507913589538,0,0.3742702356946139,0.525015895121063,0,1.219607419046817,0.76606175060878,1,1.2226868501162467,1.3895805870830067,0,0.351838571716978,0.5468584486271313,0,0.5045438885599871,0.6352823254113422,1,0.8425273378423098,0.6211096184035316,0,1.238026457815918,1.6541468335767415,0,6.327528969462362,2.014881803264053,1,2.071277404097708,1.989625973824769,0,1.6359001297033235,0.9583313675797386,0,0.6533313794909793,1.013775301983842,1,0.5920710646449682,0.5569101756631607,0,0.7474825163876315,0.5372638144965812,0,0.3634385390524061,0.42695237393499097,1,0.9234833768897144,0.41958321284027866,0,0.11873210286397548,0.14379016010262263,0,0.31690513330397324,0.1665335824264839,1,0.7305118926169467,0.4399562057888484,0,0.874349408158946,0.8905437522332504,0,0.6049569099352285,0.8373396655143287,1,0.13245447367273216,0.26526269122618157,0,0.04945202633519481,0.07884526201165779,0
111,250,0.9,hgb,0.825786663734144,0.02477130017767397,0.1243383829306898,0.1540619226826914,0,0.22909176955349966,0.29503058994126385,1,0.1815343503997469,0.21559096688268897,0,0.059584546395834735,0.18604912916264624,0,1.1555673739425405,0.4685958421862601,1,0.38533656456862847,0.15517936435996518,0,0.4665603539934685,0.5103900406688421,0,0.024773081709572427,0.035369153688306225,1,0.15635392504282974,0.5256120366418717,0,0.9954021348123184,0.8541342230122546,0,1.8740699992032368,1.1656180892684163,1,0.4128926685423484,0.37433042455892385,0,0.434814255329004,0.9174731705019816,0,0.9185847895202478,0.7226074530425891,1,0.5101669511219115,0.5236400706756181,0,0.37353690789217076,0.4950596245632992,0,4.921725210813918,2.1544774433421403,1,2.3136616496135813,1.4450726482735647,0,0.6013227479014012,0.600954531365604,0,0.24773420216954495,0.28456371429140626,1,0.11751088607821847,0.14273942491971708,0,0.44383842895143816,0.5333403400829574,0,0.9252394357483759,0.9563892286444425,1,0.7315159871332501,0.9159977665940479,0,0.19297853858502945,0.21597070296685905,0,0.8098268582437835,0.6046479093708471,1,0.8584583577647459,0.610299400316537,0,5.4745716966295435,3.40383221680147,0,0.10677089951740686,0.2272784270067716,1,0.11114497691604838,0.29180946836631083,0,0.17554305607647572,0.1989711072145762,0,1.9685778882358256,2.1026701752675327,1,0.5585808709692868,0.9445539014459847,0,0.2928843386434319,0.7403796754162719,0,1.7961310847970293,1.4224112600572096,1,2.887518742515062,2.102285693625986,0,2.1258325953755377,1.2648022867428388,0,0.5558583028648588,0.43031520483463753,1,0.10246147921879198,0.3841642837078178,0,-0.11267359708106488,1.0867999242243214,0,1.3868413846718215,1.5376099472580733,1,-0.0016364206443597873,0.08918294711806615,0,0.05786241593128373,0.1188564849366989,0,0.31123731029657353,0.2756840894037998,1,1.9576604176618766,0.44349154168046867,0,0.35604335174863844,0.5007544387097673,0,0.03703881784548609,0.1964579848984549,1,-0.09059642959898837,0.2593086745191263,0,1.816971226080541,1.2537326103958188,0,0.16878375324900033,0.39900255714151944,1,0.19586437072361665,0.2416961765820871,0,2.0654599175761326,0.9222748093220949,0,0.31661722277975574,0.32725649332810225,1,1.1972308018262667,0.7445511714190653,0,2.271284128728837,1.9819046776983549,0,1.414509803475559,1.0223184630540572,1,1.5345204329293947,1.4996396991016028,0,0.2619103908286495,0.16561750625045282,0,0.45907850585853005,0.67781696752054,1,0.558393210184076,0.5175394695426334,0,0.15648071788948262,0.1264894619853307,0,0.6915229175587744,0.4575685772148422,1,0.18868307509866575,0.25450672550100545,0,1.8787985776300098,0.8472544574526153,0,0.9845302883399828,0.7514784800762411,1,0.45025831637878905,0.3439024451832407,0,0.3403804640993478,0.31224973986729654,0,1.1884985624739703,1.0944679591472384,1,0.8264165152936347,1.0859964904894173,0,0.8435624443237725,0.7049464060159416,0,0.42619504589925705,0.7436275904740132,1,1.0249694947799561,0.8040684739011561,0,0.9248079930281289,0.7454856486407632,0,0.8419758460132016,0.5678485576324034,1,0.7861392338039372,0.5460176195966576,0,2.897670890256294,2.3667557979618454,0,0.4538511051560098,0.4923385084771103,1,0.17000452421778725,0.11083558041187393,0,0.3227311554928799,0.19306231101574178,0,1.203591801121673,0.6137860648489248,1,1.1936047041437263,1.4789898663251715,0,0.45497137203174737,0.30245677288253653,0,0.14351063349143753,0.13106761516961382,1,1.2680457358436508,1.0861739730955022,0,0.48258732394939097,0.407329977772975,0,9.460437631176259,2.83358182155003,1,1.519545806935379,1.0246629588724376,0,0.42369431334356306,0.40050654431314653,0,0.7748506744740657,1.0979076873641078,1,0.09439431574248337,0.1431188426750986,0,0.6159500015852932,0.5636352770812244,0,0.6515103886459135,0.5544053883698379,1,0.6018550187748181,0.44302749109415285,0,0.14009059446970634,0.27305399137169206,0,0.45475396872918594,0.3702114420149484,1,0.35760872101393026,0.25634976330403747,0,0.4050576358239645,0.3173102821173821,0,0.8676526528707826,1.0795937812718988,1,0.05533609889209329,0.0730909640602586,0,-0.01843494490821681,0.021762728208036694,0
111,250,0.9,ab,0.6968953122097018,0.04675878990694471,-0.02760881353467039,0.05521762706934078,0,0.08441309558728452,0.26186912986534033,1,0.015420736123782915,0.04118954728807947,0,-0.02848795201538485,0.056652171589425725,0,0.8116306562193104,0.761658235088079,1,0.2600716201432574,0.17562679821377292,0,0.5920135192317563,0.3886815761008081,0,-0.0405122132922688,0.06064717137052139,1,0.11331762358171049,0.32636874774600044,0,0.7106495083537402,0.1369084512923572,0,1.6931227034274823,0.3062251126112428,1,0.21387168181446903,0.23392394826142213,0,0.35633558225749457,0.9038314449549888,0,1.5857798012097148,1.4736400502734515,1,0.6180262458575126,0.5114858452270038,0,0.34702002259729925,0.5922886120028087,0,1.2156356404502038,1.4721423302271608,1,2.431654009436377,1.1777344688395823,0,0.15193362529867602,0.21037599559921497,0,-0.061203799379734344,0.670621338837931,1,0.8518212562791906,0.6019630342266518,0,0.8606389612518892,0.7583706222708553,0,2.263094619039453,1.3754670981783828,1,1.5659532773891836,0.7159618725924941,0,0.18608505325820737,0.8432154497341797,0,0.905120545952595,1.0512151149236861,1,1.4306920212250387,1.2511371734379975,0,3.3718108279258496,2.407043388885847,0,0.7849290106954968,0.7121008385283645,1,0.13618320176593032,0.3366766990083936,0,-0.052330454116211914,0.6216142732082224,0,1.5801357410095744,1.408944547512126,1,1.100249561834116,0.9309992869012063,0,0.15986605854424257,0.2696778731909125,0,1.6651873644842354,1.525712251128881,1,1.6951300126874034,1.7802289548613703,0,0.9323700274991632,1.0071942455437712,0,0.9075794554048556,0.8820670483669732,1,0.3058307078760609,0.4930453103547912,0,0.6636160354424963,0.6703920678526692,0,0.6044423648463481,1.211601487029254,1,0.11855932464933597,0.23635744164966485,0,0.17659431694998015,0.2973804287896963,0,0.3744133616390624,0.34194216720852255,1,0.5251767546706365,0.26800217002869203,0,0.05194820070877322,0.15750254436608668,0,0.004113170065889221,0.12772941944257885,1,0.582724160763769,0.7267371098250657,0,2.410210946461527,0.9752908620900722,0,0.36474484622236897,0.39371109151017025,1,0.6326934125693824,0.5719572860421298,0,1.7350406811202022,1.1526144215721148,0,0.6959802438226196,0.5320268750983277,1,1.3872167615655808,0.8829369726356879,0,2.7013530686991443,1.7556550641492983,0,1.3726343775740184,1.2111978092000053,1,1.8071883010945367,1.493943553743893,0,0.40032352261011955,0.2965501804531843,0,0.7735941930280059,0.48475273413403586,1,0.48189220046115544,0.7512773181197662,0,0.5480382365268254,0.5184587551476311,0,1.1256221313202563,1.0422711898482284,1,0.12537724918955137,0.15412685001619472,0,1.013846931223501,1.148771758327009,0,0.6996826877288868,0.4790242433078503,1,0.4962196962438288,0.7191439838158171,0,0.6915209034197582,0.6091469970469409,0,1.8085431301217798,1.5506188041557853,1,0.40731658280964844,0.5084477070656424,0,0.5647823459495407,0.49793569400478777,0,0.3261757221997711,0.23421137236710954,1,0.594045694192868,0.5717463004728902,0,2.535777729152321,2.045360789679908,0,1.2779227874704349,0.8433826175302722,1,0.9814932548803004,0.6852586731425049,0,3.0011095287854017,2.2705351843413593,0,0.9080647380904192,0.8565783101444638,1,0.8055618127986353,0.6508409737897435,0,0.3825078913898869,0.43426873426111917,0,0.7595696378127017,1.4720092330965955,1,0.6344828863788254,0.9005892372207398,0,0.1718963901523533,0.44600387263797786,0,0.7325090954550044,0.540402888157102,1,0.7758993619505928,0.5139768279410585,0,0.4832574077883809,0.6916649292478648,0,6.158256749308428,2.0336679602190664,1,1.5299223938816706,0.7464208448980556,0,0.7366483198242608,0.657029009209532,0,0.16176847103398428,0.36621713774990794,1,0.20086906627004728,0.5007507301461603,0,0.24993245019594515,0.276982407338597,0,0.21017607875466954,0.2793864849606482,1,0.17426004450038146,0.39525318248342384,0,-0.11627565349529481,0.11012387167323058,0,0.3550392710497475,0.35183055394404794,1,0.43107035248319736,0.9826736905408081,0,0.45789914281082106,0.4053905005621032,0,-0.13067261241780678,0.39864649957214204,1,0.31441066036797205,0.3642987933870263,0,0.0,0.0,0
111,250,0.9,bag,0.6750656176959333,0.07317814550713532,-0.09215101850851355,0.11350311386283601,0,0.7559002876694498,0.3588906016433493,1,0.2262431764247977,0.21798249994816685,0,0.20618626680970947,0.6958806831913047,0,1.4391040614785298,1.0324698389776081,1,0.5846333571672058,0.528614780551072,0,0.815054763987957,0.5649046128238644,0,0.1954592935821892,0.6651835564673865,1,0.22133992334527236,0.5864752195509583,0,0.3690440890275869,0.6985605156988584,0,2.3372015435379336,1.4555954594129281,1,0.3880639936198474,0.5734086906213576,0,0.33266204690754897,0.48565297208867203,0,0.34419212644170294,0.37907509457388955,1,0.7158053101882431,0.9975285103965463,0,0.6262978786651435,0.6367591075593161,0,0.16186416439793092,1.6950887982536935,1,3.7198346005922405,0.7178940151830911,0,0.46274968531950245,1.0362560208108986,0,1.422587013071169,0.9393842096542467,1,0.1779588873203474,0.2844420434814565,0,0.13562732924053292,0.5591734635432754,0,0.6748286009236757,2.186004306658988,1,0.10474991339368697,1.6114461233900144,0,0.5922155340601436,1.0433103350524797,0,2.508358361342043,3.1435832720507935,1,2.1575691618487256,2.1555938186307735,0,7.280371404528184,4.4228781068520115,0,0.5917720161193196,1.003127601813708,1,0.5828291629343468,0.4575219161337341,0,0.41236132333411585,0.5683030161148175,0,2.3868927260919546,2.4155870809401447,1,1.6516379938419359,1.9358152178373393,0,0.16682098258360795,0.540097147103318,0,1.712424146743332,1.9390300191075904,1,2.6431755092616482,2.5136972718184483,0,1.5569269204426042,2.1372565326750395,0,0.297797274273497,0.3465692874664117,1,0.7744991538415041,1.013685816856684,0,0.11984515242436858,1.135362613040605,0,1.108463316214508,0.6805539908807579,1,0.34680287241951346,0.5627700201927366,0,0.42379778679362295,0.6105793015932917,0,0.07876561336217827,1.3764366789507694,1,0.587860641798678,0.8430064791256542,0,0.7686340633472282,0.6851742180101703,0,0.3565608531772558,0.4575697640877625,1,0.14642648909240683,0.21559835738178057,0,0.9152396191371406,1.1815894308480641,0,0.7554333092438263,1.604546506804183,1,0.17247657886585627,0.3873113884529031,0,0.6862852768322669,1.0139699457157774,0,1.0885236418502842,0.8449603781116477,1,3.1715291512718324,3.1051909460563185,0,1.7316739849312988,1.6691637683886626,0,1.9499334822319407,1.5573706699821879,1,1.1995495242146845,1.5903985816960526,0,1.5905687557940271,2.1785868778544546,0,1.4663726218059547,1.3211470362315163,1,0.4774892008666498,0.6121354565115071,0,-0.07179496826327672,0.20105896823954014,0,0.8599770384193898,1.8939056880980407,1,-0.07944079814098655,0.08190574836935585,0,1.3696817572171138,1.4529949609144923,0,0.31119047963738594,0.6270623454615103,1,0.7826884121826945,1.4255265366952625,0,0.39676738988714944,0.3312611859872638,0,2.4080558615841854,1.1278181952879187,1,0.23343158651394602,0.6037018303216303,0,0.9171049847594906,0.9640033866500707,0,0.49610779456293724,0.7146674576893461,1,0.3601197347794628,0.8766849031409911,0,0.32283462155458353,0.7369835791157693,0,1.1291540386743235,1.2449632771446026,1,0.5756805431087464,0.36643810571077184,0,1.7732192430265048,2.629158981480489,0,2.1039958268517904,0.9869871915469247,1,1.3388242482798636,0.7061245477206758,0,0.03347637312452463,0.3597136492120448,0,0.8592078195705964,1.5670553583360618,1,0.7418265571557383,1.2411378168511507,0,1.0062738613914355,1.3168622484204724,0,1.112135469697846,1.508882525961779,1,2.247397155947432,2.305616587080521,0,0.6524624734427081,0.9075302093985359,0,5.32747418867413,6.227532425340894,1,1.6333027934315396,1.3474104192879015,0,-0.10815485839299614,0.6236732977358037,0,0.5988049424910405,0.8124296958336934,1,0.6255709903141538,0.7660330714596214,0,1.819252810678527,1.8229317004083636,0,0.6399521749742364,0.673770473964442,1,0.37096571557259267,1.0273134125807126,0,-0.019371565448093545,0.11240070187262825,0,0.35072411175112406,0.3530218562974253,1,0.3299433934242344,1.1131034870772087,0,0.6988072793347093,0.7056090727929095,0,0.8959149365366654,2.026108727747693,1,0.026868078754540958,0.1076203981851689,0,-0.5733261754890236,0.6268869068531169,0
111,250,0.9,mlp,0.9857135746313184,0.003927953872579155,0.004861689329591828,0.04475452287508913,0,0.36246494929451206,0.1546739360025311,1,0.6921794559964587,0.30245504453020583,0,0.21908140379492527,0.24242641054210792,0,0.3259096833391145,0.15887528140429716,1,0.13453953206820968,0.16906943187037793,0,0.04537435877442472,0.1548750044239092,0,0.26219248281113405,0.271616408786071,1,0.061022975108150426,0.10677695465895162,0,0.1293205891756082,0.13735225571126122,0,1.0016599307412104,0.6370751926705978,1,0.29559067121236215,0.2094599690218512,0,0.15415088210919087,0.12577008048301902,0,0.4323521709570738,0.2629870962029165,1,0.1304292781873007,0.14960973880817155,0,0.19610824513375086,0.15307027627371939,0,0.6662162185853283,0.1398748677165599,1,0.1253823545160742,0.11247321902391112,0,0.24115163243735802,0.17083996575564833,0,0.4794208570477615,0.27389981268907604,1,0.07363021609445251,0.11602530884097302,0,0.08677860052268369,0.0703677501369195,0,0.9373678718402616,0.20097436584913572,1,0.11539488339634267,0.07007896863475364,0,0.12627477200480988,0.06866805954258934,0,0.5370286686699313,0.12561294615204552,1,0.13278093728846224,0.07676152663214678,0,0.16650032984259233,0.13394006903276207,0,0.4026385398211388,0.15492728994703064,1,0.10839449318770382,0.07592565453474832,0,0.27231800398714695,0.09655420794727107,0,0.4190840664038795,0.19826636230751277,1,0.0209001464816738,0.056342846444452865,0,0.19205095777288256,0.0880359123262108,0,0.8047183508887021,0.25421190599203636,1,0.1189370693654169,0.06190156640464911,0,0.19015664064036117,0.20732953124251396,0,0.5422540104415036,0.26937003374146923,1,0.0028945271880793056,0.06406839686418603,0,0.39503906794814225,0.12924486354647802,0,1.089728220676511,0.35213083732933237,1,0.03433353707350121,0.01767853943282253,0,0.04216646071314397,0.060181375910265664,0,0.8727843665133603,0.17454531939869006,1,0.08032961390528628,0.05548178327867656,0,0.2811262219785339,0.11048969737777188,0,0.5189252615218303,0.25655732858850727,1,0.02093246047530723,0.03632119974157543,0,0.06096885678565157,0.05621129322064099,0,0.5461310234512952,0.10617480143374766,1,0.14115578927065062,0.09322192679488633,0,0.014565354157288274,0.07353454228847471,0,0.786857024833125,0.25576335195039657,1,0.2643671781895575,0.13177099387633925,0,0.05949023174545387,0.06393058648855506,0,0.42705247950560715,0.13281284627257156,1,0.19457953708431316,0.16011012408711434,0,0.2722310373796802,0.11912628520464243,0,0.5353980198385611,0.1660634684849878,1,0.11061762733922835,0.06480472332194283,0,0.3261491552373058,0.23554244955513903,0,0.3185720798100588,0.24275129345070073,1,0.30183289567952165,0.23723412699568827,0,0.02748705830401076,0.0745772069892047,0,0.33969468402808267,0.2234430454047853,1,-0.008522171599943585,0.08064165850194091,0,0.14864611992915847,0.12222745315131511,0,0.6457592775830422,0.24781226631252445,1,0.009845560424616711,0.09004503072582586,0,0.39184737641441,0.1662417862994986,0,0.6628133144491968,0.17140987131286625,1,0.025439239576003404,0.08179188863236186,0,0.1035383767423252,0.09752584275489164,0,0.4395476915812665,0.09969363557200525,1,0.1549728945814443,0.12778114285230546,0,0.05182922831447723,0.060415175879279887,0,0.4871196044176724,0.17737228890992465,1,0.12076332782272117,0.09806399460936395,0,0.16597210113831934,0.13851452566600062,0,0.5360552260011412,0.235608310089463,1,0.08883235968113014,0.14515830718534986,0,0.1123965625866937,0.07792559796068434,0,0.2599130540224624,0.15859772655303397,1,0.2666194738750669,0.1259365826182521,0,0.09701345962677894,0.04992929295442025,0,0.9971437472254177,0.28562647152849135,1,0.1638648730680976,0.12543038868545986,0,0.3365494992576151,0.2341147693393149,0,0.1176075510295244,0.13291802546824183,1,0.035918624154954754,0.06206099029264879,0,0.4066306379111805,0.29924301196034286,0,0.587201641820173,0.35328368594868387,1,0.05381866782126391,0.1797519314973638,0,0.04155558556227159,0.12823171859619195,0,0.6612817413394827,0.3496866268357907,1,-0.005944145132686593,0.05299351200522201,0,0.08064107958100869,0.08843937440815408,0,1.3654690951289394,0.3613436376850365,1,0.03854050965404243,0.0991869163013868,0,0.04398318002507368,0.04624433852327995,0
111,250,0.9,svr,0.6281022848200875,0.03968397201341483,0.4633949681682485,0.044040083633880144,0,0.5151762082676399,0.09212057790553119,1,0.546781309501003,0.10899742671743542,0,0.5537525136218507,0.07767335913213091,0,0.6440408327076683,0.1821596980157152,1,0.7000048202645828,0.17539007435165202,0,0.7330347268970543,0.12322052453136016,0,0.770544343537898,0.12428049461432933,1,0.6348323284585494,0.16608334980084774,0,0.8705483057543202,0.2757906381749109,0,0.8507887434411708,0.2900680573301231,1,0.8998688128799028,0.20983731381268247,0,0.7891762622559526,0.27500327168905053,0,0.9389241753593378,0.32985263599022163,1,0.9128784334354743,0.24324979023283008,0,1.0180128343305515,0.27732019168985356,0,1.3498617023020287,0.29545990105001096,1,1.148125999750762,0.29707448783505225,0,1.2221000803014914,0.31908032717219553,0,1.1120265768830122,0.3410465218036223,1,0.8896336260147297,0.24089128849941838,0,0.879251706885106,0.19253676011700874,0,1.0499052444030088,0.19380713008675873,1,0.8781086714051982,0.23080764280973612,0,0.8074235257545193,0.2550805921471916,0,0.9510776356951709,0.3060456457647552,1,1.0332157946060383,0.26936184394792884,0,1.2644106298571451,0.3562119090410544,0,1.238625515450268,0.30234574175898904,1,0.7908124121167177,0.2850718631245058,0,0.9607445429169331,0.19310423133496893,0,1.2461296085326583,0.4237108883027646,1,1.2287679984355937,0.30785145063009905,0,1.1842443714367565,0.3696383065442912,0,1.2212601411039836,0.3390815939509872,1,1.1973857090248068,0.3744722239121864,0,1.3344511463521067,0.360157884713306,0,1.2875695821581516,0.30711540488936234,1,1.0533466925821744,0.33136147142293165,0,1.317634839445839,0.4430358678604889,0,1.1703921069090257,0.40983616127140854,1,1.0055125506541527,0.364146279550054,0,1.1173452250641769,0.22011166606327076,0,0.8634419867836287,0.20972561357265088,1,0.7485601287064995,0.20912338505142938,0,0.5707917095545441,0.12767986422728508,0,0.6122000847350985,0.09973545473249287,1,0.7514180926367879,0.1694699846424883,0,1.1273072370671535,0.09962948501421347,0,1.1545098245805652,0.10019381509945534,1,1.0671757104606552,0.14888992784357316,0,1.080077846126973,0.1455193677652231,0,0.913094043285121,0.18790367917203396,1,0.9007743361691544,0.17251368900551356,0,0.9011370448373228,0.18847538015916018,0,0.9778332760163488,0.20091689699459245,1,1.051921453241051,0.29822078426461235,0,1.0147623051238486,0.24471626311053635,0,0.9500679561221537,0.29937336316635976,1,0.9487583136425979,0.3039230821310096,0,0.7421971640113817,0.24602634424713832,0,0.8229270675889939,0.3231477711531618,1,0.597357754487337,0.22344678550845729,0,0.763062749168202,0.21909475038392665,0,0.6921901124048494,0.13733038188643637,1,0.8511715761897689,0.21114241937515074,0,0.8790249183195575,0.2757357127376434,0,1.026024586548409,0.3257865132144919,1,1.059426853927762,0.4191804949304649,0,0.884141671184279,0.2711183642217157,0,1.0101622353020192,0.3583788317665075,1,0.86266555893929,0.3039065553210898,0,0.8252479390128933,0.26371789742484547,0,0.8523840173610877,0.2694775822153517,1,0.8375439061082434,0.2512158448344291,0,1.2336328342008274,0.4232264847134309,0,0.903980966721045,0.3936172824401958,1,0.7068058034620528,0.3597644697034226,0,0.5781793391343046,0.28513881096208116,0,0.6631205896061874,0.3027922091470363,1,0.5099333662699245,0.24958208937593956,0,0.6908860725376702,0.3582471614969929,0,0.9277672642566095,0.32261348016141606,1,0.8213279533018154,0.27941607853988143,0,0.9852980520581957,0.43037152130965517,0,1.16399724611964,0.4633424454421314,1,0.997523886418241,0.2969993453284783,0,1.151277869149093,0.26919463941182176,0,1.1244867919052937,0.24635777496332642,1,0.8711515561133215,0.2977664540908484,0,0.8841657766842695,0.3211722637809212,0,0.8150936181966566,0.30549819823344965,1,0.9523262479926607,0.4059032719386378,0,0.8218753500689685,0.2508087726760984,0,0.9665952348637484,0.32194511703706824,1,0.9039217423991893,0.24704067122115675,0,0.8822211874793162,0.19488113078088687,0,0.7780746134536919,0.22737421576629838,1,0.45611067287702145,0.21864498131904922,0,0.34193298260413074,0.20901972858359916,0
111,250,0.9,knn,0.8546620209056108,0.02156166364080947,0.06769408599285778,0.47992235734938554,0,0.3591989554917254,0.9512536806880251,1,0.66216502977681,0.8361473003827102,0,0.3845035527644945,0.4864059073049842,0,0.011092881511861958,1.0108016303789567,1,-0.7015493665637152,0.8226629295999327,0,-0.3889320201200186,1.1131884240706076,0,0.8070669473642621,1.373869836406605,1,0.4983959586692845,1.4253289757615892,0,0.690669225157402,0.7146000216316328,0,1.1520392798008894,0.9732200398544542,1,0.8630030677594321,0.8622977255464062,0,1.102850465341889,0.9174421947200201,0,1.319426249644702,0.9333644049471975,1,0.6091620063298688,0.5361573878671191,0,0.7510287101450375,0.8393732024593213,0,1.547811282860216,0.7490208360790844,1,1.1760668146884932,0.7710409251009702,0,0.7902203129516996,1.0095913141431108,0,1.346376396834382,0.5599320074338154,1,1.9026366071599619,0.591658326639474,0,1.8381657702420147,0.6805971638942447,0,1.303886862047905,0.765226341188925,1,1.6445472035354445,0.9920892437644377,0,1.5729912048473769,0.664476163090719,0,0.8742448526187537,0.8869867005617791,1,0.9603631924876332,0.17681603790745218,0,1.141900530132564,0.5464254381357235,0,0.8822752533339674,1.1595977771143742,1,0.41335459251905815,1.054098685892735,0,0.5752249532371243,0.786460211706823,0,0.934230181166831,0.7657565937533951,1,0.6453921719315633,0.6990664093238759,0,0.11987325743614177,0.3393405096644411,0,1.003276508799113,0.45452490164798864,1,1.1549437328255412,0.6494537445839801,0,1.2085074266481588,0.9193959518251871,0,0.6445718090000937,0.6160076504478437,1,0.8818308233720835,0.9951918653434965,0,0.9873994726290152,0.9948829003729642,0,0.8746219595163766,1.0871364568476964,1,1.0480777497695077,0.8235492056688913,0,1.249414763844261,1.05144458867449,0,0.730053353194154,0.41012992127216646,1,0.6342699683793975,0.4109034185766912,0,0.2616420378381208,0.4032069733859788,0,0.2755874550934902,0.4139587454079881,1,0.4090203809024988,0.5508399272317545,0,0.3202459758437568,0.5316201959419838,0,0.6676587574928564,0.5685563097398129,1,1.119451894369639,0.4742673309252612,0,1.148262405329084,0.6328904891499063,0,1.0396406847868174,0.25328908495534025,1,0.8263551924825293,0.9854599219594088,0,1.0508890762411534,0.762419576994145,0,0.9369695104426852,0.566934472256938,1,0.7582670888893709,0.7702799699849843,0,0.8351197002693953,0.7461796735657322,0,0.9592765391294149,1.1030997610723683,1,1.086974440710477,0.953369892619377,0,0.6399524607655966,0.5045158277639475,0,0.5794531284810411,0.839050958348549,1,0.4191481695704554,0.7558210018324508,0,0.7165616779689847,0.7666505524503036,0,0.04564097433624242,0.9011051362899443,1,0.46415040987903955,0.9298734043145063,0,0.18802191008477598,0.732218764351475,0,0.8540452078193035,0.9740147371940829,1,0.6794989857025684,0.5959488331536655,0,0.6753826645692449,0.5871194374982259,0,1.1096981040963574,0.6586077365322395,1,0.8940193461052447,0.48799963614491026,0,1.040499973093953,0.6266444621149918,0,1.1473637753239483,1.1230253780532389,1,1.0942153525677605,1.0409747659113153,0,1.3238639603111557,1.4249687139381484,0,0.529540514836356,1.2883681894576882,1,0.3562212943720239,0.910427756395034,0,0.12871131252190665,0.5754907139888037,0,0.33235004937271173,0.5895573133630988,1,0.3199245166935827,0.6335910621780865,0,0.5096328168115755,0.616060435690703,0,0.5306473584086497,0.823903810104474,1,0.046712148030082015,0.5032924475763131,0,0.25336014351188946,0.8858811652137135,0,0.8394758704034126,0.7661336683719193,1,0.6968816678663938,0.5786030780135779,0,0.655514423677292,0.6795371924298724,0,0.4335611302855124,1.0595783621271166,1,0.4835521933270018,0.5285843183162008,0,-0.017410260556942215,0.664632426733535,0,-0.042204309798906756,0.21587095594102126,1,0.515068030532244,0.31861534574629896,0,0.6020489026859014,0.28474571189079995,0,0.3361378027297386,1.1278792320374367,1,0.4579889451337671,1.1181343830052022,0,0.8003389634551228,1.430092650254255,0,0.9705266962599868,1.3567288452258381,1,1.0878612330283999,1.2951875423910575,0,0.37630200086143983,1.186795792936304,0
111,250,0.9,SuperLearner,0.9913664207894828,0.002395914236677277,0.04655143376983955,0.06069710895717142,0,2.4585664135592986,0.8678966560649087,1,0.02335299630928992,0.027357057565711006,0,0.20912620749120606,0.19669464502682815,0,1.2311858316477757,0.36258626938283306,1,0.03501087531345486,0.08218578617499771,0,0.01502439814894008,0.030886014877196125,0,0.9157678046709663,0.45510247037981905,1,0.03632162221071802,0.03716833118351818,0,-0.009199793195317434,0.027197703377098346,0,2.266075667502059,0.5073391698943464,1,0.09804319482812004,0.07938161256146271,0,0.04045101625494417,0.032024872929838334,0,1.471504444303261,0.42222471754195734,1,0.0397351891741695,0.09924513978281395,0,0.017320964055318508,0.07356995983673321,0,1.5598384495684083,0.6691233773328916,1,0.10764912308321095,0.12286190678365468,0,0.005991382655570228,0.057598166568867785,0,1.3577978487419329,0.508295838903094,1,0.002711555244116137,0.043003007764537624,0,0.1936057795761715,0.2683476070355837,0,1.2753594366707033,0.2749835946841851,1,0.10069069467406648,0.09257198678468935,0,0.062133434980379786,0.06584580219080477,0,1.6019827541053897,0.3254711666366808,1,0.0612011195684851,0.06421283680147041,0,0.013000536344040081,0.07408399657876844,0,1.0901180508403416,0.6283036895135831,1,0.017033474314167813,0.018302551112460843,0,0.006057927034745255,0.02168370063539391,0,2.061641073882978,1.23577363425053,1,0.06749488127526232,0.14349966091239283,0,0.017550832666785542,0.04673280077151036,0,1.115255518017577,0.33607752019580595,1,0.08312588757651848,0.06871149409506368,0,0.006547962042271073,0.010180594730258254,0,2.2872516940422014,0.884800079074709,1,0.02708099615517511,0.051814543856545436,0,0.1765962727292319,0.22951692632418239,0,2.2889169180664695,0.8738176795862329,1,0.08957938384492597,0.04891486273823375,0,0.007203997637966429,0.05794110704784266,0,1.066984522985593,0.1853912122872513,1,0.04139347199310323,0.047852154126006755,0,0.10122182698698586,0.0957200858414882,0,0.9999755851117402,0.5030233994908652,1,0.006797234709459532,0.015223375058726082,0,0.02059903927891809,0.0520802742243145,0,1.6964827058024494,0.544180584900885,1,0.03685827030074416,0.06441055936898667,0,-0.005145316329302968,0.043520782833454764,0,1.5954168214594031,0.5294866197327155,1,0.21169744240308672,0.07047806056382017,0,0.02737651995594482,0.012311596825660458,0,0.8180884390032224,0.3035674249375834,1,0.0487779969670188,0.07494139337973561,0,0.08636880597977174,0.03841673520178084,0,1.6121129691791818,0.7292584682386474,1,0.012910793178215632,0.01632641388296442,0,0.04019924013400726,0.054116126208738964,0,0.6507078604302137,0.34262792355568705,1,0.01561100428476685,0.05427406540257984,0,0.013371488777004217,0.055403036150098936,0,0.9581506704927998,0.3984997588327143,1,0.027194111314218894,0.022703533148768874,0,0.01740211078358374,0.027920900098309095,0,1.3389154019204308,0.3669604931612977,1,0.0523167221356106,0.0552895983653494,0,0.1067187736470687,0.11509603079425501,0,2.3326938563526705,0.5335960232310653,1,0.21867428423460195,0.2245245687979323,0,0.076062515929545,0.04949735987932212,0,1.5391830155091144,0.46836438125436175,1,0.13278432940405316,0.172894430877897,0,0.1220149162403424,0.12647716915047397,0,1.3063950260242883,0.6397510425705263,1,0.031936290646391786,0.03803289166542183,0,0.12234613878737237,0.09273469922378849,0,0.8074581314312825,0.3380765768874908,1,0.030953830235004254,0.06439255752974053,0,0.008659765474763065,0.040506981257950665,0,1.2920869566027466,0.4325753920633382,1,0.15470280307934664,0.1349700159126768,0,0.007269735962012374,0.03806353956803453,0,1.8648815646370562,0.5784511632900324,1,0.22175904188492548,0.228752980810863,0,0.045426066509797976,0.0926685213424794,0,0.6230581323916499,0.2307343839652052,1,0.1033190425440377,0.11955046948567687,0,-0.009230023636365997,0.06810793538130618,0,2.0894424583033504,1.086829799853815,1,0.07285971365521604,0.066603531569626,0,0.0191735072814063,0.03769042010084952,0,2.2552460673705683,0.9752704374094264,1,-0.0025223063287784925,0.02656316343542624,0,0.10409918947464505,0.09534068022849962,0,1.5718963679406261,0.6372451280429123,1,0.2963485274588974,0.29000999420776513,0,0.19789775595002074,0.14668706553617752,0
111,500,0.9,lr,0.9914454956801098,0.001123815762693118,0.004533480098299384,0.005204975920470918,0,2.3159667427016286,0.7969634787046849,1,0.21557959911060345,0.12102249554758486,0,0.07608553964488793,0.06891001176126874,0,1.672315157283806,0.6872237935138437,1,0.026078289519002772,0.059071223521360954,0,0.16952876960159785,0.11567527415874511,0,4.3437802682952045,0.7665946856185243,1,0.18325056690367564,0.10013812200109184,0,0.005722293862185536,0.015177821716636064,0,2.514766874811689,0.31769112649766207,1,0.02677292416085489,0.037622180173321265,0,0.019745682783290818,0.009503894940088966,0,3.199498130301511,0.6247282610724276,1,0.09174050737562757,0.05985682822933197,0,0.04618145820336011,0.04839720482141765,0,2.810252437898963,0.36201039135638075,1,0.036762324767145874,0.036928094034145584,0,0.007273670470080021,0.010630373834171956,0,2.523639331499805,0.30075768853682916,1,0.29049518400256363,0.14839092395585024,0,0.34652868434610823,0.2196256725901331,0,1.130794510889054,0.2151526207718496,1,0.11038853227232588,0.07547802779375368,0,0.04959428381309525,0.09070740581932438,0,1.650286820630044,0.7203915608553239,1,0.014523347172513454,0.02953775705518764,0,0.02660420932944163,0.02610801089619974,0,3.2511094250741053,0.7244649691978559,1,0.057190291634269474,0.019301443990098865,0,0.011674749075536256,0.014606985230520042,0,1.6123803005494857,0.4594947303064108,1,0.01387021965168364,0.030744568514961244,0,0.052434204634716916,0.05972638477206895,0,2.4520988015602194,0.5237083477004528,1,0.07763207540737534,0.08181388183206993,0,0.07281862679097922,0.06571507303173306,0,2.697507996907004,0.3824013952573934,1,0.03450410532784214,0.030211501810697573,0,0.05206676104908736,0.06814816070206368,0,2.6991853828906778,0.4766292869720745,1,0.0055747453370582805,0.012675249988088642,0,0.07710747609801513,0.09281920802624964,0,2.104509887045075,0.5076182593612243,1,-0.004663945524428547,0.02058191862607513,0,0.021205263925759547,0.03732656151358045,0,2.5893682093432115,0.4952908911112894,1,0.07621180703106586,0.08764123302406966,0,0.004509629148240487,0.0113690593924568,0,2.2425071713634006,0.7091420743746786,1,0.018828721505432983,0.019067979535351144,0,0.020676845970517607,0.03823369755900076,0,1.9351413018803008,0.31836615939068885,1,0.009963310456418037,0.015433077850935596,0,0.16428757626334584,0.11461460074258302,0,1.136552305590118,0.24422709812094448,1,-0.0004748203640528699,0.005870992958750461,0,0.004055776734389843,0.013267728517295498,0,3.9530776880076326,0.39208471234426867,1,0.14627569178332006,0.1174309400603317,0,0.004787768144000788,0.022274486117579425,0,1.9044394044116983,0.5168657094276061,1,0.12670549097305836,0.07736635343449987,0,0.2033228081848673,0.0635262331787048,0,2.0815259874620913,0.5563600830790258,1,0.022899183516303774,0.03536426108109279,0,0.20957659753784444,0.09508926771732427,0,0.9111692553022295,0.2657131700879908,1,0.1616204255054674,0.1473418530172981,0,0.07847433517733148,0.0410097109475171,0,2.0861901979410504,0.48945469659407764,1,0.0036020300126785227,0.007136362579972621,0,-0.003156363712091364,0.007591812519522542,0,1.6779642306813638,0.5423533939779174,1,0.051862236724778375,0.05602371120653589,0,0.09632000758105766,0.08555972979292524,0,2.9642889044770073,0.9237743448109309,1,0.058219456714328,0.07312178720362629,0,0.006377183748526856,0.042545159622191096,0,2.0767329491988016,0.6522806935161546,1,0.004881333528076506,0.008508464487588345,0,0.07442875585096785,0.11898777022386865,0,2.4033911653605955,0.5257011243183556,1,0.11504122358849103,0.1064436309711177,0,0.4928606454470036,0.25467982508907205,0,2.707830594245884,0.5609466272758032,1,0.07204012349529573,0.06809775414547227,0,0.22794233607087905,0.13083497860431534,0,0.8885194026324612,0.19974711312399823,1,0.037922071810708176,0.028829929413103514,0,0.037769776923348035,0.07167144666720658,0,2.2504765342938966,0.4048751567436591,1,0.009945017766463839,0.01151287458069328,0,0.04451311611488884,0.07081697931636959,0,2.4033357305969028,0.6517476035393911,1,0.03230311864263852,0.03096449106103183,0,0.04772952204017021,0.06097638401787433,0,2.44735704156038,0.519177000713458,1,0.012043528074511261,0.02277360143645261,0,0.009937840636457345,0.01523914576500501,0
111,500,0.9,lasso,0.9379447612186069,0.009263982199553936,0.0,0.0,0,0.6100639347948679,0.3011730154661601,1,0.3895453966520455,0.4369716879352099,0,0.0,0.0,0,3.082830176776053,0.8489506204922704,1,0.003806127705543091,0.007612255411086181,0,0.0,0.0,0,2.7937407972131423,0.22469705125879252,1,0.0,0.0,0,0.02870921336941954,0.05741842673883908,0,4.4157808772514375,0.47621104981644247,1,0.0,0.0,0,0.0,0.0,0,2.9160572070660726,0.5542613947926341,1,0.19321744894476328,0.23930938269233906,0,0.014203720463225104,0.028407440926450207,0,2.987030137437644,0.7959926193398217,1,0.1065390971070143,0.16051653791816822,0,0.010905486426157913,0.021810972852315827,0,2.7317443288486687,0.6993231134107712,1,0.0,0.0,0,0.0,0.0,0,2.318050818130973,0.6252686484209754,1,0.0,0.0,0,0.0,0.0,0,1.9135527552615188,0.5764638817996155,1,0.10744041048590813,0.13175153998628208,0,0.19955217748482781,0.18805635694362904,0,4.072157101837719,0.7597617713928753,1,0.0,0.0,0,0.0,0.0,0,2.9647841856907418,0.8957934506390101,1,0.527018367033367,0.5399257175343268,0,0.6089280245029693,0.49014984724137645,0,0.0028660167188990183,0.005732033437798036,1,0.24561595048910104,0.3048529673303609,0,2.180912678313809,1.2548210406500757,0,1.986330251376647,0.9735297258051226,1,0.0,0.0,0,0.15788151755753912,0.31576303511507825,0,2.0440199956133345,0.4022740388608297,1,0.0,0.0,0,0.9878476670640403,0.966266592354256,0,0.8540562654651389,0.6073080733683784,1,3.1893282395229425,1.4853998085134525,0,0.6126211504437131,0.8582334021885112,0,0.42084157204022754,0.6704795809495018,1,0.1392991512215643,0.17101804327970954,0,0.8602776251194746,0.39070303383333665,0,1.4154103202679384,0.7825486849991609,1,0.17509259922184534,0.35018519844369067,0,0.024612960691427915,0.04922592138285583,0,1.564561142516943,0.3280219265734668,1,0.0,0.0,0,0.38387630728241595,0.4399578810172448,0,7.148997391539735,1.816205469119147,1,0.06064835536436739,0.07428229771158681,0,0.29059911405574057,0.2525082572908715,0,1.7319225748869918,0.8448142955211823,1,1.1332061289910338,1.1151977077237534,0,0.015608152344517312,0.01952476755983173,0,0.7188119112002199,0.4986670879819256,1,0.1722569873755,0.28768519176004737,0,0.5291544728719779,0.6336269164203964,0,0.06821016637882836,0.13642033275765675,1,0.5382289449407515,0.42786874051328677,0,1.2221806244671982,0.9116028567644676,0,2.846021745203456,0.3307017967705654,1,0.054136376527452,0.06643402272375909,0,0.0,0.0,0,3.0544890559134408,0.611545735401052,1,0.0,0.0,0,0.0,0.0,0,2.224589895274629,0.8688604170594781,1,0.0,0.0,0,1.538287932558753,0.804461189176874,0,1.903430919561655,0.686337754763003,1,0.02575267569035835,0.0515053513807167,0,0.0,0.0,0,1.5305709600746173,0.26867797148081446,1,0.0,0.0,0,0.0,0.0,0,3.6509741450639965,1.024514575583175,1,0.0,0.0,0,0.0,0.0,0,4.042650974383948,1.4751867304828887,1,0.6809364438722497,0.9463355684707664,0,0.02715737962396606,0.033513988446312454,0,0.3755585258901314,0.3268801943668276,1,0.3773596644778798,0.5014709853245162,0,0.4329370352627885,0.31695487891423163,0,1.9951563720965957,1.5878173734091372,1,0.18741251057987413,0.2658008556830722,0,0.0,0.0,0,2.167018850351893,0.6413544987208846,1,0.21117197464411452,0.3038048467604093,0,1.4110981813628294,0.8892657144113,0,0.9559925152669451,0.41976237363805347,1,0.0,0.0,0,0.0,0.0,0
111,500,0.9,dt,0.3482703939568041,0.14358251130213612,3.8974444340069434,4.930665019449916,0,1.425298954552902,3.278268084962074,1,0.5703209056275721,2.481103182095346,0,-0.051155968404955086,0.5961020304578154,0,0.9490134942207952,2.3689397341661933,1,1.2364649613853136,0.4826934235405011,0,1.4782035627819665,3.069578118837877,0,1.6256827928176645,1.8371613993264697,1,1.1768683345915236,2.142289240755368,0,-0.09152994014906352,0.2832185500168345,0,-1.451959717854336,1.896308408324509,1,2.2953011717734833,3.7289933340588224,0,0.7167219039684712,0.9250842378789094,0,1.9762933680118029,2.5792962166945306,1,-1.9314771551518635,2.720869044211381,0,1.3313647454382327,2.033433769037053,0,1.1584842783328497,2.951117329270953,1,19.62141361139947,18.76455013160099,0,-0.8036442767745682,1.7357569343161523,0,2.7609709782768186,6.219088542165372,1,-0.07069224080224117,0.6424734148386663,0,0.21177602341725454,0.5631602927696395,0,3.52668155405311,3.777640929634262,1,2.1244088689906873,3.638222587814228,0,0.7201956415173127,1.3909975164172992,0,4.269011427191356,8.34484709614992,1,2.890530903195515,3.2235921516911183,0,-0.266208552539971,0.4756274094452682,0,1.8229386662880853,2.1437389533997915,1,0.09137771960470963,2.056080458970048,0,2.1882004633436956,2.2047245441186307,0,5.750888421335293,8.820078253341578,1,1.3258570204904836,0.965031494587632,0,3.4688102241594825,5.8237692988228345,0,2.0542689256141546,3.995378280948818,1,-0.17996759537808033,2.6230808934622067,0,3.1496837764255603,6.880793657657283,0,-0.18213782469229023,0.31857298423327157,1,1.5437621260344123,0.9617320891889036,0,0.011232903632945268,1.7217464485164728,0,2.0758657684269677,3.9717479234918778,1,0.4788675119652474,1.7223059516484143,0,0.4549352901322695,0.9046664481784688,0,0.6751034037594359,1.3004838138317127,1,2.4551128395788986,3.6383619235842555,0,0.77271552862724,2.0743764861298493,0,1.0141528911726558,2.077050982004604,1,1.5170957243099075,0.9357542374836216,0,0.35734442082181905,1.1597546283677358,0,-1.739428676888889,5.556699077524448,1,0.843998610646269,1.1974961402080262,0,0.7206411852897255,1.2326194908479216,0,0.18960565961259163,0.20459525358248795,1,8.032666458398975,14.989204234860555,0,19.4359164404373,15.962999258327697,0,4.436264110291694,7.012248158131377,1,0.23897677872950615,0.4478167291473835,0,0.8170959136184175,0.39374536821811496,0,0.011510738496606979,0.8516640535337403,1,0.909318427587355,3.022488643537145,0,0.25256184421708533,0.5100165932137987,0,1.408292551544799,1.8702341794188289,1,-0.47277364067247873,1.6569085676423376,0,-0.10815643978653715,0.1877867474701907,0,0.8730405826963363,1.3061680104758768,1,2.1566413465172403,2.837879003621891,0,0.2310145197441366,0.5008194209969766,0,6.961830600601006,8.318975910978079,1,0.14012741562638842,0.6487386903488819,0,-0.5719855428321761,1.9415289085750964,0,7.146403453380043,14.084953046457505,1,-0.0551415009742907,0.27761383517227145,0,0.7001289230916043,0.8622330145066197,0,2.8488580146785827,7.033608643486699,1,0.31657354777967983,0.31411745566907867,0,2.508698241463697,9.024906124697075,0,0.1933265861013454,0.06462047981602427,1,-0.035658600305006075,0.14824579516714662,0,0.5327906687547574,0.5441133339484381,0,0.54077055817068,1.5776017587706057,1,-1.1658105823248655,5.901401969465004,0,-0.1602453780399799,0.2797779051391243,0,6.448499436885868,8.37478696443853,1,-0.2967259960084611,0.9385970875113185,0,-0.3843408786812671,2.646858606363833,0,3.390965520828452,4.563278368113501,1,0.8219782286055292,1.387974832203744,0,-0.03132812450380442,0.4643460966169472,0,1.1801058493729457,3.6457629939627236,1,1.1703650378670816,2.2345720886847715,0,4.320595088525424,4.858995989556567,0,-0.34258371256139003,1.092243662746004,1,0.8990836247879889,2.2412648283543026,0,1.498042851607083,3.1481430980962735,0,-0.5513825214074304,1.9463108844873975,1,-0.07413867532546022,0.834308764065319,0,-0.6058959452814399,0.6144670931257186,0,0.7950142893072465,1.346429258760415,1,0.028754742864825183,0.12179911306705947,0,0.07633415233877269,0.592293760884369,0
111,500,0.9,rf,0.7786730998082715,0.0182054083471358,0.26305395800508263,0.1478252415002907,0,0.3291094769075896,0.09046248747394152,1,0.5647607153935953,0.39606835587613315,0,0.5902863083341231,0.19046461774413373,0,0.5912649729070361,0.24645076099510943,1,1.143114242504613,0.7464813578257755,0,0.7324237788057684,0.4084730296212952,0,0.75709401179776,0.1930191096908151,1,0.7456888370413204,0.21770252016717767,0,0.694591395621286,0.3479307548812276,0,1.0009182276802864,0.46025511772718575,1,0.5431705052706728,0.14167290116909287,0,0.6859075935209444,0.1980219367315452,0,1.7259596286548295,0.4109131023851629,1,0.8302006307333519,0.38784315103486394,0,0.8259248762522402,0.37970454765718453,0,0.6391500979115137,0.25065265028155964,1,4.018691312984396,0.9886102971126343,0,0.7017687543790521,0.3500622453557987,0,1.0241907111407962,0.46394064535359,1,0.40825613888500556,0.2219854458302336,0,0.7547750959700401,0.23272589732778098,0,0.9247944848941361,0.3313541228937114,1,0.4302715267397753,0.3766886365319039,0,0.4309284527631803,0.1427773979634646,0,0.9542824251134299,0.2878439416314291,1,1.086631999723209,0.545302717123548,0,1.4054928762929921,0.5150249037114178,0,0.8729714410625895,0.4337746224751231,1,0.5732882749923042,0.1584555975733426,0,0.8056235015986681,0.2668329069806102,0,2.462329938263241,0.6472660729970953,1,1.7532855880715759,0.5325983359524431,0,0.49142410791319013,0.06281524337020916,0,0.7490229131310495,0.11287477158926489,1,0.722835980295212,0.4387308354210667,0,2.161846678191136,0.7096407518205394,0,0.8673740811254984,0.28768244497257806,1,0.5565267564415313,0.23073004888101514,0,0.2782051478158136,0.11116089634800633,0,0.45819091952990504,0.1788246455778791,1,0.44391663955383553,0.2831376012388503,0,0.8943022339494459,0.437810430285368,0,1.069902111986487,0.1636937890580058,1,1.3752433318110646,0.18052717662146872,0,0.6110859962786016,0.27053685495144253,0,0.5210612263009174,0.20799683237442257,1,0.5547885644609918,0.4498402889251472,0,0.5424969618490273,0.37535802310313965,0,0.5710563897165837,0.355673857923815,1,0.23273112619440148,0.1717716981374476,0,0.6027848075813822,0.3122545857557381,0,0.6403995074157292,0.3875628085458473,1,1.2987230460333765,0.8216706050022726,0,4.940915248278457,2.7534096861603627,0,3.00779871461087,0.5843680597456649,1,1.2808255388480323,0.39991481620078256,0,0.7649134620371942,0.199894646077751,0,0.9472563417469108,0.46349806730833437,1,0.6368164491532722,0.3842125481508477,0,0.4065957893693832,0.20810563199843404,0,0.4044227258568531,0.3593976218522571,1,0.6385995596415691,0.2928466445005793,0,0.1861436686020571,0.06092075876566485,0,0.4459480722387955,0.18650081361812426,1,0.9601660470252085,0.2786178432517068,0,0.8591956977094961,0.3645165149967794,0,3.7020025507680274,1.694318693959227,1,0.4261814711542769,0.22919854889152988,0,0.38440737274518294,0.20974323003204254,0,1.277904002541885,0.7537124299901234,1,0.38214801936656284,0.1967111493481106,0,0.7007473050359556,0.3128751638647032,0,1.0370013997363423,0.42197590641778354,1,0.3699863839382306,0.27692068965839123,0,1.4637360488205657,0.4868591532144867,0,0.7955384777574964,0.22689202972629977,1,0.5736659518530903,0.11443834759821811,0,0.47009507736274303,0.1781584340549917,0,0.9222234120896233,0.3769589065211202,1,1.610280167661515,0.6103004680504909,0,0.6649609375364293,0.142777799750539,0,1.8046455886765749,0.831097916080436,1,0.6848013540822621,0.1974819889478549,0,0.4922669374027924,0.4061087183569008,0,2.3420891939362454,0.8319242308138245,1,0.8734313038575603,0.3041850314044044,0,0.7120754107706986,0.3207789193308996,0,0.6738173218749796,0.37447790787045665,1,0.6713006576021874,0.11895070604812362,0,1.0211436130037572,0.43469017094251977,0,0.6301152726914827,0.18812481463258202,1,0.41580767203856145,0.28181464124878625,0,0.6694753883364498,0.09647489142037863,0,0.5644834938427923,0.35133197474345457,1,0.3248494391385278,0.1621613764852578,0,0.9218388985553959,0.30112628268214575,0,0.49787234670938146,0.1144578904478967,1,0.18313067874599817,0.13339789199332647,0,0.20662050983453906,0.08898996007035724,0
111,500,0.9,et,0.80583619836959,0.018431475804071496,0.2074185964428088,0.23803260741963445,0,0.2798821261100196,0.12275511288805366,1,0.36114271347424864,0.18697475047026993,0,0.5290092211374281,0.21400659413927717,0,0.5795854632225947,0.26460493362161397,1,0.877798802598481,0.2479774638414812,0,0.8012000721288729,0.33917872411378375,0,0.8093652765471557,0.23789275594579049,1,0.806235389733111,0.2157633356708267,0,0.5913775726132735,0.28970430220455745,0,0.9935617736340326,0.20364983633378328,1,0.854758408120133,0.1979343093999509,0,0.7739298087109573,0.32495775806492655,0,1.3825592678536887,0.3297146170484722,1,1.399658651477457,0.35083737076791705,0,0.6987108280641102,0.18055350839488551,0,0.9176419894283976,0.2438160038092613,1,2.899159023522527,0.40670645099393765,0,1.2069067817880468,0.41471570490489373,0,0.7802220459231317,0.20383457959089535,1,0.4158227858696687,0.20120714627574388,0,0.7841378712960703,0.09899189721817653,0,1.2194394111818374,0.41937770181610734,1,0.371046033042351,0.24393744683293317,0,0.3808772901692844,0.13729747346316648,0,0.7505995645903821,0.3658036548761437,1,0.6964298052338604,0.2413812064035331,0,1.298945038985429,0.5529605265063671,0,0.983688790323006,0.3170464480720537,1,0.4771273857671973,0.25939963266978705,0,0.6301278540701768,0.23057840042851813,0,2.3117579046302255,0.4455398838421928,1,1.4048465599427995,0.6945581445281349,0,0.5883977361807469,0.17447970846465274,0,0.8231472793036476,0.294296220801791,1,0.9133954531621626,0.657186669566286,0,2.0448357619670534,0.6296989640224855,0,1.07833098847982,0.215447369215823,1,0.38620504722075893,0.06659376676322927,0,0.4165073706021391,0.1591273065202077,0,0.6153205318242312,0.3251502248714637,1,0.4142868017604303,0.2480196669484555,0,0.7233268218978159,0.4040926011435117,0,1.0700123906548056,0.5973084997631941,1,1.3205795679890353,0.10283431706484635,0,0.6054123623220041,0.2158632468057974,0,0.6369369063667872,0.4119523522400329,1,0.6531787982493525,0.4227280771567603,0,0.6016355934951386,0.16553758774272218,0,0.7541690726311059,0.32645823773265625,1,0.28857161105202955,0.08004169137245697,0,0.42897379342518194,0.2587585213538752,0,0.8226153837518829,0.6751043279456617,1,1.0937204192158774,0.3788012804817718,0,2.980588225264641,1.2371276347772897,0,2.986287215128185,1.4278477375320917,1,1.3595609086993827,0.28038320257090454,0,0.9478857035996215,0.49657992226122716,0,1.044060549810077,0.4444984443313245,1,0.9309108367443999,0.46690927513368613,0,0.35956279367656635,0.2156177058762511,0,0.36080204998757015,0.27385078974456856,1,0.5637595839721753,0.24123750493435706,0,0.3071358116027082,0.1111386244007795,0,0.4666825010216997,0.26423128457293266,1,1.049002388299261,0.5930161570305403,0,0.8763349488171507,0.30719060669153864,0,1.9116983722349954,0.8308364760526797,1,0.6640228046712514,0.2390771604865213,0,0.586377320351296,0.26113543491319324,0,0.9034640249343372,0.23451470219191825,1,0.5358014647599006,0.263171421422124,0,0.785564127795361,0.2661565939456393,0,1.1870698414612133,0.4863434168836163,1,0.6390816634875502,0.3938373534266437,0,1.4955230627613036,0.286679862191693,0,0.6846714733539122,0.26919347259363574,1,0.502912823586614,0.10744733508508286,0,0.6263788793668392,0.2228907076134359,0,1.1149237044771236,0.3688397828030101,1,1.3541046594936428,0.2942723022200303,0,1.169279128886405,0.4925397134297953,0,1.1737137443314904,0.48488516828191935,1,1.0358834776086014,0.5532294408105883,0,0.61018357666209,0.2150959636653613,0,2.3268446994189853,1.0736180816931402,1,0.8815366974301433,0.19059401228348344,0,0.6460204139100348,0.3027500018164629,0,0.7093586358138312,0.4507241547430556,1,0.8548832287604041,0.255656869311423,0,0.8867993054074225,0.34734228388816374,0,0.6854194093080956,0.2845306226814454,1,0.569366500566434,0.12431400625036765,0,0.5121207210104853,0.23370370250758,0,0.4926526903585525,0.06778269505217911,1,0.37516629077608393,0.12935632914707101,0,0.6859223127963235,0.2518234646398928,0,0.33744115658675405,0.2184920590074755,1,0.261458023072712,0.08884705727483609,0,0.020122531589392964,0.10622705510424503,0
111,500,0.9,gb,0.8558201619984027,0.02031426058919353,0.13157041269925351,0.08933270059437044,0,0.3541586902934154,0.2559559742316369,1,0.5793445343305602,0.41985374506256884,0,0.16599535596209555,0.10767175354215869,0,1.9674022972521894,0.693827800220721,1,0.715006978186528,0.540127475320765,0,0.9766061358829145,0.46599169185191675,0,0.3708222003370546,0.25725615454531003,1,0.8324103135886745,0.1554237477096551,0,0.26573935979268704,0.25934157160859445,0,1.4130895895497013,0.5779086628120095,1,0.6985120675774458,0.241515912722526,0,0.48808685234753535,0.5405561187144505,0,2.2474999296434612,1.2215611590237667,1,0.5767473481587287,0.35026636064506883,0,0.6625201554847374,0.44912620523698665,0,0.7485816089296427,0.3379461488100533,1,4.64697977791816,0.8749678939624592,0,0.2523690606226755,0.2685738464517035,0,0.5978212387651194,0.39459306723875287,1,0.21231981449672413,0.11671835796114394,0,0.5608356444926783,0.5311223756039446,0,1.2905203785692514,1.0326958633397538,1,0.23813312791116115,0.38044687571906227,0,0.032321755987394486,0.11452338148804213,0,0.6941406611533665,0.278045090138313,1,1.0830432776165482,1.09479376040718,0,1.4068093250201446,1.0012710526167767,0,1.119681930010431,0.544357840373354,1,0.3101744915757939,0.3489518035447584,0,0.26987696138528816,0.2281953355249234,0,1.8764995302842533,1.42505184063667,1,2.429687014770986,1.465895459236466,0,0.04318259710989927,0.1410567849381732,0,0.36978098322533276,0.3883645262290363,1,0.8411640169164256,0.8716464472622614,0,2.557759464281426,1.453252526502371,0,1.2188694350619222,0.671606879677318,1,0.20587654049951803,0.23846169548630933,0,0.5978844965559093,0.3351305096950728,0,0.5694410593114808,0.5990321175684205,1,0.1742261679525506,0.11924858503227462,0,0.6782000477411373,0.54809866510801,0,1.0731018475647398,0.8237977733206717,1,2.0795505708077155,0.9948714780544555,0,0.7713026816132027,0.7536419011016613,0,0.2624650383379616,0.2290634978636317,1,0.4109145728935976,0.48216968700471297,0,0.4856905028804926,0.5875731981402071,0,0.8456478015219527,0.6652429863869693,1,0.1931594772513791,0.19970092734627704,0,0.30945551542185895,0.4081317451436809,0,0.33650307075151187,0.35852496123466304,1,0.8194132617662351,0.35160019259646264,0,5.569485583505992,3.045276188733793,0,3.383508960316746,0.6767180121242733,1,0.5091745828222412,0.3812216088826331,0,0.6028206457809674,0.5414241398232987,0,0.4036230341739883,0.19978502535580928,1,0.4733489012373148,0.46291886471622473,0,0.13996719851293668,0.12823021923203934,0,0.7369764955869543,0.6482625839369638,1,0.3583976478407579,0.25743333492787873,0,0.11087541816300266,0.18533929914403274,0,0.43082857728294083,0.41815897440854544,1,1.174234686877471,0.3974932685415364,0,0.4764856974419015,0.3322846283876215,0,4.517527258402441,1.585826435158579,1,0.05918687256868018,0.10260356154553515,0,0.1909864907074564,0.13397991164338113,0,1.7851734595427875,1.1416287085472294,1,0.09059094791300659,0.14405117100152087,0,1.1308222098589504,1.0896058153721933,0,0.6881360604065819,0.488786879526121,1,0.4284044023898506,0.4928837179449551,0,2.0320181330906193,1.0571474223922435,0,1.5361600713540835,0.761912492036078,1,0.24558707922402584,0.28458773536173365,0,0.22385056066029305,0.1600939954504596,0,0.53577221875003,0.4078685427414411,1,1.0495709295446785,0.3756457736085804,0,0.34746258461398694,0.1540334864378601,0,1.9461216252682552,1.0751988542979047,1,0.3494352240252895,0.2686302994590414,0,0.12476554025951685,0.17603639574393443,0,4.816947421131882,2.20088145966799,1,0.8893991697064398,0.18383564434573185,0,0.15836602015629725,0.24999664600252314,0,0.6190662066675874,0.530502553491876,1,0.9830693582982946,0.3511815391356348,0,1.0640282589901606,0.6377947272340533,0,0.9970241433521879,0.5725880869689365,1,0.6237545303205262,0.5029746467810898,0,0.9130286891873582,0.5196597735415303,0,0.8576235843423099,0.7386816430628246,1,0.09106241557712351,0.0465511933549352,0,1.2395788646982246,0.7769041479797472,0,0.6964159528543066,0.5042287723630565,1,0.29470111968588353,0.3641623310740572,0,0.07571210879347308,0.061528486644661526,0
111,500,0.9,hgb,0.848458810450371,0.018082855972553418,0.2793461629666172,0.23571850143601078,0,0.5975716484536008,0.5057083774381027,1,0.4254051527109066,0.29321474402050773,0,0.11103634569767092,0.18259119918501507,0,1.3845898445954667,0.8209267580472206,1,1.6638573337641287,0.43407494377286876,0,0.42241597721905394,0.2673736350708632,0,0.746223943963684,0.3237477975800063,1,0.6725121846871389,0.5165039547420298,0,0.30989051926437594,0.17071620181691843,0,1.3097446613708716,0.4162040157175094,1,0.382604466142308,0.230838039466535,0,0.6557887617628992,0.5242500715664961,0,1.7499160331725165,0.8220442154823756,1,0.6747544141608055,0.2970010997940704,0,0.9172395163281261,0.6967622405949682,0,1.0481623825014827,0.629461834243806,1,4.409371241869403,1.3020531594143627,0,0.41804615655653005,0.34439424600986224,0,0.46465084523246813,0.39705722296697604,1,0.33817395044962495,0.40047172190729297,0,0.34793251418098536,0.30166339006365966,0,1.0999327131460555,0.6206266403161768,1,0.19803262403311267,0.18029382993364346,0,0.2540966804592381,0.34103815014340594,0,1.0666553217944288,0.6085118973146798,1,1.772924816733827,0.7120955625601001,0,0.9776806465512049,0.6442063343038588,0,0.8029532925300898,0.4182020811822389,1,0.11869669998928449,0.12092432967857547,0,0.33309731095687073,0.2670899619792037,0,2.08997833290801,1.177453900998646,1,1.5737938157903426,0.8393372963424426,0,0.26560087857970344,0.2633393949744031,0,0.6849553511674701,0.4815793039255294,1,0.7658256442513646,0.3970555263862412,0,1.481953234525172,1.1948287312006696,0,0.7508756542734275,0.33176341787523117,1,0.22507818770899207,0.16328335287537216,0,0.2763427222954197,0.33910467655817705,0,0.8024519349305661,0.6535855017844723,1,0.2458425248081046,0.1464845126604257,0,0.7582592178655251,0.23805173363245594,0,0.6659108113206484,0.751650651172927,1,1.930278248140726,0.8802959475842064,0,0.41035061230401737,0.15300417921995832,0,0.5739802408376304,0.47175281166895083,1,0.2342818469191652,0.21799483854900392,0,0.6625509635407167,0.6098373831920988,0,0.6946799388840607,0.33251798554753964,1,0.16408017106879874,0.17712149755813597,0,0.34323089943547636,0.306935767618562,0,0.2555956913986972,0.20366915220772844,1,0.7368762999144938,0.41801533753430803,0,6.664258369152032,4.091238238288666,0,1.9755735647946253,1.2645838907737714,1,0.5070656870384506,0.2725061843672612,0,0.48197712087802264,0.3049321933870126,0,0.44344530700685264,0.42383917119935216,1,0.4547280251025937,0.6101921244953359,0,0.3643707995891059,0.29351999701459913,0,0.4219546002962362,0.28160391890965936,1,0.3357979827965635,0.1977896231661751,0,0.13247361382430883,0.2943714467760222,0,0.7429475211709551,0.5384312051250587,1,0.9564230361440057,0.5083948402764769,0,0.6255762110713783,0.49961769206159673,0,5.283187819924428,1.722697707564344,1,0.25014452873597404,0.237105525705869,0,0.09981116525748726,0.07233474280729885,0,1.5360065163552883,0.9792116960825316,1,0.1480418669238191,0.2732801611731031,0,0.6571521390536802,0.7721326177190467,0,1.0357595844631233,0.5782434439983964,1,0.5782547397106372,0.47879886018602696,0,1.049333533540511,0.6861222773703377,0,0.9688664656282768,0.9482694165371418,1,0.21114110673185582,0.17649257930895715,0,0.06654312231478095,0.19358237383854487,0,0.9302084609058566,0.5247973878625283,1,0.9403377468899958,0.811384375245108,0,0.32046018631430456,0.25877147368045195,0,2.001672325547401,0.8301657748371546,1,0.4289177236918439,0.2799602565008549,0,0.4198303590799143,0.4352950357121384,0,3.4988299358281707,1.040356433802074,1,0.4407624872956565,0.329786054535582,0,0.23452207497794353,0.15363457622732848,0,0.6284053508824634,0.31551243488743014,1,0.4760695228913563,0.38658108392759905,0,0.8587082645950309,0.8543578718400577,0,0.9418879758084584,0.4539542553368178,1,0.732811014906088,0.32363809951136563,0,0.6629143758447598,0.7595936926503286,0,0.7945970859902539,0.7735829872301558,1,0.1772797430735324,0.09094510948613799,0,0.9832207495933464,0.7038125436623812,0,0.5199170134864585,0.14678351807736978,1,0.09396709418615606,0.11462901600970331,0,0.18966167330949868,0.1358940322444568,0
111,500,0.9,ab,0.712327967151686,0.01760228971136975,0.175607717300836,0.22714272607030428,0,0.031224675832845578,0.08481057276407566,1,0.06264301183888364,0.11271960223238692,0,0.03901695512607896,0.05963531520721031,0,0.5058356735172658,0.3993360771616365,1,1.19092497312673,0.5558512461337808,0,0.9046785243286161,0.49041680051757836,0,0.5240063017057386,0.2700946158369002,1,0.48718560369579145,0.26160770800335587,0,0.5316143615830786,0.6875616524864137,0,3.0144406960969765,1.5977919052631788,1,0.42618046915092106,0.43763904024301126,0,0.24238939455906325,0.2993277004969138,0,2.6048597510243066,1.2052025733070737,1,0.5476605939160379,0.3293480774676972,0,0.874854398776176,0.9228561915474182,0,1.3145086506437897,0.7651975709775717,1,2.0933502239183035,0.9045572411539047,0,0.9154902349530367,0.6193499992934874,0,0.7703502228064936,0.47678212408587506,1,0.4258255612689119,0.358323950962109,0,0.5231775172002763,0.5029159354321244,0,0.5580738425930155,0.8584649289364845,1,0.8039844438517146,0.3606519059610563,0,0.6818428650380863,0.8949327111355901,0,0.800039722300246,0.9401181687347009,1,1.450383253070269,1.2152683885918043,0,2.897716363468322,0.9662790225095702,0,0.5921796098022366,0.623899265736626,1,0.5702051059274689,0.47854578303013734,0,0.6960899365382756,0.7001291958115144,0,1.1836094573399936,0.8336801740130036,1,1.2051584742003847,0.9903483523682115,0,0.24209964393263247,0.23046352400982506,0,0.8094354482087196,0.9192336681645,1,1.519457867344895,0.8427351785499125,0,1.9724466203423057,1.5298012793659936,0,0.3056987439505669,0.2030221602000264,1,0.21950445136335625,0.28986297944331596,0,0.016985911377473628,0.0483235296304839,0,0.22061514614604608,0.19585210968605482,1,0.20892559813723696,0.3041515164059895,0,1.20198959371504,0.6632607007492761,0,2.0817238100326496,1.2132795803012364,1,1.8666678245016997,1.1604477971660458,0,0.47548445352263735,0.9959571985988983,0,0.34746970554896234,0.3500566523466987,1,0.8089460414418982,0.9884557802448906,0,0.9946164888580951,0.6097153195297217,0,0.5508717450806098,0.460392714001225,1,0.22879980104462788,0.32336720420883763,0,0.733572853495267,0.4791637464052695,0,1.0114523146609022,0.5850112770821336,1,2.0819202756749258,1.5216557616493074,0,3.8852896344097436,2.1365378845335807,0,2.363488586296026,0.8568848752510886,1,0.6905091830706291,0.32990181409157826,0,0.19649599423197786,0.230208511691421,0,0.705885224825644,0.31661478594251263,1,0.6508323825163859,0.7368463844020163,0,0.2487596239100467,0.4144251531728238,0,0.7676428357858515,0.6522536541760756,1,0.016116652878363967,0.020836546746120895,0,0.010086076769525104,0.09159939152734002,0,0.4320880150587211,0.42028101540608775,1,1.1533172016334476,0.7645212487102155,0,0.788902980918867,0.9091186973066419,0,3.5792699837400077,1.16166212122871,1,1.3719500937349074,1.0627482922259028,0,0.509478719473688,0.3440052002259783,0,1.3724685752730115,0.7225506953479262,1,0.2761309590826448,0.49214238324766546,0,0.8404770769675052,0.7923156370293851,0,1.1038307669264402,0.8741912500210908,1,0.9528040983398975,0.7108785446015691,0,2.0914545306012178,0.7834498645461608,0,0.5134881289592406,1.1058223049785119,1,0.14434197267353638,0.2624818627054993,0,0.9160442025263519,0.8792546561469998,0,0.7214328441754598,0.7915649058043233,1,1.3882571802241017,1.5311461426752586,0,0.3817808505665739,0.4807890942042858,0,0.944997547026641,0.5513612785874251,1,0.9309919553312944,0.8036587712331683,0,0.698328198554228,0.9278430490715129,0,4.137142355457146,0.6653170743043325,1,0.25726240568771613,0.30668775860274805,0,0.8417013724519847,0.5708351556983607,0,0.08347025164283059,0.10020667106035071,1,1.0477484145005451,0.6399442621334804,0,0.5122872843847965,0.8243255014643012,0,0.7426358292576778,0.40741264309528563,1,0.4171854483215802,0.3918476923075962,0,0.46180780850490316,0.3613786000767592,0,0.6267435778934531,0.7035898859930461,1,0.13363934809488587,0.17426956746025785,0,1.3599828935594191,0.5858608197663517,0,0.20584841205007737,0.3687747270406364,1,0.06327808147727103,0.1268587595689254,0,0.0809481707286533,0.09930279850676199,0
111,500,0.9,bag,0.7398473805033527,0.016845172302326267,0.32829842787739344,0.5209062228330804,0,0.15654118292741817,0.19795671246537042,1,0.6192194688993993,0.47098933115023417,0,0.4813925813851413,0.4212133662753673,0,0.9377171887957786,0.6001688739398119,1,0.9974379742488335,0.5582899850412799,0,1.2403538654632167,0.4926159048055611,0,0.35720301441826346,0.27686919852120234,1,0.6206736451290542,0.18161201237048066,0,0.899848305143891,0.2698104854636454,0,0.6813535827882646,0.5063045123725683,1,0.25016694194673567,0.5437415344727539,0,0.9073808987914657,1.3682232911597934,0,2.9517571515078673,1.426332523716751,1,0.7252123887000337,0.6355175881187232,0,1.0849124589198642,0.7869980884921934,0,1.2421993288605884,0.7813822676624353,1,4.25983405267825,1.8210888721048846,0,1.240478775679643,1.3810386901131715,0,0.5543409135034771,0.8893115878175315,1,1.2361721975595388,0.7427909001371567,0,1.2384125570179998,1.0143163125964891,0,1.4457593245166578,0.9736688224790092,1,0.5395092517902448,0.6081386415561096,0,0.4779374939975555,0.6299717724058319,0,1.1789338149056319,0.6435168532374783,1,0.8346657191704292,0.7335364137224166,0,1.2313930032576241,0.8482684720276057,0,0.6332106292286409,0.2833892463822516,1,0.0639408643333113,0.6716811001672751,0,0.821590897769721,0.3820720092369243,0,3.4907214345075013,0.6886743938434501,1,1.2302839227611126,0.7224409481943573,0,0.796721246314591,0.3330260685725701,0,0.6337089766915415,0.9586789093939626,1,0.8647286988294806,1.0296197382401697,0,2.0626062704307335,1.7295025804596782,0,0.7543414779541171,0.6412938834021998,1,0.31133307890958795,0.6626906838766218,0,0.40655905369661066,0.3252002405150265,0,0.31201617196148307,0.6347516897754087,1,0.6808926744687199,0.4592985469612949,0,1.0030384067957963,1.035033447287502,0,1.0822805822803148,0.8557449613129864,1,1.217426462101025,0.9150598022324878,0,1.0930891963704312,0.5559798868914585,0,0.6805543126950786,0.5419507041284732,1,0.5965560126063528,0.7653118898118465,0,0.9328804180474375,0.9238876271837777,0,0.6511183478724428,0.8107448621460007,1,0.09720366896007804,0.37215454502736706,0,0.6145882612623571,0.8013011954453918,0,0.9850280398629842,0.9737742806831281,1,1.8240139040113732,1.7675089029724234,0,7.667438268328151,5.614710440103528,0,2.8210836417308807,1.2907871083666709,1,2.0963564705569437,1.819510847583484,0,0.4284495884908181,0.5490477696400212,0,0.9877864971808279,0.9358898312217656,1,0.19813399649027055,0.6601395814646852,0,-0.04026637721714513,0.633283372212865,0,0.38336366508748226,0.31545163587709835,1,0.9259461341583254,0.9883632110677611,0,0.27444972575297777,0.47718291829947074,0,0.7140272070108051,0.7286990847959303,1,1.2321468789156143,1.3435734560365602,0,0.9932596860851264,1.1607832616977034,0,2.3572568131275498,1.1628800366999084,1,0.3555487275675979,0.668441698151083,0,0.18286394546136445,0.35314824164400255,0,1.90978095525656,1.8702136162175556,1,0.1563505309196,0.7472705159527594,0,0.6328567154668567,0.7303431561055661,0,1.2395463554314015,1.9867598052775393,1,0.39362505520632185,0.21738918185902076,0,1.149164434599979,1.0577686187350583,0,0.711279055986563,0.7133017912153322,1,0.9637683716480059,0.9334867012053341,0,0.6081516781278635,0.39689384396896027,0,0.7782448278287498,0.9152297435071327,1,2.16758026630798,1.0224564610653184,0,0.8567809381543434,0.8086473107295539,0,1.5004662480515383,1.010163260062897,1,0.9024423187571179,0.5264549577423343,0,0.7814438523080977,1.0253092109461475,0,1.4107031146564708,0.8660781796010082,1,1.0605619545836518,0.8433537858644576,0,0.6776241700195351,0.7682685250705944,0,0.9223750369490382,1.145964479176338,1,0.871778432089157,0.6546093154019265,0,0.5506882949710574,1.0069878672399535,0,0.648783656516725,0.7750536224750006,1,1.0295848483578038,0.7233766965615999,0,0.8438873822023281,0.6589858040714537,0,0.716882133928571,0.7267346138420442,1,0.08924138389790529,0.26841565953762414,0,1.012494121681527,0.9177348900630867,0,0.772006908699453,0.8053910402316075,1,-0.06162994815603527,0.15134239979217157,0,-0.08162178058437262,0.14584787531681953,0
111,500,0.9,mlp,0.9872059951542946,0.0015870720318832989,0.03752794008930672,0.030687242093093217,0,1.2837318682479444,0.5375499540983222,1,0.27430971789221364,0.10623147160565988,0,0.013681233476374868,0.0546246921121571,0,1.0041614954992537,0.5175092251638972,1,0.11786508988593207,0.07879851376948124,0,0.0036111402648869597,0.03488250409243892,0,1.9975346523315127,0.5718798680302363,1,0.024123956360864677,0.032698521469087825,0,0.1108296427467897,0.08484336637749709,0,1.245714178356863,0.31505824170708663,1,0.19667186426967692,0.141030662878201,0,-0.03930734060504594,0.023579631342878767,0,1.4200775605999698,0.45325237586009665,1,0.06408725790741002,0.10765688581906119,0,0.16593727176599393,0.14358653400131596,0,1.6515796544388195,0.29458430388814527,1,-0.012884892496547687,0.012609605593978761,0,0.12246316024529151,0.028179384789799627,0,1.3941233431355518,0.2516657353992039,1,0.07924434941999976,0.05185031351837746,0,0.18801706622606004,0.08673482702773987,0,1.0833364107304093,0.19007433502244242,1,0.05875248595340234,0.05511523180399724,0,0.1813254755610271,0.1023768634954335,0,0.8891544773758072,0.3197973149181951,1,0.023545900265975944,0.03844794814511868,0,0.04111289821321922,0.047873015649757954,0,1.7472525712541707,0.5176661579600864,1,0.017061242858192317,0.018425613479585216,0,0.1885582197117908,0.11242024955529596,0,0.471590490086874,0.22963460751063378,1,0.04355319301941476,0.07707963586847175,0,0.2754306172924578,0.12848908707815768,0,1.3590328619641572,0.5045857972673092,1,0.016790499754210077,0.029622898083440714,0,0.21057423314160761,0.10329570604743944,0,0.892753551874141,0.19176636305988534,1,0.027581618984462902,0.044560541296178716,0,0.09218014602815419,0.06182480686272709,0,1.1939234842771356,0.2665991435194368,1,0.0614383325492297,0.0582218182601549,0,0.08726931726083516,0.10097215037775921,0,1.4470205919628025,0.3671992672169385,1,0.02615185335160372,0.08840764614425926,0,0.08231529505780699,0.15373963777337216,0,1.374708928886113,0.4613401069388485,1,0.040862125648038684,0.11601265929907303,0,0.1114514474603859,0.056986561298313025,0,1.5054970165322463,0.6177703979487209,1,0.035393328663152195,0.05553368718069185,0,0.06895340049392161,0.06819469362506594,0,0.9210865405336458,0.23703739138706076,1,0.06741431605764217,0.061751681562602856,0,0.17013409598000614,0.08174559101774702,0,0.825759364828559,0.2757165666941303,1,0.07377490944121935,0.17625616772240915,0,0.04158816686069389,0.03208627768154214,0,1.242825158706125,0.17044496788166735,1,0.08326569508125396,0.07196248857470504,0,0.12595381844522552,0.09425443306405214,0,0.5676660434984789,0.2880790143383223,1,0.06760516207360712,0.08048931549244771,0,0.055879103192681544,0.08927955974671067,0,1.1047199871609081,0.4074727680554991,1,0.08962867657449348,0.11814207801295751,0,0.16707517241921704,0.11867093350897587,0,1.0837056783315226,0.3038835338808417,1,0.10880647289241174,0.1234642634840134,0,-0.0025641063234620753,0.06785485867936968,0,1.3823923599441996,0.43316492742469015,1,0.0744690340472118,0.11763156120683058,0,0.012660925217165372,0.060415559194860205,0,1.1977684456029871,0.5128522481647233,1,0.1487625499802243,0.11706388819094177,0,0.029436213667192464,0.07087595187050345,0,1.5412437531899603,0.5328034662571739,1,0.08904938090718906,0.061829618557283424,0,0.032600084279533065,0.04635269434802117,0,1.6808354581547154,0.5861558413082874,1,0.08331066725235353,0.03622756493708236,0,0.0289252702405522,0.06488085041713217,0,1.3706630467445404,0.3000744457807921,1,0.30089690074544906,0.2079394735434417,0,0.1969394316342243,0.09141835811403151,0,1.5041407500658626,0.3893565633047683,1,0.018866268182041908,0.04715407063183371,0,0.16653599033667504,0.09408105864470943,0,0.6019647734218299,0.107437610925547,1,0.0318579949889215,0.04379011554656608,0,0.14365679498306744,0.0775006302197092,0,1.2321458381883301,0.20226848312825152,1,0.046927200452354975,0.05973412625291993,0,0.033687148246578896,0.06495436363729343,0,1.2548113828204157,0.42313197545358405,1,0.030754277503420312,0.07086584483951613,0,0.009887023478228337,0.032379596484480286,0,1.3556352297658258,0.2637133912770322,1,0.02902570359584612,0.03485151928866095,0,0.1082054882474659,0.0697963395744472,0
111,500,0.9,svr,0.8057930336849738,0.03790423131477804,0.5449632297596002,0.16512332296952176,0,0.7062752509108206,0.21794144969793916,1,0.746746741281841,0.2665527197897432,0,0.6877204921382519,0.23708463478101524,0,1.0121970973028405,0.2052575398591088,1,0.7990759052214873,0.16806424696207714,0,0.9245997216610015,0.0873352709667699,0,1.0666062095368152,0.08224022481849706,1,0.9004635841361865,0.11300014825566301,0,0.6925158077984703,0.12012385039310819,0,0.9160502989086865,0.1832328515211837,1,0.8324456922445178,0.1502801229588128,0,0.7620218411965906,0.09198854371743116,0,0.9741844170730847,0.12557571292437764,1,0.9094201342295436,0.11188777152716788,0,0.9002157288575672,0.0931549945324029,0,1.0571419949079994,0.13862397303415,1,0.93082358029903,0.09937433840068527,0,0.8715763844626089,0.07213001230431612,0,0.9090025968131439,0.15806555050970958,1,0.568572388798209,0.07859426693936933,0,0.5961780234124499,0.0998276975639666,0,0.8040671464261548,0.0895918779898474,1,0.6146766050533656,0.12990713018982128,0,0.6440121274734057,0.07519817086043844,0,0.7302530620511622,0.11835043515224472,1,0.6619193135438864,0.2392238993991257,0,0.7072947997125809,0.11425479738652507,0,0.9505685583725685,0.09237418480345233,1,0.5948693588629513,0.12092989906447671,0,0.7308029597114107,0.1759097905215237,0,0.893126384628728,0.1182714760900607,1,0.8090786280850042,0.13267975528161238,0,0.8209962686971923,0.11088979128160896,0,0.9003272726351321,0.16425572099120644,1,0.8802023014512516,0.12523269086850788,0,1.141124459928856,0.1873796409838612,0,1.0702634144132104,0.13984662341024384,1,0.7862265283626784,0.13111404019030964,0,0.8572987109131394,0.21165236468004991,0,0.9520907480822529,0.1752112849708603,1,0.9141353525322813,0.2514333973315464,0,1.0602786731560874,0.14451528756812126,0,0.9424844634082632,0.1554529016190047,1,0.9832921580499638,0.24820609534524943,0,0.8540501395317751,0.26132222257793225,0,0.9896165065650191,0.2959709198005849,1,0.8087645781163506,0.09237268085101413,0,0.9143085387719292,0.1361409544321893,0,1.0101504665036654,0.19631834999967662,1,0.7301905679225451,0.14008938144025676,0,0.7363309190152354,0.16070110516726793,0,0.9029754034932106,0.20666807570025936,1,0.8543828724413662,0.16685712276007897,0,1.018291926614936,0.09524085847126343,0,1.2392747951221392,0.2752365737165385,1,1.0761056361865236,0.2711179885606446,0,0.8647167572770286,0.1819171758139124,0,0.9672184880032839,0.23028904419797025,1,0.8685825454402429,0.21340752504293758,0,0.8064923724875476,0.1901480691083111,0,0.6877385524785378,0.11718298868279209,1,0.6376334135081526,0.14995846483674524,0,0.5855820045031221,0.11146087641646811,0,0.7181689984381157,0.17326707908351655,1,0.891132530423584,0.20787633959331933,0,0.9221247115563411,0.2422903646622512,0,1.0871219524228646,0.21259615907552384,1,0.9654351497920679,0.18653333156657642,0,0.7719110417893417,0.20350051459153784,0,0.9521715553665311,0.2640850847739647,1,0.702947880795566,0.24533491863957338,0,0.6863249098950112,0.24396748818541522,0,0.9175572944712658,0.2738248746495922,1,0.7189202891696398,0.162121421573858,0,0.9607143266543774,0.15920300945457783,0,0.9479220066445532,0.17038376999197574,1,0.7257588105783316,0.1568219732644807,0,0.6742804324651376,0.14921913020544614,0,0.9557437295769988,0.20251363747863127,1,0.828224781329347,0.26205891117090574,0,0.8135131270495659,0.2115172218120239,0,0.8642398936764527,0.17487953267696252,1,0.6071855527652016,0.1409121803368391,0,0.5579442741412525,0.13832331520969607,0,0.8591748513552282,0.20922722471598965,1,0.764204255880411,0.20476115446536786,0,0.8070243855042204,0.17281951438299858,0,0.8565853476954812,0.33458120846694345,1,0.6320958548795106,0.2069665047908835,0,0.762448513597545,0.28217933415692653,0,0.8347750440398942,0.2643767169478866,1,0.6925808093137735,0.18498830605687336,0,0.6992269570385655,0.22083227741239939,0,0.7921480884710068,0.21741837642768036,1,0.8686857204251366,0.20598551801072398,0,0.8043588559544957,0.180770130780153,0,0.7221617589922021,0.24200783190479871,1,0.542239388620293,0.1775080283885248,0,0.33250486926703604,0.14765560674610564,0
111,500,0.9,knn,0.8746614055521938,0.007990912923109194,0.6488856986975234,0.232621202605821,0,0.7675821056242771,0.5911441582192188,1,0.48925239061425374,0.45208826449199,0,0.5558311452789649,0.18428560962182738,0,0.4975202847852421,0.44897552631548104,1,0.7331259996078587,0.4464285849787553,0,0.5432852646402049,0.5370392770494979,0,0.8940644198838404,0.5585881039326545,1,0.5639795756105962,0.4449902848449473,0,0.562318524002696,0.5072503731113591,0,0.955474739524648,0.7044317493386214,1,0.7846885527950279,0.6553910631577403,0,0.5083727312049909,0.71391227003849,0,1.2311786713751867,0.6941025049609706,1,1.0434019971226447,0.723151762037749,0,0.9041004096908706,0.3820198329694026,0,0.7589511099564075,0.767199799646398,1,0.6407950889245865,0.8408640250256821,0,0.6687779914902331,0.8892111098362956,0,0.4379135555069532,0.9867003415600772,1,0.5700373177875285,0.6718025393122914,0,0.6516208007279902,0.7249517115856976,0,0.8947955138310852,0.5099700317187428,1,0.8451699382305227,0.5711152946211296,0,0.5607746069097109,0.5706745887157946,0,0.8799207226619273,0.4755535100972584,1,0.502679584976749,0.6194767237804445,0,1.1118865549469326,0.6549501264515022,0,0.9270361789293984,0.5329526230878727,1,0.9061001419459046,0.7280745466784305,0,0.9995289325360517,0.3978857780411405,0,0.5365111628547157,0.6007987818665057,1,0.6712878401791935,0.752886778831732,0,0.4288209654482805,0.49940660974778206,0,0.5093239164288319,0.4090182277942187,1,0.9430307755713436,0.6229441476069851,0,0.9697286618242854,0.45770976704995037,0,1.2634979569311022,0.3309637586341064,1,0.5431026998535298,0.4332859465488488,0,1.002397718363069,0.4831020892406668,0,1.1375745151335717,0.5269017887004166,1,1.0483861568933193,0.7283385064271652,0,1.027789488531624,0.873827130384392,0,1.1649373367484572,1.1735922548201463,1,1.3112781312037902,0.8548120877308598,0,1.0341737030347498,0.8411326473869791,0,0.6440530732955795,0.34327743223907764,1,0.8949623495893068,0.4317097747877038,0,0.9836918541609101,0.6524954030321635,0,0.8364362251283926,0.5416825174457172,1,0.5678928363446164,0.5273694364266766,0,0.23188555531255842,1.2676152332158142,0,0.6234292497610321,1.094368102275748,1,0.877458590830656,1.16819651530623,0,0.7800494651568399,1.3095114552612646,0,1.1743082213532594,0.8970931906433758,1,0.9729405092941418,0.8402557850124571,0,1.0881996730888432,0.46971960955064634,0,0.8697128450060738,0.6189865106339622,1,1.3298296579686308,0.580775528305585,0,0.6806514389747662,0.3560701831517092,0,0.753833840666571,0.612605217408416,1,0.686431170860397,0.522389640668246,0,0.44018963709503317,0.4756020856300747,0,1.2576490642115972,0.6308287782746891,1,1.0668980558798258,0.7305391796331425,0,1.1310455060537912,0.6019879839885518,0,1.136757866394484,0.7707908501187297,1,0.8217266189059329,0.8803836114467073,0,1.106711902161165,0.6680701939665245,0,1.0774317683891361,0.4223839036517324,1,0.8064834833784111,0.32978515781000944,0,0.8210554054982395,0.7688271674715812,0,1.429666985706193,0.44547391717998297,1,1.3806745102271247,0.6003406408794864,0,1.2865815218502743,0.6818218837947182,0,0.9598309944752925,0.7064935860506296,1,0.5848705918299929,0.8800476836326842,0,0.4008955773779725,0.6544636412580596,0,0.6363958183109919,0.7059912419058954,1,0.8356876202304179,1.0014788933214769,0,1.109605984546628,1.07402494155102,0,0.9695672308960667,0.7767243334844444,1,0.6035814327340981,0.590006915559829,0,0.5057756198891492,0.617136144302114,0,0.5970037943215288,0.7565916177125563,1,0.5477082913895959,0.6297191450202704,0,0.7003601895416576,0.7172144081138924,0,0.43509481604775235,0.7297998338720288,1,0.38081874828164397,0.790348061470417,0,0.15934472670933253,0.7292240526181115,0,-0.014623424145378261,0.8857279043483854,1,0.2371912881304718,0.6908074568694048,0,0.1324473474462269,0.8657098413025234,0,0.7213803494692107,0.81951251012553,1,0.3949781265026766,0.3203109482044028,0,0.6337159852812888,0.3612746433550114,0,0.8543670462674029,0.9929958489947197,1,0.49075763641846865,0.6528299608835767,0,0.11535909651311509,0.45502264747110377,0
111,500,0.9,SuperLearner,0.9916430719875986,0.0009964424417321313,0.0021230994615549746,0.0039089621641370175,0,2.0726658343153024,0.7939523958345294,1,0.21964034986198183,0.11696533731519848,0,0.04138826854442845,0.057640281110222236,0,1.539090064706349,0.6548534280048767,1,0.019816590269997957,0.03728831502024849,0,0.09246480655959179,0.08207677425734591,0,3.7632128896532593,0.8010188262338229,1,0.13396631656592475,0.07788043325011469,0,0.005510001229639067,0.01882226519153857,0,2.2188076717692526,0.34749230467107844,1,0.024785596942535196,0.03131700870799235,0,0.002606938148517773,0.012114424687336678,0,2.7766346371546646,0.6629361199546506,1,0.058214788355218684,0.04699296280983178,0,0.0402301901908898,0.03166927692698387,0,2.4724897316076513,0.38256798775557266,1,0.009256323009432594,0.023197073086303442,0,0.007446789914147859,0.007074431321685024,0,2.224273529077588,0.2694351711336455,1,0.23794442245982692,0.13491087484746067,0,0.29028891702579296,0.177356124416624,0,1.0882196168718585,0.1887852041295955,1,0.08803143474702244,0.06815839088722621,0,0.05701660052364983,0.09697007325914425,0,1.4704191441770589,0.5352199054544278,1,0.02014185293753317,0.03471902468488249,0,0.02138797755717405,0.02062460397321221,0,2.879012143180641,0.6477213137730284,1,0.03673321125075495,0.02044346170187692,0,0.01728469849967118,0.02014847635025807,0,1.388162409506636,0.4220077526757008,1,-0.002746871751010832,0.011805442263996095,0,0.06935777540375387,0.07585487463129792,0,2.1624387425466116,0.47488955660103727,1,0.05338950311435311,0.07082782198373792,0,0.058472049369770185,0.055628038790029435,0,2.3119904355211447,0.41322249811324346,1,0.019513399015683934,0.014696072155896094,0,0.02920434381197301,0.04306451530421978,0,2.3845925019937213,0.44800566643493767,1,0.012589177082197681,0.021943615222287625,0,0.04832090998650712,0.054119403338967524,0,1.932192817733118,0.516404134992035,1,-0.0029501824377783665,0.03229281303332775,0,0.02675033025334899,0.05230797738871601,0,2.2845174965055834,0.5687352916511705,1,0.0494820498152199,0.07080325579900783,0,0.011083849312658487,0.019921919350914672,0,2.041171224205864,0.6646635775045528,1,0.0244081999556001,0.027337988093247757,0,0.009545239877045046,0.01640750994389721,0,1.7114422459050291,0.3007208669659999,1,0.0053892556218944464,0.01925340138386487,0,0.1919873932723971,0.12256247219761411,0,1.0651597097682435,0.16222324257820706,1,-0.0006915834557679861,0.018256611021023418,0,0.0007005327762167045,0.011525893151151384,0,3.292968255521079,0.1630847154340074,1,0.08548697116792095,0.08330898337851686,0,0.013186111742706577,0.033120217673427294,0,1.6134613797449677,0.43113274358245557,1,0.052452944104235344,0.05501805341228604,0,0.1824867982186124,0.06250563374044443,0,1.8707235100042106,0.49440770385140864,1,0.02191987927873215,0.026922725057834516,0,0.17420942243196513,0.08249587933361767,0,0.9519207832686067,0.2432100532012865,1,0.16451885517856266,0.14416738049366562,0,0.05563616061458054,0.032754699227819165,0,1.9073154828074697,0.4836036693243247,1,0.0012997433733229348,0.007005007876335908,0,-0.0045890436514549535,0.010108249360627588,0,1.541114195496353,0.522162393876939,1,0.06418890122181535,0.04696785220399478,0,0.05234477358884708,0.062079604797023964,0,2.664856575661038,0.8971602392427497,1,0.04731046722378561,0.07299858605606495,0,0.0030611165740343726,0.03728289585837478,0,1.9310546287194004,0.6392421169285806,1,0.00579549933889581,0.014904654413438747,0,0.0685958061478254,0.10073158270507843,0,2.208295470334185,0.544519959200537,1,0.13151408554291952,0.10959143609425447,0,0.4065094751741424,0.21383624657840314,0,2.5041976672987394,0.6093574365534385,1,0.04548793941769645,0.045830132211010205,0,0.2118159655475905,0.10459186492718694,0,0.8073074761114668,0.1395464783869895,1,0.02364769285742236,0.027130411273228114,0,0.04678188737923126,0.07603619372101539,0,2.0730290148162402,0.3743567060350174,1,0.011309619435575962,0.014338254498668296,0,0.030645014707349504,0.04456460818001004,0,2.1662321042643167,0.5964969253287923,1,0.03252488176870941,0.028329624889442375,0,0.021404058007922243,0.03191795708107979,0,2.207877079989306,0.4176084468103496,1,0.0077393815961957855,0.016278361667754503,0,0.013352761189850817,0.016218404070723128,0
111,1000,0.9,lr,0.9938023883146447,0.0012824687574227913,0.07164184841487141,0.026759396529720356,0,1.477330075713572,0.393467820858161,1,0.003571099776695958,0.014930773566242108,0,0.045268558286550895,0.03802362562240234,0,2.527805320016429,0.2865125907354681,1,0.020283109793940955,0.024867987521860032,0,0.11809947354223874,0.04333604254812367,0,2.6920055449124747,0.3262414499755547,1,0.010927822865134728,0.022454034852621298,0,0.0027963471600883066,0.005037708203685608,0,1.4881383869790803,0.13195230213884807,1,0.019761991546675673,0.016698781933037164,0,0.014297315300685589,0.012549861216499467,0,2.205019190020523,0.24949447826287668,1,0.020127078465624313,0.01833922692171746,0,-9.95279995662339e-05,0.00795706175130536,0,1.576079637029071,0.20437408769380772,1,0.015019824389147316,0.03593748873249832,0,0.0008002416445568731,0.00534980186301679,0,1.8079214102348282,0.23253948105403127,1,-0.0009932736193123844,0.0065983481852098435,0,0.004030219447323788,0.007790231194895197,0,2.02656467710429,0.2779807363929763,1,0.009944781711081489,0.013219080219979692,0,0.01768509588740057,0.021848579373088418,0,1.5796843750154743,0.14206418988992014,1,0.005984359891458983,0.004684224425673689,0,0.050573999669264125,0.031082496023846596,0,1.68297422749225,0.20437674211959836,1,0.011262997184972905,0.010753500898187794,0,0.005934407585615092,0.006129125313148033,0,1.823016900485331,0.3060202279213763,1,0.02453538030467415,0.028925630731489526,0,0.003196859201469297,0.0073008003215750674,0,2.4006983666802215,0.3535596622308971,1,0.015014238844135209,0.019756676963742118,0,0.0013513930057093436,0.0048249551033218855,0,2.1383753606257265,0.2535258314145017,1,0.0233529106280904,0.040041078046931904,0,-0.00033954773058996536,0.009328583653228325,0,1.9157143688830995,0.37212369902148124,1,0.01281981702346249,0.03626092411591011,0,0.011839283376634906,0.02640950876380869,0,1.3286522150142008,0.3479628669422839,1,0.02491777914035922,0.030824239500336862,0,0.0029625733023167867,0.009492165427875725,0,1.8831487027304568,0.42702869419737843,1,0.009607039606822519,0.017181579810026413,0,0.0048606491166538635,0.01226738339738801,0,1.8629843970151518,0.3064205094329613,1,0.030025868701406676,0.03171530697107373,0,0.037905083815426135,0.04077213892075427,0,1.2342523420638796,0.1299273204790406,1,0.01725611089933498,0.017553031621074314,0,0.012704062751755982,0.01609613843698973,0,2.397989766959646,0.06997605574816758,1,0.0023584480975743513,0.00654629163676354,0,0.018536539751312208,0.009103210359049308,0,2.6667436485053373,0.16622937527306217,1,-0.0003606780249477509,0.004240206608343434,0,0.026514651389977835,0.03345638495513563,0,1.884354450291474,0.31854366793590627,1,0.018419513927437417,0.01147407113571355,0,0.059805596507849314,0.045293170480108225,0,2.445530560291511,0.3614498341512348,1,0.007913362503875648,0.014455597321725138,0,0.01298272584989058,0.011638781136844144,0,1.5654152696071553,0.20967386476201338,1,0.039765942572290706,0.028981568446732955,0,0.016291953581880732,0.019577470360514174,0,1.8958017835882768,0.14683608937565,1,0.009812566613103388,0.022196206317831427,0,0.016629976611300237,0.023169527949856758,0,2.1394669631646885,0.23699261480943218,1,0.01983188425929653,0.02206563431328335,0,0.0028862613426755956,0.009275268793853715,0,3.1114304855294193,0.4026907533268683,1,0.0814375404899744,0.038059837245602766,0,0.003061589081556488,0.008540699677791481,0,1.8447169575679219,0.39798315010266827,1,0.004528450691147648,0.0052439638897831126,0,-0.00015756941132774065,0.00613234011571786,0,1.9575160743710338,0.309163192230776,1,0.011763385090172546,0.012086507584566416,0,0.01184492889026027,0.013529863169426538,0,2.5854829047456453,0.14959702208583103,1,0.16530465543093897,0.08164194880325715,0,0.16675840537390482,0.06470868320084276,0,1.7559468543576124,0.1811752206470774,1,0.006256021359967223,0.006972399537808922,0,0.002612690454275196,0.004286495434881227,0,2.3579910820253263,0.3796394143201911,1,0.016835026756754447,0.021735202699934206,0,0.045705031994314436,0.037682359794187825,0,2.0573209086531428,0.41015294814886233,1,0.17368024826083675,0.021379305136037818,0,0.17301957157562248,0.0669024941122436,0,2.995666682328674,0.22781702996322992,1,0.005707596968762706,0.01196002096826606,0,0.03709679973700062,0.016632533042185812,0
111,1000,0.9,lasso,0.9514740481123198,0.003928040627428505,0.0,0.0,0,0.8454424815426055,0.22426604399529265,1,0.030431291113913884,0.05021127944951154,0,0.0,0.0,0,2.094910133742301,0.3939984400287194,1,0.23655005591016315,0.4136597017383449,0,0.0,0.0,0,4.205398443195313,0.4605003353639255,1,0.04441892921602773,0.08883785843205548,0,0.08503207842236445,0.09238004017904652,0,2.994527008185557,0.6246609618720197,1,0.004376072426964783,0.008752144853929566,0,0.0,0.0,0,2.388433385357732,0.2902320534894278,1,0.29372366315263415,0.3763688474148997,0,0.0,0.0,0,3.7874543412721167,0.7762701332532306,1,0.0,0.0,0,0.0,0.0,0,3.8356253992138187,0.7779416352196602,1,0.0,0.0,0,0.0,0.0,0,1.0938364806351886,0.12599953360722968,1,0.22166069396414606,0.3335154250644532,0,0.0,0.0,0,2.8961750022846044,0.5878410369739053,1,0.0,0.0,0,1.3133393594554832,0.4879510935595972,0,1.983048059395775,0.728164644041506,1,0.0,0.0,0,9.354061360343025e-05,0.0001870812272068605,0,2.96651530563071,0.8089002819565473,1,0.08501694355366113,0.11525820299145755,0,1.4145914346240098,0.32146841971327306,0,0.5602116480136801,0.3295445200479146,1,0.20361178779778913,0.14169065496987057,0,0.3925838754767064,0.32927980248275934,0,2.875408773310293,0.5366932316836017,1,0.0,0.0,0,0.0,0.0,0,2.5306676591655997,0.5517514873231366,1,0.0,0.0,0,0.12373787866848356,0.11248979489013944,0,2.3462672319440174,0.5020082866718221,1,1.3923628806724964,0.5785684566425423,0,0.8314642500595703,0.27868321828269016,0,0.0,0.0,1,0.00018450660951270238,0.0003690132190254048,0,1.6869536488555952,0.3649610796351232,0,0.4557946499441489,0.28947446435789254,1,0.24965286586468202,0.24306252936841038,0,0.8324239679185688,0.6168568639258166,0,1.765888901591301,0.6040659687944133,1,0.0,0.0,0,0.0,0.0,0,4.647668308156315,1.2321087927444692,1,0.5554509695670956,0.3870069652232811,0,0.0,0.0,0,1.1664765724765287,0.33078618447488906,1,1.366756941341378,0.4418973233638796,0,0.33920592081026696,0.47087958441882605,0,1.8880068944537647,0.6110398109398186,1,0.0,0.0,0,0.07354335335776346,0.1299661909710267,0,1.4523313843208379,0.3280558606588256,1,0.011850686533434903,0.023701373066869806,0,0.565350858359259,0.1593412900419556,0,1.7612508246897431,0.5390181235843221,1,0.0,0.0,0,0.0,0.0,0,2.9818571628376604,0.5440919408580084,1,0.0,0.0,0,0.0,0.0,0,2.8884515873092633,0.2923547037881841,1,0.0,0.0,0,0.07295299249189917,0.11416518075841646,0,4.229047582354281,1.0153631563802565,1,0.0,0.0,0,0.0,0.0,0,1.8047198232417372,0.3741958238031549,1,0.05457916240459937,0.06902899959577659,0,0.12361913137604932,0.1351344902653946,0,3.1696982144865222,0.7491618985886861,1,0.0,0.0,0,0.0,0.0,0,4.382005858477957,0.46483688832614967,1,0.006540326461593665,0.01308065292318733,0,0.05111711028064074,0.05846599016452628,0,1.9113700438235277,0.2625020872321917,1,0.045777429765749396,0.09155485953149879,0,0.0,0.0,0,2.3229559497862833,0.20860338823721283,1,0.0,0.0,0,0.0,0.0,0,2.5266146145059336,0.4949471295944818,1,0.1511051404102583,0.21518882325193464,0,0.4110694581508623,0.1676166350829424,0,1.1464718830225822,0.3467512185870716,1,0.0,0.0,0,0.0,0.0,0
111,1000,0.9,dt,0.43832276133463166,0.10449135363221604,-0.046172749633358365,0.4991107354885329,0,0.21563400746491715,0.8288094532976971,1,-0.06912536212112433,0.33504373473041626,0,0.7888274395480724,1.0370775679827258,0,0.9144227251459013,0.5845391660413793,1,2.596133944550833,2.904736354206603,0,2.9135217512401055,1.6904916196475108,0,0.7368255211024323,0.7329185871367987,1,0.6311700932505357,1.0145372809958717,0,1.4781791254786574,0.8454129369895692,0,0.9716771930176943,0.9001711809703917,1,1.0335638379442817,1.8228016752340068,0,1.329312602229212,3.462600370197711,0,1.978491531348821,2.724377086188606,1,3.7342184790418833,2.1760213072351284,0,3.133494162654999,2.1084217857483782,0,0.2112474785886506,0.979403610933576,1,4.118097515824302,7.787487116487626,0,0.7308506943335116,1.0121870000908064,0,10.261985407176068,7.54659240948703,1,-0.05517696803330938,0.20304172690129169,0,0.10104864397574198,0.44983795009821687,0,0.02392117215123788,1.3970464534950457,1,0.8327547704847887,1.406626369935507,0,2.403661095340736,4.686294342360869,0,0.48132550212033387,0.4208121498803514,1,4.737132067862593,9.140187876888794,0,1.3275431190198916,1.7657318535104949,0,1.9251943556855977,3.1562306302158185,1,0.8557929256638527,0.8431628082093113,0,0.011882926622720141,0.6356153668361207,0,4.518787328882806,5.998274156879615,1,7.154977760379049,7.250298587055002,0,5.316307480801431,4.801265567729293,0,-0.30901317002289985,0.6180769432363367,1,2.498978725023539,3.0440714196582523,0,0.9057403798917374,1.3957527087568613,0,1.3757547128785388,2.4775077289265464,1,3.0026010081021,2.9461347220107115,0,0.7269273160756463,1.4923817470351866,0,0.3257500137656926,0.3578516099059246,1,0.007422503263287872,0.149977061818384,0,1.5616924206284615,1.9772961055665284,0,1.4865429143796813,2.713925556402288,1,3.480738755331555,3.2802981108722142,0,1.9841406940106041,3.189244467409654,0,0.7148025959972197,0.7241926181731898,1,1.0667606424542084,1.4411615629586882,0,-0.4012947940026413,1.4130808611428065,0,1.6681852682287288,0.529812859027853,1,0.4037303896494878,0.5728136998445884,0,3.741472933725774,4.8310047800846405,0,0.3059954574487388,0.49332173398749063,1,1.5759935785387726,1.2984441948560033,0,0.5881504548361602,1.151840478145635,0,1.7789760449407936,2.610757643701268,1,15.133444193791131,9.286408282087134,0,4.525024310881279,4.121318501906235,0,0.5925022215654936,2.727192721912915,1,4.447614412172993,3.3631056924418754,0,1.3973813558456605,1.5586432915250004,0,0.9837970320511932,1.2451515033575695,1,1.1768590746986045,0.9617370819973172,0,0.33381117964573914,1.8333826859962241,0,-0.0834134819236018,0.21653533507106223,1,1.1663460992088026,1.5788113290880996,0,1.4253971626633166,1.3039315108031007,0,1.1281135512298055,2.0149206741665857,1,0.20946799447972841,0.7264361920717272,0,2.6227387339731005,3.4472201444233077,0,-0.034645909771794894,0.7318216917596032,1,6.300545910473628,8.187788526592914,0,-0.013016423940685973,0.2224754870847052,0,0.5503812061708484,1.24170293647321,1,0.2901162590032229,1.0439787276890353,0,10.31793902746027,10.363127491533945,0,6.207982556656454,4.007257889924797,1,0.17266286569616235,0.5229080971493223,0,0.9617356013914466,2.0244504516440673,0,1.9431844850434672,1.8702986473081185,1,3.294962149954702,5.91285780607317,0,2.3610971760981045,2.215173233672697,0,1.6868519295317639,3.394187456012219,1,1.9067357699875895,2.3006307571506257,0,2.3424873494760083,3.572927191273966,0,2.9848187334367386,4.098881731542547,1,2.0502611567965277,2.832862921996027,0,0.9045296703988811,3.03550708734197,0,1.5632997405778608,1.210981909354207,1,0.6576147766708725,0.47633425845002125,0,0.8050511322487737,1.325805922163312,0,1.96205078750151,2.7162820911377312,1,0.18568863646109038,1.0265805820943614,0,0.5676683187385437,0.9042218461159791,0,0.5048065959476415,1.0588289206564927,1,0.6415399539989652,0.7973538352936214,0,0.26452252490444095,0.3122193913626577,0,0.5508478719012085,0.4058954443211087,1,0.2948162030184625,0.752875804696983,0,0.29848392725426615,1.1303764869229356,0
111,1000,0.9,rf,0.8201313293683794,0.010477225295257093,0.21069057179892065,0.09398426237431168,0,0.2524383590281238,0.07126453902985724,1,0.36426363315520816,0.15281784720593886,0,0.3553606293760721,0.05836194587773182,0,0.458075114237989,0.15718137065672588,1,0.6095266607331178,0.11106715944860733,0,0.8454505031257605,0.34840641954278295,0,0.8317555746722883,0.21431371067468882,1,0.8751989458777313,0.2628156297627545,0,0.9542771666507557,0.4109393711394326,0,0.9954420147189419,0.15283378217445548,1,0.6388017096103112,0.3336533878769584,0,0.46319344562265635,0.07825283164549429,0,0.7330154380623929,0.17172873209121312,1,1.3277292122940758,0.38760556315280503,0,1.9942058534776173,1.1860985586961552,0,1.8051023899928638,0.4291626124930021,1,2.4374123597611472,0.7897848236793873,0,0.7738165774232335,0.413714069262698,0,2.8235777903022434,1.0238511848031577,1,0.3152554220150634,0.24757918901110623,0,0.3234650623856546,0.14949351458200716,0,0.4193258100937182,0.21456892756365134,1,0.5707982523510434,0.21184073289599298,0,0.7184830031874948,0.3178247840670825,0,1.1841609923524161,0.6331481139023698,1,1.4071002691208898,0.9154288692063344,0,0.6657447098364729,0.16154184727886506,0,1.0192751886310711,0.5301077448099198,1,0.44958486949997595,0.1400714792859866,0,0.49643654103489443,0.19661083320216285,0,1.095009698886716,0.5270191388841384,1,1.7097656111657908,0.7480463055652625,0,1.183147134580453,0.24961391504684355,0,0.826432704236586,0.24578769677994725,1,0.7108192738995136,0.3145166523501799,0,1.3337817969857064,0.3984013005989264,0,1.1259874290382283,0.39804675846617366,1,0.6545814382646234,0.24083307826464098,0,0.4412975235526947,0.23857551972508226,0,0.6563664543761479,0.1454720527773793,1,0.649163941203958,0.20905677261401753,0,1.096932312198495,0.1812521162558775,0,0.9984881026066772,0.2647332803633858,1,1.0272218611544426,0.4911591971166976,0,0.8228066856391211,0.30000437403097796,0,0.432768221496603,0.11791367024780561,1,0.7489426642576495,0.17080345482893006,0,1.2799603810820062,0.28901305757475326,0,0.6135483150638985,0.272331442627197,1,0.6256585118308141,0.12155673360567555,0,0.784544173386996,0.24730903690970318,0,0.6865550748484524,0.07495475428003974,1,0.6297068302352213,0.25651123605974707,0,0.9469454762601694,0.4556578697845666,0,2.093408769069858,0.791926963493889,1,3.2697269097628463,1.1245445229387179,0,1.8709543046494197,0.9878389477333555,0,1.135864475249306,0.5366432824763354,1,1.4226519315569675,0.3035013281775002,0,0.6748843509641713,0.23138404746592486,0,0.6681249384199551,0.31248914585982335,1,0.4180774055964447,0.16836552385476383,0,0.3962155424709766,0.1687752560074015,0,0.4444285281703416,0.14009636473041756,1,0.547818717585522,0.24949303359573444,0,0.8850792818606742,0.0981439253475017,0,0.7869668382391058,0.48153944231543516,1,0.33018434902574817,0.05281092951165965,0,0.6454684450153179,0.19314099266264334,0,1.079009383258602,0.33176345408856184,1,0.5596099044500796,0.24720025520355138,0,0.9497673014801318,0.24593753471109478,0,1.2919598921621624,0.5194033812391555,1,0.6401964693982164,0.18633746995669795,0,2.13759532222364,0.6707450353143207,0,1.5331991116652912,0.41131110957884953,1,0.6532839707274166,0.21383868361010439,0,0.6412499709662411,0.3405387025376675,0,0.4545446695728514,0.2925908753950633,1,0.8107731289166992,0.21895591407972814,0,0.8578366306382312,0.4521410265154938,0,1.2689991746369804,0.2723095527329705,1,0.8526872345568073,0.048992309361694186,0,0.8128333655075352,0.12435516615495329,0,1.7663828972390099,0.6288212389820992,1,0.965019563733256,0.1690958514791864,0,1.0034757337732363,0.18185441051500853,0,0.683196030380874,0.18918391634020348,1,0.4223611205352449,0.12953405610922059,0,0.6307448872999115,0.1070058352392609,0,0.6755982577216071,0.08738457218155836,1,0.3435356191278477,0.07868097342994289,0,0.44038042910727704,0.06187386079806934,0,0.5878585647955863,0.05904421468996825,1,0.27616797422313255,0.08552007229566995,0,0.3621011561602453,0.04244911464358769,0,0.3297370311332811,0.0669203207604075,1,0.21376761989388973,0.06498530563170583,0,0.09023716719253569,0.061077201358116645,0
111,1000,0.9,et,0.8399761538586759,0.00526779029285546,0.16530136631766074,0.06422696181449071,0,0.36551770663785577,0.08552011954453625,1,0.2863155385768238,0.10615836525979169,0,0.3650741211307499,0.11713648957917408,0,0.5107512056938802,0.14514573576030354,1,0.6377626583776722,0.3174283660822238,0,0.6272249589310515,0.28456158944324983,0,0.9158620884104749,0.25882194131209496,1,0.8737562848559882,0.5118049848941602,0,0.8198776898890205,0.24549285436327925,0,1.1864333615447096,0.3056257842503219,1,0.6472837199974387,0.27064445263941195,0,0.4547126289420106,0.20506428449462746,0,0.9513261787339878,0.20035096760466234,1,1.4207746993384287,0.47293023031726916,0,2.107419815414258,1.0100107426703573,0,1.3228083589172066,0.4580950848056523,1,1.643383617776903,0.5631856863538852,0,1.4180677924342577,0.30780046872254824,0,1.4881640219283303,0.13373588086110585,1,0.42313581534988476,0.20006652182767204,0,0.35903448143470024,0.19510517045299908,0,0.49663571664948025,0.2935685201719176,1,0.6116574626043176,0.34062945963966895,0,0.5526057948057168,0.3271314664194405,0,1.115224324556778,0.43700001134443356,1,1.1229212358494327,0.3853627572277848,0,0.8112363509017488,0.28716479434792624,0,0.8525542638731917,0.2535102438957864,1,0.4561691622339198,0.09999899996006172,0,0.7986709936846774,0.26609742431464356,0,1.1992094035014162,0.3776479636600817,1,1.4670001382016977,0.5873406520469857,0,1.0400225619918637,0.17518684734090398,0,0.671932300626145,0.19306472615565304,1,0.7431307455808686,0.1830449238875939,0,1.0916307145288004,0.3276812528073705,0,1.1035872869703602,0.4989772753609286,1,0.6480608447886732,0.19001356417085757,0,0.4775971280186143,0.19182813799307266,0,0.72868890724503,0.2290571403561445,1,0.6797195701484153,0.17521472072477415,0,1.1906725522549144,0.43354107512735607,0,1.2552557194773555,0.5642927162642931,1,0.8456170603221643,0.42590057197049347,0,0.6932053868177485,0.1645015991764668,0,0.4873343204996174,0.19906636042675363,1,0.76399852367948,0.22290468380966477,0,0.8736046074683316,0.1899368773847606,0,0.5570581923555771,0.15863126193760585,1,0.788581477106131,0.2203619245976909,0,0.8536506497666385,0.26022522251251146,0,0.6585660427936517,0.23999794412616995,1,0.6206566598565344,0.23682363859029432,0,0.8155421294600458,0.2739540821085291,0,2.2556139406321982,0.871107705752274,1,2.691452131059086,0.8587045673036663,0,1.7896188141076101,0.36732199677426103,0,1.4284298823803199,0.35244565379297166,1,1.1084507377042119,0.3128809210574781,0,0.7581615283958062,0.2757422050744989,0,0.5931794811244706,0.17032873730027642,1,0.5445327791853167,0.17179189395117908,0,0.38568723620597606,0.08218930841751454,0,0.4179019418637182,0.21846560360514397,1,0.6037204602650386,0.09391203410508506,0,0.7483491489814879,0.15468082204035086,0,0.7700249394185215,0.27845910565176807,1,0.4446862175104661,0.08400115895120609,0,0.6282606761435787,0.1665715178332236,0,0.9309082518747454,0.13584728118813016,1,0.4534455410183195,0.13287446131997588,0,0.9342014506194225,0.370171445824915,0,1.1065987650267215,0.28508269681992665,1,0.851130021489136,0.2726815165011158,0,1.700749872753215,0.32629920314500277,0,1.0158779740526538,0.2825026930034759,1,1.0613026152535365,0.5195877954233475,0,0.4574742988209546,0.07709888202261592,0,0.7678799193842852,0.3057442115567791,1,0.8594741040200609,0.23415754680691023,0,0.7938371907256376,0.35170754720365,0,1.242392443727873,0.32602380332643505,1,1.0382970322370135,0.2618924652934032,0,0.8525120047263004,0.21357648561035916,0,1.7996636111395077,0.47916454749658055,1,0.8176518154893786,0.22538689022664687,0,0.8340592635318389,0.22107578932456706,0,0.7108600496550703,0.1549578630995904,1,0.5633448135337729,0.190322210054054,0,0.48367075207391225,0.10186093297602863,0,0.5819165338006315,0.1384291891919499,1,0.4646417869960996,0.10885719853379378,0,0.4132617854176684,0.04351124629220469,0,0.4715428336645763,0.12155739427910241,1,0.32099445510968366,0.1066766610989563,0,0.4029301052158251,0.07231829696013138,0,0.298776920561826,0.040827388833999154,1,0.19364534124942537,0.10156775332602036,0,0.1458059017142734,0.05485685112909425,0
111,1000,0.9,gb,0.8904292257344549,0.009489045058310377,0.2966839620275918,0.28923789569539965,0,0.2657955369701492,0.1611581248348861,1,0.40398279160954526,0.308255975894748,0,0.189962129401764,0.10276129782556878,0,0.9528634967867694,0.6532521181671527,1,0.795582223947629,0.23918368036184792,0,0.45619442073938454,0.28920559033598603,0,1.4980965997068971,0.4587594689938877,1,0.5139875280710462,0.17035247172710646,0,0.8157325859170246,0.6852472264542683,0,1.784999991128006,0.6407733779927305,1,0.21577164572810487,0.303759558118854,0,0.1367590487836926,0.10853467920234658,0,0.843016414933064,0.663756942908523,1,1.5445595916357304,0.4534883402281463,0,1.4787308950970008,1.3208994987824683,0,1.14841175452069,0.43715458443352806,1,2.1382414053646777,1.394949216822287,0,0.378031674467072,0.29671022045647816,0,1.4559841346400852,0.28710618461198667,1,0.15913093711076648,0.0758548455757454,0,0.15592040923568184,0.0976058429399038,0,0.6026879447506444,0.10530037341416386,1,0.5085506567177595,0.346163858781169,0,1.0392493905478648,0.4307661201563595,0,1.214955725400167,0.6550277228036528,1,0.5611996899536551,0.5402048901878356,0,0.997804857549672,0.5687164171367954,0,0.9198456988263368,0.5193990379638297,1,0.36394582321935837,0.21089318028144968,0,0.3978018395753992,0.34745709419237775,0,0.6670205028550291,0.31794094851557675,1,1.6502105281414707,0.7206651823667699,0,1.260559373730369,0.5729148882512923,0,0.5910858406493434,0.29950113395830186,1,0.4964007895944521,0.3743527218477549,0,1.7862126642523033,0.6664713955250641,0,1.3216582930986458,0.4462532105524336,1,0.286251676819022,0.16947399669254276,0,0.24558575064354238,0.13059597992428243,0,0.4297001181381592,0.19409807949181948,1,0.8119169701193669,0.5525233649780711,0,1.0237212679456253,0.7829928321153936,0,1.0510671631467443,0.43198962251384665,1,0.8514048623151436,1.1003101302950464,0,0.8378038565406207,0.6240832315338424,0,0.04920590941888505,0.05711336184007667,1,0.8286039581114537,0.43933199236253295,0,1.6839848338325383,0.3913122324030177,0,0.2196069493753882,0.10431541220150385,1,0.38051005359175527,0.20035656599907728,0,0.6724845075210364,0.4359135568237174,0,0.5861907608601709,0.2610577256980948,1,0.09321106595203801,0.08524558841715586,0,0.24900774615870977,0.19937856233090787,0,2.512162293643111,0.8267706019540867,1,2.6136512658318107,0.7986394477112974,0,0.6284256417125856,0.5529589320422874,0,0.2726230275661342,0.2309016816764471,1,1.8597054242171254,0.49671223355361854,0,0.39861264225053095,0.36816408821896385,0,0.88911524568849,0.5210294589821685,1,0.1823829134806628,0.11722213438945343,0,0.26555586782983537,0.19464976274421034,0,0.4376323909607033,0.257331695357088,1,0.37483523513169137,0.11739039503664501,0,0.5495118524176801,0.23546144776906575,0,0.8345194643737497,0.5210792331788562,1,0.2701602253182937,0.18283181251562938,0,0.6140898711169457,0.6154780771541788,0,2.010378425412222,0.3996676976458619,1,0.2896278210542683,0.26606427857333265,0,0.4021869599614919,0.13076442880071262,0,1.05330343731294,0.37286670796816207,1,0.15364570889264362,0.1446801654944083,0,1.4466003982579292,0.555821447160805,0,2.114495091007614,0.7756702691620273,1,0.4416165978499789,0.25466313087144954,0,0.5231542093730823,0.32855582990634563,0,0.5207747936456661,0.24014126123888507,1,0.4442207538392834,0.23895741625286357,0,0.89902738315901,0.23155618278173692,0,0.7560913948532781,0.4041677642165543,1,0.600536881467898,0.44570349302662415,0,0.6318411991798036,0.3505068257240795,0,1.4755505969663292,0.6290481386528602,1,0.491827836908225,0.18302153606377974,0,0.9624992193187826,0.1982019143244976,0,0.8845751899457961,0.2633664715838875,1,0.12458493712692656,0.05714923163346255,0,0.26772132232289947,0.18102120076619904,0,1.0783636126154321,0.42687719356268367,1,0.16645045212472878,0.09328604804562168,0,0.5339208431582901,0.2881352100319878,0,1.2990152687760284,0.2915389621316473,1,0.40837380599852874,0.24650290196738828,0,0.7563332489933733,0.5391119575206287,0,0.8680226627644914,0.23835201533357803,1,0.06596054732749837,0.09366877730558656,0,0.035671032676881945,0.06785245918523544,0
111,1000,0.9,hgb,0.8826396648832396,0.007640474394642414,0.15533324635717843,0.06260156163971904,0,0.4635858052359757,0.20765992548476286,1,0.37501635770506786,0.2245615574461854,0,0.18741295152435597,0.08218777943919965,0,0.7765917589867934,0.27846790626432427,1,0.8324580464085918,0.30397959370873473,0,0.4513629826497173,0.22800903565282082,0,1.3319298438354967,0.4896001107697244,1,0.6397259423789181,0.2724447878300716,0,1.130557126855657,0.501244167394178,0,1.8006256412396233,0.30619660373798896,1,0.610441078242129,0.4946790292084232,0,0.11572027737467971,0.10131870106382607,0,1.1057908873030375,0.28844762881477815,1,1.020140436314073,0.44098775909117427,0,0.8998460067165464,0.9755437868929768,0,1.6423113753501144,0.3719901335850773,1,2.6213411925356462,1.2132469548585259,0,0.1728250461045334,0.3158750426050241,0,2.2767166899519955,1.1390471284053558,1,0.361532799169983,0.19109140296154228,0,0.1681099594876207,0.21182622390258551,0,0.857884297656946,0.28652660193765184,1,0.35360089861252425,0.22107601507721664,0,0.7682907693021357,0.33132915298956345,0,1.488938376334972,0.5736254844732095,1,0.7389312619725186,0.4391034815285695,0,1.0277466917963936,0.24624755489010572,0,0.9057902710279396,0.21737331537338672,1,0.11648431456358013,0.11895779585920067,0,0.31342646121409923,0.1575234856692046,0,1.0006776242256563,0.40800179375983275,1,1.657558521448793,1.2639879197352115,0,1.212743688054004,0.40496859964443743,0,0.6268268308114919,0.2826100361855263,1,0.5593322572751598,0.6452695585239098,0,1.9034042863321148,0.6496059807124069,0,1.016134574362759,0.6097450929665603,1,0.4606709501389775,0.25662024754051227,0,0.38625010492843587,0.23649689879576868,0,0.6194281651235543,0.30621248580844884,1,0.44729683178215485,0.3815632822274087,0,0.899533533439751,0.7356209203416026,0,1.4024025458733635,0.5429615583116434,1,0.7985451582941658,0.77482219713567,0,0.8456238398491628,0.4584679437256627,0,0.3355196202967304,0.10044929587554602,1,0.6083892185308957,0.1724197244365779,0,1.544756940774453,0.8119387236563875,0,0.4628148874244271,0.44016189357870666,1,0.5423798599299582,0.4296092956145552,0,0.7656735677183906,0.43782873047929094,0,0.40195558054110625,0.12278750936322844,1,0.5318566222346746,0.2310307272307654,0,0.37360413016125615,0.2971965946489576,0,2.0559538880866484,0.8223605245937915,1,3.5420861565166946,1.1516530259794509,0,1.0378342814671204,1.1800282030289093,0,0.4131452349163832,0.3554583442124061,1,1.8522608918886037,0.6456401001859221,0,0.4213799224668778,0.22274904882013494,0,0.7299337169095137,0.6524759519041221,1,0.2196457404334134,0.16637907401373483,0,0.2948589953708592,0.3124374013646618,0,0.41003495107720445,0.21435073770947813,1,0.45445852888893884,0.30897735342412513,0,0.7201170971305556,0.2908504414861464,0,0.6716552668372295,0.3485531788716138,1,0.1860307078347073,0.1875600310679872,0,0.5304158842395393,0.5221078490694651,0,1.5345564011294939,0.699372947249455,1,0.21588116107821462,0.16709016397086482,0,0.981100451101985,0.33556021870318864,0,1.2657682847075418,0.5551243922017309,1,0.48067920111691276,0.25699597445294947,0,1.4264192005583605,0.6983828323064731,0,1.82585795178329,0.9148664156099031,1,0.3589379781135289,0.2316282742039607,0,0.47030883470586105,0.20034133762218487,0,0.7626903808576715,0.32561363623907325,1,0.5544487844924951,0.3332771369115565,0,0.6731079509312707,0.2972004024184649,0,0.9982093479568933,0.5862921683423015,1,0.5730921656578654,0.45389804040255405,0,0.35547809557050075,0.27632630215278847,0,2.040430850741824,1.1793969519411593,1,0.46220806611510507,0.25499613875030336,0,0.8020338975511796,0.29701681783182426,0,0.6807587974599227,0.20106286561185324,1,0.34449251545329596,0.17585554486423663,0,0.38270733820467767,0.2300017514733534,0,1.0606657982100949,0.37045888851196823,1,0.29268344921692824,0.11612967796078714,0,0.44181009281647954,0.24885442158572543,0,1.1199338367198024,0.08200342736939861,1,0.28677823717745704,0.12628211041338433,0,0.4828115503771559,0.19910362243867033,0,0.4645091051637539,0.2905336997326497,1,0.27297407898073567,0.09948538688480169,0,0.02883717297123678,0.040209672556088656,0
111,1000,0.9,ab,0.7449003136249235,0.009965018213716445,0.11392810266201411,0.13525158508111731,0,0.006974128855191877,0.016283829646375907,1,0.19880339752589982,0.2875480631973591,0,0.09099518457365038,0.12554897253216146,0,0.26594960185676164,0.14324092618028247,1,0.5304008917849165,0.5271191502439695,0,0.4321497046185073,0.170136406328827,0,0.9136953790392358,0.5982443742653206,1,1.2809149116480567,1.2276531130817352,0,0.8427316480603453,0.5018905784891202,0,2.097320405138807,0.3682687764830037,1,0.4850083704307192,0.5105693046448345,0,0.03703000905183353,0.13212714197660858,0,0.5236411914179031,0.20611467663279578,1,2.3096223935274485,1.0903457679302204,0,0.3544631576138925,0.42479386721299195,0,1.2291200823747854,0.7199372955290453,1,1.982714331094963,1.0227613457992015,0,0.7159853289543211,0.8943298020237495,0,1.2417040784377398,0.6303841682186305,1,0.4821250717648297,0.3917225768747944,0,0.2739958549501472,0.30189009299375613,0,0.7549016803154981,0.30725458739886186,1,0.6387119034168449,0.3090348803435758,0,1.088285494981859,0.7617466773856433,0,1.3185400813015522,0.7776431800480507,1,0.42275686154488623,0.3204411907925543,0,1.8292211047987954,0.4803366910670945,0,0.7836755110858584,0.7403508297815459,1,0.42068964181141466,0.24108529413558166,0,0.6942778830512069,0.19195802914587679,0,1.6504189349024478,0.7866708368234426,1,0.4105429820811649,0.24145333391139912,0,0.9025136352239663,0.3002260706287835,0,1.176010734481892,0.28358558770515596,1,0.8526172721111187,1.0587496594133707,0,1.5788918195240829,0.7375236119472819,0,1.540485021764864,0.9080924021248912,1,0.5308417940083876,0.30021642631209466,0,0.05219166601070032,0.06716831800165099,0,0.31260745401797996,0.22386819371647054,1,0.33913330444239376,0.34727673197245656,0,0.41208516876962226,0.1257788253670658,0,0.7800126177798754,0.39693995573881297,1,0.6988598699102956,0.7010334341775982,0,0.7511458399132354,0.4230742090608246,0,0.13791188262656093,0.1491246183018258,1,0.7215817056631757,0.6858722118861932,0,1.8258713591741984,1.2218265249528895,0,0.2387499734305471,0.15347240915256083,1,0.32035344361437224,0.2596378615303063,0,0.5805299790573211,0.3636554039417119,0,0.14237916893885078,0.24191433392141576,1,0.4067945220213584,0.42133190187399217,0,1.0224352782092114,0.5242092834801283,0,2.1059825850172746,0.6966704042628539,1,2.4436566920200904,1.1436302817490882,0,0.41683985037427773,0.43596727516146855,0,0.422975354005915,0.5426375064929793,1,1.4614340285812435,0.5604606613526916,0,0.7316263057557384,0.3355211638265851,0,0.5953732715746287,0.3462918414956679,1,0.10131515555850723,0.09943743751155935,0,0.12970475542010096,0.06426737011177253,0,0.44983390340074114,0.23566102210814557,1,0.24250169200486563,0.24456224177618555,0,0.7213404308054325,0.3413813025675759,0,0.7025992787024545,1.044709649506971,1,0.38445190099990767,0.2345153559287031,0,0.3305349158412307,0.2136105609615275,0,1.902558161357555,1.0222764947988152,1,0.15728812356251937,0.16804936040549345,0,0.347747390010207,0.4336902898712479,0,2.1618664772760767,0.5050215139111526,1,0.5578425477427021,0.28641703504255045,0,1.4328500528067327,0.603834336494115,0,2.0367810237587394,0.3865998199298264,1,0.6327221108531098,0.2927802675252972,0,0.5993182275285763,0.46410737734857727,0,0.3413606115643524,0.30451387040940303,1,0.4211057537814559,0.28248692813322446,0,0.19496721974271997,0.18372827980485948,0,0.7716358988495376,0.6804964670151551,1,1.1265790668965534,0.49551636144016953,0,1.403168020701591,0.6254221352589109,0,1.0527824860380715,0.8068100298801072,1,0.5782737799349569,0.18134267087939834,0,2.1751568132037065,0.7764238139338229,0,0.11670096016926661,0.15975492608900468,1,0.497502727501292,0.3782385706853364,0,0.3461657001933021,0.274038439031159,0,0.5755314498665767,0.467544267712866,1,0.16034779673707894,0.13914923816381686,0,0.24572170797425183,0.38773587484996436,0,0.17304641472173168,0.20836865692999526,1,0.30174303626885896,0.36308019001465164,0,0.615590041517849,0.6144518068985326,0,0.4652907589338139,0.4786860924977714,1,0.08629326808418983,0.15686858366984538,0,0.13592611447396422,0.16734338815731628,0
111,1000,0.9,bag,0.7773466950632303,0.013819764639592077,0.2538149280373915,0.32759265493152423,0,0.3487232661056927,0.22681298683312154,1,0.27390733885888296,0.30264358426681104,0,0.5505786294226926,0.22860704913032154,0,0.5849072710362238,0.5835079861192184,1,0.47602601890818586,0.11754004846292125,0,1.113917633598731,0.850985093167235,0,0.7251991525597133,1.117243717391325,1,1.1334226701133328,0.6314468206844686,0,0.8503373345674603,0.44471322245946077,0,1.2919675032937548,0.66828491021183,1,0.3517799808026475,0.5428168962866767,0,0.6186669783741523,0.2845178493544162,0,0.6850517630744578,0.39540064887818005,1,1.4123559324542498,1.0504781635842075,0,1.7741014597998999,0.7594715434969994,0,1.5265814214530717,1.077347680279802,1,3.510622083264413,2.3750804008097317,0,0.39949662460373175,0.33909757714279337,0,3.1482607857358684,2.953100172810573,1,0.5658639011239535,0.8056888723676462,0,0.4659453522102838,0.5479706776354125,0,0.3882342086915953,0.4296506096241618,1,0.5240426841620742,0.395935998079863,0,0.7610846218532704,0.9542848971350179,0,1.3421290216596795,2.0256000446525686,1,2.0313414464905706,2.3581645100159054,0,1.000231024073423,0.4162986484895593,0,1.4061395754433694,1.5040757410884276,1,0.49115796051613836,0.2224242459783216,0,0.6443044569063756,0.5660575436982468,0,1.5146620362224816,1.2616898145946096,1,1.2140277973425064,1.018332254853723,0,0.7444480563414186,0.26809352303019035,0,1.1709608367197792,1.2402223727218693,1,1.0535768117036053,1.0319089267556156,0,0.9854922197220326,0.8760708074470146,0,0.9787928183927272,0.592562988842981,1,0.8301402124368,0.5593130186073876,0,0.47622334172081826,0.4775071701391786,0,0.919388817127016,0.8593694437290756,1,0.6276742784599617,0.4501431044216866,0,1.095476080323224,0.3475552139180746,0,1.0038956085247333,0.4214276601976663,1,1.5170614556398658,1.262902847122492,0,0.708699223345345,0.45274252761212236,0,0.43766006624804055,0.2829507801647423,1,0.6697760935608574,0.39971226146508604,0,1.407609429099187,1.301477738408636,0,0.4559851544012369,0.48865580867307207,1,0.9169438473820639,0.5383283752457274,0,0.9299247713782741,0.8845453901526104,0,0.6857507785710457,0.45958719649712043,1,0.6476711823363154,0.6147866122526642,0,0.6771843823873857,0.3449622764467041,0,2.1987973665529457,0.7515927450823428,1,6.229759976883528,4.7628234561696345,0,1.3912443299330575,0.9158663623812554,0,0.9903713021610219,0.6405913083682541,1,1.3641847962586908,0.6057798722845996,0,0.6894347952373543,0.44687681895670267,0,0.6190767197227446,0.08663231119621632,1,0.5904989634239183,0.1921678950176611,0,0.5406420447438067,0.5097520489179611,0,0.6545642153365392,0.41442297305821296,1,0.8993971516103073,0.7130213458063867,0,1.0268699338325709,0.32596729322195944,0,0.6521047757561824,0.455850108571275,1,0.11888331463443809,0.10807004844713729,0,0.4218354037060724,0.44008880021907115,0,1.3318811042150887,1.1276707186268382,1,0.6486262406216049,0.36356895494728825,0,1.3178511161427344,0.6248323425481619,0,1.202368741825774,0.4653088471261537,1,1.0849183620998517,0.818456375762479,0,2.333865085503848,1.3532363929751323,0,1.1839606735559212,0.9653317147987132,1,1.0014694072910166,0.4960953202080218,0,0.5100154782488067,0.3505443670364501,0,0.6124902258625492,0.5104113891996512,1,1.3009228032670315,0.496402811468308,0,0.8337629451726158,1.2306972443495188,0,1.1086035604490885,0.2249303574747406,1,1.123857897603426,0.386771615638747,0,0.8355388771035818,0.6895381617416971,0,1.3829316946562358,1.3429423575522859,1,1.5288678706828853,0.759332150488811,0,1.042705513193876,0.6276012592576147,0,0.5196117558512002,0.20528593588153374,1,0.547738559749338,0.3825204062569894,0,0.551691058874385,0.8283656365249558,0,0.5175269229754917,0.35579505141949763,1,0.5199718168412154,0.20077139615017126,0,0.3474085449631473,0.2684173806340784,0,1.0062533781402183,0.5758321288723787,1,0.0014878583120600838,0.12250432353927379,0,0.3939639439518395,0.14684397346891476,0,0.5768868706259009,0.5425006350539223,1,0.1678995061708884,0.22382949565299123,0,-0.02971469886261908,0.16014407594457222,0
111,1000,0.9,mlp,0.9896237319754915,0.002211452574539508,0.07922523441895797,0.045492233135649665,0,1.2083144406151938,0.4323724583555617,1,0.011478290541362627,0.028036596751270713,0,0.061452573974271174,0.03591823292049366,0,2.3242378737155804,0.21724714924573374,1,0.10093141227026674,0.06071737312439728,0,0.08128791495475636,0.04388030229363802,0,2.0072013734293472,0.21314111582502823,1,0.026777153277949394,0.04833585007089563,0,0.03809083739613825,0.026835175758627653,0,1.5545593552595656,0.2445158582719073,1,0.02548374072733931,0.024083403682818805,0,0.05169458062868356,0.030856487338948888,0,1.9032682327116082,0.15202364456401107,1,0.04617357013715291,0.019498131626363456,0,0.03325646150362673,0.024597436277550486,0,1.5929496214876102,0.19883228958811006,1,0.03593101096785875,0.0528684123823851,0,0.03537550909389029,0.040373751975261475,0,1.369690620657156,0.23392228507162363,1,0.055760070432867494,0.05435353303289015,0,0.03543702065844466,0.02134519907268358,0,1.8643807879883112,0.3606469791435808,1,0.023052017168837428,0.03745269681855435,0,0.09035859659081089,0.056008136546339335,0,1.2438018508602986,0.1564857006447289,1,0.02067273220426149,0.028189474069548342,0,0.19965147943473865,0.054677443409320584,0,1.0865298789482796,0.18785559127639104,1,0.01492742092688118,0.02053427832830224,0,0.12887471109922385,0.052424492714783395,0,1.3120835083912035,0.19598407046826194,1,0.028379567332662413,0.03902181687278653,0,0.0228845381841938,0.032735214187442956,0,2.177540932849557,0.3330352511223159,1,0.03518403441269054,0.03111473264193437,0,0.07039438720522567,0.02377712330672147,0,1.5508276321914036,0.3991706132046012,1,0.022780022888069157,0.015140452561156922,0,0.005230618598523387,0.016740957518729956,0,2.134488054180074,0.45106309952075246,1,0.022399986842544767,0.051845952532513555,0,0.12462731342864264,0.08211481108862824,0,1.3066932228800563,0.3537435490812472,1,0.09497945444804072,0.08248965354622337,0,0.015676592967979717,0.04410518578883945,0,1.0803522018345704,0.32101463036220645,1,0.059813823101563315,0.05317759121146318,0,0.055411420907145716,0.06092091987143687,0,1.7693821617594234,0.17014168448173814,1,0.020227523024187108,0.042474128503117124,0,0.18303938316470753,0.11128330796942362,0,0.7707765496798371,0.15994821089708064,1,0.062219269883125795,0.05936829770549366,0,0.012835971532935003,0.03128546460547861,0,2.5851804944969117,0.1649061163235541,1,0.08620993225451515,0.07418142131749111,0,0.13916988044862483,0.04480047167588223,0,2.1592601832114924,0.2673976756993593,1,0.025629741808093714,0.03891969739198658,0,0.08424808173606674,0.076581265298313,0,1.6599971580276804,0.5001089236769557,1,0.020138833441851727,0.023793050013346233,0,0.04623396882707261,0.05524588514957409,0,2.1945510675796585,0.5636140336892436,1,0.024901682740989008,0.034349033290146616,0,0.034464897609972726,0.04118878325830458,0,1.0755728600510124,0.21384902498869,1,0.10233824860328958,0.05584885239774353,0,0.04360932443793442,0.03616165248092881,0,2.2842158463595124,0.47326237775170327,1,0.013979839035831077,0.05022026812581736,0,0.03872331581003931,0.02869361224463401,0,2.1026907936083647,0.17521150431542912,1,0.012731720869482158,0.06907731382204889,0,0.06172970868824451,0.0483330432031253,0,2.8116853353658664,0.40417272951774935,1,0.14782525972397717,0.12129933074828751,0,0.006301388837062187,0.019204438834186,0,2.0013910344098873,0.5394643241109657,1,0.028023475359801986,0.0713179334623108,0,0.06896125757429396,0.06091758113870119,0,1.819996663379466,0.3797087821407564,1,0.04167843680599916,0.02905738118150109,0,0.022060840359935534,0.04709865372697964,0,2.3571367207619516,0.21753720010222033,1,0.11686329680165533,0.06537139671792325,0,0.34101823752170624,0.07209210112103702,0,1.208447840088923,0.24154612879076626,1,0.033643105794189304,0.04504993994030243,0,0.05905389003783218,0.0395078272421576,0,1.4627994177541455,0.2061070536668638,1,0.04059478071161586,0.026269095767515058,0,0.04481174760020419,0.07852376209590191,0,2.306133537797547,0.39445619134688675,1,0.046961525719690964,0.0428227158259263,0,0.13156414172440928,0.07602640302179026,0,3.1516191188947884,0.3864120883647878,1,0.06743331692661876,0.021705090062492022,0,0.061881746188806944,0.029706180695874034,0
111,1000,0.9,svr,0.870543482508441,0.024402956823136233,0.5104941840459583,0.20411359447156815,0,0.6276081031318733,0.22045421180405067,1,0.5897684301419822,0.23283505609612265,0,0.5488794462097244,0.17830815490591934,0,0.9775047156715484,0.312553083787379,1,0.7776376971324718,0.28064496042249726,0,0.7353114076910828,0.3503900330263167,0,0.9937045142985743,0.38629243715647704,1,0.6417678966022535,0.30792772546916974,0,0.5893125154131765,0.3288947145774509,0,0.9631513498672865,0.4165698763763699,1,0.8805727154048139,0.358233359088842,0,0.713432089812109,0.2924954887084692,0,0.8860506033186963,0.2810130759835723,1,0.8331624955411197,0.26719351918114304,0,0.7577327513542522,0.29110166087031286,0,1.1022544809258867,0.36214721229109453,1,0.8017038950221502,0.282894094832835,0,0.6879905305127416,0.23634750529233087,0,0.8284251966562988,0.3107337668628194,1,0.6391037632333557,0.26119661379905024,0,0.5927605579701238,0.29143284765716837,0,0.7322781869537718,0.22526626830834806,1,0.640115037922115,0.28407629495273645,0,0.5566743956934588,0.21240721694725676,0,0.7729085048114097,0.33285089616966596,1,0.5816359861970744,0.2127535207586109,0,0.7635377342010639,0.27515059294467614,0,0.8019937531076342,0.2574601805801376,1,0.6381773470962602,0.23030690563202091,0,0.7846401760971741,0.32152496043882395,0,1.0256857528679686,0.3302606586224583,1,0.7356931129585071,0.20589537274037306,0,0.7103482583348065,0.1879586560091652,0,0.8766576053011867,0.21356574256311137,1,0.7315085302540281,0.20340345986613673,0,0.8284127205519047,0.2184881943966145,0,0.8436687452109821,0.24115721103028956,1,0.4963962060776462,0.1554127570975881,0,0.6117731058065553,0.1906213053170544,0,0.7392252229377893,0.20371422473049514,1,0.6190294550813554,0.16231404398676305,0,0.7904501693300985,0.16585686988368686,0,0.9108378716807254,0.20321850637210692,1,0.9846470462023487,0.2669241907936456,0,0.8131919371306436,0.2036763996735925,0,0.8476145720743178,0.2264198611481651,1,0.6918234645060453,0.20208357032793695,0,0.7605487047556846,0.2337337786953622,0,0.6952603302679914,0.1876405089816151,1,0.6585835964939757,0.21910880389498122,0,0.7532238921428909,0.2242150565740108,0,0.8138364294657588,0.24888196894836956,1,0.5719434137678453,0.20944163690584225,0,0.7214317394305914,0.2460914507479052,0,1.1153193985956007,0.3300924390141794,1,0.8892359669806869,0.3260359163737981,0,0.7338437691402155,0.29126715672850323,0,0.8325316160106455,0.28862031361662593,1,0.6914029303774613,0.2513412645402161,0,0.627306366667416,0.24359127100078182,0,0.7313953567932925,0.254534911772386,1,0.6463031050976225,0.23710880107906934,0,0.6106191174487055,0.26377850669284014,0,0.8123105232369789,0.2870177313892582,1,0.6331415280216973,0.2561457703016608,0,0.6231266231855758,0.28083791661154084,0,0.7264494396427145,0.2731607349378623,1,0.6781819811174814,0.27490589041453783,0,0.6985746760917111,0.21715075778424217,0,0.9044902658583005,0.30051739496565666,1,0.5864561580132698,0.2010237333729147,0,0.5961067162567327,0.1584124505408045,0,0.8731779272703406,0.21484058353459118,1,0.5592590232865864,0.179690807861996,0,0.6783145926385504,0.19300252146530428,0,0.9171720180963515,0.2935626050728781,1,0.5977985868201083,0.12299787488127391,0,0.5774352244561716,0.19090066779823447,0,0.8373932462766916,0.1819149899299191,1,0.7311574574821906,0.19292678106081726,0,0.7101095487201959,0.18727854361630727,0,0.9054937970212766,0.22781051673556207,1,0.6587400122992297,0.21164288877964685,0,0.5968006657521312,0.18331794349458017,0,0.7997511798451794,0.13627196396845073,1,0.513243673562557,0.19057002705516807,0,0.6245146215534599,0.1604760728899906,0,0.8912816689695191,0.1503528278394547,1,0.6176085664035548,0.10530175318221131,0,0.6385514377393908,0.0816227275580624,0,0.8408632388461234,0.11312100305741231,1,0.43640832196153106,0.11521058140259345,0,0.4849860816297456,0.08479069771826263,0,0.7696521893818468,0.15848897602879658,1,0.5466539430955116,0.09497758958321939,0,0.5723589048276775,0.059853096643887146,0,0.6444279390518152,0.07832084372604688,1,0.25116222041181635,0.05785112251717161,0,0.042820620519892424,0.12139756970156132,0
111,1000,0.9,knn,0.8993593145378694,0.006189162135704812,0.24464673690575472,0.31074776985650787,0,0.08427717749025326,0.46711999618898803,1,0.3436592686101297,0.540885544006642,0,0.19923693765476944,0.49918901808648586,0,0.10351084482438452,0.44585426531551603,1,0.3436764125907081,0.40633591581252565,0,0.27122935093036815,0.6104431654616136,0,0.4536590567975368,0.3936874906972281,1,0.28560344970584234,0.3651628418963734,0,0.34396833432802953,0.21162403674017996,0,0.5589489026575853,0.4224346608723232,1,0.5194469696963482,0.5394783456378576,0,0.5435313004294835,0.3917408194365273,0,0.6451569581360046,0.526183742775343,1,0.600686212928794,0.5636725910852524,0,0.3516125606461546,0.4863762854319792,0,0.4488380323587952,0.5944867707204754,1,0.28331391986871335,0.5373662498448506,0,0.1015299717518475,0.5242153253558248,0,0.08560312683588156,0.5548074906953573,1,0.2978039237251382,0.4891287440085631,0,0.24138081747593412,0.4554911142811846,0,0.2660569137679665,0.7471941602478452,1,0.24369177374306927,0.6336188055449177,0,0.2866065071143752,0.32254863169394615,0,0.31412476991967625,0.24611035568446546,1,0.4430321752024029,0.33305734367426665,0,0.4409409142099343,0.27145132731849897,0,0.5663072823433931,0.6084468187227955,1,0.08324055373707888,0.5067763132761385,0,0.24882334323140026,0.4471505729733113,0,0.3756331966915101,0.408022038100771,1,0.18634542109673355,0.4262081868756252,0,0.10973931213878736,0.38459542173574635,0,0.19170718149661886,0.37141577698362827,1,0.24569220099227723,0.618671252342499,0,0.18077938753912506,0.6627599683438081,0,0.27966485150665354,0.6964918518946377,1,0.22172626886098365,0.5382809652409587,0,0.46798502334098835,0.6233242355145028,0,0.2817136955898131,0.7033357279707018,1,0.21499721563369706,0.6673671147027014,0,0.11927192548015567,0.9149434828131996,0,0.5356963257981369,1.0228088442993728,1,0.267497219393103,0.5610448759196054,0,0.2878889744920267,0.7479060423502135,0,0.07568503086604501,0.7293587010885207,1,0.24352065264908881,0.7523980075969331,0,0.25971567664369516,0.5558105810344189,0,0.39944723876206656,0.5091721493610142,1,0.49004717949458226,0.5218612256012005,0,0.5499051069776711,0.7285731537583557,0,0.5242753337843638,0.5728010936275734,1,0.3727725422190355,0.5148052122605121,0,0.36389812262288335,0.3529313293001494,0,0.8623006711285685,0.5839842145602824,1,0.8658189660096056,0.32900015383906167,0,0.809277854723027,0.41202336107053816,0,0.8331740196651548,0.4521548670791179,1,0.49814845521180473,0.27249915680971404,0,0.5030807176817144,0.30190930395239274,0,0.3202955400233093,0.2063014528898783,1,0.3606722890165005,0.41907874509562426,0,0.42769326716192985,0.598804478068712,0,0.4917445666584558,0.4355601832928331,1,0.2639451469429447,0.46430453479101375,0,0.17968921919000666,0.673741678131523,0,0.370637661346607,0.4622693947933087,1,0.2691514284100008,0.4901419629324179,0,0.49446523490757255,0.5939156958854742,0,0.533468143466327,0.5236027546464501,1,0.30782631126583615,0.6832690114680604,0,0.25454392714543295,0.4835323736949474,0,0.5460525461338721,0.7012099902500041,1,0.39968028803369304,0.3370812201446365,0,0.22407109624935734,0.3719971208860837,0,0.24825083362453312,0.3748296739613778,1,-0.11507033392579591,0.539268700519567,0,-0.10860374778511166,0.5934450656920416,0,0.25328217027357924,0.45806756122566755,1,0.2661739489345258,0.5760108719731287,0,0.39691964131240015,0.43815010255799847,0,0.3681939562392228,0.5416945128611431,1,0.20207528748250855,0.642140537330894,0,0.22031130760840217,0.49690799667244967,0,0.2879426112344529,0.49477121977602945,1,0.018661409583811194,0.5635278927754328,0,0.08019746360415833,0.48092863647231754,0,0.2672707279586985,0.23726331537402906,1,0.2223309320751246,0.34098130744305266,0,0.15379580160540668,0.4858156025480257,0,0.36025657593813526,0.29018186075061486,1,0.1713023260067978,0.386592823951952,0,0.29024501511554385,0.4053200576686859,0,0.40436660030006377,0.20526467359688377,1,-0.055866264014323444,0.3616665335567462,0,0.011470821062791913,0.45955470900665024,0,0.1778654590921022,0.25653486237656786,1,0.21650356063241877,0.28710357562795064,0,-0.18207227820250116,0.4379923965941399,0
111,1000,0.9,SuperLearner,0.9937307558524587,0.00130469463662828,0.0751655759926653,0.02619740437224335,0,1.4362701776244324,0.37092789023571193,1,0.0009444236574492407,0.010225088814146717,0,0.033289861490048776,0.030252650723054768,0,2.4586690429287428,0.2787563581626062,1,0.027139756630287754,0.025134192553720496,0,0.09629271028503603,0.03666489250254797,0,2.686161038501303,0.2924403304843828,1,0.008153464706439979,0.015863353854275838,0,0.0044456673955959106,0.006535915820630921,0,1.5017715845302722,0.11217048299951057,1,0.02311828990576819,0.019962533739107946,0,0.009351754059415423,0.00714599573201115,0,2.147809380142367,0.24241156376923845,1,0.021014895338073505,0.01949133306586023,0,-0.0016084406918139634,0.009876493861328795,0,1.5935387713944504,0.20833180067087087,1,0.01322982523458649,0.028382603162445258,0,-0.0018827484290607013,0.005508551627912019,0,1.818185667815508,0.22094693014320782,1,-0.0010591787811539155,0.0069774348459456905,0,0.0036463777705306615,0.006514928645853537,0,1.9227788777373132,0.295274875598663,1,0.006355645278022068,0.012068553938513514,0,0.015325400317524895,0.02312255166383056,0,1.5437430582107399,0.15261617133108926,1,0.004399733021106635,0.006449279724594306,0,0.058351570496521475,0.03386169440557566,0,1.5949113515083404,0.16577970534807365,1,0.010960642365962505,0.00974908074716857,0,0.00825097394573626,0.008029875110359542,0,1.7631578627757705,0.3040414881568235,1,0.024029121489120224,0.03207628970543074,0,-0.003704565164336282,0.01255306888432799,0,2.231706607739044,0.3683823032620485,1,0.012240592746989857,0.015238826369415774,0,0.0036508037590732333,0.00641918921575967,0,2.0871577090864317,0.23064585112862496,1,0.015777470660107786,0.03580791500039757,0,0.0004726684913043414,0.009767342938364641,0,1.8707518515058346,0.34750390418349875,1,0.010232410808919542,0.03283749315999944,0,0.017620610117798887,0.02356872558896048,0,1.3291252671707496,0.337390622294511,1,0.03687359745116554,0.037552782381376895,0,0.0028359897076576093,0.006319149260954892,0,1.7278919565485893,0.3772474152769285,1,0.004881558060274871,0.01353486645088929,0,0.00960557478380768,0.01529567198559647,0,1.730640533457334,0.2602399990848232,1,0.031976169005195995,0.026754172753136303,0,0.04793754227305254,0.03996022727346041,0,1.188816464564617,0.1158612540234753,1,0.018425235539363146,0.017669208218159108,0,0.01313890422590024,0.019031851876359113,0,2.3964583620320776,0.09555657471215782,1,0.004136271151246297,0.008336243536591716,0,0.012743672629076764,0.0074372647707040655,0,2.511656878462717,0.2202014372641433,1,0.0030275436709946415,0.01084161135775773,0,0.024867087452597855,0.03351629509754568,0,1.8059757362965811,0.33267052461989877,1,0.013855834539646917,0.013675146527713063,0,0.05596204005894412,0.04646249407062054,0,2.331847511481713,0.3990676553525584,1,0.0035159211266903648,0.009938634978211361,0,0.012887814067021792,0.01580540532109741,0,1.4946419997503182,0.2455758398586655,1,0.03248027815862038,0.028067304039114428,0,0.015591774292179275,0.016575644647040446,0,1.8540981287588836,0.12640796593688333,1,0.010439272951897378,0.019692195233020366,0,0.018628473587409603,0.02011849091999654,0,2.0922034377993297,0.20969295328894952,1,0.016063309431609652,0.02158983519956243,0,0.0036018607883990445,0.008570060828100046,0,3.0250015536837167,0.38396196576931796,1,0.07321173124124161,0.040253689873189155,0,0.00467403111151175,0.012879076265136229,0,1.7892912388907145,0.4342792819391167,1,0.0016802294710172485,0.006848543774357116,0,-0.0003371836081776382,0.0069313776994201675,0,1.9072547447224735,0.31147640505673874,1,0.01143522232985172,0.0151267175280874,0,0.009595163995418956,0.006844065978609575,0,2.543129192781474,0.09953630277054164,1,0.13694018419608386,0.07130036507921583,0,0.15506709140992728,0.05285025119198966,0,1.688108491768325,0.17198763986880605,1,0.005249913629947022,0.006956312072621069,0,0.002355896742231558,0.004617576582859729,0,2.283305881377726,0.36770676609892405,1,0.01331529880588549,0.01941468601085566,0,0.03454368563833072,0.030802717845799087,0,2.037786233475077,0.40578669901167685,1,0.1649933254958456,0.024542396335771426,0,0.13444538941209988,0.059940537334947176,0,2.840551597048626,0.2341196776255121,1,0.004516291122682309,0.00962851869001028,0,0.030932638945550837,0.01767753518330378,0
111,2000,0.9,lr,0.9943480149797986,0.0001366344027831538,-0.0008791915767900477,0.0016624961366983981,0,2.2499418743219577,0.2734615241533469,1,0.01121969899763394,0.011958075341917961,0,0.019099950478715204,0.013917462636178558,0,2.6390594156295064,0.2518683448685522,1,0.011200209531928879,0.012377645560253865,0,0.005992896537396219,0.005392846298209765,0,2.478051388782474,0.3271091178113931,1,0.015521076167801354,0.022728112055808415,0,0.0025905790806112256,0.0035572440348709843,0,1.7914321479451403,0.26131276539858406,1,0.004705503448548704,0.009231164962485449,0,0.006163727084399283,0.012428949932545109,0,2.8147805540211244,0.3731778616767019,1,0.04001527160643761,0.024436608280083604,0,0.005336338835074475,0.0058021615121943634,0,2.276692947417706,0.29698297108317817,1,0.014414625238962513,0.015480831459038096,0,0.003348715226050465,0.0034520913139380483,0,1.847589906810039,0.13949002656929205,1,0.025996564542867577,0.013581963932346546,0,0.14213937294746964,0.061707043936632316,0,2.7824946702756232,0.2545871405643287,1,-0.0005207279756157139,0.003708932715305385,0,0.003425206890625025,0.004338052004355148,0,2.1423776422446887,0.2035217653688313,1,0.0017770510231752198,0.0018467231565490133,0,0.004389270978976982,0.00740345665475449,0,1.9535987728762723,0.25772641415692654,1,0.007767776154725454,0.010222419339328978,0,0.00542364554438666,0.00529956945178489,0,2.095645071739461,0.24561198390567016,1,0.02316168686067906,0.024136941651680153,0,0.0489017040001055,0.025319008661112596,0,1.9869572040377332,0.18868275638560505,1,0.005471510236837529,0.007491505381542079,0,-0.001503593678183618,0.0008531051196983736,0,1.9784937793606265,0.2308073640819874,1,0.002045875495309353,0.005062690677739262,0,0.0268088888436383,0.025713233041840873,0,1.280083425922197,0.09083134963779119,1,0.030893458518063254,0.018909256449288852,0,0.006096761185504985,0.011180455919045871,0,2.3086153631154476,0.18758302883922406,1,0.0010286854970518507,0.002488026244344575,0,0.0018086055872835777,0.0015445885623936147,0,1.9815645416744752,0.1250394928660574,1,0.015449001830160047,0.012193331200903651,0,0.00220341670840748,0.004240806312987891,0,1.9901982420884672,0.09453457675686368,1,0.006315405239293128,0.005414675279011373,0,0.003632328603219901,0.004550027280817034,0,2.2838275422760836,0.23681375746870564,1,0.0006190506275800872,0.0028946117354391467,0,0.00022318003914307635,0.006975619479061421,0,2.1420491366872874,0.11415418989225909,1,0.0011419988686901532,0.007609887077586496,0,0.03189766404186253,0.011880495146712662,0,2.2054883193889028,0.17821836683493356,1,0.008713986430480342,0.00907251915994883,0,0.011583338722206689,0.012898567666404591,0,1.660390001554233,0.22715053419456055,1,0.03010148837273216,0.011943995312415074,0,0.005573758980371971,0.003965296100976627,0,1.7334418598908978,0.12771639749078248,1,0.008091945483492216,0.008130609479914497,0,0.0013206608888553198,0.002170356646231777,0,2.0514581704572343,0.11376388067111327,1,0.00992301654393673,0.004170054236037968,0,0.0027926671988085573,0.0056163951770258624,0,1.855021388735392,0.11195563313442092,1,0.0013085143676603243,0.003821126007349154,0,0.01561049008362809,0.01385118747835091,0,1.6890318481520197,0.14090501741590583,1,0.004245473655514557,0.010397661739337684,0,0.022474677661331037,0.01863126025095587,0,2.0107128241630003,0.17079793103465946,1,0.010769292774000462,0.01615001519382082,0,0.016060740633895267,0.01859012679078953,0,2.583693650799629,0.31794316736968004,1,0.0018614500536522436,0.006174170580290916,0,0.00598003439180309,0.00834910174731351,0,2.367523334133603,0.15511931852418032,1,0.03128274754978911,0.01932754069538689,0,0.001146601373022305,0.0018472002060254602,0,2.5178269703479534,0.09592745248814631,1,0.04065719177989877,0.017855759401317832,0,0.00742782363202166,0.0069527664142651074,0,1.7907156740876373,0.2163706564914156,1,0.012813221197977617,0.005277277745595726,0,0.007042137119588151,0.009968755786250621,0,1.700717847982593,0.22313954406313935,1,0.005001438319629655,0.00483474819752459,0,0.0013450136334803027,0.001563231783035963,0,1.7204623806593335,0.1720190863957891,1,-0.00035714186925324485,0.0006525036053014132,0,0.01814189317799393,0.014249268188192839,0,1.8083749475516064,0.058660258387418215,1,0.026332291552122283,0.008993621663762889,0,0.02479310597405158,0.009418591997391996,0
111,2000,0.9,lasso,0.9582903920487409,0.0024033746033188114,0.0,0.0,0,1.3267068574097505,0.14723097797609283,1,0.0,0.0,0,0.0,0.0,0,2.450151048249336,0.20361251222475085,1,0.061383515870898596,0.10699306726288553,0,0.0,0.0,0,4.2005580945846,0.6468861852151724,1,0.0,0.0,0,0.0,0.0,0,2.4094458013894084,0.24453000603154615,1,0.0,0.0,0,0.0,0.0,0,3.2955450342387964,0.3308196945411311,1,0.038265375469871334,0.04748228765798786,0,0.0,0.0,0,3.44962615677194,0.4477403623526146,1,0.0,0.0,0,0.015629954532997408,0.03125990906599482,0,3.2968826496800903,0.33917899036915605,1,0.0,0.0,0,0.0,0.0,0,1.9222732496062456,0.16172078644068322,1,0.0,0.0,0,0.0,0.0,0,3.5235717876279296,0.14972791707856214,1,0.08912188258912593,0.055329951147862454,0,0.4635785022051455,0.2183430726545279,0,1.829863059394253,0.44954201836600793,1,0.0,0.0,0,0.0,0.0,0,3.53852062211062,0.47666340928029854,1,0.0,0.0,0,0.3518165952915487,0.25379608784582325,0,2.6434721437293804,0.5768658219920371,1,0.022500928413266712,0.045001856826533425,0,0.0,0.0,0,3.538518160299776,0.3372359112322515,1,0.01427145975243318,0.028542919504866357,0,0.015925589732127456,0.03185117946425491,0,2.001714993690323,0.2631674058609635,1,0.0,0.0,0,0.14932947562694965,0.19507473986758767,0,2.870311172327342,0.4095777103051175,1,0.30881757714985575,0.1076870506226616,0,0.6749087652491325,0.231756365837662,0,1.4080991500109874,0.1553489091059621,1,0.0244085203970748,0.03393227957063647,0,0.18603136452956756,0.1526778585686156,0,1.6596491426907378,0.371785132517839,1,0.2620018739549431,0.3259955036943732,0,0.009727581400456351,0.019455162800912702,0,3.7662254024447805,0.4827974881742383,1,0.0,0.0,0,0.04374101307661025,0.06570833181633214,0,3.647875549971168,0.3857133126969332,1,0.007022211007656459,0.010904740675446665,0,0.0,0.0,0,2.5603644885462513,0.2342402068038797,1,0.381363798452084,0.21135903918635687,0,0.15758439669355268,0.22279543600184434,0,2.3628757217475114,0.4405600548774916,1,0.08899062820750234,0.15209107405456,0,0.04919603150973283,0.06540319685289257,0,2.4376949355142266,0.2685692457027857,1,0.1444770080496222,0.10681734279477118,0,0.03206490300855686,0.06412980601711372,0,2.3538850331736207,0.1398857671494169,1,0.0,0.0,0,0.0,0.0,0,3.1180527443229145,0.40062964224894787,1,0.0,0.0,0,0.14263340426198376,0.1563046980748034,0,2.4363414973956456,0.42059602085645514,1,0.04613602633250642,0.06720527921445608,0,0.0,0.0,0,3.0117697255004274,0.23884159710314343,1,0.32660279819435906,0.13502479180684718,0,0.0,0.0,0,2.380968197256819,0.11243069651686664,1,0.12590038488547953,0.08259867301640601,0,0.29419569989074423,0.298272960168184,0,2.7197884020638705,0.28185306894368056,1,0.0,0.0,0,0.0,0.0,0,3.111057407518534,0.4529883783397479,1,0.02015142861558867,0.04030285723117733,0,0.041631460678446565,0.0690762158035808,0,2.3650071321811255,0.16589456065129704,1,0.016461635459980285,0.03292327091996057,0,0.2609546046591825,0.1117673182887306,0,1.995982388515507,0.31495940315841764,1,0.0036206584906701596,0.007241316981340318,0,0.0,0.0,0,2.83236916573663,0.33946318972271494,1,0.03820192892221454,0.056156859776325126,0,0.3650405209682958,0.19326073010554198,0,0.8169830792298619,0.1871377793974015,1,0.0,0.0,0,0.0,0.0,0
111,2000,0.9,dt,0.47388939989196893,0.024708644749174707,0.5837609777446178,1.1027469846862847,0,0.5436666653312164,0.6970812297220336,1,0.6282539722184514,0.6025387515260335,0,0.13038529628158757,0.9702108462708431,0,0.8821784274953194,1.654999563740863,1,1.0072111925734464,1.0465751581929648,0,0.12683596169948044,1.4008491015214564,0,4.236384454546176,2.077727053561855,1,1.957805185772005,1.7542916304810108,0,0.2469779021304895,0.46294422446509703,0,1.851162418952891,2.769550960422253,1,1.4330921114099842,1.5934322704735564,0,5.807010395646282,4.552088923081458,0,1.5661537749702776,2.6015286314364445,1,6.13375065697294,5.467955441143064,0,1.3900213084291586,0.9837929128501376,0,3.6449482866531078,3.5052949030110634,1,1.049597821575172,1.7265422908679502,0,1.0513111511639983,1.3974893271154074,0,2.1047891050649037,2.6929160366283127,1,0.8707349884249667,1.6083284111872034,0,-0.17257813904720773,0.8642843337153442,0,1.4874248489605562,0.9293841628796269,1,0.7159522653062254,0.8054063429171433,0,1.0908660188300243,1.9446515761425476,0,0.7413539066428684,1.8612490154558086,1,1.6011092005275085,3.4505926463242758,0,1.3076710234843423,2.051294374738581,0,3.420605588167264,6.780402904769416,1,-0.018779978727526733,0.5556788832366321,0,2.1683767021843123,1.937733493012544,0,0.6007338707119436,0.7059567024765838,1,5.112477079042774,8.749066249989754,0,-0.04141465479476476,1.9609385033831879,0,5.111803211741149,8.089904126587484,1,4.317926987142664,5.8467330008237814,0,1.859251471435022,1.8333520452115757,0,1.8287521965147515,1.3408802603571084,1,0.8195292033426742,0.3949191207843292,0,1.683073339561048,1.938961199795534,0,1.0644029239784296,1.1768898744692828,1,3.6159231098422446,2.413579641727273,0,0.5764293612119333,1.2028272516397374,0,3.455806945750428,4.057030999999003,1,0.6890416674922055,0.5035792875902598,0,1.0397053884822607,1.488073209487253,0,1.4836163141727163,1.90477051366606,1,0.45076427307871114,1.8164558357020881,0,0.379780941769232,0.9101457922632329,0,2.6575622297502024,2.126137997629584,1,3.8546896629568024,4.165240103395248,0,1.4408297934220218,1.1675638855295933,0,0.2798903351062655,0.6954922671502982,1,1.485565808876848,1.8714472155768156,0,2.8269738608542445,2.7711600081588914,0,1.8958695325771528,1.9286106884831864,1,4.764494494322712,6.867727987947,0,3.113636421224066,4.353532742364756,0,1.1785916060082324,0.9097690455880575,1,2.893870330305485,2.8775757080908058,0,1.5557784657308222,2.080712585475955,0,0.8693502656729872,1.2167097286291755,1,-0.18783766237814864,0.8309855551014691,0,0.5085207216517565,1.0276096055460413,0,2.0387391625784104,1.331382051775217,1,1.0602745297341052,1.4390907531823978,0,0.9090712215117943,2.6637849806740395,0,4.4619763290490715,8.40478360093584,1,0.570395583916114,0.5942685515255913,0,3.1698390184783354,4.775700322544249,0,2.6361831245400023,3.485382221743269,1,1.3047592336376321,0.6749122770882371,0,1.3921344550012438,2.4907509102380034,0,0.6279901446684709,1.52928944447058,1,1.3672361437587885,1.8335588973178523,0,1.5569321956222564,1.3197880411036125,0,4.5251450520359,4.798268519254547,1,1.4581867873717842,1.4390494706547852,0,1.0530632798102333,1.7122047384383219,0,1.3157067278459815,2.0019958634596526,1,3.3968143814263536,2.9967020771433113,0,1.9253539722956003,2.8270123328007477,0,2.6090300034355263,2.6568476958698515,1,0.2690113111033872,1.6127433704476615,0,1.044063010283315,1.4383926115867467,0,1.3305139372942534,1.139949728977558,1,1.066614742090259,1.2983223378638868,0,0.8716926163767986,1.5240661406503482,0,1.1425626092589771,0.752305421589676,1,0.6224006935752914,0.9482456353512412,0,1.8379206768704717,1.8547416143031619,0,-0.23837952581560334,1.082652024472648,1,1.783214207564744,2.1610324103066216,0,1.2158246851678967,1.719730263307015,0,1.5019513967246347,1.1923973188516868,1,0.25305010706693565,0.3621667066310277,0,1.0763924270800511,0.8491454578598882,0,0.8197072498587439,0.5788544646043238,1,0.29505899270580105,0.24926895875034247,0,0.3039775133761255,0.40625388986777794,0
111,2000,0.9,rf,0.8520535248374108,0.008427093643016009,0.2153969133631942,0.06481187234525301,0,0.44930906570187845,0.10071202938252138,1,0.29697341846043873,0.05977628854749657,0,0.3639359350451824,0.042349657563273156,0,0.5675227297203598,0.1581460051270394,1,0.9043590117854731,0.12044466037619372,0,0.6426815332076702,0.10134800389886053,0,1.2236969602416672,0.1191425298751908,1,0.7427772604006202,0.11964326313146828,0,0.8781960933539793,0.17632976725674743,0,0.7457064365470334,0.1953131370271923,1,0.6536475938076388,0.23492849301438026,0,0.9854850208841253,0.2745593724786523,0,1.1386598425249128,0.2396672754898963,1,1.9071435748282493,0.44317986505659,0,1.1331087746092436,0.46173058959681257,0,1.3672300890114983,0.46933108621420305,1,0.8839648598838756,0.11913514854219663,0,1.2297621798025542,0.3656876839256303,0,1.2725759804700498,0.3302648430231524,1,0.4270945857320254,0.09807657929402971,0,0.34566781799116547,0.08280150547052645,0,0.734087477871382,0.2657028069384631,1,0.917439716375829,0.22100617326304847,0,0.5887550939729163,0.2406434162413385,0,1.1683995768707165,0.344026176303461,1,1.2219804462030033,0.40631435185328263,0,1.04467342385526,0.2737796629735712,0,0.9345510326410388,0.17152223552382695,1,0.5735556915317902,0.20042983740438078,0,0.7463186104222759,0.2899157864957151,0,1.533378665335819,0.41813369394560634,1,1.8807269608768316,0.39374197338668543,0,1.1070659371738565,0.286870286584848,0,1.443516528265066,0.6623030180082649,1,0.9782128105107114,0.4276668840481817,0,0.773598283005803,0.21385491871671217,0,1.0650937155280744,0.5603233143657195,1,0.6489497587231998,0.24830807414813205,0,0.5022876994625033,0.20524535683506048,0,0.5293776382501223,0.1118751933890019,1,0.509338030860999,0.14847976633135523,0,0.8410693902479587,0.07661082981196272,0,0.8014327225930142,0.13760865864633545,1,1.4267068840738741,0.37222942329608577,0,0.6100988306281919,0.16376993793961234,0,0.5319766616663542,0.16009287124031193,1,0.8139699407036906,0.24932131244451924,0,1.3405018751367763,0.5840355734188479,0,0.7358944539616008,0.26402389144972876,1,0.9238780544249575,0.140941537206405,0,1.3171546313944795,0.23113307316279755,0,1.143652368830415,0.3101065445847572,1,0.635991786205361,0.18513967659583416,0,1.0333627303898576,0.1884694163630127,0,1.489684167524154,0.46880319916866137,1,1.5576910605100864,0.9710972112353508,0,0.9985769179397378,0.4909921699274107,0,1.0525734726704703,0.43376921742924684,1,1.284412691131989,0.36182876274503656,0,1.1024213805621108,0.38411856354235246,0,0.7350803198301711,0.1599646857390587,1,0.4633308465966171,0.15881931067116864,0,0.49233013356916244,0.12862998064905876,0,0.6552023921219687,0.10092092842294498,1,0.8280289955261978,0.1995266913642969,0,0.7338674057123825,0.2015829262796163,0,1.5672229247489973,0.8206223426420913,1,0.606783605750068,0.039436769997530555,0,1.0285890935606061,0.3635755647171596,0,1.3386564101431635,0.41868094525126454,1,0.680164716283465,0.18769033992010456,0,1.0053358945541153,0.30329864737493845,0,1.2632071134694267,0.2805275051935452,1,0.744699368471226,0.03987219686933899,0,1.3522576100015216,0.23449546129286591,0,1.1941773113157583,0.2914639091192709,1,1.0898793286309811,0.26219564043099436,0,1.1670575523982423,0.2298032364864652,0,0.7307406683566999,0.052618283374619206,1,1.01279062617775,0.19241432077441575,0,1.0131419862855684,0.3607351366186118,0,1.3285507828920664,0.22269426955817603,1,0.8874205456561819,0.2273081120224418,0,0.8358087163783608,0.19635006057181031,0,1.0023042451431792,0.222161289398169,1,0.6434761299669761,0.15589017553247358,0,0.815795680219971,0.18841465265315044,0,0.719043468413457,0.09905384008490072,1,0.6079728806549468,0.16151672078505844,0,1.1327124502186146,0.31975432101228496,0,0.791276652454004,0.13596671992342987,1,0.45777858909035557,0.13866005740982118,0,0.6075471817811671,0.06721060548881405,0,0.771937179954435,0.1622973605988323,1,0.31863309050113675,0.08970077143758555,0,0.3364735355303693,0.04525721158387775,0,0.32966807293357847,0.040706773519369355,1,0.13142674654869138,0.03020835053599482,0,0.13156307289137611,0.05189576279718314,0
111,2000,0.9,et,0.8726239176891312,0.008065233431623698,0.2616610609268773,0.05181333035226276,0,0.3894923635529996,0.05284366355554213,1,0.37283125497012054,0.10669060657318652,0,0.45321961703725033,0.078959098893528,0,0.6206244011573245,0.1359375621722971,1,0.7280341450175658,0.07692197279134388,0,0.7641299925211553,0.17920386975829528,0,1.2102692655300307,0.33888027521482506,1,0.7714372440321074,0.16196527479067477,0,0.7244731441721348,0.21521426071415914,0,0.7357642241014795,0.17821028885809465,1,0.7692614721922529,0.26384427258411064,0,0.7875083375892822,0.11161253114426,0,1.2711061347596324,0.19642028252084132,1,1.4670982594477155,0.3479404242029557,0,1.1621943122304272,0.26121284195090677,0,1.1979764714098908,0.2007454085847478,1,1.0132783684173419,0.31294614406812277,0,1.422581983722607,0.3491278289097646,0,1.0020188208871708,0.15330013548661978,1,0.5999788050827892,0.18112747153649664,0,0.39972149721859784,0.052963120211967904,0,0.6024614404824788,0.120307034351949,1,0.6856336524708148,0.23317511793173604,0,0.5219830286866873,0.06270025983643625,0,1.2630019007073472,0.24500350760923445,1,1.2645485823126417,0.3449966918768928,0,1.103060561112358,0.1342265418739175,0,0.8303292640289657,0.26250773073454803,1,0.5281653170095731,0.16774781355084986,0,0.730510591670812,0.1819266735447373,0,1.5746981780245062,0.44202378643635937,1,1.8202139334319276,0.42916329641015694,0,1.0534681870887428,0.11384137198387764,0,1.114662255034108,0.25807649343722877,1,0.8176837372425243,0.2777404031868031,0,0.7995831980875764,0.2521611178827401,0,1.015147356844358,0.32470412262774145,1,0.7012340000561578,0.20418762348513259,0,0.588191877170395,0.12364891196986494,0,0.5274347329097704,0.1465434080371202,1,0.5366041935061788,0.11104868271812872,0,0.8074774441326078,0.1356202227809164,0,1.0663464044490882,0.14069998703360354,1,0.9960857803409713,0.14726034232964716,0,0.6374132869437311,0.1460280177792591,0,0.7120365394623175,0.13573366257460345,1,0.708205585292523,0.17948027757839677,0,1.1889125547857713,0.5374616125560243,0,0.8011099062029613,0.04969174017478742,1,0.9535372841432783,0.1502156091050325,0,1.257704248953581,0.24345715918871066,0,0.9341844790677648,0.18369143922132378,1,0.6824460413150184,0.11985765268189515,0,0.9643922960157344,0.1220542663855729,0,1.6612191699435273,0.40343701588645353,1,1.4775937064764264,0.45382424172387176,0,1.2739526785802409,0.42205441171440655,0,1.4152102101812647,0.5177996110451727,1,1.0563587121710991,0.2644536326193327,0,0.927161184713157,0.24119214920849927,0,0.6282037085056069,0.16085962432887518,1,0.5160064504473026,0.09120897997226472,0,0.618123228859541,0.09315444808367189,0,0.6181622219522365,0.13844836789877932,1,0.696084127607047,0.15359347105296964,0,0.707738663414038,0.18065051271245758,0,1.2883068578517587,0.49108919249822036,1,0.6094218724115443,0.1069161331368744,0,1.1050977285393144,0.15155303541454762,0,1.310844077962847,0.40213704614303886,1,0.658968332417647,0.14612062275105095,0,1.0298194492903328,0.04263922226749017,0,1.3663763825017496,0.3094718984216972,1,0.7103606097810063,0.1385116228974413,0,1.3139239720310676,0.19249598488285832,0,1.1673655695711966,0.2404131135888771,1,0.9898967997528102,0.258641875950549,0,0.7623123822327169,0.11354123093812853,0,0.938308247976801,0.14403858005591147,1,1.0645753718598054,0.10252625224633999,0,0.9911434784691252,0.2830419548237968,0,1.253501449070235,0.27171347332506807,1,0.8529533369803559,0.32106186102257617,0,0.8798969688931487,0.1681195061917913,0,1.02550317628862,0.1994627119219883,1,0.6807881492376284,0.10078355825900742,0,0.7756881891645453,0.1916149568028072,0,0.9464565670733464,0.14308617000835047,1,0.6213689931203914,0.07528528473009373,0,0.76887530196539,0.13484696083505918,0,0.8149333742423502,0.1892195195447463,1,0.5539692392088991,0.09269372693796799,0,0.6064105100211176,0.09741847123636707,0,0.6705264906044773,0.08594420957884155,1,0.39233018650997825,0.0869751857027871,0,0.32589327896110926,0.08654692386929987,0,0.24000838024454244,0.03609275290032468,1,0.13326575068467944,0.015597000583502791,0,0.14037674060835212,0.03199190463975646,0
111,2000,0.9,gb,0.9159988958607546,0.00610094790336156,0.24141429144577836,0.14839832972658462,0,1.035677655817468,0.25236567876667926,1,0.08057913770653691,0.10104360510309313,0,0.15691612625958312,0.1100698664259181,0,1.5329688365743603,0.2529880806513758,1,0.896369198918387,0.28459181811872303,0,0.36980357497785876,0.17886756005560128,0,2.1550404937465544,0.924643052551349,1,0.28984340569326317,0.17678638347675005,0,0.38446916972974315,0.23469050058360946,0,1.2537942171700265,0.2158867813011751,1,0.16947055035317699,0.05248811342871214,0,0.7278662846142504,0.36417612204572836,0,1.1196976284279543,0.5778970656195944,1,1.2105913459976814,0.34728245979624905,0,0.32178812639274945,0.3170725328954563,0,1.4369592663835926,0.2673034955760514,1,0.20685129875342084,0.12789691727792923,0,1.083306777621656,0.4944080618821487,0,1.236944370363194,0.42137285606625396,1,0.1287848247167705,0.08291018560384524,0,0.050962258234329816,0.050912757857429373,0,0.7161299277429176,0.1587605569398425,1,0.9204764225205743,0.39639665382177053,0,0.2904949983665935,0.23078427075189512,0,1.0870946613618657,0.3542162786805484,1,0.8346282888318017,0.6691487579970322,0,0.6132549963289919,0.22411746438542168,0,0.9398962217516484,0.4328745990895614,1,0.3157981345844945,0.3063394182096615,0,0.3462537422275626,0.3305259870054183,0,1.9484497173961448,0.5073997343080315,1,0.8148050829686809,0.42567455177741037,0,0.3450226408094765,0.17335095420219407,0,1.4895230468361167,0.4781569226644607,1,0.3675654204102824,0.3636181905152765,0,0.5251661032653916,0.1439747909199123,0,1.3246631125063595,0.4549649331214059,1,0.5064719875001307,0.17622048148921846,0,0.22463408656710232,0.1383804294084223,0,0.47389184033032317,0.24479751295793903,1,0.3796430306262541,0.305501767662398,0,0.8833292063374657,0.5097506626957383,0,0.8173037391271469,0.27807898121794467,1,1.2465523785973314,0.1658048101684233,0,0.6214736093202007,0.25897404784315126,0,0.35219281068328195,0.18427787571252405,1,0.47043862509276424,0.20506015898532753,0,1.0073669681049202,0.7972695559952615,0,0.387458698430239,0.25581718683913107,1,0.8723566430148055,0.7865683872377099,0,0.28286517613219814,0.0906478979759775,0,1.4553862561620141,0.7968687426837993,1,0.10035630795620094,0.0905276380942876,0,0.4804461895002328,0.28266829096244034,0,2.562747457306842,0.8621956343321001,1,0.886091898534419,0.594200265137856,0,0.2507426069817699,0.2655445822925428,0,0.8740498502187524,0.3807660999492537,1,0.9581259489715663,0.5255130258988969,0,1.0397379688121962,0.36724166114936846,0,0.6774997478014775,0.25532427011361575,1,0.38335348178553685,0.16458582120400944,0,0.34240505755356654,0.1912970208474253,0,0.9371717031689061,0.26311857606816746,1,0.5104322042733352,0.3071040116443477,0,0.27356760545021275,0.3001526073226962,0,1.2419115503676585,0.5201801030543945,1,0.44437444344397126,0.13882637475279958,0,0.49481064630406985,0.29179754714707745,0,1.2434454864845206,0.38670247639327476,1,0.2349988880585415,0.09996033825630972,0,1.0104137374482507,0.5418887121508796,0,0.9476769350679015,0.3903703155985272,1,0.42162831724900574,0.21481218662442236,0,1.2638206457753725,0.5938319061926918,0,1.0528825114724474,0.23755946627492905,1,0.6521088896924772,0.16108949739003503,0,0.5276173992157585,0.2992347701689132,0,0.7241936701913032,0.32375308529099245,1,0.5224327391951263,0.20717725654199506,0,0.5665228822004937,0.2935010948512258,0,1.2862434455797191,0.2063996904991534,1,0.3562994179214041,0.15270840347473152,0,0.5226289110994591,0.23073786597162943,0,1.087536950749664,0.5621689674551633,1,0.41068499847550066,0.18144821482042245,0,0.4273785108556793,0.35419740427585505,0,1.0465815489939039,0.44975907195322073,1,0.45339479462053134,0.2591192773960815,0,0.8099030724179427,0.43826222057532005,0,1.0393862165323824,0.42777108153347143,1,0.10518151389978594,0.08536816286652897,0,0.37258605435088105,0.0849425784342845,0,1.9039218279630497,0.14343454792510038,1,0.25578165173595957,0.1760233366451395,0,0.4689428174293635,0.10109312606970129,0,0.47038599467594056,0.07153162694006668,1,0.05670852292969837,0.0628338254307765,0,0.0652384694909197,0.038367436448569395,0
111,2000,0.9,hgb,0.9100413011015471,0.00743730442264385,0.20225171407177017,0.06924373091349739,0,0.9654178933220822,0.22649787542544222,1,0.21378498424112605,0.11120830084402746,0,0.34145335877185373,0.18152837906293276,0,0.9702653116594057,0.4128282954057297,1,0.943316820018274,0.24921084637549168,0,0.604504421057763,0.3180569042172861,0,1.8822097365659372,0.6116043050514617,1,0.49663804739064454,0.22995710978112321,0,0.3921329983575999,0.12853026469289522,0,0.9538705069116714,0.21627140814632106,1,0.219354279556042,0.14840990759498013,0,0.4794992044833898,0.2476137449458779,0,1.3440726634439826,0.5000284900062462,1,1.422489384723764,0.13132938941470101,0,0.47329932383054885,0.29206900089133075,0,1.4576050076238283,0.40975838925060054,1,0.5533883540748787,0.24645760948605208,0,0.9834598887336045,0.3577658780727289,0,1.2343652131643064,0.6277508343896212,1,0.39360802378490656,0.15028832146038093,0,0.08613773332630995,0.07904591648096536,0,0.6191126449024782,0.19094313050205552,1,0.8420200100876769,0.31264392159478877,0,0.30696703471918607,0.17119893242595227,0,1.252545229188534,0.291967976386499,1,0.8620118527695938,0.47100895992284486,0,0.6023200014060623,0.4920313580578124,0,0.8422743720217575,0.32065831591675964,1,0.2937920778245447,0.2070273975575099,0,0.4140044949415387,0.2738865264730804,0,2.121593659688334,0.5129024981501016,1,1.0043942318293646,0.40404859932329285,0,0.37231228575700764,0.22536939083788332,0,1.6613551680784604,1.1210198345716305,1,0.35571731256728595,0.38422169356480523,0,0.4948295108312112,0.27891917738757616,0,1.5284325410763877,0.21771399527895363,1,0.2626711508738403,0.03411457751912185,0,0.22519736216183017,0.17093404856320168,0,0.6619327360861338,0.2467760414049291,1,0.6072362462316641,0.4794364392778726,0,0.5087604028872175,0.3247799112768653,0,1.0034269676768532,0.5589154352103044,1,1.3155546264479878,0.20975158433246216,0,0.45415710082419236,0.2313456197006144,0,0.43475441442313445,0.2791247785891115,1,0.7098545459924867,0.3826386412278077,0,1.093006557368674,0.904839800064433,0,0.5517645869007343,0.2433968152402562,1,0.3893848559078996,0.11066056887296345,0,0.8237262126964172,0.47149678451004434,0,1.2291107952118685,0.47687020639774963,1,0.3123084375534177,0.19206644222229413,0,0.6584023541137761,0.24085026368459728,0,1.9176041514436624,0.6306363609305796,1,1.1217348132129108,1.2523420946667614,0,0.4207700560107076,0.2873916691510955,0,0.718255040178218,0.2629641494754825,1,0.940086609096694,0.36123606320922286,0,0.7855743303243393,0.37337655145333787,0,0.9081746640502206,0.37529372010556844,1,0.3654797896654959,0.14683264081349534,0,0.5128459553661895,0.23115698035514412,0,0.6358746433499503,0.2531851033136365,1,0.5062684714582464,0.12906268737584614,0,0.3104537156159216,0.15115618545879847,0,1.4543617859839106,1.5155421417178168,1,0.5450779249733442,0.35838577550809925,0,0.806067752716452,0.4130481827275434,0,1.566950371014179,0.6454456067674851,1,0.22096113192333786,0.10332886456778188,0,0.831398529924658,0.26030360960229804,0,1.2015493209846895,0.5612484377215444,1,0.2675982416805597,0.12354591809342147,0,0.9426833938666676,0.28133982009552233,0,1.1468882026204652,0.1804727843960897,1,0.7582622459355859,0.28927116709810546,0,0.6708595887908235,0.27412492277130185,0,0.7977775126887565,0.4221037946216132,1,0.6802840651040718,0.19782702645281425,0,0.7106877904783275,0.40726745372498413,0,1.55533913646929,0.3790416575696795,1,0.3460574868395094,0.1244596549745917,0,0.37776264716433683,0.1990792594002412,0,1.2819898871142885,0.4720875690074113,1,0.5274366618337125,0.24835737159929916,0,0.6040230994681867,0.22717592662679692,0,1.247027670856045,0.1006164142888967,1,0.32289355904584766,0.13298684170265257,0,0.8272617935846563,0.5381092840254111,0,1.0127306600953596,0.3255854780163101,1,0.2551394904740575,0.18091396454724257,0,0.4685241921617071,0.10809736812042704,0,1.621685749445135,0.31338176309691335,1,0.27372637268146927,0.07277574237713878,0,0.3434048892981255,0.12161426423523203,0,0.6134174211983308,0.15597346982243088,1,0.12083794665918417,0.05330666222637893,0,0.10391600466477151,0.0415994519307423,0
111,2000,0.9,ab,0.7735442445152158,0.014184749323166119,0.11671941918431647,0.23343883836863294,0,0.15884655867490233,0.09781775604992468,1,0.12591438066223612,0.16163361079136376,0,0.17497531227728588,0.10648411758325144,0,0.5036975182638419,0.22678618349154545,1,0.497286805634593,0.32127265281727513,0,0.3193417149875116,0.30643046035586985,0,1.0180045833598848,0.531929616534933,1,0.43986860458869026,0.351637886001613,0,0.1639778373707937,0.1541751769603002,0,1.2702727843746517,0.435485294238884,1,0.3742624653626388,0.3128614670307118,0,1.0272454077458921,0.5386914115657796,0,1.1773617457160923,0.6540037028864315,1,2.1149965074556576,0.9560496495061147,0,-0.017969105672837115,0.18502987034196627,0,0.5091261650767025,0.32392726082247103,1,0.24754877525431723,0.3704663324756507,0,2.158912115259551,1.4848199315815493,0,1.7057238860350403,1.0677098749708727,1,0.1491017829985824,0.10640980603132545,0,0.25682346807844414,0.32904664088584307,0,0.343129169899349,0.43332087498704147,1,0.4595397524165836,0.25647914163304,0,0.6518125257220607,0.40468233717824326,0,0.8492880857146228,0.5909114770069069,1,0.09565030873882832,0.1783866923066665,0,1.2659352141495714,0.668515626690522,0,0.6988339476349745,0.5889298280174348,1,0.3572298105365847,0.3989328155767613,0,0.6774470458922214,0.3322008813795327,0,3.1598233822409534,1.3543895416591052,1,0.3300678220284053,0.4658360092790144,0,1.81408032826305,0.6512136761677133,0,0.7631619583166616,0.4494504230881474,1,0.4946849972466166,0.5973211825460627,0,1.1216699740108456,0.5866547257164042,0,0.8474836354890869,0.7505035159049197,1,0.7568872281349283,0.318095205277981,0,0.2122734627535252,0.3097613196413594,0,0.03426529595417509,0.07284168443477448,1,0.3077021965487191,0.2064717871976199,0,0.765729872703853,0.37604356408739253,0,0.5473356264139412,0.31263851872993687,1,1.375416141570479,0.5734357743791452,0,1.0063830638188525,0.8101072408744089,0,0.09056962709419894,0.18250409121471287,1,0.7632513292984786,0.6914630745898631,0,1.8639176698946354,1.041329921067939,0,0.30029410210794405,0.19650983523453489,1,0.4764884638970652,0.8095751855682083,0,1.0540918636913859,0.7132138439723541,0,0.7992298137196006,0.4363618654832916,1,0.10820047207289693,0.13290545303850368,0,1.3760224323306798,0.7898153402898264,0,2.3795686786415753,0.6417084353783313,1,1.3905493238454234,0.6011268666579797,0,0.9291896718393989,0.3518468799849341,0,0.3574995115764446,0.4136976834069762,1,0.3533442175477359,0.23206407216850386,0,1.6309888138374216,0.64625004306325,0,0.512633758654924,0.4961384866601236,1,0.4142604747632248,0.37617429693325716,0,0.9685637416042917,0.4396477891584257,0,1.08909252322696,0.7443368693579756,1,0.5813918341046304,0.3370051680992751,0,0.035579361207188354,0.10852063199435298,0,0.4866189171918481,0.246192177565074,1,0.7311557161451967,0.43676207060744004,0,1.3176542613470197,0.8291834642394498,0,0.31572086830510104,0.6023990865699173,1,0.15857796964913934,0.19421759823569099,0,0.9902731912876173,0.2776330066132137,0,1.472467580407025,0.5018908391703464,1,0.8006369572873238,0.35195931512944284,0,1.642374818419891,0.5649201881107988,0,1.081976435081757,0.7696331168890149,1,0.48570286042785604,0.40993786854201714,0,0.487497712932369,0.5361190034365038,0,0.25307539577623483,0.18240653117981653,1,0.3557188066739589,0.3834053625536904,0,0.1967112016725591,0.17923535318351422,0,2.0065143151040656,1.0789129509036264,1,0.7841497030695723,0.7618955193161858,0,1.2938144643169038,0.5710033565791633,0,0.7957273849547308,0.46641616655559015,1,0.2825301449252022,0.16691234441170838,0,0.2773052841095779,0.18967145467988705,0,1.3155883570238758,0.785728198532988,1,0.35486596756262345,0.2561412975135635,0,0.7967262148110859,0.38417069389608216,0,1.9750167454529983,0.5570074810664394,1,0.5187454775935473,0.39664615788868146,0,0.30024405638564977,0.20900531842912234,0,1.326597004705658,0.8414155868782975,1,0.06150113824365826,0.1230022764873165,0,0.11903536202312873,0.06600911649846905,0,0.06506538627469376,0.1301307725493875,1,0.1811260432746186,0.18316799160340339,0,0.0,0.0,0
111,2000,0.9,bag,0.8098205068666484,0.009730803124450425,0.09950079047481533,0.11525244967253659,0,0.768754286958611,0.4464067851438716,1,0.21723207362363223,0.12982321295432336,0,0.3930405743605329,0.20742777739709978,0,0.2515067626626733,0.2818067539484309,1,0.5980933499207945,0.30016004086421255,0,0.4954468326869222,0.4066816520453868,0,1.4902527888272838,0.8555402643060953,1,0.8469887709044432,0.3342218933897128,0,0.8889992484090701,0.38547832153650646,0,0.8873737837694546,0.23210301903908456,1,0.6414577055514366,0.0744520192164951,0,0.8560530430558219,0.79379102654847,0,1.0646222273570962,0.3064663758397943,1,3.0208780777018567,0.9330247543452346,0,1.8239110775210747,1.0876965277860544,0,1.083363694681038,0.5498979397762711,1,0.7471051058860979,0.6551236436037543,0,0.8102339477556525,0.6754829853121969,0,1.6106036165168682,1.16147230520126,1,0.7239195937130594,0.6453052144239262,0,0.38477867488168715,0.3878942838407025,0,1.0332494567587962,0.6866113738634624,1,1.2240053351644355,0.5337397592830208,0,0.7142298353026604,0.24778681334568714,0,0.9487079460057772,0.3019944138506911,1,1.7158364867396674,0.5939507942929155,0,0.9926572927687621,0.5570127988799225,0,0.5974054445376877,0.1165374389981616,1,0.5854634904110265,0.15703685486435934,0,0.9067262955354873,0.7820258278360505,0,1.1459355151969584,0.5876969298519635,1,1.1202331441642364,0.5432901027320216,0,1.6634738010329528,0.8229811186645234,0,1.1094497280547786,1.1545082897157566,1,1.3840629712912689,1.445388299333995,0,0.6288444380041404,0.27388378715072326,0,1.3813217338344095,0.7331056542064499,1,0.7300694300386231,0.7315848719136765,0,0.3545576985432566,0.1608654256105206,0,0.683636090757332,0.6114031022606944,1,0.38637429361710784,0.2167011673801813,0,0.8417414287173,0.382318329969545,0,0.8032051223080213,0.17134804229743897,1,1.7961553056069228,1.1012944855076185,0,0.5007724904763668,0.4234435452628801,0,0.424021033833838,0.33404167733205864,1,0.7514011720946963,0.48709433635414406,0,1.332143613282257,0.5808476006533025,0,0.5813316870332166,0.32263192331817364,1,0.7719162305211393,0.5749989945116112,0,1.9928524064975446,1.352685803862335,0,1.2074650853811786,1.041598240907427,1,0.6798297677089347,0.4926651489926991,0,0.9485358053046706,0.8759264863128964,0,1.5381985115162515,0.780120125793237,1,2.4464693904536423,1.0313726290882859,0,0.39038461079586173,0.3371726872860756,0,1.3719869761610948,1.0983395716161115,1,0.9297958526425779,0.3885127533056069,0,1.184363611508557,0.6030405523684752,0,0.48545533819921854,0.23876955229104493,1,0.44227830903059295,0.4173391784759133,0,0.29587713360591283,0.1836125769215069,0,0.857993548415736,0.4974582003846947,1,0.7536861360398375,0.6518509949034771,0,0.9020337947913564,0.41729298625807454,0,1.5334925746270351,1.0553188877108504,1,0.2893339836617785,0.19648883900736663,0,1.4342711517373754,0.7321527878729395,0,1.1987994465069263,0.6137382203513476,1,0.7416989494819164,0.3884472606143125,0,0.7505922579678954,0.36109751510138755,0,1.5123271565750205,1.2494487878060063,1,0.6843789804501348,0.18749317331495496,0,1.0803321517612223,0.48147280618072735,0,1.5600603874823782,0.47349494000597375,1,0.9032704323748652,0.54121393122546,0,2.004078101463963,0.5723211861152208,0,0.6779508956459452,0.4136469521882222,1,0.7252707984977028,0.3058884497151035,0,0.8029126211482953,0.662516870256225,0,1.6019769143493279,0.5909056775164175,1,0.8593074638708014,0.35199377305130053,0,1.1547713404921929,0.5159342231440276,0,1.0504071814221208,0.5432580655452989,1,0.451812283481739,0.2870012592251294,0,0.8050265935445919,0.31971481688629344,0,0.9517143817806186,0.35215699158707015,1,0.47274254623267054,0.14526551570958793,0,1.3786694202792642,0.996740414082601,0,0.831526566597088,0.43224330049408344,1,0.5820924589222882,0.13369128099982075,0,0.4951477275278572,0.11357921010035306,0,0.9167667069037992,0.3022144074369069,1,0.32200798269039566,0.13535412004895062,0,0.3836992937461649,0.15401188055478732,0,0.35283867898660926,0.0906865680252295,1,0.14959885140569332,0.08533324643728273,0,0.1203699455023121,0.18532408691070967,0
111,2000,0.9,mlp,0.9908442021557328,0.0006327748541325946,0.01716161123133709,0.014006288588666161,0,2.4785526791161225,0.4185718271520185,1,0.07804320379251092,0.04206231791046149,0,0.07586741628462963,0.05136037378729382,0,2.3586452848638073,0.2427915883929482,1,0.058431632739304365,0.023175545777374258,0,0.03998128241710899,0.02752872739616675,0,2.7228693168849682,0.3634283646497598,1,0.10827054662291202,0.03362892722659685,0,0.01624121254916399,0.02183731144628906,0,1.9680797893501716,0.3200208524746535,1,0.03543595832719319,0.01201498974722836,0,0.03925369327734848,0.01566116568760835,0,3.034763799554817,0.3888720807107846,1,0.08925807142724959,0.04107546411805355,0,0.04333987108860352,0.023976231027336124,0,2.16503190782853,0.2730510579607494,1,0.07823443640841385,0.044681075933578694,0,0.05417272894066634,0.0412293212750215,0,1.7721167629432397,0.05043102003558078,1,0.05003721410049026,0.03213328789295935,0,0.1302145218209267,0.025611644823564376,0,2.6960546313096336,0.3511247093897269,1,0.024392544593515107,0.018581728830427025,0,0.07485432659088576,0.032653817314322105,0,1.8367740496529232,0.2941399794816764,1,0.06087022147171854,0.05381470152355725,0,0.14696944958963873,0.02917807989496472,0,1.87722271294933,0.43769460088834866,1,0.08881842975704518,0.056423907259562776,0,0.05578263754917419,0.04080678703836394,0,1.9508830083350428,0.22317727890175404,1,0.07102467156608082,0.03356179062974308,0,0.15725535063778853,0.07308544116875915,0,1.7042041009810855,0.13827982541104938,1,0.05435310835807343,0.06461640048724998,0,0.023110760005892007,0.02442610160446665,0,1.9871529387585798,0.275492978009189,1,0.043851755231038216,0.029414138424462558,0,0.02238402273855019,0.032708009817113685,0,1.4014217249917302,0.13716423453998242,1,0.14519356106537581,0.08795051331194341,0,0.07207247198261753,0.023773985140019854,0,2.433634477211032,0.22492347542221705,1,0.02536357358259697,0.02016972978950411,0,0.035804644278955904,0.026231539874159743,0,1.6921585253205205,0.06633193990613483,1,0.020624484090095412,0.013381333887199394,0,0.04635612719460448,0.028007687374963234,0,1.860619455552635,0.12378380784590215,1,0.027187913041061208,0.009691598905901483,0,0.0824064446943325,0.024715074601922613,0,1.8024635443070196,0.2625129371412271,1,0.02889900634892332,0.02723636723563988,0,0.06282285234587873,0.039875215271471844,0,2.1505701735639824,0.23026314174447232,1,0.06297832097287694,0.01786705115131994,0,0.04834738681607266,0.035792248139388985,0,2.136717567407696,0.16959558054052307,1,0.06608779762455798,0.04114966398635638,0,0.08507874136544857,0.04435952167090491,0,1.9303524052809025,0.3169257203346908,1,0.06851934008535066,0.030025289862788813,0,0.06405599349436691,0.012539720837943837,0,1.5857541920682734,0.20004342525625446,1,0.05741811622935489,0.03601849861396644,0,0.04641730783567158,0.03524389339564761,0,1.993411748846664,0.049959897243897454,1,0.03468140291231875,0.019151960680670568,0,0.047001192448402965,0.01727624393804486,0,1.7587018414815343,0.24397930872270607,1,0.05247166950404906,0.019922019352580395,0,0.09104064488722424,0.02137243732374609,0,1.5964794413005288,0.17426777773694943,1,0.02272261325239821,0.025234537755916775,0,0.057723646515209434,0.035679282957581646,0,2.115415876674627,0.20827330352715673,1,0.06345911442738042,0.045094294760602664,0,0.06268121418960293,0.06651454846432564,0,2.8201222205632215,0.3757741435319419,1,0.033393600573312684,0.025894641329158325,0,0.04709019041844833,0.013963324482961956,0,2.4921882352735802,0.315287737594297,1,0.13038992153538648,0.08128447670214295,0,0.04380926812551246,0.029814110820471484,0,2.2848495141868375,0.017456592451098013,1,0.03258041753973977,0.011377639230291933,0,0.033487460774993115,0.0395710296267283,0,1.5376686133859132,0.2229695474383491,1,0.02546292758304584,0.029155316595725008,0,0.1141049516204076,0.039574795597916,0,1.689239363951246,0.256608528904793,1,0.08287079497171213,0.029151111474566928,0,0.053436478775603424,0.028711234002633815,0,1.6314817786987306,0.16840322141770608,1,0.04876014313248618,0.03425446251491949,0,0.07373581471447914,0.05657879925618532,0,2.171060506339047,0.18823502678122997,1,0.06400329270103364,0.029834065457717943,0,0.04123803944136652,0.04702713821718505,0
111,2000,0.9,svr,0.9029022366438738,0.013430470544925563,0.39282440130249835,0.05972695906822285,0,0.703825784035426,0.1416942627444703,1,0.37955521103141165,0.10151453420885044,0,0.3726495751810228,0.11279207110190262,0,0.8139788250299939,0.22945649118059008,1,0.6229266981123954,0.15767964952991556,0,0.5408681610891843,0.15032122716992122,0,0.8695845136220294,0.22267872669568436,1,0.6577534770952234,0.1697294451514703,0,0.4936945528601382,0.12318151606377462,0,0.8593485301962801,0.1862372621769631,1,0.6793429288721906,0.16750389538603802,0,0.629895102886509,0.16061458513556312,0,1.0939511268086257,0.2645615599629938,1,0.7720165134068415,0.20075692974656037,0,0.628308713101983,0.15697027629740204,0,1.01823134549665,0.25928746056037094,1,0.550118663505759,0.14678012224993225,0,0.6698929689120519,0.1546646445028271,0,0.8401340202169025,0.19794017002466793,1,0.5345589409340912,0.12628626182125516,0,0.40240367631343316,0.1105596964523403,0,0.7893881043842136,0.11739240371370847,1,0.5500315450123544,0.1072193674546413,0,0.5070650081047734,0.09386604725348521,0,0.9068862014354953,0.11142177670781372,1,0.7503643815054384,0.11412780357094487,0,0.6606806205284532,0.10715193947223987,0,0.925771731313754,0.15035783442735276,1,0.5119671957025604,0.16261748866258907,0,0.6117321092314186,0.16392114665972382,0,1.093654644160263,0.2755769959508106,1,0.6967945388177345,0.11883949532058617,0,0.6350064018972853,0.10185489668012877,0,1.0506400158070783,0.19930459297042266,1,0.6125975060636173,0.1379237427834542,0,0.6638774663084032,0.09692017624660965,0,1.0711539065700189,0.13851586766400473,1,0.6239855793089171,0.08097020691679316,0,0.5833271841383055,0.12821820915070142,0,0.760803334884127,0.13505717101637363,1,0.7101827242375065,0.11106584665794365,0,0.7323799854558833,0.17865664202487364,0,1.1246964199628358,0.19127959597825717,1,0.7312547052678391,0.14801323672319164,0,0.7701824947359943,0.18075110301762326,0,0.9067060174384096,0.14896296633481085,1,0.7728026644666052,0.15302146906226288,0,0.6965462027178783,0.1141335049967424,0,0.9827635911366069,0.12859595020844503,1,0.7159924187642888,0.10437901428612247,0,0.7057503836630639,0.17584597172037322,0,1.0190731285271735,0.21089069496445909,1,0.6703029483617684,0.17607458298060197,0,0.8239821438058195,0.20323741629085476,0,1.1117711939541968,0.19246702229363472,1,0.7709945690457609,0.15159557008209976,0,0.6786595178278143,0.1452162004318577,0,0.9277958575600644,0.17423518719407355,1,0.6385214493098783,0.152839356218723,0,0.604500625441994,0.14147852149613607,0,0.9597211292013679,0.1788214323329958,1,0.7760813430799598,0.1216515439737108,0,0.7188589788805135,0.09493237044446304,0,1.069444032734117,0.13053792849212015,1,0.695476594936202,0.1287568611795988,0,0.5214305229313924,0.14464692568437026,0,0.9276790731857465,0.1610643435039269,1,0.7341334379958793,0.11566766378487894,0,0.7246297679602449,0.12718644465103934,0,1.023048545909724,0.15401911987176328,1,0.6154238469336974,0.09598750690627213,0,0.6151884392787885,0.07465279109136805,0,1.0297795307454263,0.14352042106584165,1,0.6589806480411371,0.115448769716707,0,0.5844146232735478,0.14914975753642198,0,0.8955707591479296,0.13046217379785294,1,0.8015543971342257,0.10481464388014974,0,0.5165002521961307,0.0792672190353369,0,0.983183934213329,0.15413838154651974,1,0.7760450936425556,0.1537174728152045,0,0.6585484649330186,0.11605898463524618,0,0.9382226361227218,0.11397118949868108,1,0.6640952585328159,0.09271409354957974,0,0.5839882764109494,0.07499632551856095,0,0.9438262171378989,0.09702351518934806,1,0.594350124004807,0.07521649424078199,0,0.5971776286165354,0.06679363686961538,0,0.8519744714408841,0.05979735382364316,1,0.5117735199362532,0.046356656430697814,0,0.5402890023650893,0.10735790105451308,0,0.7793905352212491,0.14453208404070036,1,0.4437983651946446,0.10077096970177593,0,0.4645932350127107,0.11275709193462091,0,0.7771841881161763,0.1437716529868211,1,0.4483458544724798,0.1204935025974699,0,0.4515829336854013,0.09193009817504356,0,0.5372486224677889,0.12409914718919618,1,0.22345515762806709,0.09488827224608332,0,0.13831160966806774,0.06182769373960296,0
111,2000,0.9,knn,0.9159739785504588,0.005564043050695127,0.4408196853541452,0.3042213511549357,0,0.6425580518121692,0.3592758281648437,1,0.6337424177636224,0.3014213088208217,0,0.575683233768896,0.2565690399542552,0,0.6443038215478566,0.3508237645295707,1,0.504474843769285,0.2913044621141969,0,0.6319333871169774,0.3662449071268209,0,0.6711740908450683,0.2784335154442729,1,0.7055153778162861,0.47075506894920693,0,0.5818366240732218,0.4921199415113119,0,0.7258567894618411,0.345700653175325,1,0.6055117545324501,0.3667060661005184,0,0.7065249279039499,0.2144142871490309,0,0.9931246245406555,0.45358248809654866,1,0.8959916403675849,0.4552374900943189,0,0.6489045866236607,0.2482264138605064,0,0.6595419606776676,0.2440722389680838,1,0.5434795307484075,0.3226010315241743,0,0.49701913785372076,0.33993870957315114,0,0.43966154134876545,0.27326774539638843,1,0.41492500130648563,0.4539139797129344,0,0.38194579260531897,0.29246192750285543,0,0.5952370996741383,0.14039569668064547,1,0.479267307652114,0.23222520736575078,0,0.5188562531636418,0.30341010263754553,0,0.6954852741057284,0.23649260414096798,1,0.8296803213709939,0.43783015531305325,0,0.5975189261185715,0.49445018659293377,0,0.7010930408318155,0.5292568524234492,1,0.5566447451342242,0.46185052708888674,0,0.6060628168303861,0.3064853662563271,0,0.6531498688996328,0.4304878754306262,1,0.6192647830386796,0.3827064438770934,0,0.7773629315975983,0.269044933890987,0,0.8479210163453967,0.15180529429590348,1,0.6860377236677296,0.32901307602397994,0,0.6153331186362206,0.4463377208185654,0,0.6241126002105002,0.43573640913925266,1,0.3156328949854017,0.3278805135198976,0,0.3816268212066522,0.14387296229458438,0,0.542701750697953,0.2622187571130726,1,0.4053286053266988,0.1740115955502162,0,0.524108857269532,0.17657105715656127,0,0.4229693668069599,0.22155343136576436,1,0.38229055818005425,0.2953942840987169,0,0.29310276475189184,0.2521638624839382,0,0.4076159079826088,0.2166460688366349,1,0.3863070194994929,0.12042812869519308,0,0.6142650819488622,0.27029890409930163,0,0.4448150038504203,0.26605926901198523,1,0.47901366114642485,0.30669794045614646,0,0.5277096948213934,0.37925007725455856,0,0.5287590286883456,0.2756553853057032,1,0.6138638410427787,0.24241738192197,0,0.6447610316626033,0.26179715910411794,0,0.6608789283883727,0.38955616284910327,1,0.5027035380465318,0.2061116682771295,0,0.5919777002012375,0.24641187724162986,0,0.6850392681679521,0.18875849788314558,1,0.6073371355888199,0.08450641806414566,0,0.685698141441939,0.2575587826227245,0,0.6842558133934735,0.22238387417210836,1,0.5298363572568965,0.29018649552241715,0,0.5250736312117336,0.34700226062513057,0,0.5367262712994793,0.2639734293599757,1,0.556926040075399,0.09944843521248846,0,0.45696360968599137,0.20944484475165934,0,0.5236239271846692,0.28933434156736715,1,0.5727295990478631,0.37723174302325346,0,0.4867331188149457,0.23859872068580565,0,0.6591880608033766,0.3065004644654635,1,0.5916608264837128,0.41108662087868714,0,0.7285623485701176,0.22084008114306874,0,0.9237474992831102,0.31725799237094804,1,0.9948283693671229,0.2499812275730829,0,0.8766899455562177,0.33057119301502585,0,1.082251081237398,0.22400273592172046,1,0.9099965484899771,0.123328509323308,0,0.7930349814242464,0.3201074525647379,0,0.7708083473796866,0.22055371859889894,1,0.6224300374426166,0.21439522021568264,0,0.7494323389704324,0.25732799428920367,0,0.8358833673910759,0.23562267607535112,1,0.7267487766381665,0.32190356534181236,0,0.6977270008112414,0.18822141939618792,0,0.597329727293809,0.25427417415327636,1,0.549181926607954,0.23310442972771636,0,0.472152995241796,0.31039249097406024,0,0.613586064626265,0.30381880195705024,1,0.6765101671187767,0.3008862528145835,0,0.6694857227379142,0.43524935816913146,0,0.5114698770961186,0.355359167213995,1,0.4882866417885042,0.27942178478704816,0,0.46402517974684054,0.22079916256485488,0,0.4703012431393606,0.10506365418442318,1,0.17470635319450875,0.2961405444823497,0,0.16332148800085933,0.2144548947059501,0,0.2685517710234918,0.1477783563092026,1,0.13758516119102948,0.24302451320831153,0,0.02438158795447759,0.2075761094345872,0
111,2000,0.9,SuperLearner,0.9943017708712277,0.00011350007322247369,0.0004637729919977632,0.0014176640124545718,0,2.1657741803128707,0.2640869088058313,1,0.006197454946549664,0.011509267402521848,0,0.012853266878512506,0.013719612862214839,0,2.562064327052946,0.24456999516208597,1,0.007540195954611402,0.012298980583627167,0,0.006133451700237881,0.0037267194048265194,0,2.483302277575569,0.30938638924781364,1,0.010990884835490572,0.022386459116371386,0,0.0025291750666259203,0.004678526166337775,0,1.7674525176379798,0.25241803980653327,1,0.005606548019175805,0.009028835405453897,0,0.002373561345958116,0.012373591243126453,0,2.756813201006015,0.36033960637118323,1,0.03301162963918868,0.022771749301501838,0,0.006560450470409493,0.006712668153160882,0,2.232319727718829,0.2847390815769834,1,0.010921844178859533,0.015013901171650156,0,0.004856974211831108,0.004103894598643327,0,1.832858930946309,0.1398526669180853,1,0.024031223139824327,0.011597369845780385,0,0.1227485140393979,0.05510913504902106,0,2.6431496332032323,0.24555038365865148,1,0.00014656904604787784,0.004237353037587092,0,0.0019429602014006016,0.003624567025080127,0,2.1176178858823422,0.20983559035237073,1,0.0020989169920022813,0.002619351636206697,0,0.006158332012381327,0.008850609727903653,0,1.8600087569809838,0.2618730565216812,1,0.006289695746421603,0.008090107304824685,0,0.004721408867345733,0.006514250014723158,0,2.056341373641118,0.25197035932752476,1,0.01991049452367976,0.01931461905903804,0,0.05122791037903829,0.02612947282413022,0,1.9142096078201694,0.18912420363469412,1,0.005191778362306363,0.005207878650031064,0,-0.0018665238553947471,0.001281343533671843,0,1.9643994372093068,0.2149871108164454,1,0.002073809173695613,0.004762181786935623,0,0.024710143067860492,0.023713602594048526,0,1.2567426877518266,0.09464879125672884,1,0.031592617148169765,0.018294186732444918,0,0.003436400360004821,0.008022439669903597,0,2.243537802143473,0.19188820349078448,1,-6.116604320593353e-05,0.002206132335859581,0,0.0009962970512165012,0.001828760061384154,0,1.8718082979895683,0.08937221502479999,1,0.011603898441715,0.008301798604975269,0,0.002944744203684461,0.005516639820579929,0,1.8908412902104288,0.08051250689679908,1,0.008005449023082731,0.007459258969798768,0,0.0034474232811493332,0.003152829468141832,0,2.2431081738518897,0.2326915880158844,1,-0.0007007737054354794,0.0020433559119311614,0,0.0012571767544816653,0.008863072575089495,0,2.1082139238009034,0.12166524653872314,1,0.002366261531625808,0.007595280570176473,0,0.02784300035099984,0.00868341129356936,0,2.1408994546154525,0.18008443787514766,1,0.012079547628608227,0.010026074328860506,0,0.00880436083162681,0.008792272521545954,0,1.6352764787895313,0.22641950364032915,1,0.02931661345718258,0.013326701816676122,0,0.0066196261866362845,0.0046270933924523645,0,1.6907950981849502,0.13540077397835085,1,0.008943478119829363,0.007922831698050864,0,0.0012138924905647354,0.0024646084680327502,0,1.9932289095251938,0.09945020125065537,1,0.008173151002482667,0.0037872189588461064,0,0.002158345627971752,0.004034377058245714,0,1.840929136642303,0.10655365279627133,1,0.0032787759251433866,0.004574358271484875,0,0.018002573783923802,0.015429737522906923,0,1.6471777241143695,0.12607045867238115,1,0.005324934062888533,0.010112021068817685,0,0.01957161352451909,0.015170234402462904,0,1.9901345486378683,0.16218833104602942,1,0.011868510678891431,0.016628528517310358,0,0.013127395621253502,0.01685431839941724,0,2.495423023269265,0.30321379458047704,1,0.0021554691882212447,0.004491776197819544,0,0.003066526553318883,0.00465842446432574,0,2.3089959528068644,0.13346444507662733,1,0.02557592345415375,0.016289106573719306,0,0.0013430255496682327,0.0010945615067564434,0,2.4845638469971583,0.10832510505696812,1,0.029378740383676948,0.013253022458742193,0,0.009483146618545997,0.006163434187149262,0,1.7667471186849912,0.19576310729057192,1,0.016095984443279455,0.006483741160569697,0,0.004707545993164964,0.007229544028316608,0,1.6794255028942289,0.21142296826746293,1,0.0035909504972429325,0.002686189625921219,0,0.003785972840418584,0.003348997027928671,0,1.7361046646896892,0.17140702788908496,1,-0.0004344637674001839,0.0026710375728959657,0,0.026822363329308034,0.018588624366434922,0,1.7443092117192514,0.05172670903978168,1,0.0171885140620337,0.008376134403572611,0,0.026431397917179827,0.01011508640997139,0
111,5000,0.9,lr,0.9946054537065994,0.0003589049242170417,0.0007995166631440158,0.001528901754615319,0,1.7128665679645887,0.07713181726350547,1,0.0019160105376604924,0.0022353801678108316,0,0.0026544952191983307,0.0024137637314301016,0,1.9675564412670226,0.14740908566034497,1,0.0007333897820148824,0.0011575150312124523,0,0.0004237171795626486,0.0010969676090160706,0,1.9996839018037122,0.0407724953900794,1,0.0042728752152472235,0.004329115574016679,0,0.001747544478467698,0.002474252165546411,0,2.0222492169703576,0.1355453322337812,1,0.0005893345128569073,0.001064777988197546,0,0.007366472601885783,0.0029417460926339906,0,2.1439397474696875,0.1656585278508626,1,-0.0001893058810143615,0.001025524359970752,0,0.0012989308417058385,0.002915498769271051,0,1.766017681436495,0.16559647142657197,1,0.011697371026338731,0.008038755810013147,0,0.004363937582662004,0.00522119333637511,0,1.8676677570144284,0.12156081865985624,1,0.008888649332098065,0.012120360969970026,0,0.0018185259166439579,0.004488243047689929,0,1.8173588956971174,0.10212130640522647,1,0.0003778731592417816,0.002146498391113798,0,0.005683667046480344,0.006904202134529127,0,2.12945972200509,0.07951290679310276,1,0.0405223469780118,0.013654558012403053,0,0.024054829716749257,0.003478195447082459,0,1.7899686744175825,0.07436457877983804,1,0.0005978291509961889,0.0012814047177401716,0,0.0011241923110724365,0.001158137716046398,0,2.1166758364888643,0.11037335138175697,1,0.0034559578554250034,0.0024635645954822444,0,0.0006209643911151746,0.0011535227218462997,0,1.9092218473143951,0.16356913408082274,1,0.024977438366822563,0.0075122445932457324,0,0.0022158023508524844,0.0046701114651320624,0,1.5675405058008085,0.0635490878694691,1,0.001138540774980226,0.0014847406375770474,0,0.0027408719213807124,0.003214950749272723,0,1.8879885604716733,0.1699244811515033,1,0.01175552183192037,0.008910911450552532,0,0.006023848379058875,0.004051130697058325,0,2.1771962734849915,0.08183225490993426,1,0.0015338675965438206,0.0017001539940706533,0,0.002899595883782413,0.0018569249170913786,0,2.221087698938647,0.0438443104059062,1,0.006441589144613309,0.0066276129138786955,0,0.016069015867354427,0.004436659305513773,0,2.0271737883091254,0.13216475179266304,1,0.003842857302844707,0.0033874978575428346,0,0.00022825352084162985,0.0005064679409097261,0,1.926179337669749,0.08816748345694721,1,-8.60890700213582e-06,0.0008673824965317223,0,0.0011819867331346596,0.0028058441146373014,0,2.108661983809617,0.07355936780796873,1,0.0015209341122954093,0.0014872340729329835,0,0.0007894353977892772,0.0011360827955886508,0,2.2840842361324927,0.1463733432484985,1,-1.9854737443263366e-05,0.0022087623618743547,0,0.017830962450484395,0.010893518914084003,0,2.346495493684528,0.07840665483348741,1,0.0020585642535196572,0.0047981211818459825,0,0.0006872555703896025,0.0010085254613938577,0,2.0621610347639354,0.04726748252324072,1,0.0026952418507139066,0.0021767890579531594,0,0.0002868708092892338,0.0009500900599340147,0,1.9309217852821843,0.13428898044411347,1,0.0024826887212558435,0.0027707833549470554,0,0.0014774122610025347,0.0010544786919819496,0,2.0026221886829245,0.22208124869672172,1,0.003454592750012808,0.0033157345279616604,0,0.006060621057681995,0.008608958316428886,0,1.8383979017145982,0.08678270201690466,1,0.0021668313903231203,0.0011064022782610343,0,0.008733475067653807,0.0026563059445700757,0,1.9136466509723724,0.1372085689395616,1,0.012671256469363786,0.008117000877148912,0,0.021853950117091504,0.010048881232132044,0,1.8699525909854202,0.0757946784676258,1,0.0036532822562790773,0.0017355781372923784,0,0.004619426480583381,0.004182431537910104,0,2.0862905103077347,0.09009576220018192,1,0.0008326803772072573,0.0015455585693543575,0,0.0023249952473157398,0.0024743751502652725,0,2.0332225259485233,0.04995340352207884,1,0.01045370002824341,0.006305474403846034,0,0.020710179683615573,0.009481741770916341,0,2.164935688924448,0.11083272413368242,1,0.008905607548248352,0.006456836733211904,0,0.00587754055730454,0.003789940650697472,0,2.1478741067163085,0.055210291978759506,1,0.001762117456929102,0.004599043311449607,0,0.002896663077061129,0.00348069539419399,0,2.234587281950845,0.18940766537913864,1,0.017182767722864846,0.011912591470862051,0,0.006606692562127622,0.007468752722876749,0,1.7358166933599104,0.19990977315120056,1,0.0057139904574391946,0.005426300627468204,0,0.0016119585039515087,0.0011820775069391926,0
111,5000,0.9,lasso,0.9615589615434998,0.0006313766355499869,0.0,0.0,0,1.1835446730460024,0.09190098890691083,1,0.005317906882543426,0.010635813765086852,0,0.08800030511203116,0.059162088507589916,0,2.7739161254916787,0.09746715653135458,1,0.010247594706316615,0.02049518941263323,0,0.0,0.0,0,3.5447099201494745,0.14540612444133316,1,0.0,0.0,0,0.0,0.0,0,2.749660085745668,0.12293902562734355,1,0.0,0.0,0,0.0,0.0,0,2.889727746336704,0.141638444255238,1,0.018421842274489477,0.03095782229859881,0,0.0008890246295325035,0.001778049259065007,0,3.5602404879205976,0.3404029553002755,1,0.0,0.0,0,0.0,0.0,0,3.39858347383272,0.09432825590551391,1,0.0,0.0,0,0.0,0.0,0,2.2512615412470267,0.23851080750046566,1,0.0,0.0,0,0.0,0.0,0,3.235546810743388,0.16472680434541737,1,0.0,0.0,0,0.2320338251762215,0.06139352539660794,0,2.3565329791596037,0.08757121904402945,1,0.0,0.0,0,0.02311287233830025,0.035103055644741275,0,3.612039932997965,0.2443823311256349,1,0.0,0.0,0,0.10745128378374195,0.082917603056009,0,3.320124571025263,0.07857420348578964,1,0.005474075522357246,0.010948151044714492,0,0.0,0.0,0,2.1386060588415967,0.12167595045123906,1,0.0,0.0,0,0.0,0.0,0,3.0979307365243143,0.22774630274597105,1,0.0,0.0,0,0.0,0.0,0,2.7348360100570845,0.20783324364432543,1,0.2074056125112303,0.11472386710839755,0,0.0,0.0,0,2.7226456301939246,0.17245371255250005,1,0.15412528513908966,0.14791633715950894,0,0.3596399247846838,0.11857660179487266,0,2.244155258443512,0.24877206113719855,1,0.24912250496489463,0.15169485892442874,0,0.0,0.0,0,2.752242603372229,0.1723573240644327,1,0.0,0.0,0,0.0,0.0,0,3.0129991890495242,0.18117207592471155,1,0.03679212910821892,0.04744392450787789,0,0.0,0.0,0,3.6045009506630543,0.24112126262922645,1,0.00219427555714525,0.0043885511142905,0,0.0,0.0,0,3.1311140779474878,0.16512021169567162,1,0.023674338136876867,0.035641713601388035,0,0.0,0.0,0,2.573810371054523,0.2063319135842151,1,0.0,0.0,0,0.008874627994530858,0.012840450005637263,0,2.5141961888707707,0.16066001102152222,1,0.0,0.0,0,0.0,0.0,0,3.485570323260641,0.15111886492140086,1,0.0,0.0,0,0.0,0.0,0,3.143450549024851,0.17286330859999627,1,0.0,0.0,0,0.0,0.0,0,3.1566809691738524,0.18632012496043873,1,0.10690926779867294,0.16344877030226532,0,0.0,0.0,0,2.1275076386865512,0.19160932778471032,1,0.0696639320419479,0.09879197965129675,0,0.11077111371975028,0.1421706497600326,0,3.1454846181057894,0.12255323090753314,1,0.0,0.0,0,0.003867829980153537,0.007735659960307073,0,2.9753192865704796,0.16383701529340364,1,0.07873304557907852,0.08051437057548828,0,0.0,0.0,0,2.7922474739747463,0.2254479361832888,1,0.0352903264947497,0.04374581086923312,0,0.0,0.0,0,3.381141837957853,0.14840841027976406,1,0.0,0.0,0,0.03585107754848379,0.0439554412423337,0,3.0002421320764094,0.295739787765529,1,0.015657707377759948,0.031315414755519896,0,0.14459228436913998,0.0788444363438271,0,0.8705249728824676,0.07103734270672742,1,0.0,0.0,0,0.0,0.0,0
111,5000,0.9,dt,0.5491241869648722,0.04561703792615569,0.5308017829239065,0.3370841154741575,0,0.7800698106997543,0.7187916262743734,1,0.33373715208639193,0.2750522183832851,0,0.5229824423010143,0.36882267270324665,0,1.7402328369911433,0.9460196499864587,1,0.7139283018713313,0.3371508485164523,0,1.0447784980899797,0.35645025676149894,0,1.145707479496593,0.5975099788063166,1,1.4062598120563816,1.2260386225010778,0,2.065354659555951,1.6598365776698607,0,1.5992205183472064,0.6861635784416442,1,1.394144680175528,0.9276925601350462,0,0.6059128711115604,0.9299573319584412,0,5.346878707305696,4.273824590392835,1,1.5735962198298497,1.334982904643635,0,0.7572749935117973,0.7600421332968124,0,2.6277502978957594,2.201536945253346,1,2.0425179021708577,2.924986334684202,0,3.6656803866375043,4.069929381787307,0,2.9220794834079413,1.7525375783947157,1,0.5279287497055605,0.5764030499868815,0,2.2357021720781267,4.358275430365881,0,0.4753084405994546,0.5096224963187013,1,0.6654362719558999,0.5400833917256975,0,0.4435317214703206,0.3123065316548778,0,2.5569950700244948,2.690603669883222,1,0.7470177445805015,0.39127832067514806,0,0.8003319909869793,0.5582398023988198,0,5.475515646084963,5.281490868395881,1,1.6015197733776425,2.385162918051507,0,1.3508838600207573,0.9208300203350949,0,3.010167202194532,2.1269687124500107,1,1.8791757896288597,1.9669242343171232,0,1.200269233206462,1.0177209279137491,0,1.0503798414890408,0.8315039272631239,1,2.313019122773944,2.2501601381525833,0,0.9158666086309506,0.8279617223645626,0,1.7399929009204793,0.9738910417165978,1,1.1548230710959624,1.3914884460767643,0,0.9610001516723745,0.4674869313054728,0,0.4598062248489951,0.9338133638337717,1,0.7964073768043223,0.5814276362661356,0,0.8581322201488643,0.8834440885915443,0,0.8570655987261858,0.38100260428108246,1,1.4877412890572241,1.1597888846969076,0,0.8901933817818595,0.7800030003849067,0,0.6646386024776301,0.5810482021907104,1,0.5427432585679688,0.6131182447641444,0,0.5929471064050056,0.405650309861781,0,1.7956814436282191,2.9974746866016235,1,8.94388556135163,7.689319208736174,0,3.586260839440704,6.508100385980267,0,1.3550478018727716,0.8473498635339436,1,0.3545417490986296,0.19950387394463157,0,2.7143215391569435,3.3819601650592865,0,1.2139609830890017,1.5948252402260872,1,2.774992510186293,1.3262911881903348,0,1.0929897755523885,1.0896375399230778,0,2.145290491500144,1.0543458193304038,1,1.3331355779712715,1.0261914716107883,0,0.3159462918502181,0.4420543716103776,0,0.8354788898743191,1.2384107375679554,1,1.38838551766916,1.1206727995267824,0,4.512859404229776,3.568618977882223,0,0.5281844808834517,0.9836491140040762,1,0.9984513003946848,0.657250173659748,0,0.4206254462753337,0.6053789102087005,0,1.8050177357446646,1.7643973302975382,1,1.3858449228214158,1.236690819283723,0,3.83442363697568,2.8415928847085046,0,0.8705613993773259,0.7642769129524495,1,3.6198419754694697,3.219789056328266,0,0.9815131044427631,0.9446151341904616,0,4.860703946949139,4.820535461056342,1,0.18675995633642217,0.45195044321225014,0,1.2927390566595893,1.1083469810224307,0,2.8559851987383875,2.648167842172933,1,0.49585117987022775,0.33299860205293585,0,1.2493189194153358,0.7738571238427334,0,2.40078392758959,2.0806757464039487,1,0.9165059764682063,1.4774838069325313,0,1.8790010570923752,1.4401975688195896,0,1.031137401485727,0.8691499729651734,1,1.228696614368817,1.4508643103827428,0,1.152696691106051,1.0637453444146638,0,3.950340402891476,3.8956170202295572,1,2.1148310291315306,2.168638921081944,0,3.1103942662720074,2.293453063622382,0,2.417704792276159,3.307280057672324,1,1.8471002107704344,2.084057133346875,0,1.0973243376730133,0.5126770551030063,0,1.870730629785981,1.1934530941738948,1,0.8561820661678359,0.6116820282736148,0,0.6607671622670437,1.0140578764951316,0,0.617256168118433,0.8394976719373637,1,0.5130961349493266,0.7071631455647958,0,0.7228164602860426,0.29709131879389883,0,0.4064134786474646,0.41944215447090627,1,0.3568225771158914,0.22123441706549343,0,0.09820511169809129,0.1722634402171279,0
111,5000,0.9,rf,0.8859016575622303,0.005237436449662197,0.21366735072820556,0.038296393211873836,0,0.38363841352236394,0.06833087238301429,1,0.35367533857330247,0.03910391830730326,0,0.5164688244615419,0.055242424944699116,0,0.6052291713192505,0.052803876531062936,1,0.6843321536749202,0.037687542272103816,0,0.6209989635613336,0.06468093725009039,0,1.0589177557629992,0.04782743336594854,1,0.7243043291879723,0.0593748181998754,0,0.623415011685889,0.07762798311479593,0,0.9800907186900748,0.17013535341445185,1,0.7468715004948714,0.11848473010815926,0,0.748041316286675,0.16069835120551726,0,1.2389097523669959,0.36307761601467614,1,0.9849698161972217,0.14973657056711823,0,0.925879852502437,0.10411376438675089,0,1.6059875178594332,0.2873007484653574,1,1.0656911982222192,0.18107362340794902,0,1.6702359393070314,0.37822176831004334,0,1.5958394425564113,0.6144929255010609,1,0.464687510655821,0.09572745773050234,0,0.486696440782125,0.11519716435890139,0,1.0147433695482126,0.32367081664249503,1,0.49486521462177124,0.1061761978016715,0,0.5055419997949817,0.14301036117207644,0,0.6621712629530006,0.16492255038197579,1,0.7166374814722378,0.14156431048630233,0,0.9942213754811021,0.3063597451275431,0,1.2789158424537772,0.3433169515705781,1,0.8351681593511646,0.19680504631253312,0,0.8814470929327178,0.1546913895758758,0,1.9331795896759647,0.5285180838540311,1,0.7750970996745925,0.11689869075286075,0,1.1477612655478604,0.25881597759603364,0,1.4469197355640189,0.31465594967050375,1,1.1624603422823074,0.43899617129874746,0,0.4342835127303519,0.04131064396604639,0,0.7189515189413896,0.10588832658307233,1,0.6052290419240662,0.15875168108784488,0,0.4704193194480296,0.0748515345721376,0,1.1014630515731572,0.27056688934756123,1,0.4920929679566237,0.05148829918404125,0,0.6374354227339751,0.07991661752239429,0,0.9463439032092698,0.07824612648311385,1,1.0380835659977294,0.1579874724806606,0,0.5423059521093461,0.061141790512810386,0,0.7915651160375883,0.09382435154073857,1,0.609365247728138,0.12435815596308282,0,1.0199540674658245,0.13895741843986664,0,1.4691213202492073,0.43431720002383306,1,2.4312103655179853,0.5011919803018582,0,1.277072323361108,0.5654890173052259,0,0.9533978608871141,0.32382719468918775,1,0.40974790429775076,0.0735026600175684,0,0.7751446662350123,0.1828578541968057,0,0.7468029545417323,0.1433774831939949,1,1.0728757301003626,0.11540473739214091,0,0.8379584211753489,0.14831967842812518,0,1.1823874294390442,0.14014070030006673,1,0.9509816422673415,0.24467265455169201,0,0.7668508169235242,0.21599512892646722,0,0.9526703836491315,0.28339061720757863,1,0.6338598138132511,0.08738409610557617,0,0.75814172028043,0.08302009621834537,0,0.6924451986674598,0.19874074571874425,1,0.6563494091417191,0.11860694689987644,0,0.6442929969471753,0.09955761473762452,0,1.2167217566779822,0.17022039720214216,1,0.6433836809279548,0.13030688284391548,0,0.6085598874772501,0.07197917097417812,0,1.2030471364854984,0.17036961479158508,1,0.9852848396722887,0.22691458999942243,0,0.900732835475619,0.14119501137642598,0,1.7192522259017253,0.8738050613735525,1,0.8246423857009768,0.1511172763436917,0,1.084745442037881,0.14056900915462328,0,0.8246942491620544,0.16342065738839465,1,0.5937407383508281,0.10754224650093427,0,0.5952724311452879,0.1649872745523873,0,0.8377463234978192,0.11448835164927508,1,0.6539930761134123,0.1439066270137643,0,0.7205809243519277,0.19144259808478895,0,1.1084971785605415,0.09055431642595345,1,0.6038825709151541,0.12652946582502125,0,1.3355962635371865,0.4443329134328664,0,1.4997943991351264,0.343644006235315,1,0.8615857172628992,0.16790880259751875,0,0.9942449779604272,0.15083206560125953,0,1.2461164044998307,0.18117346019289882,1,0.8360349719479483,0.0789209030643961,0,0.7686213509391752,0.09206504603294935,0,0.772184799696322,0.09273834013702753,1,0.5706074188126928,0.07066130336887722,0,0.6676074782582624,0.11935004628722445,0,0.7054394589659652,0.052609913950995214,1,0.4254946842369695,0.060498225008206646,0,0.3260953895584696,0.022123356378471196,0,0.2959907659848616,0.01847505827000311,1,0.18930671296054355,0.05124371783453831,0,0.11252995889381001,0.02188591693765301,0
111,5000,0.9,et,0.9003083277890594,0.004552256031652804,0.22462473011136752,0.046535492607557724,0,0.3500157581172093,0.048021983909775696,1,0.3595045018539362,0.008835359937593115,0,0.5493949419741855,0.052366991268993926,0,0.6602505661438605,0.060412572829208415,1,0.7239368009541954,0.06878508577522773,0,0.5506560996132261,0.0521682132994893,0,1.0605677586546054,0.18160829192958264,1,0.740836023012789,0.04499693298559105,0,0.6273486483278138,0.06828883541719095,0,0.9310635009747582,0.1001516652315665,1,0.803714727514957,0.04170345662258922,0,0.6891330004069497,0.10769141976722965,0,1.0615622324012914,0.1206934011377036,1,1.0011718838120554,0.061853600674421805,0,1.0318303761263865,0.15925093623468423,0,1.6117147108157106,0.33670623643776965,1,1.1507101206581438,0.22270469453871666,0,1.4185157489584026,0.27979071608784817,0,1.2535309999743274,0.28407509499335565,1,0.5595057167746618,0.09723462685802339,0,0.50829889929208,0.10711164656117056,0,0.875176010822651,0.07541063840315088,1,0.4567319401272026,0.03328908064247915,0,0.5034340052383632,0.11122164640163482,0,0.8133477182692893,0.11981813755648384,1,0.7968862184979691,0.06808875973109545,0,0.7864751719152432,0.1284216232738712,0,1.0288541143812098,0.13539151095360483,1,0.6715098479328592,0.15628646515203526,0,0.9534009230728702,0.06265744171654357,0,1.8649478075481478,0.3710537661647302,1,0.9323090824788787,0.049197757305151364,0,1.2652648890893239,0.19207143174765984,0,1.2560497738555476,0.16102175156847853,1,0.8967096339801784,0.11303718662309065,0,0.6332489650025789,0.02885714060758616,0,0.656493006725332,0.13504627905270367,1,0.5789487853770984,0.06611473898392095,0,0.4992036963926748,0.06482454222094103,0,0.8679826040583972,0.25197612177926537,1,0.5586693983699986,0.07094292001391037,0,0.7592261773920488,0.08654071950254509,0,1.0664369371554834,0.16104283988900242,1,1.0362040746246393,0.1431191030747601,0,0.6388728333766369,0.09783621639057945,0,0.879685376869882,0.06567150656996523,1,0.7473769301144855,0.09056161343568178,0,1.0760185301608327,0.15543419953356596,0,1.4029783472119068,0.2694432956738554,1,1.2783579350314411,0.25764201784022206,0,1.810818447662133,0.46560834861624145,0,0.786118476370999,0.03164271819527084,1,0.43457157973482896,0.10579692590830703,0,0.6085049939685468,0.1893962170824532,0,0.9526621062883898,0.17812408939924035,1,1.1166896486996714,0.1495655631166119,0,0.8188299874236883,0.06562150372275853,0,1.2636676580359876,0.22667669890787204,1,0.9450720202415518,0.11687213568341298,0,0.8599931524679008,0.1163474353966565,0,0.8298812542460728,0.060025921116659046,1,0.6928476357807585,0.08671820618532271,0,0.8484471662752007,0.11811166499198451,0,0.6957125755566931,0.15221465656879435,1,0.5652801911007834,0.09573510475729112,0,0.6346942084293017,0.027098155175934023,0,1.0066607149108922,0.15306188522242484,1,0.6873917537780989,0.0883853899894108,0,0.6003543108480245,0.12711926290630857,0,1.308700852207597,0.11890009688538196,1,0.890410586275919,0.13991611192848769,0,1.156616606268513,0.24090614142037972,0,1.3141404020062768,0.2502453276141891,1,0.9526065664186525,0.15902213679254895,0,0.9131209632057609,0.0983535253481497,0,0.7793092575876972,0.13921013742500843,1,0.554771763209951,0.073763793747395,0,0.6236653334921411,0.08918156816681153,0,0.8395327606335803,0.08047567342585497,1,0.6308551168197235,0.11568377593756494,0,0.7400153931792641,0.14331366037388976,0,1.149238749898187,0.05928665126666075,1,0.8051235575235394,0.11712898228064227,0,1.118419654116829,0.10373761791901473,0,1.2648507886625482,0.11360381938372056,1,0.8930461456006601,0.15598423757820798,0,1.0298960246857347,0.2145545760477211,0,1.0624523935357666,0.07135438803229398,1,0.7951039837705973,0.1586819355649019,0,0.8158544585155065,0.08751345611846771,0,0.8112318997252256,0.06929804922084241,1,0.6169897710461393,0.08164031017443843,0,0.6179493660835422,0.03298867349975038,0,0.6572707465220984,0.05288941818671472,1,0.45102707404715037,0.037707090691872315,0,0.37351206525175873,0.030089879149671876,0,0.3020723808743092,0.045544729500574026,1,0.1972233109051796,0.04178125714914788,0,0.12348818051651485,0.01692302494085282,0
111,5000,0.9,gb,0.9398612869789638,0.0022950531062518468,0.03301515893940681,0.028624222540515342,0,1.1296619276633093,0.14883681324434705,1,0.08943180949812779,0.049600508776758145,0,0.549582471668467,0.1759676276773864,0,0.8639310986086054,0.25902445640910987,1,0.690249778336095,0.1298718982490335,0,0.11511014106158664,0.08172967694449655,0,1.8755199689030497,0.3780938964541686,1,0.2891518831571378,0.22146355920966537,0,0.29974961455140403,0.13049262829047165,0,1.2451270273775643,0.15872022333858943,1,0.20645784856326815,0.1434330842540615,0,0.29792297205249063,0.19236479517812394,0,1.351651343197885,0.38406126941030583,1,0.345181014713981,0.18722842970715672,0,0.2363749612149581,0.19152592574895583,0,1.7387275185005682,0.16944304206814173,1,0.22115557052147633,0.14311265173493373,0,1.143613456997419,0.6308670681607352,0,1.2533719412402233,0.2966428242405789,1,0.10525960902585818,0.10015757336086308,0,0.33222791861271306,0.10966723498476524,0,1.075389412717151,0.23907360834970873,1,0.21857795836360058,0.08247653513203378,0,0.15515539216639418,0.09469556477995716,0,1.699667211067812,0.34692012898038255,1,0.33439733483701584,0.12161366375607975,0,0.4884495854543105,0.19405160080317102,0,1.3770081508474485,0.3785920047933379,1,0.1926944581507682,0.196954586567631,0,0.4319749021511733,0.2357694031391664,0,2.325183378310742,0.5664465702488418,1,0.042492971418684605,0.054997947488144974,0,0.304950310880925,0.14248176885364955,0,1.521358454390329,0.5115870644726452,1,0.5666232468384523,0.42340293587035843,0,0.21815100115124303,0.18410631916979173,0,0.9858642334155302,0.3591920921985908,1,0.34280335988442057,0.1981578890396522,0,0.17807267907665336,0.08067484728146991,0,1.384755588788538,0.2594564550874274,1,0.07760470535605962,0.074604602385258,0,0.2005166389031013,0.09125947238092445,0,1.670702611103295,0.5098691375609732,1,0.8854765310161028,0.11549299292977004,0,0.2998893491492208,0.19312578368890423,0,0.7024729688353414,0.13743719879457747,1,0.3451271390395499,0.12108528670228959,0,0.7439807346029155,0.2760620350345821,0,0.9134529480445439,0.07094232348420204,1,0.6846370570097813,0.3097129733484554,0,0.40037643887280067,0.2750716133796032,0,0.984962203508079,0.19802124167865837,1,0.08401570938476073,0.06127628996988544,0,0.35087883190799707,0.21735409046271675,0,1.3406650762284662,0.23753167240462345,1,0.7215437676453802,0.24037931845286728,0,0.263236283598262,0.21107669622093855,0,1.5246150937492713,0.3252437607106269,1,0.8298543270958321,0.3254566243250345,0,0.16461138158373645,0.12068903056112058,0,0.9441608197185547,0.17894325171057615,1,0.2034531008405954,0.09745441832444751,0,0.7023335529613259,0.22599734631074644,0,1.1576281137463975,0.3359848785644667,1,0.39117442814020065,0.23042213123918384,0,0.13769151005527822,0.07762872139626703,0,1.1265454788543041,0.3742230355726421,1,0.19997010653314243,0.0901043148920768,0,0.392044779448192,0.11185644970893373,0,1.4285099162698156,0.3263514116249132,1,0.4144002666955526,0.1224699466587739,0,0.242151306905915,0.06879340102043104,0,1.6530582013469157,0.30084792083115736,1,0.26918648440860127,0.11197161327389696,0,0.7668893001914314,0.2776411215159426,0,0.9806546863604606,0.3090300669286612,1,0.38001320743226696,0.12494876325098328,0,0.27966942839999354,0.19672598964132673,0,1.0173242788644936,0.23799186771534042,1,0.35737415237501147,0.1162575955207252,0,0.28067003597833634,0.13355351816963157,0,1.306160276411355,0.15133628463297072,1,0.1442189128412911,0.14290170435594068,0,0.6398290894540695,0.14495911617079793,0,1.440147067152434,0.5105688334686389,1,0.2987523772866253,0.1051126084490344,0,0.623104869935273,0.17323967412123853,0,0.8667482649831412,0.2598648424859113,1,0.3121398552440652,0.11627960040306988,0,0.471227596754866,0.16461856893434798,0,1.4790774298407485,0.4639839566341697,1,0.1253687255617276,0.0945042909606434,0,0.6040954072198037,0.21354992722295793,0,1.4254450472810343,0.2595011425681452,1,0.3143034532798638,0.12111071241717887,0,0.3520146357062691,0.07699944505549791,0,0.6668581531838369,0.12651336688399706,1,0.05387712228291889,0.029529173652062497,0,0.009188022515710905,0.00832927447550116,0
111,5000,0.9,hgb,0.9450034765999108,0.002947941950734866,0.0886672211009781,0.040575898425130895,0,1.1976499512416727,0.09940712005184964,1,0.1388637908847567,0.03820851215541803,0,0.5266723470459583,0.10401457858249455,0,0.821472494082667,0.05357239959239777,1,0.5948989997717371,0.17773839589345897,0,0.18366186897405087,0.09796401877307358,0,1.7713801865906589,0.35201265443563984,1,0.36858185434432555,0.14170195042798475,0,0.31253707813090525,0.06978865433195514,0,1.0365913673223408,0.14020633458760878,1,0.3360467340145828,0.09963971186704414,0,0.367054556826682,0.09194620604337152,0,1.161111604915539,0.2349276539117281,1,0.5801519165249177,0.15892064428957525,0,0.2430013462935011,0.09211581284330578,0,1.5343561469382982,0.3398024476581854,1,0.2972015193126024,0.07447867842327267,0,1.0664184110234471,0.5312527880048802,0,1.2621651786748187,0.3545039582970033,1,0.20059284135221783,0.13420607550780428,0,0.2850348327168225,0.14883767974005394,0,1.2155781868553246,0.47208399347969654,1,0.24213926044172443,0.13377018410513428,0,0.25313258051737764,0.1454633098094687,0,1.3184623166013743,0.3765913695284697,1,0.45456073011171094,0.2847689904704898,0,0.3676378541926948,0.1276299790982188,0,1.3562218089241,0.28211399642150886,1,0.3210696587648733,0.22759676305602075,0,0.43520841751564243,0.15800287015983702,0,1.7309819551960555,0.20854289819153893,1,0.21163115456437875,0.09388085796470357,0,0.440168348206006,0.1510903777558999,0,1.507355756759956,0.39047609013602,1,0.5027189822003061,0.22067390799367612,0,0.20675353111574285,0.08580713577447031,0,0.9143390431250819,0.18206326038206333,1,0.38563230794186076,0.106503176872824,0,0.13895697086488978,0.06174224891876214,0,1.4955567280231468,0.47336451644580024,1,0.0803551493350128,0.038266262271890374,0,0.36219569726389567,0.11946579924379389,0,1.2842820090191265,0.16326129975344764,1,0.7102923330646076,0.18824153579635694,0,0.308465634537091,0.10274296643128729,0,0.8750914116441961,0.17227970785409957,1,0.29540794751068444,0.14268179483320412,0,0.6110374240268535,0.3101307029168224,0,0.931207998460075,0.13835063583210153,1,0.6717304151113801,0.1666128018421037,0,0.4946174098507739,0.3589214250810582,0,0.8170264700368621,0.27613675629811607,1,0.11657077675717878,0.1004798823287452,0,0.3904214623050521,0.06550421673902192,0,1.2223690503196205,0.4778357085375315,1,0.7549638592978738,0.23284095667531746,0,0.2667439729550604,0.17235212299704686,0,1.4738151503389239,0.38573291655773095,1,0.39913697999525605,0.1467867962599913,0,0.44377085764279656,0.20827166773968636,0,0.9920953213713697,0.16731702154666284,1,0.31584965724259295,0.10886230151499637,0,0.4535707240820511,0.22153421147660843,0,1.0061229681047403,0.14860037194212714,1,0.3362190084939973,0.0783649719686728,0,0.1931870431764399,0.06397012732342205,0,1.4095600504701573,0.3987943016916408,1,0.1805066472453429,0.08054329104965258,0,0.22173885160262546,0.05369908280853414,0,1.4891691587143625,0.16057032836963875,1,0.39674864606598936,0.2111843072275756,0,0.2208232818198907,0.04661075983161544,0,1.472583639384455,0.3237049438481556,1,0.44558211408496967,0.15966208721401137,0,0.7884683348328444,0.25853697747505744,0,0.9349767676484364,0.09995956819994042,1,0.3251901219759407,0.05851814407266626,0,0.26212892442298563,0.10284663726279526,0,0.8379442835127108,0.23312187716814944,1,0.4042365476835113,0.2127567312976883,0,0.4101050928770896,0.19931486413112076,0,1.1901832346299515,0.2280814556436091,1,0.22883536802998786,0.12724537609393566,0,0.6559559348384222,0.19813379558051544,0,1.2027314306481809,0.22301590134121563,1,0.4437202500201646,0.15421376820958285,0,0.40526657597126176,0.23222274158923198,0,1.1317957410512196,0.12759205971029836,1,0.35218637666793623,0.1027387200946284,0,0.43953010219965644,0.08826652495416047,0,1.052210557618614,0.27873709657450746,1,0.27311998284605254,0.08596994600510914,0,0.5617838331065996,0.16653172804904626,0,1.2739487670722645,0.17055054220818047,1,0.3015891601595711,0.12412276131667006,0,0.2644263552967738,0.08675277294741568,0,0.7228522422538681,0.1257559147953631,1,0.056440504523336155,0.0131874417534742,0,0.017275765005202844,0.012066703581520908,0
111,5000,0.9,ab,0.8006752934018039,0.00470355068688502,0.0,0.0,0,0.08526022354403867,0.17052044708807734,1,0.0,0.0,0,0.6046484150816431,0.34625060603079894,0,0.3663238232116059,0.193894200578354,1,0.6373880253677421,0.1997619944065959,0,0.14133581770222675,0.175552393416993,0,1.2624686921570625,0.39625513849114985,1,0.6786236960782807,0.510059321573326,0,0.09192220807281662,0.146682339944922,0,2.998541873595775,0.4975564804747358,1,0.37453404320649014,0.2788456141603768,0,0.37999647700494155,0.3955904215619969,0,1.4817854644151032,0.37661646770414614,1,0.6721579906336348,0.3679484283344002,0,0.43233027048877465,0.40486397161622983,0,1.1968166932882487,0.8970762517044375,1,0.4092674409768259,0.2550988837660726,0,1.0811473690997095,0.4670257498799998,0,1.0874479379571915,0.5278144721655517,1,0.21042662976838616,0.21612918160615027,0,0.27261426201877936,0.21128198347544785,0,1.0717930724284277,0.7482991314869345,1,0.36515306029902694,0.272388996385441,0,0.6088051690899299,0.40626065533137423,0,1.4138616889420959,1.0914086905066211,1,0.32950006294837275,0.4735291167954023,0,0.7596611121698313,0.4799635723417485,0,2.111918795971272,0.7214581330718144,1,0.3918121900867913,0.2955124337829302,0,1.3190460886927313,0.6393132060199613,0,1.4091168159915308,1.1407887467323468,1,0.09648534247908702,0.11733205457332624,0,1.8238488638435082,0.6833776047295534,0,0.5555049582828345,0.4014097049527433,1,0.43769386456389,0.2820740330080499,0,1.3869701258097002,0.6468822811880928,0,1.1068302575847024,0.7820134974137827,1,0.23864524838734713,0.2958566798021963,0,0.7907161956368957,0.2866797231287374,0,1.3915789415149398,0.5154014772257767,1,0.23830690334466373,0.25404460128672657,0,0.9368289385466368,0.7377526111340155,0,0.9954768265554481,0.35051438710281824,1,0.8960009035474095,0.3268456438391828,0,0.25264718408409825,0.24338172899976152,0,0.5991083190230608,0.28412047428888665,1,0.4005606824044598,0.3846675234225175,0,0.7458275711711541,0.37864499817756525,0,1.3048097188864451,0.6955648433491316,1,0.723765233202103,0.46064098747777305,0,0.6595918965874594,0.13010487560200407,0,0.31406534100299416,0.2182773317736463,1,0.18082402758707491,0.2628005045304067,0,1.120131634901849,0.42199234623475923,0,1.5522015389716064,0.8501689021012993,1,0.7943716269197708,0.1596432014273181,0,0.3212613485474347,0.5028677986124456,0,1.7190282389142701,0.3272868209677577,1,0.507599530090474,0.3988937527481492,0,0.7533438115428839,0.7708420678868716,0,0.4319258060545497,0.4892317278828158,1,0.595084616269036,0.3976794965744423,0,0.792940786060562,0.42919678535594297,0,1.04144936740828,0.6394626816056895,1,0.17804300121317831,0.3241620570312196,0,0.4812376148287226,0.25913350669529867,0,0.6533414976016771,0.3942297081972298,1,1.1088955084371779,0.2581498334927846,0,0.24036945635723028,0.22284384483693673,0,0.5207187799286395,0.35745344480690594,1,0.9054332898432975,0.6681751989011429,0,0.38972335539748326,0.35533517825815075,0,0.505209559349607,0.4115378246358638,1,1.2241464900166557,0.49108310744648015,0,2.7468925545882215,0.6389803278102956,0,0.3283880021366931,0.13785090821187346,1,0.2993514862825398,0.16284973247507434,0,0.26553887612411825,0.39806992146901277,0,0.1397370686423296,0.0845443587275509,1,0.3365532584870587,0.2569324881364703,0,0.22746153684673862,0.20522610813863013,0,1.5638067383421368,0.9897549298988516,1,0.46078405405211775,0.6074023865474881,0,1.019362599920832,0.17326288551242294,0,1.8239683701648357,0.5291361151623559,1,0.3612251717757384,0.32762951100450294,0,1.8443308236769873,0.5631231032971957,0,0.8952840872150505,0.24226035111375507,1,0.6724872704628166,0.4592311044195824,0,0.15188726254944207,0.2619241066773112,0,1.434478757217061,0.6905097865490496,1,0.2941223873587898,0.24450199968133224,0,0.4999318387542015,0.43513342745050765,0,0.5104616245192123,0.5419845923282275,1,0.7240141231724019,0.4003809461453165,0,0.008672585867488123,0.01734517173497625,0,0.032655550657351484,0.06531110131470297,1,0.0,0.0,0,0.0,0.0,0
111,5000,0.9,bag,0.8521546099357387,0.0032251261554906794,0.22292051232010324,0.1105579874854607,0,0.5075672424209865,0.09711383230905701,1,0.371987611651693,0.09901766982699163,0,0.588075021080742,0.11668318367272823,0,0.6602077620679067,0.18685423096940457,1,0.8759747507874203,0.2096738842246442,0,0.5704421230810344,0.25758596478781615,0,0.9601115905269045,0.24094251277570503,1,0.8099763480112449,0.20879454907855258,0,0.7071821208319419,0.15417243976166564,0,1.1347318708413539,0.6921358378615565,1,0.6522588044814543,0.22548496673964982,0,0.8401714735205081,0.2498185032141495,0,1.1803564946482275,0.44403322680186796,1,1.0327785041148094,0.3226414422896171,0,0.905135702775705,0.4904058628536828,0,1.6131566844399678,0.6601632706402428,1,1.1438915653511763,0.6330845985332365,0,2.908861009432534,0.7263366739624683,0,1.4067917635425715,1.015739443965873,1,0.6840974245948225,0.39493971447180537,0,0.28857691075428216,0.09667925075449862,0,1.3054811130210071,0.8473107214934074,1,0.6051190170088917,0.2342838054048075,0,0.7049421238716521,0.4102064927504029,0,0.6899239081538004,0.18986373249088337,1,0.6901157764689799,0.21157045426802856,0,0.7426287831085654,0.4909832713947742,0,1.0335776193094426,0.17715525022257417,1,0.8837489982156661,0.2982373107447151,0,0.9799988228466134,0.479179575090767,0,2.622805867097034,0.7051460365267277,1,0.8412784673110008,0.46084497424378973,0,1.5393498760872166,0.5228260703116807,0,1.3635740515692674,0.6677882978099066,1,1.4578678874154696,0.8895427025792777,0,0.40467385963512637,0.23098993185305133,0,0.7001472584240267,0.24638130107873366,1,0.730556354820869,0.35195268899793025,0,0.7044357645170474,0.13890106625789378,0,1.0006330734319764,0.550140628954353,1,0.5082270758472152,0.26633040989446455,0,0.6844609924565219,0.10866802310143091,0,1.067561281933221,0.4601666724510938,1,1.0372763979983683,0.2486897239576551,0,0.6860650095617044,0.3274992471702369,0,1.0026277606692753,0.3443410237554047,1,0.6427844272007348,0.2571608120550852,0,1.3456125992585632,0.554335987437847,0,1.1479956307819736,0.21844054093383983,1,1.492170140358315,1.1428176803849144,0,1.277846445482811,0.6389569150050932,0,0.8943022384759521,0.5891464605532736,1,0.5579820621439062,0.39999911529051135,0,0.7267227990273577,0.44554572792637837,0,1.234613103893923,0.46575362461884023,1,1.53172600789128,0.9814233962271545,0,0.6485795638335088,0.29966763702385407,0,1.516403061344274,0.3625877369344482,1,1.029163786063379,0.17406525781993173,0,1.1607363702142992,0.7072562214381756,0,0.6847857062638415,0.13686975309092403,1,0.6289595374936285,0.29749794852440686,0,1.59415226662878,0.508034746707004,0,0.5696383381789814,0.32211388634769694,1,0.4725695599362963,0.19171646121961067,0,0.8328200558876521,0.5560538769446225,0,1.1198789200975134,0.2496025314705274,1,0.4145032197603765,0.17867144294581852,0,0.9155648270644722,0.4845220872507617,0,1.490816463970487,0.3831292384030876,1,0.47374568415150764,0.14233635926837324,0,0.7957732281459726,0.09328756103110863,0,2.694893639709787,2.143146002337146,1,0.7884735384679191,0.21442532705653156,0,0.9042151973431662,0.5019690974241839,0,0.8964990625098469,0.4569482236195357,1,0.6512870252028499,0.32079544437616325,0,0.5834173550954133,0.3637142339468125,0,0.7233039625604485,0.36481416207908873,1,0.6460453902723271,0.2884423417735116,0,0.9666604732876204,0.3492333448495522,0,0.8346396563264994,0.4116866684395666,1,0.8512944874294643,0.3603045025819399,0,1.624896925338414,0.7956434808219316,0,1.5415712560025647,0.6629927067518785,1,0.7638519589476943,0.23583510420522208,0,0.9421099760573146,0.4161368710799049,0,1.5131534828793667,0.3125553007910898,1,0.8210152763495561,0.2291089891577318,0,0.8002918167442896,0.22644341528792974,0,0.7434977269376611,0.28915380713610445,1,0.4240924446203408,0.14777760216381855,0,0.7804288282535363,0.19932035906132087,0,1.0079284648289002,0.2425821785350163,1,0.4019667813053796,0.27846570632960876,0,0.22654326422340323,0.09462546294839827,0,0.21792347367399517,0.08793639717633146,1,0.05792128888868488,0.09852837923582257,0,0.12512669807914978,0.06653056770699227,0
111,5000,0.9,mlp,0.9911956430248796,0.0007291996028263368,0.042883715216300494,0.028588915180692773,0,1.733933507103362,0.10670713776203197,1,0.05432153270223446,0.014933943872044273,0,0.0624532094546437,0.017293385732813187,0,1.9227938521086618,0.18746220631145058,1,0.06224278825120745,0.01738116237145673,0,0.03883838872263753,0.006108141814054138,0,1.9965978504556774,0.12018088662713071,1,0.05436761562934944,0.010506498179307332,0,0.07270224494190583,0.03583327897712359,0,2.0114411122579785,0.16405562225142004,1,0.07242800308898929,0.014070948719603212,0,0.08952696851998507,0.02125132836749462,0,2.3498083847133495,0.20967541205878226,1,0.08537503275436714,0.023926386237478954,0,0.06980037038946342,0.017039007358024025,0,1.9399492881477525,0.3480136309185705,1,0.08109510868578819,0.03847796381110376,0,0.08701356633413364,0.030700618191447808,0,2.0520066670550574,0.17625753045229767,1,0.05126014227861362,0.019474536291263844,0,0.06227179464411118,0.016458686984416535,0,1.8983330456704564,0.20660465685607163,1,0.035678447014651796,0.012025545613108217,0,0.034138777484807335,0.011294807385252762,0,2.225885401769065,0.13433722129778694,1,0.10915389644258384,0.03690918722673676,0,0.08728341327983143,0.03577033734300828,0,1.7422630692378438,0.14978620547236507,1,0.05211419155865271,0.016718759625682467,0,0.059833488956208866,0.021666533576055833,0,2.0576745949070117,0.24343237730903222,1,0.06437127297344852,0.042025287868099774,0,0.039178326729316634,0.018055646371758008,0,1.952293056503419,0.2714689432963185,1,0.061580486525134134,0.03214680930627857,0,0.05270578158447768,0.006701684391115242,0,1.836129710127618,0.10345131290713007,1,0.04940602063861883,0.026512548852739366,0,0.0976670788965547,0.03857422521871311,0,1.9644704067256924,0.09607844326879131,1,0.06615409293687331,0.02189005303197388,0,0.0988331147431019,0.04831680153072806,0,2.2887014673544526,0.24303258646786693,1,0.07206696731418707,0.015755397873873665,0,0.0719832210762263,0.038257810388785354,0,2.394092797495784,0.23004719767864865,1,0.07343102216263986,0.017992063900199716,0,0.04470215695779721,0.024212443470197433,0,2.0498866397456945,0.24411040267509818,1,0.007272724997990992,0.006970503396605233,0,0.07050369866174905,0.02371058767614269,0,1.9716344522510205,0.16425192107947953,1,0.03224309067697673,0.01669650137143704,0,0.05951252545755518,0.021837511055084385,0,2.1337777939707716,0.12825107645571607,1,0.04659766588549924,0.019480329848033124,0,0.053940990265706625,0.03080771838903001,0,2.0181786157069306,0.17772749677466831,1,0.04584458303828069,0.010769778920474113,0,0.08246605966043663,0.03089498317066436,0,2.421434084884812,0.2389696243745101,1,0.03965815070889215,0.0299102718846482,0,0.06808514182569572,0.02795886228589033,0,2.0662505019333492,0.1198997139539875,1,0.0304607770854708,0.019492623200167553,0,0.05002823814283917,0.01738127377511934,0,1.9629407791714897,0.2506751961271212,1,0.03854927042179018,0.02087291633717526,0,0.06146543058533186,0.028194730443937815,0,1.9420326581804326,0.18302947976910566,1,0.029550223571573542,0.019174875144476976,0,0.06290066812758405,0.02342563199683627,0,1.765678014853527,0.1686010437216239,1,0.07378662171143592,0.009539824034324917,0,0.07784529920293466,0.0487630773569302,0,1.8694855389030536,0.24526808399928082,1,0.04523371519027499,0.015477291762389208,0,0.07495501248563345,0.031371292997187494,0,2.1586019259036857,0.15819488905641138,1,0.026888478996506565,0.01838197039339316,0,0.02965643617304332,0.020358245778731233,0,2.1741540346401598,0.23599633409293722,1,0.05857327878592271,0.012272912212787495,0,0.07502254026597317,0.026921985437952493,0,2.0930010656148967,0.2133842843698757,1,0.08540088727809528,0.023904367014392178,0,0.08828243689147848,0.02576349995305773,0,2.071935180389016,0.12293090783507074,1,0.03328842537959438,0.01936247995999317,0,0.05143969446217039,0.01124246795936384,0,2.2413440023126614,0.11039521870458072,1,0.07994887994065893,0.004580025126292784,0,0.054029264058735336,0.011634513607748065,0,2.2939590228268747,0.29943429102075886,1,0.07012144895482633,0.024252637268087168,0,0.07011994812060011,0.01701186024054207,0,1.6185336334626061,0.14683855509023155,1,0.0786613291074009,0.042074131459919506,0,0.05021773426650829,0.022625954194106367,0
111,5000,0.9,svr,0.9451242524949617,0.0047445933275549156,0.29249433420605564,0.06383435722978245,0,0.9111268319771169,0.08183281913279787,1,0.37807239230639533,0.0705545440247674,0,0.41783406772417386,0.052906498875868666,0,1.1184960970200541,0.11837227644128137,1,0.5744659566252374,0.061194197084699024,0,0.4893865344368818,0.06180161357186781,0,1.0229223659859463,0.07054786964995462,1,0.5999299445216235,0.05888703282779363,0,0.5025520006505472,0.06345398863186882,0,1.2590208440082749,0.04677722924601985,1,0.7171818326771048,0.060063806434288956,0,0.587219645923899,0.04219786998577252,0,1.3377345416143192,0.05647747904566549,1,0.7529864043570547,0.049427692619053935,0,0.5870068837695863,0.06261713121054585,0,1.1143314809522291,0.07928953555044667,1,0.5786274473938361,0.05334879323001211,0,0.5921541751070263,0.05984367577469152,0,1.256859797352191,0.0716502723362327,1,0.5789204272510678,0.07550946614237451,0,0.5028794050912829,0.036631855514133844,0,1.169108172461728,0.07598000873811331,1,0.5747006932039097,0.06903214294330867,0,0.5801651382281819,0.04213906457284233,0,1.1323128174532717,0.0820820962936397,1,0.5675528964994625,0.03316576337209476,0,0.6631918298867412,0.05664477583005566,0,1.341506035634047,0.10146087519139547,1,0.6251081489946373,0.07721957673660926,0,0.6206310637465998,0.04825799698463447,0,1.276011742520724,0.041949649785970426,1,0.6634167292169054,0.04952275480350358,0,0.6691872670606539,0.06464757428801023,0,1.3145389043220885,0.0659167186850615,1,0.6789594580317112,0.045051184024056876,0,0.6299897292809468,0.05370244210378169,0,1.0865598169784363,0.06718081955308476,1,0.549399900611178,0.0543894636939364,0,0.6800223264390121,0.06863423935047273,0,1.207148066254829,0.07868601673802697,1,0.6573026849927565,0.04880998159358605,0,0.6970107901450312,0.03644824298265446,0,1.4591644180251975,0.09985086952451992,1,0.7404777018551169,0.06973005098938936,0,0.6369797764056397,0.05584958849098488,0,1.3104083556228434,0.05314546338263496,1,0.7817959842202483,0.07068235955778066,0,0.6615878892614777,0.08031768439023025,0,1.156077213892307,0.0698254747153866,1,0.6729112287607346,0.05538862841942492,0,0.7011861132623196,0.0662633649416323,0,1.211508173872107,0.10383622366519742,1,0.6290419785392355,0.06038706853151259,0,0.6546268753210402,0.058430817594024693,0,1.245671333097516,0.14782533025765277,1,0.7498445265562266,0.09185356254477885,0,0.7543008927209329,0.10970076632313441,0,1.3126875327967977,0.12912077704519445,1,0.678094178562026,0.07556857069362573,0,0.6324787467275975,0.08828441155661809,0,1.3058655829540113,0.09560789900641531,1,0.6673244204896285,0.07548580104670527,0,0.5665118953258745,0.04293152650560517,0,1.3266552119248445,0.0885874323326124,1,0.5695627085766816,0.06589486584401397,0,0.5137075218980015,0.061573962986179925,0,1.2423792937937645,0.0768971671294836,1,0.5448970830678371,0.06560157510825182,0,0.5301350410316861,0.054676985378415144,0,1.2771086795046487,0.05519596714994233,1,0.6171639599245295,0.08405410311471229,0,0.521141021248859,0.059905956279520875,0,1.3052058020914863,0.07466905218368942,1,0.6465412416708334,0.08270152369726798,0,0.6156075896687236,0.04578604599283938,0,1.1963530861125367,0.15418907952578498,1,0.6252667379604551,0.045967669230667016,0,0.5271969011398695,0.0868165049643177,0,1.1528624983729716,0.1513258490237386,1,0.7291981142477156,0.09892470408748512,0,0.5715558026286827,0.08730720533072513,0,1.2905200522070137,0.0911801246172348,1,0.6171112950648541,0.061120720776221486,0,0.5560023235851254,0.05337019063714457,0,1.1688572883026072,0.07329004023813473,1,0.6246438648825018,0.05711852293088931,0,0.48413626930425424,0.046771832618125474,0,1.2551933671834838,0.0745940304747882,1,0.6156157319339928,0.07052133934230458,0,0.6680384424071134,0.060327838645700384,0,1.1986101738263657,0.08795743995627413,1,0.5070814397886325,0.05972698649496132,0,0.4891882396928617,0.042762251438225395,0,1.0636957266962253,0.12093608205983755,1,0.43223098419449446,0.06314402014057838,0,0.4200840941832145,0.04298694177059171,0,0.845852111796052,0.10928078409267776,1,0.31047630210200283,0.04081160210824449,0,0.15763684451335142,0.02418581212954605,0
111,5000,0.9,knn,0.9298561245310589,0.0013235448996774346,0.37233141380372536,0.1392939956027101,0,0.47670998791192887,0.235116133222107,1,0.46275323217639397,0.20093563128578024,0,0.5015140007680624,0.17029479097080638,0,0.5493540654472404,0.051974582178033996,1,0.451392863914457,0.14025310631478963,0,0.4766505633278736,0.12122267757350497,0,0.6096984796619797,0.16954496587091805,1,0.5944254192050045,0.2342374842906843,0,0.5872088364223741,0.11768224777090266,0,0.6132108625572561,0.2328419186930339,1,0.3333353982833057,0.19097447621615468,0,0.3422860218374845,0.21473743987598615,0,0.5827341865674546,0.24695474327996322,1,0.6313401574009188,0.22110053540028848,0,0.6066597137987809,0.2704633466491026,0,0.6638863297005203,0.2204423380145847,1,0.5151201141695406,0.18026391723060706,0,0.5504290684943386,0.14060539374312622,0,0.6536289190560034,0.17390420598848677,1,0.5510501089434025,0.24776221272147142,0,0.3578768192393817,0.20412700393792788,0,0.5723532099710104,0.14193940853394865,1,0.4528698161003074,0.22431400573001936,0,0.40783551556614406,0.24001822827088873,0,0.5428019190086258,0.18849201191092615,1,0.4901605624795759,0.23348450503515736,0,0.5924152233728941,0.22465363000146846,0,0.7514950053302347,0.2498262994327954,1,0.7291972190761667,0.18068805665516233,0,0.7376889417377424,0.24178601322726553,0,0.7924724267479708,0.19472947366827234,1,0.7505922430917017,0.1797422922201563,0,0.7234116842541523,0.1116765440130726,0,0.7559017892261263,0.23918501603305012,1,0.6439920618636175,0.23107385095950805,0,0.672635601352349,0.26206496537843216,0,0.7719632587870892,0.31418812735847546,1,0.5588558765018764,0.30387529025466,0,0.4916692824288991,0.3664868131708731,0,0.6395410805069771,0.30890669168514434,1,0.5584256159816142,0.28118180284341726,0,0.5552345385690666,0.2815364466737866,0,0.6459929021875312,0.17957638452213898,1,0.523118589953042,0.25475722347022833,0,0.5044820253687382,0.2916534233695322,0,0.5846864486522587,0.2714234959031436,1,0.5420242945199585,0.3338882635645678,0,0.6158312075429256,0.29121154582051106,0,0.637792418526646,0.2942112428151728,1,0.55216046557683,0.25555122919451373,0,0.5951168363326911,0.3658830196473314,0,0.6518048723610859,0.24036802035079818,1,0.505757865346475,0.256007754532693,0,0.6401169001202485,0.35280958113086835,0,0.5868235661985379,0.28778310065533874,1,0.6876198026747447,0.30575096793389595,0,0.5740912045395954,0.3051872925427866,0,0.6834766704570129,0.32926516057848554,1,0.5587324621192119,0.2570652522653263,0,0.6683454671505251,0.23266437852824134,0,0.6651120144218077,0.2028965073612558,1,0.5400456987655813,0.1298598991928769,0,0.4330162432959292,0.17277203287858942,0,0.613229565855708,0.2682714461386368,1,0.6122152263936924,0.3472350812822654,0,0.6726112085691532,0.3470219297644262,0,0.6653486880356122,0.3224296230638004,1,0.6133206905004436,0.30055233440645324,0,0.49164923749216116,0.22909551141140258,0,0.5666084630815663,0.18993917679521938,1,0.4615235555645395,0.25787621864113147,0,0.4963350697885477,0.17261941143779577,0,0.6293207395853668,0.09667310421159811,1,0.5368911562645564,0.13515554062581311,0,0.602195429684687,0.20501217039668715,0,0.745851263681555,0.21554153479972665,1,0.6203182010971223,0.2584260567140773,0,0.599555038153188,0.2764688080905371,0,0.6311910880711429,0.2725862204551632,1,0.5675941008603644,0.2738238088340764,0,0.5719862289008277,0.2433758693561263,0,0.6005366028587564,0.17939348674374891,1,0.489028304927302,0.19124865351394202,0,0.520522304490367,0.12962184158016363,0,0.6396873132667038,0.2687012997421295,1,0.5997634351578015,0.13289753216696248,0,0.596361419715598,0.15927935791024161,0,0.7234109043306544,0.12935828285907383,1,0.6933715545975702,0.10648555470733556,0,0.6499192617714467,0.11977640420045549,0,0.75491873833094,0.059566287410667704,1,0.6023293209185426,0.1836778914212898,0,0.4925318759789996,0.18306647501755277,0,0.510801400216692,0.10049868467899538,1,0.415367372873384,0.15304986839689216,0,0.39108263834266593,0.17580514357445934,0,0.36434188772249887,0.13854355760703513,1,0.2076370448494531,0.15507015894545897,0,0.09801705977202436,0.11051413724688114,0
111,5000,0.9,SuperLearner,0.9945746038610135,0.0003829406388681081,0.0009866886337085074,0.0011449020687598443,0,1.6953487858017233,0.0794509020735391,1,0.0017601215994154367,0.002506141840019455,0,0.0026207258710288584,0.0034525724420090423,0,1.9769528949388289,0.15507646054453506,1,0.000717879802975506,0.0014838231551081956,0,-0.00038403718661162366,0.0006964407358667506,0,2.028678046575471,0.034607989176423305,1,0.003767754816134163,0.0043351225795484425,0,0.001755462644934313,0.002010156637676974,0,2.022861334263487,0.1402722584984442,1,0.0011278325308735379,0.001094431805683939,0,0.00717182492672522,0.002631940261588745,0,2.1562111443254763,0.1671844866479404,1,-0.0007868458493856728,0.0010953702101522502,0,0.00036014910441484367,0.0025721125243030637,0,1.790484143246261,0.16515475132134114,1,0.010842076185557867,0.008280664448139312,0,0.00498305836555708,0.004872309816558512,0,1.8965107709917308,0.110610184655184,1,0.008249432085858256,0.01151106361315648,0,0.0016292187650640646,0.004979679129438248,0,1.8113424209608333,0.10345934985880004,1,0.0004484201608736824,0.0021349231952082592,0,0.005162173689156216,0.0067078663795522115,0,2.1436658114119878,0.07155217550003448,1,0.03940132841018022,0.013011302259545363,0,0.025081526653142328,0.0023426891878747446,0,1.776980589945266,0.07928608332371971,1,0.0005030502877789997,0.001644976817325794,0,0.0008723197409087203,0.0011151938040686168,0,2.130851271934028,0.11065186056675376,1,0.0021321143233021126,0.0018996877470391325,0,0.0008224128655324634,0.0014423138362377344,0,1.9178159113644324,0.16801865158504078,1,0.022617180211748997,0.007069963958181515,0,0.002053640651834739,0.00399560777119272,0,1.5677585965461875,0.05982139440234015,1,0.001077634922477591,0.0013526864184212363,0,0.0025242437699343244,0.002527100967817018,0,1.9001911019391393,0.15795683070510838,1,0.009841551280477067,0.007713392826330113,0,0.0063554210070704414,0.0037440019779864026,0,2.1745268462417595,0.08186057363688191,1,0.0006031266766087695,0.0009600258052366161,0,0.0034855776841692917,0.0014877806074428796,0,2.2124011891741837,0.05431785371357895,1,0.0062258846943016475,0.006691157869316284,0,0.015410463596505424,0.004499993005344356,0,2.0045721789372193,0.1304330539731593,1,0.0021882328820454853,0.003145636901337737,0,0.00017820469016240152,0.0004539513376018135,0,1.9248180929882814,0.09465867871462638,1,-0.0007367506119328722,0.0013958626670755626,0,0.0012552910064104615,0.0031383379834409096,0,2.114419482701559,0.07680005632031632,1,0.0012484550312731478,0.0007733382852746702,0,0.0002490418170117219,0.0019341666087774355,0,2.287391690179791,0.13560023471916116,1,-0.0001721367780292016,0.0020643800937326243,0,0.016337873774370657,0.010354972115116406,0,2.342043337406314,0.07637029311052211,1,0.0019033069870805924,0.005159219512280525,0,0.0005862614377336962,0.0006910493346188193,0,2.04912841452518,0.04553514464388275,1,0.0019497471573753876,0.0019408455619852566,0,-0.0004239143860098546,0.0006869102085808205,0,1.9264012289659391,0.13565220837235956,1,0.002039154355401176,0.002861528580270222,0,0.0013308385996751197,0.0006120362303114155,0,2.0174136396494964,0.2116853159646144,1,0.0027603751054069135,0.003886094480702829,0,0.005217967638825329,0.007871531902285397,0,1.8438854207233988,0.08939761661125603,1,0.0018706860384501774,0.0013442347508385024,0,0.008587888241383462,0.003029516093947249,0,1.920163119698167,0.1412081604331166,1,0.011646758928647628,0.007230141300182837,0,0.020867599195988445,0.009460799993056674,0,1.8665923370079576,0.078521601255618,1,0.002787682880488612,0.0014672365728734939,0,0.004141855775044098,0.0037543583736705057,0,2.09616453857925,0.09695685376546632,1,0.0002390251412775557,0.0019736069221978503,0,0.0015960421354955508,0.0028885155537279176,0,2.0427914827047955,0.06854811414199995,1,0.009561274818276722,0.006455471884651964,0,0.019599001332353472,0.009583335048201198,0,2.1578385252305052,0.11176694630173398,1,0.007037234387310352,0.005864555879355166,0,0.005116172296020334,0.002991807025774321,0,2.1764567815143656,0.054582079839440946,1,0.0013402818999349588,0.00468258218477169,0,0.0018806034603378104,0.0030472005499627324,0,2.2479557747238452,0.18089793749737643,1,0.014818738591962612,0.01107355559455666,0,0.006668740382595982,0.007948476821711193,0,1.7040542711333835,0.19232419674254178,1,0.005659400594981232,0.005275750770841759,0,0.0005341226689153857,0.001305056965178732,0
