seed,n_samples,cor,model,r2_mean,r2_std,imp_V0,imp_std_V0,tr_V0,imp_V1,imp_std_V1,tr_V1,imp_V2,imp_std_V2,tr_V2,imp_V3,imp_std_V3,tr_V3,imp_V4,imp_std_V4,tr_V4,imp_V5,imp_std_V5,tr_V5,imp_V6,imp_std_V6,tr_V6,imp_V7,imp_std_V7,tr_V7,imp_V8,imp_std_V8,tr_V8,imp_V9,imp_std_V9,tr_V9,imp_V10,imp_std_V10,tr_V10,imp_V11,imp_std_V11,tr_V11,imp_V12,imp_std_V12,tr_V12,imp_V13,imp_std_V13,tr_V13,imp_V14,imp_std_V14,tr_V14,imp_V15,imp_std_V15,tr_V15,imp_V16,imp_std_V16,tr_V16,imp_V17,imp_std_V17,tr_V17,imp_V18,imp_std_V18,tr_V18,imp_V19,imp_std_V19,tr_V19,imp_V20,imp_std_V20,tr_V20,imp_V21,imp_std_V21,tr_V21,imp_V22,imp_std_V22,tr_V22,imp_V23,imp_std_V23,tr_V23,imp_V24,imp_std_V24,tr_V24,imp_V25,imp_std_V25,tr_V25,imp_V26,imp_std_V26,tr_V26,imp_V27,imp_std_V27,tr_V27,imp_V28,imp_std_V28,tr_V28,imp_V29,imp_std_V29,tr_V29,imp_V30,imp_std_V30,tr_V30,imp_V31,imp_std_V31,tr_V31,imp_V32,imp_std_V32,tr_V32,imp_V33,imp_std_V33,tr_V33,imp_V34,imp_std_V34,tr_V34,imp_V35,imp_std_V35,tr_V35,imp_V36,imp_std_V36,tr_V36,imp_V37,imp_std_V37,tr_V37,imp_V38,imp_std_V38,tr_V38,imp_V39,imp_std_V39,tr_V39,imp_V40,imp_std_V40,tr_V40,imp_V41,imp_std_V41,tr_V41,imp_V42,imp_std_V42,tr_V42,imp_V43,imp_std_V43,tr_V43,imp_V44,imp_std_V44,tr_V44,imp_V45,imp_std_V45,tr_V45,imp_V46,imp_std_V46,tr_V46,imp_V47,imp_std_V47,tr_V47,imp_V48,imp_std_V48,tr_V48,imp_V49,imp_std_V49,tr_V49,imp_V50,imp_std_V50,tr_V50,imp_V51,imp_std_V51,tr_V51,imp_V52,imp_std_V52,tr_V52,imp_V53,imp_std_V53,tr_V53,imp_V54,imp_std_V54,tr_V54,imp_V55,imp_std_V55,tr_V55,imp_V56,imp_std_V56,tr_V56,imp_V57,imp_std_V57,tr_V57,imp_V58,imp_std_V58,tr_V58,imp_V59,imp_std_V59,tr_V59,imp_V60,imp_std_V60,tr_V60,imp_V61,imp_std_V61,tr_V61,imp_V62,imp_std_V62,tr_V62,imp_V63,imp_std_V63,tr_V63,imp_V64,imp_std_V64,tr_V64,imp_V65,imp_std_V65,tr_V65,imp_V66,imp_std_V66,tr_V66,imp_V67,imp_std_V67,tr_V67,imp_V68,imp_std_V68,tr_V68,imp_V69,imp_std_V69,tr_V69,imp_V70,imp_std_V70,tr_V70,imp_V71,imp_std_V71,tr_V71,imp_V72,imp_std_V72,tr_V72,imp_V73,imp_std_V73,tr_V73,imp_V74,imp_std_V74,tr_V74,imp_V75,imp_std_V75,tr_V75,imp_V76,imp_std_V76,tr_V76,imp_V77,imp_std_V77,tr_V77,imp_V78,imp_std_V78,tr_V78,imp_V79,imp_std_V79,tr_V79,imp_V80,imp_std_V80,tr_V80,imp_V81,imp_std_V81,tr_V81,imp_V82,imp_std_V82,tr_V82,imp_V83,imp_std_V83,tr_V83,imp_V84,imp_std_V84,tr_V84,imp_V85,imp_std_V85,tr_V85,imp_V86,imp_std_V86,tr_V86,imp_V87,imp_std_V87,tr_V87,imp_V88,imp_std_V88,tr_V88,imp_V89,imp_std_V89,tr_V89,imp_V90,imp_std_V90,tr_V90,imp_V91,imp_std_V91,tr_V91,imp_V92,imp_std_V92,tr_V92,imp_V93,imp_std_V93,tr_V93,imp_V94,imp_std_V94,tr_V94,imp_V95,imp_std_V95,tr_V95,imp_V96,imp_std_V96,tr_V96,imp_V97,imp_std_V97,tr_V97,imp_V98,imp_std_V98,tr_V98,imp_V99,imp_std_V99,tr_V99
113,100,0.6,lr,0.758506366010575,0.07987429930110819,-0.047748149469493656,0.23514146729482902,0,2.3985700052218624,1.3742101358252394,1,-0.0175110632568679,0.3462879200297459,0,-0.14793636821824824,0.18839388712885713,0,2.7631057306906324,0.7763483590462726,1,0.36055763223762016,0.3269437953350247,0,0.044079736503030834,0.1463764001496102,0,1.5959032873753531,0.7755026035733832,1,0.40319340442302165,0.3828885208086939,0,-0.06485297613668543,0.06612916718621621,0,3.507993177683756,0.8458637879668637,1,0.8816129798700594,0.48052647029870327,0,0.557492287705948,1.2333590243442558,0,2.0156252078421018,1.1632314954443188,1,-0.15832576001119142,0.0988199763246774,0,0.469539102439691,0.9737857128631641,0,1.5097379747870432,1.742615779467118,1,-0.033839065619508744,0.37708363464663175,0,0.037279000098153436,0.21392358116260013,0,2.0207890043927486,1.812326095821534,1,0.6201193567447888,0.5557315565712343,0,0.16883809387434862,0.2768490854114789,0,0.5528041024192449,0.4237812780128823,1,0.30528216298253297,0.4789873127166795,0,0.013220378553603173,0.1398305667887751,0,0.8276023741513372,0.8902602135746501,1,0.18682396823798947,0.17437191267809987,0,0.4298639409919086,0.5248082646560659,0,1.4825249465732975,0.8649591766004292,1,0.34710994259171923,0.30666927582211817,0,0.027656048597786215,0.026979665519330797,0,3.709243785084413,1.477397917014972,1,0.09042624004281943,0.2520011754066987,0,0.10041876987951681,0.19711759816754998,0,1.0557192313357668,1.206467998043866,1,0.4484822780091028,0.3205743127985759,0,0.3969322438353202,0.8880732987444454,0,1.279531125090958,0.9194049395716055,1,0.4157458986957364,0.9655863285081063,0,0.19787121162582694,0.2191581373995955,0,2.136533812756742,1.4926371249389554,1,0.1803274095987324,0.5078713769841209,0,-0.3109402657895578,0.5038260235928621,0,2.7266981244401265,2.4298756845165315,1,0.06835033148792975,0.19021869060474375,0,-0.13719022135873218,0.24255800322894658,0,0.24547887785424516,0.6073214609055722,1,0.3234648751253686,0.6444536016658866,0,-0.01037318070151689,0.1471632043169291,0,1.2473590076453702,1.29099503963315,1,0.229396140329487,0.16785568961903663,0,0.15166314180760546,0.36365976150102525,0,0.28753067747470434,0.4335572163579479,1,0.08472616373961786,0.6370685060023136,0,-0.14215142193528987,0.19178219497618823,0,1.0466654623785687,1.4032183820001602,1,0.09967822305315521,0.2755278836843211,0,0.5303023702356251,1.0651372159056718,0,-0.2160594735896209,0.35824844811156964,1,-0.0021797746946974673,0.1514189292753509,0,0.04259243416995893,0.10665423259522472,0,2.4189848292054146,1.3804228276991888,1,-0.10993781964568802,0.26861844741704655,0,0.44835130259759365,0.3011340494937188,0,0.355813471413615,0.4552753076941567,1,0.01653355358666351,0.8764570042244245,0,0.13807815638848842,0.1656947656893762,0,1.2014632746791154,0.36504871202911277,1,-0.08247153485929234,0.26820972777378604,0,0.001916808400821965,0.379913751880675,0,0.9555473185134842,1.1139771798743683,1,-0.19472265332770927,0.32152911296320713,0,0.06838181025594885,0.2885521981127874,0,0.9414052137542825,1.3092776474968717,1,-0.5922322576041862,0.6489255207235392,0,0.16562244167654447,0.27941493698241476,0,1.6580517569876423,1.2444746011515297,1,-0.02168858179501635,0.1853946518351388,0,0.1729408935650915,0.3455152537368098,0,2.0455707988360943,1.534139777857329,1,0.08072270956603249,0.5025208478596342,0,0.08658863860746699,0.1270315954822912,0,0.913817093074013,0.49662631660013146,1,0.8382014983318251,0.40712836166759947,0,0.008861194220982785,0.1532535114521805,0,4.61699681166158,4.192195132791952,1,0.2477070204425532,0.3946698793600936,0,0.28223840571280007,0.7017644427410735,0,1.8650410761555094,1.172340540162151,1,0.8025048798266587,0.5689173346052553,0,-0.055489856358487064,0.26857897501775374,0,-0.013901394575223908,0.08509285147119569,1,0.1150592577664439,0.7096057968078879,0,-0.07882154449713838,0.17910939568585396,0,1.7536969732088683,1.977396118143854,1,-0.23846828965660963,0.4184270370998255,0,-0.09599760092585588,0.18375420971941678,0,0.33750955390273324,0.22238641363247474,1,0.16681780592061363,0.30903646917519884,0,0.13901693801380363,0.24017083095401534,0
113,100,0.6,lasso,0.04616878489849172,0.30572030787878274,0.0,0.0,0,0.0,0.0,1,0.0,0.0,0,2.5218221889391947,1.3467374227404194,0,-0.13247710357801598,0.25474636892585323,1,0.0,0.0,0,0.0,0.0,0,0.07166880995642363,0.13770318023094374,1,-0.787203528399892,1.8665322656078058,0,0.0,0.0,0,0.020309240545661623,0.026000384636048614,1,0.0,0.0,0,0.0,0.0,0,0.0,0.0,1,0.0,0.0,0,0.0,0.0,0,0.006372127838310803,0.012744255676621605,1,-0.17485398228426022,0.34970796456852044,0,0.0,0.0,0,0.0,0.0,1,0.0,0.0,0,0.0,0.0,0,0.3174619830412261,1.0432092648309597,1,0.058202159183130986,0.5364405643654164,0,0.0,0.0,0,0.8944995173656632,1.2580390111886073,1,0.0,0.0,0,-0.0025416190130950157,0.005083238026190031,0,1.046160869457442,0.6537288792229022,1,0.0,0.0,0,0.0,0.0,0,0.059917957866143214,0.15387471200841757,1,-0.07646462264863088,0.15292924529726176,0,0.0,0.0,0,5.463646283897402,4.289049388848652,1,0.0,0.0,0,0.0,0.0,0,0.09896844375467048,0.3480745734986828,1,-0.3771275527183554,0.7542551054367108,0,0.0,0.0,0,0.0,0.0,1,1.8593830562273486,0.7553883951117593,0,0.0,0.0,0,0.06295472281774814,0.12922845285701198,1,0.0001335466891054722,0.0002670933782109444,0,0.0,0.0,0,0.0016354085380264108,0.0032708170760528217,1,-0.568427780115757,1.136855560231514,0,0.2569001622887057,0.9679408361592626,0,0.12771757244909052,0.15709110661083237,1,0.03663533234500241,0.07327066469000482,0,0.0,0.0,0,0.06294876063343205,0.1258975212668641,1,0.006745160649010387,0.013490321298020774,0,0.026291295113348156,0.05258259022669631,0,0.0,0.0,1,0.0,0.0,0,-0.006358779966001066,0.05220862440370841,0,0.0,0.0,1,0.0004746612659902496,0.0009493225319804991,0,0.0,0.0,0,0.0,0.0,1,0.0,0.0,0,0.0,0.0,0,0.0,0.0,1,1.8538727458817579,1.8480477147425736,0,0.4734754968338507,0.4909132195219219,0,0.0,0.0,1,0.0,0.0,0,0.0,0.0,0,0.0,0.0,1,0.0,0.0,0,0.0,0.0,0,0.028428806546109624,0.1339549967597129,1,0.01735230131635393,0.06375221516834824,0,0.2393337236408768,0.3665181961037346,0,0.5481678107996812,1.0132812630535712,1,-0.30270783472675233,0.5418022986814518,0,0.23886774245810774,0.4777354849162155,0,0.3749740585339342,0.4974984474285206,1,0.0,0.0,0,0.0,0.0,0,1.2431042624388486,0.7349190885739093,1,0.6493099589530782,0.5908470869225761,0,0.0,0.0,0,0.13467518269526532,0.1189066833799985,1,0.0,0.0,0,0.0,0.0,0,0.0,0.0,1,0.0,0.0,0,0.14102010832446932,0.2843793579317831,0,0.0,0.0,1,0.0,0.0,0,0.0,0.0,0,-0.13568971708362876,0.27137943416725746,1,0.0,0.0,0,0.0,0.0,0,0.003313180815640834,0.0066263616312816674,1,0.0,0.0,0,0.0,0.0,0
113,100,0.6,dt,-0.5452244750956082,0.42849424118276347,-0.27283103015602916,0.3594276573182054,0,0.0,0.0,1,0.0,0.0,0,0.0,0.0,0,-0.6989120552465913,0.679505687425166,1,0.0,0.0,0,4.487260021272666,9.2094605405326,0,0.0,0.0,1,-0.3672906691328287,0.7345813382656573,0,-0.8910766375571197,1.9680008564532112,0,0.006947289811480175,0.05955747402570493,1,-0.05284326949746944,0.10568653899493888,0,0.5447516121725025,1.191469538111906,0,0.0041429278720190145,0.17842983231463003,1,0.20854980569973205,0.4644889503908125,0,0.3856250768713235,2.0054042472011284,0,-0.09878612913778109,0.1975722582755622,1,-0.05483622779391885,0.10912616532178988,0,0.0,0.0,0,0.1233443086592203,0.24668861731844063,1,0.5684718721613099,1.1094733962036762,0,0.2291747199081831,0.4583494398163662,0,0.0,0.0,1,-0.03568931121971866,0.07137862243943732,0,-0.004268306897181901,0.008536613794363802,0,0.11239748334167272,0.22479496668334545,1,0.45905885020561615,0.9181177004112324,0,1.0558602859405535,4.837721757254551,0,1.3006681492505585,2.601336298501117,1,-0.05840891586736615,0.1168178317347323,0,-0.10369248544403024,0.2073849708880605,0,-0.861061089518104,1.5208518271347429,1,0.5100631078614613,0.8001037721259128,0,-0.5530930161442,1.1061860322884,0,6.937808352793146,6.463214708909672,1,-0.15085893656768262,0.30171787313536524,0,-0.14469032824342695,0.2893806564868539,0,0.07308423569394716,0.14616847138789432,1,0.5458474579639958,1.0916949159279916,0,0.0,0.0,0,0.030071577322213446,0.06014315464442689,1,0.5022183473226789,0.6683314342725973,0,0.2776934803651927,0.6442012085736779,0,-0.012374780498995505,0.02474956099799101,1,-0.054812119266328244,0.09469798760926242,0,0.08569939622025129,0.16472226007460344,0,-1.5943490836286531,2.031403803641468,1,2.941844283692892,3.2449228981178333,0,-0.4532292218707742,0.887098884227778,0,-0.2844906164389525,0.3919084175675494,1,-0.0853320898698251,0.16890737598698574,0,0.0667301390214275,0.39802161048227336,0,1.3366921009415438,2.6733842018830876,1,1.2071013054441644,2.4142026108883288,0,0.0,0.0,0,0.4632382142225791,1.2392127310618908,1,-2.280597012322964,2.755804058048063,0,-0.1702609824752122,0.3741125332663422,0,-0.8197064080684975,2.2082533138927936,1,-0.43945257658639847,0.4893027703617331,0,0.0,0.0,0,-0.4765866677135994,0.9531733354271988,1,0.17714905232543332,0.3381657362128377,0,0.0,0.0,0,0.0,0.0,1,1.3267913826902258,3.688744429547477,0,2.3387156052452505,2.717318220568836,0,-0.13092578727210794,0.26185157454421587,1,0.06910504747993004,0.13821009495986009,0,-0.48813380873240986,0.9762676174648197,0,0.2005090213658582,0.4010180427317164,1,0.0,0.0,0,0.32866516991202527,1.7558256705194382,0,0.5485810957921556,1.0518568756441184,1,0.26247705243567604,0.48308673751109676,0,0.15672408041188238,0.31344816082376475,0,-0.04089211859265475,0.0817842371853095,1,0.0,0.0,0,0.40781897967679714,0.7860257119591075,0,3.6895515023039565,4.981462661554191,1,-0.42322484925484744,0.8464496985096949,0,-0.18856449528204033,0.3917612677405034,0,-1.7781274588923648,3.028208064013038,1,0.0,0.0,0,-0.18529178424416098,0.47604625303366815,0,0.7869976926470094,1.584454933500243,1,0.0,0.0,0,1.5773034488923992,3.1546068977847983,0,0.28527495339930786,0.5705499067986157,1,-0.06673617462481957,0.12273278969612006,0,-0.7708249251035197,1.5416498502070395,0,-0.0859600147616002,0.17192002952320037,1,-0.2551452858210102,0.5678998191066503,0,-0.04915029449102443,0.09830058898204885,0,2.704549045762133,4.057029882242641,1,0.036820386825082665,0.07364077365016533,0,-0.46357301578567445,0.5678125020045082,0,0.17038525648166275,0.3442561951028319,1,-0.6303281275934121,1.7170885833449774,0,4.335884163601572,8.671768327203145,0
113,100,0.6,rf,0.1645039262707637,0.2426536424472949,-0.004965526716608026,0.07534497859134934,0,-0.05510882445450692,0.09555844177665189,1,0.031517444640542416,0.08722583818463811,0,0.23110412346522527,0.1541905719417755,0,-0.15453076855521472,0.6783074483957393,1,0.056066808832674675,0.11505139301484493,0,0.08445816236218373,0.1959840597411294,0,0.14116995082270867,0.24480713911678398,1,0.24873298073318661,0.28599301333764987,0,-0.02816661989938273,0.28926189791210233,0,0.11225954651324746,0.17119524005725492,1,-0.049348567960450805,0.2303217706017211,0,-0.08998858679106765,0.22387479481713793,0,-0.046270282573107516,0.09934001146632515,1,-0.08510752241330652,0.23139761061294067,0,0.018406125888725155,0.04484575513464989,0,0.06879875990393693,0.2203616527912261,1,-0.006327466858521843,0.12155250445511509,0,-0.08367028840333594,0.13352302177519143,0,0.026661232640940297,0.04978011288838199,1,0.03819099952192474,0.06850091030959046,0,-0.0725863058515253,0.21908160129328533,0,-0.0058636473461802785,0.20922780643652897,1,-0.08619959543385879,0.12195628371509114,0,0.06785738292197807,0.21365814773499062,0,0.19199018641348492,0.33321679750796956,1,0.13916309995326326,0.24381764286655422,0,0.9457522220858678,0.2826363367688232,0,0.23606454671172883,0.2674205552744787,1,0.14226296492468382,0.2423163461076554,0,0.09232833759998539,0.11508706280405931,0,0.2216220633363098,0.13100047826401406,1,0.07170994850182968,0.23766378952059702,0,-0.09463051885271814,0.046903366180498764,0,3.5916177943573535,2.2499376209801274,1,-0.06001720265584456,0.2913236527316352,0,-0.0510101034854613,0.07367525955201658,0,0.03189318233106002,0.034443758044116146,1,-0.37297095740333447,0.7719362419000946,0,0.013239412652841264,0.1430327014410242,0,0.06959970184187679,0.2662484312897226,1,0.12593810460641003,0.08741193290884114,0,0.41762270176575134,0.4183461782037086,0,0.24251606795469174,0.38445587109927526,1,-0.0006232045513189343,0.24823923682447702,0,0.11825845873155456,0.12414651155024849,0,0.031157846112150354,0.17136624771095277,1,-0.003601094393050447,0.5774547413066556,0,0.2443060730115484,0.4919423555884755,0,0.12904457659560786,0.5333209259133347,1,0.07608803300819743,0.1778005767589522,0,0.5457760061937009,0.6007371743848399,0,0.04867484152447407,0.03193029020382567,1,0.33919422425499485,0.5187313357950089,0,0.20617292966495748,0.1956641913578912,0,0.025777624367394242,0.08040918399631941,1,0.07662910287256,0.29834911488967825,0,-0.1343269653904775,0.14327595948143423,0,0.019925950849669048,0.06192452785719354,1,0.07146790015068492,0.12975437675504412,0,0.03149037875059619,0.09370322249349965,0,0.020640958233739567,0.12427087310176954,1,-0.019642652636068195,0.04943761648170021,0,-0.03448495625448583,0.12556943961443268,0,0.005993551404100445,0.07959046699021419,1,0.9776442154649324,0.8682642688782164,0,2.040358575149124,1.5434081891859006,0,-0.06415099474274902,0.2112755617645899,1,0.05468531335813641,0.05132568313627181,0,-0.016030167659109286,0.19099576149613373,0,-0.006018219553826434,0.10759263702467924,1,-0.017846324565563405,0.056217624163698805,0,0.06792317177511174,0.11155486808605597,0,0.08050403001873316,0.3327223137411299,1,0.08770000381951781,0.12117064852004104,0,0.023882339568422825,0.12367940172771559,0,0.16716395490408828,0.16616510936179962,1,0.1134011225938822,0.5300907427429941,0,0.8323413023313954,0.25883663119847033,0,1.688734521540664,1.0345206738072763,1,-0.053017263405712445,0.06746012881579934,0,0.10438959595625755,0.08729240228123207,0,0.6479402185737196,0.7569211250096184,1,-0.008099758451167071,0.15572107293512927,0,-0.009494739744637926,0.10346144664873565,0,0.44147727197859005,0.2392129055007079,1,-0.024221674579378925,0.05779231566278971,0,-0.006757199653216828,0.0397917109966846,0,-0.10985401560245264,0.27428964604689293,1,-0.041453745993255894,0.11382251177858982,0,-0.03920484929070002,0.10652253771562738,0,0.04822508828312329,0.09574056530560521,1,0.05166797399404004,0.11508515456801313,0,0.007837117055628373,0.20369298813422138,0,-0.017193797221400776,0.08874279291100927,1,-0.10585736273759509,0.20731317329358812,0,0.14714266476152674,0.050212423437976175,0,-0.05759956206473245,0.09469478262839154,1,0.003703797955435197,0.09140013116147223,0,0.06541094759931995,0.14038686124010408,0
113,100,0.6,et,0.1761749857527984,0.24385544611505708,-0.08128769951277716,0.06127531810207784,0,-0.023545956003512995,0.08356044298259908,1,-0.3159026659245193,0.08669548222953402,0,0.4416079187585744,0.36660730315174767,0,-0.10105321070727595,0.6113231597921008,1,0.017256787586740215,0.14559092628983172,0,0.055392157414637766,0.24030861592919892,0,0.26981963693096833,0.04677714164391775,1,0.14322671529647396,0.28705575285278645,0,-0.13078118477012263,0.4553624096691446,0,-0.0769761781935411,0.25978772802166783,1,-0.12085849840221921,0.1481815656856321,0,-0.0007865109627557098,0.16776102193560719,0,0.0518527669062145,0.18792089183557004,1,-0.035761322663711514,0.12883707945153908,0,-0.12557415097357205,0.23850134914879792,0,0.16743934580446934,0.24628639832200025,1,-0.022158595841113782,0.21756209511699978,0,-0.031167167760653546,0.1646182726909683,0,-0.036559915408663726,0.10278567834318843,1,0.048623289540933236,0.09300115288960087,0,0.06895203786108216,0.13058149428414592,0,0.01520603847048757,0.23149086110385844,1,0.02989440052985785,0.24423112228089724,0,0.12621761142644308,0.22790402081007016,0,0.29645721262756386,0.36673376686389253,1,0.2556921906569059,0.3892612019399339,0,0.5924850595430822,0.5269823412237848,0,0.3532335163407396,0.30790455274604844,1,0.053944636075898056,0.21077205663768492,0,0.04875030995440081,0.0831371064017512,0,0.2124058282971517,0.22492835200185787,1,0.17235114335649868,0.18976035324090187,0,-0.16130192066971355,0.192731241792142,0,3.3656256796798267,2.2256549842817814,1,-0.06618500993859949,0.36475383636541986,0,-0.04040740229199112,0.15632078027758575,0,0.02099560926566819,0.0872420894121805,1,-0.1473927275658494,0.4486643176622093,0,-0.03697226774213848,0.07199415090294858,0,0.28415503549575194,0.6737066295500257,1,0.4252739975786488,0.2261278734668372,0,0.45355755639470496,0.15681285082958682,0,0.15511602531174112,0.2675680523565937,1,-0.010416863553183853,0.3742896598228012,0,0.15222424307189372,0.220142686858089,0,-0.01426026475722481,0.24089727714407363,1,0.038561965050266156,0.3140956994820514,0,0.1729517613940851,0.3194480764705851,0,0.008674820253599124,0.49301609564996957,1,-0.04385296082067587,0.06526616981451316,0,0.6020563374041323,0.27882049004407683,0,0.05645100510627386,0.2296300564716101,1,0.4728391270812473,0.5297550658141048,0,0.13312836265636618,0.17871384541859303,0,-0.006204628934582487,0.07884704426717062,1,-0.06297063724711538,0.3787805333013021,0,-0.013112472049790103,0.14560804009961617,0,0.0062262269220420465,0.11740558979676506,1,0.005078988377293206,0.14341131196829804,0,0.14502352324959894,0.16972229985078902,0,-0.013706273214835914,0.08341086641372811,1,0.10042693058094232,0.06925286879750665,0,-0.01979368281231365,0.14603994232915926,0,0.0684248832586754,0.22636886306027595,1,1.1909741411855874,1.1237260042022108,0,1.9194194115701955,1.0847863252771923,0,0.007354605321682495,0.09713605343182181,1,-0.07319311117774863,0.13495093625533897,0,-0.023948052342635452,0.0960622145307607,0,-0.06552701307455584,0.10246038897973665,1,0.024455205508367394,0.05715802419174034,0,-0.0036155932651442428,0.14861078564131164,0,0.08874142761199963,0.12225840548656867,1,0.04700193312281446,0.08692931030538648,0,0.03808992821132613,0.11245756955785717,0,0.04739064061631568,0.1998663734248435,1,0.4440776573724562,0.7272037383932449,0,0.8379738798620899,0.4837837234355481,0,1.7217176703825294,0.9150961930984006,1,0.08544642881053174,0.11072144650993161,0,0.012001267956955629,0.043365706572103375,0,0.22916968169250113,0.7397326743937207,1,0.22711153041155846,0.5311951633302362,0,-0.022077418177406955,0.04253715306986114,0,0.1711509565879352,0.2060918829954258,1,-0.1262744763311406,0.4442321774502884,0,-0.14761478596103536,0.18065803427803778,0,0.02177109348712105,0.23271465622706314,1,-0.10440125066269985,0.10240685865285253,0,-0.06597258991647899,0.1675809475218726,0,0.11182407970990041,0.14932326559354037,1,-0.007345811884287073,0.07878258359662163,0,-0.014246265217199886,0.11172370286404947,0,0.0835558018588532,0.1910563686303498,1,0.09595809127842969,0.14612442677571594,0,0.23576698711990224,0.07035286452055628,0,-0.10709982408198171,0.0807096207711844,1,-0.02137879912390045,0.061245195958976546,0,-0.03935756953041988,0.06534747773156442,0
113,100,0.6,gb,0.1720540702235014,0.35097882889977516,-0.034691360946602905,0.06927671519783693,0,-0.03332587943096715,0.0338798230904888,1,0.05686952905148181,0.29295014339454667,0,0.8271301036697658,0.5202983043992429,0,-0.44968944541898137,1.4817107090522454,1,0.0532243098764457,0.10318556108328833,0,0.15977021214774828,0.2990701620117617,0,0.4430207270765666,0.3548416398523293,1,-0.09084649865099698,0.21850634719504428,0,-0.05763339542977623,0.10750957311054245,0,0.7511787056548889,0.9149312810347754,1,0.12136227175961048,0.09521235362756875,0,-0.25951270572195495,0.4730084447041974,0,-0.10438220615599399,0.14696291215554635,1,-0.013809498623629254,0.02849575142941529,0,-0.07988112698541767,0.4523470714094833,0,0.15642036612335536,0.18500092823217779,1,0.2179512642782913,0.5299283609771285,0,-0.08926909677341019,0.16150119562097148,0,0.01127386098822046,0.024147728536698033,1,0.03931795862008984,0.1309233521460752,0,-0.17928165545096914,0.1833972326908355,0,-0.21414132423698548,0.41089469566564985,1,-0.00807338408764302,0.0799669766972954,0,0.12476831856353247,0.24218850871218583,0,0.40989701712556226,0.200956453628971,1,-0.00802762524448733,0.16242232112980065,0,1.3162766861213548,0.8444251498880821,0,0.18413418965019646,0.17985148205802695,1,0.5432332143789558,0.24399064095312367,0,-0.04184470097880103,0.05164406464504058,0,0.06275238249151668,0.2650184245255372,1,0.3240920586262942,0.5003731583956312,0,-0.03762463582356055,0.11857565110196006,0,7.058448436914658,4.224535604662209,1,-0.1786396877581782,0.3128928666108769,0,-0.006663446036590415,0.09950878406853608,0,0.0044501219538889535,0.012299372558753177,1,-0.2572726624899885,1.1650428185216117,0,-0.16333979874497043,0.6434151560400093,0,-0.01169201594531508,0.08465297572025057,1,0.16199787068201651,0.5165120639311842,0,1.0380387945114582,1.5234981608428686,0,1.036145513111028,1.1455203117858703,1,-0.44400855567746234,0.5774545842733919,0,-0.03466116715607058,0.04285314216993877,0,-0.020154092753234515,0.44151891654375724,1,0.04275952392826767,0.30575276282546926,0,0.23930595252220152,0.7946061700457726,0,-0.6082253082357711,1.5380175537146807,1,0.08014942111135255,0.12477082830870326,0,0.27386127097138807,0.32596412221888854,0,0.3046741855483823,0.49669744682398764,1,0.9498267703549292,1.0581246215624052,0,-0.11854217950485377,0.38847716602389487,0,0.07847559013276768,0.12288963875845041,1,-0.10444961409155888,0.3474257652322959,0,-0.0769204289063722,0.14744793571249867,0,-0.10466426972067207,0.17128639586886835,1,0.1937111103305743,0.2974385283766807,0,0.014756439527047856,0.05525079370922574,0,0.1508419192714605,0.18916577597657253,1,0.036437321771374695,0.03910335510058387,0,-0.04002474758381742,0.09409291884693192,0,0.019579805256402454,0.02873129176781477,1,1.9350355966444588,2.0400144518629673,0,1.7686284221840345,1.1149036084019708,0,-0.03541269816832043,0.13933727623967854,1,0.08136711947917022,0.14174456754563758,0,0.03485754897654681,0.1081123792926706,0,0.02752125152277941,0.04174671526282891,1,-0.0971569383518818,0.22784399604433264,0,0.05068072634264018,0.1071750617602308,0,0.17003101862923062,0.41084094209528293,1,-0.14066973405962863,0.23773638724035998,0,0.0211584552737214,0.11162259930822084,0,0.01888419475163671,0.051789398425755924,1,-0.8944811634544477,2.5944480834477632,0,0.16310620986652596,0.7254999537270863,0,1.8083294135383738,1.42491374932366,1,-0.08102498924550294,0.17953970089899407,0,0.05378177533713716,0.1435084116292292,0,0.4047442576729301,0.8771234496177864,1,-0.0430167569956547,0.05147557297791808,0,0.09464127060556142,0.1789030052458301,0,0.6283252490580984,0.8271023144433802,1,-0.024539474604984676,0.10294016404313591,0,-0.2344505811641548,0.27719758344571144,0,-0.029609172674907442,0.06148919799639137,1,-0.025473992137474265,0.029896256802516664,0,-0.11158765465499235,0.18350881079128223,0,-0.11258023534523014,0.1429777435686359,1,0.010365304420438575,0.01820184993792152,0,0.04813517806976093,0.09090282249394419,0,0.13587571743415722,0.2721527651646792,1,-0.0046256718835070544,0.07422273664714125,0,0.07442613743828061,0.08487326552011341,0,-0.07544880301468612,0.16870452655023555,1,-0.12383812884539473,0.21708704030302364,0,-0.010836245356058498,0.021579696036016963,0
113,100,0.6,hgb,0.21971194449055811,0.24121138853757215,0.009272001088338385,0.05413936289992421,0,-0.19971322950644474,0.3653850786964689,1,0.04545782840153423,0.12233071922944685,0,1.4213086182614425,1.0542410252727799,0,-0.6830191345895095,1.248799619177793,1,0.2575375507140707,0.253152161626048,0,0.02423855467392568,0.05717068902289159,0,0.6795069644737962,0.7184982307133994,1,-0.09676873008934272,0.45262786177997466,0,0.0,0.0,0,0.18698935824337642,0.2647995318875257,1,0.1179408971791572,0.16546596842018704,0,-0.039214454289739055,0.07842890857947811,0,-0.43599272028125136,1.0155098342808537,1,0.005746074196495967,0.011492148392991937,0,-0.0420216509143785,0.12029850227351388,0,0.6110407094928301,0.43275883836556334,1,0.2443078903873686,0.8978162780206539,0,0.0024821572256001332,0.0049643144512002664,0,-0.18742040820651346,0.36015495993162905,1,0.0055372340392292,0.30846896479769687,0,0.03306311882637121,0.044410821701546865,0,0.37160954692575077,0.7203913607428203,1,0.009800655170139717,0.44792258381434275,0,0.028151402970407958,0.038042159052433945,0,0.22056128794420488,0.3814161252162513,1,-0.11225872448605123,0.4611538886753854,0,2.209633498509139,1.4666646157671404,0,0.4402381326218567,0.3138088112113251,1,1.1242948976800853,0.8772467546542954,0,-0.08167169683317844,0.0922093384304921,0,-0.11141711805205068,0.4208118266518701,1,0.30499652132602273,1.24460765063894,0,-0.1963158055623685,0.3393672826980814,0,2.0203729695911656,1.54444472405158,1,-0.02166216141194549,0.047229403711486095,0,-0.015713178452297923,0.031426356904595845,0,-0.0053489618069864076,0.19316036189377825,1,-0.4197393458567989,1.0376228722029546,0,-0.04728984093163946,0.09457968186327892,0,0.05743579611130434,0.22154943463309465,1,1.1674652714406637,0.7815074817124323,0,2.1391692317885966,1.492448885134077,0,0.5481081994929304,0.6094236680390641,1,0.050621819462425145,0.06213685468198644,0,-0.05661593432525678,0.1019692198277734,0,0.3520531271615477,0.35762213956219685,1,-0.010374571944892472,0.19397689077665817,0,-0.5024430862221616,1.0070356623591286,0,0.04759461020258645,0.24867534221951842,1,0.9731742038458269,1.2712063400367348,0,0.47999144074239763,0.4334096249760225,0,0.014413986931285394,0.02882797386257079,1,0.8913267528200943,0.21589367612025143,0,-0.04714907173577669,0.09429814347155337,0,0.12499863267421603,0.1565403517515149,1,-0.024474300259531845,0.30915944036958126,0,0.02625745182325396,0.057023946901160825,0,0.13684923544652577,0.2242549116149022,1,-0.007832891040549095,0.45833343700014123,0,0.07939772434770118,0.15879544869540235,0,-0.03512247902578177,0.046619206717350516,1,0.0,0.0,0,0.041423236866447756,0.09837912915722716,0,0.0,0.0,1,1.197557665803917,1.8067134769926483,0,1.7061089995541228,0.8507397952771858,0,-0.11240576797401255,0.1466491143360844,1,0.0,0.0,0,0.0,0.0,0,0.0,0.0,1,-0.07852075426202576,0.15353404498106815,0,0.0,0.0,0,-0.2078371068834925,0.9753605248918942,1,0.029786279013686946,0.24214432920593937,0,0.5307817217694007,0.4084285509334419,0,0.06730411980296355,0.08321587410795704,1,1.3675427354346126,3.035402950114827,0,0.971686297155258,1.0013872181296546,0,0.7835922611058699,0.686199342919518,1,-0.024243593550969892,0.04848718710193979,0,0.06074022094324746,0.11144957485815866,0,1.8536092821502863,0.9741931935456807,1,0.1911092623894181,0.252728523503467,0,0.15961829873647998,0.299056533984578,0,-0.021782882726090635,0.5694514108638161,1,0.006132645450048246,0.31460045458684793,0,0.006453006732548117,0.06349991331225911,0,0.005710007118950956,0.03961427064939075,1,0.0,0.0,0,0.7177192727355498,0.3350583399511379,0,0.025752966277154628,0.042153311379655556,1,-0.015548918400984449,0.03186260490504465,0,0.1042972470964149,0.2085944941928298,0,0.046452848667617175,0.9511882751283222,1,0.09098485804645387,0.1310765057384362,0,0.33475085398299165,0.7020146824354786,0,0.1756704039025469,0.14617764625873134,1,0.20208455312816906,0.1573815713372546,0,-0.09219170303682613,0.18438340607365225,0
113,100,0.6,ab,0.14918086035349917,0.24486061302981915,0.16851081101855234,0.19522742686489747,0,-0.03641089872918052,0.1452055172714448,1,-0.08116443509380118,0.33008315445743547,0,0.45756019719513824,0.15894671699043297,0,-0.2532934832409384,1.3729307131973225,1,0.23600259034838,0.2411598374542507,0,0.15061725157511377,0.31913722757234997,0,0.34522368211038296,0.39706361096306164,1,0.08223145026793371,0.3267363819802059,0,-0.050018525003444426,0.12737535360387567,0,-0.04564080681780314,0.16430780272720946,1,-0.044726479358623325,0.09373175577682132,0,-0.13298000611485397,0.9276948501308597,0,0.057446411233194064,0.14219680300554452,1,0.07807037939344694,0.2636212862911137,0,-0.009296927041638071,0.08105507234510492,0,0.11194918356256327,0.44695598408275977,1,-0.04650572046934771,0.1993107653039425,0,-0.035589973405962524,0.13660196687853338,0,-0.03915577103037217,0.07831154206074434,1,0.04658374217118155,0.413210979278165,0,0.0050153520980703095,0.022223118125026305,0,-0.07003038815956035,0.6736616722170369,1,0.018777577976127315,0.28756783613800224,0,0.1253985298586084,0.3826416366871234,0,0.04451296643934265,0.38231259275661605,1,-0.3116736653007046,1.015615744612367,0,1.1310884265180714,0.559397512704825,0,0.48638923081720575,0.3419519545480458,1,0.33768973779745687,0.3424528062368325,0,0.27392671888619025,0.8270137089668415,0,0.0936805324040507,0.733768319316917,1,0.28200499009726177,0.3612359889951283,0,-0.17624245657407916,0.41630857031229623,0,2.43685535948389,1.8734608788000864,1,0.036939913830348274,0.7823367504627171,0,0.0052954870741794184,0.04678856000636734,0,0.11597442550329318,0.15269020358605975,1,-0.009852995958651611,0.7734310327988159,0,-0.0212218122449085,0.12555899739809073,0,-0.23272879482395567,0.5355294153695482,1,0.18278001445812161,0.28833388823566736,0,0.8758536372451131,0.5819549918030607,0,0.020363795931787155,0.12391044878382852,1,-0.03231599590906815,0.03101054157185039,0,0.11994398196810063,0.253103868300476,0,-0.1451212036751339,0.28628296355372446,1,-0.5924930226603152,0.7522785710197293,0,0.3193129209799733,0.07077063317374704,0,-0.37088912319671385,0.912891892467511,1,0.13403199011936012,0.7464689819613404,0,0.8681927270741892,1.4360312460214957,0,-0.26563183752687264,0.5025893424355474,1,0.30486364386952286,0.30147455132279327,0,0.15180661889547203,0.2300698555425853,0,-0.11596302488756138,0.20491058347080576,1,-0.20226132476739633,1.1664755560457283,0,-0.00962826204978711,0.01925652409957422,0,-0.0801957381368464,0.1425939877156682,1,0.1408384844743833,0.3708239433790221,0,-0.04733446802206549,0.23414763572010253,0,0.012960311962794891,0.0488867511718666,1,-0.003338318086991464,0.006866902329415866,0,0.010308914155501758,0.21534067390566541,0,-0.3093317681005943,0.40427428047117064,1,2.0092026710324435,1.9873393700689423,0,1.074693718926979,0.9751168311020001,0,0.009487821922635697,0.3953698428362647,1,-0.2833120869526618,0.42575437610384864,0,-0.04579052253324412,0.19641000402023756,0,0.2003634813941213,0.3004377912981546,1,-0.16812330883594592,0.3518265201920484,0,0.2443202305014816,0.4855645677646391,0,0.19341198038401625,0.4570848172178549,1,-0.20956950377795644,0.21634345390470536,0,0.5878796998421774,0.7905882529381701,0,0.15308569053743343,0.2123412730512259,1,0.31644300934637926,0.19479960933682425,0,1.1366498752532628,1.1179936194327782,0,1.4538189425232633,1.07099410249276,1,0.14688185035927048,0.28111733218100377,0,-0.04509398159617521,0.0792914017586938,0,0.42641089976400187,1.6490004217641523,1,0.004209370696292391,0.12737979558566628,0,-0.09778376229603895,0.7078883444532235,0,0.42784572932608594,0.39599022721148236,1,0.017698806101274087,0.022022729933725747,0,0.01453293446023693,0.03411105817729248,0,0.08362954081522228,0.3423336459989386,1,0.22930346941238913,0.255413888345302,0,-0.03233725756147414,0.11497400779550099,0,0.09483966828846564,0.2857517140661528,1,0.012667881154755038,0.0209162733805454,0,-0.18294119455944036,0.3658823891188807,0,0.008588182050515324,0.316350104802479,1,-0.12800678423164452,0.2788773352790336,0,0.17301269647679543,0.33170083594879063,0,-0.061752842527538265,0.08956191797521872,1,0.05920748205800504,0.13865656701768353,0,0.01708966769994505,0.16011380849708276,0
113,100,0.6,bag,-0.010923389179722177,0.3462710082926466,-0.22713920917691693,0.382252119854758,0,-0.028220996599972785,0.3230683994492072,1,0.18515723474107712,0.26120124948559026,0,0.0956100654216355,0.5807348629946549,0,-0.27874072508448966,1.6666040281513097,1,0.0035463976050778,0.2927823116103864,0,0.20468737541987964,0.37665029849297454,0,0.23189695903727642,0.6431204049094486,1,0.0756647637987747,0.18483382012667157,0,-0.22609354781983323,0.4643871791091415,0,-0.1683061836894345,0.8562126911554416,1,0.015215790259240702,0.15344620482648583,0,-0.04639872322412468,0.3279487764496031,0,0.07174815300669517,0.27937145612713316,1,-0.26413864038406726,0.8184337341829078,0,-0.30819439188893394,0.4075586942689128,0,0.49956816672947796,1.4325086247588803,1,0.09992080993198127,0.1312406312372886,0,0.03652470114398108,0.08372392550665277,0,-0.06065510987979319,0.10484817882689965,1,0.02954797170478316,0.2578350133565703,0,-0.010557657549122223,0.28748838879667904,0,0.04989836203479912,0.318961992418553,1,-0.02009741986573859,0.14305679202345792,0,-0.008715955407184974,0.13622594337501542,0,0.14700654133677288,0.4732180800845788,1,0.5304590809663847,0.8196147827703297,0,0.11657689454432582,0.3245415291911623,0,0.49676823276630017,0.45078935782689145,1,-0.2073253930901616,0.6264938099175962,0,-0.04482771546313989,0.15287997495454922,0,-0.1404590775942111,0.3983093100957021,1,0.7967348710079478,1.6426232602618112,0,-0.0077978327463552695,0.06103193427126567,0,3.5484152918593255,3.954257780401637,1,-0.2060391566367154,0.23925440114135038,0,0.009148847416262212,0.19137743728838985,0,0.03197968179955957,0.17422386348197286,1,-0.4874725540821291,0.857886942247074,0,0.15124077445770306,0.35001453815372724,0,-0.45187914450205835,0.6334952527097888,1,-0.28412412036910856,0.3529828112840907,0,0.6724801499646653,0.7001023277598165,0,0.36967926759699543,0.6314220317985312,1,0.23690761276718408,0.6701761999537388,0,0.03127211077212891,0.11979640903797309,0,0.06643267307763888,0.11931534872980262,1,0.38124157556171995,0.90753796914981,0,0.7194807803084682,1.2431261148513897,0,0.6603991862550235,1.863146817814088,1,0.1066014764298872,0.2222422130150721,0,0.16049658720102258,0.3428131907414719,0,0.07183302929861891,0.21335544799723952,1,0.6429562162349318,1.2476645831548443,0,0.34510428653108416,0.8787447801743111,0,-0.09531421297719853,0.5316305293101861,1,-0.3200113836116342,0.4883372285293877,0,-0.02228096532112086,0.0954512784071373,0,-0.19477848108522788,0.7189883195750676,1,-0.04654230220535638,0.39168918141632586,0,-0.1980361050580533,0.30024410452565303,0,-0.6235890040545334,0.45518516858327795,1,-0.013591794612585162,0.09899552455661798,0,-0.0863524865210042,0.11711858408659312,0,-0.12189578451838128,0.12621878846853832,1,-0.04362829666420598,1.2736677021856786,0,2.88976672205659,1.5533467482495136,0,-0.39219865683722616,0.7423582929472484,1,-0.6265068134509695,0.6532114329994757,0,0.3510625400693706,0.5563895149813602,0,-0.2608906218360929,0.47425278074098953,1,0.1271658233024901,0.27522669295973695,0,0.06623259811121547,0.24193383028136248,0,0.2647974578745744,0.6987442308688298,1,0.8470730882109796,0.857628097254776,0,-0.3130308517118612,0.3269280494589608,0,0.41568927015869744,1.0109638494974187,1,-0.3160247767545741,0.48377694953727407,0,0.19940461401329695,0.18404683163385677,0,1.3183004533346079,1.224087128149614,1,-0.27345869240835147,0.299076305163905,0,0.0431298151233159,0.11667228203301541,0,-0.2086044355267563,1.1071454050596532,1,-0.2879212444921091,0.6910520889601783,0,-0.07087868924661375,0.22020042042145302,0,0.6650054700826147,0.4201939536536595,1,0.012538150035203866,0.036541207010505165,0,-0.17784315602773107,0.2190205223686655,0,-0.5774022414730108,0.877184312975776,1,-0.11290214032628057,0.15121524101290532,0,-0.1565264573041139,0.2598170709298988,0,-0.04395896866440887,0.07134514207818782,1,0.017142015815098388,0.10680591706714303,0,0.03352136058169793,0.12312809201705585,0,-0.29035597666663593,0.4305179588857392,1,-0.6525564878865995,1.1675544355279932,0,0.10085161021131417,0.15753250579562622,0,0.16072567194626136,0.14824533509619364,1,-0.1528391603806263,0.27523211239725226,0,-0.14998034999749923,0.5350685170316266,0
113,100,0.6,mlp,0.7214951251828395,0.09904345431069003,-0.13206993184193988,0.1966006503449651,0,0.058505782349207,0.25389053137571116,1,-0.049893857034086296,0.2371311168376899,0,0.23198458089620244,0.4589485559049707,0,0.3182051194518777,0.5041824958888044,1,0.3630854641591108,0.3181868119765372,0,0.05218237538399737,0.23405601336390272,0,0.8111454023272655,0.3588791548392883,1,0.16275486103583497,0.45938018871714076,0,-0.016267736487974235,0.4252708857313065,0,0.5853721032457778,0.4351744536936831,1,-0.24489577495346387,0.5606004018303533,0,-0.17077844998300623,0.3683744697053681,0,0.5854526917730489,0.5244428951094973,1,-0.06541166691592515,0.20533351459760135,0,-0.14735246305529506,0.08305331194267504,0,0.6707190057795931,0.42534286365333285,1,0.19625791750596452,0.18336742738280232,0,-0.08485037530656121,0.22752284029062642,0,0.489942412371523,0.5172129677542494,1,0.4615062447706145,0.30475927767797956,0,0.13011481076344378,0.25839339309307785,0,0.6439492804584951,0.5420564582226652,1,0.9968667135888314,0.8799156083115673,0,0.03255693967759006,0.25694130261378884,0,0.3417031587741469,0.6764849385083616,1,0.02749862838052407,0.22241157700799732,0,0.3210824106063585,0.2743336824404871,0,0.941566041132113,0.4174003609735601,1,0.42990206919568824,0.23250110029300636,0,-0.04041083901253782,0.3264831050299172,0,0.9989115094690852,0.6033224438540155,1,0.34578674212099436,0.5874113765005102,0,-0.03200965140655324,0.2937192524557458,0,0.6412649458633579,0.4448997118713803,1,0.37067111370558836,0.3519125178604264,0,-0.049483274379507225,0.22536449872788109,0,0.39177293914504385,0.31954021715628533,1,0.6539974625455182,0.7098042684217345,0,0.46443063654076006,0.3026415237364945,0,0.5382759077651558,0.4501467139672353,1,1.1419997685921575,1.1273716429866067,0,0.256869997137926,0.45350137653850053,0,1.225538153378613,0.7838042944622658,1,0.6326688636482289,0.4235728694561611,0,0.14281721668071695,0.08091633644518728,0,0.3483440250235482,0.3218488033112221,1,0.380318785497327,0.6011396544609262,0,0.15658527411176515,0.30474141848466796,0,0.8363129652027125,0.730132784863805,1,0.3560942534559438,0.2876626245716501,0,0.2953174518317608,0.42819579026250476,0,0.13933036063143905,0.23230101510059395,1,0.12715221567390067,0.2954057498610322,0,0.10625214216594334,0.30609218259994336,0,0.4641554375961846,0.30465737826039596,1,-0.12898816148734663,0.6236301301508294,0,0.14678754835373317,0.42751182629420764,0,0.25153308642417016,0.43322247021102095,1,0.00030857641219282915,0.1754775651176496,0,-0.07572608272040209,0.183899275214514,0,0.15995941484450388,0.28912537960426826,1,0.10400383842911673,0.1257363582261115,0,0.12042480133516793,0.40503259705527106,0,0.24653968142145377,0.387553296441365,1,0.5751804623798625,0.6029070439050618,0,0.17466524310713624,0.4503734004386943,0,-0.03906657480621163,0.448813452125136,1,0.07463472659759975,0.22586925254957357,0,0.021464706834228835,0.22029924648673052,0,0.28102630116933586,0.12758732892174954,1,0.09335987476514876,0.3591878211201444,0,-0.05464856216978292,0.16392254790833688,0,0.5002290247362293,0.40999406047472076,1,0.3468104613342483,0.2376111820129875,0,0.4172758484150245,0.6802254704944602,0,0.45789196445499253,0.359556003001012,1,0.3774286538989949,0.41879248951758524,0,0.3322976579338208,0.6456179983948592,0,1.048314699427635,0.47608106375914516,1,0.10970235369568862,0.17559948176350387,0,0.21272310818803067,0.15752923740431232,0,1.3002246788821377,0.4790602571491958,1,0.3798189999239649,0.2732983536661807,0,0.059772300118880906,0.07997759236854857,0,0.34279591945036375,0.21152669397317292,1,-0.07671374933138989,0.09456979622577119,0,0.05955152854200217,0.20802049928660085,0,0.3806189343945249,0.2403255200591133,1,-0.20990475528919927,0.2657674091273584,0,0.0721297487193954,0.38594824311507736,0,0.17950425405750672,0.3045788592898738,1,0.008768493061498989,0.1718171567818587,0,-0.11763726553607264,0.19500619424825855,0,0.3450923767773306,0.5317505702745416,1,-0.2246339393757598,0.15833862896046602,0,0.056853492615163224,0.19751379314533182,0,0.5663440434773568,0.4795850460757467,1,0.030246509991710347,0.12992539296636763,0,-0.16024874682265225,0.1808773879690967,0
113,100,0.6,svr,-0.1886380454600302,0.2956053378623527,-0.04018801844241258,0.14118244720461798,0,-0.05009080994991093,0.04200733630296619,1,0.027991655008095105,0.040760281082827886,0,0.2359333135477309,0.14376035115262023,0,0.18630798467762522,0.15373880706086795,1,0.06819251597735347,0.055265946176302524,0,0.017906928778864083,0.05125241136666589,0,0.14170157741129769,0.06973823420923407,1,0.0933084012306437,0.1750917653024389,0,0.026243960971936105,0.15922300592034133,0,0.09066037767215653,0.0965192249359054,1,-0.024102227619221595,0.07508688220291032,0,0.011448265187246506,0.045441532376664956,0,0.01355364783740697,0.058675257013361154,1,0.0045787670336311665,0.013308629112764753,0,-0.027401988729943823,0.015707927798231935,0,0.0538294086947559,0.02397225743332677,1,0.04486371508336619,0.07048328976896377,0,-0.0005549383944188265,0.03004328002804952,0,0.017114178604576306,0.03665184978577485,1,-0.009783473901526877,0.04351392242124504,0,-0.03616680329519225,0.03126320458957357,0,0.08312878036028783,0.06864466514648164,1,0.08644230961895212,0.14101297736824703,0,-0.012237065294922304,0.051290901253907215,0,0.20180022955682678,0.14098927263414704,1,0.10902361722359219,0.08607376429558942,0,0.2526962949907529,0.11862508159985385,0,0.21642783383403025,0.06265559330620271,1,0.08762010877088182,0.030612829343329918,0,0.011753470515845877,0.03230374843759513,0,0.1055081737588687,0.0859492380694125,1,0.02944507158206473,0.049548874019228424,0,-0.0993289666399371,0.11070511182132695,0,0.1398318742986952,0.14903416150103124,1,0.050926816126986976,0.07443326915781284,0,-0.04147485204714263,0.08229337798350427,0,0.052121777196377075,0.04544206215598718,1,0.045487833645172414,0.14116552456570614,0,0.06786322527422547,0.01877958122532008,0,-0.038759974048979864,0.04364164766072093,1,0.08279174422237728,0.11016217611079751,0,0.03388562660698534,0.05572983484424545,0,0.11033226996337564,0.06420380856220334,1,0.1034813706087206,0.15003180920306466,0,0.021467641710317807,0.024601487603963496,0,0.03540313762504459,0.09929805150341975,1,-0.01306944317881461,0.1576549510252243,0,0.03624802471805365,0.10984953134662204,0,-0.002248453181436033,0.03773893923376714,1,0.04875055570142995,0.05442889750355316,0,0.09897818189228953,0.06397981766199584,0,0.12838699421656258,0.09373308276161345,1,0.09075454731965658,0.0429096044502976,0,0.07011340805375443,0.07810461805031259,0,0.030189197156122248,0.013888365878457466,1,-0.0018392053580088968,0.081982768985076,0,0.008847967096513925,0.06624631498450873,0,0.051125495843085886,0.05101770199430373,1,0.026493147487214687,0.037536036919058505,0,-0.0005410784342130784,0.052959576192308865,0,-0.0009167153883883977,0.0316732040420282,1,-0.009150184584530392,0.03258999014005381,0,-0.02279889595380591,0.03441780125097585,0,0.056160726054161225,0.1056434541296326,1,0.12219266870125131,0.11837468845618383,0,0.18500773086079567,0.12812814933959757,0,-0.04182719316024651,0.09099103566607908,1,-0.06735172020134132,0.08820588159867578,0,-0.03725742691640098,0.06629241904277718,0,-0.02379812203346782,0.04876230033004169,1,0.005561380104544213,0.021813409556136636,0,0.01695007133207247,0.03812582735449895,0,0.052030232853891654,0.06822945732024865,1,0.059878438907248276,0.10472666494145565,0,0.10860586157473115,0.06526286449823372,0,0.12791169308139488,0.0712664098177654,1,0.05849081928677101,0.12577334088323341,0,0.12857579517909026,0.032871715082620996,0,0.2022974069310821,0.12517619156234364,1,0.07096922633893113,0.036403612543259946,0,0.07107765784671133,0.06701061889941032,0,0.19363334914799596,0.10170076240586762,1,0.054435346120502125,0.08857826189621873,0,0.04348640822069453,0.0226247807228207,0,0.12446465849188679,0.10000895035614814,1,-0.035319854283597754,0.07090074210632064,0,0.0109994581624659,0.04078430591139629,0,-0.013122882840244257,0.032177191239693585,1,-0.022927632319551878,0.02073901291824251,0,0.00102185282665343,0.056089653441720295,0,-0.0077361027272906,0.043599188395995754,1,0.005503473353272029,0.022435704350754287,0,-0.011993106649702129,0.027277367146938562,0,0.007542957126813903,0.05085005043426577,1,0.009070501435411726,0.061678983527815444,0,0.030180468629673766,0.037982342528339645,0,-0.005443833925937577,0.053096486817449745,1,-0.003448011727808009,0.011413298369057549,0,0.008651758852698425,0.02650496591542682,0
113,100,0.6,knn,0.11104905662799688,0.1398596198730512,-0.17573060037127491,0.7180454347405392,0,0.39892370358453083,1.0210054393044208,1,0.4382840933008385,1.0211847707728636,0,-0.2918216669545347,1.1471452998319862,0,1.0101792193145713,2.518832841647438,1,0.3982973191782916,0.8891558146611664,0,-0.06599753701953733,0.8928696746066079,0,0.8240369081627696,1.4474632057302537,1,0.08761898692679412,1.2669485821349942,0,-0.19433235491803613,0.9294462178780062,0,0.4795177193504996,0.6446004684510657,1,0.18390350169609776,0.8241187613611484,0,0.32334514638878675,0.670376219714961,0,0.3201966091864922,0.7570421936305347,1,0.281275109926063,1.2310862964669729,0,0.47504753100027075,1.3868087521481856,0,0.9760151741674609,1.812591806013728,1,0.4332710151779301,0.7208030052331946,0,0.04540893192458839,1.1756199455827907,0,-0.6023065737568928,1.2174569370646542,1,0.22153750364255828,1.4198244877752981,0,-0.1390031823787564,1.46753413323297,0,0.32172142167581286,1.0467234458118984,1,0.37251237457845787,0.7595705771471885,0,0.4580591159717442,1.2849876597949494,0,0.35037290092740214,1.1995868564944407,1,0.5338518697823949,0.9040941827457037,0,0.988649214786977,0.9079907643552954,0,0.31316535273519974,1.542227675007346,1,0.3082893051232151,0.9258488207073357,0,-0.4982978542879254,1.0369203095246455,0,-0.16651095710363525,0.9894360080348668,1,0.02629738004857769,1.2909527943951755,0,-0.5733138594995548,1.556578595659128,0,0.4686919221311451,0.5948932506681056,1,0.20016530253264278,0.9291352755809216,0,0.444190276059558,1.550159001502585,0,-0.5282093163545534,2.0771880004433565,1,-0.2739879992259276,1.5339468568076964,0,0.5316098901484159,0.4690859317824669,0,-0.3966424452630125,0.6604825769488603,1,1.0165212677955056,1.1807715129085845,0,-0.271400970838832,0.6346048068746719,0,0.60314178240149,0.8838334463982439,1,1.2964611726791977,1.1971397277319134,0,0.3339482576194243,1.2434905124253928,0,0.5833349929802871,0.770475300897604,1,0.26973390410262216,1.4292275697984043,0,0.025324583785245713,1.1369842583187018,0,-0.17379782173094133,0.9330497994556938,1,0.4162365440158552,0.9324627785006121,0,-0.2298816246283873,0.7618887837544701,0,-0.17256192977787438,1.5058725483127964,1,-0.24606850064171346,0.7876760675225754,0,-0.32984268227917735,0.7098904886254696,0,0.08718559706843192,0.38947702857068967,1,0.177932959516584,1.1589560050986611,0,1.1420760356477182,0.7719882326835372,0,-0.5877674975498024,1.0727503288206017,1,-0.36165628873502803,0.9040464438793544,0,0.3316720509718915,0.9154887867372373,0,0.6091354917963506,1.4848565094943442,1,0.9687339552728345,1.5419060333906458,0,1.1078090510853527,1.6417106242774337,0,1.2921910896235473,1.488932911934854,1,0.8844038227365922,1.1181589954997737,0,0.31858865162443467,0.6142015399153813,0,-0.018834925955140358,0.7225648189390073,1,0.5276809028407028,1.3745163957660407,0,0.015439104537174264,0.9322964997791469,0,-0.03400041076175649,0.3223976510258908,1,-0.7698410642309345,0.779349945248728,0,0.13922848303506424,0.7624838563777775,0,0.310682072806015,1.1044408205024605,1,0.396167145095522,1.5617663907167194,0,0.11164115726522339,0.31927384085853183,0,0.6013050287026123,1.2446325329525039,1,0.518271206457882,1.3979117574755082,0,0.4930898243919043,0.9094927499358801,0,0.21816726435852446,0.851267798543545,1,0.19023645844265344,0.6504429721405455,0,-0.3831216621908971,0.8855635563945549,0,0.5242836380437265,1.0587457706852617,1,1.308006925628964,1.2657242014676493,0,0.3776814072903235,1.0620807058564603,0,-0.41348946778831114,0.9691004788662769,1,0.05772675214284502,0.6804062462709426,0,-0.2573488515100756,0.8104356310441492,0,-0.22620912120900255,0.8629318820376369,1,0.6900926493329704,1.1825693666873007,0,0.23989622841238445,0.9359924736601113,0,0.2181615827508938,0.9228652347719739,1,-0.5339811401194168,0.7661669036452691,0,1.0635760566741146,0.9727014759070046,0,0.641001344453541,0.9412534534266186,1,0.2191251390557815,0.5098754078404779,0,0.8616052952377693,2.2102462400334244,0,1.4085311849283204,1.4784368364005058,1,-0.3609109097128721,0.6192760026500064,0,0.4384840100735984,0.8981454700950628,0
113,100,0.6,SuperLearner,0.7613527930818884,0.09997343009880805,-0.15327727823806883,0.12034154397647118,0,0.885433735018697,0.3184115093054835,1,-0.1874295651915176,0.14736556792463718,0,-0.1757640687319481,0.3526979731787778,0,0.7149101144823942,0.5093577864601981,1,0.39563562466024704,0.4539496833870006,0,0.0678805585360051,0.1955806374755378,0,1.029548772662591,0.48083718785538765,1,-0.08674495389685943,0.33428760964205806,0,-0.013019015461894778,0.16773909402330187,0,1.6582894113563575,0.8814611890748046,1,0.1399434279619661,0.6149590450675239,0,-0.08155532894996059,0.37330611387662554,0,1.1735529643775366,0.8487399837084236,1,-0.19600695156628561,0.31531116770121553,0,0.10367352083604668,0.48424263744651774,0,0.7942809122997739,0.9095201559148467,1,0.0070622485639965284,0.2116360188808329,0,-0.08757194876611989,0.22666073556650004,0,1.3072019177520044,1.2575365864844101,1,0.7085281463788882,0.5734110978474182,0,0.06177357767907332,0.24646703906433487,0,0.5488044212054836,0.4478894347586768,1,0.8298276999676579,0.7317233021434923,0,0.01062979256669698,0.1361939910742114,0,0.3567893825012377,0.9374046979942131,1,0.10021303767122569,0.3293061119628315,0,0.2422732325474458,0.47604581543172003,0,0.8216181381172725,0.3111125866380225,1,0.20512085238794614,0.153358886924349,0,-0.11387949434867153,0.3030275106529064,0,1.9437071180485517,1.7344780354676221,1,0.1558433849645009,0.4576694934688337,0,0.02082502664358395,0.2570365795238295,0,0.721955434045894,0.628310486713833,1,0.5356731410093792,0.4156462478336836,0,-0.07977979274492239,0.3289003458584948,0,0.6245472757582637,0.4575489019627582,1,0.6945201177758622,0.8046247844675538,0,0.3046270770013345,0.2765092553412835,0,1.3212202255750465,1.2333359947279614,1,0.435776573069606,0.8271815207299897,0,-0.09543146223366342,0.43910351608229736,0,2.4414887931531584,1.203576767187307,1,0.5293915810369271,0.26572764458472187,0,0.06335292529562556,0.23751317253709756,0,0.37408587177642116,0.40521785877912286,1,0.7465831982943817,0.9608443047244392,0,0.19302435693061998,0.373816722239916,0,0.6174210304621939,1.4175400155448779,1,-0.07299979066781684,0.3680674150865586,0,-0.060089503698168234,0.2184997086064545,0,-0.04582850809055165,0.7575406647538737,1,-0.30880799076668486,0.4491131871506727,0,0.008643814585505626,0.33070257140079895,0,0.9032427792454261,0.791765989850777,1,0.14104402948139658,0.4647809884729794,0,0.18385084313235617,0.6346012787151251,0,0.010726190814630082,0.2989947097743001,1,-0.03657266085997161,0.2401134239564048,0,-0.010570595159584506,0.1453676682786855,0,0.5958165212864378,0.44151158264384915,1,-0.2565593244427101,0.12098978941507801,0,0.09556936248205944,0.27831041481674723,0,0.06743107073595797,0.5033410699639322,1,-0.3604849340037858,0.5704369495247158,0,0.07546315353055907,0.4003396625643664,0,0.55939270643294,0.7873471589327318,1,0.18660400598763388,0.4348062764463073,0,-0.07544767581507544,0.26896494352704514,0,1.0792509717445051,1.1938360282757912,1,0.05175341868328478,0.2637798616527117,0,0.052831762857785534,0.060431356401743255,0,0.6250335261931326,0.5262324918520203,1,0.2236354639222773,0.257916237106151,0,-0.06722499201651747,0.48485597978956946,0,0.9323987388793373,0.3535478764006638,1,-0.07549040521878023,0.6084442731803069,0,-0.24172167604466374,0.48073600671273686,0,1.8450085004125192,0.9291897429628574,1,0.017411339531496917,0.36801854887774854,0,0.12630666624176057,0.3409538835836302,0,0.7370555395285164,0.5446917076835447,1,0.5380323353948863,0.5020168167606627,0,0.012694584589312963,0.15730710201162035,0,1.6031401965743413,0.3278508193287984,1,-0.05857021155328838,0.30812344445181505,0,0.4852771504978749,0.457971285564396,0,1.4974680628364687,1.2201204848668237,1,-0.11322416481582795,0.5422484310224435,0,-0.2745700272177284,0.5005967317445777,0,-0.1719183121168473,0.4458315985107864,1,-0.05265491028509732,0.4672678090081319,0,-0.33658004839441935,0.6349020929827034,0,0.47435559108881264,0.9199292154100536,1,-0.4787361596977421,0.251590867626877,0,-0.19796585835284053,0.38990904653538766,0,0.22986639748498355,0.535356373743488,1,-0.06613614915615132,0.27204132476315646,0,0.15083689352022983,0.4922134238658545,0
113,250,0.6,lr,0.9666763880163884,0.007588321070547782,0.006947188608558813,0.01702681981748467,0,2.36965764488371,0.885265876148482,1,0.0093909016034311,0.017379310168688693,0,0.02445194733728008,0.043036686719356905,0,2.271071762815092,0.7053628520907358,1,-0.006344462024564632,0.05212778651260453,0,0.0009989373673486984,0.02488710254100536,0,2.2838737943997423,0.20336388007536726,1,0.011380765160993456,0.007691318240205136,0,0.024625905172266507,0.031545518712328365,0,1.4968589320723615,0.4146889984225128,1,0.034238493366138226,0.06004711261804819,0,-0.013958329782932238,0.03662410724449646,0,1.817917209260672,0.5818131741450802,1,0.001924599771260901,0.04506120552402655,0,0.00703900100283666,0.024004085433957066,0,2.274123301850119,0.578121805601603,1,0.006685783789408525,0.02037664699720383,0,-0.008301054947544583,0.007831291700555621,0,1.5043322274314719,0.23867740982135302,1,0.049734001281414635,0.040520330135197374,0,0.0015214185551442716,0.04161622631796392,0,2.698143935340762,0.7337157581753797,1,-0.010068924052980354,0.02624728210330169,0,0.026236906401072235,0.03132748104148851,0,1.9883069284051955,0.3864145240613231,1,0.022189870699316,0.024278339324841615,0,0.044288766242200864,0.031187884677297592,0,1.9022505431212593,0.2347625595189317,1,0.007663536662360237,0.011465948170058268,0,0.007644434217966683,0.0709570047856954,0,1.9944456825254793,0.5578707182639608,1,0.006080224205008232,0.021967762301234352,0,0.025009286046227187,0.03131753559645579,0,1.7542687647834625,0.4282089793367372,1,-0.020540580066390708,0.021168762845918995,0,0.028724082112770166,0.031530657285153044,0,2.003804692558323,0.38236058565821374,1,0.013065100583770903,0.045909166611457455,0,0.0003927154610389186,0.014254330290287292,0,1.5991552582418982,0.3125826635969289,1,0.062400552461597744,0.04856245142539606,0,0.014746102111528528,0.02247133860561475,0,2.1152238365065346,0.9510441073926956,1,0.014959251529101797,0.013936387356575106,0,0.009730070214920427,0.008447408472309554,0,1.7341005914511158,0.2986014762782087,1,0.09176285829822477,0.07433339490012544,0,0.10365226874453129,0.07204548267521996,0,2.59639851435606,0.3917405087834043,1,0.010527461607528193,0.030290705592037535,0,0.0038311203839840706,0.022321198853577903,0,2.038380503807576,0.22028236654138214,1,0.005399825261087876,0.028269703055270476,0,0.031096256469213813,0.06542984739125844,0,2.118616222936615,0.5597223308558622,1,0.0025920621508797675,0.014444898082210458,0,-0.012901067454726295,0.023855323959955717,0,2.3185921384297066,0.5335069995261751,1,-7.690039136234346e-05,0.010006351573305398,0,0.004356595670246562,0.019658380587347344,0,2.2750408078168958,0.33578039695619005,1,-0.001299044210861806,0.011239269298375943,0,0.004287854691033154,0.00813518554342589,0,1.4218252738538375,0.17118469512527423,1,-0.0009831308254785371,0.044720963848654365,0,-0.014904993607931159,0.04234211628292584,0,2.089522003469564,0.5783190416119887,1,0.006870618283529739,0.040267319168728805,0,0.021774615936112147,0.018997696088645325,0,1.852593999839994,0.46940964845735705,1,0.015261631999081158,0.016115695588422855,0,-0.007473015553625917,0.021002884436222485,0,1.5689558032623663,0.3748572902037279,1,0.10920793337274914,0.14896287417188106,0,0.09323438871129659,0.017725222599111058,0,1.7381889557695778,0.7758867429499747,1,0.008488308201961467,0.008635563158169704,0,-0.0035181517364042325,0.013244163946612318,0,2.0330593030816995,0.34105833589962764,1,0.048047186613140475,0.08137924934215213,0,0.01052591284860573,0.06993807832510882,0,2.639719926256309,0.5290961290704669,1,0.11291106452451945,0.08176922664898868,0,0.057735418608548174,0.03280229536236147,0,1.276389152568565,0.30306596695943094,1,0.03821251453833814,0.06652682380672208,0,-0.015002551707883421,0.01706913714212216,0,2.6916247843510956,0.46937840353580756,1,0.01993571290160727,0.02989476089625255,0,0.1584467543311958,0.08497008975281516,0,2.707881985830615,0.6635424663645976,1,0.06414072680279378,0.054604494297389776,0,0.030806834952811363,0.06066946253913077,0,1.9711507627948823,0.4737380661006132,1,0.011622024525878762,0.024206893515182615,0,-0.019864450653997577,0.03645608273275115,0,2.288652195917346,0.4047024795940664,1,0.004602904492675643,0.01480053670674451,0,0.0339089340499479,0.027935365183862672,0
113,250,0.6,lasso,0.3679845046638833,0.03740399036541268,0.0,0.0,0,0.0,0.0,1,0.0,0.0,0,0.0,0.0,0,0.7270064087454984,0.1949640450871754,1,0.0,0.0,0,0.0,0.0,0,0.14406308190838824,0.16730395081579053,1,0.0,0.0,0,0.0,0.0,0,-0.0026305371107433473,0.005261074221486695,1,0.0,0.0,0,0.0,0.0,0,1.7183642953358411,0.2418694111093986,1,0.0,0.0,0,0.0,0.0,0,0.0,0.0,1,0.0,0.0,0,0.0,0.0,0,0.021312962292059395,0.027666080623163256,1,0.0,0.0,0,0.0,0.0,0,1.0560945213856983,0.34449891355967416,1,0.05124858410669517,0.10249716821339036,0,0.0,0.0,0,0.933963289015163,0.22624599324376427,1,0.0,0.0,0,0.005811722566547786,0.01162344513309557,0,0.01792883756626516,0.03564882915757366,1,0.0,0.0,0,0.0,0.0,0,1.1308586489857417,0.36963626989361986,1,0.0,0.0,0,0.0,0.0,0,2.6274958040542495,0.745092447089627,1,0.0,0.0,0,0.0,0.0,0,0.32815317869911487,0.20462622925961998,1,0.0,0.0,0,0.002813226055271457,0.005626452110542912,0,-0.006069810551148534,0.020205061408590876,1,0.5542672663502863,0.4140117435722401,0,0.0,0.0,0,0.1358932469417353,0.17039746652364965,1,0.0,0.0,0,0.0,0.0,0,0.3115558543675828,0.18331742331325784,1,0.0,0.0,0,0.0,0.0,0,0.5439078774106951,0.28777454305703043,1,0.0,0.0,0,0.0,0.0,0,0.01513316123495528,0.03026632246991056,1,-0.0062312633437905445,0.012462526687581089,0,0.0,0.0,0,0.1742219018193783,0.19180028081081457,1,0.0,0.0,0,0.0,0.0,0,0.48340220988413024,0.2743774494412336,1,0.02368305891787149,0.04736611783574299,0,0.0,0.0,0,0.0,0.0,1,0.0,0.0,0,0.0,0.0,0,0.0,0.0,1,0.8577203126834302,0.208884404579445,0,0.2780062711893884,0.3807655981309225,0,0.18746584115911752,0.24287288335366433,1,0.0,0.0,0,0.0,0.0,0,-0.16640160459667466,0.422691347912547,1,0.0,0.0,0,0.0,0.0,0,0.003573645198218415,0.007147290396436829,1,0.0,0.0,0,0.0,0.0,0,0.0036955568101696063,0.007391113620339213,1,0.0,0.0,0,2.1443808230097767,0.5475982307962209,0,1.1162630815334984,0.6949933976719621,1,0.0,0.0,0,0.0,0.0,0,1.8022083984189918,0.3168530524453587,1,0.0,0.0,0,0.0,0.0,0,1.9278753796642565,0.32116918682675555,1,-0.007336823117767522,0.014673646235535045,0,0.0,0.0,0,-0.006828158787581184,0.4763351885928797,1,0.0,0.0,0,0.7552434103606483,0.5895770101229735,0,1.0030466040235746,0.40017772116199485,1,0.0,0.0,0,0.0,0.0,0,0.00320473067503201,0.0040858758162257685,1,0.0,0.0,0,0.0,0.0,0,0.0,0.0,1,0.0,0.0,0,0.0,0.0,0
113,250,0.6,dt,-0.4110898504627062,0.2709296468422194,-0.5038070092840675,0.49610402078277205,0,-0.24931017963412022,3.1328824041755636,1,0.5784219978375319,1.1322909189731463,0,1.0320250707457204,2.0640501414914403,0,1.6112323108976891,2.138296761371806,1,0.46377808786218244,0.8103970636696494,0,1.127187186608275,1.810493062332564,0,-0.0034618811651389776,0.04742580189182758,1,0.053552361961834126,0.11228659118807335,0,2.068592838707402,2.235892879378633,0,0.4041539233088045,0.2852667017751099,1,-0.003014499589686315,1.1731048133958468,0,0.5806774586263486,0.6033672367291061,0,0.25355247791884455,0.36659721245262616,1,-0.46784439703495656,1.063892101952107,0,-0.015503966872278707,0.27631769489379543,0,0.22783997402162068,0.33289047317268355,1,0.019414646817400922,0.016497626027526528,0,0.3130226612833984,0.6260453225667968,0,-0.4559733118500005,1.018347136979372,1,0.24205209770216887,0.31357145454682184,0,0.07840818398928165,0.1568163679785633,0,-0.032299304709067375,0.09323476946493182,1,0.4997675467207719,0.8392643749097876,0,0.09760051336385164,0.21041453738557903,0,0.31582647710802914,0.39786464116233183,1,-0.06493494902224808,0.12276921923155232,0,-0.6072950795883822,1.1937056871119383,0,-0.17400081327197098,0.29851520565219375,1,-0.5640161449967552,1.5303979311404934,0,-0.25659643084336736,0.5131928616867347,0,0.6828991346924423,0.8463912061944872,1,1.6629521569607058,2.7419527983043515,0,-0.29388185730611355,0.554817039232777,0,2.737371948016679,2.8529518944176195,1,0.06275490361120979,0.31565414256774627,0,0.29426661239278257,0.43939851469207103,0,0.0330619994302381,0.5578262423520063,1,0.5859971181693702,0.7916457237566196,0,0.1932922592556344,1.0057555122054764,0,3.5807094307915954,6.915096367875529,1,0.38218454057388035,1.2968996700792284,0,-1.2489780901708536,2.629103050248476,0,-0.18109621926218925,0.9217733503527041,1,0.10360202034163138,2.122477390379774,0,-0.22757831767066228,0.42201439871169094,0,-0.11073062951872166,0.14719444803317686,1,-0.31990044585844607,0.3887139187755977,0,0.886702076967909,1.9929481180930388,0,0.02714462582725886,0.09336740443516871,1,0.03558843094565815,0.16029239781142762,0,2.4411648363635017,4.633509418679886,0,0.18224080257451966,1.749476696986984,1,1.5090554853037126,1.927754252023643,0,-0.7111616477903018,1.2237052025474384,0,0.9432370710524747,1.2304194743047976,1,0.4010075515248831,0.40431491433387284,0,0.04722050241242527,0.0939376902029966,0,-0.23047512498925657,1.0943840565836362,1,0.1307453190184251,0.26149063803685013,0,-0.33907331737356017,0.6381731693458226,0,2.2504529061645835,3.338273054556839,1,-0.30782358214051103,0.603238488494629,0,0.5391428306020378,0.7394984575465163,0,0.0643677981341352,0.40218802797724124,1,-1.8097838501931924,2.865279576838687,0,0.26048310060340635,1.130996889132556,0,-0.7147425399306074,1.1904810292701549,1,0.3363801623263828,0.3845053728209199,0,-0.11183553022778059,0.18901088197019603,0,0.13491375714626436,0.12653999831576812,1,0.11025189827814244,0.6493076502337625,0,-0.15774916260808255,0.592158167640675,0,1.413962026709582,3.277585962787783,1,0.17875629361103676,0.7642171172542132,0,2.7460209051458966,4.268684472290498,0,-0.02733861784747591,0.4587412723851918,1,0.5367932739721508,0.6836951113891996,0,-0.6892791649227809,0.8636818941218944,0,4.033853346921016,5.09072334574581,1,0.1599244201169214,0.29821896367438644,0,1.6472603633457683,2.591060933389337,0,1.1790296485416865,1.0970310369626493,1,0.3688766225124306,1.2734347242526511,0,0.0,0.0,0,0.8830934983190293,2.8957416640151266,1,0.08951128869309401,0.17420719642406926,0,0.12987745380508295,0.18259462502998025,0,1.7315490149491233,2.5317011740458075,1,-0.03948946308132662,0.07897892616265324,0,2.2468750292908286,3.666372607757925,0,-0.2642817397387057,3.2375383453921986,1,0.39101814905762733,0.4828275402103343,0,-0.7812337120950714,0.8627985496446252,0,0.3147158121332251,0.9010572434293751,1,1.6487640043549998,2.6786912525078406,0,0.2583640071401796,0.4478684912829109,0,-0.8611292567066249,1.5755588442739616,1,0.21267567033423057,0.4091780554781985,0,0.01048288919357367,0.08543454042141946,0
113,250,0.6,rf,0.3234476386654488,0.03976167601328648,0.024211510739770063,0.08931594481238837,0,0.03129130500005002,0.07350262868107636,1,0.0006943976080294317,0.1064360148736287,0,0.10614397091211407,0.2232785677598272,0,0.17239574464617563,0.31501324230906325,1,0.04201379420640524,0.08496160104940564,0,0.1260072036613909,0.07344813571444614,0,0.22650532271576385,0.035021453637565765,1,0.05467228983734511,0.11400029105497457,0,0.10231704907239932,0.1772005593017247,0,0.04011491373628674,0.16770898787667937,1,-0.0006167818882359483,0.0770346214551264,0,-0.035235982466812074,0.08963153832456704,0,0.6639089952710041,0.2681176175384015,1,0.04889151332375903,0.09670112586920084,0,0.042768216443066054,0.0402792931239937,0,0.09274079694476867,0.152925828985697,1,0.11367385788037096,0.1117145175762778,0,0.02626296817421348,0.027336925161776545,0,0.19261797654237817,0.1257825241657213,1,0.11498626287494088,0.1856882652743662,0,0.04662418203854708,0.20846902811085447,0,0.2206473327573076,0.11764896985336908,1,0.01916823819135622,0.14322660816161223,0,-0.008581402355575305,0.0822356411070817,0,0.2511092656196042,0.11164378618750036,1,0.0608692517035217,0.07155172580464224,0,0.04615198426473112,0.15083287156438135,0,0.26346992204037145,0.16772054134013797,1,0.13341660284418372,0.142207951241893,0,0.12042423091534708,0.19245437363024617,0,0.4321728883685232,0.23127094508732768,1,0.01386396803587529,0.15424221511177713,0,0.04793128603687636,0.0998223883906421,0,1.026320275427482,0.719854901589971,1,0.00038766622666789317,0.23675077274357825,0,-0.030190173891110395,0.12225359705113681,0,0.13858184321591566,0.14383902571426074,1,0.1170106447244462,0.1326989342206843,0,0.10449828269475687,0.09862384761850551,0,0.37708178182552504,0.2957039157834459,1,0.11202983777335407,0.22604929938154217,0,0.0904124779344999,0.07641812812730168,0,0.23343220849855495,0.17137513819650627,1,0.19064477962571927,0.22647816674780452,0,0.02521667405226762,0.03848239318241916,0,0.14354037820414506,0.190677565568688,1,0.0627350111511917,0.09495148901392181,0,0.137778713706217,0.20300861245325866,0,0.10815941931913464,0.11217455977497415,1,0.17685548394935396,0.24348139255101395,0,0.22903867839022052,0.2918177288925241,0,0.00910824305343611,0.11478986256737138,1,0.10843547165421674,0.1533016767089416,0,0.05512519798553665,0.2547319397526703,0,0.10727762883913927,0.20256479823854362,1,0.1384070035566288,0.185745810460299,0,0.05031005969529575,0.07234313670363271,0,0.1836019194789506,0.35028965969670955,1,0.017171604933747163,0.076693827437973,0,0.025233847415202147,0.048072704064845706,0,0.16876639004343938,0.1603906198163288,1,0.018382529496665485,0.11458526097621323,0,-0.06361377531908355,0.03573333544931617,0,0.00891580469102815,0.20800179117663556,1,0.3831758709217049,0.2510909393789023,0,0.5737685781936408,0.5385814659582747,0,0.1890082838809879,0.22289553750781443,1,-0.07282934826687365,0.08148303139054003,0,-0.041988071381943826,0.05616760779743785,0,0.06943056384916363,0.12891529573761323,1,0.141580276658096,0.05930444462752089,0,0.11698405499490498,0.0668250029150878,0,0.10489558880058554,0.12805150232281226,1,0.1107094364479763,0.17089365693396422,0,0.04475782301014517,0.12227628123100448,0,0.0444627698059441,0.1034510369132847,1,0.043728225486183436,0.1074636479049105,0,1.2000618361511277,0.4448951433129506,0,0.7127152248664346,0.7886142471740547,1,0.20599118470614441,0.17967255526173992,0,0.2233664351354748,0.16080000108184447,0,0.5567536676216334,0.42163640690436743,1,0.0626250266971005,0.07883203434321882,0,0.09984162636775636,0.08104564446878817,0,1.3112222891978194,0.7215463555988695,1,0.16522422585825278,0.17096967040522418,0,-0.010340257953504583,0.15547242669707423,0,0.2990134343320755,0.7305787577104687,1,-0.0028971692393109454,0.121427348127673,0,0.35747613267966905,0.3661141161588145,0,0.4425152583775594,0.3073988911689341,1,0.16733432801282572,0.18608848529626784,0,0.3995835151949591,0.1662655145112606,0,0.13189812468292691,0.08981416765742506,1,-0.036193951112919336,0.12231443140060506,0,0.10953262323769075,0.13735128227401586,0,0.08665906859339481,0.09778482125586666,1,0.025023729507574033,0.06526423058813585,0,0.0014249528897767039,0.03615946363828345,0
113,250,0.6,et,0.3500503276704018,0.006986351055512359,-0.009978743970337661,0.06430857577560944,0,0.13924091050466658,0.08103658152105715,1,0.02146162585449296,0.03606601949988202,0,0.06262941044803708,0.25507006207794736,0,0.1374816567468019,0.24155117981908394,1,0.002296443822036409,0.10638361353805902,0,0.13807918909533426,0.18878491124932628,0,0.2419558064989577,0.3765471716703039,1,0.020910701491567048,0.11906189172948947,0,0.03276221060137817,0.14053664160216306,0,0.052541223526422244,0.17835660921352056,1,0.1060982425712069,0.09029024837571205,0,-0.05338309143308555,0.08403721551004521,0,0.4946682002719097,0.15808950883652917,1,0.14881665149365794,0.038228945183636044,0,0.018657517012803333,0.10238551773749456,0,0.0891062430441215,0.07409676511292627,1,0.2375814150047062,0.1749573433303945,0,0.024937233777666844,0.05833761809422703,0,-0.02813416922402053,0.1890074378398137,1,0.06492003698656232,0.07517869000540822,0,0.08460157684375855,0.24034113517977193,0,0.16310101164983296,0.17568934242578166,1,0.10789875516776928,0.08457947614639669,0,0.07836525912253241,0.10762922772791263,0,0.6227636325220329,0.47988864125338476,1,0.11716998331950927,0.11810861128983151,0,0.030429234393382347,0.08111152451382263,0,0.3117941861272807,0.22991315778465657,1,0.09763621606628159,0.1423021221251048,0,-0.015371123482257488,0.12199787910122221,0,0.2963470910681047,0.18802841554867053,1,-0.07986137030803657,0.16015304423448398,0,0.037993543435410324,0.0648894601645437,0,0.9937287688043936,0.32470825540821885,1,0.10008768907413335,0.24693281643796505,0,0.01668442561116238,0.12116401376958293,0,0.34111046398052514,0.23515029319692857,1,0.1086052338584135,0.11715503117655685,0,0.1266303594225395,0.12058670070090995,0,0.38223266818577967,0.429993068018239,1,0.23806634244249764,0.16012026882643643,0,0.1749921084680155,0.16972842056250362,0,0.42421435895977383,0.28980483275653696,1,0.15120286322519932,0.1410053028869453,0,0.09950602910282241,0.027107915753001272,0,0.14782862442100214,0.11223279710158889,1,0.1304584473372126,0.08844624687434734,0,0.19669876337132614,0.06051243834943103,0,0.12299827587310692,0.07730480524905192,1,0.22876036677031011,0.11974471079926081,0,0.3955869784825478,0.46614444265976135,0,0.04475369100837919,0.12463462940993042,1,0.15744698671655125,0.08844357513833816,0,-0.041877342817106936,0.14238172954371667,0,0.047671010316696495,0.11106761017586303,1,0.13629120084231125,0.16944002847688788,0,0.03886008306599055,0.06794525389488115,0,0.15257407560275196,0.2770898776071951,1,0.0745650097109033,0.14142959594998966,0,-0.024511898839862507,0.13731248990627148,0,0.062176850375426064,0.05551334923098244,1,0.0707294058879421,0.14944077026567806,0,0.016710192282452904,0.15426988671730693,0,0.14917486518514203,0.14586518085209924,1,0.8376833965034386,0.4470302240737303,0,0.36791101118462743,0.3082910998692781,0,0.3239593622008566,0.3489203097109569,1,0.028404533730535374,0.11371046929473282,0,-0.11343118710361291,0.13259547607692795,0,0.15193835145377593,0.189276311274139,1,-0.06261210552646168,0.1368368399352771,0,-0.021374065404897634,0.09504189707478479,0,0.06971481097424076,0.11266541552609655,1,0.15730718470978947,0.18573354031184675,0,0.09932620270277495,0.13377500758502592,0,0.03984678388746326,0.11761428487718772,1,0.037642191948729586,0.10343834582549613,0,1.360342212459503,0.38288213852651676,0,0.45075346364534097,0.7406463943203158,1,0.14826053117867913,0.16199067827567848,0,0.21433938935238556,0.20008655572317166,0,0.4312402855225785,0.24163204390101606,1,0.1966124471921197,0.13165859749903003,0,0.0453329847228804,0.08083326992187512,0,1.7094838863441517,0.9069229167406329,1,-0.011703581160313717,0.2354477957512159,0,0.10431398212127814,0.05462548956438452,0,0.3759327643620699,0.20244429792300908,1,-0.03278281811286556,0.17759561344794444,0,0.4064842953299543,0.020772139972640147,0,0.7743697108532748,0.32344670864674857,1,0.24111583170722667,0.18392750003629824,0,0.27417265107690264,0.07830628263984443,0,0.13252471157252843,0.046238695761964606,1,-0.0900884472481482,0.055197639523800926,0,0.09532071352882623,0.13188906340203949,0,0.021605285104307058,0.05940893491500894,1,0.014570291369616028,0.06581198594639621,0,-0.0010031421521059542,0.09564651607103723,0
113,250,0.6,gb,0.3933458050750241,0.0475237712355542,-0.01777324609760899,0.07580984765860897,0,0.42829866466020805,0.5008965658660278,1,-0.06366413024788425,0.07207892069911423,0,0.00039644987866124803,0.29977258770268106,0,0.24526738674752097,0.7519371276749087,1,-0.01610222863462596,0.044849919186306104,0,0.5025887649644823,0.3706116052561158,0,0.5065008788308022,0.23094244929568392,1,0.12823610871168384,0.039603797740001806,0,-0.19573933622857842,0.3569773197089487,0,0.1904168846100991,0.2716732531718379,1,-0.040532266042688406,0.23193023923373438,0,0.0108924770531099,0.024271384759730306,0,1.5159897324516884,0.8935157699300494,1,-0.005748009209777733,0.1098722481821126,0,-0.064170202664262,0.08636707322115221,0,0.06938644072871088,0.1390667898711685,1,0.16853416423174966,0.3024715026476088,0,-0.034858999790018615,0.05059537406354715,0,0.5484310619619204,0.5156269315426544,1,-0.04298582223356591,0.24725627475316894,0,0.13059449861599956,0.08030262824493313,0,0.5586924492701336,0.36595062183777727,1,0.008019553006545239,0.0813478863840034,0,-0.09165271403936728,0.36111919551131805,0,0.5048598125705018,0.47978073310327296,1,-0.06460590698282101,0.35497041117326916,0,-0.037716489868236655,0.08594597962738823,0,0.18504782460391034,0.11782933249841518,1,0.2286276550121676,0.16411805327798992,0,0.18718433621443456,0.2505193626312432,0,0.7292986112701083,0.7549488178901994,1,0.10014755639518982,0.14546074226559416,0,-0.006908432731204753,0.14640830561982193,0,1.4029912097369697,0.8285519195147367,1,0.09455877691421469,0.2481835063419813,0,-0.016632602405335848,0.09492441712065851,0,0.5106365869089876,0.20454217593477497,1,0.006992431733489866,0.02464429320511166,0,0.10010803210138512,0.08266111898600395,0,0.4364421111786057,0.9195363420434397,1,0.2969715775701761,0.29145496140477334,0,0.05202294698033242,0.04408632119070372,0,0.35555804166248617,0.36681049710045893,1,0.25502695987400037,0.30481290024565394,0,0.09924586056518926,0.1169386188390943,0,0.64538846638292,0.6534673377082184,1,0.27221137587255884,0.1585219017064726,0,0.4593470609206852,0.4085380686866074,0,0.2770557703614943,0.5097866318392216,1,-0.005120856857396427,0.2087654958617477,0,0.17698234092512544,0.3498489428236567,0,0.10945531131639234,0.09184037157187402,1,0.06267830041516653,0.40085011957402206,0,-0.014840464270277723,0.07031935663408895,0,0.05508866381760191,0.21050696786615689,1,0.11191501975663187,0.21792488765135848,0,0.005975803949565944,0.023622841536131357,0,0.23861353184445683,0.37568495960094866,1,0.1381958320568693,0.23470818810688734,0,0.012590866282624133,0.12141447510053589,0,0.7151690823022663,0.3550981479141204,1,-0.14545355217886308,0.1961267462823918,0,0.033465392745662625,0.05866700033243162,0,-0.034848723580529095,0.07080203232684394,1,0.37569758916906576,0.7638398329667209,0,0.24604024270309516,0.26471931502422713,0,0.6494426317236156,0.2506620527015772,1,0.01649477563204792,0.05448698594655127,0,-0.1466068959800716,0.23071044200219526,0,0.22129160167310502,0.0989809614475894,1,0.07720113966048762,0.17167794897074287,0,0.062266576342845735,0.09121811485818652,0,0.21289917407450382,0.12960025622598184,1,0.02461673749623746,0.06184908011016491,0,0.0004926084101898986,0.27237761217213025,0,0.1381833173743007,0.24971589209849246,1,-0.05927035164927265,0.1315925545180591,0,1.0047654030720454,1.1000470653881764,0,0.8056496546003016,0.6102408319157786,1,0.257381589111067,0.27471178201768104,0,0.6996171186328863,0.5674444392692228,0,0.9503376134664983,0.9382234655209527,1,0.033009730764299194,0.050862564059643546,0,0.10003788735381462,0.08845228680327524,0,1.5184856285901165,0.3979972886289832,1,0.12346085113183167,0.11608310290082413,0,0.04462658679132697,0.06901856982160141,0,1.900215985478852,1.0680846423623689,1,-0.057283316249459516,0.04917594639876973,0,0.27445473425829087,0.43346195059523035,0,0.8986750594661217,1.0151997330559601,1,0.43439610402227535,0.5959252653160773,0,0.14113300020177832,0.27351446756095854,0,0.08121998897112773,0.39836885384913084,1,-0.03691431658409523,0.09883418549413128,0,0.0022348152048157406,0.09997418939312208,0,0.5068814968104975,0.3853189345590905,1,0.14645361205996693,0.1867687894380187,0,0.004427280860182989,0.015192301536662569,0
113,250,0.6,hgb,0.4853298082519175,0.05038268796543788,0.018814006769195656,0.020771520107240843,0,0.26920363989078105,0.22614546950325085,1,-0.017265412139201287,0.07538557833112822,0,0.13506469489825154,0.42714409455660207,0,0.45673892969605845,0.547758946728316,1,0.014364253886638395,0.025589694240539817,0,0.4284510875446824,0.33313479383581274,0,0.8685265123925167,0.17277192197473687,1,0.12748112329630115,0.07859886076217029,0,-0.05364939540588269,0.11067682424013599,0,0.14881741058120812,0.16503781920622185,1,-0.06427772914296229,0.207149317712524,0,0.00028085152122540104,0.017373449871149867,0,1.6476284111759085,0.48332474830078537,1,0.0025303575804666426,0.06487389793365812,0,0.10446482436983337,0.16796045757231332,0,0.21710908622111358,0.1438431358353786,1,0.26645160326745476,0.20438483728013834,0,-0.0021185623193970995,0.007093037400510879,0,0.5161913561044132,0.4382892069626894,1,0.07157893554257777,0.3030621047897678,0,-0.11806993064284381,0.21103488677382687,0,0.5401740212320635,0.2718090141136905,1,0.12094187334915237,0.27696232856311,0,-0.02184297772809576,0.0453512923713431,0,0.9740502626968764,0.41550622854925856,1,0.028518438417899656,0.10279868426376056,0,-0.03265378031195763,0.1224229311659541,0,0.356923335625725,0.22218860449348438,1,0.14635655282084883,0.32380441045534875,0,0.08384042417345834,0.13712774073017542,0,1.0927025183988273,0.4835400058786912,1,-0.08085531972106196,0.2528826085195621,0,0.0891814656691928,0.07858422338799408,0,1.6524702877646409,0.5920316891247633,1,-0.007113344060606165,0.10967494251950281,0,-0.012805567728310745,0.026030830069127358,0,1.384327527730271,0.42233355188030625,1,0.05394040863263198,0.05027912220025342,0,-0.010550952223326545,0.041139471175671946,0,0.6819713703132548,0.5317673352268435,1,0.19864917404653393,0.3290550541203099,0,0.11765881708509891,0.07262396499430088,0,0.5953466898539295,0.43333885471306677,1,0.024104303448551263,0.32529915078970306,0,0.010657171887804424,0.012971246491935116,0,0.5073669285802381,0.3518670963622355,1,0.042125858998709506,0.04319224424857359,0,0.4804988121557342,0.15880922614617038,0,0.3406726231721887,0.40155240001340115,1,0.05220152096004014,0.19299798216897046,0,0.04902930334154269,0.313987682008064,0,0.09011770588082221,0.18537498572403976,1,0.19842357850209366,0.254206117392841,0,0.07366490592878909,0.11942182885366463,0,0.3540546979412804,0.41520818151783406,1,-0.09708854957179922,0.40162396606816664,0,0.04233840714523508,0.0568718381748988,0,-0.002509983535133342,0.7843042346332474,1,0.20951624778878664,0.3188141996414022,0,-0.0016274530468819825,0.06731162356646907,0,0.8196235461954388,0.9061819785099084,1,-0.1769051470103234,0.19648771850226576,0,0.03384072318406409,0.0947908532762161,0,-0.008816028984159275,0.012653719208761124,1,0.38151335525398206,0.223595293438002,0,0.3363350614021165,0.4368012713455684,0,0.6837607987444997,0.3998671527446636,1,-0.003520340635742585,0.02965684339014711,0,-0.018360249628443414,0.19349496169378436,0,0.5353607742716228,0.1665849105774325,1,0.2011860222764954,0.3405999284267182,0,0.018232447446774942,0.00978546012906128,0,0.2227172180732256,0.09141523151025484,1,-0.028098304473076808,0.2328578727855644,0,0.030284707281692212,0.1315114391660265,0,0.08244181497317504,0.20785997219744062,1,0.006696600728102522,0.036807911963566475,0,1.3014869547808885,1.5234770492514087,0,0.45194149797040933,0.6616412790476296,1,-0.006354494864995735,0.4868832796231349,0,0.546540027040332,0.3221737485628708,0,0.6690715056978305,0.8428182410630085,1,-0.02657621310941305,0.06813116250679063,0,-0.0021816677199997655,0.01407064064814856,0,1.7328311580776123,0.9058804385365766,1,0.16279297040318913,0.20329017767867813,0,0.03592236348255827,0.07230357510075582,0,1.0948995110747126,0.5040186040053941,1,-0.07526218363019928,0.0684140465195395,0,0.569530571912041,0.3778596593651539,0,0.7846135877169891,0.8052435941463316,1,0.4583391275291818,0.5052550483479294,0,0.2466602243339698,0.32098063262526916,0,0.26735736105208324,0.4252946508475841,1,-0.028757999924908843,0.07444532203908616,0,0.10209584196327456,0.11060937442636258,0,0.661369317449317,0.35191388419567854,1,-0.04181768379729154,0.05521537873380081,0,-0.011154296816910745,0.028569048659972448,0
113,250,0.6,ab,0.33668105996251774,0.031873511596828406,0.0021575387995341243,0.05877958077235045,0,0.13316117562145094,0.17898018357141593,1,0.018822145776425027,0.1478123656079058,0,0.2535041520002853,0.6013326702529664,0,0.4429291814531056,0.39207529497496935,1,-0.04929405859588208,0.06302233222838498,0,0.4489413150763607,0.5411455781011419,0,0.39830797983773375,0.5305815658397062,1,0.04641577199169915,0.30041700810218486,0,0.007448199876504235,0.04215787150084579,0,0.10235182815682302,0.22000683703282237,1,0.2235175682660954,0.2103783977076537,0,-0.018550980335306947,0.0371019606706139,0,1.0134187733104862,0.5362690029935343,1,0.11986062235668633,0.23972124471337267,0,0.027586734454938255,0.08265945630467754,0,-0.011240949236641252,0.3091316836420959,1,0.1808317108456124,0.2588846574307112,0,-0.008857605073595067,0.013747349305468582,0,0.3775348570370272,0.3342998037979727,1,0.06987806795481041,0.18918902409452698,0,0.3801641541661913,0.41644614491471926,0,0.47188125489420096,0.38342132233839066,1,0.11267292160692685,0.24777909859198977,0,-0.015780678263272802,0.06367106243609227,0,0.13874654601602865,0.7254405156573424,1,0.18705710145887164,0.5502831741042141,0,0.14607662723805565,0.1682499924586756,0,0.4065029672094712,0.445969186492316,1,0.0373404216032489,0.380784179585262,0,0.1883415604533975,0.1473378645673789,0,0.5820749695625969,0.19164743469099,1,0.19452552837561132,0.2231419993485807,0,-0.07796669797848763,0.23282603083267156,0,1.0398870270114973,0.9074907762666073,1,0.17545592835239548,0.2064938054271478,0,0.020648028133444168,0.0853838401197432,0,0.7703782478508641,0.8243744315075802,1,0.03744932776394543,0.04972356396321405,0,-0.029985107155704693,0.09370911734529282,0,0.3362931301280519,0.40717004299460946,1,0.013604551969565903,0.22208186992690523,0,0.04998751442887421,0.10169754763209786,0,0.1699136036768401,0.48447337260981627,1,-0.025071921127673313,0.5126588731882932,0,0.13060368788735657,0.16292848297189447,0,0.5089595810018694,0.5582645494296384,1,0.10100964491985624,0.07928932887854616,0,0.4055000267354128,0.41588030059972037,0,-0.03289408649395612,0.31086531676489554,1,0.0824288688686123,0.07927415823295174,0,0.03562259899295099,0.06578856598796032,0,-0.1786792189806727,0.15218505220399597,1,0.13224743558546978,0.37940131007251093,0,-0.04835052076933168,0.18778979570048007,0,-0.057072841502828195,0.16868354218578632,1,0.05672853859326972,0.6343378897539642,0,0.02513541980924295,0.18108160831597273,0,0.06622597204086862,0.24269095840610166,1,0.03508030472823579,0.22762040683031767,0,-0.03570296651795144,0.033108616136388845,0,0.23996271061330426,0.314687765105675,1,-0.05888698912866371,0.10680132010042913,0,0.020142169655343378,0.032819849051958894,0,-0.03942134710999118,0.07649723782666593,1,0.6887739391796552,0.5267086892050387,0,0.5041965169601743,0.5723602830564207,0,0.8413080888971054,0.5710937407301604,1,-0.0026291983179260936,0.08853759433571687,0,-0.07746365636587878,0.05151818831632068,0,-0.06127760638339397,0.17158005481257757,1,0.07728258332493426,0.07811300587264951,0,0.051097943310536,0.06260497078906366,0,0.3174302777153445,0.32855054230500613,1,0.11875264510896444,0.12761563953810412,0,0.11689659479167384,0.32110871717960987,0,0.11899400803051474,0.26852214172506816,1,0.011414841507871764,0.15099304868423508,0,1.6931153249483455,0.9057054073642891,0,0.32899256254434134,0.43280718698867865,1,0.2791253972696389,0.17239412273526664,0,0.10411948550359154,0.3727926977905721,0,0.14158549632517298,0.12164691444662933,1,-0.00486454400146063,0.33675246330725556,0,0.0525285897623818,0.2508317843603172,0,0.8955057741507592,0.5787333882412588,1,0.271429311470583,0.2318006918129375,0,0.04616794721030053,0.13304332944172245,0,0.749512392172296,0.8728634981713105,1,0.003167621608802962,0.1293521403097136,0,0.666266483414133,0.7358207150387066,0,0.9734062231215933,0.29684327993216003,1,0.5797063563405509,0.8372913742000935,0,0.053325134404494615,0.09630535689785834,0,0.04705788883339731,0.2558339404984744,1,0.009259099579646076,0.014401999092716423,0,0.14090616480131915,0.2222526758204005,0,-0.02267973468935018,0.21797910673235454,1,-0.04801890237545384,0.09042711024777027,0,0.0013457458659171951,0.041113590075822284,0
113,250,0.6,bag,0.26539386566067,0.052301820077568506,-0.05980979873546137,0.17150020735734353,0,-0.004455815675822575,0.09415880937770345,1,-0.12164167486662598,0.17690394818195426,0,0.09543137911727803,0.100593439305243,0,0.1740735040096602,0.337835607593904,1,0.08252534315792699,0.34567052946062904,0,-0.3008501666472575,0.31226132064074635,0,0.8707584760638121,0.24401991167359624,1,0.07377447725072137,0.06535659511576641,0,0.051063922278212645,0.3035036764579738,0,-0.012887823896971259,0.2319639625148992,1,-0.21438445375770954,0.14685290307736965,0,-0.0442527198324327,0.11648237347552216,0,0.30324305637765253,0.39646046802538887,1,0.09156774955453817,0.1387447664724114,0,-0.05398207752299191,0.08242378799101152,0,-0.1505999585983795,0.2678515952483101,1,-0.018608079201315464,0.09767642212629213,0,0.2626467999537142,0.35692248752102984,0,0.16159770334317888,0.20921244038336112,1,0.3466087342422038,0.5683603805795644,0,0.2175187113619071,0.1609761387940217,0,0.08073494775941624,0.20964419350582447,1,0.02028714096228483,0.3003771120332371,0,-0.08427465255797452,0.2595429996954566,0,0.10307227752390642,0.27989642142390525,1,-0.046366347263458424,0.11700244631317451,0,0.17774368176608688,0.41402754162682215,0,0.6400780959013982,0.6897322411805767,1,0.09619670449103579,0.1785671710529414,0,0.433736098744942,0.6335833538665899,0,0.9677209786695051,0.7755021678462597,1,-0.26213614403680774,0.6339899999565317,0,0.31959848954644415,0.343345990087565,0,1.3042643202712365,1.1555925193930765,1,0.3229665746809709,0.45165952381688895,0,0.11171362138212974,0.2853635264461495,0,-0.1700329976323445,0.5425145716279904,1,0.1601943658973272,0.3011227768352143,0,0.1580609782385729,0.24316072595406138,0,0.7174155140423093,0.35341086749029016,1,0.12515474412939878,0.5396984544781807,0,0.01383851564442696,0.18041243344169627,0,0.13556908301007153,0.10198188385392375,1,0.10464148723888789,0.35105774460435135,0,0.08022689328701334,0.07477546866700764,0,0.38895347280882187,0.33467741949961505,1,-0.07036476932827022,0.21747434886507166,0,0.09413674500038116,0.44178642045448385,0,-0.05116362892529277,0.22914765855655775,1,-0.10411358479370288,0.4236461054398714,0,0.10345640232448039,0.32295387401915565,0,0.14452181731058003,0.13227727869815312,1,0.17485051151110756,0.43221707575764146,0,-0.024002214139267626,0.41852148782027276,0,0.30781685622351473,0.3121456229559757,1,0.13092951072009754,0.4745927114521444,0,0.16246527875013334,0.10123916672476585,0,0.4883926920665414,0.7890118245535775,1,0.4060410476946797,0.43026332952454316,0,-0.010182291543844599,0.16326034370777012,0,0.5572346798285974,0.7449530469988693,1,0.036776978982417476,0.14594351802305067,0,-0.10367275208063831,0.3704626132715638,0,0.14688571276444098,0.26207718362633914,1,1.1635515334785302,1.018168975414384,0,0.10053472717225911,0.5687726109417719,0,0.5671043250642578,0.7198363492251203,1,-0.041359872418244195,0.2153158109912561,0,0.0296544502029779,0.46035901384519806,0,0.3518278090190944,0.31508273517123836,1,0.33960877818246626,0.4391384900914893,0,0.15627762980801854,0.10303634379509627,0,0.06587853377410177,0.6442948253581556,1,0.13330719984968448,0.20502843233171836,0,0.05641497848399999,0.08182829276483751,0,0.001146825063410528,0.4539591602126423,1,0.05514492724370055,0.07023349156005206,0,1.8508449397387472,1.0144178409150078,0,2.142116721938361,1.5857186209573098,1,-0.054590050339244335,0.4762405222572924,0,0.07355483416753325,0.4377033798592306,0,1.1693048523136607,1.308381150787101,1,0.2778937226925637,0.3902928955435614,0,0.4531380092811581,0.5356921735890879,0,1.735405635045506,1.7400028458879002,1,0.26913875032212725,0.5309754766534747,0,0.17973216852468055,0.1481109270294477,0,0.9172384317825827,0.7174535646604964,1,-0.1463443935341877,0.2399760109717206,0,0.11371477838626778,0.40903306040236254,0,0.2822771204703953,0.45349620709014354,1,0.22665498273399823,0.26609506516858883,0,0.2010175371280023,0.5681033974144065,0,0.3260088407732852,0.32877459961911826,1,-0.10964737532817859,0.1457678684662707,0,0.1734087603141333,0.28702166679618846,0,0.19075372809979899,0.23681004742483766,1,0.09985490739652154,0.3397105895449485,0,-0.04923914229055143,0.05495205560301125,0
113,250,0.6,mlp,0.878143720913703,0.021121549054870313,0.37506637364458756,0.30882268926006085,0,1.091832938811876,0.24123778455402378,1,-0.02199958774737743,0.09898029953136359,0,0.09994710361737726,0.1649900981048402,0,0.5736467833222585,0.2636152868384783,1,0.1864984712753136,0.1286145144473126,0,0.03112740141305912,0.13935911350838134,0,1.1002596068988222,0.5459729928755912,1,0.0639832165587527,0.0749147386764079,0,0.0591933286511823,0.04980410649487865,0,0.7790611490290652,0.24436343371806055,1,-0.0358719685315526,0.09517665852842015,0,-0.07080231316844735,0.04227370913132632,0,0.7956667225629803,0.2718634254424832,1,-0.04712132554108458,0.18775334867483792,0,-0.03150604179422778,0.07352169063345981,0,1.1631440438336365,0.3326639872365198,1,0.18318323511674428,0.07298066067252787,0,-0.012350470489935374,0.10269299003179104,0,0.41188307895648196,0.4615660560307147,1,0.24190705766268836,0.24961334569320415,0,0.0540733300695033,0.13873789810618056,0,1.2371809590224558,0.1787518755464291,1,0.3199649515680759,0.1347979343757923,0,0.035382335190405435,0.09694727385442095,0,0.6660655620627882,0.2434787030465198,1,-0.009837779262118328,0.03633677858726291,0,0.14390949089841604,0.05005704176286267,0,1.1736012319098599,0.41783341236021415,1,0.08883291140775218,0.24068433308272755,0,-0.12176725264572423,0.1819220303117905,0,0.8556241506524731,0.4863166824792883,1,-0.05352766572854397,0.0890981266050808,0,-0.04228484140256515,0.14174080542347892,0,0.9008693844133958,0.2991683597452961,1,-0.021787893157482065,0.1068018317502261,0,0.047668051989127436,0.1149770767272003,0,0.6597289342040925,0.1824131282626886,1,0.14909962251814488,0.24833969866809688,0,0.010738767783947455,0.23552708855469448,0,0.5990838768183945,0.4154876718266584,1,0.12927857132583434,0.16415729341613042,0,0.07512705623546236,0.10349659678053849,0,1.0485996984868078,0.5063336237488983,1,0.08012708110608444,0.04288744042262783,0,0.10388799519357236,0.0740819889417636,0,0.7305438853976096,0.25349745136341617,1,0.1318707372450317,0.0569023262641251,0,-0.12178372178547829,0.07020266127786982,0,0.9511564473984961,0.11882209245280997,1,-0.00908344351901883,0.13481582609599013,0,-0.010512725302815856,0.04499353964309796,0,0.5464405095229795,0.2628687655795912,1,-0.0008679190663923586,0.13393257263540814,0,0.23067949235784665,0.16983385336570356,0,0.6658174057267374,0.4272969962274776,1,0.047538022852304455,0.09263101950696465,0,0.08153520531984054,0.14387877507329394,0,0.4308653617034925,0.27644673460795316,1,-0.01333248592525527,0.0830972436511124,0,0.015597669252536039,0.06659821064410802,0,0.9693774594883576,0.0886209285379883,1,0.03599156554480879,0.07644778728679791,0,-0.002856925479988817,0.09993447199519787,0,0.21207239187235696,0.23649208550569784,1,0.24107117123128444,0.16155839475853112,0,0.09253745621832828,0.03766737253595628,0,0.879448572524485,0.23277657170772242,1,0.0658604961038289,0.04529202852619949,0,-0.052340690338492424,0.08325856265217356,0,1.2244528721847854,0.3812479622961347,1,0.27929103385243764,0.1973880764345841,0,-0.07026031859351174,0.13030322620626447,0,0.7642294625332238,0.5336254602356021,1,0.029324918793823773,0.26555495529204504,0,-0.11555655002457652,0.157725966602039,0,0.5075745190245942,0.4181997652652368,1,0.033898543174536215,0.20980933562710144,0,0.2641503196791824,0.2599627401779251,0,0.8545786245470591,0.15661164807311645,1,-0.010610978434976753,0.2060975665710812,0,0.21031355685765724,0.24533544999089957,0,1.0384387527244674,0.5155234602987191,1,-0.03799799219690843,0.09893979653607886,0,0.016425774484024654,0.06364246893769607,0,0.9419764984346439,0.29375821137339614,1,0.121598599371782,0.21657526994474025,0,0.08294846569802408,0.08805820392040219,0,0.9756393499211271,0.21142195191399993,1,-0.03250364885260681,0.03067827317305353,0,0.04960874630116497,0.10110262254045171,0,0.7507879400150099,0.278356138619761,1,0.1576327144518755,0.10843883349598307,0,-0.0010630897089267122,0.07069940365211998,0,0.7572035961820586,0.4031545071520084,1,-0.03538588220448948,0.11780684662479504,0,0.1406317684894859,0.20056812597907747,0,1.5243464067467507,0.544452570397666,1,-0.03855582548610195,0.2366083857006492,0,-0.0609002540338182,0.13471714984951388,0
113,250,0.6,svr,0.28388564369046715,0.02953231454356345,0.02873991358778477,0.017286555337160853,0,0.13634062025286636,0.0662379338531017,1,0.08398945921733078,0.07171802116932291,0,0.10764539202082406,0.11038426970314867,0,0.20216436878442598,0.13953990446635237,1,0.13509664949764782,0.08464610262254797,0,0.20520570116699416,0.14737896054839295,0,0.22743728447840245,0.179599818304708,1,0.09762351829604951,0.060224297648357,0,0.0968740402437767,0.14418840003560704,0,0.09881916523110999,0.09314863851413457,1,0.07386654048678652,0.034793138215435664,0,-0.026555041213222365,0.06857625635238192,0,0.31956997875043647,0.0710350159790215,1,0.04865324372815854,0.06814926009005796,0,0.014798648018419685,0.03853785430073983,0,0.10723315314088863,0.07528257822311858,1,0.18595339684676174,0.06536510985585577,0,0.026201050509373693,0.022809853245530864,0,0.0880128981063489,0.054293765545606484,1,0.014731805548108951,0.03259820679339097,0,0.05502832346026256,0.06176269213788633,0,0.22671084007486203,0.08217914189613879,1,0.1240532330032392,0.04900913581047686,0,0.08654609863697023,0.044788543899455656,0,0.2878056922196502,0.12834053768203005,1,0.1007896048071469,0.11692818903027496,0,0.2186544666023229,0.11129859666179649,0,0.24386794498587686,0.078707111391455,1,0.12952808112867037,0.14826953194300477,0,0.09766186799289547,0.11523892909074596,0,0.34327441757325794,0.13207976619834216,1,0.12142695002183386,0.06813595357605552,0,0.07998000738086843,0.10892995131369336,0,0.28567794452315104,0.18314105205165743,1,0.03543046237947981,0.09178486326543805,0,-0.00586652901434114,0.05738980866142888,0,0.1885098048652633,0.03457019134648781,1,0.10328772397139589,0.0407582075253359,0,0.1481489177322369,0.1266272992647589,0,0.24851902669122078,0.21135891366586937,1,0.1818501888413504,0.09250198545263066,0,0.015601307210302806,0.03380513267654205,0,0.10896474285259447,0.0722582031405703,1,0.10645409866518614,0.1125725885900993,0,0.09775961260396542,0.01772960202642128,0,0.15223371552136483,0.0288708308189676,1,0.13109291735721085,0.02159702166171289,0,0.1553675110139982,0.08503633893907103,0,0.2142857663133364,0.04603704975301227,1,0.07753793811629643,0.05049960051737356,0,0.09431470561873523,0.06354468032912612,0,0.15566292429838074,0.11730639682980357,1,0.1275045015929122,0.11179096371626435,0,0.09144688871593776,0.1534162986650776,0,0.1834360513502854,0.08858573220083761,1,0.09737124624869037,0.05179462392537025,0,0.17767593841676796,0.03412695579558103,0,0.1799792493425978,0.0720742792626323,1,0.12377894571437806,0.0514732722348471,0,0.06255022620528618,0.032132688354985596,0,0.12828180588127472,0.046280885938966745,1,-0.002830298634607729,0.028190182344098483,0,-0.002197163713740025,0.04453897307500479,0,0.16748660818879163,0.08411010994202169,1,0.2913817321688589,0.08125105982756853,0,0.3609055653122654,0.06987948113234028,0,0.22792716007574665,0.05000707375959662,1,0.013184784415107356,0.04597058219328715,0,-0.012427168641863176,0.08069817147175226,0,0.1421460997974383,0.2167253604708556,1,0.08296885307702759,0.012311114202653616,0,0.027782509713168042,0.03523722408895117,0,0.11574053824089121,0.07572774255171301,1,0.13278049900835875,0.11265740532005424,0,0.08735658323740049,0.06444966384460984,0,0.12052752813075915,0.06281267465804936,1,0.09683267320817343,0.06977204868225054,0,0.4151499858273236,0.08280014595901442,0,0.4576310514019776,0.06683750239841642,1,0.21155775717061412,0.06791536844032138,0,0.21213128778195767,0.1007075108895495,0,0.4838927932080166,0.10188282059751262,1,0.08325391994894363,0.059028514073611996,0,0.1312420429051384,0.06894912574759539,0,0.529491124123451,0.10546120481332122,1,0.14460432755201888,0.07257352512930057,0,0.20796609404134556,0.10888287917869574,0,0.22740781465097637,0.2427797411294666,1,0.12017177017620381,0.11833831277778592,0,0.3589104079406723,0.13549943755787822,0,0.250766270778832,0.08237747287525693,1,0.15929207666929654,0.08846431077574889,0,0.21027565531993422,0.11941508447735306,0,0.08175118619904595,0.014093895640124702,1,0.03530809800387234,0.04047613475949149,0,0.054910596272973636,0.029780100445327067,0,0.058870012914140825,0.04784428517048118,1,-0.009084486283419636,0.03965714429703586,0,-0.003528173380247736,0.040183144317134406,0
113,250,0.6,knn,0.4306850419491409,0.0672111946304838,-0.10544584089277245,1.04449263737368,0,0.11335354028107643,0.7809563716156568,1,0.04774745392498551,1.381520948141704,0,-0.4684517645514156,1.5769483860291298,0,0.20799438312759716,0.5170865458953817,1,-0.40883153236095826,0.71113850678254,0,-0.6009014003764911,0.3813689825577506,0,-0.31861213228920937,0.7621804910122855,1,-0.2827460623972027,0.6488965616424224,0,-0.34921129332913825,0.7194032615630351,0,-0.3866477002405737,0.6892160537329575,1,-0.3739841024360224,0.6813408779148323,0,-1.2195071862537232,0.4230449478846085,0,0.07949881808787787,0.629288134306548,1,-0.4485644394825764,0.649534515570123,0,-0.49839992954644446,0.610739631854663,0,-0.38783196102687656,0.4995266226998636,1,-0.03386244376965335,0.5774678805932285,0,-0.7473640923559814,0.708174020048966,0,-0.4669010377954175,0.5699706479340507,1,-0.4007146893458565,0.8971560549258881,0,0.15192148649169673,0.4982456829231131,0,-0.07998882690365347,0.7108243931614183,1,-0.3846492497158315,1.0758504727101839,0,-0.04358021227501885,0.5937785669339031,0,-0.08285771971137343,0.8856511474084265,1,-0.6160408923746536,0.6966089070507329,0,0.19041679536738182,0.9877266311560149,0,-0.34751668866737606,0.4772615915403541,1,-0.30433676286053246,0.12169482366035718,0,-0.39103303053625843,0.6531988130791798,0,-0.01308836213172091,0.648397794933939,1,-0.12736318661491594,1.1172651816362944,0,0.9370072556882902,0.9152357321607812,0,0.5506745492353111,1.0841753991131957,1,-0.16461058042993848,0.7225573914560183,0,0.236191886040084,0.8051416124939907,0,-0.10975875194474242,0.9271777346044965,1,-0.04928471148979578,0.6352170436414402,0,-0.030498404334504348,0.5182085075468487,0,0.25760604705596124,0.8129787020291847,1,-0.18725807313152038,0.9401260024152883,0,-0.31476080225124453,0.4724291425898684,0,0.31454483826171953,0.819647724483845,1,0.11555685816724415,0.5827476911651936,0,0.09605918068147293,1.1785108550262053,0,-0.5211176240012751,1.1463041739403699,1,-0.19153226901716897,0.9437912763786298,0,-0.4464216252837196,1.108212004967328,0,-0.11196406777484316,1.0876751758437349,1,-0.6437880477203387,0.6627805826758845,0,-0.8781193197476245,1.2828799254820564,0,-0.4205106742320382,1.7795566330520098,1,-0.6033204139046291,0.7013089132383472,0,-0.8971010399215622,0.6660539560554837,0,-0.3269736952726851,0.3848242113420185,1,-0.49279474279239216,1.1268433897828238,0,-0.1414658621176027,0.6974024571017117,0,0.014683220527615282,0.6182622016701844,1,-0.0692121792177011,0.8980255137114893,0,0.17977347270545535,0.5599726624389542,0,-0.15701334598123715,0.7340131816619853,1,-0.9307056423068975,1.0393462882631337,0,-1.0078778273747688,1.112755956359396,0,-0.4093716160715967,0.4171675664323311,1,-0.649403586936247,0.9958094425084331,0,-0.1206837645702338,0.9275806287131918,0,-0.21227092946009835,0.6608946041970398,1,-0.3844626451380936,0.5593959251327351,0,-0.21123171604619811,0.5618976294476572,0,-0.002311008288859928,0.5989524599910614,1,-0.10598835309481078,1.2242472001808002,0,0.15311671401116822,0.866764369917129,0,-0.02488954677495292,1.0153293253560944,1,-0.10509828053205639,0.43842515435789886,0,-0.5205470091735049,0.8704788190311513,0,-0.04942136527363056,1.1029708428012805,1,-0.7521696391524492,1.2150674789424263,0,-0.09499697106904179,0.7769871695276441,0,-0.20030941760928872,0.5208763021707595,1,-0.058193921387961846,0.680886376333709,0,0.2851498983822605,0.8925489293938227,0,-0.2781572177248513,0.818456994305345,1,-0.005462031262468614,0.8677306222695543,0,-0.06093928608365804,0.6896531832276793,0,0.6239822435247211,0.8727840302097587,1,0.098385778115574,1.3563877068120356,0,-0.8936351480122837,0.5508092197690275,0,0.2521739018337488,1.023754129149207,1,-0.1818221657823837,0.3298996397103966,0,-0.2149058171325351,0.519680222678945,0,-0.37320608443791914,0.5458259815134323,1,-0.2683050708457133,0.7935233872955032,0,-0.8565132426992049,1.372700922249407,0,0.18932816133656255,0.5694865529560359,1,-0.6110242312784321,0.5685155066651805,0,-0.3274183681905065,0.8058241800382846,0,-0.6716046714425628,0.6770312460437111,1,-0.8804020862801618,0.795963893702804,0,-0.8310886348883704,0.8290799494116017,0
113,250,0.6,SuperLearner,0.9649367855451352,0.009152564278510762,0.04342173977530532,0.02413173052861045,0,1.9971510976027815,0.639981114865524,1,0.004976936831639097,0.02482584283413373,0,0.017313513449473635,0.05613436226701408,0,1.8451842071395006,0.5532684684801826,1,0.026397939572096147,0.09189307711943479,0,-0.007731065962344866,0.020146533685034555,0,1.9974738045467437,0.17604737709929089,1,0.0017351630994867297,0.018079266555921215,0,0.03574407427639699,0.0324711407921509,0,1.3950532248160579,0.43221480527983286,1,0.022147034576172765,0.04796490910668318,0,-0.008780237193520887,0.024338279723927825,0,1.5481778131904131,0.430016033667038,1,-0.01380078774670955,0.03487359615257074,0,0.004064100680191916,0.014988185341254423,0,2.0770346396360453,0.5402250100271059,1,-0.0002330333496115066,0.018162026637502916,0,-0.0014978767874133316,0.024010087937702578,0,1.2568381396907973,0.13942871417487426,1,0.08149639543047103,0.028589773745173963,0,-0.004837186309894994,0.012025503846148294,0,2.2795821742565305,0.610409509301445,1,0.01197367668124164,0.024304335797095077,0,0.03812445555127518,0.022009086029045066,0,1.6627557002644593,0.31965451974351095,1,0.015735431220487706,0.01887140046815812,0,0.062294652809843566,0.03358145208457982,0,1.7317662892450059,0.20544495238314542,1,0.016898521992757955,0.03719281173551831,0,-0.009916320935391416,0.03143698211717363,0,1.6280168003393691,0.4825950747318735,1,-0.005690476508276199,0.0262586230940035,0,0.026237867647871845,0.042671834633445274,0,1.4946099049701826,0.4072452084059165,1,-0.008015896112817894,0.009002440001590825,0,0.009115886835868212,0.026340655015020246,0,1.7013814347662408,0.23383234901440586,1,0.03949705892722965,0.0649548053598907,0,0.014390467508819338,0.02874807261936396,0,1.4211838203252403,0.28236497897521096,1,0.020702675995333035,0.043128818883459166,0,0.03165301247634403,0.0259263912064629,0,1.895398015337948,0.7966916610887191,1,0.010767897118475506,0.016870472528300737,0,0.018413429815487325,0.021351278118216216,0,1.5145215143322739,0.27666901776916397,1,0.09775905529666515,0.07077787333872179,0,0.08331430984180972,0.03819993512724425,0,2.183164245993562,0.1807226378058215,1,0.00722869523741565,0.01962044672535692,0,0.0006074949380785444,0.006503533812180737,0,1.653112711398336,0.25522204863791803,1,0.007964114471659286,0.0316775090929186,0,0.007519983474013829,0.04656701521624705,0,1.7682011044185308,0.5829249562038644,1,0.005192049402172165,0.021012112058290552,0,-0.00457372380132023,0.00880999309454797,0,1.7968909134346098,0.41535505279296087,1,-0.0033451340891619817,0.01770859291520606,0,0.017964479455572138,0.012625394255611664,0,2.0286622708742263,0.3208559726492023,1,-0.0001661587036285238,0.01401139693647078,0,0.013638497900461738,0.005921822398557133,0,1.1164709247288407,0.19232572008916243,1,0.006077284459395543,0.054021874924202275,0,-0.03255221507360623,0.03511695185367453,0,1.884761660168655,0.5404526011686822,1,0.01585098026544774,0.03374359652658102,0,-0.0017362407241259474,0.015470356869639388,0,1.755783487956262,0.32700484862754436,1,0.037082978659836605,0.03222191192307312,0,-0.0018177087388456775,0.04024586379409818,0,1.38881177054493,0.5009332837543375,1,0.10058212451954045,0.16621770252706866,0,0.014550396708116812,0.03517243659322577,0,1.5383317553246305,0.8204077704655443,1,0.01370637034967732,0.03104268868806279,0,0.01632720426350478,0.04733419721088908,0,1.7446552197475804,0.17312682843893787,1,0.04259694024901512,0.09504245505710765,0,-0.002102946772448257,0.03367520122328173,0,2.196174723759715,0.4763575282063822,1,0.06845729539420561,0.055954560045017275,0,0.041483775912389415,0.04106910279642658,0,1.1776038283366792,0.2619969405754751,1,0.03494733373700537,0.07767102704324133,0,-0.012258916060907902,0.01669341943470921,0,2.262974414446803,0.3210292208871667,1,0.022906302274417024,0.02279125399088596,0,0.07803878702549433,0.06572848468469751,0,2.268755601239489,0.5704257236243891,1,0.02231622200275661,0.019920515185880318,0,-0.009507386239211038,0.032815568303976105,0,1.7834866305655037,0.4218120917669249,1,0.0332588226645446,0.022759897797609813,0,0.0187639014247157,0.038992798539064025,0,2.2016308626268635,0.41669852563126036,1,0.00966274184599376,0.01604387693351489,0,0.0300175071817395,0.02188513654033199,0
113,500,0.6,lr,0.9741069077082127,0.00198523831692138,0.000332018552800923,0.0022402020838702043,0,1.7487354034698863,0.41400333889307184,1,0.01807121447286302,0.020072745040149984,0,0.04323294540457638,0.006541421797782195,0,2.344087470728013,0.22792101685765587,1,0.03794746763040065,0.023173358093358385,0,0.02147674195504887,0.010610308446570413,0,2.0267163553313594,0.2622847416510118,1,-0.000507437140096412,0.0020900404996767505,0,0.01917127501248346,0.009811138954222389,0,1.9660465044403748,0.44437349527310693,1,0.01282635303943927,0.008439250325002689,0,-0.0030788936729551904,0.01375015888914032,0,2.275922503443323,0.41844110402293067,1,0.02365650599920423,0.010260930480613911,0,0.007089548533670434,0.008083793201252612,0,1.8118955197712476,0.4688283212908287,1,-0.005159290870739518,0.018465807639232692,0,0.01434331302355909,0.020602510791900022,0,1.9378796083957859,0.3251629423200093,1,-0.004036595749848808,0.0045245116033669945,0,0.0294558271480568,0.025078234486363586,0,1.5604990744404277,0.17211758611906455,1,0.0018224607762583867,0.023402244387893407,0,-0.005356831171596965,0.010895912996320044,0,1.9994195002423134,0.44099073890204116,1,-0.005100430231102207,0.009870478011625708,0,0.00911280477176575,0.01549134414009304,0,1.956641338726833,0.2431646441413453,1,-0.000847139849919816,0.01469714549207033,0,0.00820072480101595,0.014465965661690068,0,2.185206737928549,0.37984285795607,1,0.028104643363788966,0.03910606361271493,0,0.022137657049154456,0.02133469382146649,0,1.6936206864721008,0.1598269426812619,1,0.0017973831236927143,0.008207129857350049,0,-0.005083118325891773,0.007483662648620563,0,1.6163191363713119,0.3122907993216528,1,0.002735377828742333,0.003988319383770285,0,-0.00010725765244750368,0.0014494150341723636,0,1.7957071033894145,0.1548757858955542,1,-0.004388373019116374,0.010641345507003483,0,0.010675189237636157,0.031068446931177572,0,1.7717017724322062,0.4180467100738707,1,0.0033913589437899335,0.010076189030037735,0,-0.0034801270628173286,0.004581602751577104,0,1.7917115664094851,0.36010158318212376,1,-0.0003971816534564515,0.009360601351703903,0,0.04383341331831643,0.026811609085854157,0,1.9250406345899953,0.19884947530548,1,-0.0035827558780219468,0.011901342242343304,0,0.013257507026789319,0.013342128240130492,0,1.7447485772283127,0.19412160291730676,1,0.009509052699004237,0.013923842918053483,0,-0.006807460726585638,0.017200818803338836,0,1.2757879071332123,0.2662585170296357,1,0.0011184778802161004,0.008583302296315973,0,0.019619744110146088,0.022769075059743647,0,2.7263400213872844,0.46857066381720025,1,0.006840608326762876,0.015264900964291254,0,0.0047992160088841315,0.01937999436875871,0,1.8982011203128288,0.30669493376278584,1,0.002506337134990938,0.002666487467215938,0,-0.004598185608198866,0.014711837408656997,0,1.6929055384448801,0.3903704133794644,1,0.019964448153361486,0.033326976141668595,0,0.0030661025022278602,0.014013264015197181,0,1.8305176293814385,0.38395127019915387,1,-0.004593673206044468,0.016091812433954834,0,0.002463830541915096,0.0037128559102701966,0,2.338262901008325,0.17970427566701896,1,0.012604926351161162,0.021141570465011198,0,0.057375488319045764,0.0374110782220893,0,1.4981829884312374,0.2322852409580388,1,-0.002082015361554663,0.01019077238170721,0,-0.0035059706139914854,0.00516186858218699,0,2.169171217951918,0.5235686447449176,1,0.02452855403231167,0.028891753941719337,0,0.016377886241850305,0.023533276586037342,0,2.228117623968528,0.23774679155241188,1,-0.005692355507433223,0.0070355262661741256,0,0.0004931128849226676,0.002308961103199746,0,1.9902896168601025,0.42591398662676044,1,0.054201854169175154,0.03975702659983271,0,0.016055286519852892,0.025494597530438038,0,1.7280899848472064,0.3216016349592419,1,-0.0032863366862282187,0.006351036227533005,0,0.03159124834410998,0.01823075651636766,0,1.663954207956083,0.24120773125804523,1,-0.008122850448127373,0.011869737990587267,0,-0.009951323081159924,0.010333541842421919,0,2.184901479911223,0.5856682955344692,1,0.02525836739931342,0.01518232128982185,0,0.017131762900261117,0.020024145855087532,0,2.954102413551541,0.3708421220713669,1,-0.004630209912074089,0.010410362994320285,0,-0.004301608681042212,0.012436667533062298,0,1.9224289191428228,0.3552184906740001,1,0.020407673409939476,0.011384853794654988,0,-0.0019272752220215344,0.0013769153596411732,0
113,500,0.6,lasso,0.48828279767873894,0.04295893284517879,0.0,0.0,0,-0.000860122737049494,0.0017202454740989877,1,0.0,0.0,0,0.0,0.0,0,0.2716842816524928,0.18662442790886025,1,0.0,0.0,0,0.0,0.0,0,2.0533706786150416,0.3145976289526265,1,0.0,0.0,0,0.0,0.0,0,0.03076979886570581,0.04732218478279978,1,0.006815523534870393,0.013631047069740786,0,0.0,0.0,0,2.420382322946383,0.1527412571099651,1,0.0,0.0,0,0.0,0.0,0,0.0,0.0,1,0.06289001166766742,0.09519619973385653,0,0.0,0.0,0,0.2199555970437716,0.19884358004895306,1,0.0,0.0,0,0.0,0.0,0,0.9005137104544676,0.1986008431718723,1,0.0,0.0,0,0.0,0.0,0,1.2402823322697227,0.2486630211063164,1,0.0,0.0,0,0.0,0.0,0,1.0957803282892438,0.16554110179674453,1,0.0,0.0,0,0.0,0.0,0,2.235155029028731,0.44626386306748145,1,0.0,0.0,0,0.0,0.0,0,1.5135710448133255,0.1384980885187853,1,0.0,0.0,0,0.0,0.0,0,0.11763083815402706,0.09914683421088112,1,0.0,0.0,0,0.0,0.0,0,0.7583435073867364,0.19527752945298607,1,0.0,0.0,0,0.0,0.0,0,0.07522015807196636,0.15391595946581121,1,0.0,0.0,0,0.0,0.0,0,0.6733751591410286,0.20144760238458922,1,0.06080043449740371,0.08509949895577448,0,0.0,0.0,0,0.02906517929185452,0.042862241176464956,1,0.0,0.0,0,0.0182553422144797,0.036510684428959404,0,0.12725760247389373,0.1327355819200445,1,0.018083312526021727,0.025093860407856654,0,0.0,0.0,0,0.08175926048453099,0.13541105477587925,1,0.0,0.0,0,0.0,0.0,0,2.2438761663431195,0.2858350946264889,1,0.11508444546372357,0.12625830581867237,0,0.0,0.0,0,0.11832526799445824,0.12199281093456245,1,0.0,0.0,0,0.0,0.0,0,1.2147511402398168,0.23067392793119149,1,0.06387045481557416,0.08503846907494864,0,0.20435795379715388,0.25432208177451127,0,0.5429324050175397,0.2682894640941952,1,0.0,0.0,0,0.0,0.0,0,0.7680919238603379,0.15219269124496823,1,0.0,0.0,0,0.0,0.0,0,0.22138339658045827,0.17944225727014987,1,0.02571609215931059,0.05143218431862118,0,0.0,0.0,0,1.035591290987447,0.14652181100548362,1,0.0,0.0,0,1.0887718534261186,0.33342643981298425,0,0.49235176083022286,0.43235546262108115,1,-0.001229581683667419,0.002459163367334838,0,0.0,0.0,0,1.6903767625052368,0.22427303466455992,1,0.0,0.0,0,0.0,0.0,0,0.8659285486127233,0.3596429206632553,1,0.0,0.0,0,0.06792026140468913,0.08481379751174212,0,0.19615443322144657,0.11688806051094486,1,0.0,0.0,0,0.02200725574356541,0.04401451148713082,0,2.5499366066760736,0.5795831030699111,1,0.0,0.0,0,0.010256392843020294,0.020512785686040588,0,0.7290266525575638,0.29699572404034846,1,0.0,0.0,0,0.0,0.0,0,0.8154799960928878,0.1333302035620848,1,0.0,0.0,0,0.0,0.0,0
113,500,0.6,dt,-0.41675567513067835,0.20553186165645262,-0.13647240108842254,0.26645840693246503,0,0.06985638926187504,0.42261017441416016,1,-1.0224831505171705,1.5982387437219459,0,0.9159175557102065,1.7358823360783362,0,0.07158809235292114,0.1781158962771022,1,-0.22393436768711245,0.7851600103454827,0,1.5365174535934272,2.222994962925362,0,1.1683899350333107,1.6875679285196732,1,0.6769978485578688,0.7337240567952219,0,-0.0991301813020015,0.27103843936811256,0,0.4748394834730636,1.8510554928080827,1,0.1510159782827098,0.9142558608030916,0,0.40272965569425184,0.993316011872876,0,2.3341756701209233,9.26119303045558,1,0.1729925585384387,0.2731034842631179,0,0.06702351748347075,0.16289083775480045,0,-0.3569510600453862,2.9106829051463614,1,0.23349946182864906,0.5186843912952979,0,-0.5218297600021526,0.3168038327145591,0,-0.005005820859525056,0.4989472741152399,1,-0.25718114746418325,1.02432635635287,0,-0.9533002732149981,1.6672382770261436,0,2.2058445092336556,1.6599545308271066,1,-0.1266631493545518,1.1263446795749734,0,0.028562710919811024,0.09003704212284436,0,0.47280973102323626,0.44910493929259393,1,0.5140784237587783,1.1506194944982675,0,0.10326720012162105,0.691092822582847,0,-0.6524106916773502,0.9410374770321841,1,0.27981281525277846,0.759450637954674,0,2.1967637733342107,6.0386779654793505,0,1.7242563266064004,1.5961714190937828,1,0.08760725874477124,0.28407426335305747,0,1.0293826880242203,2.7458472159830527,0,-0.8873624989508629,4.244010455950528,1,0.6516867525521232,0.95742664225382,0,-0.1528817319955404,0.44977561216028217,0,0.2570587678406962,0.5736948295788395,1,-1.0211974487301647,1.5169650321170183,0,0.004517369802051188,0.37209542760134123,0,0.113605461335362,1.836884643183713,1,-0.026732132663335274,0.2695357630414837,0,0.25755194607080806,0.33003633558325757,0,0.04168505760584893,0.6083110452086504,1,-0.12640137907010013,0.17520721423032656,0,0.49202236123819104,0.7714510799801332,0,0.9710195126157505,1.0182904171560363,1,0.48269269201994663,0.46266779312323314,0,0.056991832472235784,2.0665391217712172,0,1.5058243487240994,2.2641274490066525,1,0.24291430561803176,0.4211702907127713,0,-0.39814888318192165,0.6938224690180208,0,-0.399146392101687,1.8002468053874257,1,-0.07418028167894256,0.8359135483441652,0,0.2954401456498832,0.7907232841214213,0,-0.472381845324796,0.7675558514041365,1,0.9479002720063443,1.0812805147951943,0,-0.1473991855244512,0.10703109196901274,0,5.2627187088557745,5.3437318463643555,1,-0.8245054579991619,2.451429884621948,0,0.3146003904375575,1.2497013147882468,0,-0.7550020322800408,2.3639307128553715,1,-0.12608576143194447,0.12396295157261186,0,-1.8406013172109792,3.470058971380829,0,0.9521684068329638,2.785254984224181,1,0.1867344487346258,0.4764419775921779,0,1.378615530582875,1.8271995912510666,0,1.2023523316419107,1.8375553525796497,1,-0.36148148398202745,0.6411859682107316,0,-0.011453166764265004,0.04893517933079706,0,0.5519116281830732,0.7885786771920228,1,0.3434095792119745,0.8264381996883831,0,-0.15502843975384004,0.5723614499640796,0,0.034324281320099355,1.1078612040275482,1,0.2500833801522485,0.3272882581022261,0,0.4812649768384765,0.6241801279989556,0,0.6509241127244568,0.8948295058256959,1,-0.17142845015645397,0.5007182192269342,0,-0.05325302323315545,0.5477972244247263,0,-0.3275562145186134,0.5374000964998301,1,0.02642000227156598,0.07446521179628714,0,0.7160952285493383,0.8886436403563608,0,0.9921103623862934,1.1354876587687555,1,-0.03581588330020151,0.11579615405993522,0,0.32246517677526676,0.7723653891136939,0,0.6710175187670526,2.4918050583147693,1,0.1914340783323643,0.47532110791144205,0,0.4936026465777873,0.9495608203005719,0,-0.15179255598278796,0.6636787719425434,1,0.08504909847938932,0.27528551193184503,0,0.10779436149119129,0.5229511116002646,0,1.898978120896715,1.9357635057243858,1,-0.32167462376650935,0.48903716839231615,0,0.9887978336877519,2.6102209123956843,0,-0.362120958373406,1.3687529470319386,1,0.16258078010555538,0.22177420317419524,0,-0.5280200538165147,0.633673218502306,0,0.7854696107539316,0.8217118812551362,1,0.04639479230366572,0.156054656517965,0,-0.0789267701948829,0.28325203208561367,0
113,500,0.6,rf,0.4330411933174271,0.021588765370748223,0.03323597033410254,0.05243838085355483,0,0.1355241878590515,0.1269625915212751,1,0.04364772410267308,0.10075196898637347,0,0.1254839194836342,0.05446809260788006,0,0.23039896137606183,0.1164909511091356,1,0.22731748436851404,0.0739573542007484,0,0.05297532445458394,0.218295255162045,0,0.6133244497914557,0.1562588053203714,1,0.18804926527759247,0.10297252184726233,0,0.041582093163410806,0.05418701884805627,0,0.17983275807053326,0.15093258603468684,1,0.15597248450337914,0.0714195228195488,0,0.05299077670472937,0.060523935282980855,0,0.5746023851996496,0.17030586872873255,1,0.13598935022670017,0.025389011758185295,0,0.0440219016939984,0.06976455998239771,0,0.119159229085209,0.04771791376260188,1,0.22034755248986765,0.08710127451909214,0,0.034878088610986124,0.05892065386629813,0,0.16127059130515914,0.06825507312617063,1,0.04832116191105118,0.10911496958308425,0,0.057613966843230315,0.057094443018592886,0,0.4516402438212598,0.21818785274230085,1,0.06953656651367726,0.06643464124632543,0,0.09350380073181372,0.12972800945881754,0,0.45625430543609335,0.12034695654282489,1,0.04935732271530222,0.048240766109349645,0,0.05923010414772045,0.12248556922584948,0,0.49749021703974716,0.22926571094108705,1,0.23418193491271114,0.15325404764827272,0,0.5353451712755649,0.20395254772806554,0,0.8360803186224119,0.28232611237800176,1,0.13220993347025764,0.04546753323597454,0,0.26079142945333006,0.18211822651225615,0,0.6530926600407033,0.25695388214868964,1,0.24178985189723767,0.12367878111051384,0,0.0247757403414098,0.06679338554568467,0,0.2083911281399417,0.1389861895317284,1,0.026807532630845687,0.10113731606240015,0,0.052257363162179674,0.04831037415258814,0,0.7890431851623755,0.4146625518619631,1,0.07056220313007185,0.07068874811200451,0,0.08089160079420532,0.07258563175079565,0,0.0856796042942085,0.16907757016850927,1,0.1325911673883062,0.07902358636857944,0,0.0839608170457248,0.05661357036109239,0,0.27380877844592516,0.19914660829190597,1,0.11037787472679161,0.10859227011858553,0,0.13195034377832943,0.10427568102711182,0,0.02910309519866384,0.11520856704172842,1,0.025182793318082132,0.05649281754128437,0,0.009969789908784322,0.12611976631696215,0,0.08866671586201377,0.1267854902336794,1,0.06460871398736182,0.07056734856569198,0,0.0738552893638825,0.015894460606162217,0,0.15893132210733488,0.11462511986923868,1,0.14757711047278052,0.03466654632375627,0,0.06321819601690143,0.09367562423355434,0,0.8695462385532091,0.4146517491901802,1,0.45842060981427724,0.20649377713206948,0,0.004054559059881985,0.15231357057148243,0,0.1320760487096953,0.08085166824527032,1,0.018934605909171082,0.0368358160802396,0,0.01633908736750956,0.03289849362325664,0,0.49554731278222286,0.23070459425473355,1,0.290429665291294,0.3085513057595731,0,0.30075279225706125,0.18726938641862334,0,0.6670276666096666,0.25185119800000516,1,0.10663470377923434,0.06140618788937012,0,0.061932103359641465,0.06435767726663581,0,0.2753699569085414,0.24104994993827217,1,0.12474981996545939,0.074728010535667,0,0.1877838745136749,0.06804142083515764,0,0.23065652727872715,0.18280805699453526,1,0.12052330281858162,0.11452750662270579,0,0.10010348946797538,0.09143976393103807,0,0.3718314820334815,0.19881448722127737,1,0.0828820296719346,0.08132452513477001,0,0.717312931923138,0.21846763786501408,0,0.4532679413324551,0.2302680865432184,1,0.3132984072453782,0.28990314941418066,0,0.5816144979067205,0.23138718713372536,0,0.6018140574456412,0.1639177431666648,1,0.061242234210997816,0.02610100458156006,0,0.0131740696370815,0.06136737143661077,0,0.9317789087291544,0.5112122105287987,1,0.15241971985915984,0.17677741538229352,0,0.13749534054603568,0.08326464699587931,0,0.13100413033936664,0.13133724413638984,1,0.05704611439764775,0.06412502590430294,0,0.31929536406704384,0.2851918600987344,0,1.634923728898217,0.47623975966773624,1,0.09900702119942631,0.10957455396802829,0,0.2707163086011061,0.13154207583692337,0,0.4718225023543674,0.1634820752617578,1,0.06486037392531666,0.09612374638426409,0,0.07513698472459134,0.05646735564351084,0,0.2407858934002705,0.16869861045038848,1,0.018351851252735328,0.031925701900194677,0,0.00509226762519964,0.04715323754757498,0
113,500,0.6,et,0.44754122553422676,0.02198669096685464,-0.028685211361817738,0.08637819770584607,0,0.18506689348926458,0.15780350936462037,1,0.09667732906428961,0.14703013014784347,0,0.17815340164476226,0.06239901567731224,0,0.24141018327670496,0.08427829471191273,1,0.18309361108950023,0.1050184673077508,0,0.1648785302444296,0.06943760902466979,0,0.6007296022382096,0.0957352962554885,1,0.14762980698825282,0.06992302800523648,0,-0.020739134275759883,0.03919586218547487,0,0.16414030084477496,0.09790971900298721,1,0.06811159531597023,0.07714059662956826,0,0.1426885218527886,0.10772927757654165,0,0.8166023178930916,0.1627844368804401,1,0.12740942349505927,0.06507424880187078,0,0.12326391894232902,0.09969245976796,0,0.2550668196968761,0.153739753742209,1,0.14946653066470408,0.14575013481862797,0,0.09186105266103603,0.07024627213638204,0,0.24921152464767063,0.12477367910981134,1,0.06461256107487529,0.047811781351666034,0,0.07848076267184752,0.10557537791731109,0,0.39630636126041324,0.19046276816247326,1,0.07617850990253275,0.10061164651274673,0,0.17192740097896902,0.12329411890311233,0,0.4552832923570048,0.22780474333165185,1,0.028011822353234555,0.11884216852030868,0,0.008427061637858047,0.08763764609632754,0,0.44860100380971346,0.1785786517795081,1,0.14256331512462994,0.03693831844612633,0,0.38308326586646596,0.1043856461631742,0,1.171705351915561,0.23426916213313634,1,0.10776945166371792,0.11399830813997541,0,0.12401489536642248,0.14424352120100623,0,0.6556562617064062,0.12126164061851663,1,0.1593439726982599,0.17414801228213725,0,0.027748488547263424,0.04072886451042399,0,0.23525741737821693,0.11496792782016944,1,0.06232967884515352,0.08985158433258089,0,0.04007275617871368,0.023756401646553987,0,0.9314319442442386,0.35606173781747125,1,0.0925260050253766,0.021643718185841702,0,0.10711479936597387,0.09092815180716335,0,0.09383902476096921,0.10522052364302223,1,0.09103568963818208,0.09566840482863836,0,0.06733924221927276,0.048964409568335705,0,0.23088268737369252,0.16160290214578024,1,0.1267204203397217,0.08525743567016102,0,0.12737801206739624,0.07218998002684092,0,0.07379228367029482,0.05834774962740934,1,0.014748288892388434,0.0740420929194275,0,0.14567649548751233,0.13229284405382202,0,0.26887365098076904,0.10440047265418685,1,0.1492471994675827,0.10331386668788539,0,0.0646118461043376,0.05659204152667745,0,0.06047206461348835,0.09852015061392476,1,0.07999551474753352,0.0729259887269029,0,0.1439505046251567,0.04471136240606486,0,0.973540488789223,0.5399936880755716,1,0.5571581875535746,0.3067399101074949,0,0.12967679878423766,0.23516663380558978,0,0.2111998201222301,0.1484186241656677,1,0.009502947900234449,0.06080543453746411,0,0.026097619504493342,0.09672644519541017,0,0.46818106521329705,0.11042837974397195,1,0.23512844095251378,0.2960362467239749,0,0.2362181332289651,0.11295493702861183,0,0.41093869900553315,0.24579426645889038,1,0.06981006478733638,0.08021446944963523,0,0.1657279834111392,0.10408492407134992,0,0.15372500400378383,0.17391670762029562,1,0.09931420740643042,0.054049165811161606,0,0.12859946993673144,0.074036931898779,0,0.14389878469798836,0.13543791449662027,1,0.13780681374772322,0.09470130403494528,0,0.16862748194822214,0.10941595748396553,0,0.47105435117127853,0.13505957298547178,1,0.06508868078808049,0.05439687177421766,0,0.48798273845078555,0.10021018480373857,0,0.4759356347966316,0.2851920207316998,1,0.21112818211530876,0.2541235921512306,0,0.8705799868195617,0.16083102181769043,0,0.6957558737109311,0.2809016007778679,1,0.09778548267011537,0.08828147225467509,0,0.02072626191314893,0.05717463408191844,0,0.8120774641397492,0.2886145300951771,1,0.16733621889735978,0.1187508153383185,0,0.11891863623326923,0.20316427329828446,0,0.09456936344857465,0.07709327848156153,1,0.027548424539782533,0.060281495159128784,0,0.39963177002620964,0.0699680573127178,0,1.7852437021755936,0.336379753042109,1,0.1239962330145904,0.043491661512165394,0,0.2561618587327927,0.2565146126977649,0,0.4381705437310918,0.12908333638801162,1,0.04914219314644052,0.08299054885159612,0,0.18112034267355004,0.15340506875859217,0,0.34816895019960975,0.09506589619823601,1,0.03533065741388801,0.10412885529484485,0,0.011054517167915662,0.051386851302710874,0
113,500,0.6,gb,0.5772148579095826,0.020841458059482627,0.014358794033325364,0.01848482999062013,0,0.7695465635794367,0.26783848249931336,1,0.01805999211559938,0.042966385091852764,0,0.06836113177771716,0.09267863373909692,0,0.4109014807152801,0.2726666671120727,1,0.1426956522407491,0.08428504997172631,0,0.053211828291151106,0.168299937620855,0,0.8925979175661537,0.31319691846312026,1,0.052588539642606055,0.09955988738878284,0,0.00548334830653009,0.01184728686707057,0,0.3156561366209243,0.16228039426324528,1,0.020105449864156272,0.05481696417799395,0,0.13140876457131506,0.1274556833975258,0,1.5437729912298668,0.40311538298588034,1,-0.009852921720889652,0.016563004942963158,0,0.013462486357967634,0.015903900116811538,0,0.6064141329581229,0.2960910587741056,1,0.2611876986660717,0.06197144137619807,0,-0.009458491830093039,0.02120243463841616,0,0.13956540625217234,0.1828789166235022,1,0.10432119754347668,0.11315375409058191,0,0.10522850762965512,0.08081541482637156,0,1.125046307525378,0.4798745637738364,1,0.04375131514319034,0.06171055023183943,0,-0.02973585321667352,0.07632568679103822,0,0.7906399900619974,0.23283631114204587,1,-0.03894831308248854,0.15025070816306355,0,-0.04657586843933068,0.04135761592750397,0,0.9366575200920355,0.14340715344417757,1,0.12845447345389555,0.10858758597619964,0,0.04584773150391909,0.5140202660743166,0,2.139886498009923,0.7592004045189968,1,-0.013020470240939502,0.04744924144706634,0,0.10683562990741002,0.1234384059732433,0,1.1836824520818294,0.23443149537897073,1,0.07716144213888529,0.04939393362589755,0,0.02187129536966508,0.042240255890412665,0,0.5567290595665251,0.23311577095943758,1,0.07261372068810909,0.061598142650364535,0,-0.00015435312224925407,0.10711105726265532,0,1.5293107838250297,0.6002491222640369,1,0.051563292902731074,0.05310410478459053,0,0.056335226199281,0.014906709720095489,0,0.20116393216292297,0.36418610863639267,1,0.33053650248072747,0.19067015176729665,0,0.026432688212346633,0.10482360213343447,0,0.42896969217929826,0.23501052138539186,1,0.1353998066920468,0.08347549059257227,0,0.13833830254358676,0.24791306865108115,0,0.29426971529407914,0.2419012493000858,1,0.02043523553969885,0.029521893248513627,0,0.01228069242500271,0.301859988852698,0,0.47505454518476087,0.31103451926259856,1,0.0757916455882867,0.18576513038779327,0,-0.00038130637439844767,0.05051448552990553,0,0.39389707519201134,0.20671459004076256,1,0.09408472432591639,0.061980415882962964,0,-0.012845121084382984,0.05128180363086886,0,1.1413491274191563,0.7402760775502571,1,0.5402014567051099,0.25735095102536704,0,0.05186987566515615,0.10419942455505253,0,0.38426774537129094,0.34561698274246605,1,0.030279715135920822,0.06234678578998514,0,-0.050945005988206324,0.07337852992324456,0,1.083313897424706,0.3950177568613482,1,0.20824595056024814,0.1643199201306111,0,0.2485194047625164,0.3478487961982253,0,0.9961471704134388,0.43310018712606846,1,-0.010168217487095116,0.09268805990715664,0,-0.005125149119249078,0.05276787352961247,0,0.17783058907950314,0.2299862884657434,1,0.04424865689089495,0.06362718811573949,0,0.19489433217081512,0.1671331375081393,0,0.27526963934695636,0.15353126531748884,1,0.10747268487481491,0.09609706209789638,0,0.18284987551691562,0.1316653865491049,0,0.7180601378224375,0.2680630691968514,1,0.023946059598693267,0.03988694526822928,0,0.632490785056701,0.3110806755210489,0,1.1293994257537405,0.526799976578643,1,0.4177684417370928,0.27096309705030613,0,0.5236683869295214,0.16233789556528216,0,0.907336891948294,0.3954057165034972,1,0.04783196032865517,0.0906174620830975,0,0.034310172940105944,0.08198565279543112,0,1.0328239300189417,0.5149051511555282,1,0.029536339702599352,0.03924610798091039,0,0.15363338652073805,0.09341155052372564,0,0.0968618988105731,0.09509552046164836,1,0.035079257882707736,0.044004867229716096,0,0.2698910614206383,0.1399528716379998,0,1.915164662156562,0.997273585825851,1,0.01982245636934954,0.08629863547108639,0,0.2800038397895196,0.1745945912334965,0,0.8510479082864195,0.3736315776965282,1,-0.0592744428679033,0.1049795598865259,0,-0.006736844927120997,0.08430319111603292,0,1.0739525510139654,0.2979488307905496,1,0.07297861281257573,0.03374771478336548,0,0.0010344629465316051,0.02553409315605363,0
113,500,0.6,hgb,0.5550600646226129,0.04198206128037681,0.0019291096474244242,0.026917393627993513,0,0.5152051611908275,0.17441402856544008,1,0.0029394365124199907,0.07635446923083003,0,0.04364190988167212,0.0711902496540409,0,0.5882969722728173,0.4909137960329172,1,0.10833567273583514,0.06314167231715552,0,0.13732641016773192,0.12818666232224327,0,1.1244464351815548,0.47211262787552644,1,0.15510906748422604,0.1894838015283846,0,0.022950168137657316,0.024429840954590613,0,0.24800760609036984,0.08099664659332081,1,0.09566834564005958,0.10215651172806176,0,0.09928462641536787,0.10331296578884074,0,0.9034264006579805,0.3962123122429894,1,0.06280151104467727,0.11680942600445542,0,0.07377726845436364,0.077806157359029,0,0.5028051565354306,0.33358165857662175,1,0.11470650001417795,0.188771916703083,0,0.07912455091214296,0.07486046302735544,0,0.2927151215541338,0.17834869095051917,1,0.037639232791885927,0.04153111700539669,0,0.07587293968780837,0.13813175197239178,0,1.0248424514014087,0.2928324368851005,1,0.03734312893395884,0.08474057305192322,0,0.08033027447897943,0.08594913799926623,0,0.4293534387332846,0.6188471508415159,1,0.09365231754854053,0.05980889426228706,0,0.027739382022818726,0.024386634847543824,0,1.0528361804391069,0.3310084344992623,1,0.13613870605203543,0.15923227479152752,0,0.20076454998688392,0.5784351091882383,0,1.6013993737282965,0.3074999069517965,1,-0.03335198530451941,0.16544573232932727,0,0.08374132805922747,0.14617045764470635,0,0.6814496754297995,0.35714500313161446,1,0.0645365997944259,0.15759418402900222,0,-0.009734529914496718,0.0344534207098679,0,0.6412334092778251,0.5414195755880028,1,0.042912500598307535,0.05139174449609929,0,0.023342603364002144,0.03485342787812567,0,1.435247293446884,0.6337730250668048,1,-0.012292741465100343,0.23820078743977124,0,0.24065835886053874,0.21756919669068864,0,0.26179887025273524,0.22918178922134122,1,0.10289841555190589,0.09162872344769464,0,0.02745912290309241,0.03339769493290641,0,0.6187991604209678,0.3109514166041021,1,0.04685529118807576,0.09030131768185953,0,0.027065448424185824,0.29267397102356113,0,0.19157809571184098,0.17973168982036988,1,-0.021751692636587366,0.05756183526706202,0,-0.02479383982271639,0.2375683886410135,0,0.39020543661201046,0.21469868006402335,1,0.09094042119520362,0.19363253638105277,0,0.02686458507112577,0.09922630163177204,0,0.12204031650558492,0.2054326520255402,1,0.22165609280983847,0.20254845521569473,0,0.06497082123518445,0.09567054701914793,0,1.0647199669809737,0.49298313128975874,1,0.44820564906006355,0.2646388455599499,0,-0.013613130629514835,0.2134472334735717,0,0.35221261642990703,0.20847726143886355,1,0.05290250775336819,0.07607810768458197,0,-0.032463273358423486,0.1599976790492769,0,0.8500807444735624,0.6364117565558209,1,0.2104384939937952,0.3926823485738553,0,0.33792269421117205,0.36623100775955675,0,0.684575508795342,0.2991912288928981,1,0.055091869172064156,0.06897495591411029,0,0.07526938074728219,0.10070998129234603,0,0.4803166293399501,0.17525127073716357,1,0.13911484663751716,0.09405749473296851,0,0.20246439443806513,0.1216151744236019,0,0.23483705088056875,0.28763133710227806,1,0.0369073524398753,0.10786752826371097,0,0.22791228284942638,0.16813253121685656,0,0.7498687041449758,0.48334971814810007,1,-0.03443369068874071,0.06130421351035066,0,0.5248511489678154,0.16732386786116119,0,0.6612288121758519,0.5914269835370831,1,0.27263303620375867,0.37860719804502485,0,0.41570562281234,0.2000101722545757,0,0.7864839255956385,0.22140008132049083,1,-0.016187437853754337,0.05315221709085304,0,0.02686483216309187,0.06078818547379493,0,1.7440540577979426,0.5670326615308579,1,0.07431746629569919,0.14412317184811746,0,0.21413296438923365,0.16612869009754125,0,0.11112128695600942,0.12787991397122686,1,0.02534304599118791,0.07254756683206268,0,0.1289823469883003,0.1239979337748723,0,2.1967293823266907,0.609891102114911,1,0.05876665093072129,0.039980312237315845,0,0.16543295582714398,0.21169743616647355,0,0.9445569549970838,0.4989975041337845,1,0.0028315424390808345,0.04489753413597108,0,0.09047024356049554,0.12464610187949912,0,0.9683870940111314,0.17808855857645284,1,0.06223316222486004,0.1112807126665452,0,0.010345222708269458,0.09689380650326707,0
113,500,0.6,ab,0.42904197580976555,0.03264025230473219,-0.014514117407242169,0.028088623138114537,0,0.07600922122873169,0.13787105294832955,1,-0.07389116199175087,0.15361668777074464,0,0.05796593683731928,0.23194368777358046,0,0.19161972356385215,0.45194592391199534,1,0.1293595690887368,0.2020567746692458,0,0.050719996204734344,0.08374789669816142,0,0.7443868356644255,0.41580039918172745,1,-0.009489429446835817,0.1389507445403661,0,-0.042702102919487374,0.058772078508181815,0,-0.006225806748728874,0.0477042292603141,1,0.11770748113672799,0.23890507393617058,0,0.05163259748443723,0.12327018990677967,0,0.9774675288956873,0.3572782461413885,1,0.028614750314833785,0.06948554185135562,0,0.08692385009166219,0.1378071529295131,0,0.09308752705727795,0.15504957097853544,1,0.06918844836676458,0.2514910414834665,0,0.02632500542151443,0.2300650285891611,0,0.24515654913103577,0.04771733704458968,1,0.035687999802695575,0.04092643458615874,0,0.06155484575513139,0.11926955934738996,0,0.7864475903781722,0.28168571546720617,1,0.025459981809624648,0.0784377570897341,0,0.19242295934639722,0.16624467329971826,0,0.15648901138518947,0.379429274770053,1,0.16014464090686947,0.4059355903401723,0,0.06205196491678784,0.1752180553990356,0,0.6934654282788453,0.42099075566217836,1,0.13447798766884606,0.1971608763595673,0,0.6069819915725543,0.44868034802123663,0,1.7340853530768954,0.7264255025390727,1,0.016488312005520797,0.032976624011041594,0,0.08772707666419276,0.1615336332762762,0,1.269838276551677,0.49739523527807594,1,0.09124095889701717,0.09968175271679416,0,0.08714559260570312,0.19934181611295368,0,0.6489342836229458,0.6608672669413345,1,-0.015124339506213289,0.08927036905914022,0,-0.028722770352549658,0.057445540705099316,0,0.7989895562951088,0.6812154521465047,1,0.02704473028821593,0.05303037724598426,0,0.1076193943994598,0.15530865764191787,0,0.21628668186856603,0.42292550840517573,1,-0.005941522624520119,0.04491949292842996,0,0.13786479799375992,0.3021504213385279,0,0.37799453611534584,0.2689232486664626,1,0.11262641443416017,0.18787926473688507,0,0.10923254209106281,0.18123337993795982,0,0.15145895328325773,0.10359523298272375,1,0.022887176584732303,0.031353610351371554,0,0.34560242988162737,0.25069934577349784,0,0.3916821537779279,0.3008029023025739,1,0.05008099084972149,0.1751992336781539,0,0.005814361100591299,0.011628722201182598,0,0.3276918101726222,0.2626359842144106,1,-0.06680055714366902,0.13398144399483794,0,0.02825576971802384,0.04043505732812449,0,1.0619043679567282,0.5094701273603941,1,0.3245515765841512,0.45020697105464785,0,0.05025281144538769,0.060385938147729405,0,0.05438376196853244,0.07101933843487752,1,0.008301262603349614,0.01660252520669923,0,0.09236019388595836,0.09134191681705901,0,0.10526733200152256,0.29669886649723054,1,0.09546122051272761,0.2523754699245171,0,0.6318124567321386,0.7050459265157325,0,0.9309167016760543,0.3609322134175617,1,0.03542352586430114,0.0449973933315703,0,0.025274371476558886,0.06789508068644871,0,0.2181870550789069,0.3119265577647021,1,0.165436960249744,0.22022203998006978,0,0.11476201601647991,0.10659273886822894,0,0.12263138085933631,0.17525687407186374,1,0.008207430750375652,0.04512358963887253,0,0.0259148931409173,0.15081423969525892,0,0.5864489888850194,0.37722967945672087,1,0.2100764296040027,0.16623860116084724,0,0.238436830585863,0.4614004900947189,0,0.926564581486495,0.604589097863855,1,0.11956664975780984,0.3106960916963033,0,0.21932156443090878,0.3793080860028179,0,0.515667245157999,0.3224558245705594,1,0.04554487577194037,0.16275785508813118,0,-0.01914527115372634,0.0580874266582645,0,1.0220124720901502,0.39151733326616517,1,0.00703785446276656,0.049305994423973966,0,0.06142374770925082,0.09485426002432915,0,0.33683258606745303,0.3317748615694546,1,-0.034759918768582254,0.05990263098019662,0,0.03732584113411429,0.22166116285328538,0,2.041350166252789,1.2786360315077003,1,0.08292949883229052,0.16709951462141093,0,0.10212730730633535,0.11694208080092726,0,0.8895938719603688,0.5240258441735489,1,0.045601621880462816,0.07406538628952371,0,-0.009248709172089236,0.09928656050233502,0,1.1582925492198926,0.485680275862879,1,0.063206248332963,0.0778304340479046,0,-0.06540468627825996,0.08601770823301552,0
113,500,0.6,bag,0.3742939237663575,0.01704329126322905,-0.00366478068146915,0.05816105547798329,0,0.2093175506100528,0.39640930109420336,1,-0.1531974800849816,0.38531345787689814,0,0.12562542460343162,0.10042365191491522,0,0.10154987727115086,0.30052834629334135,1,0.11692411715875095,0.13511631552427902,0,0.08701721785386772,0.1547673496628542,0,0.12682079044202874,0.5404894037988783,1,0.4449794576442943,0.6258815612546774,0,-0.15226956671700478,0.2305907754462441,0,0.0593442220894955,0.25197091954656825,1,0.1702062099293545,0.25036333517504555,0,0.014116498929418797,0.04345105544562919,0,0.35153184486779926,0.4064339189490344,1,0.18141419777872567,0.16291380414724232,0,0.033659484144432684,0.14023103813615337,0,0.08605649231694615,0.2500137475014511,1,-0.08709771385463169,0.2480053336490783,0,-0.03208758409726279,0.23887235943198662,0,0.13945260503700113,0.26225000527619435,1,0.01515911780352661,0.14553472679954124,0,0.08476406840790213,0.24506833780241033,0,0.714622170890141,0.5164186189213693,1,0.02339122492040315,0.07626474923833462,0,0.07292715869332578,0.6569278301356891,0,0.21732379644550753,0.22064370175252415,1,0.17975546866234585,0.24513801731904442,0,0.06681586956045422,0.14934660584262993,0,0.5730334373019715,0.5374897745691137,1,0.37233885241722725,0.2460377724945944,0,0.4967157681261042,0.8646068028817303,0,0.41621189893265076,0.6106478497307563,1,0.12723825293040392,0.0843808622052115,0,0.32265807118254136,0.6499002049601265,0,0.9263690214652852,0.4630214742548204,1,0.6111835037999096,0.29179193664876907,0,0.08792259948758625,0.3168074251244841,0,0.5089305532503022,0.48861580394652204,1,0.09582126029863061,0.2197207255707494,0,0.04162588864431853,0.23379888285350398,0,0.9471413909646923,0.8730171149280443,1,0.28428899318370704,0.20768046617901123,0,0.27712795134153934,0.4807171443594379,0,0.15316536564522149,0.334774353097069,1,0.059513556435717894,0.09424112925318884,0,0.16597944170759332,0.17979922136016235,0,0.41316505683292737,0.3104916831353295,1,0.3353306836791389,0.20722132253256526,0,0.06187931327864475,0.28676270240304963,0,0.07417446811091513,0.33080881448665966,1,0.14330600106090596,0.1501091645178798,0,0.20049945963863136,0.20324672689255388,0,0.09696848411176638,0.5260094517909262,1,0.15061437348873566,0.17691830892644128,0,-0.07971427594637275,0.22511492682527018,0,0.21497974414206772,0.20444292357550983,1,0.059909528898457465,0.17733044346256996,0,-0.07868888007768496,0.18881735903990984,0,1.0923722793230701,0.9603378838736667,1,0.17700901502809102,0.8181568491491076,0,0.10192700083850607,0.3034339239631569,0,0.038554668583668406,0.34127007586482194,1,-0.0817005864378905,0.3172829043442437,0,-0.0057094859736243455,0.1789234840812589,0,0.4973728027762176,0.24878301941450062,1,0.6064311449249397,0.4706251322637718,0,0.26429672314382224,0.3277230370074882,0,0.738676749644962,0.9290615273618269,1,0.07268875274542894,0.4410403833545723,0,0.14833833939796606,0.5804484342175452,0,0.14857686726934144,0.32825257688667486,1,-0.04540147296564979,0.1931989689451494,0,0.25937877448367713,0.30343205801658507,0,0.3893295119211885,0.3913347452057687,1,0.0834081630113267,0.30144829492544684,0,0.013025008696684498,0.14537772169128244,0,0.29444302732385613,0.13194506232808395,1,0.07204583086679353,0.16035623564547902,0,1.3924185935767006,0.6362736309495983,0,0.8300489938100111,0.4245574841058963,1,0.2552632163118085,0.36283867766959005,0,1.2101010627428432,0.5283587152069261,0,0.4703817730058213,0.8741658283463991,1,0.22164193505198218,0.23900150597345307,0,0.08733891593572662,0.19572252091682482,0,0.8158452053039911,0.75534003606631,1,0.30690967656465445,0.3792984547556084,0,0.1254946277546571,0.2092457631122234,0,0.12359752287883072,0.19749340570624896,1,0.03692152605928667,0.35113936191355194,0,0.20165791207808442,0.47098390063146045,0,2.313887550598264,0.9213633528963173,1,0.09631390593977159,0.3799526742035362,0,0.004302469763547636,0.6407255401485568,0,0.48812033198385674,0.25707774360124497,1,0.20665769205743983,0.3910270653341812,0,-0.12256901441009611,0.13273758544752268,0,0.21123685094048444,0.6421884701627125,1,-0.12443153952795169,0.3234405642404201,0,-0.013294508322023802,0.1306597065617745,0
113,500,0.6,mlp,0.9418773994716909,0.008229833854039572,0.05170577803358957,0.10460058401531776,0,0.9519007123917632,0.43069214409884443,1,0.04548143162311583,0.053158209124478044,0,-0.04215462484065637,0.04179619623121088,0,1.2545200041069227,0.1704311703150641,1,0.0736224186709254,0.07522590317392137,0,0.055059432642536786,0.04702199470356728,0,1.1298628209735178,0.11800445441052476,1,-0.00546551756119413,0.027247322844298278,0,0.015280665318534203,0.03238734285420021,0,1.2596591218529896,0.4277380965842508,1,0.035238141063152505,0.03644889622457693,0,0.06996712126939439,0.04144226963253011,0,1.5448542909617757,0.39292313606783313,1,-0.02365894506035961,0.048274624288401076,0,0.024780055651296862,0.027277473543208666,0,1.2552542498464612,0.20755328545093032,1,0.03971184700101834,0.04612042945495716,0,-0.040879964908764325,0.02682791196908872,0,1.5776937462970004,0.35578241711612896,1,-0.0010418017059654222,0.03146072414704147,0,0.008593368396694593,0.019859783894664806,0,1.1461555964373336,0.14579452228903492,1,0.1877899671765961,0.02847648051694091,0,-0.027701877694178208,0.020715104984344587,0,1.2869849515346166,0.19202855903635388,1,0.004054873282833304,0.020849059889038225,0,0.04398420233521249,0.029385711393702406,0,1.7058478106757715,0.3299139743663219,1,-0.027568942298093,0.014571589367848647,0,0.134434632560755,0.052935634196661085,0,1.5347972583596623,0.3327090266801127,1,-0.03375401062923952,0.028643223541115464,0,0.0305866449208815,0.1503923161873292,0,1.0387389208338085,0.17355956559839558,1,0.03291402818054157,0.03473076503034082,0,-0.02499215420373358,0.03801712543148127,0,0.9778784672171985,0.12800981981689882,1,0.11210338835780134,0.0392802326077967,0,0.009001851498692596,0.007767072853301949,0,1.322488128836611,0.22963267348954355,1,-0.00900981076269569,0.05943605322231681,0,-0.031094005481129706,0.048347692953819625,0,1.097257992045686,0.2775288958147141,1,-0.00038081389646666964,0.05387046996936597,0,0.019984788546211413,0.03794205755181776,0,1.2397278667133649,0.30587883645947916,1,0.0037188613614226457,0.05557331548024328,0,0.017634705566246987,0.04430744525808488,0,1.5359280675607885,0.24001295691870098,1,0.010865805145229486,0.04308853690871822,0,-0.01660023601993533,0.03657160855936364,0,1.101002381334317,0.17104486456995255,1,0.008822490510493178,0.015497677694406728,0,0.017119605534037748,0.014733074347790415,0,0.8410741189730528,0.2813881457358843,1,0.03704658723341814,0.04692841808150951,0,0.014298882858327843,0.041277184883995933,0,1.4773459316748074,0.273627327683874,1,0.03564206514510979,0.0654534491613926,0,0.01878515195545511,0.03900757712337061,0,0.9887883920408569,0.28764776454371155,1,0.00552630384353185,0.025258047563890086,0,-0.0022985415504658767,0.07448654936310695,0,1.1960431001919354,0.42583709358333305,1,0.09016034284066146,0.14616915122951132,0,0.0022484895160285756,0.06382475461067845,0,1.509642326733243,0.39243547648625887,1,-0.0018137218748628253,0.01908736840588747,0,0.023516056833743908,0.021259019150043395,0,1.5426601408010214,0.11176250853243601,1,0.015005166810084434,0.05399659032097054,0,0.03130059680210406,0.02089466415909201,0,1.26165693166901,0.0652356189898614,1,0.022878668184821118,0.04593946916868082,0,0.03935623134955569,0.08949033832006723,0,1.45950530891098,0.48246544117144574,1,-0.010324111171989859,0.022801603958747814,0,0.21130311264130172,0.100515880809898,0,1.1597146178122961,0.2927851443847997,1,0.034931364277278894,0.07717399896958375,0,0.07735752772510665,0.09423007533139233,0,1.2643656285901836,0.3149439275539624,1,-0.009174496630487812,0.04055369340640353,0,0.0240027603616326,0.051285549695604525,0,1.2564357676197937,0.3120103566182161,1,-0.002393735224443442,0.02209394177011876,0,0.12006017119336032,0.054714288930843596,0,1.315586603523895,0.3362520827276675,1,-0.0531955799915285,0.06781436690475692,0,-0.011956538001962214,0.04528908972096246,0,1.613777250624457,0.560640540178542,1,0.0997859993522889,0.0792019118217673,0,0.003861669365927244,0.03682376821131745,0,1.6983274142777958,0.2950322599576509,1,0.02132871541143942,0.0714008240817065,0,0.01021177887045432,0.026059403285936013,0,1.5140281284621888,0.14768339612493692,1,0.06817374304237103,0.06782157210935022,0,-0.05279618065421595,0.0514875351332914,0
113,500,0.6,svr,0.5248663597808718,0.004599537535835716,0.06011720407294394,0.08050817551487234,0,0.2861646104421146,0.1894996871281067,1,0.08800771591099199,0.11818144077143387,0,0.13486289845472246,0.0907341647924561,0,0.3123545338602235,0.0694923222657154,1,0.32915466109808805,0.05125336627545734,0,0.2801436703387601,0.06271486806709908,0,0.5527447308363993,0.1081178045287478,1,0.15882016031978238,0.0794425365283759,0,0.15357503570725903,0.043793415457460474,0,0.2751617239731273,0.12531296874439452,1,0.2593680010077995,0.09269341179043697,0,0.15760473462799632,0.09459933503920463,0,0.5098349124691961,0.05711105055762735,1,0.07442050151706812,0.09037370636067774,0,0.093661888590087,0.06293853227519158,0,0.2433531488326651,0.014485959241553681,1,0.3015380354923484,0.07501982896481264,0,0.08663077386530804,0.034075553604694275,0,0.37993490350704856,0.058184649151653514,1,0.10257219907918314,0.09113057070243148,0,0.11360277722977599,0.06523853525521908,0,0.42406121745818587,0.10349840862656624,1,0.17829476254886584,0.027878788640691408,0,0.13467653858244993,0.08857308062424123,0,0.4511316381816262,0.11859632580812199,1,0.1299310938508294,0.1533280368653549,0,0.19743994038022197,0.11688666778432728,0,0.5350623316145964,0.16933137668321688,1,0.20537070553155523,0.06289736195278918,0,0.1846883203322873,0.04760529701093849,0,0.5356852381542607,0.08932536648826352,1,0.17578950002839117,0.05472542089263971,0,0.23981591673938513,0.09913398969220409,0,0.4927549135205725,0.06422914638838709,1,0.1644014484890533,0.06418435933089041,0,0.05279355199208573,0.06214502624568156,0,0.27276640866308555,0.0932420577934097,1,0.17789355335089904,0.11438290224360032,0,0.12794019046474503,0.07551333882825301,0,0.48424231196997314,0.13346024418908325,1,0.1671923814965242,0.11814373954995498,0,0.07808254564111163,0.09153422704596968,0,0.23838730498161045,0.09094477297285945,1,0.11914642285722166,0.09838632174520937,0,0.15246916040229977,0.032021762454853095,0,0.3514051740194306,0.11212201959365033,1,0.16182194388844423,0.08808587398264577,0,0.20032533578083705,0.10592233774487597,0,0.24035359932695627,0.14622656050186258,1,0.027743732095072676,0.06724781044632246,0,0.11279249226082781,0.07383794980534729,0,0.25233964625838184,0.1497592028794942,1,0.18772904804155063,0.1282501557127209,0,0.15047147354230644,0.050707562195295604,0,0.24393850976334192,0.06264200397273566,1,0.16825917877877541,0.05021320422689879,0,0.28818022659296877,0.051468238699687294,0,0.724682575513396,0.12436466521996122,1,0.42625896940043273,0.09644033805256998,0,0.12774151924666202,0.15396771558448885,0,0.32462002319143607,0.15707839782556313,1,0.0051567046180441296,0.0452583006725952,0,0.0894043436164536,0.07857679245742721,0,0.4951395823240211,0.12044368118733204,1,0.22616191883467426,0.06482223462763796,0,0.2751948155483713,0.09863748939482271,0,0.3605999856666387,0.08419433509038173,1,0.09514559010617217,0.048393640151008555,0,0.15239254404894126,0.10853586968202725,0,0.37511303659771267,0.11881063819416611,1,0.11327246914842619,0.05958995238766215,0,0.13227861961420345,0.022431394166644136,0,0.3955481469497738,0.17783780943795913,1,0.2555297650241023,0.07214724524113035,0,0.16536365353908394,0.10513906684657813,0,0.36687998039357406,0.031404345795721905,1,0.08008497756884694,0.05153284586233657,0,0.3929743004674343,0.0984216589653917,0,0.3907495540640359,0.11843952435856095,1,0.2515952289880344,0.13779843775763664,0,0.41718084355875484,0.10857702589738699,0,0.6116637154418925,0.16649400846968737,1,0.08073474495414973,0.0869097234084336,0,0.1409330187564248,0.04937593280520058,0,0.5681255682949674,0.1468661606345805,1,0.2150352903714392,0.09693636476976672,0,0.2294281235691235,0.08673731539430383,0,0.35210802421396015,0.06960545684517533,1,0.12177019567756511,0.06533734396342003,0,0.29206920971695116,0.11758544976645899,0,0.6263381215259016,0.16226474359774642,1,0.18935699540528053,0.0820288695164323,0,0.3102240276978293,0.09072863878815837,0,0.4395422259052507,0.08345083982368964,1,0.16224750411166908,0.0982058397364522,0,0.216064996017347,0.10893062397320347,0,0.43535968582374984,0.09436204613236147,1,0.11704842354034639,0.14152956208651654,0,-0.007994788303924413,0.07430316030949859,0
113,500,0.6,knn,0.4772194122496063,0.011956273473990099,0.2444267977243761,0.4318829815606205,0,0.7437458250204488,0.5208389710974126,1,0.423119549818168,0.3846196908950243,0,-0.30992853800746345,0.3201205742282645,0,-0.12517426366641776,0.8803596610757098,1,0.28819342494139183,0.4094721046858983,0,0.23743240224479853,0.3237040573003204,0,0.844096274351859,0.5172836850592339,1,-0.3379209105157214,0.6036775187132257,0,0.04631825439823771,0.5735884536856265,0,-0.18165094734833645,0.8018126743837697,1,-0.10508848573353728,0.4129557375164438,0,-0.020832146501917857,0.3570830788765884,0,0.6548843100481138,0.3214711903110257,1,0.31152389025994887,0.4441300928555114,0,0.2474812714155032,0.41332161630467384,0,0.16911973990575618,0.23747516216575862,1,0.3535198795150375,0.6322499620040202,0,-0.36004856572088306,0.9349974226788909,0,0.4837827462450523,0.7148495397976351,1,0.3088905789658643,0.7402591670592027,0,0.6491324344330248,0.9697248808852476,0,0.7949374817469762,1.2648579701979468,1,-0.06758758684667544,0.5841615739620948,0,0.3213073084303783,0.6769187618903927,0,0.20182476936725746,0.9694458948155359,1,0.056251929747866705,0.5386220654676483,0,-0.07070162393622917,0.9159438697217511,0,0.43639098323957554,0.8134587081115084,1,0.13757816346993362,0.5948446354552329,0,0.6084429742042821,0.36292323571249313,0,0.9284786679887034,0.587384886986424,1,0.6797459957723404,0.4632983348944734,0,1.0022277564194346,0.5585630016414987,0,0.8016482590389344,0.4633252476304187,1,-0.11547469444317975,0.5077013511728585,0,-0.3470189952384451,0.4357911494013494,0,0.49821065628216016,0.25406637024275447,1,-0.10786724494770347,0.210438066155639,0,0.16254341973634137,0.8285819178739146,0,0.5095498134623784,0.6122807623088851,1,0.3560085728841777,0.8887495810734036,0,-0.2549694415887938,0.5200533862829102,0,-0.002914653461768024,0.5458710173063729,1,0.010052213067257388,0.7297575091258073,0,0.24167894343684768,0.5911255735161319,0,-0.3684399782138216,1.0236026525729338,1,-0.21472720866785044,0.4528127339637244,0,0.08166091664084078,0.4545886863818127,0,0.5698272561010679,0.34968738444763764,1,-0.29676766247535297,0.2755958726505277,0,0.19619639867405242,0.39736231327058674,0,0.596425683756031,0.6340931492000292,1,0.22671689878520535,0.5359876787326144,0,-0.07950980155297807,0.2723046548697666,0,0.3852036869848652,0.7077368016576585,1,0.05196591322235609,0.33992843291790464,0,0.5956002798989761,0.7282129516261736,0,0.7556400067524741,0.6041107352971844,1,1.056088044404859,1.0092053679517938,0,-0.21573135138169514,0.5431951803069263,0,0.16749739350141507,0.6612239219636469,1,0.5193672781165598,0.4726355389224701,0,0.1999768169367504,0.8641103668847073,0,0.45823175685785833,1.171026027022089,1,-0.051527695944600806,1.3183828370716815,0,-0.4596544463654143,0.2980121078024184,0,0.30665378745932453,0.8211751936987515,1,0.14731270585382242,0.4638023340151435,0,0.04706293250999657,0.5612185555287365,0,0.11746184913758681,0.6511609998318432,1,-0.07013191783779196,0.5757149670739311,0,0.5896781312937616,0.811303151794294,0,0.6786611713278956,1.057731836863028,1,0.07303851712108747,0.7736100617567628,0,-0.2896472919297636,0.87915614073722,0,0.1562616429732014,0.6048424943504247,1,-0.0425298549472873,0.49393780669951,0,0.7790460046576501,0.4239673063995242,0,0.16444755857846444,1.1740482268014278,1,0.21390131618299843,0.6886115414829909,0,0.36089031791157083,0.6976567900326417,0,0.4361778746824543,0.7348236274503589,1,-0.38797677423929644,0.41779754642515343,0,-0.21344492546331248,0.6283853471364089,0,0.48484766616475505,0.31454884933018484,1,-0.23955366530610017,0.7332853357144024,0,-0.18185934072974091,0.3608276743961662,0,-0.13399755619057188,0.29139072744234684,1,-0.13319959768739645,0.46594981008138237,0,0.2862497609170216,0.4905393204098527,0,0.9110627924243934,0.294766956994354,1,0.23532972454029108,0.3139554754875138,0,0.6581922419475379,0.7706080079060526,0,-0.09314724402615496,0.7905005681296057,1,-0.21653344069703317,0.37923285998556244,0,0.35411163652274735,0.9898568206467846,0,-0.09739554509615575,0.9494147104463583,1,0.19139024178981445,0.40397593384378894,0,-0.23658846468384614,0.7169600338567125,0
113,500,0.6,SuperLearner,0.973233544473814,0.0016557486161255348,-0.0006837456512774603,0.008412994542764016,0,1.6800226861935286,0.42545850315059563,1,0.02208600372151484,0.023043070341907945,0,0.04296085878863599,0.012477251719915474,0,2.278477197889028,0.23661235014166065,1,0.027772799364858852,0.01436643120507393,0,0.03109939697418056,0.022475531565960695,0,1.9309225879409972,0.16340619221655772,1,0.0014257068810457723,0.007612637987893137,0,0.0142671953117379,0.006521418578284562,0,1.9672080973763744,0.4788127230041074,1,0.008377633220193718,0.016160055247079464,0,-0.006194155363434104,0.008160983414198311,0,2.2011350801745695,0.42748844458120505,1,0.016225153331661912,0.008662707755183602,0,0.011941054191266311,0.015911733925228624,0,1.8030314170568844,0.46565959807146984,1,0.00019558434074569262,0.03017118800222539,0,0.01827614460552552,0.018063482975919636,0,1.8928019828931597,0.356253037238919,1,-0.00868899938439259,0.0077991836568218,0,0.02542748261671751,0.036978669921624824,0,1.5266076710590972,0.17450909541700374,1,0.00434760318670163,0.02620465994824163,0,-0.0061737499839603594,0.015172212744483726,0,1.9527814518074345,0.41331327068218227,1,-0.007043723716473145,0.013690969857168233,0,0.01073243115582882,0.014910131446106404,0,1.932661991951337,0.2627995947038953,1,-0.0018811175225980636,0.018332181701178094,0,0.011568984851742292,0.014203612475479108,0,2.1520014434784267,0.3641709919984483,1,0.01833270041689481,0.042277851323600776,0,0.029228371251059603,0.028419736460946667,0,1.6379633818908466,0.15692323809726763,1,0.005070642796071728,0.005711470085378714,0,-0.003376219492146909,0.0038084070210268614,0,1.5746246322445412,0.30806656126127857,1,0.009260814590233826,0.0039637896694478284,0,-0.0010964703971563087,0.006876488124881164,0,1.7750959060065419,0.17772825949443874,1,-0.0015155155188151103,0.009492575849496277,0,0.010228565090947953,0.03686085666214277,0,1.7001664293259793,0.3695214556726385,1,0.006373806948698465,0.011378775090353867,0,0.0012657825767366498,0.012979379996244418,0,1.750127498279094,0.3668188747684237,1,0.005724748211290922,0.01761458826575858,0,0.03826231466165104,0.030361788963371817,0,1.8976532275999947,0.1736623825261146,1,-0.003476583851591484,0.010447561420498665,0,0.007497773409191011,0.012911802880951383,0,1.6956467717763601,0.17812219165776258,1,0.009768655109419858,0.02655951579537811,0,-0.0067938621067502565,0.021687070699721263,0,1.2598048859365465,0.2754588661791652,1,0.004524434561453501,0.00797505991132756,0,0.01318497482161444,0.01897974116278419,0,2.6023637854292354,0.4854879931871863,1,0.005731891294243519,0.025027635520585245,0,0.0065846596550070136,0.021305003359722477,0,1.8617137231199146,0.27972976941349736,1,0.004965447241259948,0.00435957067231687,0,-0.003586370848643687,0.018177426889895012,0,1.629443060066336,0.40374718628702744,1,0.022317821771297867,0.04690807095765272,0,0.00014479857309540747,0.03042515205022674,0,1.7495629754036184,0.34692526900979015,1,-0.007990493176431603,0.01831405737999044,0,0.0045005994896233185,0.009474869289183578,0,2.257169629093548,0.18044348106491345,1,0.018642200309385508,0.027935254486675064,0,0.05406912953549723,0.03777602773675527,0,1.4831414670016718,0.20373659572589822,1,-0.0016018343738612786,0.010128108647785688,0,-0.005938857905568862,0.005425986353655898,0,2.1329156512566394,0.507832341197463,1,0.018576280317724802,0.025748410699924923,0,0.01809771491397836,0.02798350060157437,0,2.167124175443086,0.22604410140811804,1,-0.007550262306942843,0.006947263421279028,0,0.0019528442209320123,0.008674803133247411,0,1.9027586424999927,0.379047822677331,1,0.050164955511644904,0.038096938397715746,0,0.022432510336152504,0.025112509071800567,0,1.6575805144524558,0.32692957236374776,1,0.0025125050684617267,0.007501855380578896,0,0.034853898649466426,0.019116143281404072,0,1.641276655456306,0.251078101229411,1,-0.008351227867474744,0.009255500969916688,0,-0.007463953563598795,0.0069428973607225004,0,2.142047762559021,0.5332908087339637,1,0.033645752032965215,0.022531771638676937,0,0.019492068563512502,0.01678361337348162,0,2.838813379760462,0.3118188413344406,1,-0.002828184787788343,0.010084574237452078,0,-0.003134565193029753,0.011512609866820022,0,1.887954447916161,0.33460074724655153,1,0.02630563949669598,0.010822296345752512,0,-0.0034730706442943765,0.0033911158316740145,0
113,1000,0.6,lr,0.9781371809755408,0.0029771726610574754,-0.001271469545402516,0.0051886525137462,0,2.1548675414963414,0.2844234381876546,1,-0.00016341721232705715,0.0015568837267002202,0,-0.005812003212043034,0.008730199118426542,0,2.2233154976809835,0.19388000952244414,1,-0.0006757591141604351,0.003370706730069344,0,0.0038324801347832532,0.004157744129029675,0,2.0048094568988772,0.1274766981663394,1,-0.0017776093232903661,0.0028156201334899817,0,0.00790000127274597,0.006197749366724145,0,1.9470511147728118,0.10590362999498637,1,-0.00234935769345637,0.003553767515527167,0,0.004737800467474936,0.007305709329159093,0,1.8972788436143613,0.3652569002026613,1,0.007830363505799184,0.004703921310273222,0,0.002884824033744093,0.006193462460182594,0,1.6158052194453199,0.2853616793053723,1,0.005157298383770154,0.007899468627330191,0,0.007337432654108455,0.012272393692304592,0,2.3333253438923984,0.3195598066590902,1,0.002999511106649311,0.00896383125513926,0,-0.0028529965313329676,0.010600602558535958,0,2.2434526758485847,0.11373439235250665,1,0.008598279395200617,0.008258128227470143,0,0.006430283905194808,0.009344806294288197,0,2.0807909356709144,0.23795891999563776,1,0.001752799080882384,0.00271080575957496,0,-0.0016019661300435673,0.0060831569109462335,0,2.0966159730748073,0.24756503033679692,1,0.0029725131779226375,0.008711455171763043,0,-0.0015355888703071248,0.0014550907132544102,0,2.2068710520766555,0.3293813602688213,1,0.02881296681723768,0.010908023079664842,0,0.00012409118156641788,0.0033891552848335812,0,2.022297556418671,0.1590954200490263,1,0.0073902860548716535,0.006413999732354137,0,0.0037162264084868654,0.005162454938453023,0,1.891875436943451,0.12924663135186965,1,0.0014412825312959195,0.0048394090031874636,0,0.010831424192572686,0.012646179527105656,0,1.9205312086327175,0.3470117107906087,1,0.02590092837923883,0.01295147120625002,0,0.030193919335663476,0.01068150976033268,0,2.0904574246548675,0.3132586929175514,1,0.0005638035184817163,0.0016338073010738739,0,-0.0010300760765321168,0.0007210335643745816,0,1.7657328607519578,0.11481952261048935,1,-0.0006297371463075709,0.0017196480207644755,0,0.0028256730989347214,0.0021633091072877173,0,2.1006842271995056,0.2257551247491777,1,0.012377555242399424,0.007103244711364984,0,0.006527223041130149,0.007722042728655103,0,1.7090166297964928,0.23234913185607117,1,0.030178650854373552,0.01947875803697757,0,0.006951133608052794,0.006129394729321774,0,1.806512443395404,0.24441024870207606,1,0.0029886263780741183,0.0038884001156913755,0,0.002083921746027033,0.004971028609117659,0,2.106740729076742,0.17186230225535218,1,0.0003369695016743615,0.0023520006478563635,0,0.00046108563219958226,0.0015523501104651796,0,1.9319323372908805,0.14705837234611108,1,0.003346613724853134,0.001843858944341421,0,-0.001170956082128275,0.0014945192069842337,0,2.1121171989173355,0.17351619197310728,1,0.008520690793933187,0.005977968763035943,0,-0.00011045886423135085,0.0010706389917275933,0,2.284838974067541,0.2199112039228454,1,0.0016878713576400548,0.0013191285497409079,0,0.019088756975299076,0.00881275078644225,0,2.110125140673392,0.1838071035175528,1,0.008279202992192963,0.0058205317158248875,0,0.003671683214230721,0.0035443426637009607,0,2.103415101944994,0.16695280467295814,1,-0.003967147206963248,0.005338884110522527,0,0.0006784692023433809,0.006042102065931123,0,1.9733996208479425,0.22357098351394333,1,0.016754022056478475,0.013617875049104498,0,-0.0017307095049401678,0.005920909589256047,0,2.114556522594776,0.22590572006122497,1,0.010571256885073316,0.004727980342472156,0,0.025796999098400282,0.011030039009431303,0,2.3212428385057313,0.3753990300787645,1,-0.0007060467032397249,0.0007830718466887354,0,0.00014436327026225455,0.0039142349691781595,0,1.9535840277428966,0.2912425605114792,1,0.001964474376643253,0.001998572769745352,0,-0.00013453679907895824,0.0032552772653643247,0,1.8625698658307137,0.1539794204918717,1,0.0019429964636282428,0.006088698462048078,0,-0.002995057437760584,0.0045671019601214455,0,2.159229391756515,0.09023570049071851,1,0.013196347928976703,0.012080562400002742,0,0.00899846553035343,0.005321339185168259,0,2.0179008723780756,0.17765935142517167,1,0.005299368310963217,0.004094417915772287,0,-0.0005559537227274377,0.0012022700846133663,0,2.296246961543768,0.3701327952234145,1,0.004146189746318408,0.003407031527945669,0,0.005495775281576356,0.013119896944192208,0
113,1000,0.6,lasso,0.5046731662652174,0.020434537776261797,0.0,0.0,0,0.1520682027176981,0.09973105902827546,1,0.0,0.0,0,0.0,0.0,0,1.004622411355175,0.2253158894595368,1,0.014882383951116764,0.026870603193139265,0,0.0,0.0,0,1.5209977049387151,0.21277148891422815,1,0.0,0.0,0,0.0,0.0,0,0.2310960378084026,0.16373060727104896,1,0.037606782025222746,0.049548702179439345,0,0.0,0.0,0,2.0320576428889483,0.4573193803567577,1,0.0,0.0,0,0.0,0.0,0,0.43381762790791345,0.13380439889788517,1,0.07760792204488606,0.07344018186309584,0,0.0,0.0,0,0.5675559381258529,0.12994962500706403,1,0.0,0.0,0,0.0,0.0,0,1.3106446640359515,0.23143178331285505,1,0.0,0.0,0,0.0,0.0,0,1.1354895965940301,0.21656032261203922,1,0.0,0.0,0,0.0,0.0,0,0.758303323520599,0.15883333330906796,1,0.0,0.0,0,0.0,0.0,0,1.1223537827242371,0.10374279093096592,1,0.0,0.0,0,0.0,0.0,0,1.5292571447172871,0.14754785251213998,1,0.0,0.0,0,0.0,0.0,0,0.24268953853009978,0.13722003890356047,1,0.0,0.0,0,0.0,0.0,0,1.0501004814318864,0.10618155820525783,1,0.0,0.0,0,0.0,0.0,0,0.594104771859048,0.11689994876975253,1,0.0,0.0,0,0.0,0.0,0,0.31845022300320014,0.18367954416295154,1,0.0,0.0,0,0.0,0.0,0,0.0835481791151437,0.05946359317633301,1,0.0,0.0,0,0.3609919340070913,0.1712569623071761,0,0.49591745159647316,0.21424641388365778,1,0.06059514931164678,0.07782925619314814,0,0.0,0.0,0,0.47063370660282483,0.0922048889828691,1,0.0,0.0,0,-8.430686060535207e-06,1.6861372121070415e-05,0,1.4546896980130755,0.2312295442892,1,0.0,0.0,0,0.0,0.0,0,0.46854447706360725,0.24263160270411777,1,0.0,0.0,0,0.0,0.0,0,0.453228405477377,0.1420864053053575,1,0.0,0.0,0,0.0,0.0,0,1.445589218846358,0.17347339354907457,1,0.0,0.0,0,0.0,0.0,0,0.2917360344200304,0.11757172219929589,1,0.0,0.0,0,0.0,0.0,0,1.687282310987944,0.1505116076772098,1,0.0,0.0,0,0.0,0.0,0,1.0713512985755103,0.05242986138260339,1,0.0,0.0,0,0.0510100694661314,0.08804253571649565,0,1.2766456863412814,0.12051990447734812,1,0.0,0.0,0,0.0,0.0,0,1.136493729750907,0.17014811465020388,1,0.0,0.0,0,0.0,0.0,0,1.3940793936460705,0.14337991275261724,1,0.0,0.0,0,0.0,0.0,0,0.2261113705554199,0.15564487715672987,1,0.0,0.0,0,0.0,0.0,0,2.043591947339255,0.20549859970652742,1,0.0,0.0,0,0.0,0.0,0,0.09918870979792518,0.10446043963261044,1,0.0,0.0,0,0.0,0.0,0,1.092711098397252,0.2508046348338197,1,0.0,0.0,0,0.0,0.0,0
113,1000,0.6,dt,-0.3594641412736943,0.18023295352742424,-0.5890164121818874,1.1710729153261865,0,0.2635146772244691,0.40585102413847846,1,-0.36401319857234243,0.9426810719032388,0,0.3331111392620928,0.32485654184432383,0,0.45424674859471226,1.3943164363174239,1,0.43568282121154367,0.31579880698206486,0,-0.007231808783074989,0.6060019138234672,0,0.4203473352585454,1.9853456997487,1,0.025836886838471372,0.09630463415251268,0,0.0747493859425738,0.958661841720116,0,-0.04502279843885346,0.8364705622298891,1,0.25868756963894135,0.4649297587530596,0,-0.2902285268178086,0.2884340174786277,0,0.7979818774361085,1.1672229888897587,1,0.09375669028317687,0.3558045444064791,0,-0.4319422443336374,0.7706603545424248,0,0.5914138552476744,2.21616160658847,1,0.8524406837793995,0.8797890747137714,0,-0.14959924838521121,0.1678045204774951,0,0.39175094535535515,1.0169294829851567,1,0.10171276578880342,0.7381587840953299,0,-0.040202553440692214,0.16255969911060233,0,0.6410803817933469,2.2726635571367226,1,0.6198194579823486,1.2892206994239186,0,1.4503252346412336,1.6772185785079774,0,0.6485881283541849,1.6843467524804938,1,0.21551307494383173,0.416528666815365,0,0.1380292599578231,0.23224924256591784,0,-0.41366081745757455,1.1009753046390705,1,0.6358510953134136,0.9482650054859246,0,0.4656070529905009,0.9937599969300179,0,1.112265929296895,1.3104603449049275,1,-0.03260774757111342,0.690913127432563,0,1.027477064996938,2.598525461092015,0,1.705014145349973,3.879099068154039,1,-0.030463486535787974,0.31704373207358655,0,0.16116790120316113,0.3425325357484769,0,-0.2463195350940544,1.056862728185239,1,0.20560802455796962,0.25683774361288525,0,-0.16488520049893324,0.27607360648865703,0,0.17359732772000488,0.28158242520760174,1,-0.6710572100607723,0.8006778181924449,0,0.2991869301312577,0.6573690486761292,0,-0.2701435397618624,0.5703900159916127,1,0.37847467495976117,1.3163215368766574,0,-0.03285309915295122,0.4712629210177516,0,0.19363260262009335,0.6605553126917243,1,0.19692668848948675,0.20605938159341006,0,0.24742286815050357,0.7020864447399896,0,-0.16764514185342766,1.0370227787123616,1,0.6834470025568573,0.6589176730286891,0,0.17065812208823833,0.4806875972060989,0,0.20054889440901427,0.8811855991596633,1,0.09375386006359845,0.6761423828781569,0,0.43299194120946816,0.638519543532907,0,0.034583802889198864,0.14936104724627747,1,0.13276885696354124,0.1670656696597426,0,1.1205361901265387,0.8201501047674854,0,0.182036445404369,0.8341448995635193,1,0.7334697902982124,1.1487137077630365,0,0.08157334542850073,0.419302189474595,0,1.8416923833369405,1.942863439196944,1,0.07862342750492304,0.5157793543546922,0,-0.009532215510387554,0.21185288535742666,0,-0.06615534936452731,0.3842997700341006,1,0.33712433485745635,0.9281285035835993,0,0.41861858484965797,0.6883700087276524,0,-0.23031382734642208,0.4344460133309419,1,0.13381783278461487,0.8859095340052766,0,0.2239785948502661,0.7376171896870969,0,-0.1695324219667147,0.2258867052700962,1,-0.014269608693628606,0.3700401985518289,0,0.9898190177979969,1.5726478294097845,0,0.3114319259689827,2.5025913853935924,1,0.029473250045369125,0.2247272554309758,0,-0.32162291778301527,0.7392466046566236,0,1.396965734895499,1.4821944724841105,1,0.4106217585128983,0.3118142148370094,0,0.7528089548271583,0.49443774552855424,0,-1.06645512322998,1.8924830311306873,1,-0.07013196929712899,0.26788826858397224,0,0.643489542039201,1.2206515137181198,0,2.282484529379915,5.9904829296983495,1,-0.6385194222330693,0.6135379435576982,0,0.028532499362871278,0.2587160925167951,0,1.810321560882829,2.2073513211557416,1,-0.20617122413525787,0.8668585858145182,0,-0.22289087503567057,0.9357014698060515,0,0.1696825320129293,1.1999984787823876,1,0.11514106453309188,0.19551739657701295,0,-0.2329057795628556,0.6483149308933642,0,0.25969200453217944,0.8384087898518536,1,0.12809253083040012,1.3361996937310976,0,-0.014432360467392158,0.3731696894335422,0,0.824607050089129,0.19551359677572747,1,0.05477166160656884,0.06000036411582706,0,0.11369787621803955,0.45435887630721733,0,0.2380825712202988,1.1505251987304517,1,0.5187207753026849,0.6291772261726273,0,0.114741609984088,0.4959274592288881,0
113,1000,0.6,rf,0.45417237091766277,0.010647422201540304,0.0230991018846953,0.02084404106134386,0,0.14046740355414117,0.09516317416906359,1,0.060429001381540656,0.06687514500194794,0,0.022317896563720567,0.0424465327917882,0,0.41544110310760124,0.04750104618900166,1,0.2604834985713372,0.04740593970907157,0,0.09840327464282664,0.05959201557027008,0,0.5866220419075698,0.2107906137249007,1,0.19225434451081505,0.12176054804660558,0,0.06660480334782544,0.0945485665609173,0,0.1722413545254207,0.08640035700611881,1,0.12693448475772479,0.06530473722734327,0,0.07010156081802607,0.07573722776999804,0,0.5146220486744075,0.13856687227808104,1,0.1776860779273745,0.16080745654468329,0,0.12034232402149661,0.09434286614583219,0,0.371436280115936,0.14843442282598926,1,0.3654308656402935,0.17781645619269307,0,0.16303833918930635,0.06313352038138378,0,0.26537776906154226,0.0954975514045546,1,0.07062696740953556,0.06714517709504952,0,0.10015137003054349,0.06935677353902883,0,1.2591453995965753,0.3294354529160804,1,0.11296304968873964,0.03521941941935496,0,0.17182955121087018,0.08274915905650784,0,0.5836552755097405,0.19790857775337667,1,0.040804894001819476,0.027811693593429193,0,0.08794389299382924,0.059346752199388966,0,0.27964292726490525,0.12985320088128285,1,0.11396103880545864,0.040536255279141786,0,0.3089698169699588,0.053228939530704476,0,0.5084688484856991,0.1065273446041382,1,0.04205339379141034,0.06315503084349237,0,0.21921104138984834,0.14996996957992506,0,0.8480295839712311,0.2277289976194641,1,0.06426685711699964,0.0644199076638589,0,-0.0014191402837448945,0.025671654175854996,0,0.17725937642354755,0.08753848871516436,1,0.04314530595456693,0.036554847593521414,0,-0.018391868567318607,0.06659123306088663,0,0.40778529832228816,0.1637837790315971,1,0.12902302975575902,0.062853612113979,0,0.1309241696806993,0.07541768062349118,0,0.18914755852275716,0.09990957991977907,1,0.0700418372093081,0.05152028610309542,0,0.11573445963276656,0.06949504556856993,0,0.1481683505446921,0.10540386194685332,1,0.07936565167067683,0.045932002721708706,0,0.02123414176123816,0.04855564082012451,0,0.09607176761472982,0.08905519178149651,1,0.08671057245757953,0.05369381767211578,0,0.26732924503794664,0.08545882170006988,0,0.26202601246440427,0.06310458768419897,1,0.20841407620316582,0.12382379720307808,0,0.04074590465521806,0.05786855056896064,0,0.21531731781598965,0.04634096738610695,1,0.06491152688265577,0.08664540947547004,0,0.17837477134895613,0.13300501249690372,0,0.5337021420140539,0.1371751222496029,1,0.2608481608571389,0.09852137508194031,0,0.03021096739420982,0.07429627271378163,0,0.31470017672907236,0.14488674270690113,1,0.055388328849347336,0.03926650109743854,0,0.08631778850077768,0.047564132324247166,0,0.1885261796432432,0.03535200948282493,1,0.23986875581621409,0.07583066584820453,0,0.12874454917108974,0.0783192109152741,0,0.5705904158392654,0.21449034394028216,1,0.1526489019472748,0.1144974143964916,0,0.0801858810559809,0.06494579516844448,0,0.1166801529640468,0.06571624373602908,1,0.06866477721811255,0.07105632814892762,0,0.13212709219688545,0.07638732082390123,0,0.818802660291243,0.11766147586147653,1,0.101958667716022,0.04224330220516206,0,0.2573535607197672,0.11711977034534765,0,0.3851806850429555,0.13278205335143156,1,0.16112255755008162,0.09415303665002031,0,0.1947335948581466,0.1149157922828984,0,0.4887164724174111,0.19326684851872966,1,0.16191119298293305,0.10417424469919159,0,0.23554698696067283,0.09784239716870757,0,1.0812614895241237,0.3286702658301052,1,0.009447972227623253,0.04365897017278155,0,0.14206163852891499,0.024148919938347432,0,0.9669665357812247,0.20259341658296456,1,0.08356166226263467,0.050677937125812526,0,0.1429719563756783,0.11453650611730631,0,0.22869978529735846,0.06790292646666177,1,0.12145042161875905,0.04445948472792784,0,0.20218921814593233,0.06552581725507398,0,0.7403748356581359,0.3309347065071454,1,0.13152809813735705,0.06524585223243154,0,0.12857990430271998,0.06997567387399771,0,0.1742606169760808,0.0656506616471273,1,0.035935986493683056,0.07719598245427021,0,0.15255487978684618,0.07560774950837168,0,0.42604441125323705,0.19939443227061923,1,-0.027410463883223303,0.024441541489246328,0,0.005968975137940858,0.026518431643492817,0
113,1000,0.6,et,0.470380122354659,0.015435723371856775,0.010885025432284692,0.06775175851712291,0,0.2189920743286972,0.05968020176977221,1,0.09210698848425758,0.027546464875431647,0,0.07956727991570742,0.09786616851504656,0,0.5452081508914558,0.07846764963643346,1,0.3255436801889351,0.10322062765635819,0,0.1384881853858267,0.036162259365559495,0,0.5447920245567165,0.08113909761084426,1,0.1853984453520181,0.10819757888262578,0,0.047260052118979615,0.028532993414949172,0,0.14042316289640802,0.09005168716875449,1,0.15958344179286715,0.11495781529021837,0,0.1371985908858512,0.09607298935621167,0,0.6450171558653459,0.13376108636781356,1,0.09669156556980293,0.09178926639452581,0,0.14493760850025417,0.0525024074460458,0,0.3795658471377501,0.10378124895887172,1,0.29438976621105795,0.21073169869061106,0,0.13272749831551128,0.0825517796526006,0,0.25060579481055856,0.10431729372510185,1,0.04228170308189459,0.0551482375911777,0,0.14417440930686692,0.02736445917314302,0,1.222058715200871,0.4048993051834296,1,0.11538981578824856,0.08350110050616019,0,0.15766442177874893,0.06772327473194711,0,0.6116827803705791,0.13576134454393163,1,0.0837187773648282,0.0510634509603414,0,0.11943894934142488,0.04804149645460242,0,0.2952846388667975,0.16720382998662328,1,0.09652646745207823,0.07077852573985259,0,0.19286528884938187,0.07557556367220492,0,0.437463518586921,0.1393098393540609,1,0.04567500921153641,0.057085100383009006,0,0.2247756163075807,0.1661886242472451,0,1.203465414057163,0.20832997986344615,1,0.1305706876757665,0.06773750809930096,0,0.07719204391541196,0.08507715966228735,0,0.2587599350106227,0.06631650169220658,1,0.1116461557744051,0.08581335955528908,0,0.07074068928743457,0.0445695706252616,0,0.46261260770790197,0.09868372291347921,1,0.14714649955327663,0.13089107437476616,0,0.12876421786229367,0.05528611194757891,0,0.28998058162696594,0.06770780510951166,1,0.0910213951034626,0.08628883895846103,0,0.11714928526161765,0.05707359149852124,0,0.21542297670110577,0.1338876902373143,1,0.11869853145494624,0.04367684526876492,0,0.06131186803553461,0.039085771000703325,0,0.11856238383897315,0.057427842719021044,1,0.03446055313816602,0.06489996018466845,0,0.25835211708544553,0.08210633381475216,0,0.39757279871641416,0.08556910993112113,1,0.25410678941057097,0.14762186595526042,0,0.0709503435168134,0.10411227669272483,0,0.21130800817814013,0.056755711217939556,1,0.10295976446871787,0.08406228076227987,0,0.22859516386821127,0.05761893176665521,0,0.5505560566113783,0.14788725122239094,1,0.1670375456039406,0.13298348074335822,0,0.05518025153779697,0.04668812044908827,0,0.31710040034723874,0.10199680497652204,1,0.033223410443765686,0.07709815165596706,0,0.05567592098186471,0.05976352827332181,0,0.17718565496480615,0.0957254305971312,1,0.3112486639782578,0.13366180711879816,0,0.16113525146279584,0.08588951085423263,0,0.5375894223968604,0.148626638700229,1,0.21217530392249193,0.06160930134522461,0,0.11603596017025837,0.0337945622111581,0,0.19448487029097128,0.07630664056297952,1,0.1189055751539811,0.08432385117733544,0,0.13459671280579352,0.07338660848204187,0,1.0976419930254744,0.105102718856862,1,0.16458664018158653,0.10176324510349606,0,0.3335924624907718,0.13569491249664983,0,0.39719570792686176,0.09608993580712658,1,0.14869932993331997,0.08442619439362403,0,0.21811105373382658,0.15310401282891525,0,0.48765907504972095,0.16132615216053617,1,0.17554713295175445,0.036128236099245904,0,0.35296483820742763,0.17009879771051528,0,0.8517696512014666,0.19335221360471833,1,0.020182141595258912,0.034649644730179494,0,0.15749142170635982,0.08545611567976728,0,1.078913568901641,0.24314182315262348,1,0.1191168553694512,0.047355079070208736,0,0.13210797168420513,0.06735125365261434,0,0.15097445818503832,0.08445371394052834,1,0.18365354375375995,0.03878785693761104,0,0.21420387419578546,0.0555436725875633,0,0.9922158433012042,0.26411984594476035,1,0.11065351199797616,0.0874628029665346,0,0.1832932582897397,0.0639440861098627,0,0.14967823447238923,0.16823246864575073,1,0.04458303014608724,0.030576747804853765,0,0.08844563223460031,0.0248791819531278,0,0.4206880003573681,0.09913909287060281,1,0.01731145095065527,0.0513266228566209,0,-0.005261336570887863,0.05557961196261455,0
113,1000,0.6,gb,0.6180285367851658,0.02889755365928645,-0.0018847163149815743,0.008161529328415185,0,0.6529192144398132,0.10776235216954891,1,0.03683782846979584,0.06208232329858921,0,0.001478665836757088,0.0068964328889572655,0,1.0107476302215963,0.17158662717653997,1,0.12368816809081522,0.11538035653913901,0,0.12818029286064325,0.09141314513952135,0,1.0118343221937676,0.28916144495597923,1,0.12506070259130736,0.17513839562216457,0,0.10146438081877902,0.14076933866755942,0,0.2823830245555115,0.0994989560635402,1,0.17715900030630402,0.12606505033549656,0,0.09518884145193887,0.07921265514662602,0,1.3836477077932585,0.49643690340176244,1,0.07228791701873909,0.09548942075079539,0,0.1468269944119561,0.052106539662664784,0,0.6529278653477133,0.3505613525110072,1,0.3576011865470888,0.09711037610743653,0,0.056533243301404044,0.09856284430221234,0,0.73390817511359,0.09447150190688663,1,0.05418205778929054,0.029094976995300496,0,-2.8187361643105395e-05,0.01740341903743713,0,1.482036883343763,0.44840845654741746,1,0.054236657881739966,0.056653482958868795,0,0.1897362599594148,0.14909059362898258,0,1.328564206771133,0.3560379785726998,1,0.015603674817506246,0.0185940257485317,0,0.07304105081220484,0.050545926843336995,0,0.8038661464265908,0.36177923012574087,1,0.06875799843652222,0.06313824237399651,0,0.4496276004336178,0.21417334304253585,0,1.0440029564163917,0.26019888695481536,1,0.002381806983885653,0.009838833473388287,0,0.11878164811847747,0.06366939436805633,0,1.1055638904234961,0.2797105011687998,1,0.07292628746734217,0.06912928326009646,0,0.03894348985401993,0.04729465496729092,0,0.9500230506744034,0.2727136039690423,1,0.03484176573808159,0.020521487712072108,0,0.030171549672777475,0.0507845152131096,0,0.7814215979318293,0.21186156837843392,1,0.10344102000903828,0.07668263776886919,0,0.09794381571643826,0.07916965253052548,0,0.6342973991540684,0.043179601477478076,1,0.07908373308838265,0.07519948715389572,0,0.01302693218022101,0.018521106722712306,0,0.5262965838846905,0.06410496494866244,1,0.08097323352336697,0.06579108987655857,0,0.013529022716292517,0.016990012200114358,0,0.2610549251451132,0.12430445664655389,1,0.059208461733340004,0.04753082673617538,0,0.32682101772455996,0.0877747280891424,0,0.6483839998039527,0.13216187159221096,1,0.17221727156661631,0.14111759511014763,0,0.04882914821716494,0.04062726952102456,0,0.532149237145107,0.1289510053897428,1,0.09413655390837365,0.033965452365012944,0,0.05620112313183624,0.107130467022747,0,1.1769247882024048,0.3281241134679119,1,0.24068051693828893,0.13813978850122358,0,-0.021047629411341418,0.03538339230256171,0,0.801951707992765,0.2519275014378677,1,0.015082857490467717,0.018124027693290398,0,0.01647860371674687,0.013301817527005102,0,0.3184602925074688,0.13190335164502703,1,0.17317378620427454,0.18635217949728555,0,0.06963470108527135,0.06364461323136071,0,0.9852436698815605,0.15926707026738524,1,0.282194068491494,0.10565984458222255,0,0.03550682608587562,0.03189701020647412,0,0.4473399249928641,0.15902696940869948,1,0.11183010428641502,0.0716349228472832,0,0.03566532704737926,0.10208899360352999,0,1.5559303651420897,0.4118125714649132,1,0.03814636652719424,0.04081008807650089,0,0.24005330576520317,0.1477140596175596,0,0.5942592952725343,0.18602058779528818,1,0.03216580985531462,0.06739065868844449,0,0.08076496226962956,0.040095172335476534,0,0.8619008472162246,0.14875391568788826,1,0.04843359592651929,0.04857705723943868,0,0.03694116287979264,0.029108788201214326,0,1.6727456533127267,0.2066236031626187,1,0.019639170198819327,0.031723011249806865,0,0.04829961870631039,0.12188102761185189,0,2.090297022124445,0.34995311541908863,1,-0.005969743448987416,0.017392587774704562,0,0.10199599166384962,0.08399609755686754,0,0.34691975406615666,0.19274837186768087,1,0.1360386338695438,0.08409285513819306,0,0.1290554860558604,0.1096030539617781,0,1.4099644895543884,0.12439611760689476,1,0.025868609568588913,0.02138519286421898,0,0.26732031919943766,0.08550706746161314,0,0.25978449861620106,0.08507517824702983,1,0.01481536873871538,0.026377514087256443,0,0.06956658402127033,0.07433460341856152,0,1.1985886357771627,0.41626360960704406,1,-0.013331877052069202,0.022551772400697088,0,-0.0018302633187764314,0.006134120259315215,0
113,1000,0.6,hgb,0.6215461946236461,0.017218684277945037,0.06223066256884062,0.04496591159189737,0,0.6308375105037559,0.17816818211574373,1,0.07974495519763754,0.0597478914940998,0,0.041059717953007335,0.06349427783096913,0,0.9785502323612045,0.2907497445032261,1,0.24494095896172893,0.12694550341040461,0,0.08474796325555334,0.06876072732207471,0,0.956203717974806,0.2045254448678919,1,0.14678457005153905,0.1003874657209725,0,0.14652431728724885,0.09422725408570817,0,0.19380391562718616,0.08921407847864515,1,0.1998094123824046,0.08386317287694096,0,0.04518099283350906,0.1270792134772042,0,1.2368794691385634,0.6195106875171817,1,0.1856289767493928,0.1649402086091867,0,0.15734906210009175,0.11288480131473116,0,0.5253960585190505,0.4130725065148329,1,0.41245113159063235,0.11640633368152982,0,0.07699481854936745,0.14452410730783855,0,0.6321052983814803,0.26269172016297676,1,0.06419966683339878,0.04658663918716004,0,0.06787866305882059,0.14710750317517923,0,1.1135678527150117,0.4292144645058682,1,0.031854911036958526,0.08307424912148793,0,0.3035173986865648,0.22638794773822934,0,1.0819251896610553,0.36970886984156875,1,0.0696124176072417,0.04232253810640988,0,0.0431477072173161,0.07537284401761242,0,0.8422876816828617,0.23382279822888247,1,0.1336560831760613,0.06237480712873149,0,0.3780491312527149,0.1594569795332587,0,0.7881944102305873,0.11553561054740064,1,0.007113140596672764,0.042195571076068715,0,0.14792675815813666,0.13427072850111413,0,1.3111750104691482,0.3847471661425447,1,0.06322154406530987,0.10012419489488099,0,-0.01192640063414326,0.05284763190272852,0,0.8132413246703118,0.2518091558696029,1,0.03763413092343719,0.06313061389983615,0,-0.02282564863384279,0.0548441579969294,0,0.8998994451783242,0.1942047241689208,1,0.13616104080439734,0.01089608241174445,0,0.09624521031914535,0.07845406907493593,0,0.6604506932866869,0.05996855462937988,1,0.11201667995174192,0.042698891607884974,0,0.13012662358589736,0.07997672421527964,0,0.45949811056540185,0.22578297203165704,1,0.04559149389491586,0.08532264452561596,0,0.008879922145215078,0.054131053457006494,0,0.25206255075833495,0.19763213934199408,1,0.10790527201927831,0.13549955788256815,0,0.25168490996723936,0.11140102595223705,0,0.556667893987271,0.21047426608616843,1,0.05591355298138924,0.14295900482053767,0,0.13730768800964413,0.16021917871038469,0,0.5506953762419238,0.206592275508966,1,0.028046746795000188,0.06022634866737063,0,0.1326455102938359,0.10060924526629589,0,0.9873785151646599,0.3018313557273324,1,0.20233462159218646,0.08412465401212137,0,0.035557713811238484,0.025863087098797404,0,0.68151492580908,0.32170295842536006,1,0.021826504000266,0.04301276277298238,0,0.12544600740251433,0.017676434798605943,0,0.48253959743467867,0.09038199388772616,1,0.24348255969798735,0.14213662292959178,0,0.0929724079579298,0.19093101700586798,0,0.8390573404791638,0.2020646442415705,1,0.19638258746161802,0.12125247086529534,0,0.11505855189336238,0.12877624851143885,0,0.46589553142842244,0.10405481506910123,1,0.13842634952117946,0.09707137891638001,0,0.041500902149993794,0.07056933843959659,0,1.4465833172187472,0.11031058646753289,1,0.05216311944958181,0.022604001614714982,0,0.34838323375641994,0.15763010026878313,0,0.7434687335756964,0.23081953683311435,1,0.08767873847906023,0.07529845745273209,0,0.10062688461312033,0.17858494928198396,0,0.7175414993846542,0.3599446736862007,1,0.12464570748196827,0.07484198373445451,0,0.0960869641777359,0.24016269221871034,0,1.3720135407138643,0.22225498497839888,1,0.024118185320621065,0.05578577529984143,0,0.13279626278153403,0.10881112999217511,0,1.5456488253587701,0.41248318023820746,1,0.03933367587113742,0.036978570667547686,0,0.147872238568529,0.05875554751097328,0,0.48366977212752305,0.2016213889744967,1,0.1447871092428911,0.0854912516422099,0,0.18597180333343796,0.12757390884866782,0,0.8893699106839135,0.21547577285515007,1,0.0660274944072644,0.0849404678221629,0,0.22873795247231882,0.19703860262905643,0,0.3501958941477575,0.15022690480765497,1,0.04503560643071754,0.05345522506703851,0,0.18065112511488884,0.13833664139086987,0,1.1085142032324686,0.3039684138141153,1,-0.0011391982893114952,0.03687768418526621,0,-0.0079520217962109,0.03926001856208448,0
113,1000,0.6,ab,0.4466890710559449,0.030764359635856806,-0.02399889331504767,0.03618675946825262,0,0.1404893871382707,0.08250918581977267,1,-0.008854546815633527,0.011839256834988121,0,0.042395925462054306,0.0446186089434541,0,0.6693231856219217,0.38754211313326,1,0.3431361526272291,0.2593912034461078,0,0.04791326594960194,0.17583136266698637,0,0.39233676851946303,0.2982070209808567,1,0.17067434509869667,0.1515324182350427,0,0.05044703764207174,0.0609880000053582,0,0.07515258441970128,0.06969074605605179,1,0.3457706120717975,0.27111673154515,0,-0.13911357817074926,0.1620442679157526,0,0.9485641509582491,0.5877878202295619,1,0.03987153132469929,0.10209106771835558,0,0.19686607537611228,0.24679781653828559,0,0.36696201344845203,0.31868251925308033,1,0.17398912838432096,0.1757537762922218,0,0.21853349258131477,0.27514149063442184,0,0.07582560808367324,0.10147575318016044,1,0.021371666403278877,0.10049951013011542,0,0.15316025899001331,0.1737174171644006,0,1.0678732741182846,0.48231841455706637,1,0.014682968105462694,0.07665711674076597,0,0.19076596583828637,0.29462763733545483,0,0.7047419432930224,0.40767258681176993,1,0.0023061781134559034,0.0754897492195268,0,0.03171875032331158,0.0896871855143165,0,0.5633754264950003,0.4164326655462837,1,0.12017311485102895,0.1295642159659757,0,0.282587303937495,0.2803853160061716,0,0.27392956808968394,0.10655893925077048,1,0.06546862022899205,0.1064202124737067,0,0.043447214641177144,0.22762514820138793,0,1.2827382769795166,0.630318395213062,1,0.022522210984885462,0.03236803982089085,0,0.007966777105309063,0.022496628983682748,0,1.1929213647089054,0.31459787282068136,1,0.044591641701804,0.17762972730478085,0,0.028955449376861307,0.0825258890150249,0,0.35361531688721665,0.08002700404837086,1,0.013594853424906747,0.06717692500082956,0,0.07245635236985545,0.06028085266528465,0,0.594169179051898,0.43793020467703575,1,0.0954950058906501,0.10339298819185994,0,-0.02362618967985965,0.04725237935971931,0,0.48718552113181407,0.5853788041952761,1,0.25800509414662004,0.2529934465832099,0,0.0,0.0,0,0.07794308154510829,0.08816021846199674,1,0.04166736205565623,0.10663747931294516,0,0.32096749201401464,0.1597588902564236,0,0.6337381978319065,0.19639846426126942,1,0.18699511692381438,0.17451127096625954,0,0.04826867782783445,0.07212030370557154,0,0.2237358802991818,0.29496736903180576,1,0.061415460135720135,0.12544168581722007,0,0.02938174536600714,0.09752112366672451,0,1.2610872609547708,0.3863930420023189,1,0.11064207642341062,0.11631313693796591,0,-0.0037694341879075943,0.048140616892460644,0,0.3796698964097121,0.20770281017486117,1,0.04973417210314278,0.07400595781754164,0,0.08540786155598051,0.0975978154684304,0,0.007189017434489936,0.20813028348652657,1,0.2744313989170494,0.2642243785506004,0,0.016807633948643257,0.05669211875761245,0,0.8447046628020084,0.4705867525528476,1,0.12829484700436053,0.1206893269330691,0,0.025850003431463646,0.05170000686292729,0,0.2545794470486161,0.30551455434878905,1,0.03005298391334375,0.07041889772258118,0,0.012711084942977152,0.058573896563358846,0,0.9371717407061114,0.39146263941044235,1,-0.006645772651476504,0.0577431231734339,0,0.16806661663808864,0.1885018916827697,0,0.4810115746645593,0.19001252363181867,1,0.40615675023175085,0.3535483891076546,0,0.23535522576645085,0.2624878681158568,0,0.29290045635291667,0.06708695745914105,1,0.09816204045250351,0.0937367516670425,0,0.06852272507641854,0.17064411235877958,0,0.7527296216339011,0.5566433346250902,1,-0.005562364694306992,0.04129007580005269,0,0.04532451559661506,0.18459908666647065,0,1.8663606555122463,1.0740302277296516,1,0.03668911306868682,0.0403634191927012,0,0.029482019266064585,0.05592441652853056,0,0.24844181331450618,0.23242174383387998,1,0.1583416465816096,0.22116979621049204,0,0.1136229763999205,0.08539718573197222,0,0.8957878733390088,0.5047571957043453,1,0.05030261309334529,0.07045377679073665,0,0.16244795966080983,0.2438330570201026,0,0.12937221184023145,0.2630495331060122,1,0.044910598402566476,0.08982119680513295,0,0.0723732311887069,0.0628998562720847,0,0.34901444513356544,0.36522922474009645,1,0.002475312994804894,0.029270854565014055,0,-0.00813874530525402,0.01627749061050804,0
113,1000,0.6,bag,0.391174947411172,0.03676198625116524,0.009310781801270904,0.05829315972266992,0,0.10612067847401799,0.2450299895732017,1,0.08796181495464801,0.2303004051662338,0,0.04859964410219236,0.10118272604716076,0,0.2960508104623526,0.23172146775554353,1,0.309889791633338,0.12048786172357798,0,0.25330942756259195,0.1385115025941016,0,0.5438870983059252,0.5610367396225413,1,0.4533980848921737,0.5757681236900537,0,-0.013820731257823493,0.26651369034350697,0,0.20010501411768442,0.2123209132685058,1,0.0008777167119041363,0.30741188875950576,0,0.18960711517633694,0.19700948437954044,0,0.560973378861425,0.3997387679800692,1,0.25513103005903737,0.6133383752765637,0,0.05698426958688666,0.18914404343303176,0,0.1542042906113474,0.3448904309836802,1,0.5625760829874026,0.3070970745565498,0,0.08048454828921188,0.27431717830966595,0,0.005207707600294059,0.13451334276862292,1,0.16294852408947852,0.3016752719530815,0,0.03331616412814223,0.16642866906237683,0,1.3933568599559487,0.7762675658035515,1,0.2327899706905005,0.2460989982185308,0,0.41103785728005454,0.2993679562445059,0,0.23818036477645305,0.2777877427883208,1,0.09593160177303058,0.09900549039695745,0,0.31783885232523557,0.2771345767598839,0,0.23795093245293755,0.17428010109144246,1,0.3861913174930038,0.2484205573210942,0,0.2664170375553361,0.2644780004262209,0,0.7080102989873351,0.5856165258440232,1,0.11007479017734192,0.17851598587122208,0,0.309075426290843,0.19821151269453455,0,0.5739314163304103,0.8418547431136965,1,0.12943734178473346,0.25756212272977314,0,0.003983971933112068,0.1863192754559057,0,0.2148998791318796,0.3128630577626173,1,0.15266834295495077,0.11809747743577102,0,0.09173594528967213,0.12759756785805887,0,0.19659491492941675,0.2840830304759468,1,0.07496966459146145,0.09131414208541291,0,0.20193899442186186,0.21873905266637012,0,-0.021638993881514697,0.1599151898307115,1,0.04584618010244611,0.19431744008064167,0,0.09128779825633307,0.15785567322795768,0,0.2525201460129143,0.28588425147119995,1,0.1296471767142853,0.21121707753358915,0,0.1813654834024714,0.15673565437085518,0,0.006800736941593855,0.2981369271159135,1,0.09577245394683224,0.15293256361490723,0,0.08895811886477337,0.06483676150502028,0,0.4352169194454321,0.5040110125530425,1,0.2608444391942812,0.4157241278741602,0,0.0663889682746061,0.325118696822949,0,0.18330366816548063,0.2981551063751172,1,-0.05471657667138896,0.1815951422793807,0,0.10384457075683877,0.20798210821850488,0,0.8303467300585148,0.24184905562268477,1,0.17648540282404865,0.1645507936518513,0,0.002277766148477867,0.173418014999807,0,0.43858775184166177,0.5145349190684234,1,0.12662538525365238,0.09705518950236294,0,0.14614730241457716,0.182134416706912,0,0.1558887808565528,0.08570711984350471,1,0.211164607571494,0.3275714621979909,0,-0.10192923613807126,0.13684666896968514,0,0.651297603186275,0.4398094209480823,1,0.13515948899371505,0.1715394137004959,0,-0.03374655911379857,0.057553405673405104,0,0.047985955223202,0.14016511143051205,1,0.029799403704958916,0.10255213894939078,0,0.2676957550584335,0.257269727485012,0,0.899255824889814,0.1675459615098211,1,0.1099788066878022,0.09254198676288942,0,0.373004038552852,0.30153552313094456,0,0.49707595987198505,0.08663668484827773,1,0.09734623718656465,0.26891386048276905,0,0.3227579188908803,0.2188230668057849,0,0.5427483458948374,0.6967373686851521,1,0.09464867397102639,0.162413572918858,0,0.2830961465607379,0.1965979921518626,0,1.7343326169664863,0.5550208892525068,1,-0.02147991759989045,0.20203527461302678,0,0.03845497485655292,0.17309018792687306,0,1.2147950895095345,0.6818875464714196,1,0.11129168579560492,0.2432238571206444,0,0.17964952747660803,0.25104923397722584,0,0.23103562090434876,0.1161035455975839,1,-0.001427781903955322,0.14220075172813942,0,0.328283601720079,0.18604858797652937,0,1.0323863486303906,0.4981165622914859,1,0.29055308232344607,0.36933991649714426,0,0.21612598639396277,0.13409665504028903,0,0.12956709835591185,0.126539304687285,1,0.028201324053309447,0.13581134369465606,0,0.023665173915564088,0.3030928545146715,0,0.5128513862986555,0.1541273421368963,1,0.06290104189704837,0.19438826896629074,0,0.05410976516038664,0.09087867422278288,0
113,1000,0.6,mlp,0.959901550595414,0.004934684872132837,0.002047709389313746,0.01799290738836502,0,1.7442098448630499,0.32239048470066567,1,-0.02408907157731723,0.028404011497201922,0,-0.004183031408735294,0.022510817695327093,0,1.867865519286785,0.24693766153528396,1,0.011810543380196003,0.024795359064825176,0,-0.006711191685137107,0.01700432790301167,0,1.5517300977238464,0.060671174840704466,1,0.011033418665034617,0.017633265305030926,0,-0.0019175529681076582,0.020128668229697985,0,1.498657622752385,0.1843123800667595,1,-0.003522361282981979,0.03025681355008425,0,0.0018375952096529639,0.02029525771817432,0,1.7049837668984715,0.3940281570073236,1,0.008848369169178017,0.03837925126196424,0,-0.002670679208708142,0.028788049032088092,0,1.2590080141920421,0.2436464066212574,1,0.00890941886031783,0.02643999060563729,0,-0.0030057403406520307,0.027722458788605547,0,1.78799435402577,0.24035525548480394,1,0.02653036904894507,0.03617169010205692,0,0.008078804503475468,0.00852379856844804,0,1.8342560984381848,0.17210244749364753,1,0.004979551529787483,0.010542252316411888,0,-0.0012570586871889743,0.018136395661473417,0,1.8186105172527731,0.14216043313727184,1,-0.006012790353972723,0.027003511495202623,0,-0.015253858322748065,0.01750810464304218,0,1.836820698107988,0.29821489453685235,1,-0.0029406720884632863,0.016571968153348167,0,0.010762229892027044,0.04159192097888698,0,1.7234989858629788,0.31424096665369244,1,0.057557827227181876,0.03139270214520385,0,0.026412388511445915,0.06025672726411197,0,1.5394099248980564,0.13315755150839456,1,0.01469104076933323,0.02082088629425786,0,0.008310093469018068,0.01179098135944985,0,1.6388940682875102,0.17353531261179989,1,0.008265601594020535,0.03467920720116843,0,0.0021641136099840837,0.01566099771570024,0,1.744291303406855,0.2545863499563811,1,0.004445742051868774,0.01965176961366686,0,0.025680632225455663,0.02380174892737228,0,1.7549487421560273,0.21587460946394213,1,-0.020081261355689717,0.01829706338390014,0,0.024503004234577245,0.008427051859409635,0,1.4807560974813605,0.1839694233123602,1,-0.009046778914605588,0.03183299588499526,0,0.008604643617302019,0.024557096482882106,0,1.9471633439338576,0.27854624020132907,1,0.000353114356275515,0.007445135397160777,0,0.011374415303555572,0.014915980922923051,0,1.1861086742957143,0.26347116957915656,1,0.03753444997159723,0.015183389627703311,0,0.010989807855541019,0.02740834154214641,0,1.6393742057817113,0.228813000995857,1,-0.015860960335137824,0.005381094889697579,0,0.02986703851303696,0.016959520897555334,0,1.4045530256095238,0.193766835206306,1,0.015456035904190141,0.016275661583825353,0,0.006901774568582696,0.026297275202884426,0,1.6605905630938007,0.3014484754209794,1,-0.006137705516816431,0.012124005237692557,0,-9.235403968962316e-05,0.034629622926255314,0,1.871290402490486,0.259696377694702,1,0.006307910958023849,0.019278637720649472,0,-0.004922712764510836,0.023284731413529883,0,1.8781191583154073,0.25267559469807166,1,-0.0033350418606790757,0.023609755176622914,0,-0.004053528304500391,0.008110461084777806,0,1.678238271456614,0.2531985553624296,1,0.034357800567860544,0.03885680514792653,0,0.005644979626785482,0.03673645144462154,0,1.7029135960524535,0.07196845307201832,1,-0.01591433077994207,0.020160329547764925,0,-0.018134091677399395,0.05409787183736126,0,1.6667870134271254,0.23614259869120732,1,0.03190281582611754,0.023221200291661828,0,0.027912498225953965,0.02496107060999512,0,1.7344943519978848,0.1706252032274846,1,-0.0011976712779975037,0.026664142300362806,0,0.012467935972846868,0.01757067087484792,0,1.8567330038268437,0.3100237127509798,1,-0.008771533450183572,0.023909988716358393,0,0.026897989519156285,0.017880917774528365,0,1.7728185697503906,0.3781623964679518,1,-0.0051119940044262934,0.02638597660315322,0,0.031250537818228036,0.028961781951289515,0,1.5652403835750284,0.20846734669626485,1,-0.0012094715999574914,0.04314966128648261,0,-0.00711404808145463,0.02314065479337691,0,1.8996887309379744,0.10858885577911961,1,0.018582168202122707,0.02602926283718008,0,0.09093735104367785,0.03350748280322938,0,1.5369505036232696,0.2641333416303937,1,-0.0030001155638093788,0.015776049692443755,0,-0.006098613185772912,0.018249322025864188,0,2.008905036339651,0.2542060046454597,1,-0.009436667521791217,0.022890565101925754,0,0.04414606555749558,0.046425435411737506,0
113,1000,0.6,svr,0.7353880102572458,0.008971483202199199,0.10028919796403393,0.0467840068331693,0,0.49155933289981046,0.05801545692586676,1,0.15076343391245742,0.08295802434273153,0,0.04998049841096493,0.026911100840921204,0,0.7032984451470277,0.061822027355298306,1,0.3417570638738081,0.04210647579703099,0,0.19112762377318046,0.05817411453407537,0,0.6808271431828763,0.14109931644246476,1,0.15604236103975774,0.09502648690170379,0,0.10614487519694407,0.04222127159237191,0,0.47462852326819804,0.07738776533652658,1,0.22338942796258685,0.061539756642071695,0,0.20249625884484218,0.14872150403390536,0,0.7426808757914876,0.2851619429921265,1,0.18225427807819775,0.1170772282296964,0,0.15349358289612297,0.08110822343566615,0,0.5901069549124099,0.21654221998532627,1,0.2852071827702919,0.08699390056457783,0,0.08482602927279896,0.10411973779867767,0,0.7289426276740605,0.1262573893184124,1,0.1803367683291373,0.0749778704470593,0,0.19184897502954387,0.04137357479141832,0,0.7599775813846859,0.07711792155603436,1,0.1917840904300906,0.05382707800520152,0,0.15181409005295915,0.0876393120601501,0,0.6092133156785037,0.1401437669019517,1,0.11924804576069994,0.05964135818317386,0,0.18714672881780264,0.05069372824263836,0,0.5948860591045575,0.1822812665794594,1,0.19050078974387633,0.07779576720643254,0,0.2217647274870746,0.08325026595091757,0,0.6928609108544315,0.10235238523264506,1,0.058905436446114755,0.05623448751228879,0,0.3051221986453413,0.07170576284032425,0,0.6814451153423159,0.17168231100846965,1,0.21035118489548146,0.09251619010678311,0,0.1009236782408661,0.05229157496112607,0,0.4777214011168189,0.09455667850368206,1,0.1538105025922689,0.06480583946189712,0,0.05750120683049098,0.07028547108197652,0,0.6679016238881188,0.04682522102804025,1,0.23178176586198584,0.03720783759918947,0,0.11417674606633794,0.04333207835855808,0,0.47112143404667917,0.05060483354494128,1,0.14229069065698574,0.036434409315601546,0,0.12834593414559664,0.053965985171183194,0,0.4212139551859001,0.1078833854304129,1,0.19520272237845457,0.048691778041388,0,0.10137628862480355,0.06097117137895191,0,0.42660401731449066,0.14906181495217175,1,0.12423920942681213,0.06652893570562356,0,0.19674372206895627,0.044741255320206785,0,0.3854247683539063,0.09690317234310372,1,0.24521114511727493,0.053770569542502734,0,0.1488397643821504,0.0714126391836169,0,0.4525805131683972,0.15187624786296344,1,0.09731603617864412,0.06419974336762738,0,0.2278575660010051,0.11064047385276207,0,0.7342005842991841,0.1366272560967962,1,0.1882929098577337,0.11333412829331503,0,0.06142371983441991,0.0577156249979943,0,0.5599942423320614,0.13618616289190522,1,0.10767761848603004,0.06988146461344003,0,0.17460285324150146,0.07321934101237222,0,0.5728435500191369,0.1077374026430055,1,0.24173053880751824,0.05293739889238859,0,0.2366672938817823,0.05406844485260967,0,0.6190132149688028,0.09672499764638919,1,0.23529642213058066,0.03261287637768435,0,0.21889331540903223,0.07221695147777386,0,0.46625767145236574,0.07376807577787657,1,0.12231315707708248,0.06855910568688718,0,0.10197965764762942,0.07741171915640407,0,0.7953446255674409,0.09903194505148591,1,0.158760974739828,0.059841407101470005,0,0.25256059379147655,0.055255607224105045,0,0.7092110949453495,0.10141606756683584,1,0.19611526416644934,0.09363103945361259,0,0.19799192253850106,0.10298905095457843,0,0.6295433416971881,0.1598444273087776,1,0.2695523051069684,0.09056221595763485,0,0.23052683846769523,0.09235454827081706,0,0.6131147672237444,0.22080132627831758,1,0.16965401049861822,0.06877299184929987,0,0.17552059156718924,0.05101207139899846,0,0.7187870379166558,0.15102808377948945,1,0.14778517350979678,0.06992261537127997,0,0.22219161598189272,0.049021016189376106,0,0.4471296763657781,0.08911973166516934,1,0.16815911536290845,0.039442224285410867,0,0.3282089598910174,0.04185705658977579,0,0.8780249047344248,0.11472605750759636,1,0.1871779841739918,0.06980724497343611,0,0.22532928835116564,0.031795238099449646,0,0.4336976807456655,0.12113532491991769,1,0.1348768675839223,0.10557913803742199,0,0.30192167807487397,0.10629812396462932,0,0.6330968323693751,0.16377218197853255,1,0.07009885116898308,0.07856305084240377,0,-0.0034530449775890155,0.02517249954817001,0
113,1000,0.6,knn,0.5505772492519718,0.015163118289103076,0.23871601651851862,0.7448598789864329,0,0.4943950249022788,0.7962592060227555,1,0.14202818604169734,0.4824520811992164,0,0.25657334830529344,0.6746744263802208,0,0.5031073914966495,0.24509246691970166,1,0.3537384813089409,0.6886562366537041,0,0.16360555369410762,0.5293202968647235,0,0.5408915809279998,0.5829007799547828,1,0.3762505231758967,0.7544252317860092,0,0.11378714048944631,0.6611695517032433,0,0.2245497569358152,0.5528504626410018,1,-0.31151357632892296,0.46619043200367555,0,0.005278769948918826,0.6644906538238271,0,0.6022146232363774,0.87415165072156,1,0.30902502026364753,0.5957915845614715,0,0.33014691343262476,0.7174930211336175,0,0.7474322968180511,1.0357985487545471,1,0.32231164896057785,0.9313515790535768,0,0.08086368891700331,0.5775602459865349,0,0.4622664346030064,0.423056879171388,1,0.3132946876478283,0.6593102064328772,0,0.1781540810720989,0.6980815997636305,0,1.0110406518189632,0.7041245185074921,1,0.04819836316150785,0.3542368549630104,0,0.24614634868976717,0.7619789142861589,0,0.4260623182399044,0.7570474251122835,1,0.21791529964943424,0.3564139835994881,0,-0.03817661604325449,0.3316126576696625,0,0.5711644026781956,0.8861910205414293,1,0.15149838680879796,0.5346573128947159,0,0.31690217764726786,0.5856536785552621,0,0.6753162367093667,0.9816548528697303,1,0.4913588678948348,0.7768322997984882,0,0.2901073144160224,0.3645810876033656,0,0.4670014076814855,0.7451157201101648,1,0.21695819163764737,0.2921528054037656,0,0.05453330938012443,0.3104722623910471,0,0.9357451936927434,0.606997257264303,1,-0.0022973688972474982,0.3641119682462023,0,0.26394722705692886,0.39418935304359204,0,0.5279902365294478,0.697646874635352,1,0.09455028701595629,0.5231288269533092,0,0.13498161684226356,0.536355609743176,0,0.23824240882363137,0.2916283140125109,1,0.06631181318034945,0.48930122545904536,0,0.3274627741093065,0.22755968050391506,0,0.26372466516758697,0.6082486391009129,1,0.3242089442968052,0.5986456840719009,0,0.19099920232001694,0.43372560326756177,0,0.375103967055786,0.7347550736588304,1,-0.15576062555590459,0.32095186541750437,0,0.5248000278152197,0.38368002106031696,0,0.6184986974292135,0.39916796720658043,1,0.2851419890319281,0.31722066856765124,0,0.25324912849313896,0.577030417662201,0,0.4287750925168569,0.6060206917770566,1,0.03522699607546036,0.6759958550147902,0,0.47196258312189715,0.6360147425652047,0,0.5601632315847909,0.5694663983038444,1,0.1218214705879777,0.7823739967345386,0,0.014914190748469669,0.6270402359478816,0,0.35358302031147504,0.31604078695587556,1,0.0026831220961073044,0.40607076225195105,0,0.14517638351323525,0.2430340232501768,0,0.1391669236791682,0.6782926618969737,1,0.047115168185384956,0.6354868894705507,0,0.4688796145258808,0.5768136169525853,0,0.7800745767919357,0.6712044956982838,1,0.22348639787719654,0.293820725888183,0,0.20095828989275763,0.4641118861828452,0,0.30925097630176623,0.6819432282886391,1,0.44885722131614675,0.41017635864330626,0,0.486176630978826,0.45745712500462743,0,0.935937806950171,0.4656864962836011,1,0.4819604849050026,0.40879954485972364,0,0.25469788320059383,0.33595270688106693,0,0.871540057614762,0.4971027116357162,1,0.8052504463472209,0.44676188637803665,0,0.2580910202038774,0.32189493062998303,0,0.5846072066382797,0.6411959338211545,1,0.7622683985299733,0.5557607124152275,0,0.35420261389087393,0.6263984474265759,0,1.113529957653871,0.883582476355281,1,0.4434750958189677,0.7919502270463594,0,0.6031638886816865,0.638861708172634,0,1.1711323043267305,0.42908179136107,1,0.24115989082059133,0.6710298523777535,0,0.3176948264804646,0.6945514409348672,0,0.45219768124887844,0.6833518161894534,1,0.08551167498609642,0.4812382824175007,0,0.26637058184190177,0.23982917798486675,0,0.8148574587065364,0.7175119677598805,1,-0.09558780091880065,0.2708492764044726,0,0.2525080589662107,0.26734056464287487,0,0.4023286290307377,0.6044987920277405,1,0.3646520670724528,0.6489315911343765,0,0.33374219228146923,0.5948745095909677,0,0.473865610764852,0.7841778264004431,1,0.2649129162748742,0.5647101046531592,0,-0.04593217416005194,0.5042284062146044,0
113,1000,0.6,SuperLearner,0.9780392803921002,0.0029128973791951247,-0.001956255761399733,0.005134032749917725,0,2.0912444849162135,0.2839318573449784,1,0.002094128712199611,0.002335077799696216,0,-0.004127127362909668,0.0065464440742452395,0,2.1491740632463197,0.1884109254572985,1,0.0013396056997891635,0.0019358923032985389,0,0.005946898044205813,0.005268828428090279,0,1.9335076157224464,0.1294651712319154,1,-0.0008983858684298056,0.0024931098344850595,0,0.009050629624372383,0.004443924975740172,0,1.8957305766314707,0.1240520314844874,1,-0.004990843129395032,0.00567771104189001,0,0.0047549895313743545,0.009430471972155782,0,1.8404757511560923,0.35641939459007904,1,0.010671037866306979,0.00405317256223778,0,0.0032105090624538054,0.00751191409137233,0,1.5879415391399507,0.2816100009162168,1,0.004818964756973307,0.012728329923166812,0,0.007946638508248553,0.010105809038770688,0,2.2689881083120627,0.3069601886903509,1,0.0004868259898579661,0.008592238720563887,0,-0.00011524772917723002,0.010839464930758111,0,2.1779188962386957,0.1176744619322213,1,0.003964459773255923,0.008425802325513421,0,0.0082643661462665,0.011501880057794164,0,2.0138663382609385,0.22935631987454666,1,0.002571417903972075,0.003300043255363144,0,-0.001828042782870443,0.004476445517795055,0,2.0507598325558254,0.23351239183778888,1,0.0023604704690630635,0.009539263612786706,0,-0.00038651342596356743,0.0028044449590733413,0,2.1425312201146456,0.33965249585734675,1,0.028869967250370537,0.011426837796895982,0,0.001617971811524134,0.005516099267170156,0,1.9549223471013648,0.14226808459423473,1,0.009070027190071755,0.0046804755116642,0,0.0027982461998561844,0.004611332854229965,0,1.8250822299743976,0.13054403634594547,1,0.0014994936454644572,0.005848439473429367,0,0.01089175114300801,0.011504123709271254,0,1.871359946020661,0.3423418078750211,1,0.027184775577047265,0.014426709458328234,0,0.0277532701467601,0.008983167395237742,0,2.0213097181302784,0.3071618144564906,1,0.000232366991972656,0.004015161102775934,0,-0.0014593690708333,0.003237544979771861,0,1.7185350901764387,0.11822857223354215,1,0.00037798029483065136,0.0037329888396022653,0,0.003110421568855605,0.005102730627351705,0,2.0628299343236245,0.2203416191060408,1,0.01127219664515878,0.00649095412415443,0,0.0067705192338926926,0.006794088859551767,0,1.6273917827702977,0.20883414183480697,1,0.029756739730752026,0.018114074243817647,0,0.007001532337501193,0.007955907456061196,0,1.748038937735042,0.24582030888464676,1,0.0024672348253273755,0.002842455174158227,0,0.0039043377632451927,0.005471861699142257,0,2.020755582064303,0.16131519077831483,1,-3.5304939811226996e-05,0.002224026046550204,0,0.0010097869473662318,0.0033658528440580334,0,1.8823451510297644,0.1420727448236014,1,0.004895276354224871,0.004608202283259432,0,-3.254708066567948e-05,0.0026095484297566688,0,2.0691467215225274,0.16327307332082994,1,0.007449823507853044,0.0054668879425129125,0,0.000994394794813698,0.0028324828978933576,0,2.226291024825321,0.22001118478427492,1,0.0029501150143038703,0.0016826753550086358,0,0.014289738922582979,0.009531852640849632,0,2.0653755797580047,0.16994413375102543,1,0.009840571010209395,0.0067478509309541026,0,0.0023914655310852883,0.003021164493815591,0,2.0317424432791027,0.15223174119331712,1,-0.0011735924618537625,0.003485516054159593,0,-0.0020622365819284658,0.005472285574246473,0,1.9354104302367747,0.22599941239914076,1,0.018928573442705494,0.01231321358615162,0,-0.0025615788001262176,0.004421052585307636,0,2.0507079679899127,0.24542581371678343,1,0.014110383771215795,0.005577811155394979,0,0.023522432731183037,0.011049134400043757,0,2.2335698107364,0.3612283136275031,1,-0.0014818503758759931,0.0022703220607900574,0,0.0004856694066219918,0.005202254426127895,0,1.88480256205622,0.2648502774585489,1,0.0006380348353774049,0.002609957800922001,0,0.0008437055753103432,0.003630072347341449,0,1.8089168643819775,0.16732721398805883,1,0.0018361326295990555,0.0064076516399432255,0,-0.0016086921240812738,0.005839002883589011,0,2.097338377522747,0.08754660829665382,1,0.01261565902084319,0.011770922670290833,0,0.012607421901516064,0.00760742577631326,0,1.946578345096679,0.16687402921738548,1,0.003772009225733943,0.005527660151158192,0,-0.0010723113628034867,0.0021086873981548846,0,2.2195182676105882,0.38438402521529275,1,0.0038475558082223657,0.002373845037449363,0,0.0063941060574662,0.013860044783993854,0
113,2000,0.6,lr,0.9787900681711339,0.00216399152483403,-0.0010983009669385275,0.001231154729480446,0,2.1830300131092644,0.17575446180108212,1,0.001921612034416929,0.00122693294125055,0,0.0011476499870329633,0.0013349152011863238,0,2.417501326673435,0.1635638052458939,1,0.00018785857992102795,0.0009579434735779013,0,0.009055475746242094,0.0037281812578762756,0,2.016173910516563,0.13439415353831663,1,0.00039969856117556184,0.0011049256031469429,0,0.002032940906806666,0.003421324870565297,0,1.928132932543037,0.08426243963974697,1,0.0018090375831849152,0.003460531464467747,0,-0.0009977373652950987,0.001486803914310112,0,2.17154987468914,0.1058164663277284,1,0.005822352838220002,0.0049829943755218655,0,0.007473981871220804,0.006725731928310287,0,1.8126061698192402,0.20430975708203336,1,0.005900360422273961,0.005679512812777445,0,-0.0006127066119329713,0.001994080605520642,0,1.9498955373856117,0.05692106284787269,1,-0.00016289204870645067,0.0015703464917892383,0,-0.0005612966304670622,0.003710039894758911,0,2.032215993069709,0.13928881714661406,1,-0.0025159291558426605,0.0025149304404487914,0,0.0009325773427150809,0.004688124488493451,0,1.8399307301151875,0.20776077426961237,1,0.0020805932721032296,0.0034626752384969875,0,-0.0007779895457660209,0.002831016765355212,0,1.8316599430275182,0.057899051637792,1,-7.656228605500593e-05,0.0003709516533575343,0,-0.0017240289326493322,0.0025138527924648273,0,1.8628377546433357,0.2246350568949309,1,-0.001202446294489587,0.001570540538968279,0,0.0026471379977536106,0.0038246113737826254,0,1.8649308258307655,0.17174863488089062,1,0.006744382601668231,0.006630328852877639,0,-0.00015374800626502167,0.003235631233519617,0,1.8411549275602124,0.1798303854053682,1,0.0008052921771376598,0.0014622283049930704,0,0.005380590096143446,0.003199199092499939,0,1.9872999439209664,0.05207924130962498,1,0.0006080564961644802,0.0006957777454318992,0,0.0003273433279654289,0.002463666429694701,0,1.9275786818436753,0.07089948417504385,1,0.008456904175831122,0.006393894712436444,0,0.007213584040718471,0.004277290923452735,0,2.2449286877668717,0.125277354683187,1,0.0017276178240390506,0.0035881472963754006,0,0.005668284154782887,0.0025564611398127793,0,1.930823673083428,0.11138887845566575,1,0.0019162720887162788,0.0026482106208414228,0,-0.0016643843060489684,0.0030078796789175253,0,1.9187428883823425,0.0643056626249615,1,0.0019390166907208566,0.003622312134604749,0,0.0006463402250170444,0.0013217417757193423,0,2.0049458838055036,0.07792258715990896,1,-0.0011976582850230125,0.00334520067761871,0,-0.0002509278997864532,0.0018308050840988768,0,1.9072306878771343,0.15667902677916076,1,-0.00023851761930658195,0.002056479441833078,0,0.00045192122786624046,0.0034657452720819114,0,1.5937885149236377,0.0948223851824155,1,0.019080678920915955,0.014580369116944204,0,0.0012068191389430281,0.0027066149328170462,0,1.8965465287819927,0.24996682336505013,1,0.0011528371604146155,0.0030230062629763355,0,-0.0020409211624419373,0.0012608603991743636,0,1.9440937639938212,0.16870342887248418,1,0.0015817082024387878,0.002179720758237309,0,6.458192326287061e-05,0.00018536039651018458,0,1.9394458274362798,0.21050631076495674,1,0.0041955275428338015,0.002491999736145362,0,0.0032835073750330317,0.0034300459348205205,0,1.915728587426272,0.16649404562011325,1,0.0035965422844737556,0.0033957586165885,0,8.469064086075752e-05,0.0005091493537826019,0,2.1950812497558765,0.25857555910171937,1,-0.00091723459572413,0.0035760744360481315,0,0.001506561845776095,0.005126452427351432,0,1.8953409544747397,0.11483519638905894,1,0.00013006348027815885,0.0007022273919053706,0,0.0014966449539413902,0.002449032423216865,0,2.0586092500339666,0.20727409984095857,1,-0.0005211480257368112,0.0017499395871388675,0,0.000992599244124388,0.003630139451114556,0,1.9104587450344332,0.10861280309790516,1,-0.0002480186086081871,0.0023468651402740975,0,-0.00021134541373623293,0.0004038430234912279,0,1.9474123437956545,0.18943853765461754,1,-0.0005066579489853278,0.0013670448585219987,0,-0.0011352960119790847,0.0014110024300171271,0,1.8864877106157762,0.10542358906120834,1,0.0003117348316026405,0.001506573654258867,0,0.00027320349118872757,0.0013571484740367641,0,1.9100050766331704,0.11734070100478096,1,0.00179523947081687,0.0032164273741242407,0,0.001179127589343676,0.0017868453451438913,0,1.957345014038096,0.13405250382477135,1,0.00014184410065630221,0.001733687217128241,0,-0.0009232312763153818,0.0013395420785354212,0
113,2000,0.6,lasso,0.5206034787287435,0.00891388987451095,0.0,0.0,0,0.3345730936182917,0.08975121151940266,1,0.0,0.0,0,0.0,0.0,0,1.566733836411591,0.09747620490539552,1,0.0,0.0,0,0.0,0.0,0,0.9171328714791516,0.03546216075358723,1,0.0,0.0,0,0.0,0.0,0,1.0384460437995304,0.03829005980162316,1,0.0,0.0,0,0.0,0.0,0,2.3990006205213406,0.05587785652823554,1,0.0,0.0,0,0.0,0.0,0,0.37578539099757174,0.07460722341501888,1,0.0,0.0,0,0.0,0.0,0,0.5632946164333807,0.09004858948618118,1,0.0,0.0,0,0.0,0.0,0,1.3280337246340848,0.14118117630029306,1,0.0,0.0,0,0.0,0.0,0,1.0159939391216983,0.034787406776582264,1,0.0,0.0,0,0.0,0.0,0,0.5977077788665403,0.060157393822498975,1,0.0,0.0,0,0.0,0.0,0,0.9133850994453482,0.08026100470504043,1,0.0,0.0,0,0.0,0.0,0,1.6315641187137344,0.08823207763076805,1,0.0,0.0,0,0.0,0.0,0,0.3670727751199278,0.10562431967902429,1,0.0,0.0,0,0.0,0.0,0,0.6355077455013265,0.08157117391962979,1,0.0,0.0,0,0.0,0.0,0,0.6310694525387361,0.06312100436870918,1,0.011042946559477414,0.022085893118954827,0,0.0,0.0,0,1.0124834330345773,0.08601262039477987,1,0.0,0.0,0,0.0,0.0,0,0.9986579175308904,0.0990016472703443,1,0.0,0.0,0,0.0,0.0,0,0.8152420407294423,0.0483634124165634,1,0.01716229863715333,0.030244665488324777,0,0.0,0.0,0,0.9335322777721068,0.04641758576120219,1,0.0,0.0,0,0.0,0.0,0,1.0248485612936153,0.0746489117174053,1,0.0,0.0,0,0.0,0.0,0,0.42567356599918005,0.057517803092830944,1,0.0,0.0,0,0.0,0.0,0,0.353990615845737,0.07100265727768103,1,0.0,0.0,0,0.0,0.0,0,1.1602633059078786,0.13148935647148446,1,0.0,0.0,0,0.0,0.0,0,0.8067348339499267,0.12096314982995605,1,0.0,0.0,0,0.0,0.0,0,0.9417765312364459,0.11545451621854359,1,0.0,0.0,0,0.0,0.0,0,0.6406847798465096,0.10825427774860606,1,0.0,0.0,0,0.03692870652738489,0.07385741305476978,0,0.8251186468961793,0.24608168219584445,1,0.0,0.0,0,0.0,0.0,0,0.7916556586298706,0.14248489121744817,1,0.0,0.0,0,0.0,0.0,0,0.788783542055019,0.03950176845598277,1,0.0,0.0,0,0.0,0.0,0,0.7462446014425759,0.06019919212599035,1,0.0,0.0,0,0.0,0.0,0,1.2629447135794543,0.08923188287521275,1,0.0,0.0,0,0.0,0.0,0,0.6784349364433021,0.08816539716001874,1,0.0,0.0,0,0.0,0.0,0,0.3267685451011345,0.03563552626750698,1,0.0,0.0,0,0.0,0.0,0
113,2000,0.6,dt,-0.25583625160278567,0.10660819733889453,0.1828187139269799,0.18823340890122953,0,0.10933404343455014,0.4740363129123566,1,0.19472868055988146,0.26221751646993874,0,0.3294365695918723,0.3619418955319542,0,1.555628502334924,0.4725038641448146,1,0.3958250753160949,0.5799365346101034,0,-0.16589713979666004,0.49377800988976916,0,1.4133715807071097,1.7731527104488345,1,0.3272888862072241,0.3583377463715951,0,0.18385284474694355,0.5635828763621059,0,0.3663594724797704,0.7284047297429622,1,0.22608274476157447,0.37343659242774474,0,-0.17952889860814772,0.31051732429786927,0,1.0329657170478457,0.8828207215737145,1,-0.18424448957875447,0.45370981011462275,0,0.2469543134846588,0.8328144095102554,0,0.7112809334621331,0.578535612944302,1,0.3150735149661193,0.5436804538652077,0,-0.016321405444896,0.252858593160827,0,0.7235882253583112,1.0725638823881338,1,0.27668959308414454,0.351428660115477,0,0.34222642237515705,0.5749952979109141,0,1.3175425711838211,2.216725225530517,1,0.23795832369730147,0.23362671604303767,0,0.28471148105604216,0.45640220403133835,0,0.8551411628113129,0.7355187820397618,1,-0.01798824571105746,0.2593025676383235,0,-0.0550062261294109,0.22861939412110308,0,0.5729538402785984,0.44951783337324436,1,-0.03723737122736874,0.30189359234564933,0,-0.12514938268220752,0.5562053606299454,0,-0.05764885977096472,0.7170642280087117,1,0.15947900785521324,0.5972324480821617,0,0.006053793846378675,0.31618157128805063,0,2.627867554717065,2.51368747947231,1,0.006818750820232269,0.29299616327111466,0,-0.17561270545315646,0.30334273577287657,0,-0.006808078817826635,0.7895761920892063,1,0.23282532286825783,0.400415331727864,0,0.2628971478638288,0.2518522544436908,0,0.6173068182761348,0.700732972515139,1,0.2826985610089229,0.832648936725055,0,0.1535671729214721,0.6635063835388185,0,-0.2932291346823025,0.24999519696021752,1,0.09272697377868104,0.36829761957424373,0,0.03878418367362822,0.7363247153220751,0,0.674201988948108,1.1974740938563908,1,0.256168224229351,0.5750979973769889,0,0.17106192890976757,0.3180709712100626,0,0.08905182004885215,0.27129517027122224,1,0.509302021203931,0.4883037220295675,0,0.5633606509846958,1.2316580378581559,0,0.3734120229408031,0.4873462185057784,1,0.5035094594315066,0.48705432896291134,0,-0.04452755567639832,0.40959165304924655,0,0.8645058054052701,1.8987982925310514,1,1.224873108126513,2.486734543630531,0,0.5449002779922243,1.3170465170681223,0,0.41753084993421885,1.005608582167407,1,0.3763398749091743,0.725354285118804,0,0.0956048985930803,0.18281656288734305,0,0.4207769802849823,0.4830884476750737,1,-0.21968516401016203,0.8413842626232838,0,0.1876240138204891,0.262393041238131,0,-0.0761063027260944,0.6017971999039843,1,0.5239627647375411,0.5040302897972135,0,-0.09245807816062043,1.3079612446782583,0,0.5132627033538183,0.6237499104939668,1,0.14833871019325068,0.15006864733516317,0,-0.04840631693172116,0.34273779043156394,0,0.002945526056308695,0.3803309564548584,1,0.5444724635117726,0.43588991326396154,0,0.5714478557354095,0.38375827899651105,0,1.140967394649927,1.0150202123788352,1,-0.6808504829018435,0.9400467363140511,0,0.36780553066322585,0.4615840241536181,0,0.2890396806597604,0.4914620789104736,1,-0.03718485905365172,0.45615186893826026,0,0.21960669524208795,0.5493660369729465,0,-0.13278334898150176,0.4673160099374449,1,0.46402334956580427,0.9753656133391366,0,0.6921392125488601,0.799988256127456,0,1.215603533819851,1.725014289142443,1,0.260842240865467,0.31853680884698626,0,0.008566573651230203,0.3858762931222834,0,1.1479896515531607,1.0037729518638725,1,-0.1813721536063622,0.7789459440487317,0,0.27704657902492974,0.3344783498267651,0,1.2938981986437024,1.3022623599333318,1,-0.0039037111485914046,0.2773536664828698,0,0.37034078884863136,0.6387880605376998,0,0.41886437190756015,0.9200672101757256,1,0.4614136955181799,1.1020919838375518,0,0.35530340488044265,0.24834439408568468,0,0.2661355979396947,0.8980212159649519,1,0.06175889218154899,0.3430968925149122,0,0.11371795896773049,0.2412717984997974,0,0.191129184339326,0.7646908679623861,1,-0.0700803179526929,0.48976309263556467,0,0.04414852887602513,0.2572178915881719,0
113,2000,0.6,rf,0.5040996372089117,0.019787668204833676,0.03057990205419725,0.03972334685242905,0,0.2874003065531209,0.030229104842838993,1,0.1208443158591489,0.049806077395976624,0,0.11932959808953045,0.022208751360768286,0,1.1017022609293767,0.2386789143975171,1,0.08099663324218478,0.08796834273866563,0,0.1064995414305413,0.04856437506470428,0,0.5143351025210992,0.08989132260716236,1,0.23028783948413856,0.07414710906824691,0,0.11654333514810236,0.03170144052030201,0,0.5563023496538937,0.10144200639777666,1,0.16559173447731054,0.08328925803847308,0,0.17156424682146165,0.03660190161643381,0,1.0986466145648248,0.2861083096989821,1,0.14248079300999122,0.04953268558248888,0,0.11009476120446182,0.049867598805460024,0,0.2994796155229145,0.10106941774232527,1,0.1790049014025814,0.04741350995670988,0,0.11535732551157103,0.035023995675719025,0,0.31204563513315364,0.04470626894809783,1,0.11268439239085917,0.04038178267152143,0,0.18830721319976526,0.04161253038408348,0,1.2141522073284503,0.10293160084914126,1,0.0795507637800491,0.037138515040764396,0,0.12398132450959572,0.04637651452962168,0,0.47592456107300996,0.09596439899064861,1,0.04569951242180086,0.06870651366920141,0,0.10941129060647517,0.03926758803653926,0,0.29824545457931195,0.06376602289600408,1,0.08541387956605298,0.01703644954670127,0,0.15743521954543413,0.027595717755304755,0,0.4914837092963128,0.13062874628645516,1,0.06620441540828419,0.05440938251824732,0,0.1303135731783752,0.09649453439100449,0,1.785083847349627,0.2749123078111274,1,0.034529747818691406,0.06154982770778979,0,0.057004517055539085,0.05521262895133707,0,0.3033802151233561,0.05547644267049673,1,0.12498932858574952,0.011284110484693945,0,0.05647996561155444,0.07673300651340803,0,0.4227166724699877,0.0844749766242207,1,0.10565765837279288,0.04290819636231417,0,0.18027282814488751,0.03382277928442547,0,0.3320858113355702,0.08959119603194725,1,0.11787117605133854,0.03976979829969538,0,0.10330265905387029,0.06621453796689161,0,0.5352759722903022,0.11430422746757718,1,0.14464098656956342,0.045016656226771694,0,0.15089617100088532,0.07439455738359868,0,0.41630590154207514,0.047798793483551545,1,0.12344262776245944,0.061495889121626686,0,0.2592808914371695,0.07630402173448556,0,0.5435082749468071,0.07969676092515424,1,0.2154332829155076,0.09889335643935797,0,0.0877894724804417,0.029555211823571105,0,0.44768777759718537,0.05760281867542085,1,0.14796101049882376,0.033646770409694354,0,0.20976711171601328,0.06088960718158037,0,0.3672773459824876,0.10234110525076182,1,0.1849508528025904,0.03970879055650168,0,0.08017136282130544,0.021554241309768882,0,0.2827766439838676,0.08071646984562475,1,0.06230030538070115,0.023002937306454807,0,0.09278492530108154,0.05243778102896931,0,0.2492896321404124,0.040291093798223036,1,0.11524685903900656,0.04333600775542578,0,0.1280357002999948,0.05501069907343967,0,0.5764258260625454,0.07229952900072524,1,0.10949049995588825,0.06909409798186347,0,0.16253976404245857,0.05223808787739524,0,0.515573099150104,0.0878038507280638,1,0.08974091206089885,0.04213440127630309,0,0.12665140936650804,0.06539932835921773,0,0.555898972991111,0.11968595271988224,1,0.18437062564217385,0.060231081646922806,0,0.17103331311277797,0.035670175636286806,0,0.32550540595503985,0.06168114157419323,1,0.10853549041831272,0.04339816214439145,0,0.1524841593555427,0.05243623059457723,0,0.3400704788344893,0.09121223279839248,1,0.15714492078169606,0.0833219266274243,0,0.25430843615136534,0.08884909857464625,0,0.5220413374647261,0.07705960262813603,1,0.06622388981770148,0.04457911726616443,0,0.1072587419355961,0.04694317645490682,0,0.5210800346839722,0.04018107239683483,1,0.15956020371042906,0.032664309461338886,0,0.11323584963159687,0.035571042224086684,0,0.32012544718954705,0.0589268694874528,1,0.17865201114765206,0.02782262994474459,0,0.19651453242261865,0.05292460073887467,0,0.5494437030001862,0.0907728022753221,1,0.2064803273568095,0.04518089333756595,0,0.1747075371700609,0.10140586451825981,0,0.4231861112662661,0.09471926115225773,1,0.0985372665415607,0.04690310767470794,0,0.154081881339515,0.08216956263898345,0,0.25350775565692624,0.0720939544772155,1,0.03009187681816313,0.025547190649582243,0,0.0016028551528204532,0.02047619983561721,0
113,2000,0.6,et,0.5033065278249967,0.011453754957161888,0.04569528898434422,0.02795410609111187,0,0.2453507639000728,0.045704652241097384,1,0.11085433794004121,0.021662637829216097,0,0.07121265562404618,0.05840064710818453,0,1.0719855889286798,0.25211527391972355,1,0.11378630284012559,0.04590432910671871,0,0.12223889169786825,0.023058789987116902,0,0.49504543502102266,0.1095109294188175,1,0.14629099674489426,0.04069557905787955,0,0.08193349370629434,0.008887802537204663,0,0.6145562463806561,0.09004040823771751,1,0.14946291069461975,0.03697437611236639,0,0.13319813781760853,0.08583447736029352,0,1.1639168125201498,0.18145182518515487,1,0.11500131688973643,0.06366636843856519,0,0.13269670739872907,0.017910976821784035,0,0.29056432140077315,0.0761798594389692,1,0.14678402238600927,0.058968330101978585,0,0.108020238505169,0.027737713072729254,0,0.27969735018716324,0.08488893759580401,1,0.11255389725105207,0.04155560893046161,0,0.19476559159739276,0.027926656908105228,0,1.035566367101308,0.11463266841013905,1,0.09589280100890293,0.03781468358833671,0,0.1312923212048338,0.06110347216579961,0,0.4836283678445977,0.06758852631308704,1,0.04759788212180484,0.036816496284548014,0,0.09077681144424576,0.042200670563186216,0,0.3613444920140777,0.046893314958798844,1,0.12873102545097162,0.06035191829049744,0,0.185415910240825,0.04303932736040099,0,0.41320851846557466,0.10641729711030798,1,0.1077256555063725,0.03053588040627434,0,0.18438948508816222,0.027646155229220613,0,1.397518513765894,0.23639498250581775,1,0.09663165100404783,0.00907760120777494,0,0.08200941812312128,0.06553830155209246,0,0.37433767287789443,0.06144260648927099,1,0.09156457990364866,0.04269972642456049,0,0.055367748620244406,0.026287108903087254,0,0.4141122085405796,0.0461537349561173,1,0.13894777085834037,0.022501416305349603,0,0.16319361257694245,0.03988064731356329,0,0.2797579757668058,0.029542761643104896,1,0.17987416031110118,0.029429974064324113,0,0.13187714447607884,0.05580963924048437,0,0.5869552338653301,0.08891993180723541,1,0.2075161662743228,0.024850760090054113,0,0.13709800427301924,0.05596943048222089,0,0.387700106015939,0.10304093086807486,1,0.161449320696467,0.03631331786915499,0,0.21083520202902362,0.0289754533324572,0,0.47442684663834217,0.11111061812089038,1,0.23720818446173753,0.0694170552092542,0,0.07717120503809195,0.041815765605647606,0,0.4754970042442289,0.04937814892150764,1,0.1958587339741267,0.11216707152739279,0,0.1975421499393882,0.06556667269404885,0,0.38653639955195496,0.10142934112394947,1,0.1471496720070562,0.033851167893192965,0,0.07563797094232813,0.04330116523133817,0,0.24451898288244597,0.059789420855984675,1,0.0930358231043696,0.016560508750929716,0,0.06343315498702917,0.055530197038010945,0,0.22129294661324952,0.04235725511384145,1,0.142623440664533,0.06288442059941249,0,0.12922326149792135,0.04347624190465876,0,0.5000423535297562,0.04955604048406369,1,0.09523504022440374,0.0422092128542632,0,0.11946453770812619,0.057478011397707585,0,0.4512250761964178,0.11270748407636644,1,0.10605168281920747,0.06971458714702908,0,0.08647232661361914,0.058882152957370024,0,0.4900213014301329,0.06883613503430315,1,0.19331295405853677,0.05011545155256129,0,0.14071339244150352,0.022253137486312097,0,0.3299980959383901,0.0674304222333869,1,0.1239764428262404,0.031548061988328796,0,0.19330891245550813,0.036987403115988415,0,0.30140798060466834,0.03828521140331337,1,0.13595446183002596,0.02443829567242868,0,0.26692256896189026,0.056110535626277463,0,0.5659039922498168,0.09425408880649194,1,0.08504636245418419,0.06423755259114267,0,0.08713455816577573,0.02333995653043696,0,0.5067498448457918,0.06024054939640979,1,0.11958369022486462,0.03501585035991061,0,0.11828596678375121,0.06091742086273694,0,0.32482754873689895,0.08687919876869854,1,0.15629317326377562,0.08043697086187566,0,0.22200265476734712,0.047643942718399696,0,0.5972723817621919,0.09752053150529023,1,0.15832535816455712,0.04868614162117659,0,0.18072481332313278,0.06567278892352571,0,0.34466749456231,0.05606507226665409,1,0.08825427576392544,0.032142287610534406,0,0.1337731901345845,0.04185164583729161,0,0.20857880274517226,0.053317148600300804,1,0.01576116302395171,0.025170359409666044,0,0.013716488447478354,0.03003147887235218,0
113,2000,0.6,gb,0.6827833774610232,0.01235224496116916,0.0004918522195647198,0.010798509678650599,0,1.013198560247595,0.08787527957991191,1,0.030381136781959073,0.03724122648873089,0,0.029810352667985936,0.0262923944326413,0,1.7030392308476743,0.17580984734904523,1,0.021354556417907625,0.04294191360042796,0,0.04355676753877128,0.030042885426172346,0,1.005298973867514,0.18656743450273663,1,0.08305994872558442,0.05174945266728638,0,0.027033707543682776,0.023270262682257143,0,1.1300534867448073,0.23407681317987988,1,0.008192571854897935,0.009584704840559862,0,0.06004662231670323,0.03054136299258022,0,1.4257149476146458,0.19504281096759185,1,0.03637214270829976,0.01577159692044753,0,0.06690238224197904,0.06722874884727705,0,0.7720148757430187,0.1138803102766057,1,0.06394044151102274,0.047838376398434884,0,0.042088013477182454,0.024292181098370023,0,0.9601893678408088,0.14040792583290163,1,0.0533537441862596,0.02929799098080541,0,0.02524366624991804,0.03242284767719238,0,1.7013954488933425,0.175237741336849,1,0.003452101458571334,0.013449707130250869,0,0.0986214453557535,0.06918247152607916,0,1.1275405690677704,0.1128508573559962,1,0.011406833772732008,0.016298142599993282,0,0.01530143658540951,0.01987104589201558,0,0.8127024039419398,0.08112588271890786,1,0.018285091843589136,0.023945572621209346,0,0.07847148760241911,0.04335589243778949,0,1.1294234077848402,0.11547862704114902,1,0.032371137044495936,0.039229764344770775,0,0.09312752608432466,0.049735316410484266,0,1.3805589017035822,0.14538441957617815,1,0.013666860860698385,0.014019882844364905,0,0.03512848541936324,0.02992396260531707,0,1.0446236817053263,0.23834890437543274,1,0.07652318988179843,0.042135093305814685,0,0.009946869576083223,0.008835096711367335,0,0.9055903296688905,0.17968971485356267,1,0.05835370300868731,0.05076443862120958,0,0.09416113635388454,0.05460488884979884,0,1.0832283440994281,0.07097936107287879,1,0.136483945701177,0.0655322898612646,0,0.008332676227761852,0.0068356522011817815,0,1.0926044562415016,0.2018043022135131,1,0.07380367211521008,0.028543141002108818,0,0.03949055060338097,0.03783932007134415,0,0.8903842357274885,0.08705570700210166,1,0.08060042020841464,0.04508834386715929,0,0.12575442806542986,0.030760399030658508,0,0.7945319333544032,0.25160066179123003,1,0.07819054296993748,0.04777103113602164,0,0.03003420845071577,0.02632663910499354,0,0.9603411316987372,0.21731302190807036,1,0.15010249360647904,0.06865396934562362,0,0.21202831748075793,0.05764867235238479,0,0.8802090634185065,0.10375679799667138,1,0.09872397974007208,0.06904371137607557,0,0.03792891539997122,0.035093184149411816,0,0.715365907331383,0.1643623570663609,1,0.06901888294010824,0.05711415760168474,0,-0.010713667976394708,0.019599588461391836,0,0.6344801700498841,0.12958438750094112,1,0.03156701338042925,0.038956813216754975,0,0.09708336023577144,0.08341223759091189,0,1.1477854910061462,0.15758583176896102,1,0.033342495925611004,0.029410033495601298,0,0.043251440272835166,0.030606110076610567,0,0.9671259524728839,0.2070512628252284,1,0.03884968284637239,0.026452555588093764,0,0.006674135578414728,0.014991646990773518,0,1.0895700090743747,0.27259772543273075,1,-0.0013475376929601387,0.019371262853631842,0,0.0579775893146629,0.05909165903059672,0,1.0256595577599676,0.17009707994556225,1,0.0556477814552583,0.045223176216745584,0,0.12645003359918677,0.06639213417662505,0,0.6410334112069698,0.15764947755506223,1,0.0508159031430004,0.04360221947395495,0,0.1428578963883535,0.07989693741933875,0,1.2000615418160625,0.20244261840721253,1,0.016341951522256287,0.02120965633770296,0,0.026788714814989227,0.02049144801142548,0,1.067575958641663,0.07724087481354613,1,0.07273313046035454,0.046149221887405334,0,0.00785636499698664,0.01024570418125359,0,0.7846409246637692,0.13933512257287625,1,0.13535652559373507,0.05502050274243084,0,0.11963568687553858,0.05758584007112654,0,1.0432798536966463,0.11744772969479855,1,0.035426788864826794,0.030624672830984415,0,0.05656835423475788,0.018021877252037598,0,0.9178996373721656,0.13631685893265547,1,0.026225504600606124,0.02064546758932289,0,0.0506284591714115,0.03673029895300016,0,1.0111852384052247,0.17080140305787989,1,0.00495378609929103,0.008391463860848995,0,-0.0025396927900520156,0.005079385580104031,0
113,2000,0.6,hgb,0.7078373944604994,0.01329885092447485,0.033760712184147265,0.03165425082891284,0,0.8638394286529177,0.12655102959818182,1,0.062478514470671584,0.046808612263179714,0,0.053235889100549105,0.03490077414914207,0,1.7088506055091681,0.17949131070652877,1,0.04279274421306167,0.0567457864221759,0,0.026402900668040952,0.022443259313370368,0,0.6912635081106687,0.1166035711846707,1,0.13714119013493634,0.06126161552979986,0,0.031275933907955494,0.020085155032484744,0,1.1769529326484733,0.18179724258229155,1,0.07229635501367085,0.05843112569361672,0,0.06670268069563615,0.03665498059593575,0,1.3445194637367215,0.21727500794240243,1,0.11945854252660874,0.07076931261219249,0,0.037720670655408635,0.022636572326387158,0,0.5713740361986124,0.10937987443545287,1,0.13696285171066247,0.10338141094033887,0,0.09697529616193326,0.07797458394003101,0,0.8340374310960534,0.1365905481390564,1,0.07228654204151318,0.040001374333515874,0,0.06458160406134664,0.03222028126775544,0,1.7504096806856186,0.06586399176423711,1,0.013040262676780373,0.019655382217302474,0,0.16596140947710047,0.0707695040691242,0,1.1083289590875134,0.15341483419376853,1,0.025003123463200615,0.02609233889821181,0,0.027413971196806712,0.02343957069156295,0,0.7636821576395793,0.05644494121109837,1,0.045338435912158324,0.05907380167587058,0,0.10378885555558907,0.06842515588006386,0,1.0039883145540016,0.1449797320778975,1,0.03572194522580496,0.025463124910510372,0,0.1300493981364586,0.1455112193622343,0,1.531411547893629,0.20482273726614733,1,0.02800053916466471,0.022023902825327013,0,0.0812813773384469,0.058796142071800034,0,0.9783167719349851,0.18759565478204687,1,0.09647975446759212,0.05350311979533428,0,0.015167047849550188,0.04569887366092603,0,0.8424830719891256,0.08498458542510937,1,0.09491423722622941,0.08060349614499669,0,0.13745461643649498,0.08367319459989335,0,0.8659848988209173,0.21814320785606703,1,0.14485605076010194,0.05640065709911147,0,0.028636271666219543,0.025309383790643254,0,0.9832299660178083,0.07097268691225829,1,0.08409138470314584,0.05510791428760352,0,0.13847304507070457,0.05193736407972576,0,0.871011760187557,0.18404926076470446,1,0.09556511199694166,0.024930735128565876,0,0.19770074865398585,0.13768487456888998,0,0.787890118051784,0.1674595411609751,1,0.18107024193418692,0.07312757824955252,0,0.051013130624446144,0.05604523588607506,0,0.9274889194836913,0.24479941717931344,1,0.15626573813189543,0.09446714392229917,0,0.11790997210641163,0.07423290151598236,0,0.737747942476717,0.07977092787891907,1,0.1925292747596165,0.05962292999988286,0,0.04188215157943167,0.03570099229226979,0,0.692401060924826,0.2585887467552686,1,0.141419995645331,0.08735132551129773,0,0.09692969516432275,0.041644958993215235,0,0.5941326387400108,0.15921172229314992,1,0.06759721780995642,0.03068682908957386,0,0.1006974365989152,0.055981656804094636,0,1.195358726821843,0.28908253867241857,1,0.09034477035241442,0.08002671543131765,0,0.07416312531773823,0.047223525425746794,0,0.8369866894260716,0.24589905594671893,1,0.069962158473905,0.06852215435647907,0,0.04728206265185837,0.02574665800345457,0,1.0052957119339656,0.18775775910715145,1,0.10588986021539512,0.05910220682783832,0,0.10799622163573815,0.0821439176589412,0,0.8584992063849747,0.12035276824553222,1,0.08996394010269324,0.07715736109970825,0,0.14163714399743038,0.05624780472417028,0,0.656028563398442,0.25336895770351586,1,0.13800063099815219,0.07569842114106248,0,0.17442204805960898,0.07439341648098578,0,1.1309790951377436,0.23614279770710694,1,0.013339251769557265,0.018601606656826346,0,0.01823710113249407,0.016448129319020354,0,1.1027436922891583,0.2285650010277738,1,0.07982022494390843,0.043107845914107566,0,0.06522030906760543,0.03362719408123763,0,0.6994920625312615,0.08453855036415499,1,0.1837978186812563,0.0622819876394361,0,0.1734940500468937,0.08036472458586275,0,0.8418395776960249,0.18851870861233286,1,0.06525304614574928,0.051127519178507726,0,0.08138657219717077,0.06506888480529917,0,0.8536958324971646,0.1739826180735177,1,0.023453031369565083,0.020232605562609737,0,0.19559195135762508,0.05743690143797266,0,0.7923259631775877,0.1637031510774652,1,0.02570298291241439,0.022359276442930957,0,0.0007595825907746771,0.0053917763577995955,0
113,2000,0.6,ab,0.4836752055541117,0.026750398308622223,0.014142322593852497,0.028284645187704995,0,0.202217395740988,0.1318930222241213,1,0.032175949467731065,0.050501695416666645,0,0.0034667708732910364,0.08192033037232864,0,0.9147259800104599,0.3342152986069798,1,0.08165020796478574,0.1168074013149977,0,0.032285418507215835,0.029764956690065396,0,0.6451446642824056,0.21417220860869465,1,0.07825577944460127,0.039566304953928176,0,0.07802852897280706,0.07589039743912263,0,0.59421546458729,0.2519704765308308,1,0.05153657655884136,0.15107879425246165,0,0.09765841295271668,0.09125744380864144,0,1.5198879294367935,0.23949647925568646,1,0.014669501454197473,0.03393140996305091,0,0.0445736599099532,0.10572589462701014,0,0.208495410620893,0.11218223259340544,1,0.04519727683234385,0.09548911713546208,0,0.17581110218460141,0.14533769355518497,0,0.33879695311196234,0.12539672738899896,1,0.07135846761350728,0.0450656289669581,0,0.03488805822552595,0.0893414407554713,0,1.6421713355962555,0.30344292089239605,1,0.027296855572006794,0.034023960176284014,0,0.12975200904176237,0.17109077902343126,0,0.24032706899438758,0.1828384016715938,1,-0.011386320977415465,0.02277264195483093,0,0.02199891149391429,0.020679197803054966,0,0.2250142133238599,0.1642901596095316,1,0.08673061152085544,0.11345931715860375,0,0.08388338601440153,0.16970550425424513,0,0.7260762633347827,0.21111439985812175,1,0.05536772998469582,0.054283374710735216,0,0.04740874341813141,0.042083935206169855,0,1.8784448478360987,0.1633745589507466,1,0.013069939302532021,0.026139878605064042,0,-0.013990286936710662,0.02798057387342132,0,0.8042746818684694,0.17578955845261326,1,0.048890654847430055,0.0791689098143761,0,0.004442757572097918,0.008885515144195836,0,0.28115233096002834,0.16167362539404734,1,0.03647968695812604,0.07295937391625208,0,0.04053520278855181,0.03077775130244965,0,0.4498163294359352,0.11406690064098089,1,0.21892367169490434,0.11859723022854879,0,0.035736448167562086,0.036432389689710576,0,0.6130949296200775,0.4099698959921336,1,0.1789538080393256,0.2130956035770377,0,0.008287407748523634,0.033555615693164266,0,0.7693707015386952,0.09808621084213391,1,0.08051824378045204,0.10923969217609873,0,0.19470521613455932,0.08139217088932668,0,0.9530905187217827,0.281935292185976,1,0.28774383375823154,0.28683035749427976,0,0.05460243415378535,0.10942531415542621,0,0.6381216828750186,0.24373744615489298,1,0.03390159385524426,0.057582498145987135,0,0.39988029221056093,0.34218325881342226,0,0.6177127310931415,0.3316221634409219,1,0.07810217791944159,0.08097333171630185,0,0.049904558521902884,0.09980911704380577,0,0.40434873465373916,0.29264364404232573,1,0.1469724728140718,0.15081990367657494,0,0.03738029255203199,0.0556795461909019,0,0.3712754288684882,0.21898080424373145,1,0.10909976069902776,0.09814786797563678,0,0.0016078819946059753,0.03234636328018506,0,0.5991200816908097,0.24877462812655157,1,0.37812378279338066,0.36923760940480327,0,0.17589845109249072,0.16668783371025225,0,1.0097887363554965,0.4208141708709983,1,-0.008667638214049646,0.017335276428099292,0,0.05873538025219349,0.030542537087085177,0,0.683505268695187,0.27981399119199085,1,0.04293004499410576,0.04734092577926159,0,0.03531373748070099,0.07631852216310386,0,0.7526159458066058,0.46896128756597094,1,0.06337071740862692,0.07821300961819265,0,0.04777252135741959,0.06079878688065504,0,0.4062365889324612,0.24881641857533826,1,0.03230343451872195,0.07834570954713482,0,0.17764026643226216,0.2519355410622246,0,0.7015490432585965,0.3119632605749478,1,0.004185646379434189,0.02964141875124592,0,0.03371650381764432,0.03972368201502866,0,1.3429544329770082,0.1574983267963515,1,-0.010260867555362397,0.022423860767512883,0,0.00024359072683359794,0.09129700626770344,0,0.2629034291574879,0.1555532883004806,1,0.2561064827108417,0.21138025393614707,0,0.13980589468280455,0.13736680063187898,0,0.9996551501169734,0.28164466062006815,1,0.06303954930832088,0.0629214277866001,0,0.1027392708853749,0.08907979162304439,0,0.6709294128945666,0.2178292431139536,1,0.008712700739154457,0.017425401478308913,0,0.0648575901947284,0.11870569682538365,0,0.25279417304416374,0.19332324577740556,1,0.01874232784183141,0.03748465568366282,0,0.0,0.0,0
113,2000,0.6,bag,0.41986249808969084,0.021947014175389624,0.11871603905562259,0.055455679576951585,0,0.337726294149779,0.2127546191045215,1,0.06896403111580911,0.05231820104154942,0,0.12121447306065929,0.04999448068431126,0,1.3015496427967577,0.7605375624106974,1,0.0038445171397607767,0.07842082016098678,0,0.1474110349677299,0.14329845293860785,0,0.3676390798278272,0.335933437601276,1,0.3331508103395096,0.18640723367132359,0,0.14826281982838982,0.12529033935843806,0,0.38636766937668676,0.22942200941755306,1,0.2125281069425804,0.13288407025152496,0,0.14991672766864333,0.17489111644835142,0,0.7428337938006362,0.515920355105445,1,0.19110910484622531,0.07339673826464146,0,0.05633034779610592,0.06179491835968317,0,0.2620995862614166,0.2137049307388138,1,0.17874579743306365,0.16405729186903972,0,0.14248736499690315,0.07524692293877566,0,0.16214394975579197,0.2218153002433417,1,0.026743569052807337,0.09728874869029402,0,0.21736416518622614,0.12410609332372811,0,1.0482381282879032,0.4312208065463697,1,0.15751620013490847,0.049995282960722906,0,0.07143307249276006,0.057876500208359834,0,0.6026145937266397,0.19143771354843053,1,-0.012914653746473586,0.11061474600491882,0,0.14211260171426127,0.05716994966493766,0,0.1479050585045987,0.18974296750126693,1,0.12323572330585306,0.12747963552044997,0,0.08174543011639601,0.10078383967892016,0,0.27980191809579963,0.26759648244098033,1,0.1305941715308219,0.1168027499648585,0,0.018786467196122016,0.05651379301461953,0,2.1430115449578273,0.70385229354991,1,0.1162866778256739,0.21546563025970797,0,0.06108376300368272,0.0690762138496934,0,0.3382785230833331,0.3323584238387335,1,0.13126278759030666,0.056401104735792684,0,0.08628383065223309,0.12962100306355884,0,0.29001771682323124,0.14159365308615504,1,0.05789598115016146,0.23437240751764316,0,0.2260003131540583,0.1579268418125862,0,0.26985275976469936,0.12647721851928154,1,0.265056115971555,0.1715551553188827,0,0.05599362281789096,0.16499561851510186,0,0.728925509655468,0.21340915034990401,1,0.1309464628861338,0.08099414795486944,0,0.09475297479035906,0.05093182588000434,0,0.6194502136499548,0.2922289736514042,1,0.0614899906244014,0.14709956450003717,0,0.21133476391666525,0.3498122436013715,0,0.5474078604679165,0.32348771869503057,1,0.15047809124518635,0.1001666260226913,0,0.11087102052487452,0.08253977002551878,0,0.4675518805040097,0.3049314248852111,1,0.22102179379215076,0.1447701055690726,0,0.19084547651559758,0.1036521055784957,0,0.4967778738625304,0.06099752713598101,1,0.21955499924739544,0.18493524750107704,0,0.1469077345615793,0.1522082421706398,0,0.27217907425994203,0.07647840415375863,1,0.10892421084898112,0.11303712456669028,0,0.006480934903369854,0.14320610029290953,0,0.17316152689846448,0.17964691988118833,1,0.09008788058758166,0.11908235800250043,0,0.186708806842442,0.16911601553478198,0,0.4189484793258627,0.3877877911441171,1,0.012188430415640782,0.1554104327064658,0,0.07388784452043642,0.1396463728553384,0,0.5440259656852258,0.1515009727214948,1,0.12859796154675954,0.11548123476657267,0,0.04596634063236239,0.1356450349939283,0,0.5452349444574061,0.29916008042237335,1,0.36040639738212316,0.23824661765791863,0,0.2355820735538253,0.2018419575268668,0,0.18214600207453965,0.16407712659727533,1,0.12033175906478419,0.06985666172402441,0,0.02985633773929137,0.04446248248473707,0,0.20528223986632663,0.16888307489829504,1,0.2365237352619199,0.2038357167471859,0,0.20335133573208514,0.24894750474942393,0,0.5474704053639214,0.18247242673758712,1,0.1762449621606273,0.12755221715803977,0,0.09585872702925727,0.11762282537983332,0,0.5488440125205606,0.27081153034730215,1,0.25460057446797113,0.09690566270111954,0,0.08955037302659999,0.052618214587844506,0,0.27580085900842655,0.1678690638610666,1,0.14088014342679087,0.12347643025943854,0,0.21621288070655537,0.17245369146679224,0,0.5087340025046942,0.3489526947835051,1,0.17236705479788877,0.1490218557163949,0,0.16487279823908566,0.3231910846890336,0,0.4256386727121793,0.15864163878141996,1,0.046504443041031705,0.0764898571973278,0,0.1294366734621199,0.11704064699658334,0,0.034301105972453526,0.17333630010051315,1,0.011946819393254001,0.058025238288342836,0,0.00846591640628391,0.08587726252762136,0
113,2000,0.6,mlp,0.9643350799981176,0.002783291084275901,-0.007516951789463096,0.012528299862947921,0,2.0564498663171604,0.12341718166536399,1,0.022638098566610865,0.010467768345468389,0,0.006652587696008074,0.006930687763034205,0,2.1786498158288174,0.10016258830341426,1,0.00424416005935667,0.016904274768848117,0,0.012158161757404543,0.00852744266695528,0,1.765915182863217,0.12936720747190827,1,0.010032520061562574,0.013472949323287789,0,0.025230357840132993,0.014685425562770736,0,1.72507931946544,0.10444040094342173,1,-0.000522764428754395,0.022341347426032693,0,0.010342503309087665,0.014841229166487838,0,2.0044363216293393,0.17846481761657637,1,0.022139414194934585,0.024141565306448932,0,0.008411624871155066,0.016984909940828907,0,1.7212971437089528,0.2652186873360272,1,0.010371987805419692,0.024440208869065772,0,0.01443339761394998,0.012751010516654454,0,1.7537433870498838,0.04300885690088699,1,0.002051081321665155,0.015792264800600697,0,-0.00048272289989507273,0.009164402588118773,0,1.894674948349466,0.18295316484186852,1,-0.007249507846953984,0.03552282491681962,0,-0.001095713194823047,0.013559728218138273,0,1.6203081012750598,0.20227587062007002,1,0.026561630181177694,0.016835692664204295,0,-0.004221607785821041,0.027033206458129948,0,1.9065078950304357,0.07666890582659909,1,0.01299308307136519,0.012875544876501053,0,-0.0037138443621880604,0.009691702654162488,0,1.7532309451197925,0.1714247591411037,1,0.002355787790029631,0.015578514005514812,0,0.019674849387512718,0.02188241793408425,0,1.9546978836986177,0.1956820151364874,1,0.018883912369913144,0.015491211397810142,0,0.001378716987427178,0.01329777068879123,0,1.7852474424154223,0.19655804126018964,1,-0.008707835790875074,0.007697750455820804,0,0.0165259583127718,0.014685466320357679,0,1.793750546352723,0.02742809083025074,1,-0.00665082916311748,0.014053374792041447,0,-0.016735776900427518,0.008153087757413153,0,1.6611130282457016,0.1543236859085588,1,0.01270774741867552,0.025263230161866292,0,0.005645165838715474,0.027793108604241824,0,1.9273155083392233,0.17140985384082744,1,0.010519399146034012,0.029731506281698784,0,0.03598999649511975,0.02700121895042753,0,1.810041032871074,0.16975118133002368,1,0.009980886659210951,0.021157036444090237,0,0.012455139520010365,0.01397109655068885,0,1.8288698211072205,0.08714188160946537,1,0.002931736988198075,0.02201764780342581,0,-0.014363036772750573,0.015094027187048156,0,2.1197064965378987,0.20535918268470654,1,-0.008138901953088012,0.01795056090711082,0,0.002614076271381525,0.022108351513067635,0,1.9008718656793022,0.18549380479902394,1,0.013366025759843862,0.006363185991316388,0,-0.0041244080462696665,0.02678747306320984,0,1.4991806547951847,0.14973097493429532,1,0.019789487540873545,0.03308541143005052,0,-0.0013887187734208065,0.025427226847802003,0,1.7098450811402646,0.26649733777073586,1,-0.005115198733795634,0.02258466136036025,0,0.008321937295516568,0.018722902987621536,0,1.8796596986994352,0.10328407466496775,1,0.00840083394275552,0.008541207931734175,0,0.005406794581693355,0.004801473075541127,0,1.8240647078281065,0.1628815740394278,1,0.01820973699524737,0.01574635812113037,0,0.007957491996833729,0.0172699986309715,0,1.7700360929251304,0.16272145687892686,1,-0.00650308278411348,0.01363925287866781,0,0.002926410787258324,0.024226606077718284,0,2.103125989291672,0.24110784426702273,1,0.014715106369969044,0.011936664028838702,0,0.0332744597103923,0.028816265572408514,0,1.7217618080459336,0.1453890025810318,1,-0.005867350416295138,0.016422083545787298,0,-0.0011587896905515204,0.006952573768948471,0,1.9449350770960745,0.2237078613233031,1,-0.0004175332058797259,0.016116201562060416,0,0.012454473170963928,0.013929760309539367,0,1.8448526128585705,0.0978250175955583,1,0.018947369528507327,0.014080458194430656,0,0.027304786770489455,0.013895666326489989,0,1.890958896637447,0.2403591980591707,1,0.019974452109898993,0.014473339094123157,0,0.014981891473802744,0.01881843744877854,0,1.7299353429035371,0.04874159604049501,1,0.02412168531385093,0.027113569699214003,0,-0.001999584708868779,0.016361093193505913,0,1.7575923415330117,0.12376592128986529,1,0.0022623596460458937,0.01606894721858203,0,0.007343463655273251,0.024454581194121156,0,1.748783365034805,0.13818986125208468,1,-0.01658227748230369,0.015005040241544379,0,0.0208474006055832,0.018848842100258337,0
113,2000,0.6,svr,0.8513864140128315,0.011605804336444833,0.08042001155790549,0.022091417261765958,0,0.8458307749994735,0.07369577035966837,1,0.08014205565999218,0.031123619697245437,0,0.09037307462885981,0.02268435660884382,0,1.0634623779353838,0.1138837746779238,1,0.10192137838902378,0.04622267915980791,0,0.07858664356678853,0.03284663357699856,0,0.6959755612810689,0.06977727156482479,1,0.13119679054215433,0.0365124331614558,0,0.10522318229520167,0.034702046434243856,0,0.9308047353397167,0.04797141843841029,1,0.14080745566114955,0.038644571118865274,0,0.09243647440408922,0.033005581359031644,0,1.0491321386337438,0.09281282733573906,1,0.11283538709133505,0.02419709209273118,0,0.10973825437166632,0.039483268191468926,0,0.723077546664775,0.11461031265139589,1,0.10165587816586166,0.022415183469497953,0,0.04998738471026898,0.029090435736333714,0,0.7462360376598416,0.021238943863463654,1,0.11745444720785243,0.032962550773698765,0,0.13283860329302194,0.01449211251618939,0,0.9242276879498507,0.09926724997761883,1,0.13229414484074162,0.040853485229591584,0,0.06769875375387506,0.027443126297725606,0,0.9198008830263802,0.1294660864659043,1,0.04709627679579747,0.03338302649096397,0,0.12354151555525976,0.05819188400937667,0,0.9144086468961617,0.07662558002032431,1,0.05855217998933513,0.016523705781713176,0,0.09346326939356103,0.0765059646083345,0,0.7498639373839991,0.11674247154961319,1,0.04220557551421035,0.018230932301538483,0,0.17401497776689315,0.05128139664761144,0,0.9014147683114022,0.12194731048120183,1,0.09636422459135272,0.036156296677721564,0,0.14543554937804157,0.06266875768215005,0,0.7701695457458155,0.15091893012708443,1,0.08441836132249894,0.027314033481631653,0,0.043369958731550154,0.02933968153314045,0,0.825182847864502,0.08713497602531388,1,0.07092071663644685,0.04086852418813609,0,0.13491924923575105,0.053282072431922456,0,0.696201770903451,0.15282405966370932,1,0.15093412337360773,0.06880511550366993,0,0.10649638658075036,0.04887641760332533,0,0.7620390301382323,0.17273764464130328,1,0.16423358104024904,0.07284952426947906,0,0.17966484497886928,0.0599449718045279,0,0.7480482663356411,0.036075913548241204,1,0.1003481124893271,0.008082478855551361,0,0.12844937129896014,0.03085009587191049,0,0.7284574145965625,0.0889809198855077,1,0.19370053274593627,0.03925711635448561,0,0.09978203037759006,0.01944342994886373,0,0.8099898080805612,0.09177463391280309,1,0.10397455098000004,0.03344542967450933,0,0.11249742476383966,0.019045197786688745,0,0.7962950405360321,0.06930231648367714,1,0.12058097198770583,0.027847182316981692,0,0.06477509861627999,0.032174353330770074,0,0.6554404278352902,0.09511418206856836,1,0.15966824380985442,0.03767217558464533,0,0.11918096773608874,0.049841976688627804,0,0.7092508126601511,0.1693646279714074,1,0.09677779409875661,0.03038504988993302,0,0.12641358543484732,0.05583133168054129,0,0.8698413459513281,0.14487761066908975,1,0.11142966742604614,0.05190697516422955,0,0.16770617562109025,0.05627481162327951,0,0.6231885947148861,0.14115097758435793,1,0.10638186089262265,0.05992455400883152,0,0.03880830576062726,0.05355081896315769,0,0.7907966801284301,0.1572089707356352,1,0.08677630500895427,0.034987261963985175,0,0.10942860077097447,0.04505972797670265,0,0.9211976410127443,0.19773056564489577,1,0.0798282516764993,0.05669254794862615,0,0.13784755846725497,0.06303661972882903,0,0.6657851925419785,0.10576504941985371,1,0.18528060155116946,0.06433390199775196,0,0.11545722224475281,0.0473818325769498,0,0.753649916718721,0.14813866802638703,1,0.0864148371069198,0.013222371969472648,0,0.025655073186972625,0.01965075405331096,0,0.7759393665405397,0.09449537811881813,1,0.11972511650762589,0.02047816641450708,0,0.09033285760775663,0.016469959343645393,0,0.7360497786902837,0.1627992219618752,1,0.10532593259459777,0.04521302556111066,0,0.12074073908133687,0.03877571391015989,0,0.8618601181144687,0.12686742257595035,1,0.1068113381478489,0.01515950823651467,0,0.1278680440889513,0.04013353490778683,0,0.7096820240711571,0.09833551894886863,1,0.08581984370016092,0.051046199800409676,0,0.1934068809124337,0.03125962079682903,0,0.753867308503821,0.07410074715121459,1,0.025328735268017315,0.033823917857747195,0,0.0073375602862117304,0.03166621437360025,0
113,2000,0.6,knn,0.5945847386810634,0.014081156040831913,0.22925134040587647,0.2838215703852515,0,0.14510181196763497,0.2410764572099225,1,0.19483064073220863,0.34443613455910166,0,0.15570073828341374,0.27481529485532974,0,0.4645587033898818,0.4033381363495293,1,0.13228321808383453,0.35849432627553623,0,0.2872785536917991,0.2564799179175747,0,0.29970962341152624,0.170984050214571,1,0.053503910145224674,0.304110914847332,0,0.15279856783123233,0.20744672927445182,0,0.19219321889516217,0.17280293778154962,1,-0.0892128568420425,0.17873135005074098,0,0.04942407732918127,0.31981310984053835,0,0.542068325710299,0.3830683239701344,1,0.2741769249035618,0.15115239567949293,0,0.25597634491157484,0.19280116271374553,0,0.5927554225776686,0.34453270838402345,1,0.40634057815155744,0.45929296497556743,0,0.1556560472797876,0.1712136141471514,0,0.49358158867518825,0.41419604171898455,1,0.2889704229150773,0.5345490301519308,0,0.3860204040736227,0.18314378828013186,0,0.5458954436086487,0.2594013699879625,1,-0.1204384892337698,0.21065545287584442,0,0.09657002068762095,0.249432680279347,0,0.44602136062026015,0.19533730944660604,1,0.1302500629616968,0.3727320174882198,0,0.33653246071719795,0.3160893901525904,0,0.5775831484630987,0.2970465578526526,1,0.1347684826942676,0.16141285020097088,0,0.3181267507091513,0.3280427955107088,0,0.41340250112348337,0.20087859123089466,1,-0.02286376992742961,0.22455069953621354,0,0.19018200409186942,0.3138925510744593,0,0.5225753802892917,0.33340014845210236,1,0.0482820821796832,0.2959209896042486,0,0.25422892239106265,0.20413197883548698,0,0.3053396525722311,0.5803562542133264,1,0.3173990760755359,0.3177718180017632,0,0.15996527234932728,0.330129871313955,0,0.5698897354921548,0.2000823586950085,1,0.15221762807872943,0.19930098241913766,0,0.30429884071205515,0.2270061305855598,0,0.23243010942326583,0.27336757399912887,1,-0.0527263172532525,0.41768092800083256,0,0.1718317554368551,0.2374690864809991,0,0.4866836179088104,0.21890715196633256,1,0.2730148505018122,0.3267185629404745,0,0.19781272692587953,0.17311217046554148,0,0.1574424255616207,0.3323774889711475,1,0.01606404042314663,0.29413823064365563,0,0.22659256785623327,0.2833781738761623,0,0.541707462102622,0.548362822841658,1,0.26357001225661014,0.26218117514805045,0,0.09399143071282814,0.30269164795147363,0,0.259038081141157,0.3201298353610891,1,0.1396688945944458,0.16261053269064635,0,0.08444916969122708,0.26081620730476635,0,0.4068601041407828,0.28071742197249483,1,0.1392222536179208,0.2797023565289645,0,0.17291089522078829,0.10356087881393716,0,0.22066496670726946,0.4802159139187702,1,0.20359040365312797,0.3977377896022567,0,0.12207049416240459,0.5599015685481497,0,0.482815011833347,0.3951700058715581,1,0.2446870942281841,0.2021242743288265,0,0.11756453479799163,0.22295110656478148,0,0.6481552453694034,0.3063483408260862,1,-0.05517309888121787,0.1824598058822024,0,-0.011676912094885791,0.4011185097721252,0,0.2893795833656487,0.21375248413580622,1,0.019637891988325572,0.2160386674732719,0,0.3104522442092561,0.6088921915285007,0,0.706314773855188,0.415455043356552,1,0.38823204565272995,0.48596519005423106,0,0.011562890141066661,0.3195490021096321,0,0.4514481653156821,0.4599475355292988,1,0.10556131069822705,0.22875637780975,0,0.12400016735053529,0.33908269438482774,0,0.3577641519170974,0.28366815985725885,1,0.17204408138176425,0.3819267103314802,0,0.407624331438316,0.37334698810711275,0,0.4756681934464443,0.3097605202975211,1,0.06464854441904068,0.3306031366089088,0,0.27854577871791064,0.2149470838190722,0,0.5408691519523597,0.3878575829065826,1,0.31203328600223157,0.23596603785677442,0,0.33590331519794253,0.24081079118359902,0,0.5560429052886084,0.2855316837318942,1,0.04593423487388838,0.1826634338133788,0,0.29110943273327655,0.34711637929509626,0,0.5362080222755166,0.4045247056920754,1,0.18609095386127955,0.3239902734713122,0,0.22214306987141913,0.3474188099571555,0,0.11501756932826405,0.3649408169072475,1,0.16940939680574724,0.31850530152032225,0,0.27787228644662454,0.37241357994570673,0,0.4721985280004587,0.48515099076962176,1,0.0836670014520741,0.40103984329209996,0,-0.051327972388713936,0.2608125935248945,0
113,2000,0.6,SuperLearner,0.9785663529377949,0.002208476508755486,-0.0015248704307814923,0.0016232797516439112,0,2.1883931145649442,0.17933272084449314,1,0.0018526173689365703,0.001532928351798421,0,0.0005277912832885812,0.00088145445939137,0,2.4192748874494554,0.1545232551515584,1,0.00048107097828954567,0.0010979179139813202,0,0.007844444647800982,0.003229300489972932,0,2.029039958978663,0.13215091958753603,1,-5.63661281784355e-06,0.0006249951346655818,0,0.0023312350642407088,0.0038021499562647964,0,1.9381427969309037,0.09439058264739866,1,0.0014027445515433072,0.004026145762558103,0,-0.0002957766122527688,0.0025639017980222745,0,2.1814107543463837,0.0864808273748158,1,0.005226298091769747,0.005927236854431963,0,0.007535056110781637,0.006162212370818379,0,1.8057943242135301,0.20469938063123153,1,0.007403268207184647,0.005391515567252487,0,-0.0010581581012360664,0.0013448272610932105,0,1.9566931367929303,0.05150045808744063,1,-0.00045555260963887,0.0030279404289545223,0,-0.0013332541283586044,0.004004753073947799,0,2.028849686344027,0.13275237096946327,1,-0.002397843468357892,0.0017561542553581199,0,0.0013462590634840041,0.0044671148270711706,0,1.8498306603195012,0.21917619665080085,1,0.001293224122269805,0.003577535895839082,0,-0.0002457220591340045,0.0035579265291472454,0,1.8287083886868953,0.06642913661746379,1,-0.0006970814286920838,0.0013173802253063705,0,-0.0011650915579103191,0.0034792764966386194,0,1.8690829350108298,0.22388028296517318,1,-0.00016393711393738455,0.002216893809318629,0,0.001073154998030526,0.006202187050305714,0,1.8701769377902948,0.18565256800016602,1,0.00743648384307153,0.00688249546421054,0,-0.0004645725972999406,0.004864389473779098,0,1.8394708163728546,0.18369453461543972,1,0.00011394413149788474,0.0017452334689193674,0,0.005738905885190424,0.0028192012529655763,0,1.9958687658757726,0.0534057563112019,1,0.0008128733668449009,0.0013778838418903696,0,-0.00028652315237799944,0.003881134613512329,0,1.9338798797619305,0.06805217617616383,1,0.00871394741604007,0.0066078072956155245,0,0.006491935266669971,0.004289730291312147,0,2.2449616806638315,0.13581152876602226,1,0.0016058242249404353,0.004361309735492439,0,0.00514103618518103,0.0018928854514963169,0,1.9450188723258877,0.11663229504425802,1,0.001920598800934109,0.0032857316034659435,0,-0.0020266100727967884,0.0037401960219477556,0,1.9251883475391451,0.06256967753787691,1,0.0014071891095048298,0.004112701596776546,0,0.000851537434737502,0.0019427484845966631,0,2.0068754544302267,0.08358268052224262,1,-0.0020810861269944885,0.0027113340266029426,0,0.0003615684931119748,0.003053133323790495,0,1.9151237131030168,0.1440690003236223,1,-0.00021088436380103598,0.002465756616790704,0,-0.0008128284837051966,0.0031265966897721167,0,1.5959827761742478,0.09376203126767667,1,0.01904502851868655,0.014928062388828583,0,0.0004465249105967293,0.0032273546284885333,0,1.8949127199746834,0.25207222825544806,1,0.0004649588028301493,0.004117674137864284,0,-0.0032056638822921995,0.0015233308271880147,0,1.9476080306847368,0.18779820339288522,1,0.0009720233785173324,0.0007104216997550969,0,0.0003135677915567161,0.00041841583552960145,0,1.9363279186437903,0.21256440837638801,1,0.00451429185248402,0.0036490507802250925,0,0.002918752782653984,0.0027296260587209033,0,1.9051547954060908,0.16182116691602802,1,0.003765540996023932,0.0036104785343795062,0,-0.0006191513120231632,0.0015341936188167707,0,2.218795534492101,0.2670857836198026,1,-0.0011050686284147214,0.003919024150274732,0,0.0011281553572946145,0.006190152293106589,0,1.8965459068321024,0.10636961604165537,1,2.838294992246397e-05,0.001022111004974637,0,-7.5564792372472e-05,0.004066834845050115,0,2.068259838355724,0.21963054463785583,1,-0.0005801230445818049,0.002205859771597022,0,0.00033456653447628686,0.004190275208843812,0,1.9159868005735041,0.11162268626408409,1,-0.0009813197927242502,0.003269409398902628,0,-0.00023556016212437076,0.0013617736536341441,0,1.9538914607091211,0.18839552439888108,1,0.000913280745813504,0.003141797472323715,0,-0.0019646551353910543,0.0025900402717304594,0,1.899489472209325,0.097161045003688,1,-0.0003422867984637063,0.0025072975594197036,0,0.001184418909788497,0.0016916542691746352,0,1.920740321487192,0.11607272317694572,1,0.0019329303817885487,0.0038038268526390784,0,0.0011808550792005925,0.0017574367042461716,0,1.9630598917355218,0.1304339651993892,1,0.0009363301560779847,0.002156411160262204,0,-0.0017313971129419691,0.000816981115645048,0
113,5000,0.6,lr,0.981304731063501,0.0010713219878542993,0.0030205291989374764,0.0011122269187053516,0,1.9518726758235807,0.07356399540085784,1,-0.0002899797158497211,0.00048719496327901996,0,1.3500830504095326e-05,0.0004955136863247534,0,2.1039941755810205,0.07099202474228669,1,-0.000997409461709617,0.0009050786056821426,0,0.00035835356720902476,0.0001755316113143378,0,2.0235576795996697,0.05136835392814828,1,0.00016644939754160672,0.0007817965949860769,0,0.0002789882484403723,0.0006565606654766555,0,1.8971741091929126,0.07123240026749385,1,-0.0005266767529944923,0.000520796213283622,0,0.000743114045152968,0.0008237749048823932,0,2.0723989133717486,0.10799786484549695,1,1.0717995053509908e-05,0.00034336590171686057,0,-0.0012000422927894098,0.001124267681082827,0,1.9304474912225804,0.05093058375062656,1,0.0016382475164006278,0.0008255467073687669,0,0.0035085677007741178,0.0016188008384458476,0,2.0241436824984556,0.0719096162538538,1,-7.962244531841641e-05,0.0010457048640408059,0,-0.0010169274977400384,0.0007954271225303711,0,1.9875238311058563,0.03652494728192805,1,0.0010368752574825394,0.0008787207909477363,0,0.0015439265877177134,0.0009262447275924586,0,1.9569489543153584,0.11463614465879825,1,-0.00019484324970653685,0.00021368468013818255,0,-0.00028294851832681944,0.000875573937220804,0,1.9699652640486547,0.08439461869237176,1,0.00041169487125064963,0.0006038822161522094,0,-9.995652770615226e-05,0.00046483969470974913,0,1.9659187096336275,0.10420701754489343,1,0.0002493268305981928,0.0005034696033250907,0,0.0034866987790572895,0.0013030454398836116,0,1.9029094582367159,0.08510821869340697,1,0.002503940243927976,0.0013734514732402189,0,-0.0004816101322965722,0.0010425452805909612,0,1.882314695299749,0.10896720430060819,1,4.926935814870469e-05,0.0004729981889800925,0,0.000669514794952499,0.0009044654838618384,0,2.093844051790925,0.08551124420290229,1,0.0014006140280296959,0.001013607002713736,0,-0.00020131687660880046,0.0005428782356676598,0,1.9727093902804633,0.08611113042613028,1,0.0020946233307263897,0.0020165187217410277,0,0.00044541522261789493,0.0006756428517316334,0,2.0594775006729313,0.05900781388535247,1,-0.0005065512896177959,0.0002625222627470371,0,5.655521859122767e-05,0.0009590289154941036,0,1.7948750344154696,0.10143889063971094,1,0.00027803737712181676,0.0007197845926585664,0,0.00013056244603310628,0.0005567287796952147,0,2.054129836014653,0.07006659616079434,1,0.00048768729569708747,0.0005993714224635259,0,0.00015449523421923316,0.0005617802810399579,0,2.1079398465684056,0.0568831675813423,1,0.000897544602244126,0.0006305994820791101,0,0.00039816246323786335,0.0005126838912448793,0,2.0627099510637157,0.07371336532676125,1,-0.000144057764644248,0.0001543373349712363,0,0.006529340153080897,0.004055965250969136,0,2.165191136157846,0.1302905370805358,1,0.00019482480558400853,0.0008018174884562126,0,-0.00039206478121258477,0.0003932024470840999,0,1.9527968499451276,0.10799966203559522,1,0.0004591764383738912,0.0004911859921317982,0,0.0006741779636101222,0.0005371430664395397,0,1.940838195183843,0.1195267250318935,1,-0.00046451299394748924,0.0008115236147467917,0,-0.0004258711685813998,0.001971000687803716,0,2.0261643592592113,0.1390413068487583,1,0.000521516917153356,0.0005841720734132293,0,-0.0003068813916647688,0.00035234604854456953,0,2.0158156039992567,0.07873421018634323,1,0.0008377178562180258,0.0007787724617676568,0,1.441379616378889e-05,0.00026598239449047566,0,2.0580994594166495,0.07215703088336066,1,0.0005935910997833776,0.0009802861213146028,0,-5.167876770545021e-05,0.00041095295964894214,0,1.8787887971696353,0.07175310809750021,1,9.108687869641675e-05,0.0009536699561940626,0,-0.00043036333475784575,0.0007585738386482411,0,2.018171327153614,0.10837672555801801,1,0.000805824261464887,0.0010682268532617345,0,-0.00040612307168636126,0.0005374677017126919,0,2.0851519789447943,0.040096845963923614,1,0.0013858992597400523,0.0008360213111539659,0,0.000207383496813335,0.0003495302415367018,0,2.020343661869594,0.1006375975002237,1,6.056342502760703e-05,0.000809167360453615,0,-0.00025556503797745524,0.0004377519546700105,0,2.080405107492197,0.05555292695390395,1,0.0033954149163327903,0.001443342555264717,0,0.0007336368783908967,0.000541422999528454,0,1.9883188262190092,0.10771219823042144,1,0.0031127491279736583,0.0026062819869524492,0,0.00034271547766554275,0.0011784543903390742,0,2.074843753363047,0.11175204630403082,1,0.00168731773613824,0.0009529663205725789,0,0.000524608650203707,0.0005821030104145308,0
113,5000,0.6,lasso,0.5638706922760811,0.006867575347312295,0.0,0.0,0,0.1621356748363795,0.03855430744348815,1,0.0,0.0,0,0.0,0.0,0,1.2569827008631111,0.06451242317988376,1,0.0,0.0,0,0.0,0.0,0,0.8845809218856164,0.049382869914952575,1,0.0,0.0,0,0.0,0.0,0,1.0841258751057867,0.028854272335932726,1,0.0,0.0,0,0.0,0.0,0,1.5378093319941906,0.06244311625407392,1,0.0,0.0,0,0.0,0.0,0,0.5625133902744797,0.035705970322809054,1,0.0,0.0,0,0.0,0.0,0,0.8101402643589593,0.02230080773467769,1,0.0,0.0,0,0.0,0.0,0,1.0351463788094628,0.038172781199282906,1,0.0,0.0,0,0.0,0.0,0,1.2386706856802125,0.05028711999767763,1,0.0,0.0,0,0.0,0.0,0,1.0412284246348675,0.03643788128918439,1,0.0,0.0,0,0.0,0.0,0,1.0911275646011256,0.032709040076882544,1,0.0,0.0,0,0.0,0.0,0,1.1025042312013889,0.05528870525460032,1,0.0,0.0,0,0.0,0.0,0,0.6182291175397492,0.015201660319777422,1,0.0,0.0,0,0.0,0.0,0,0.9903886298529565,0.022363440578132467,1,0.0,0.0,0,0.0,0.0,0,0.8081674464809548,0.034086451807248744,1,0.0,0.0,0,0.0,0.0,0,0.9783102076692319,0.03523607034504444,1,0.0,0.0,0,0.0,0.0,0,0.9325579127022714,0.05155292156213288,1,0.0,0.0,0,0.0,0.0,0,1.2628069031335787,0.04496486268956681,1,0.0,0.0,0,0.0,0.0,0,1.038511551369174,0.0253766279046643,1,0.0,0.0,0,0.0,0.0,0,1.167689912284759,0.01852758151369866,1,0.0,0.0,0,0.0,0.0,0,0.7399099798438068,0.012402010519672647,1,0.0,0.0,0,0.0,0.0,0,0.8164638291109734,0.015511366582928631,1,0.0,0.0,0,0.0,0.0,0,0.8330684741572174,0.03552644236075656,1,0.0,0.0,0,0.0,0.0,0,0.9434413063852297,0.018396325467966372,1,0.0,0.0,0,0.0,0.0,0,1.0730630237841172,0.014289928646353754,1,0.0,0.0,0,0.0,0.0,0,0.926395733831298,0.02320844481671024,1,0.0,0.0,0,0.0,0.0,0,0.8880306391026116,0.06171949550188816,1,0.0,0.0,0,0.0,0.0,0,0.725204493671585,0.030071985413098207,1,0.0,0.0,0,0.0,0.0,0,0.9158200067857166,0.043344767309960584,1,0.0,0.0,0,0.0,0.0,0,0.99087396399268,0.04426632666872794,1,0.0,0.0,0,0.0,0.0,0,1.571207889252935,0.042431248096658665,1,0.0,0.0,0,0.0,0.0,0,0.9086239744933862,0.027524803864122944,1,0.0,0.0,0,0.0,0.0,0,0.48226310819344764,0.02395537745397535,1,0.0,0.0,0,0.0,0.0,0
113,5000,0.6,dt,-0.16803679730727494,0.047912489039371446,-0.007116613315439701,0.28177136040961714,0,0.39846509231918625,0.2941809522925087,1,0.23724853185329337,0.2578228562444848,0,0.01694912854390626,0.32185874361057093,0,1.00757982672856,1.1460757420831524,1,0.0056447855537729765,0.08906501572635711,0,0.08034234666472753,0.2052684264925496,0,1.5007919107903356,0.7593656927231459,1,0.03375822262822319,0.21816036348736742,0,0.26546796195782385,0.1802972115372607,0,0.8522643161034527,0.427034906388724,1,0.030941120876269677,0.5022220951814705,0,0.3144728313521048,0.15539450363936388,0,1.0806340541368449,0.5356869791834706,1,0.05494073711324586,0.11545992614319524,0,0.09739840943623397,0.26438638589159436,0,1.0042552456540466,1.0557140053526552,1,0.07079666106421481,0.25130703612963157,0,0.15287200571806295,0.23760380116855023,0,0.4879254496146781,1.0910804532406055,1,-0.043426043953040096,0.3899092293153499,0,0.3120524056303207,0.22939532387095193,0,1.0100905362889827,0.6056314906153647,1,0.13339116191453826,0.070553390865887,0,0.169776383415067,0.28603594573904617,0,1.1289788926164057,0.5646537362689868,1,0.17750975732826396,0.1559960320304126,0,0.2839193271834648,0.2406105071048877,0,0.9412156368464315,0.5039028597030959,1,0.1624269992452853,0.20995913922666518,0,0.7721619374591934,0.7420937190733065,0,0.9801267890634613,0.4880089561178574,1,0.18243741056231885,0.21263138578482624,0,0.21079407404974976,0.21863203456199107,0,1.6148108322610533,1.3632665965043511,1,-0.018085213564917695,0.30245691358869536,0,0.5680268813418597,0.5469966416650125,0,1.0812302704194294,0.9325766046128793,1,0.01594136306900481,0.11998849439364181,0,-0.022859675670584324,0.23933458096415533,0,0.873151776498459,0.38874488959598547,1,0.4071482352302029,0.3412594044337636,0,0.08456502149760174,0.18258278556966598,0,1.164645005855522,0.9926355487684022,1,-0.0998311578707107,0.5233875321196352,0,0.1439039709620447,0.2627577384315927,0,1.004744217281162,0.9459405730684266,1,0.4725002723161637,0.32393263305651737,0,0.10897502123909546,0.17983568764461347,0,0.7611638394347706,0.49530337742398395,1,0.36402805764351887,0.5539660923538764,0,0.184483293583415,0.5032748587432566,0,2.842309295294357,0.7529399477487501,1,0.4681297062291274,0.2347213283542285,0,0.02899291267202313,0.23994570946022045,0,0.7811477528183455,0.6920380782537692,1,-0.05511023617620836,0.1966336164065499,0,0.32907111556728885,0.3303671125050945,0,0.9141827002957896,1.411668447907738,1,0.1649137412610231,0.2212810670817555,0,0.23717544006528057,0.23861820416398566,0,0.9617069188348897,0.8545320697973311,1,0.23096688111503968,0.19957127931695418,0,-0.12197498176158875,0.15846146318677481,0,0.3324944490190552,0.707339758785452,1,0.3271614727190718,0.2718195540271256,0,0.16500454303615325,0.2687111802351921,0,1.0425532690887027,1.1728890874679865,1,0.21172945562241813,0.17024862861277384,0,-0.0012201422671483352,0.27287160512781533,0,1.2991293336661598,1.3872944632986282,1,0.034630619707017904,0.1199943040117531,0,0.19148750317702476,0.42109000665950413,0,1.4166709240644706,0.7335959304585766,1,0.3222913159891617,0.5370171721217749,0,0.09218005932290749,0.176396065134889,0,1.861439387315676,1.819641848033384,1,0.19907267368506254,0.16610060155387163,0,0.19351300555764162,0.276472878091993,0,0.3715280124865044,0.39897757195664213,1,0.14459363731109248,0.29246480138747444,0,0.13973711651118353,0.22856662071609163,0,0.5834823396641433,0.49755129070944026,1,0.2580757668401376,0.11092472602405466,0,0.18636052269781292,0.05753905418371876,0,0.8604786142722338,1.094699466342936,1,0.11594984421595109,0.5099160267375207,0,0.2884195901930812,0.35939496459312126,0,0.9915597380682886,0.7429078620649657,1,0.12085712890595382,0.32681575388373957,0,0.09282918249330971,0.2356219402484769,0,1.4114530124690687,1.0322525880236393,1,0.027166344142983335,0.6756289362927648,0,0.40652553365526123,0.3110032662514285,0,0.09295964384994257,0.41294987072308653,1,0.03526001442816247,0.2750790769908104,0,0.0169925048782127,0.2649080944463284,0,0.21380020969655494,0.42571034016197323,1,0.13523133164822312,0.06369991767248198,0,-0.12150731651732054,0.268272647645996,0
113,5000,0.6,rf,0.5525498281291409,0.006663913538732217,0.02839149943850681,0.019188681250020143,0,0.21484537825512087,0.03021238327823304,1,0.05739695151601022,0.02127902233650859,0,0.093676129235688,0.014841545835366112,0,0.5645398136899383,0.11647711902201921,1,0.16705660156431695,0.02777999338325099,0,0.06437526784280133,0.025418249833716548,0,0.6997975318120415,0.09364495108329798,1,0.19036462162259368,0.06883102670892864,0,0.08912286062103422,0.011107920033618776,0,0.673953304632154,0.16888200208084408,1,0.1648664839047729,0.036973124255697556,0,0.2522792612575181,0.010578488588555401,0,0.7820913588573429,0.10566390819715626,1,0.11526660653187441,0.020580888389069726,0,0.08052494105551002,0.023607470312153253,0,0.3928937751443771,0.0655354666956224,1,0.10232229069194372,0.0272167305984399,0,0.09800760861408349,0.01543917011533094,0,0.49582364118815087,0.04526442690566441,1,0.10624867167837666,0.033121642040594756,0,0.11161685486317388,0.04061923381918019,0,0.7277688569582953,0.15935335819054863,1,0.0692154932472909,0.024311431835097586,0,0.10881658168272657,0.04043392124053546,0,0.9026392264856284,0.09900187990026406,1,0.08220238390076201,0.02071771501231985,0,0.10585862372965275,0.0313739715617966,0,0.6203427679007657,0.07890663318536062,1,0.09984801221386032,0.015447934896917865,0,0.12473928237628333,0.03192939571610738,0,0.6811956973051507,0.04414480995756754,1,0.10997237793921902,0.024258587856054167,0,0.10056090676662673,0.037296626864421714,0,0.781913769825185,0.16251365131447876,1,0.08256662730686928,0.02628223872204881,0,0.08558636864047836,0.02320231711996174,0,0.603124038358646,0.02356241077467641,1,0.09434381721015941,0.02505366722735649,0,0.061014066608210724,0.04055392320048799,0,0.6031101825184094,0.058213785166408454,1,0.12709193123615478,0.02315375903970825,0,0.12727258654206713,0.01938611534270536,0,0.45525398915198084,0.05682487304906493,1,0.13457818447508377,0.028468203584849486,0,0.11189185597269005,0.010493391323351883,0,0.5353108670216429,0.05426746883618512,1,0.18566317703067736,0.021957625399362225,0,0.16377110134464767,0.020620401354270335,0,0.48478301994068806,0.05217614525344009,1,0.1042942835379782,0.028325971497552695,0,0.11017808820559619,0.024636903111725384,0,1.1246623269018263,0.2592195322662283,1,0.16442852966748425,0.0334113075768022,0,0.07777985650994834,0.02104220522853331,0,0.6717635026913386,0.10814381124050534,1,0.0861615736487882,0.02957545269807745,0,0.11273810271943352,0.029917969900772265,0,0.8576081739078483,0.12597909238661284,1,0.1131680928850011,0.028979953528443028,0,0.08669540321531403,0.031566227486097324,0,0.44519075939646324,0.019732333738101602,1,0.1322033623380289,0.027825269786101395,0,0.10628438050720027,0.021743206211601578,0,0.456854778066763,0.05478203844793027,1,0.13170316248433606,0.016531136339290705,0,0.11702615394692155,0.03097421093629419,0,0.42098102245574676,0.08031695263891586,1,0.08970868635059732,0.04639767056014545,0,0.12615466368208542,0.026527302550099784,0,0.9158647738221527,0.15496313181404658,1,0.11473359935955403,0.049027051450580776,0,0.1256656603079534,0.026405753129460953,0,0.6385580810602002,0.08461794928977895,1,0.14234181199411347,0.034319412507127355,0,0.0889931139107541,0.025849548611589782,0,0.7489002160175265,0.17953458915237355,1,0.07319781251905462,0.034341312036262894,0,0.09952200031662599,0.021122758031343117,0,0.4284883410122727,0.06281037659507085,1,0.11537751234069031,0.01672414894782096,0,0.17500624479866392,0.027992457443543985,0,0.49165146246261154,0.08510913207937984,1,0.08900620421430151,0.011848421396056755,0,0.08945519240098279,0.026720902545090727,0,0.6780447003803187,0.08847042210982455,1,0.11144521302871624,0.029747452689060885,0,0.08926063968042441,0.02200411514450797,0,0.6700285842346562,0.0954540633180718,1,0.11222282804587366,0.01888649562980949,0,0.09995906632982757,0.030435014179066276,0,1.1276891590142775,0.08636242188909989,1,0.10782546920662284,0.030394145901654575,0,0.11452681521649763,0.03406012060770736,0,0.6084748165939163,0.07952793528762701,1,0.07004801966860427,0.031451294301993886,0,0.09669349734004806,0.019532485287390693,0,0.3414831133218354,0.014336377657441245,1,0.034391945498769075,0.009378110454060964,0,0.003203260227697541,0.014509960255529055,0
113,5000,0.6,et,0.5496413184631208,0.008218652568799539,0.04219174038441243,0.01704701396008731,0,0.20621291378770185,0.025769670486565716,1,0.06838094175753615,0.018165396539889172,0,0.0884360342940129,0.0330506454261223,0,0.5663928316330067,0.05595422756535119,1,0.12238056755654354,0.034337631626039554,0,0.08028192097843148,0.025827602222188068,0,0.6645173914712283,0.0673512509716084,1,0.1614852704044309,0.027435726407371314,0,0.09682078303203628,0.05014492637994548,0,0.593051922598771,0.07776419165351002,1,0.1488594642579089,0.020491570160045346,0,0.2541097313016332,0.04273035852761507,0,0.7584551502280907,0.04481582475880404,1,0.09631974000482979,0.02568778255761954,0,0.07959000313879858,0.02792916992620081,0,0.39913769888574346,0.061840905108160184,1,0.10813801157113753,0.028631510624301134,0,0.09408279109492719,0.023474266748073912,0,0.43499541857808044,0.05302261348530715,1,0.12946173534954242,0.012148481324511084,0,0.09199619715567098,0.039255875466846474,0,0.6097896916557713,0.10582398811580371,1,0.093228520132667,0.04466794910198773,0,0.11462769658555787,0.023434654912616912,0,0.9443352152916781,0.11006429203936333,1,0.03705230953388565,0.0257037800830706,0,0.1038122552763352,0.03188389572839015,0,0.7360980201727891,0.08636881049077459,1,0.10718329544317465,0.013806889642746348,0,0.1447390838256874,0.024162837560857388,0,0.5550140517075035,0.029943403286240282,1,0.0929243840007454,0.023645743997154238,0,0.10920232998864494,0.05682694856481021,0,0.807809406629983,0.1306617517981604,1,0.08705485545056389,0.034643166655059114,0,0.09234108795972445,0.03749087055921672,0,0.5550197191936107,0.11631940423488364,1,0.08525881557372551,0.03171716861155644,0,0.05433196572946691,0.016913489079243883,0,0.5979271153444699,0.06325495969708383,1,0.11070962359771161,0.030877615138367988,0,0.11857782942834656,0.03380607632353703,0,0.42129533602190133,0.043123025025734014,1,0.11188702239423827,0.016725670535750206,0,0.12482813659772445,0.030372140025244403,0,0.5370302391368525,0.053692746473199056,1,0.16536860561180336,0.03965716463760926,0,0.12831678485607262,0.01199373061740171,0,0.4998358331673248,0.0586372935428928,1,0.11781541027008946,0.04086918762444568,0,0.13744949340601104,0.034678706814696175,0,1.1005527768170444,0.13329663185942203,1,0.14565532388427105,0.04035832823527113,0,0.0730624946296419,0.025484439690518564,0,0.7088988935640093,0.10113384398764404,1,0.07281954732747747,0.0519294718890443,0,0.07911261812374035,0.019762448054120075,0,0.9029858653196869,0.05485019845473566,1,0.1077891778112269,0.018952118634569005,0,0.07333497905863431,0.03535820808853308,0,0.4218231436566787,0.04135374457005238,1,0.11492938968874308,0.01739618724608721,0,0.08020798605346385,0.03511516450446887,0,0.42296981622317853,0.047401158207179696,1,0.13755084545524837,0.025626724913282325,0,0.12085418204748181,0.04249146355938043,0,0.38338040939920137,0.030664591294078503,1,0.10121641490193631,0.02554759847376058,0,0.13409576221129385,0.04202990695240733,0,0.7281543324375364,0.17873080261246302,1,0.14639429708748683,0.04699177470711259,0,0.14111983597513356,0.058048889891154885,0,0.6587323288093994,0.055827362678130224,1,0.14584212941903002,0.013308056084030725,0,0.10299261717174575,0.018816872219409964,0,0.6869199335580574,0.09374342299061646,1,0.09432440935073991,0.02849274688535157,0,0.09204428330650508,0.021795133763190668,0,0.43506596214064075,0.11807129334055579,1,0.13013100690061494,0.02444191684277153,0,0.14910566883628368,0.01963512635958601,0,0.4128757913382066,0.03238117672198464,1,0.07676302463807763,0.025556677200493195,0,0.09246320291174995,0.028029185001768854,0,0.6180158727784415,0.11159664430499659,1,0.09983066865066967,0.039632916145762975,0,0.10596785804087552,0.017138176295738043,0,0.5997523771395887,0.11174790835945872,1,0.12253338127851296,0.027414551028269236,0,0.0979277552689991,0.07143692319990494,0,1.114598647577973,0.10318601035736549,1,0.10224727895278007,0.02831002469396033,0,0.1351526209513314,0.06145706727403547,0,0.5517127211882951,0.07619654013004463,1,0.08169092083529077,0.022349785047189562,0,0.09986256191267198,0.018900243991431507,0,0.3023094918160876,0.0336779966815501,1,0.027666762096392218,0.024031454363546405,0,-0.0021160909259576215,0.011408944106768246,0
113,5000,0.6,gb,0.7301983585330174,0.009341371853968144,-0.0008864642561479457,0.0017729285122958915,0,0.7026821389858714,0.06061434775122548,1,0.0072565887333354544,0.010643189944918611,0,0.0006182906489591033,0.004530000967945371,0,1.3513804469533317,0.04076231498709457,1,0.022292646446003376,0.024562117242877515,0,0.009196240344629281,0.007070593505739006,0,1.4040856346913428,0.051050572828203786,1,0.060912343872596655,0.030010614079614046,0,0.012193833983746486,0.012461389654506,0,1.1823959199883034,0.1637998021922932,1,0.04708861656154441,0.02510507607194573,0,0.1107282398893223,0.08071664060168635,0,1.4813142843975624,0.1468357037670274,1,0.016186934515893845,0.01988309211093687,0,0.00431009940034442,0.0062508077946119124,0,1.082024347092756,0.0973006198051564,1,0.009421472513479402,0.010100305599070608,0,0.005741600729353308,0.011483201458706616,0,1.2423586453895685,0.049624433409054904,1,0.002955176682975804,0.011789897656684175,0,0.005411335536210779,0.008228731445520712,0,1.3741030229733568,0.1860971921530838,1,0.001143507934385553,0.007759499320217323,0,0.025214589735125238,0.02218004056145569,0,1.3623141678727326,0.10785812845430649,1,0.0010222503516570925,0.002044500703314185,0,0.01299082652252182,0.018003622192274794,0,1.2871864320692539,0.08041633524963912,1,0.016021370124035296,0.010289286382241069,0,0.039530447834948114,0.0202815798966922,0,1.3127501969785516,0.06481984051314607,1,0.0035661653347556234,0.00299530020101909,0,0.008699006843103903,0.007290034276998857,0,1.4561887953348305,0.12880931823158526,1,0.0033207173448974387,0.007611096528238162,0,0.005512012589196246,0.009330871822141514,0,1.1888045460947168,0.09574200606149305,1,0.022960885394641518,0.017339901521434678,0,0.005544559066682531,0.00587467962913671,0,1.3613250940391617,0.07890201431856042,1,0.009173277007284108,0.00462445119126059,0,0.020958934130645993,0.01791230097018066,0,1.1867883294032664,0.04088658101830972,1,0.003028709257088501,0.003510837319800914,0,0.038547471377893126,0.023505529252296205,0,1.0863794834983074,0.07569167923028629,1,0.06497924004459121,0.041895405105150746,0,0.048338058639449046,0.04103873108053457,0,1.2322455334124158,0.16247086522991805,1,0.013858574906892098,0.0100657498168113,0,0.03501757079331393,0.02260012006398771,0,1.4440650447692718,0.18326668159960116,1,0.08048736621068202,0.03597430094615743,0,0.008079552053766996,0.007037104330082368,0,1.3864401087538747,0.11273792026905496,1,0.007173377571601037,0.010279108287400536,0,0.0026317932648780556,0.00403682118392555,0,1.5699394996892326,0.13798336439345135,1,0.03751209257879266,0.011133704201924902,0,0.005809571033792494,0.006279731694003777,0,1.2387848080947712,0.08211904087098056,1,0.016265663441797883,0.014597172876235406,0,0.014364221878653402,0.01299388493921826,0,1.1435555871700285,0.0563648661054515,1,0.007647556950476369,0.015156056433389877,0,0.016437837403071743,0.017751195551501505,0,1.1098881741365418,0.08922036913138885,1,0.005358208670186386,0.009086232078852898,0,0.005684268881572279,0.0049046295458876794,0,1.3117010670165457,0.11506507798286514,1,0.03562031789368851,0.030910411377510216,0,0.021471379474109698,0.012543808237221447,0,1.3694020093675667,0.11913503323300759,1,0.00853888013869986,0.007426231614391545,0,0.03016225739703101,0.00999347364405967,0,1.305481333950424,0.03631710215479679,1,0.011959818347370862,0.01033853255878134,0,0.005685335731204185,0.007254398374843331,0,1.128682844510959,0.0928084258196562,1,0.00758299122567768,0.008550518134625627,0,0.04264136540486043,0.025096397575123833,0,1.1683513301314066,0.11263723723262715,1,0.010182612732171095,0.005968501195086195,0,0.00482173127216788,0.009513712575090795,0,1.5070626961672755,0.0662159438043629,1,0.003396113913633947,0.005799171373870064,0,0.012155747180211725,0.014747850084842497,0,1.2810292037222661,0.10769852403145926,1,0.017072910632030508,0.013601191958273258,0,0.015598478724703888,0.01971117189903231,0,1.6791076520304251,0.14135504195949344,1,0.0042232521357773506,0.006824240697364372,0,0.03290543149401033,0.033283969593500135,0,1.3008146425418834,0.14958409390771002,1,-0.002384992329181664,0.004292598335636247,0,0.03874061130303546,0.010793632003379563,0,1.005586394536205,0.06809449312787937,1,0.0,0.0,0,-0.0019793632754101296,0.003958726550820259,0
113,5000,0.6,hgb,0.7966019041243994,0.008398654714141049,0.006567944520905348,0.005655567292176042,0,0.8699120788600861,0.042942467499320215,1,0.02022815553151759,0.013564910207747968,0,0.03211102270288717,0.014410849808598039,0,1.3734011939609096,0.10227941869277178,1,0.02372636145037541,0.015554384131840638,0,0.016540996564209886,0.009847606798972768,0,1.4739649478720767,0.1539683268744535,1,0.06794200752479677,0.015045617623610126,0,0.03159813063249687,0.014865846237364963,0,1.18020782522687,0.09623204352337741,1,0.05947403753138507,0.026248390519115202,0,0.10300496130895027,0.04254211165159685,0,1.3542618216429525,0.10555379455159764,1,0.04272216927992514,0.024878730791874148,0,0.01531873457548957,0.012615843090169627,0,1.1986849869305112,0.08839248893462409,1,0.0278548048874163,0.0076615661918862585,0,0.01751903470772531,0.012438649055816157,0,1.3603624293847416,0.15255113093431372,1,0.03200597182527533,0.013090292478136189,0,0.04272301318133416,0.027901821594473502,0,1.4669945043533181,0.01797178924215448,1,0.019940124404649845,0.011059822370418514,0,0.034435883338809405,0.028437640059820066,0,1.4147182304067518,0.09740139486099475,1,0.013533172652991204,0.013379461839373987,0,0.024133780302372454,0.005167597225884511,0,1.437119684358261,0.13857045774490312,1,0.04511913859128851,0.020064931710811404,0,0.05969460297954907,0.02310642861698981,0,1.3197428355038276,0.0709036996329516,1,0.03654142726388623,0.014798645761741955,0,0.04125793035451049,0.02762132235123705,0,1.393031348417121,0.17824131891859774,1,0.03841405113786535,0.025756854721008866,0,0.023821801878063337,0.01162065173445936,0,1.2034365140955603,0.08885654234394648,1,0.04124071148027809,0.0186306073408559,0,0.014600934122849487,0.010413788783042959,0,1.386455760359766,0.1383878278850544,1,0.0410368156110667,0.015413330951300366,0,0.03698762170659573,0.03433071275741034,0,1.178240806095236,0.10885668864168105,1,0.029233911058077978,0.015092044642867378,0,0.041282329319855524,0.02032387625143861,0,1.119340032468934,0.0781769227906954,1,0.06307970965132728,0.04163225078468561,0,0.08048400832798895,0.015924932268709346,0,1.1647769142755342,0.09050640882920755,1,0.05254269047346517,0.016515101410875064,0,0.056493089587147896,0.018436519063068525,0,1.4352928502345832,0.1606378666386715,1,0.0608472022357804,0.029222408022475183,0,0.028344362740766422,0.0239425886026688,0,1.4900937812927302,0.15645335053479814,1,0.015837094457617794,0.010367633909158324,0,0.021460655899523957,0.008010341611256428,0,1.6057320835393145,0.16462594830140756,1,0.03200918697231601,0.021711827089910127,0,0.020515557637784104,0.007754795318916786,0,1.279011780555654,0.06847019089492982,1,0.036195217619628225,0.017820047303456626,0,0.03689689317951763,0.025889725358504763,0,1.1358937548643158,0.08724501516767916,1,0.07077467584534944,0.023431259810332238,0,0.04200419632460386,0.020900766796732022,0,1.137924785109074,0.10019262167754212,1,0.0382501976518887,0.013294612413448287,0,0.02523655531307522,0.006157423581665689,0,1.2850162705957744,0.08386830788187319,1,0.06380239598495781,0.023299369302428836,0,0.042772663490540784,0.01919680017298799,0,1.2871221533887585,0.10584026401149489,1,0.052816365822742,0.0185081814597769,0,0.01948852499225532,0.008553173445743788,0,1.3244461229849787,0.036153265903435886,1,0.016502164622436005,0.006920356090543463,0,0.014602679496729812,0.009257676029433969,0,1.0275943630408526,0.11089750156931387,1,0.0348965491406346,0.014822734082592348,0,0.10110671421094838,0.01570976688429014,0,1.1143663456381765,0.12959749366379725,1,0.020541929037665115,0.012003206485095187,0,0.03903180732101777,0.017537574515931683,0,1.4285395549923208,0.07885076691334002,1,0.03919698483645357,0.030528734956354595,0,0.026705099520941154,0.020731514030879767,0,1.3922832051454759,0.20931472372551838,1,0.021825049897664546,0.01625624900811671,0,0.0077771688075586945,0.022424931447235244,0,1.557374009470196,0.18817666382176743,1,0.026498332356979227,0.020841665677792987,0,0.042624130829694976,0.014677072682098143,0,1.320154529925292,0.13658660691025581,1,0.03177758626323454,0.016860925694027817,0,0.0487709990092096,0.03500584457894496,0,1.0190342858442876,0.06591182988842295,1,0.012105535530540671,0.010545988711101505,0,0.0001166168945547596,0.0018750911482249848,0
113,5000,0.6,ab,0.5663784070037651,0.026963801788261976,0.008842737131181196,0.017685474262362392,0,0.44165394185660833,0.14572718732809328,1,0.00325429102855253,0.01711336953531838,0,0.0338742959640265,0.02920196887313858,0,0.6406335192284323,0.23940171066905325,1,0.03937740785628803,0.07281534682198318,0,0.005014037857853964,0.010028075715707928,0,1.5891025205453029,0.1788651061645494,1,0.033559403699752924,0.0861933487900043,0,-0.00010133484517177748,0.00020266969034355497,0,1.161105073319023,0.17552914134299133,1,0.017850501117270608,0.025566182612489753,0,0.2824201546101007,0.12745628128522374,0,0.9160820820028599,0.31821883517169897,1,0.007924742050666553,0.03504235554754674,0,0.044315345747162456,0.04534347213435003,0,0.7279612822408433,0.30241790599217794,1,0.012798234938678774,0.02537194760413617,0,0.043165399876258365,0.04731699513352425,0,0.5891623505333585,0.059060833803420226,1,0.030951666643859555,0.055358182533974176,0,0.0357554295591831,0.08024098035692297,0,1.2114824441615117,0.29157746580898486,1,0.05187605764718779,0.04812754751784967,0,0.028173629119067657,0.035172387930994,0,0.9169284611538782,0.26313522394470895,1,0.0,0.0,0,0.01987920321765644,0.031620791467060906,0,1.1301996995357415,0.32334076601951345,1,0.11450346940214318,0.16515063635589594,0,0.08278137513472018,0.09981901991436265,0,0.6290430715914151,0.17013526399360798,1,-0.005660897427653936,0.07534108864342325,0,0.029422358368692426,0.02686442825232741,0,1.4132749034653806,0.6397090799040198,1,0.04898352723160818,0.050984218309763206,0,0.042073899341959785,0.0688169277585406,0,0.8519251299083477,0.23436253323133785,1,0.006667069314199992,0.02286957520345153,0,0.03708721817285614,0.03676011605512819,0,0.7901188973473335,0.2609165855896499,1,0.05230544939492536,0.09479928193570814,0,0.20453436004303235,0.09554941735129611,0,0.7549199228498948,0.22411021566135608,1,0.030435219359088123,0.03355246018475979,0,0.1508262657413077,0.11380634585816916,0,0.7049469984964036,0.3028500877086841,1,0.194066032918155,0.12007148005789457,0,0.27119445277148196,0.2751034078515263,0,0.747041634906072,0.22111056000592236,1,0.017340294497125965,0.027113762656872507,0,0.02586366550683523,0.020067346114956044,0,1.7825933500015954,0.3704416883993219,1,0.17187570155262738,0.11495135768493113,0,0.02659750411858188,0.033762775310580265,0,0.6557636860914121,0.2047700807643227,1,0.02631422572341674,0.03223999282263612,0,0.025171563052461664,0.03658618748624303,0,1.196627210233562,0.40375172501661666,1,0.006108115924461756,0.012216231848923512,0,0.0,0.0,0,1.169545213740188,0.2938741848619958,1,0.15029975445822527,0.1864701568083789,0,0.03660790012035133,0.06904042097680145,0,0.6432652641548017,0.2932162465489975,1,0.13536807814531432,0.10826914002531278,0,0.019045950239400953,0.0420295045970668,0,0.35436833638172,0.13667168630628324,1,0.00444684169812048,0.00889368339624096,0,0.02873120694185407,0.032936050150218596,0,1.3568864723355902,0.1293166550759169,1,0.05352571029324961,0.06309740946112373,0,0.0110305768791479,0.020342761701347814,0,0.6432791538501827,0.2705753060288832,1,0.017837074639912943,0.029778226539627337,0,0.02782367159852467,0.03497553698895522,0,1.5911689367939077,0.40988113850550273,1,0.017542223507737306,0.050206876336368236,0,0.0,0.0,0,1.0845545727254777,0.3211733237630992,1,0.0,0.0,0,0.07464255789745258,0.06162819398049036,0,0.42709499474679563,0.15995480660342073,1,0.07780544001840156,0.12098969571884037,0,-0.008136072069804014,0.01627214413960803,0,1.1751178181526467,0.34928802735123443,1,0.0009145425452965412,0.003572164746611446,0,0.03261294385554149,0.04048669837270268,0,0.8638941341529695,0.209439280366718,1,0.059557176476358095,0.08907563465629084,0,0.02998020510207215,0.04224665213957763,0,1.4156406238060497,0.26158912366308207,1,0.014841737627816343,0.01957707715706935,0,0.019313632418279412,0.023658868733966526,0,0.9606390033920841,0.22157193781169987,1,0.0,0.0,0,0.030272756453920264,0.05750289491875358,0,0.629683382468008,0.3025151566346041,1,0.0,0.0,0,0.0,0.0,0
113,5000,0.6,bag,0.4812213385489553,0.009643220732744146,0.07004893099559226,0.06162681960820286,0,0.1914803477114027,0.046689391652129084,1,0.07734083408633566,0.03678718207138857,0,0.03313689130737944,0.14665633171457798,0,0.6862816141207009,0.2085245746710903,1,0.2481789461696909,0.09033751322467443,0,0.07003519155673979,0.0569037467451155,0,0.7731456177464942,0.34611120466099116,1,0.2233002013939192,0.06568722026964953,0,0.07245752072274367,0.06946520663133449,0,0.6743267634436763,0.15110847069911473,1,0.21565141460160392,0.11042688300934278,0,0.30960827755362214,0.16374461805540427,0,0.9193958472160354,0.18801854408223406,1,0.19225704738393212,0.08214700167902447,0,0.1064832542502067,0.02298692996031655,0,0.4327448494384475,0.07729855780612077,1,0.12422476554340131,0.16297452760852296,0,0.11585876878109436,0.04019935355261659,0,0.3246344463013144,0.1401125396929051,1,0.16090239736370548,0.07886293291848082,0,0.1656460363622873,0.12315692930290952,0,0.8369629425057641,0.44185529601479506,1,0.06919509248791289,0.03639465611411105,0,0.11098463500631964,0.18119936493213915,0,0.9907546583670268,0.1532000781606664,1,0.09245917664901629,0.07214051217008997,0,0.06912113580974996,0.08117628207129847,0,0.6131520403932307,0.30948938648399754,1,0.07268099991755506,0.10310551793719626,0,0.16383980688797148,0.13836382843788145,0,0.7029067838137935,0.29248127333719304,1,0.06641669233532918,0.042081948701105425,0,0.07394305537008682,0.04072157768655278,0,0.8049251588080301,0.2579197559967372,1,0.07073332355225984,0.040588622523635876,0,0.10536941184565105,0.06264883367274063,0,0.653101309388942,0.38345426501197594,1,0.09234401432212425,0.11304546305127101,0,0.14512054326183518,0.03861131755007714,0,0.7278052258091894,0.2619243352522036,1,0.1044473069905159,0.04650545484697499,0,0.1038832362912018,0.06865136604151247,0,0.5381478016273826,0.13144909873349161,1,0.20370015208597217,0.09568623161240504,0,0.0450565273178998,0.07471355360999601,0,0.47597619764295807,0.19709647985993115,1,0.17330458666886958,0.11895797333480375,0,0.12787034425730137,0.06866637195594318,0,0.4827197436769234,0.1499772519385112,1,0.11702057276493545,0.029390120714129834,0,0.15202513005013016,0.03573326777072154,0,1.124779774018817,0.29388909523462753,1,0.19153178069838042,0.12423345417117962,0,0.09045296835013025,0.0791653686057882,0,0.46788485830146,0.22295936341093892,1,0.08103718383313163,0.07668936902679847,0,0.152590927544144,0.048481536626023766,0,0.9584086981124191,0.3609868550062862,1,0.10986543393802421,0.1303244905135581,0,0.07249998027726258,0.05616623438558407,0,0.4072584884928999,0.11452655201249248,1,0.1452751182280075,0.10273402171548734,0,0.11166721914896786,0.06500090293933768,0,0.2864800698050788,0.16366284833137396,1,0.23329990253607202,0.08484746787994561,0,0.05089738213854744,0.08483747620409561,0,0.44248773654011736,0.14561000664044296,1,0.09523160572371013,0.07389591101449003,0,0.15317566599082796,0.04102937861443726,0,1.099720084111207,0.40585534466722045,1,0.09386916738337399,0.01754988974388475,0,0.13672368186824022,0.06650533497780294,0,0.5593678785495106,0.36011811383568987,1,0.21122715806282413,0.06019393459882909,0,0.03847491982261273,0.04115231877583836,0,0.7677224437216148,0.3580737869527104,1,0.12324752214142229,0.09053844997278837,0,0.02252206480117395,0.06434353300422987,0,0.49477683877080453,0.13717325345854517,1,0.20025147760940176,0.09029034699795307,0,0.12258619317645758,0.0637942114802292,0,0.6170814356858088,0.1756627035229275,1,0.12571892198480064,0.0318128556125875,0,0.11432717362268292,0.05964751772899281,0,0.8575817637539929,0.12156092992230683,1,0.1196522096156238,0.04469499634091797,0,0.10865865536143982,0.047830743554219596,0,0.4205789298639121,0.12216907551766289,1,0.0851910879465298,0.1431567144461721,0,0.10455575028229917,0.03873655474597709,0,1.3024619427393822,0.5323050960114505,1,0.16822983796772933,0.08266899308533122,0,0.0760224064193334,0.10827164500812934,0,0.6434094069978082,0.32316989836344556,1,0.10152618350026887,0.15292504351233205,0,0.05948372250755368,0.059659947771197985,0,0.22382778333166825,0.07602376910136552,1,0.03560107333667817,0.018674595639661087,0,0.006054312331617963,0.024396835145002856,0
113,5000,0.6,mlp,0.9639995796520189,0.0014563969608426884,0.014610999747978762,0.01771133940408317,0,2.005568388069144,0.06185465253272924,1,0.026047303834597874,0.01580370645365105,0,0.007374318281847927,0.003976032447507476,0,1.9975012316581249,0.02781910928870214,1,0.015382127792791264,0.012008726709184726,0,0.025643639983368355,0.01618474028758806,0,2.143562969841569,0.05711029426946645,1,0.014160288075207328,0.02071489247911699,0,0.028669782169333146,0.014784135236320795,0,1.765148267763421,0.08496011040847967,1,0.021304766940608646,0.008654583367090388,0,0.021402831212715617,0.012674794746652302,0,2.100323103443946,0.14219053344702504,1,0.011384841420222622,0.008446158103479326,0,0.01989576188586271,0.012131377039238863,0,1.9454521552217734,0.07759882803925158,1,0.02927589196386014,0.007936128477940394,0,0.006189315624383092,0.020710896056607243,0,2.01864933720874,0.09315240285909034,1,0.010776354053176007,0.009705319853108407,0,0.025330922179354048,0.013157714126531142,0,1.925778082180949,0.09565085272035777,1,0.017438112226661015,0.026132810817221304,0,0.027515943599928004,0.019921203367498648,0,1.8993148744962298,0.140430267743451,1,0.019907807289787825,0.019489737160937975,0,0.02270470312266314,0.01012165799388585,0,1.861512090643815,0.14862826904212378,1,0.03046701327093137,0.02296772126400711,0,0.028430285192198514,0.011034637233799199,0,1.9961230930392027,0.12391271007258653,1,0.019840548226886228,0.016368591537709126,0,0.014509305927066929,0.02085014012393491,0,2.0067284572251554,0.09172301077144934,1,0.013408999784437959,0.016812324052845093,0,0.011834587218265902,0.008624760681641704,0,1.8595362080603952,0.06451234339002394,1,0.020603518562610623,0.009014696203285419,0,0.01575860047687344,0.00961544549158589,0,2.0896058526398074,0.17254182743734553,1,0.012900482334608896,0.013934128883698011,0,0.009697435990083826,0.015638693936912668,0,1.9693885749819084,0.1570628199650749,1,0.012692664557420094,0.0223205835841798,0,0.020406994262196335,0.024396435816515665,0,1.977162896857747,0.09098480150244502,1,0.012775043066503225,0.022312689682073485,0,0.03456340507863851,0.01860477997550103,0,1.8456780385054294,0.15610268204997715,1,0.024123247073685572,0.010586104564882425,0,0.008022633736029025,0.015306200172649996,0,2.0615054346431387,0.12827953979723622,1,0.014948430247856807,0.005376382116335835,0,0.022545682906829727,0.01000513887488015,0,2.1762388992754667,0.13444526187679925,1,0.013456030048842205,0.015304713510779274,0,0.01992602425835276,0.022074719270123614,0,2.0777176096525913,0.07674832766015198,1,0.03987268281242836,0.010975357587013878,0,0.025386105840621183,0.014382117012034672,0,2.207170057580831,0.08531693898866816,1,0.030110740425195803,0.009135256183720306,0,0.01973483592487025,0.01347258275355624,0,2.0068041123085876,0.18194887296967624,1,0.012997537301128926,0.01319957644910092,0,0.024864004132485434,0.012897277054657853,0,2.015669578101126,0.14156977416013558,1,0.009785309217270943,0.00856082922765359,0,0.024338781982397792,0.02014976066170559,0,2.056569050499828,0.16145145060807375,1,0.009439748415062236,0.014443518651182216,0,0.009902763352146817,0.016418981117065305,0,2.1032773506086935,0.10648183778600959,1,0.017823598591402832,0.016863532813378296,0,0.00671109586959541,0.01024319461571111,0,2.0271702687779687,0.11654746040467137,1,0.010609310321057469,0.00928918733686028,0,0.02136027421940841,0.010758038903050486,0,1.8635732885887593,0.11161306823720966,1,0.005323052388921423,0.01749187779375612,0,-0.0008614797454599817,0.012816867367913766,0,2.075812522771117,0.12856713699623606,1,0.026886364155687494,0.029630452966240176,0,0.023069374804562358,0.006760578895683681,0,2.0827213324641223,0.06849153640819931,1,0.013987923471254781,0.007247595438833763,0,0.015799576809425907,0.03019937440739525,0,1.9794766024705794,0.14898191598652866,1,0.02589297476293064,0.015081065830500076,0,0.02672013023829713,0.011363364676023679,0,2.078990615080033,0.06093225088477276,1,0.017883927654493852,0.010783330871503643,0,0.01617606220230718,0.015515324951614578,0,1.918480523632164,0.1348540590238988,1,0.020192305061316543,0.009889325333703592,0,0.027435179602056298,0.02144392492056694,0,2.1082392149915457,0.15070240556168127,1,0.029726540732488937,0.018234765270954828,0,0.00851978362583523,0.020486595490752997,0
113,5000,0.6,svr,0.9185169862483965,0.005720891809057701,0.04538772990639597,0.010822632499441782,0,1.1910628634594924,0.028607961317425473,1,-0.003987889416787868,0.014810397909129521,0,0.04203444238193578,0.013729278414774927,0,1.4140681492232672,0.07583761607056168,1,0.02412056126007897,0.020978501638355768,0,0.03728837761774949,0.023256851345002737,0,1.3208018823397754,0.07597605335102596,1,0.03357506735404593,0.01434855896917397,0,0.018876136169746916,0.01799896246341618,0,1.35388078816538,0.05253973185495711,1,0.06219093196994948,0.021049185193883633,0,0.026069332582212123,0.020191788532085815,0,1.3452844921423117,0.07328592097870122,1,0.03717949208679182,0.022784286850309615,0,0.0011986753130384747,0.010173343367814856,0,1.294832938946832,0.06975498323543954,1,0.03374646501742975,0.016116951679442236,0,0.009463415758622081,0.019789488126888875,0,1.2633009921940441,0.044139493617070404,1,0.054149916554522115,0.013277282780271052,0,0.029690300565312317,0.014451786845396981,0,1.244176632591624,0.0653599509131418,1,0.03982079315180729,0.013569555629352897,0,0.019682228770648645,0.014629707638111533,0,1.3564682467062794,0.06651786432992073,1,0.015775468536997746,0.017515995041784093,0,0.033991270115543495,0.01247586600201992,0,1.4530565659685173,0.050878934447059036,1,0.009162762930689804,0.020883070554917966,0,0.04583800001835154,0.03274849536962547,0,1.2856197193675918,0.07079032584100144,1,0.02266477705643663,0.019280073579778324,0,0.03410311089551728,0.01156426926987259,0,1.2602179903472026,0.07381603661412546,1,0.00842739493627831,0.006143161564065893,0,0.030405756373179126,0.010440404871204602,0,1.2653489923771049,0.06989594993666991,1,0.023503175532579346,0.00797311198105844,0,0.018731735900256764,0.015552350954432989,0,1.2865130469040094,0.08172987306413963,1,0.02727278928971678,0.020175034259657745,0,0.03534559741417455,0.021438804204619296,0,1.2529479895641082,0.06802101937400307,1,0.030621568673454135,0.010063082507548036,0,0.00861573429604548,0.013706050841668422,0,1.3189333536903316,0.039920616089197676,1,0.051329676670629376,0.016217368953957634,0,0.035093234135997554,0.010230037234139755,0,1.0413517653295228,0.05768059129008253,1,0.03524331917592163,0.023924308624635213,0,0.03127376840113035,0.014530193008935408,0,1.3277134544909344,0.08376664430763966,1,0.043000986925575975,0.0076080708997501014,0,0.0362514518104775,0.015082575032187925,0,1.3276324188270574,0.07895090089643422,1,0.024793405902546105,0.012185961081585163,0,0.033056267998442544,0.023308917657732603,0,1.358257391286033,0.05392718699078976,1,0.043350889053851455,0.018038476738955166,0,0.004844577201986498,0.01108044472855067,0,1.2636019848851165,0.08045122175824182,1,0.026245348958586608,0.016664646369382963,0,0.0358016757256959,0.013597329749332572,0,1.195862097595852,0.07988935096911037,1,0.03551843619114347,0.012725805362485534,0,0.0268985983493067,0.008645980722717626,0,1.2403601339109016,0.08257829070315056,1,0.0326793271653171,0.011854143164301835,0,0.03988543425902212,0.013157465657508948,0,1.1780346540376567,0.07790634933156089,1,0.037947089511956605,0.008631953489347458,0,0.011912401186461587,0.012809231472175818,0,1.3482207887906723,0.06857674468747393,1,0.03039032471606403,0.01154011328716781,0,0.024261540833553908,0.0190360894448705,0,1.3501826957000176,0.08697964517309296,1,0.0034414993796493326,0.016698430346843166,0,0.025673735205918046,0.013496950863962735,0,1.2429469542587521,0.031600952691024684,1,0.04754528123052777,0.01812137628659884,0,0.02232082551672688,0.015911421910044812,0,1.1686214551097795,0.052478578979001406,1,0.024170580210017518,0.022518179286479846,0,0.016683306177380428,0.014264970222115009,0,1.4181503165505707,0.08913318631144324,1,0.007166135802547055,0.012933927924518003,0,0.025907103716565988,0.012790964726530102,0,1.366516129033248,0.05268779114286919,1,0.022843145697175066,0.017281568893808805,0,0.017702707173194256,0.0161276909679469,0,1.5128442996131812,0.06861822582001234,1,0.015856920019107917,0.015447914708845746,0,0.03499400608906356,0.0107615454756975,0,1.2617761848351978,0.08497896904346611,1,0.01977912160565305,0.011678928378342529,0,0.03162648238973132,0.013521464519160812,0,1.4233981154732138,0.13073072250060785,1,0.0025093175278743723,0.00794227675600062,0,-0.002467498935841254,0.017426229748316646,0
113,5000,0.6,knn,0.5944520089059253,0.008431322413031279,0.07191994593934234,0.15181542741373127,0,0.33924616978551214,0.20792104659163288,1,-0.08227107040746989,0.24423300263532072,0,0.06407920029323298,0.10825132378892771,0,0.25332158382350745,0.06776416533171091,1,-0.04998866312522458,0.2614336100669742,0,-0.017917258070217202,0.2861506807937839,0,0.333955086639955,0.317839128540066,1,0.018735119423750758,0.18406103652567088,0,-0.01637854435465488,0.10921617523724267,0,0.25293071050324234,0.1891927769694827,1,0.017313127382489905,0.16709720875150244,0,0.10121857991851627,0.2209266643066232,0,0.5930918585505743,0.145727131147674,1,0.026183281697982057,0.17117956355032218,0,0.14231022048491435,0.27284852500834444,0,0.5323318580661321,0.2848924997443219,1,0.20013455236013922,0.084226510059242,0,-0.010927387024348579,0.11135968147088764,0,0.22126350629205066,0.3084979311122498,1,0.08004351671706321,0.18868763063231261,0,0.054232396600413235,0.22122203502386448,0,0.40042143628248794,0.06959286035196274,1,-0.018880716691549698,0.20392209179617393,0,0.08590801306389587,0.18087575166960543,0,0.36286681609770655,0.1269833399597774,1,-0.002387415743164101,0.23520147569996322,0,0.020827415995919585,0.23970162032439832,0,0.4436399079686071,0.17187816426033187,1,0.0160286792898936,0.1654277401128615,0,-0.013517542073378666,0.17111726654139667,0,0.6087445905872825,0.12103904924317105,1,0.0536302971669122,0.3960788113632808,0,-0.08043502300042273,0.37144825219663535,0,0.3604903582738116,0.32474483973791085,1,0.10934372703123263,0.19111779837325454,0,0.05593899072926276,0.10280973840062309,0,0.3052837355122677,0.10503739534661094,1,0.005095001689889733,0.20451045792971442,0,0.0022188826565664676,0.47540261025162556,0,0.2663876708589742,0.33252514404022854,1,0.09451178117446435,0.3269682025607211,0,0.11039111209107955,0.19064011349957383,0,0.38301739311649097,0.09867649264939458,1,0.1598916051311364,0.22552359059171576,0,0.09266513658521167,0.13790007970403223,0,0.4969266211816407,0.20941854183102593,1,0.32938531977071533,0.18257015440968277,0,0.22326539013518873,0.230101653378958,0,0.4895776472280423,0.2654784096849616,1,0.09796410502201588,0.30119232876120305,0,0.1537481892540779,0.10285427579170914,0,0.32484547960989457,0.1806103211575109,1,-0.12978093870850893,0.17380544372882173,0,-0.06353230362216107,0.2145742658001215,0,0.3703368918768092,0.23084402387793473,1,0.0904991933922586,0.12819873034300355,0,0.002586878587101832,0.20638482433197045,0,0.440263126940716,0.2833149835841761,1,0.05226650077343651,0.2088335364919649,0,0.058643692643864195,0.1849262827819536,0,0.2910638957547621,0.16840494141786827,1,0.0990682514351996,0.2685334396699508,0,0.0334195065644144,0.12652430832118908,0,0.38121393859490754,0.12018876428710239,1,0.15084981194187475,0.12312562787811841,0,0.07500666463940171,0.14688468999751159,0,0.46389453352192483,0.2331485892701519,1,-0.040542789087716156,0.08090523018148102,0,0.1163783552387748,0.2636527483229906,0,0.36678647427672706,0.14048899870232917,1,-0.013324942059478134,0.1770953172257638,0,0.017913356478818174,0.13429513675171822,0,0.6011688816971672,0.18135920603473843,1,0.15580059406838845,0.08925368317303135,0,-0.03316615292888808,0.24735007054498606,0,0.2822874563673712,0.3825081117450497,1,-0.07748355758670603,0.2001569457640674,0,0.09263189601950508,0.11688850738861248,0,0.3097190404693894,0.17483243535026963,1,0.19628516234730956,0.22982180812210526,0,0.16844469543682233,0.117117751396507,0,0.512506045974566,0.13246067232641842,1,-0.09424034306900132,0.23287753545104534,0,0.09248510761638376,0.2766280396195081,0,0.38085887745814684,0.20991503824261273,1,0.046014967920487926,0.2406313299246628,0,0.23186984808696617,0.22003680930080335,0,0.615176416412587,0.28717815129657703,1,-0.0694319983678521,0.19839170837307513,0,0.070572110793791,0.23198775386113513,0,0.4692201652530007,0.17427386871845116,1,-0.01984175444202852,0.1725512132233433,0,-0.10727246961502901,0.14300976229735626,0,0.11702889429864978,0.02997637511625361,1,-0.06873794540337834,0.19676504995151686,0,0.014077061681625628,0.24583857023862565,0,0.35787932168524605,0.2034546107574159,1,0.02378171699541106,0.20703175652379563,0,-0.024963525243000217,0.251688908802727,0
113,5000,0.6,SuperLearner,0.9812604431582782,0.0011124404181690605,0.00333148868125181,0.0011324344057243732,0,1.948333963898269,0.06409534919297634,1,-8.865451012913007e-05,0.0005086419107514454,0,-0.0003468636955891772,0.0006985326868696765,0,2.1096620402023327,0.07850021265796552,1,-0.0007322777053156776,0.0007017776962092344,0,0.0005680295600141925,0.0003765175430122361,0,2.0264724457606773,0.052952667976762714,1,-0.00012134781587282092,0.000762975069953164,0,0.0005432451160178782,0.0007794182645466667,0,1.8988479608135367,0.06753261625045362,1,-0.0008884120322582642,0.0005385324420575962,0,0.00045464663688173264,0.0013090600086293953,0,2.0823815600897957,0.10900914245601352,1,0.0002169817453957212,0.00033651452682620283,0,-0.001054299626918247,0.0010360245003408952,0,1.9316975228418936,0.0501275829701021,1,0.0014131037353104757,0.0008256993100352322,0,0.003530714927167072,0.0018839229279644682,0,2.027614106963647,0.07694155896074951,1,9.034186784156794e-05,0.0009821699190800703,0,-0.0008062226308936133,0.0006127966864291963,0,1.9904649858106631,0.036073229718965934,1,0.0011779200451999786,0.0008666587391514982,0,0.0016605418198338308,0.001097030395243026,0,1.9606923615390421,0.11119768858691817,1,-8.498930314081488e-05,0.00021532699151704352,0,-7.984174336218607e-05,0.0006240739123674909,0,1.9753694130760153,0.08769398246018509,1,0.0003708936544320767,0.0009142934939134703,0,0.00019777533214117502,0.0011967063377417836,0,1.9767806351565471,0.09984506743929662,1,0.0004074728182043388,0.0008235089454180164,0,0.0033885165689519726,0.0013145519745063321,0,1.9089363826942318,0.08403203704775164,1,0.0025161154743213814,0.0014358789513167593,0,-0.0004785743139533416,0.0008357473730271045,0,1.8839944607895647,0.10689505432944918,1,-0.00011243803664992625,0.0006292637423473869,0,0.0006242504863821496,0.000936713192951514,0,2.098477867494523,0.08893006724550523,1,0.0012136105917084294,0.0007940006592666365,0,-0.000278966339391693,0.0003333971348196773,0,1.9742767150007565,0.08484526288018744,1,0.002172009028732479,0.002174542484242539,0,0.0004279323719543147,0.0007645195248442527,0,2.0572795222875575,0.05733961279391496,1,-0.000361787420803771,0.0004899637782657881,0,0.00014466609234318456,0.0012632909529650882,0,1.803955410867804,0.10356756599096335,1,0.0005236126335896107,0.0009703381027021573,0,-0.0002623269583850339,0.0007930874218794793,0,2.0592126490806253,0.07026871349252325,1,0.0005269546847777762,0.000762696127014819,0,0.00016162046306829797,0.0009191957080032895,0,2.1108680520175542,0.056551360891456154,1,0.0006577212842330673,0.0007161366267437532,0,0.0003762578555014571,0.0008170207677875209,0,2.0639008928275913,0.06703132550140432,1,-0.0001896759105812773,0.0003317919600390422,0,0.006641739683651506,0.003957498150743812,0,2.168984670636159,0.12632831960279917,1,0.0002746238439354256,0.0008604708879247851,0,-0.00032395091167778387,0.0005477879013285873,0,1.9545527972004066,0.10756084335988712,1,0.00036715192863504237,0.00047045734550689076,0,0.0007624927557720108,0.0003500306444220303,0,1.9440101326211956,0.12381547171561183,1,-0.0005587467758508104,0.0007231130959892888,0,3.6218219635847715e-05,0.0024120825460622135,0,2.0337002754469964,0.1365874608635958,1,0.00039288923964407596,0.0005560719714539992,0,-0.0002950789844383976,0.00037146384590134245,0,2.0209667645468636,0.07577837861693044,1,0.0007627095605240827,0.001134078105143178,0,-0.00023860717024821462,0.000683907757611544,0,2.0603034165567555,0.07121771231538589,1,0.0007658841514305711,0.001146963593717557,0,-2.045573000111657e-05,0.0003966171657203243,0,1.8802645088255399,0.07031334652967611,1,0.00035434310017268354,0.001228093977581722,0,-0.0008167210480148699,0.00076577562852187,0,2.0233991674281433,0.11310431279419142,1,0.0009932041402198348,0.0013747857812160447,0,-0.0002825082498997093,0.0006960098522134973,0,2.0870200782822956,0.039952494577952684,1,0.0013642824593303113,0.0004235220799203497,0,0.0002689128376708094,0.00026329702148442845,0,2.026725508083601,0.10499576803984466,1,0.00019969715921403178,0.0008071432854090948,0,-0.00040200804153959796,0.0005853137072260984,0,2.0837012595254842,0.0519079843109324,1,0.0035469798027290824,0.001502879848160898,0,0.0009427224239777109,0.000609418195115509,0,1.9944561044021831,0.10722799179173576,1,0.0030330532400594723,0.002636970815889367,0,0.0007224219261679785,0.0012968510382240553,0,2.0726635044930384,0.11097591302155459,1,0.001708337983547507,0.0014018384811640653,0,0.00044384024239235394,0.0007735604037816513,0
